Head,step,Key 0,Key 1,Key 2,Key 3,Key 4,Key 5,Key 6,Key 7,Key 8,Key 9,Key 10,Key 11,Key 12,Key 13,Key 14,Key 15,Key 16,Key 17,Key 18,Key 19,Key 20,Key 21,Key 22,Key 23,Key 24,Key 25,Key 26,Key 27,Key 28,Key 29,Key 30,Key 31,Key 32,Key 33,Key 34,Key 35,Key 36,Key 37,Key 38,Key 39,Key 40,Key 41,Key 42,Key 43,Key 44,Key 45,Key 46,Key 47,Key 48,Key 49,Key 50,Key 51,Key 52,Key 53,Key 54,Key 55,Key 56,Key 57,Key 58,Key 59,Key 60,Key 61,Key 62,Key 63,Key 64,Key 65,Key 66,Key 67,Key 68,Key 69,Key 70,Key 71,Key 72,Key 73,Key 74,Key 75,Key 76,Key 77,Key 78,Key 79,Key 80,Key 81,Key 82,Key 83,Key 84,Key 85,Key 86,Key 87,Key 88,Key 89,Key 90,Key 91,Key 92,Key 93,Key 94,Key 95,Key 96,Key 97,Key 98,Key 99,Key 100,Key 101,Key 102,Key 103,Key 104,Key 105,Key 106,Key 107,Key 108,Key 109,Key 110,Key 111,Key 112,Key 113,Key 114,Key 115,Key 116,Key 117,Key 118,Key 119,Key 120,Key 121,Key 122,Key 123,Key 124,Key 125,Key 126,Key 127
Head 3,0,1,0,0,0,0,0,0,0,0,0,0,0,0,0,0,0,0,0,0,0,0,0,0,0,0,0,0,0,0,0,0,0,0,0,0,0,0,0,0,0,0,0,0,0,0,0,0,0,0,0,0,0,0,0,0,0,0,0,0,0,0,0,0,0,0,0,0,0,0,0,0,0,0,0,0,0,0,0,0,0,0,0,0,0,0,0,0,0,0,0,0,0,0,0,0,0,0,0,0,0,0,0,0,0,0,0,0,0,0,0,0,0,0,0,0,0,0,0,0,0,0,0,0,0,0,0,0,0
Head 3,1,0.999964595,3.54E-05,0,0,0,0,0,0,0,0,0,0,0,0,0,0,0,0,0,0,0,0,0,0,0,0,0,0,0,0,0,0,0,0,0,0,0,0,0,0,0,0,0,0,0,0,0,0,0,0,0,0,0,0,0,0,0,0,0,0,0,0,0,0,0,0,0,0,0,0,0,0,0,0,0,0,0,0,0,0,0,0,0,0,0,0,0,0,0,0,0,0,0,0,0,0,0,0,0,0,0,0,0,0,0,0,0,0,0,0,0,0,0,0,0,0,0,0,0,0,0,0,0,0,0,0,0,0
Head 3,2,0.056950536,0.94303751,1.19E-05,0,0,0,0,0,0,0,0,0,0,0,0,0,0,0,0,0,0,0,0,0,0,0,0,0,0,0,0,0,0,0,0,0,0,0,0,0,0,0,0,0,0,0,0,0,0,0,0,0,0,0,0,0,0,0,0,0,0,0,0,0,0,0,0,0,0,0,0,0,0,0,0,0,0,0,0,0,0,0,0,0,0,0,0,0,0,0,0,0,0,0,0,0,0,0,0,0,0,0,0,0,0,0,0,0,0,0,0,0,0,0,0,0,0,0,0,0,0,0,0,0,0,0,0,0
Head 3,3,9.23E-08,0.17190291,0.828084588,1.24E-05,0,0,0,0,0,0,0,0,0,0,0,0,0,0,0,0,0,0,0,0,0,0,0,0,0,0,0,0,0,0,0,0,0,0,0,0,0,0,0,0,0,0,0,0,0,0,0,0,0,0,0,0,0,0,0,0,0,0,0,0,0,0,0,0,0,0,0,0,0,0,0,0,0,0,0,0,0,0,0,0,0,0,0,0,0,0,0,0,0,0,0,0,0,0,0,0,0,0,0,0,0,0,0,0,0,0,0,0,0,0,0,0,0,0,0,0,0,0,0,0,0,0,0,0
Head 3,4,3.13E-14,2.60E-07,0.155929312,0.844062448,7.95E-06,0,0,0,0,0,0,0,0,0,0,0,0,0,0,0,0,0,0,0,0,0,0,0,0,0,0,0,0,0,0,0,0,0,0,0,0,0,0,0,0,0,0,0,0,0,0,0,0,0,0,0,0,0,0,0,0,0,0,0,0,0,0,0,0,0,0,0,0,0,0,0,0,0,0,0,0,0,0,0,0,0,0,0,0,0,0,0,0,0,0,0,0,0,0,0,0,0,0,0,0,0,0,0,0,0,0,0,0,0,0,0,0,0,0,0,0,0,0,0,0,0,0,0
Head 3,5,6.00E-17,1.09E-13,4.82E-07,0.240046978,0.75994575,6.83E-06,0,0,0,0,0,0,0,0,0,0,0,0,0,0,0,0,0,0,0,0,0,0,0,0,0,0,0,0,0,0,0,0,0,0,0,0,0,0,0,0,0,0,0,0,0,0,0,0,0,0,0,0,0,0,0,0,0,0,0,0,0,0,0,0,0,0,0,0,0,0,0,0,0,0,0,0,0,0,0,0,0,0,0,0,0,0,0,0,0,0,0,0,0,0,0,0,0,0,0,0,0,0,0,0,0,0,0,0,0,0,0,0,0,0,0,0,0,0,0,0,0,0
Head 3,6,5.50E-15,2.05E-16,2.37E-13,6.71E-07,0.266261548,0.733731568,6.20E-06,0,0,0,0,0,0,0,0,0,0,0,0,0,0,0,0,0,0,0,0,0,0,0,0,0,0,0,0,0,0,0,0,0,0,0,0,0,0,0,0,0,0,0,0,0,0,0,0,0,0,0,0,0,0,0,0,0,0,0,0,0,0,0,0,0,0,0,0,0,0,0,0,0,0,0,0,0,0,0,0,0,0,0,0,0,0,0,0,0,0,0,0,0,0,0,0,0,0,0,0,0,0,0,0,0,0,0,0,0,0,0,0,0,0,0,0,0,0,0,0,0
Head 3,7,2.31E-11,1.21E-14,2.41E-16,1.79E-13,6.73E-07,0.264893085,0.735096574,9.64E-06,0,0,0,0,0,0,0,0,0,0,0,0,0,0,0,0,0,0,0,0,0,0,0,0,0,0,0,0,0,0,0,0,0,0,0,0,0,0,0,0,0,0,0,0,0,0,0,0,0,0,0,0,0,0,0,0,0,0,0,0,0,0,0,0,0,0,0,0,0,0,0,0,0,0,0,0,0,0,0,0,0,0,0,0,0,0,0,0,0,0,0,0,0,0,0,0,0,0,0,0,0,0,0,0,0,0,0,0,0,0,0,0,0,0,0,0,0,0,0,0
Head 3,8,7.24E-10,5.36E-11,9.19E-15,1.23E-16,1.06E-13,3.28E-07,0.143627733,0.856362641,9.31E-06,0,0,0,0,0,0,0,0,0,0,0,0,0,0,0,0,0,0,0,0,0,0,0,0,0,0,0,0,0,0,0,0,0,0,0,0,0,0,0,0,0,0,0,0,0,0,0,0,0,0,0,0,0,0,0,0,0,0,0,0,0,0,0,0,0,0,0,0,0,0,0,0,0,0,0,0,0,0,0,0,0,0,0,0,0,0,0,0,0,0,0,0,0,0,0,0,0,0,0,0,0,0,0,0,0,0,0,0,0,0,0,0,0,0,0,0,0,0,0
Head 3,9,8.76E-12,3.02E-09,4.13E-11,7.51E-15,1.03E-16,6.77E-14,2.11E-07,0.148581237,0.85141319,5.35E-06,0,0,0,0,0,0,0,0,0,0,0,0,0,0,0,0,0,0,0,0,0,0,0,0,0,0,0,0,0,0,0,0,0,0,0,0,0,0,0,0,0,0,0,0,0,0,0,0,0,0,0,0,0,0,0,0,0,0,0,0,0,0,0,0,0,0,0,0,0,0,0,0,0,0,0,0,0,0,0,0,0,0,0,0,0,0,0,0,0,0,0,0,0,0,0,0,0,0,0,0,0,0,0,0,0,0,0,0,0,0,0,0,0,0,0,0,0,0
Head 3,10,3.98E-15,6.82E-11,3.06E-09,6.26E-11,9.21E-15,9.97E-17,6.66E-14,2.55E-07,0.22004436,0.779949486,5.90E-06,0,0,0,0,0,0,0,0,0,0,0,0,0,0,0,0,0,0,0,0,0,0,0,0,0,0,0,0,0,0,0,0,0,0,0,0,0,0,0,0,0,0,0,0,0,0,0,0,0,0,0,0,0,0,0,0,0,0,0,0,0,0,0,0,0,0,0,0,0,0,0,0,0,0,0,0,0,0,0,0,0,0,0,0,0,0,0,0,0,0,0,0,0,0,0,0,0,0,0,0,0,0,0,0,0,0,0,0,0,0,0,0,0,0,0,0,0
Head 3,11,3.16E-17,1.44E-14,3.62E-11,3.13E-09,5.05E-11,6.00E-15,5.76E-17,3.81E-14,2.16E-07,0.173684254,0.826306462,9.11E-06,0,0,0,0,0,0,0,0,0,0,0,0,0,0,0,0,0,0,0,0,0,0,0,0,0,0,0,0,0,0,0,0,0,0,0,0,0,0,0,0,0,0,0,0,0,0,0,0,0,0,0,0,0,0,0,0,0,0,0,0,0,0,0,0,0,0,0,0,0,0,0,0,0,0,0,0,0,0,0,0,0,0,0,0,0,0,0,0,0,0,0,0,0,0,0,0,0,0,0,0,0,0,0,0,0,0,0,0,0,0,0,0,0,0,0,0
Head 3,12,1.33E-16,6.37E-17,5.33E-15,2.17E-11,1.75E-09,2.95E-11,3.33E-15,3.13E-17,2.22E-14,1.14E-07,0.104288697,0.895704746,6.46E-06,0,0,0,0,0,0,0,0,0,0,0,0,0,0,0,0,0,0,0,0,0,0,0,0,0,0,0,0,0,0,0,0,0,0,0,0,0,0,0,0,0,0,0,0,0,0,0,0,0,0,0,0,0,0,0,0,0,0,0,0,0,0,0,0,0,0,0,0,0,0,0,0,0,0,0,0,0,0,0,0,0,0,0,0,0,0,0,0,0,0,0,0,0,0,0,0,0,0,0,0,0,0,0,0,0,0,0,0,0,0,0,0,0,0,0
Head 3,13,6.78E-15,1.94E-16,2.46E-17,2.82E-15,1.40E-11,1.32E-09,1.86E-11,2.16E-15,1.70E-17,1.24E-14,7.85E-08,0.126897112,0.873096108,6.70E-06,0,0,0,0,0,0,0,0,0,0,0,0,0,0,0,0,0,0,0,0,0,0,0,0,0,0,0,0,0,0,0,0,0,0,0,0,0,0,0,0,0,0,0,0,0,0,0,0,0,0,0,0,0,0,0,0,0,0,0,0,0,0,0,0,0,0,0,0,0,0,0,0,0,0,0,0,0,0,0,0,0,0,0,0,0,0,0,0,0,0,0,0,0,0,0,0,0,0,0,0,0,0,0,0,0,0,0,0,0,0,0,0,0,0
Head 3,14,3.63E-15,6.85E-15,6.73E-17,9.69E-18,1.42E-15,8.66E-12,7.02E-10,1.18E-11,1.04E-15,7.57E-18,6.29E-15,5.27E-08,0.099605732,0.900388658,5.58E-06,0,0,0,0,0,0,0,0,0,0,0,0,0,0,0,0,0,0,0,0,0,0,0,0,0,0,0,0,0,0,0,0,0,0,0,0,0,0,0,0,0,0,0,0,0,0,0,0,0,0,0,0,0,0,0,0,0,0,0,0,0,0,0,0,0,0,0,0,0,0,0,0,0,0,0,0,0,0,0,0,0,0,0,0,0,0,0,0,0,0,0,0,0,0,0,0,0,0,0,0,0,0,0,0,0,0,0,0,0,0,0,0,0
Head 3,15,2.65E-18,4.97E-15,3.61E-15,3.92E-17,6.30E-18,1.07E-15,5.53E-12,5.12E-10,7.55E-12,6.12E-16,4.86E-18,3.81E-15,4.09E-08,0.097413786,0.902581811,4.36E-06,0,0,0,0,0,0,0,0,0,0,0,0,0,0,0,0,0,0,0,0,0,0,0,0,0,0,0,0,0,0,0,0,0,0,0,0,0,0,0,0,0,0,0,0,0,0,0,0,0,0,0,0,0,0,0,0,0,0,0,0,0,0,0,0,0,0,0,0,0,0,0,0,0,0,0,0,0,0,0,0,0,0,0,0,0,0,0,0,0,0,0,0,0,0,0,0,0,0,0,0,0,0,0,0,0,0,0,0,0,0,0,0
Head 3,16,2.49E-22,4.64E-18,3.30E-15,2.75E-15,2.96E-17,5.54E-18,8.52E-16,4.10E-12,3.84E-10,5.43E-12,4.56E-16,3.21E-18,3.09E-15,3.72E-08,0.107436679,0.89255929,4.03E-06,0,0,0,0,0,0,0,0,0,0,0,0,0,0,0,0,0,0,0,0,0,0,0,0,0,0,0,0,0,0,0,0,0,0,0,0,0,0,0,0,0,0,0,0,0,0,0,0,0,0,0,0,0,0,0,0,0,0,0,0,0,0,0,0,0,0,0,0,0,0,0,0,0,0,0,0,0,0,0,0,0,0,0,0,0,0,0,0,0,0,0,0,0,0,0,0,0,0,0,0,0,0,0,0,0,0,0,0,0,0,0
Head 3,17,4.36E-24,4.04E-22,2.87E-18,2.48E-15,2.03E-15,2.41E-17,4.14E-18,4.81E-16,2.58E-12,2.82E-10,3.91E-12,3.12E-16,2.07E-18,1.88E-15,2.91E-08,0.096318826,0.903676569,4.59E-06,0,0,0,0,0,0,0,0,0,0,0,0,0,0,0,0,0,0,0,0,0,0,0,0,0,0,0,0,0,0,0,0,0,0,0,0,0,0,0,0,0,0,0,0,0,0,0,0,0,0,0,0,0,0,0,0,0,0,0,0,0,0,0,0,0,0,0,0,0,0,0,0,0,0,0,0,0,0,0,0,0,0,0,0,0,0,0,0,0,0,0,0,0,0,0,0,0,0,0,0,0,0,0,0,0,0,0,0,0,0
Head 3,18,2.14E-22,4.84E-24,1.64E-22,1.34E-18,1.27E-15,1.19E-15,1.44E-17,1.85E-18,2.17E-16,1.54E-12,1.63E-10,2.69E-12,1.87E-16,1.08E-18,9.99E-16,1.67E-08,0.068597093,0.931398094,4.86E-06,0,0,0,0,0,0,0,0,0,0,0,0,0,0,0,0,0,0,0,0,0,0,0,0,0,0,0,0,0,0,0,0,0,0,0,0,0,0,0,0,0,0,0,0,0,0,0,0,0,0,0,0,0,0,0,0,0,0,0,0,0,0,0,0,0,0,0,0,0,0,0,0,0,0,0,0,0,0,0,0,0,0,0,0,0,0,0,0,0,0,0,0,0,0,0,0,0,0,0,0,0,0,0,0,0,0,0,0,0
Head 3,19,2.54E-19,2.12E-22,1.62E-24,6.38E-23,6.24E-19,6.25E-16,5.78E-16,5.98E-18,6.82E-19,1.11E-16,7.72E-13,9.83E-11,1.43E-12,9.08E-17,4.64E-19,4.31E-16,8.91E-09,0.054160617,0.945835888,3.45E-06,0,0,0,0,0,0,0,0,0,0,0,0,0,0,0,0,0,0,0,0,0,0,0,0,0,0,0,0,0,0,0,0,0,0,0,0,0,0,0,0,0,0,0,0,0,0,0,0,0,0,0,0,0,0,0,0,0,0,0,0,0,0,0,0,0,0,0,0,0,0,0,0,0,0,0,0,0,0,0,0,0,0,0,0,0,0,0,0,0,0,0,0,0,0,0,0,0,0,0,0,0,0,0,0,0,0,0,0
Head 3,20,1.39E-18,2.83E-19,7.26E-23,7.39E-25,3.43E-23,3.43E-19,3.46E-16,3.53E-16,3.32E-18,4.80E-19,7.46E-17,4.90E-13,6.34E-11,1.05E-12,6.83E-17,3.44E-19,3.39E-16,8.04E-09,0.066030279,0.933965802,3.92E-06,0,0,0,0,0,0,0,0,0,0,0,0,0,0,0,0,0,0,0,0,0,0,0,0,0,0,0,0,0,0,0,0,0,0,0,0,0,0,0,0,0,0,0,0,0,0,0,0,0,0,0,0,0,0,0,0,0,0,0,0,0,0,0,0,0,0,0,0,0,0,0,0,0,0,0,0,0,0,0,0,0,0,0,0,0,0,0,0,0,0,0,0,0,0,0,0,0,0,0,0,0,0,0,0,0,0,0
Head 3,21,4.79E-22,4.02E-18,2.16E-19,3.12E-23,7.40E-26,1.42E-24,1.73E-20,6.14E-17,1.90E-16,2.64E-18,1.89E-19,6.44E-18,1.41E-14,1.04E-12,1.65E-14,1.30E-18,1.08E-20,2.47E-17,2.15E-09,0.037792541,0.962206841,5.83E-07,0,0,0,0,0,0,0,0,0,0,0,0,0,0,0,0,0,0,0,0,0,0,0,0,0,0,0,0,0,0,0,0,0,0,0,0,0,0,0,0,0,0,0,0,0,0,0,0,0,0,0,0,0,0,0,0,0,0,0,0,0,0,0,0,0,0,0,0,0,0,0,0,0,0,0,0,0,0,0,0,0,0,0,0,0,0,0,0,0,0,0,0,0,0,0,0,0,0,0,0,0,0,0,0,0,0
Head 3,22,1.42E-26,4.65E-21,4.75E-18,5.15E-19,2.02E-22,1.98E-24,5.86E-23,3.63E-19,3.08E-16,3.07E-16,4.31E-18,7.22E-19,1.43E-16,1.41E-12,2.45E-10,3.46E-12,1.27E-16,4.15E-19,4.25E-16,1.43E-08,0.236318499,0.763648987,3.25E-05,0,0,0,0,0,0,0,0,0,0,0,0,0,0,0,0,0,0,0,0,0,0,0,0,0,0,0,0,0,0,0,0,0,0,0,0,0,0,0,0,0,0,0,0,0,0,0,0,0,0,0,0,0,0,0,0,0,0,0,0,0,0,0,0,0,0,0,0,0,0,0,0,0,0,0,0,0,0,0,0,0,0,0,0,0,0,0,0,0,0,0,0,0,0,0,0,0,0,0,0,0,0,0,0,0
Head 3,23,7.29E-30,1.27E-26,1.77E-21,1.89E-18,1.27E-19,4.38E-23,4.02E-25,1.51E-23,1.43E-19,1.70E-16,1.49E-16,1.23E-18,1.35E-19,1.85E-17,1.81E-13,3.67E-11,5.59E-13,2.88E-17,1.36E-19,1.41E-16,5.91E-09,0.016312661,0.98368603,1.35E-06,0,0,0,0,0,0,0,0,0,0,0,0,0,0,0,0,0,0,0,0,0,0,0,0,0,0,0,0,0,0,0,0,0,0,0,0,0,0,0,0,0,0,0,0,0,0,0,0,0,0,0,0,0,0,0,0,0,0,0,0,0,0,0,0,0,0,0,0,0,0,0,0,0,0,0,0,0,0,0,0,0,0,0,0,0,0,0,0,0,0,0,0,0,0,0,0,0,0,0,0,0,0,0,0
Head 3,24,2.19E-28,1.79E-30,3.28E-27,1.51E-21,5.27E-18,4.48E-19,4.37E-23,7.52E-26,1.03E-24,1.65E-20,6.27E-17,1.99E-16,2.32E-18,1.09E-19,3.77E-18,1.25E-14,1.15E-12,1.83E-14,1.30E-18,8.60E-21,2.58E-17,1.05E-08,0.0671544,0.932845056,5.76E-07,0,0,0,0,0,0,0,0,0,0,0,0,0,0,0,0,0,0,0,0,0,0,0,0,0,0,0,0,0,0,0,0,0,0,0,0,0,0,0,0,0,0,0,0,0,0,0,0,0,0,0,0,0,0,0,0,0,0,0,0,0,0,0,0,0,0,0,0,0,0,0,0,0,0,0,0,0,0,0,0,0,0,0,0,0,0,0,0,0,0,0,0,0,0,0,0,0,0,0,0,0,0,0
Head 3,25,1.22E-21,3.37E-27,5.21E-29,3.79E-26,7.26E-21,1.12E-17,9.76E-19,3.32E-22,1.99E-24,6.75E-23,5.15E-19,4.98E-16,4.52E-16,4.22E-18,5.33E-19,1.23E-16,1.65E-12,3.73E-10,5.98E-12,1.97E-16,6.09E-19,8.06E-16,6.39E-08,0.284770519,0.715189636,3.98E-05,0,0,0,0,0,0,0,0,0,0,0,0,0,0,0,0,0,0,0,0,0,0,0,0,0,0,0,0,0,0,0,0,0,0,0,0,0,0,0,0,0,0,0,0,0,0,0,0,0,0,0,0,0,0,0,0,0,0,0,0,0,0,0,0,0,0,0,0,0,0,0,0,0,0,0,0,0,0,0,0,0,0,0,0,0,0,0,0,0,0,0,0,0,0,0,0,0,0,0,0,0,0
Head 3,26,7.99E-18,2.26E-22,1.26E-27,1.41E-29,1.99E-26,3.74E-21,3.93E-18,2.54E-19,5.78E-23,4.84E-25,2.13E-23,2.27E-19,2.85E-16,2.31E-16,1.35E-18,1.24E-19,1.76E-17,2.05E-13,4.96E-11,9.45E-13,5.17E-17,9.85E-20,3.31E-16,7.45E-09,0.013538346,0.986460447,1.22E-06,0,0,0,0,0,0,0,0,0,0,0,0,0,0,0,0,0,0,0,0,0,0,0,0,0,0,0,0,0,0,0,0,0,0,0,0,0,0,0,0,0,0,0,0,0,0,0,0,0,0,0,0,0,0,0,0,0,0,0,0,0,0,0,0,0,0,0,0,0,0,0,0,0,0,0,0,0,0,0,0,0,0,0,0,0,0,0,0,0,0,0,0,0,0,0,0,0,0,0,0,0
Head 3,27,3.42E-18,7.86E-18,4.52E-22,1.70E-27,2.62E-29,3.73E-26,7.45E-21,8.31E-18,4.79E-19,1.10E-22,8.26E-25,3.10E-23,3.94E-19,5.29E-16,4.27E-16,2.57E-18,2.02E-19,2.85E-17,3.51E-13,9.26E-11,1.98E-12,1.39E-17,3.71E-19,4.58E-16,1.34E-08,0.227014482,0.772982597,2.88E-06,0,0,0,0,0,0,0,0,0,0,0,0,0,0,0,0,0,0,0,0,0,0,0,0,0,0,0,0,0,0,0,0,0,0,0,0,0,0,0,0,0,0,0,0,0,0,0,0,0,0,0,0,0,0,0,0,0,0,0,0,0,0,0,0,0,0,0,0,0,0,0,0,0,0,0,0,0,0,0,0,0,0,0,0,0,0,0,0,0,0,0,0,0,0,0,0,0,0,0,0
Head 3,28,1.76E-23,3.14E-18,7.99E-18,1.48E-22,1.79E-28,1.66E-30,4.65E-27,2.73E-21,1.01E-17,6.25E-19,4.61E-23,6.48E-26,1.04E-24,1.81E-20,9.81E-17,2.89E-16,2.20E-18,7.85E-20,2.50E-18,9.18E-15,1.25E-12,7.18E-15,8.15E-19,1.05E-20,8.16E-17,3.48E-09,0.043641493,0.956358016,5.67E-07,0,0,0,0,0,0,0,0,0,0,0,0,0,0,0,0,0,0,0,0,0,0,0,0,0,0,0,0,0,0,0,0,0,0,0,0,0,0,0,0,0,0,0,0,0,0,0,0,0,0,0,0,0,0,0,0,0,0,0,0,0,0,0,0,0,0,0,0,0,0,0,0,0,0,0,0,0,0,0,0,0,0,0,0,0,0,0,0,0,0,0,0,0,0,0,0,0,0,0
Head 3,29,6.65E-30,4.00E-24,1.16E-18,5.20E-18,9.88E-23,1.22E-28,1.15E-30,1.93E-27,1.48E-21,7.80E-18,6.49E-19,5.90E-23,6.55E-26,6.89E-25,9.95E-21,4.83E-17,1.41E-16,1.50E-18,6.54E-20,2.96E-18,1.34E-14,1.92E-12,1.53E-14,1.41E-18,5.89E-21,1.85E-17,1.77E-09,0.064097799,0.935900271,1.92E-06,0,0,0,0,0,0,0,0,0,0,0,0,0,0,0,0,0,0,0,0,0,0,0,0,0,0,0,0,0,0,0,0,0,0,0,0,0,0,0,0,0,0,0,0,0,0,0,0,0,0,0,0,0,0,0,0,0,0,0,0,0,0,0,0,0,0,0,0,0,0,0,0,0,0,0,0,0,0,0,0,0,0,0,0,0,0,0,0,0,0,0,0,0,0,0,0,0,0
Head 3,30,7.99E-32,2.21E-30,1.87E-24,6.71E-19,2.59E-18,4.78E-23,6.94E-29,4.33E-31,7.75E-28,7.70E-22,4.04E-18,4.36E-19,3.29E-23,3.23E-26,3.53E-25,5.36E-21,2.35E-17,7.79E-17,7.24E-19,2.87E-20,1.26E-18,1.64E-14,3.67E-13,1.81E-14,1.85E-19,2.79E-21,7.31E-18,8.79E-10,0.04465314,0.955345631,1.20E-06,0,0,0,0,0,0,0,0,0,0,0,0,0,0,0,0,0,0,0,0,0,0,0,0,0,0,0,0,0,0,0,0,0,0,0,0,0,0,0,0,0,0,0,0,0,0,0,0,0,0,0,0,0,0,0,0,0,0,0,0,0,0,0,0,0,0,0,0,0,0,0,0,0,0,0,0,0,0,0,0,0,0,0,0,0,0,0,0,0,0,0,0,0,0,0,0,0
Head 3,31,5.23E-28,5.61E-32,2.32E-30,2.27E-24,8.17E-19,2.58E-18,4.97E-23,6.42E-29,3.83E-31,9.90E-28,9.13E-22,5.18E-18,4.51E-19,3.02E-23,2.97E-26,3.96E-25,6.06E-21,3.30E-17,1.05E-16,7.52E-19,2.53E-20,1.52E-18,1.11E-15,1.26E-12,4.55E-15,4.88E-19,3.81E-21,8.85E-18,4.10E-09,0.108161584,0.89183718,1.27E-06,0,0,0,0,0,0,0,0,0,0,0,0,0,0,0,0,0,0,0,0,0,0,0,0,0,0,0,0,0,0,0,0,0,0,0,0,0,0,0,0,0,0,0,0,0,0,0,0,0,0,0,0,0,0,0,0,0,0,0,0,0,0,0,0,0,0,0,0,0,0,0,0,0,0,0,0,0,0,0,0,0,0,0,0,0,0,0,0,0,0,0,0,0,0,0,0
Head 3,32,5.85E-22,3.06E-28,3.01E-32,1.31E-30,1.68E-24,5.45E-19,1.91E-18,4.85E-23,5.05E-29,3.47E-31,8.06E-28,6.51E-22,4.21E-18,3.81E-19,2.51E-23,2.71E-26,3.04E-25,5.14E-21,3.02E-17,7.95E-17,5.37E-19,2.27E-21,9.00E-20,7.02E-15,8.07E-13,7.79E-15,5.93E-19,2.92E-21,2.06E-17,5.30E-09,0.089557104,0.910441935,9.99E-07,0,0,0,0,0,0,0,0,0,0,0,0,0,0,0,0,0,0,0,0,0,0,0,0,0,0,0,0,0,0,0,0,0,0,0,0,0,0,0,0,0,0,0,0,0,0,0,0,0,0,0,0,0,0,0,0,0,0,0,0,0,0,0,0,0,0,0,0,0,0,0,0,0,0,0,0,0,0,0,0,0,0,0,0,0,0,0,0,0,0,0,0,0,0,0
Head 3,33,3.86E-18,4.14E-22,1.74E-28,2.06E-32,9.55E-31,7.27E-25,2.17E-19,1.82E-18,1.18E-22,3.68E-28,4.61E-30,4.91E-27,1.59E-21,3.34E-18,2.56E-19,5.00E-23,2.00E-25,6.26E-24,8.88E-20,1.34E-16,9.71E-17,5.64E-21,2.58E-21,1.24E-17,2.05E-13,3.98E-11,1.68E-12,5.13E-17,4.42E-20,2.10E-16,1.62E-08,0.115828983,0.884137213,3.38E-05,0,0,0,0,0,0,0,0,0,0,0,0,0,0,0,0,0,0,0,0,0,0,0,0,0,0,0,0,0,0,0,0,0,0,0,0,0,0,0,0,0,0,0,0,0,0,0,0,0,0,0,0,0,0,0,0,0,0,0,0,0,0,0,0,0,0,0,0,0,0,0,0,0,0,0,0,0,0,0,0,0,0,0,0,0,0,0,0,0,0,0,0,0,0
Head 3,34,1.57E-19,8.72E-19,1.08E-22,1.61E-28,5.56E-32,4.19E-30,3.48E-24,8.55E-19,4.13E-18,1.37E-22,4.89E-28,5.26E-30,8.41E-27,2.13E-21,3.08E-18,1.72E-19,2.28E-23,1.14E-25,5.54E-24,1.17E-19,2.32E-16,2.12E-18,4.24E-20,2.94E-20,3.24E-18,1.27E-14,2.51E-11,5.61E-13,3.39E-18,3.85E-20,1.62E-16,7.05E-09,0.016146338,0.983852983,6.66E-07,0,0,0,0,0,0,0,0,0,0,0,0,0,0,0,0,0,0,0,0,0,0,0,0,0,0,0,0,0,0,0,0,0,0,0,0,0,0,0,0,0,0,0,0,0,0,0,0,0,0,0,0,0,0,0,0,0,0,0,0,0,0,0,0,0,0,0,0,0,0,0,0,0,0,0,0,0,0,0,0,0,0,0,0,0,0,0,0,0,0,0,0,0
Head 3,35,1.28E-22,4.58E-19,1.35E-18,2.56E-22,2.41E-28,6.04E-32,4.05E-30,3.47E-24,1.28E-18,5.51E-18,2.18E-22,5.93E-28,6.40E-30,9.11E-27,2.96E-21,6.35E-18,3.27E-19,4.22E-23,1.67E-25,7.19E-24,1.60E-19,2.77E-17,4.60E-17,9.35E-19,5.55E-21,9.24E-19,2.35E-13,7.43E-11,1.43E-13,4.75E-18,6.42E-20,3.37E-16,1.70E-08,0.354607731,0.64538753,4.73E-06,0,0,0,0,0,0,0,0,0,0,0,0,0,0,0,0,0,0,0,0,0,0,0,0,0,0,0,0,0,0,0,0,0,0,0,0,0,0,0,0,0,0,0,0,0,0,0,0,0,0,0,0,0,0,0,0,0,0,0,0,0,0,0,0,0,0,0,0,0,0,0,0,0,0,0,0,0,0,0,0,0,0,0,0,0,0,0,0,0,0,0,0
Head 3,36,1.78E-25,9.95E-23,2.20E-19,1.15E-18,1.78E-22,2.09E-28,5.63E-32,2.78E-30,2.62E-24,7.93E-19,3.83E-18,1.88E-22,5.02E-28,4.74E-30,6.23E-27,2.26E-21,4.03E-18,2.27E-19,2.83E-23,1.15E-25,5.02E-24,1.50E-19,9.90E-17,1.91E-16,1.02E-20,3.82E-21,1.15E-17,1.80E-13,1.49E-11,5.79E-14,3.57E-18,6.41E-20,2.80E-16,1.76E-08,0.024116343,0.975880921,2.70E-06,0,0,0,0,0,0,0,0,0,0,0,0,0,0,0,0,0,0,0,0,0,0,0,0,0,0,0,0,0,0,0,0,0,0,0,0,0,0,0,0,0,0,0,0,0,0,0,0,0,0,0,0,0,0,0,0,0,0,0,0,0,0,0,0,0,0,0,0,0,0,0,0,0,0,0,0,0,0,0,0,0,0,0,0,0,0,0,0,0,0,0
Head 3,37,2.19E-25,1.84E-25,1.01E-22,3.30E-19,1.50E-18,2.85E-22,3.23E-28,6.62E-32,3.35E-30,3.60E-24,1.19E-18,7.84E-18,3.01E-22,6.84E-28,5.20E-30,7.74E-27,2.76E-21,5.75E-18,3.20E-19,3.64E-23,1.34E-25,3.50E-23,8.89E-20,3.71E-16,2.62E-18,1.27E-19,1.00E-19,1.46E-17,1.65E-13,6.31E-12,6.93E-14,5.71E-18,8.18E-20,3.67E-16,3.95E-09,0.071403578,0.928593278,3.12E-06,0,0,0,0,0,0,0,0,0,0,0,0,0,0,0,0,0,0,0,0,0,0,0,0,0,0,0,0,0,0,0,0,0,0,0,0,0,0,0,0,0,0,0,0,0,0,0,0,0,0,0,0,0,0,0,0,0,0,0,0,0,0,0,0,0,0,0,0,0,0,0,0,0,0,0,0,0,0,0,0,0,0,0,0,0,0,0,0,0,0
Head 3,38,1.07E-22,6.27E-24,5.34E-24,1.29E-21,1.48E-18,4.15E-18,4.82E-22,3.88E-28,5.67E-32,4.20E-30,6.39E-24,3.08E-18,1.12E-17,1.38E-22,6.30E-29,2.43E-31,6.35E-28,1.06E-21,9.12E-18,6.21E-19,2.26E-23,3.76E-26,1.81E-25,1.01E-20,4.54E-18,7.93E-17,2.00E-18,5.50E-20,1.71E-18,2.05E-15,1.86E-13,2.10E-15,1.35E-19,3.84E-21,1.29E-17,1.74E-09,0.044553038,0.955446362,6.12E-07,0,0,0,0,0,0,0,0,0,0,0,0,0,0,0,0,0,0,0,0,0,0,0,0,0,0,0,0,0,0,0,0,0,0,0,0,0,0,0,0,0,0,0,0,0,0,0,0,0,0,0,0,0,0,0,0,0,0,0,0,0,0,0,0,0,0,0,0,0,0,0,0,0,0,0,0,0,0,0,0,0,0,0,0,0,0,0,0,0
Head 3,39,4.56E-23,1.07E-22,8.10E-24,9.24E-24,2.79E-21,4.22E-18,9.60E-18,1.02E-21,3.98E-28,4.33E-32,2.26E-30,3.15E-24,2.10E-18,1.28E-17,1.68E-22,6.29E-29,1.93E-31,4.31E-28,8.38E-22,9.60E-18,9.21E-19,3.45E-24,9.35E-27,3.30E-25,7.76E-21,4.03E-17,2.40E-16,2.06E-18,4.76E-21,1.81E-19,2.64E-15,4.89E-13,3.31E-15,7.42E-19,5.13E-21,1.22E-17,1.83E-09,0.062464152,0.937533915,1.92E-06,0,0,0,0,0,0,0,0,0,0,0,0,0,0,0,0,0,0,0,0,0,0,0,0,0,0,0,0,0,0,0,0,0,0,0,0,0,0,0,0,0,0,0,0,0,0,0,0,0,0,0,0,0,0,0,0,0,0,0,0,0,0,0,0,0,0,0,0,0,0,0,0,0,0,0,0,0,0,0,0,0,0,0,0,0,0,0,0
Head 3,40,7.38E-26,7.33E-24,2.58E-24,1.04E-25,1.82E-25,1.81E-22,7.80E-19,5.12E-18,6.83E-22,3.11E-28,3.22E-32,9.56E-31,1.16E-24,8.41E-19,9.45E-18,3.47E-22,5.12E-28,3.17E-30,4.21E-27,1.83E-21,6.02E-18,2.58E-21,1.07E-23,1.98E-25,2.52E-23,6.75E-20,2.49E-16,2.58E-16,1.08E-20,4.35E-22,5.71E-19,6.75E-14,1.70E-11,2.42E-12,9.87E-17,2.69E-19,2.51E-16,8.71E-09,0.038547572,0.961379826,7.27E-05,0,0,0,0,0,0,0,0,0,0,0,0,0,0,0,0,0,0,0,0,0,0,0,0,0,0,0,0,0,0,0,0,0,0,0,0,0,0,0,0,0,0,0,0,0,0,0,0,0,0,0,0,0,0,0,0,0,0,0,0,0,0,0,0,0,0,0,0,0,0,0,0,0,0,0,0,0,0,0,0,0,0,0,0,0,0,0
Head 3,41,2.25E-29,1.81E-26,1.46E-24,6.83E-25,2.18E-26,2.87E-26,1.97E-23,7.41E-20,4.74E-19,8.88E-23,9.05E-29,1.55E-32,8.52E-31,9.98E-25,5.27E-19,3.07E-18,9.15E-23,1.68E-28,1.18E-30,1.47E-27,6.08E-22,7.46E-21,1.26E-20,8.34E-24,5.63E-26,8.23E-25,4.58E-20,1.10E-16,8.23E-19,4.83E-22,1.05E-22,2.13E-19,7.57E-15,5.91E-12,4.01E-13,2.51E-17,1.08E-19,9.02E-17,1.92E-09,0.008437952,0.991560638,1.40E-06,0,0,0,0,0,0,0,0,0,0,0,0,0,0,0,0,0,0,0,0,0,0,0,0,0,0,0,0,0,0,0,0,0,0,0,0,0,0,0,0,0,0,0,0,0,0,0,0,0,0,0,0,0,0,0,0,0,0,0,0,0,0,0,0,0,0,0,0,0,0,0,0,0,0,0,0,0,0,0,0,0,0,0,0,0,0
Head 3,42,9.14E-30,2.86E-29,2.67E-26,1.94E-23,5.07E-23,3.79E-24,3.33E-24,7.37E-22,9.39E-19,2.60E-18,2.93E-22,1.94E-28,2.56E-32,1.31E-30,2.39E-24,1.59E-18,6.60E-18,7.78E-23,2.96E-29,7.79E-32,1.89E-28,1.15E-23,6.70E-19,3.29E-19,1.37E-24,3.44E-27,1.48E-25,4.43E-21,1.93E-18,2.90E-19,1.21E-21,3.66E-22,1.07E-19,3.78E-16,4.27E-13,8.22E-15,6.62E-19,5.21E-21,4.15E-17,5.93E-09,0.066432744,0.93356663,6.33E-07,0,0,0,0,0,0,0,0,0,0,0,0,0,0,0,0,0,0,0,0,0,0,0,0,0,0,0,0,0,0,0,0,0,0,0,0,0,0,0,0,0,0,0,0,0,0,0,0,0,0,0,0,0,0,0,0,0,0,0,0,0,0,0,0,0,0,0,0,0,0,0,0,0,0,0,0,0,0,0,0,0,0,0,0,0
Head 3,43,7.11E-26,2.54E-29,2.59E-29,3.45E-26,2.54E-23,7.11E-23,5.39E-24,5.26E-24,1.45E-21,2.24E-18,5.74E-18,5.96E-22,2.04E-28,1.47E-32,5.81E-31,1.19E-24,1.05E-18,8.10E-18,1.07E-22,2.87E-29,6.09E-32,3.87E-29,6.03E-23,5.50E-18,3.29E-21,5.28E-24,1.43E-26,1.54E-25,3.03E-21,7.57E-19,1.83E-19,1.63E-21,3.48E-22,1.02E-19,7.42E-15,7.43E-13,1.29E-14,8.00E-19,4.19E-21,4.48E-17,2.98E-09,0.058668032,0.941329479,2.48E-06,0,0,0,0,0,0,0,0,0,0,0,0,0,0,0,0,0,0,0,0,0,0,0,0,0,0,0,0,0,0,0,0,0,0,0,0,0,0,0,0,0,0,0,0,0,0,0,0,0,0,0,0,0,0,0,0,0,0,0,0,0,0,0,0,0,0,0,0,0,0,0,0,0,0,0,0,0,0,0,0,0,0,0,0
Head 3,44,7.97E-22,3.26E-26,2.07E-29,6.86E-29,4.59E-26,5.45E-24,2.34E-24,8.90E-26,1.37E-25,1.40E-22,6.94E-19,4.99E-18,6.14E-22,2.57E-28,1.81E-32,6.07E-31,8.29E-25,8.66E-19,1.39E-17,5.18E-22,5.37E-28,1.92E-30,1.01E-27,1.48E-21,1.58E-20,7.01E-20,5.86E-23,2.16E-25,2.05E-23,3.90E-20,3.30E-18,3.37E-19,1.25E-21,6.78E-21,4.19E-17,4.21E-13,1.32E-10,2.62E-12,1.04E-17,1.26E-19,6.41E-16,1.01E-08,0.036849644,0.963083565,6.68E-05,0,0,0,0,0,0,0,0,0,0,0,0,0,0,0,0,0,0,0,0,0,0,0,0,0,0,0,0,0,0,0,0,0,0,0,0,0,0,0,0,0,0,0,0,0,0,0,0,0,0,0,0,0,0,0,0,0,0,0,0,0,0,0,0,0,0,0,0,0,0,0,0,0,0,0,0,0,0,0,0,0,0,0
Head 3,45,3.93E-20,2.29E-22,4.25E-27,4.79E-30,2.45E-29,2.41E-26,2.88E-24,1.30E-24,3.75E-26,4.53E-26,3.08E-23,1.19E-19,7.35E-19,1.54E-22,1.35E-28,2.25E-32,1.23E-30,1.92E-24,1.50E-18,1.04E-17,2.68E-22,1.60E-28,9.10E-31,2.75E-27,2.55E-23,4.43E-19,1.27E-19,1.76E-23,1.06E-25,5.59E-24,2.95E-20,4.25E-18,3.10E-19,6.66E-20,1.02E-19,5.69E-18,7.19E-14,1.95E-11,4.91E-14,3.33E-18,2.58E-19,2.42E-16,4.02E-09,0.013666557,0.986332059,1.46E-06,0,0,0,0,0,0,0,0,0,0,0,0,0,0,0,0,0,0,0,0,0,0,0,0,0,0,0,0,0,0,0,0,0,0,0,0,0,0,0,0,0,0,0,0,0,0,0,0,0,0,0,0,0,0,0,0,0,0,0,0,0,0,0,0,0,0,0,0,0,0,0,0,0,0,0,0,0,0,0,0,0,0
Head 3,46,2.89E-22,4.63E-19,2.60E-21,3.12E-26,9.11E-30,3.15E-29,5.65E-26,3.88E-23,9.40E-23,5.66E-24,4.35E-24,9.09E-22,1.17E-18,3.70E-18,4.64E-22,2.58E-28,2.77E-32,1.53E-30,3.64E-24,3.36E-18,1.67E-17,4.01E-23,2.59E-29,1.21E-31,7.77E-29,1.27E-22,8.85E-18,6.45E-19,2.10E-24,8.37E-27,4.32E-25,3.62E-21,1.46E-18,7.31E-17,3.84E-18,5.63E-20,1.32E-18,3.28E-15,3.57E-13,1.37E-15,6.84E-19,1.34E-20,1.08E-16,1.34E-08,0.084886529,0.915112257,1.21E-06,0,0,0,0,0,0,0,0,0,0,0,0,0,0,0,0,0,0,0,0,0,0,0,0,0,0,0,0,0,0,0,0,0,0,0,0,0,0,0,0,0,0,0,0,0,0,0,0,0,0,0,0,0,0,0,0,0,0,0,0,0,0,0,0,0,0,0,0,0,0,0,0,0,0,0,0,0,0,0,0,0
Head 3,47,7.17E-28,1.60E-22,4.90E-20,4.60E-22,1.67E-26,2.65E-29,1.21E-28,7.02E-26,7.24E-24,3.05E-24,1.02E-25,1.45E-25,1.42E-22,8.71E-19,7.74E-18,1.17E-21,4.42E-28,3.26E-32,1.24E-30,2.15E-24,2.32E-18,2.42E-18,2.83E-21,9.31E-28,3.88E-30,2.84E-27,4.73E-21,1.24E-17,3.56E-21,9.99E-25,7.16E-26,1.51E-23,7.35E-20,1.46E-16,6.09E-16,3.15E-18,3.06E-19,5.26E-17,4.82E-13,2.41E-11,4.09E-12,3.96E-16,4.34E-19,1.92E-15,1.24E-07,0.244887009,0.75489229,0.000220545,0,0,0,0,0,0,0,0,0,0,0,0,0,0,0,0,0,0,0,0,0,0,0,0,0,0,0,0,0,0,0,0,0,0,0,0,0,0,0,0,0,0,0,0,0,0,0,0,0,0,0,0,0,0,0,0,0,0,0,0,0,0,0,0,0,0,0,0,0,0,0,0,0,0,0,0,0,0,0,0
Head 3,48,1.04E-32,9.16E-29,2.36E-23,5.34E-21,3.31E-23,1.44E-27,2.13E-30,7.71E-30,4.87E-27,6.08E-25,2.47E-25,7.32E-27,8.72E-27,6.21E-24,3.31E-20,2.96E-19,5.85E-23,4.54E-29,5.74E-33,2.66E-31,4.25E-25,5.25E-20,1.10E-17,5.80E-23,4.62E-29,4.14E-31,1.56E-27,5.33E-22,3.67E-21,4.99E-23,6.95E-26,9.41E-27,1.51E-24,7.56E-21,4.90E-17,5.26E-17,3.62E-19,2.87E-20,1.81E-18,7.13E-15,3.74E-12,3.52E-13,2.48E-18,5.13E-20,2.78E-16,2.52E-09,0.00342212,0.996575534,2.37E-06,0,0,0,0,0,0,0,0,0,0,0,0,0,0,0,0,0,0,0,0,0,0,0,0,0,0,0,0,0,0,0,0,0,0,0,0,0,0,0,0,0,0,0,0,0,0,0,0,0,0,0,0,0,0,0,0,0,0,0,0,0,0,0,0,0,0,0,0,0,0,0,0,0,0,0,0,0,0,0
Head 3,49,3.92E-32,8.18E-33,1.72E-28,4.11E-23,1.09E-20,8.34E-23,3.04E-27,2.90E-30,9.47E-30,8.31E-27,9.45E-25,3.99E-25,1.13E-26,1.22E-26,9.63E-24,6.10E-20,5.45E-19,1.25E-22,8.12E-29,8.31E-33,3.87E-31,2.07E-25,2.52E-18,3.26E-18,1.75E-23,2.02E-28,1.69E-30,2.77E-27,2.14E-23,1.31E-21,7.75E-23,1.80E-25,1.44E-26,4.31E-25,3.43E-20,8.14E-17,1.06E-16,7.67E-19,4.82E-21,6.23E-19,1.23E-14,2.34E-11,4.64E-14,4.03E-18,4.18E-19,3.88E-16,5.97E-09,0.155626103,0.844364345,9.51E-06,0,0,0,0,0,0,0,0,0,0,0,0,0,0,0,0,0,0,0,0,0,0,0,0,0,0,0,0,0,0,0,0,0,0,0,0,0,0,0,0,0,0,0,0,0,0,0,0,0,0,0,0,0,0,0,0,0,0,0,0,0,0,0,0,0,0,0,0,0,0,0,0,0,0,0,0,0,0
Head 3,50,8.24E-29,6.44E-34,3.00E-34,1.56E-29,5.20E-23,1.12E-19,1.30E-21,1.33E-26,2.19E-30,4.97E-30,7.67E-27,5.64E-24,1.59E-23,9.49E-25,6.46E-25,1.70E-22,2.95E-19,1.20E-18,1.27E-22,4.24E-29,3.02E-33,4.51E-32,5.86E-25,4.55E-19,5.37E-19,3.46E-23,8.64E-30,3.85E-32,2.43E-29,7.17E-25,1.11E-21,2.19E-22,1.06E-25,6.36E-28,3.34E-26,7.40E-22,9.60E-18,6.28E-17,6.82E-21,3.97E-22,3.81E-20,9.29E-16,6.95E-14,3.16E-16,1.99E-19,5.23E-21,4.21E-17,1.38E-09,0.019246697,0.980752528,7.31E-07,0,0,0,0,0,0,0,0,0,0,0,0,0,0,0,0,0,0,0,0,0,0,0,0,0,0,0,0,0,0,0,0,0,0,0,0,0,0,0,0,0,0,0,0,0,0,0,0,0,0,0,0,0,0,0,0,0,0,0,0,0,0,0,0,0,0,0,0,0,0,0,0,0,0,0,0,0
Head 3,51,1.11E-23,6.82E-29,6.20E-34,1.63E-34,1.30E-29,5.16E-23,1.40E-19,2.11E-21,2.16E-26,4.95E-30,8.32E-30,9.82E-27,8.10E-24,2.27E-23,1.56E-24,1.39E-24,4.26E-22,9.40E-19,3.71E-18,2.88E-22,5.66E-29,1.03E-34,5.50E-32,3.18E-25,1.19E-19,7.80E-18,2.36E-23,1.11E-29,3.12E-32,4.26E-30,6.36E-25,2.15E-21,2.79E-22,1.76E-24,6.21E-27,3.27E-26,7.96E-22,9.16E-18,3.31E-19,1.72E-21,3.12E-21,9.27E-19,3.08E-15,6.73E-14,2.58E-15,6.57E-19,4.67E-21,1.52E-17,1.49E-09,0.060699936,0.93929714,2.93E-06,0,0,0,0,0,0,0,0,0,0,0,0,0,0,0,0,0,0,0,0,0,0,0,0,0,0,0,0,0,0,0,0,0,0,0,0,0,0,0,0,0,0,0,0,0,0,0,0,0,0,0,0,0,0,0,0,0,0,0,0,0,0,0,0,0,0,0,0,0,0,0,0,0,0,0,0
Head 3,52,3.61E-23,5.54E-24,3.40E-29,3.05E-34,1.06E-34,6.96E-30,2.58E-23,7.04E-20,1.18E-21,1.69E-26,3.74E-30,4.50E-30,6.08E-27,4.61E-24,1.47E-23,1.16E-24,1.05E-24,3.44E-22,7.78E-19,2.99E-18,2.13E-22,3.41E-31,3.98E-34,5.93E-32,4.71E-26,4.17E-19,8.55E-19,1.42E-23,4.39E-30,6.26E-33,2.13E-30,5.12E-25,9.97E-22,3.08E-20,1.11E-23,2.79E-27,2.14E-26,3.99E-22,1.73E-19,6.58E-20,9.03E-20,2.67E-20,3.39E-19,5.71E-16,4.52E-14,3.61E-15,7.44E-20,2.79E-21,9.18E-18,8.61E-10,0.043260444,0.956737697,1.91E-06,0,0,0,0,0,0,0,0,0,0,0,0,0,0,0,0,0,0,0,0,0,0,0,0,0,0,0,0,0,0,0,0,0,0,0,0,0,0,0,0,0,0,0,0,0,0,0,0,0,0,0,0,0,0,0,0,0,0,0,0,0,0,0,0,0,0,0,0,0,0,0,0,0,0,0
Head 3,53,5.44E-27,4.02E-23,8.73E-24,2.18E-28,5.57E-33,1.72E-33,3.34E-29,1.36E-23,7.41E-21,7.98E-23,2.91E-27,2.26E-30,6.77E-30,4.26E-27,5.85E-25,2.82E-25,8.24E-27,1.24E-26,1.72E-23,1.78E-19,1.98E-18,1.50E-24,2.81E-29,2.60E-33,8.88E-33,3.07E-25,8.21E-20,1.00E-18,8.21E-24,7.22E-29,3.28E-31,9.26E-29,2.60E-24,2.73E-19,1.70E-19,1.19E-23,3.27E-26,8.27E-25,1.18E-20,8.62E-19,1.43E-17,7.13E-19,2.46E-21,5.18E-19,2.16E-14,4.23E-11,6.58E-14,7.90E-17,4.49E-19,3.93E-16,9.62E-09,0.088147938,0.911704957,0.000147089,0,0,0,0,0,0,0,0,0,0,0,0,0,0,0,0,0,0,0,0,0,0,0,0,0,0,0,0,0,0,0,0,0,0,0,0,0,0,0,0,0,0,0,0,0,0,0,0,0,0,0,0,0,0,0,0,0,0,0,0,0,0,0,0,0,0,0,0,0,0,0,0,0,0
Head 3,54,2.21E-32,1.46E-27,6.72E-24,1.51E-24,5.02E-29,2.32E-33,1.55E-33,2.66E-29,9.08E-24,2.58E-21,1.53E-23,3.70E-28,2.87E-31,9.60E-31,8.51E-28,1.44E-25,6.02E-26,1.47E-27,1.51E-27,1.31E-24,1.04E-20,3.92E-21,1.22E-23,1.56E-29,7.51E-35,8.22E-32,9.52E-26,4.35E-20,3.41E-20,6.63E-24,2.01E-29,1.37E-31,4.08E-29,3.89E-23,5.49E-19,1.68E-20,1.75E-24,6.45E-27,1.10E-24,2.78E-21,5.93E-18,2.79E-17,1.87E-21,1.61E-22,1.29E-19,1.76E-14,7.83E-13,1.10E-13,2.46E-17,1.98E-19,1.29E-16,3.38E-09,0.006016733,0.993981183,2.04E-06,0,0,0,0,0,0,0,0,0,0,0,0,0,0,0,0,0,0,0,0,0,0,0,0,0,0,0,0,0,0,0,0,0,0,0,0,0,0,0,0,0,0,0,0,0,0,0,0,0,0,0,0,0,0,0,0,0,0,0,0,0,0,0,0,0,0,0,0,0,0,0,0,0
Head 3,55,7.11E-34,3.57E-32,2.93E-27,1.75E-23,4.05E-24,1.11E-28,4.67E-33,2.02E-33,4.29E-29,2.03E-23,6.46E-21,4.02E-23,7.51E-28,4.60E-31,1.65E-30,1.98E-27,3.29E-25,1.45E-25,3.25E-27,3.03E-27,3.01E-24,5.14E-21,2.04E-19,6.46E-23,3.25E-31,1.83E-33,1.65E-31,1.98E-25,1.85E-20,4.76E-19,1.98E-23,3.98E-29,2.46E-31,2.50E-28,7.35E-22,9.91E-19,4.39E-20,4.38E-24,2.13E-26,1.07E-24,4.80E-21,3.83E-17,4.06E-19,8.70E-22,2.51E-21,5.35E-18,2.36E-14,5.10E-12,4.63E-13,6.87E-17,8.90E-20,3.47E-16,1.05E-08,0.205054417,0.794934452,1.11E-05,0,0,0,0,0,0,0,0,0,0,0,0,0,0,0,0,0,0,0,0,0,0,0,0,0,0,0,0,0,0,0,0,0,0,0,0,0,0,0,0,0,0,0,0,0,0,0,0,0,0,0,0,0,0,0,0,0,0,0,0,0,0,0,0,0,0,0,0,0,0,0,0
Head 3,56,1.44E-31,2.54E-34,1.53E-32,1.44E-27,1.08E-23,1.45E-24,1.14E-29,1.11E-34,3.72E-35,4.39E-30,2.01E-23,4.66E-20,4.16E-22,2.20E-27,2.32E-31,4.90E-31,1.26E-27,1.65E-24,5.64E-24,2.81E-25,1.73E-25,5.34E-23,3.39E-20,4.75E-19,7.57E-25,3.00E-30,1.68E-33,6.87E-32,6.60E-26,9.57E-20,4.49E-19,3.00E-24,1.13E-30,2.10E-33,7.60E-29,1.11E-22,1.29E-18,7.83E-20,1.70E-25,5.30E-28,2.62E-27,1.98E-22,1.43E-19,6.16E-20,5.52E-20,1.49E-20,1.97E-19,6.01E-17,2.98E-14,1.31E-15,3.36E-20,1.16E-21,1.90E-17,8.54E-10,0.013044226,0.986954868,9.43E-07,0,0,0,0,0,0,0,0,0,0,0,0,0,0,0,0,0,0,0,0,0,0,0,0,0,0,0,0,0,0,0,0,0,0,0,0,0,0,0,0,0,0,0,0,0,0,0,0,0,0,0,0,0,0,0,0,0,0,0,0,0,0,0,0,0,0,0,0,0,0,0
Head 3,57,5.23E-26,3.62E-31,6.45E-34,3.15E-32,4.09E-27,3.31E-23,6.66E-24,1.45E-28,3.00E-33,1.21E-33,2.93E-29,1.46E-23,7.81E-21,5.82E-23,1.01E-27,6.70E-31,2.24E-30,2.08E-27,3.65E-25,1.64E-25,4.22E-27,4.91E-28,4.33E-24,8.26E-20,2.92E-20,9.22E-23,6.37E-29,3.74E-33,1.20E-32,5.36E-26,7.05E-20,4.71E-19,2.40E-23,1.10E-28,1.05E-30,1.46E-27,8.61E-22,2.13E-18,5.02E-22,1.58E-25,4.80E-27,6.81E-25,1.11E-20,1.03E-18,1.83E-17,1.18E-18,4.43E-21,1.29E-18,1.00E-13,4.39E-11,7.01E-14,5.78E-18,1.49E-19,1.12E-15,1.68E-08,0.302859992,0.696854055,0.000285882,0,0,0,0,0,0,0,0,0,0,0,0,0,0,0,0,0,0,0,0,0,0,0,0,0,0,0,0,0,0,0,0,0,0,0,0,0,0,0,0,0,0,0,0,0,0,0,0,0,0,0,0,0,0,0,0,0,0,0,0,0,0,0,0,0,0,0,0,0,0
Head 3,58,3.41E-24,3.13E-27,4.63E-32,6.03E-35,5.09E-33,5.02E-28,2.88E-24,5.89E-25,1.44E-29,4.89E-34,2.60E-34,4.78E-30,2.46E-24,8.83E-22,4.50E-24,7.92E-29,4.66E-32,1.63E-31,1.72E-28,3.42E-26,1.74E-26,8.80E-30,1.94E-28,3.92E-25,6.15E-22,2.77E-20,1.03E-23,6.98E-30,2.11E-35,2.82E-33,1.46E-26,8.59E-21,5.06E-20,1.34E-23,9.95E-30,9.88E-32,2.26E-28,9.24E-23,6.02E-22,1.05E-23,1.22E-25,2.32E-27,2.86E-25,7.79E-22,1.85E-18,1.10E-17,8.21E-22,7.47E-22,5.01E-19,5.27E-15,2.63E-13,2.28E-15,3.43E-19,6.53E-20,6.70E-17,1.49E-09,0.002104445,0.997893035,2.54E-06,0,0,0,0,0,0,0,0,0,0,0,0,0,0,0,0,0,0,0,0,0,0,0,0,0,0,0,0,0,0,0,0,0,0,0,0,0,0,0,0,0,0,0,0,0,0,0,0,0,0,0,0,0,0,0,0,0,0,0,0,0,0,0,0,0,0,0,0,0
Head 3,59,5.96E-25,1.25E-23,1.60E-26,1.87E-31,3.64E-34,3.73E-32,3.95E-27,1.75E-23,1.64E-24,1.12E-29,1.20E-34,3.38E-35,3.25E-30,1.44E-23,3.72E-20,3.71E-22,1.92E-27,1.83E-31,2.52E-31,7.19E-28,1.52E-24,1.35E-25,1.21E-25,1.79E-25,5.00E-23,3.24E-20,4.74E-19,7.18E-23,2.78E-31,1.45E-35,5.89E-33,6.55E-26,7.52E-20,1.31E-18,4.30E-24,2.79E-30,1.78E-32,7.24E-29,3.16E-24,1.18E-21,1.63E-20,2.65E-24,1.48E-27,2.31E-26,1.27E-22,3.90E-18,1.90E-19,1.20E-19,1.12E-20,1.47E-19,4.69E-16,8.79E-15,8.15E-17,1.25E-19,4.22E-21,1.01E-17,3.54E-09,0.042525083,0.957473934,1.01E-06,0,0,0,0,0,0,0,0,0,0,0,0,0,0,0,0,0,0,0,0,0,0,0,0,0,0,0,0,0,0,0,0,0,0,0,0,0,0,0,0,0,0,0,0,0,0,0,0,0,0,0,0,0,0,0,0,0,0,0,0,0,0,0,0,0,0,0,0
Head 3,60,1.09E-28,1.05E-24,2.01E-23,2.71E-26,3.31E-31,6.59E-34,5.56E-32,4.05E-27,2.33E-23,2.41E-24,1.35E-29,7.77E-35,2.24E-35,1.65E-30,9.95E-24,4.42E-20,5.16E-22,2.64E-27,1.95E-31,2.83E-31,9.26E-28,1.67E-25,3.18E-24,4.57E-25,8.26E-26,3.59E-23,2.38E-19,1.24E-18,1.35E-24,4.76E-32,8.94E-36,3.67E-33,3.64E-26,1.66E-19,2.52E-19,6.13E-24,3.63E-30,2.05E-32,1.62E-29,8.06E-25,3.80E-19,1.97E-19,2.34E-25,7.27E-28,3.55E-27,2.42E-22,1.51E-19,1.84E-17,5.98E-19,1.65E-20,1.80E-19,2.26E-16,9.81E-15,9.94E-16,4.27E-19,4.90E-21,4.09E-17,1.79E-09,0.046006911,0.95398885,4.29E-06,0,0,0,0,0,0,0,0,0,0,0,0,0,0,0,0,0,0,0,0,0,0,0,0,0,0,0,0,0,0,0,0,0,0,0,0,0,0,0,0,0,0,0,0,0,0,0,0,0,0,0,0,0,0,0,0,0,0,0,0,0,0,0,0,0,0,0
Head 3,61,3.61E-32,4.87E-29,4.13E-25,9.41E-24,1.47E-26,2.20E-31,3.87E-34,1.55E-32,1.26E-27,8.81E-24,8.73E-25,4.53E-30,2.36E-35,4.29E-36,2.97E-31,2.40E-24,1.28E-20,1.93E-22,9.46E-28,7.78E-32,1.10E-31,4.08E-28,1.95E-25,2.67E-24,7.14E-27,6.34E-26,5.47E-23,1.40E-19,4.22E-20,1.57E-25,1.70E-32,3.37E-36,7.78E-34,1.40E-26,8.46E-21,1.06E-19,1.91E-24,1.44E-30,6.97E-33,1.64E-30,1.11E-23,1.15E-18,2.35E-22,2.90E-26,1.25E-28,3.58E-27,6.04E-23,6.71E-19,1.11E-17,2.24E-19,2.95E-22,1.38E-20,4.49E-17,6.64E-15,9.15E-16,1.66E-19,1.04E-21,3.44E-18,3.69E-10,0.030408463,0.96958828,3.33E-06,0,0,0,0,0,0,0,0,0,0,0,0,0,0,0,0,0,0,0,0,0,0,0,0,0,0,0,0,0,0,0,0,0,0,0,0,0,0,0,0,0,0,0,0,0,0,0,0,0,0,0,0,0,0,0,0,0,0,0,0,0,0,0,0,0,0
Head 3,62,2.14E-33,5.48E-33,1.74E-29,2.95E-25,9.76E-24,1.65E-26,2.53E-31,2.85E-34,1.22E-32,1.06E-27,7.05E-24,1.70E-24,3.55E-29,6.00E-34,1.28E-34,2.27E-30,1.42E-24,1.01E-21,9.50E-24,1.79E-28,8.96E-32,1.08E-30,7.76E-29,5.43E-26,3.22E-28,5.22E-28,1.60E-27,2.28E-24,2.49E-21,4.59E-21,1.62E-25,5.13E-32,9.58E-36,1.05E-32,7.14E-27,5.42E-21,6.90E-20,6.67E-24,1.72E-29,2.25E-31,2.12E-28,3.02E-22,1.11E-21,2.36E-23,5.03E-25,1.20E-26,6.60E-25,1.10E-21,5.90E-18,1.57E-17,8.37E-22,1.14E-22,5.29E-20,4.38E-15,1.08E-11,6.60E-13,2.91E-18,3.65E-19,2.70E-16,4.91E-09,0.039636087,0.960103989,0.000259888,0,0,0,0,0,0,0,0,0,0,0,0,0,0,0,0,0,0,0,0,0,0,0,0,0,0,0,0,0,0,0,0,0,0,0,0,0,0,0,0,0,0,0,0,0,0,0,0,0,0,0,0,0,0,0,0,0,0,0,0,0,0,0,0,0
Head 3,63,2.71E-31,4.31E-33,7.62E-33,1.39E-29,1.82E-25,3.95E-24,5.93E-27,7.95E-32,1.07E-34,6.19E-33,3.99E-28,1.84E-24,3.85E-25,9.48E-30,2.70E-34,1.22E-34,3.16E-30,1.73E-24,6.48E-22,2.57E-24,2.86E-29,3.51E-32,8.46E-33,8.27E-29,1.08E-27,4.45E-27,2.36E-28,2.55E-28,6.02E-26,1.55E-22,3.61E-22,2.60E-26,2.01E-32,2.73E-34,2.66E-32,1.44E-26,5.00E-21,3.55E-20,5.03E-25,7.12E-30,9.49E-32,5.15E-28,2.41E-24,1.48E-22,9.87E-22,8.59E-25,3.15E-27,2.41E-26,1.30E-21,5.03E-18,5.78E-20,1.54E-22,2.78E-23,3.27E-20,3.95E-15,1.75E-12,3.89E-15,1.67E-17,1.74E-19,1.01E-16,2.08E-09,0.004919745,0.995076358,3.96E-06,0,0,0,0,0,0,0,0,0,0,0,0,0,0,0,0,0,0,0,0,0,0,0,0,0,0,0,0,0,0,0,0,0,0,0,0,0,0,0,0,0,0,0,0,0,0,0,0,0,0,0,0,0,0,0,0,0,0,0,0,0,0,0,0
Head 3,64,7.72E-29,1.82E-29,2.11E-31,2.06E-31,2.03E-28,1.36E-24,2.16E-23,3.09E-26,3.25E-31,4.19E-34,2.20E-32,1.30E-27,7.03E-24,6.30E-25,3.17E-30,2.16E-35,6.73E-36,6.64E-31,4.88E-24,1.68E-20,1.49E-22,1.74E-28,2.12E-33,8.96E-32,4.00E-28,1.93E-25,3.13E-24,2.19E-25,3.37E-26,8.95E-24,8.83E-21,6.21E-21,9.21E-26,2.42E-30,3.23E-33,3.92E-32,4.42E-26,2.12E-20,3.56E-20,1.13E-24,1.35E-30,2.15E-32,1.45E-29,5.83E-25,1.75E-19,8.18E-20,1.39E-25,1.98E-28,4.85E-27,1.33E-22,8.95E-20,4.63E-20,3.62E-22,5.97E-22,8.45E-20,1.31E-16,1.09E-14,5.70E-16,2.48E-19,2.61E-21,2.86E-17,3.61E-09,0.029539011,0.970459461,1.54E-06,0,0,0,0,0,0,0,0,0,0,0,0,0,0,0,0,0,0,0,0,0,0,0,0,0,0,0,0,0,0,0,0,0,0,0,0,0,0,0,0,0,0,0,0,0,0,0,0,0,0,0,0,0,0,0,0,0,0,0,0,0,0,0
Head 3,65,3.95E-30,2.26E-28,1.43E-29,1.89E-31,2.46E-31,2.63E-28,1.57E-24,2.97E-23,4.26E-26,4.27E-31,5.10E-34,1.78E-32,1.64E-27,9.13E-24,9.12E-25,4.38E-30,1.97E-35,4.26E-36,4.10E-31,3.58E-24,2.08E-20,7.87E-24,3.59E-29,8.57E-32,9.39E-31,7.12E-29,9.15E-25,4.43E-24,1.06E-26,1.72E-26,1.57E-23,2.53E-20,1.24E-20,1.58E-23,6.27E-29,1.44E-33,3.53E-32,3.34E-26,8.13E-21,7.11E-20,5.08E-24,3.42E-30,2.09E-32,5.00E-30,2.96E-23,2.45E-18,5.52E-22,8.74E-25,9.54E-28,5.57E-27,1.26E-22,5.48E-20,3.30E-20,6.54E-20,1.14E-20,1.43E-19,3.64E-16,1.41E-14,1.57E-15,5.13E-20,2.25E-21,3.28E-17,1.43E-09,0.032378092,0.967616737,5.23E-06,0,0,0,0,0,0,0,0,0,0,0,0,0,0,0,0,0,0,0,0,0,0,0,0,0,0,0,0,0,0,0,0,0,0,0,0,0,0,0,0,0,0,0,0,0,0,0,0,0,0,0,0,0,0,0,0,0,0,0,0,0,0
Head 3,66,1.39E-32,5.90E-30,1.57E-29,3.65E-31,4.21E-33,1.18E-32,3.19E-29,4.61E-25,1.52E-23,2.18E-26,2.51E-31,2.15E-34,1.10E-32,8.99E-28,8.33E-24,2.33E-24,3.72E-29,5.02E-34,1.07E-34,2.04E-30,1.84E-24,6.87E-23,1.39E-24,2.02E-28,2.56E-31,4.89E-32,4.16E-28,6.86E-26,3.08E-28,7.19E-30,5.26E-29,2.81E-25,2.05E-21,2.91E-19,9.19E-23,2.89E-29,1.29E-33,1.99E-32,1.98E-27,2.04E-21,5.05E-19,9.39E-24,3.02E-29,4.02E-31,4.10E-28,5.70E-22,1.99E-21,1.32E-20,5.02E-24,1.10E-26,6.88E-25,1.24E-21,1.35E-19,4.70E-18,2.58E-19,2.60E-20,5.26E-19,1.04E-14,1.57E-11,2.76E-14,3.61E-18,1.00E-19,9.73E-16,1.11E-08,0.03244549,0.966956615,0.000597843,0,0,0,0,0,0,0,0,0,0,0,0,0,0,0,0,0,0,0,0,0,0,0,0,0,0,0,0,0,0,0,0,0,0,0,0,0,0,0,0,0,0,0,0,0,0,0,0,0,0,0,0,0,0,0,0,0,0,0,0,0
Head 3,67,4.78E-34,1.57E-32,1.53E-30,8.70E-30,2.96E-31,3.78E-33,6.29E-33,8.28E-30,9.18E-26,2.03E-24,2.79E-27,2.75E-32,3.44E-35,1.36E-33,1.02E-28,9.06E-25,2.16E-25,4.62E-30,1.01E-34,3.27E-35,9.99E-31,1.65E-25,7.36E-23,1.33E-24,4.68E-30,7.51E-34,4.26E-32,4.65E-29,4.20E-28,2.36E-29,8.46E-31,4.76E-30,1.33E-26,4.87E-22,1.43E-20,4.73E-24,3.99E-30,4.46E-34,1.54E-33,2.42E-27,9.04E-21,1.82E-20,3.16E-25,4.79E-30,6.94E-32,3.88E-28,1.60E-24,3.30E-20,4.16E-21,4.15E-25,1.19E-27,5.70E-26,2.53E-22,9.12E-19,5.15E-18,5.13E-20,1.18E-22,3.50E-20,1.81E-15,1.02E-13,1.42E-15,3.00E-19,1.02E-19,1.09E-16,9.62E-10,0.002240636,0.997754395,5.00E-06,0,0,0,0,0,0,0,0,0,0,0,0,0,0,0,0,0,0,0,0,0,0,0,0,0,0,0,0,0,0,0,0,0,0,0,0,0,0,0,0,0,0,0,0,0,0,0,0,0,0,0,0,0,0,0,0,0,0,0,0
Head 3,68,2.42E-29,7.57E-32,1.07E-31,1.55E-29,4.03E-28,6.07E-29,7.75E-31,4.26E-31,2.13E-28,1.05E-24,1.58E-23,2.15E-26,2.34E-31,1.83E-34,6.23E-33,6.83E-28,4.65E-24,4.68E-25,1.98E-30,8.93E-36,2.43E-36,1.73E-31,4.47E-25,1.31E-20,3.92E-24,2.57E-29,8.38E-32,1.27E-31,3.29E-28,1.32E-26,1.62E-26,2.56E-27,9.25E-27,5.74E-24,4.66E-20,1.91E-19,3.33E-23,2.38E-29,6.74E-35,4.32E-33,2.98E-26,1.46E-20,2.59E-20,1.01E-24,1.52E-30,3.56E-32,2.12E-29,3.75E-23,1.20E-18,8.26E-20,1.00E-25,3.44E-28,9.71E-27,6.11E-23,2.11E-18,2.83E-17,1.76E-21,1.15E-21,4.96E-20,1.43E-16,3.03E-15,3.36E-17,8.97E-20,5.95E-21,4.18E-17,3.26E-09,0.022988897,0.977009535,1.52E-06,0,0,0,0,0,0,0,0,0,0,0,0,0,0,0,0,0,0,0,0,0,0,0,0,0,0,0,0,0,0,0,0,0,0,0,0,0,0,0,0,0,0,0,0,0,0,0,0,0,0,0,0,0,0,0,0,0,0,0
Head 3,69,3.36E-25,5.04E-29,5.05E-32,8.46E-32,1.90E-29,6.26E-28,5.95E-29,4.69E-31,2.70E-31,1.84E-28,1.08E-24,2.23E-23,3.29E-26,2.28E-31,1.33E-34,6.72E-33,8.00E-28,6.53E-24,6.99E-25,2.31E-30,7.18E-36,1.93E-36,4.14E-32,2.65E-24,3.29E-22,1.39E-23,1.61E-27,1.39E-31,8.95E-31,6.34E-29,1.30E-26,2.32E-26,3.06E-27,5.49E-26,5.68E-23,8.55E-20,4.15E-19,6.85E-23,2.03E-31,1.11E-35,8.69E-33,2.65E-26,5.78E-21,5.73E-20,4.13E-24,3.82E-30,2.62E-32,2.29E-29,2.23E-22,2.58E-18,3.64E-22,4.54E-26,3.01E-28,1.64E-27,1.14E-22,2.31E-18,8.08E-20,1.26E-19,7.39E-21,6.99E-20,7.91E-17,2.71E-15,3.50E-16,4.64E-19,3.92E-21,4.33E-17,1.32E-09,0.037004076,0.962989151,6.73E-06,0,0,0,0,0,0,0,0,0,0,0,0,0,0,0,0,0,0,0,0,0,0,0,0,0,0,0,0,0,0,0,0,0,0,0,0,0,0,0,0,0,0,0,0,0,0,0,0,0,0,0,0,0,0,0,0,0,0
Head 3,70,1.92E-27,1.82E-28,1.30E-31,2.19E-33,2.97E-32,7.84E-30,4.55E-29,7.33E-31,3.56E-33,5.37E-33,1.24E-29,2.13E-25,9.10E-24,1.44E-26,1.03E-31,8.00E-35,3.56E-33,3.74E-28,4.93E-24,1.45E-24,2.20E-29,4.11E-34,4.28E-35,1.12E-30,2.53E-25,2.23E-22,9.26E-24,2.07E-28,1.86E-31,8.07E-32,1.86E-29,4.73E-28,5.86E-29,2.14E-28,8.76E-28,9.07E-25,1.03E-20,1.66E-19,1.84E-25,4.54E-32,4.19E-34,1.48E-32,1.13E-27,1.07E-21,2.43E-19,5.48E-24,3.03E-29,4.87E-31,1.52E-27,4.84E-22,1.07E-21,1.98E-23,1.61E-26,1.11E-27,1.40E-25,1.81E-21,2.20E-19,6.14E-18,1.55E-19,4.41E-22,8.46E-20,7.34E-16,1.91E-12,9.55E-13,4.76E-18,1.28E-19,9.73E-16,1.23E-08,0.026180141,0.972825825,0.000994031,0,0,0,0,0,0,0,0,0,0,0,0,0,0,0,0,0,0,0,0,0,0,0,0,0,0,0,0,0,0,0,0,0,0,0,0,0,0,0,0,0,0,0,0,0,0,0,0,0,0,0,0,0,0,0,0,0
Head 3,71,2.97E-30,1.43E-27,4.32E-29,2.22E-32,5.16E-34,1.18E-32,2.93E-30,1.36E-29,2.24E-31,1.30E-33,1.41E-33,1.86E-30,2.85E-26,8.05E-25,1.08E-27,8.92E-33,7.96E-36,3.04E-34,2.86E-29,2.81E-25,8.33E-26,3.48E-31,2.59E-35,1.14E-35,5.80E-31,1.18E-25,1.29E-22,7.15E-25,2.19E-30,5.88E-34,3.56E-33,1.75E-30,3.76E-29,4.42E-28,3.53E-29,2.47E-29,2.40E-26,2.08E-22,8.73E-23,4.58E-27,6.91E-31,2.59E-34,6.55E-34,8.24E-28,2.31E-21,4.37E-21,1.44E-25,5.38E-30,1.31E-31,2.23E-28,7.18E-25,3.59E-23,9.40E-25,2.25E-26,5.15E-28,1.29E-26,2.55E-22,6.18E-19,2.21E-18,1.40E-22,1.41E-23,2.23E-21,6.18E-17,5.41E-13,1.27E-15,3.06E-19,8.24E-20,9.18E-17,7.43E-10,0.001659255,0.99833411,6.60E-06,0,0,0,0,0,0,0,0,0,0,0,0,0,0,0,0,0,0,0,0,0,0,0,0,0,0,0,0,0,0,0,0,0,0,0,0,0,0,0,0,0,0,0,0,0,0,0,0,0,0,0,0,0,0,0,0
Head 3,72,3.62E-35,8.90E-30,2.49E-27,7.80E-29,5.03E-32,1.58E-33,2.82E-32,4.08E-30,1.82E-29,3.70E-31,1.91E-33,1.64E-33,3.37E-30,5.13E-26,1.68E-24,2.29E-27,1.70E-32,1.16E-35,4.48E-34,4.71E-29,6.26E-25,1.02E-26,2.58E-30,5.18E-35,7.25E-35,3.86E-31,5.24E-25,2.73E-22,5.32E-26,3.47E-31,9.41E-34,1.03E-32,3.05E-30,1.45E-27,2.83E-27,5.06E-29,5.63E-29,5.26E-26,6.67E-23,1.22E-22,1.95E-24,4.88E-30,9.56E-36,7.62E-34,6.59E-27,9.46E-22,1.48E-21,3.37E-24,1.28E-29,2.41E-31,7.29E-29,4.74E-25,4.18E-23,6.36E-22,4.17E-25,9.31E-28,1.01E-25,2.80E-22,1.98E-18,2.30E-20,7.25E-23,7.83E-24,6.66E-21,2.24E-15,9.36E-14,1.72E-15,1.41E-17,2.85E-19,1.45E-16,2.53E-09,0.078664251,0.921315074,2.07E-05,0,0,0,0,0,0,0,0,0,0,0,0,0,0,0,0,0,0,0,0,0,0,0,0,0,0,0,0,0,0,0,0,0,0,0,0,0,0,0,0,0,0,0,0,0,0,0,0,0,0,0,0,0,0,0
Head 3,73,4.91E-39,6.72E-35,1.05E-29,2.83E-27,9.47E-29,7.01E-32,1.74E-33,1.63E-32,2.55E-30,1.66E-29,2.92E-31,1.18E-33,1.41E-33,2.50E-30,4.74E-26,1.73E-24,2.15E-27,1.21E-32,7.09E-36,2.74E-34,4.09E-29,2.88E-26,1.17E-25,2.67E-30,6.73E-35,1.27E-35,6.51E-31,5.57E-25,9.05E-24,6.68E-27,2.59E-31,1.32E-33,8.23E-33,3.94E-30,5.89E-27,2.01E-27,4.94E-29,4.96E-29,1.20E-26,4.01E-23,5.66E-21,4.28E-24,1.77E-32,4.02E-36,5.29E-33,3.85E-27,2.37E-22,5.18E-20,1.74E-24,1.17E-29,1.38E-31,2.41E-29,2.71E-25,2.03E-20,4.58E-21,3.54E-25,8.14E-28,8.03E-27,4.41E-22,8.38E-20,8.68E-21,2.26E-23,6.28E-23,1.67E-19,4.95E-16,3.93E-14,3.36E-14,2.95E-17,3.79E-20,1.15E-16,5.82E-09,0.018078554,0.981903076,1.84E-05,0,0,0,0,0,0,0,0,0,0,0,0,0,0,0,0,0,0,0,0,0,0,0,0,0,0,0,0,0,0,0,0,0,0,0,0,0,0,0,0,0,0,0,0,0,0,0,0,0,0,0,0,0,0
Head 3,74,3.83E-38,1.13E-38,9.26E-35,1.08E-29,3.46E-27,1.40E-28,1.00E-31,1.45E-33,1.36E-32,3.16E-30,1.59E-29,2.42E-31,1.30E-33,1.18E-33,2.26E-30,4.91E-26,1.77E-24,2.19E-27,1.29E-32,7.04E-36,3.16E-34,2.88E-30,2.07E-25,1.38E-25,5.89E-31,4.23E-35,2.35E-35,7.10E-31,9.29E-26,1.96E-24,4.93E-27,3.86E-31,1.15E-33,1.74E-33,3.56E-29,3.62E-27,1.79E-27,4.56E-29,4.09E-30,6.23E-27,2.42E-22,8.01E-21,1.44E-26,8.79E-33,1.66E-34,1.13E-32,1.07E-27,3.61E-21,1.39E-20,2.01E-24,6.94E-30,1.02E-31,2.32E-29,1.85E-23,1.22E-19,4.72E-21,1.38E-26,2.40E-28,2.18E-26,4.62E-22,4.76E-20,4.62E-21,2.28E-21,2.58E-21,3.80E-20,1.66E-16,1.69E-13,1.24E-13,1.05E-18,3.63E-20,2.44E-16,2.60E-09,0.021415712,0.978566885,1.74E-05,0,0,0,0,0,0,0,0,0,0,0,0,0,0,0,0,0,0,0,0,0,0,0,0,0,0,0,0,0,0,0,0,0,0,0,0,0,0,0,0,0,0,0,0,0,0,0,0,0,0,0,0,0
Head 3,75,6.55E-33,7.60E-38,1.43E-38,8.70E-35,1.53E-29,5.08E-27,1.84E-28,8.75E-32,1.18E-33,1.79E-32,3.22E-30,1.37E-29,2.71E-31,1.10E-33,1.04E-33,2.62E-30,5.65E-26,1.98E-24,2.63E-27,1.32E-32,8.44E-36,2.33E-35,9.27E-30,5.38E-25,8.70E-27,2.39E-30,6.65E-35,2.58E-35,1.11E-30,4.20E-26,1.85E-24,8.02E-27,3.79E-31,4.07E-34,5.20E-32,2.01E-29,3.66E-27,1.81E-27,7.68E-31,2.20E-30,2.26E-26,4.23E-22,1.38E-22,8.80E-27,1.65E-30,7.50E-34,1.51E-33,6.38E-27,1.42E-21,1.86E-20,3.90E-25,8.18E-30,1.21E-31,1.10E-28,1.21E-22,1.54E-19,1.20E-23,1.11E-25,8.94E-28,1.14E-25,2.86E-22,3.32E-20,7.17E-19,5.32E-20,8.82E-23,1.08E-20,1.44E-16,1.24E-12,3.10E-15,8.07E-19,2.51E-19,2.53E-16,3.48E-09,0.024309156,0.975670815,2.00E-05,0,0,0,0,0,0,0,0,0,0,0,0,0,0,0,0,0,0,0,0,0,0,0,0,0,0,0,0,0,0,0,0,0,0,0,0,0,0,0,0,0,0,0,0,0,0,0,0,0,0,0,0
Head 3,76,4.86E-27,1.44E-32,9.66E-38,1.48E-38,1.61E-34,2.77E-29,7.81E-27,2.14E-28,8.62E-32,1.65E-33,1.99E-32,2.73E-30,1.65E-29,2.57E-31,1.07E-33,1.42E-33,3.47E-30,6.84E-26,2.79E-24,3.10E-27,1.77E-32,2.84E-37,5.70E-35,5.88E-29,3.28E-26,1.38E-25,3.99E-30,8.62E-35,1.10E-34,8.24E-31,5.08E-26,3.25E-24,9.22E-27,1.35E-30,2.61E-32,2.63E-32,2.64E-29,4.69E-27,2.27E-29,5.03E-31,2.84E-29,6.18E-26,5.80E-23,1.20E-22,2.18E-24,8.07E-30,1.90E-35,9.74E-33,6.87E-27,2.35E-21,2.64E-21,8.99E-25,1.24E-29,1.43E-31,6.36E-28,1.51E-22,2.76E-22,2.05E-21,4.57E-25,1.36E-27,6.69E-26,2.45E-22,7.57E-19,7.15E-18,2.51E-22,2.51E-23,8.71E-21,2.38E-15,1.12E-13,2.14E-15,2.38E-17,4.85E-19,3.09E-16,3.80E-09,0.024786865,0.975192726,2.04E-05,0,0,0,0,0,0,0,0,0,0,0,0,0,0,0,0,0,0,0,0,0,0,0,0,0,0,0,0,0,0,0,0,0,0,0,0,0,0,0,0,0,0,0,0,0,0,0,0,0,0,0
Head 3,77,8.39E-25,1.28E-26,1.86E-32,1.15E-37,2.83E-38,3.01E-34,4.53E-29,1.05E-26,2.62E-28,1.22E-31,1.95E-33,1.54E-32,3.21E-30,1.60E-29,2.71E-31,1.60E-33,1.93E-33,3.87E-30,9.39E-26,3.62E-24,4.90E-27,2.63E-34,1.67E-36,6.14E-34,5.28E-30,4.42E-25,2.82E-25,5.65E-30,1.45E-34,9.79E-35,1.08E-30,8.37E-26,4.00E-24,2.78E-25,7.40E-29,1.20E-32,3.78E-32,3.58E-29,2.67E-28,1.57E-29,4.01E-29,1.04E-28,1.75E-26,5.50E-23,7.17E-21,6.97E-24,4.43E-32,4.62E-34,2.43E-32,1.06E-26,5.30E-22,9.24E-21,1.73E-24,2.62E-29,5.06E-31,7.18E-28,2.01E-24,8.53E-20,7.47E-21,2.62E-26,6.59E-28,5.46E-26,2.67E-22,3.94E-18,3.10E-20,9.66E-23,1.43E-22,2.83E-19,9.19E-16,6.16E-14,6.46E-14,6.73E-17,5.54E-19,3.38E-16,4.40E-09,0.025280967,0.974698842,2.02E-05,0,0,0,0,0,0,0,0,0,0,0,0,0,0,0,0,0,0,0,0,0,0,0,0,0,0,0,0,0,0,0,0,0,0,0,0,0,0,0,0,0,0,0,0,0,0,0,0,0,0
Head 3,78,1.11E-27,1.66E-24,1.29E-26,1.87E-32,1.26E-37,2.81E-38,2.52E-34,2.87E-29,7.57E-27,2.09E-28,9.11E-32,9.30E-34,1.06E-32,1.78E-30,1.03E-29,2.52E-31,1.25E-33,1.12E-33,2.76E-30,7.90E-26,4.47E-24,6.21E-29,4.71E-33,1.15E-35,3.03E-35,1.84E-29,1.09E-24,3.12E-25,1.09E-30,1.04E-34,8.57E-35,9.94E-31,6.66E-26,1.05E-22,4.45E-24,2.83E-29,1.23E-32,3.62E-32,1.68E-29,1.03E-28,1.52E-27,9.97E-29,5.92E-30,9.47E-27,3.92E-22,1.25E-20,2.58E-26,4.19E-30,1.06E-33,1.89E-32,1.80E-27,1.02E-21,1.37E-20,1.17E-23,2.61E-29,3.82E-31,8.77E-29,5.83E-23,1.94E-19,1.64E-23,7.81E-27,3.20E-28,7.88E-27,8.66E-22,1.14E-19,1.20E-20,4.53E-21,3.81E-21,6.58E-20,2.62E-16,2.99E-13,2.23E-13,6.51E-17,5.09E-19,3.31E-16,3.75E-09,0.02329869,0.97667408,2.72E-05,0,0,0,0,0,0,0,0,0,0,0,0,0,0,0,0,0,0,0,0,0,0,0,0,0,0,0,0,0,0,0,0,0,0,0,0,0,0,0,0,0,0,0,0,0,0,0,0,0
Head 3,79,6.44E-33,1.62E-27,1.68E-24,1.30E-26,1.87E-32,1.37E-37,2.61E-38,1.36E-34,1.75E-29,5.07E-27,1.37E-28,4.65E-32,6.31E-34,5.59E-33,1.09E-30,9.72E-30,2.02E-31,7.10E-34,6.42E-34,1.71E-30,6.80E-26,1.63E-25,1.66E-27,1.60E-32,2.60E-37,7.10E-35,7.89E-29,8.32E-25,1.01E-26,5.99E-31,7.28E-35,6.24E-35,7.00E-31,2.36E-25,4.45E-22,1.79E-24,2.26E-29,1.02E-32,7.63E-32,3.54E-30,1.49E-27,2.57E-27,7.88E-31,2.43E-30,2.71E-26,4.64E-22,1.64E-22,3.52E-24,8.21E-30,8.87E-34,1.51E-33,1.85E-27,1.07E-21,1.23E-19,2.77E-24,2.01E-29,2.13E-31,1.93E-28,1.24E-22,2.49E-22,4.66E-24,3.14E-27,1.41E-28,3.33E-26,4.92E-22,5.27E-20,9.73E-19,6.20E-20,1.18E-22,1.28E-20,1.49E-16,1.22E-12,1.63E-13,5.52E-17,4.77E-19,2.72E-16,2.93E-09,0.017303996,0.982671201,2.48E-05,0,0,0,0,0,0,0,0,0,0,0,0,0,0,0,0,0,0,0,0,0,0,0,0,0,0,0,0,0,0,0,0,0,0,0,0,0,0,0,0,0,0,0,0,0,0,0,0
Head 3,80,6.91E-35,7.22E-31,6.72E-25,1.02E-21,5.64E-24,3.38E-30,7.45E-36,8.41E-37,2.28E-32,3.61E-26,4.29E-23,7.68E-25,2.98E-29,1.65E-32,2.28E-32,6.81E-30,2.18E-28,1.49E-29,8.85E-32,4.62E-32,5.42E-29,2.74E-25,6.81E-24,1.52E-26,2.47E-34,1.50E-36,3.07E-33,3.57E-28,4.07E-26,9.18E-28,1.14E-32,3.02E-37,1.82E-37,1.96E-32,3.88E-24,1.43E-20,1.73E-22,7.39E-28,1.34E-31,3.72E-32,1.73E-29,3.54E-25,2.83E-26,2.18E-27,2.68E-26,1.42E-23,1.08E-20,4.41E-20,2.72E-23,2.64E-29,3.12E-35,2.00E-33,8.28E-27,1.71E-20,5.50E-20,2.11E-24,1.67E-30,5.40E-33,5.28E-29,1.23E-24,5.77E-22,3.29E-23,2.17E-25,4.81E-28,1.30E-26,4.32E-23,7.06E-19,2.34E-17,9.57E-22,5.18E-23,8.92E-22,1.64E-17,3.02E-15,4.09E-16,2.00E-19,3.62E-21,6.84E-18,3.41E-10,0.009532584,0.990465641,1.83E-06,0,0,0,0,0,0,0,0,0,0,0,0,0,0,0,0,0,0,0,0,0,0,0,0,0,0,0,0,0,0,0,0,0,0,0,0,0,0,0,0,0,0,0,0,0,0,0
Head 3,81,2.51E-34,1.35E-34,3.01E-30,1.80E-24,3.60E-21,2.44E-23,9.36E-30,1.06E-35,8.86E-37,3.04E-32,4.20E-26,6.11E-23,1.33E-24,4.51E-29,2.36E-32,4.78E-32,1.22E-29,2.67E-28,1.81E-29,1.22E-31,1.03E-31,7.11E-29,7.31E-25,4.15E-23,3.78E-28,1.70E-32,1.92E-34,7.81E-33,1.36E-29,1.05E-26,2.05E-27,3.71E-32,6.60E-37,2.47E-37,5.05E-31,3.79E-24,3.25E-20,5.03E-22,5.59E-28,4.13E-32,9.04E-33,4.23E-28,4.94E-26,3.27E-26,1.78E-25,3.56E-25,5.00E-23,3.47E-20,3.81E-19,1.16E-22,2.01E-31,1.47E-35,2.49E-33,2.43E-26,1.42E-20,1.59E-19,1.95E-24,4.12E-30,3.73E-32,2.15E-29,9.62E-25,6.62E-22,2.79E-20,6.62E-24,1.51E-27,1.98E-26,6.52E-23,3.17E-18,8.63E-20,6.46E-22,4.38E-22,4.01E-20,3.96E-17,1.09E-14,1.12E-15,4.87E-19,8.46E-21,1.61E-17,8.86E-10,0.032217886,0.967774332,7.72E-06,0,0,0,0,0,0,0,0,0,0,0,0,0,0,0,0,0,0,0,0,0,0,0,0,0,0,0,0,0,0,0,0,0,0,0,0,0,0,0,0,0,0,0,0,0,0
Head 3,82,7.38E-32,2.22E-35,1.62E-35,3.69E-32,1.24E-26,1.54E-23,1.27E-25,1.21E-31,2.15E-37,1.34E-38,4.97E-35,5.20E-30,2.50E-27,1.09E-28,5.07E-32,8.29E-34,9.08E-33,1.33E-30,5.81E-30,9.20E-32,5.73E-34,5.59E-35,2.21E-30,2.48E-25,1.21E-24,1.75E-26,1.93E-31,1.20E-34,1.68E-34,3.91E-30,6.71E-26,5.68E-26,4.96E-30,2.15E-34,6.75E-35,9.13E-31,8.89E-25,8.94E-22,4.59E-25,1.17E-29,1.02E-32,3.42E-31,7.02E-29,3.37E-28,7.27E-27,7.25E-28,4.32E-29,8.21E-25,1.13E-20,2.75E-19,1.79E-25,6.23E-32,1.28E-35,1.48E-32,7.12E-27,3.84E-21,7.28E-21,4.71E-23,1.35E-28,1.41E-30,1.90E-28,1.24E-24,1.35E-19,7.64E-20,1.05E-25,2.83E-27,3.06E-26,1.79E-21,1.70E-19,1.79E-20,1.61E-20,1.33E-20,9.24E-19,1.71E-14,1.24E-11,1.44E-12,3.64E-16,2.20E-18,1.09E-15,1.69E-08,0.028690403,0.968720019,0.002589549,0,0,0,0,0,0,0,0,0,0,0,0,0,0,0,0,0,0,0,0,0,0,0,0,0,0,0,0,0,0,0,0,0,0,0,0,0,0,0,0,0,0,0,0,0
Head 3,83,8.07E-31,3.85E-33,9.96E-36,2.25E-36,8.39E-33,1.58E-27,1.12E-24,7.67E-27,7.74E-33,3.32E-38,4.18E-39,1.97E-35,3.26E-30,8.39E-28,1.76E-29,6.30E-33,8.01E-35,7.59E-34,1.51E-31,1.06E-30,2.70E-32,7.18E-37,2.47E-35,4.97E-31,4.27E-27,5.82E-25,1.16E-27,8.73E-33,1.30E-37,1.31E-36,1.89E-31,3.21E-27,1.54E-27,6.75E-31,2.38E-35,5.90E-36,2.04E-31,1.54E-25,2.61E-24,4.04E-27,5.86E-31,3.78E-33,1.82E-32,8.59E-31,3.55E-28,6.97E-28,2.54E-31,1.04E-29,1.65E-26,1.57E-22,4.22E-23,3.09E-27,3.31E-33,9.13E-35,4.96E-33,1.73E-27,9.39E-23,2.56E-20,1.08E-24,4.13E-30,6.37E-32,9.93E-30,7.07E-24,6.93E-20,3.21E-24,1.95E-27,4.54E-29,8.92E-27,1.65E-22,1.50E-20,3.07E-19,1.60E-20,5.57E-22,4.58E-20,4.80E-16,3.21E-13,5.25E-14,1.95E-17,1.65E-19,9.46E-17,5.59E-10,0.000939112,0.999051988,8.84E-06,0,0,0,0,0,0,0,0,0,0,0,0,0,0,0,0,0,0,0,0,0,0,0,0,0,0,0,0,0,0,0,0,0,0,0,0,0,0,0,0,0,0,0,0
Head 3,84,1.12E-31,9.93E-31,2.18E-32,1.65E-35,5.75E-36,1.56E-32,3.14E-27,2.50E-24,1.71E-26,1.49E-32,5.12E-38,3.97E-39,2.97E-35,4.43E-30,1.32E-27,3.50E-29,1.05E-32,8.93E-35,7.69E-34,2.01E-31,2.24E-30,6.60E-35,1.62E-35,2.79E-34,3.17E-31,2.36E-26,1.71E-24,2.77E-27,1.68E-34,2.84E-38,1.99E-36,5.10E-31,6.75E-27,7.80E-26,2.49E-30,3.40E-35,1.31E-35,3.94E-31,6.15E-26,2.18E-24,1.83E-25,2.12E-29,9.91E-33,7.79E-33,2.39E-30,2.68E-27,1.05E-29,2.39E-29,4.81E-29,3.95E-26,3.09E-23,7.12E-23,5.89E-27,2.11E-30,6.42E-34,8.12E-33,7.13E-28,3.78E-21,1.91E-20,3.99E-25,8.84E-30,1.06E-31,9.03E-29,1.23E-22,1.32E-22,2.96E-24,3.88E-26,8.35E-28,8.63E-26,1.84E-22,4.48E-19,3.95E-18,2.63E-20,1.51E-21,9.57E-20,9.50E-16,8.12E-13,1.32E-13,4.38E-17,3.67E-19,1.29E-16,1.75E-09,0.068678431,0.931286633,3.49E-05,0,0,0,0,0,0,0,0,0,0,0,0,0,0,0,0,0,0,0,0,0,0,0,0,0,0,0,0,0,0,0,0,0,0,0,0,0,0,0,0,0,0,0
Head 3,85,9.60E-35,8.51E-32,3.18E-30,6.02E-32,1.76E-34,1.45E-34,1.58E-30,8.69E-25,1.56E-21,6.34E-24,1.56E-30,1.34E-36,1.48E-37,4.23E-33,8.69E-27,1.87E-23,3.24E-25,6.88E-30,2.31E-33,3.20E-33,1.23E-30,2.00E-31,2.48E-31,4.41E-32,3.56E-33,7.93E-30,3.42E-25,1.17E-23,9.17E-29,1.32E-35,3.60E-39,5.23E-37,1.16E-31,1.09E-25,2.56E-25,4.54E-31,1.88E-36,5.46E-37,3.16E-32,1.49E-26,9.77E-22,1.58E-22,8.22E-29,6.56E-33,1.61E-33,9.61E-29,1.21E-26,7.72E-25,1.53E-25,7.53E-26,7.81E-24,2.76E-21,8.98E-22,3.80E-24,1.73E-29,9.15E-34,1.85E-33,6.33E-27,4.06E-21,1.06E-20,5.68E-25,8.44E-31,2.38E-33,5.00E-29,6.24E-25,3.34E-22,7.67E-21,1.38E-24,4.04E-28,4.38E-27,1.42E-23,7.50E-19,1.04E-17,1.45E-19,1.44E-21,6.43E-21,7.86E-18,1.86E-15,2.14E-16,1.14E-19,1.58E-21,1.85E-17,2.42E-10,0.006406424,0.993591964,1.61E-06,0,0,0,0,0,0,0,0,0,0,0,0,0,0,0,0,0,0,0,0,0,0,0,0,0,0,0,0,0,0,0,0,0,0,0,0,0,0,0,0,0,0
Head 3,86,3.40E-36,2.22E-34,5.79E-31,1.12E-29,2.61E-31,5.00E-34,4.19E-34,3.13E-30,2.66E-24,4.97E-21,2.00E-23,4.66E-30,3.48E-36,2.20E-37,6.86E-33,2.15E-26,5.09E-23,8.21E-25,1.48E-29,4.96E-33,8.44E-33,1.41E-31,4.21E-30,1.41E-29,1.03E-33,1.33E-32,1.02E-28,1.29E-24,2.44E-24,6.79E-29,3.40E-35,1.94E-38,1.39E-36,1.91E-29,1.19E-23,6.15E-25,1.90E-30,6.83E-36,1.33E-36,2.38E-32,5.23E-25,3.94E-20,7.16E-24,3.63E-29,4.13E-33,1.76E-31,2.99E-28,3.22E-25,7.81E-24,7.86E-25,5.54E-26,1.69E-23,9.44E-21,1.16E-19,9.60E-23,5.67E-29,3.26E-35,1.18E-32,2.04E-26,5.37E-21,6.15E-20,3.13E-24,3.81E-30,4.49E-32,1.48E-29,6.86E-25,3.92E-19,3.15E-19,1.79E-25,6.08E-28,1.17E-27,8.29E-23,2.12E-18,3.81E-17,4.55E-19,4.46E-21,2.64E-20,3.46E-17,6.74E-15,7.91E-16,4.59E-20,3.73E-21,8.85E-18,7.41E-10,0.036147915,0.963843763,8.31E-06,0,0,0,0,0,0,0,0,0,0,0,0,0,0,0,0,0,0,0,0,0,0,0,0,0,0,0,0,0,0,0,0,0,0,0,0,0,0,0,0,0
Head 3,87,1.60E-36,2.51E-37,1.68E-34,4.72E-31,1.03E-29,7.05E-32,4.76E-35,8.63E-36,2.68E-32,8.48E-27,1.07E-23,9.07E-26,5.78E-32,6.47E-38,2.33E-39,1.28E-35,2.81E-30,1.36E-27,4.36E-29,1.23E-32,1.28E-34,4.13E-34,1.32E-32,4.48E-30,1.47E-34,4.33E-35,1.13E-33,4.19E-30,4.56E-26,6.92E-25,1.66E-28,3.46E-34,1.98E-37,2.36E-34,4.76E-28,3.67E-24,1.10E-24,1.81E-29,3.39E-34,1.63E-34,5.26E-31,9.46E-25,2.49E-23,7.05E-26,1.48E-29,1.24E-31,4.46E-31,2.75E-29,1.84E-26,1.42E-26,2.73E-30,1.24E-29,4.64E-26,5.54E-21,1.49E-19,8.32E-23,8.80E-32,9.99E-34,1.71E-32,9.23E-28,7.37E-22,3.64E-20,9.65E-23,1.52E-28,1.42E-30,1.83E-28,1.03E-22,1.28E-18,5.50E-23,2.99E-26,8.37E-28,8.77E-26,1.04E-21,4.78E-18,1.40E-17,1.49E-19,1.09E-20,1.08E-18,1.23E-14,9.31E-12,1.94E-14,5.89E-18,1.98E-18,1.38E-15,2.50E-08,0.032916524,0.963787377,0.003296061,0,0,0,0,0,0,0,0,0,0,0,0,0,0,0,0,0,0,0,0,0,0,0,0,0,0,0,0,0,0,0,0,0,0,0,0,0,0,0,0
Head 3,88,6.29E-35,4.78E-38,2.40E-38,7.81E-36,3.20E-32,4.79E-31,3.78E-33,2.49E-36,5.71E-37,1.71E-33,4.10E-28,4.14E-25,2.79E-27,1.60E-33,2.73E-39,2.64E-40,2.23E-36,4.68E-31,1.68E-28,2.98E-30,6.47E-34,2.54E-36,2.12E-36,3.74E-32,1.36E-33,4.90E-34,7.26E-35,7.64E-35,5.64E-32,9.75E-28,1.18E-26,2.73E-30,5.97E-36,1.69E-37,1.60E-34,7.07E-30,8.09E-26,2.09E-26,6.95E-32,7.08E-36,1.32E-36,7.92E-32,1.16E-26,4.17E-25,3.25E-26,4.57E-30,2.36E-33,4.13E-34,2.25E-30,5.25E-28,1.57E-30,4.13E-32,2.18E-31,3.41E-27,6.38E-23,2.01E-21,2.67E-27,7.52E-31,1.03E-34,1.49E-34,1.60E-28,1.38E-22,2.92E-20,6.26E-25,2.33E-30,3.21E-32,1.92E-29,2.52E-23,2.96E-23,5.47E-25,8.38E-27,1.34E-28,2.20E-27,4.93E-23,2.54E-19,6.75E-19,6.60E-21,3.69E-22,2.03E-20,1.91E-16,1.08E-14,2.84E-16,3.91E-18,8.86E-20,5.32E-17,3.13E-10,0.000614017,0.999375165,1.08E-05,0,0,0,0,0,0,0,0,0,0,0,0,0,0,0,0,0,0,0,0,0,0,0,0,0,0,0,0,0,0,0,0,0,0,0,0,0,0,0
Head 3,89,3.36E-30,4.32E-32,1.60E-34,2.10E-35,2.98E-33,3.41E-30,5.14E-29,9.78E-31,2.64E-33,2.17E-33,1.71E-29,6.58E-24,8.24E-21,2.73E-23,6.18E-30,7.63E-36,9.38E-37,2.91E-32,5.54E-26,8.22E-23,1.24E-24,5.78E-30,3.78E-34,2.64E-32,6.27E-31,3.02E-29,2.07E-28,2.53E-30,1.72E-31,1.52E-28,7.89E-25,2.00E-24,1.48E-28,6.07E-32,3.75E-33,4.67E-32,4.88E-27,2.76E-23,5.74E-26,2.62E-31,1.06E-35,2.12E-35,8.59E-31,2.28E-25,5.95E-21,8.13E-22,8.96E-28,1.51E-32,1.83E-31,4.44E-28,5.67E-26,4.98E-26,8.10E-27,1.35E-25,3.58E-23,2.92E-20,7.45E-21,2.10E-23,5.63E-29,1.70E-34,1.45E-32,3.82E-26,3.19E-20,7.96E-20,1.89E-24,5.05E-30,1.11E-32,2.16E-28,5.47E-24,2.60E-21,4.14E-20,7.92E-24,1.32E-27,5.28E-27,1.04E-22,2.06E-18,3.41E-17,6.37E-19,8.60E-21,3.42E-20,1.35E-16,3.46E-15,2.36E-16,8.66E-19,2.71E-20,2.93E-16,1.29E-08,0.024253247,0.975746751,5.22E-09,0,0,0,0,0,0,0,0,0,0,0,0,0,0,0,0,0,0,0,0,0,0,0,0,0,0,0,0,0,0,0,0,0,0,0,0,0,0
Head 3,90,1.02E-29,6.50E-29,2.14E-30,4.48E-33,9.38E-34,1.14E-31,1.32E-28,1.96E-27,4.21E-29,9.70E-32,8.00E-32,4.98E-28,3.18E-22,3.85E-19,1.37E-21,3.47E-28,2.89E-34,2.13E-35,6.71E-31,1.51E-24,3.48E-21,2.33E-24,5.44E-29,5.33E-31,5.76E-31,1.65E-29,4.72E-26,8.38E-27,7.39E-31,9.38E-31,5.37E-27,4.40E-23,9.61E-23,1.11E-24,1.50E-28,4.85E-32,2.79E-30,2.59E-25,2.67E-23,8.45E-25,1.14E-28,3.14E-33,7.47E-34,9.21E-30,8.30E-23,3.21E-18,8.88E-22,1.32E-26,9.24E-30,8.70E-30,1.76E-26,1.14E-24,1.86E-24,2.02E-23,2.76E-23,2.21E-21,9.57E-19,5.25E-18,2.46E-21,1.19E-29,2.22E-33,3.47E-31,1.60E-24,5.26E-19,1.84E-18,1.13E-22,1.63E-28,2.71E-30,2.19E-27,8.01E-23,2.46E-17,1.82E-17,3.37E-22,6.99E-26,2.58E-25,4.32E-21,8.80E-17,1.58E-15,2.85E-17,3.40E-19,3.66E-18,3.30E-15,4.86E-14,4.33E-14,4.26E-17,1.05E-18,1.32E-14,7.93E-08,0.976494133,0.023505414,3.60E-07,0,0,0,0,0,0,0,0,0,0,0,0,0,0,0,0,0,0,0,0,0,0,0,0,0,0,0,0,0,0,0,0,0,0,0,0,0
Head 3,91,8.35E-30,1.13E-27,3.36E-27,1.90E-29,5.77E-32,3.02E-32,1.19E-29,2.06E-26,2.99E-25,2.32E-27,2.08E-30,4.26E-31,1.24E-27,1.95E-22,1.34E-19,7.45E-22,4.62E-28,8.48E-34,5.24E-35,2.89E-31,6.07E-26,6.29E-25,4.53E-26,1.52E-28,7.26E-31,1.05E-30,2.08E-26,2.42E-25,1.00E-29,2.49E-32,6.79E-31,2.46E-26,6.95E-22,1.16E-19,2.65E-22,2.25E-27,3.34E-30,1.94E-28,1.10E-24,3.64E-21,2.21E-20,6.12E-25,2.91E-29,1.76E-29,3.92E-26,2.82E-20,4.08E-19,1.46E-20,9.15E-25,4.09E-28,2.19E-27,8.55E-26,1.04E-24,4.14E-23,3.75E-24,3.73E-24,2.81E-22,1.23E-17,1.96E-16,2.68E-22,3.91E-28,2.74E-31,4.64E-28,1.31E-22,5.55E-18,1.03E-16,2.33E-19,6.34E-25,1.52E-26,2.08E-24,6.05E-19,4.61E-15,1.92E-16,2.36E-20,4.71E-23,6.80E-22,7.96E-18,2.67E-14,7.74E-14,9.81E-16,4.59E-18,1.01E-15,4.58E-12,3.15E-08,7.00E-09,9.86E-14,7.56E-15,4.97E-11,0.000233765,0.14333263,0.855708838,0.00072463,0,0,0,0,0,0,0,0,0,0,0,0,0,0,0,0,0,0,0,0,0,0,0,0,0,0,0,0,0,0,0,0,0,0,0,0
Head 3,92,1.75E-32,9.23E-31,3.58E-28,7.49E-28,5.78E-30,1.53E-32,7.31E-33,1.80E-30,3.95E-27,4.97E-26,4.29E-28,3.32E-31,9.78E-32,1.93E-28,2.71E-23,1.88E-20,8.63E-23,5.21E-29,1.17E-34,1.11E-35,1.09E-31,3.59E-27,1.12E-24,1.10E-25,3.64E-30,1.27E-32,1.06E-29,4.19E-27,1.26E-28,1.17E-31,4.24E-33,1.78E-31,3.41E-27,2.97E-22,1.41E-20,2.06E-23,2.71E-28,4.12E-31,1.47E-30,5.08E-26,5.78E-21,2.47E-21,1.75E-26,2.85E-30,4.74E-31,1.75E-26,1.28E-21,5.95E-19,5.71E-21,7.93E-26,5.83E-29,5.15E-29,6.45E-27,4.66E-24,9.67E-24,3.10E-25,1.27E-26,8.80E-23,6.25E-19,1.32E-19,1.77E-23,4.61E-29,2.46E-30,1.18E-28,1.01E-23,2.73E-18,3.34E-16,7.73E-21,5.84E-26,1.08E-27,4.34E-25,3.68E-19,3.71E-16,1.97E-17,1.79E-21,3.80E-24,7.88E-23,1.19E-18,3.88E-15,1.03E-14,1.07E-18,2.40E-19,2.04E-17,3.11E-12,2.27E-09,1.01E-11,8.01E-15,4.79E-15,3.30E-12,5.46E-08,0.011974941,0.988005698,1.94E-05,0,0,0,0,0,0,0,0,0,0,0,0,0,0,0,0,0,0,0,0,0,0,0,0,0,0,0,0,0,0,0,0,0,0,0
Head 3,93,1.26E-30,1.77E-32,9.54E-31,4.45E-28,6.69E-27,1.66E-28,4.15E-31,3.86E-32,3.55E-30,4.96E-27,9.09E-26,1.67E-27,4.36E-30,2.47E-30,1.67E-26,1.27E-20,2.19E-17,6.89E-20,9.65E-27,5.39E-33,6.43E-34,3.79E-29,2.67E-23,2.54E-19,1.73E-22,4.05E-27,5.45E-29,1.15E-28,1.92E-27,3.47E-28,2.50E-29,3.31E-30,4.26E-29,3.19E-25,1.02E-20,1.73E-19,2.81E-22,3.05E-27,1.30E-32,1.24E-31,5.04E-25,5.57E-20,7.14E-23,3.66E-28,2.00E-32,5.86E-32,1.94E-27,7.28E-21,1.21E-16,1.36E-18,8.57E-25,8.87E-29,1.23E-28,9.64E-26,2.81E-21,2.59E-20,4.46E-23,3.57E-22,4.69E-20,2.20E-17,5.81E-18,1.22E-22,1.35E-26,1.70E-29,5.35E-29,7.93E-23,6.54E-17,2.03E-16,3.99E-21,1.02E-26,1.83E-29,3.14E-25,5.25E-19,7.80E-15,5.88E-16,1.19E-20,2.39E-24,9.74E-24,1.72E-19,4.25E-15,2.40E-16,3.31E-18,6.68E-19,4.12E-17,3.29E-14,6.63E-12,1.76E-13,6.15E-16,4.08E-17,1.09E-14,1.44E-07,0.038405545,0.96158278,1.15E-05,0,0,0,0,0,0,0,0,0,0,0,0,0,0,0,0,0,0,0,0,0,0,0,0,0,0,0,0,0,0,0,0,0,0
Head 3,94,2.13E-27,4.43E-31,1.86E-32,4.62E-31,3.15E-28,4.15E-27,1.01E-28,1.58E-31,1.81E-32,2.16E-30,3.06E-27,5.46E-26,1.27E-27,2.18E-30,1.10E-30,1.07E-26,1.01E-20,1.73E-17,5.66E-20,6.55E-27,3.37E-33,6.78E-34,2.42E-30,5.84E-23,5.32E-21,2.52E-22,7.14E-26,3.70E-29,2.88E-29,3.19E-29,1.22E-28,2.23E-29,1.58E-30,1.98E-28,1.51E-24,6.11E-21,1.60E-19,2.64E-22,6.33E-30,8.66E-34,3.15E-30,1.02E-23,5.75E-22,2.05E-23,3.21E-27,1.24E-31,2.63E-32,5.10E-28,1.99E-20,1.10E-16,1.81E-20,1.13E-25,3.91E-29,1.32E-29,7.71E-25,2.27E-21,1.92E-22,1.23E-21,7.36E-22,5.52E-20,1.56E-17,4.74E-18,1.55E-20,1.26E-25,1.64E-31,1.51E-29,4.78E-23,2.00E-17,6.32E-17,4.15E-21,5.50E-27,7.22E-29,1.83E-25,5.00E-19,7.00E-15,5.62E-16,1.26E-20,2.34E-24,6.52E-24,1.25E-19,1.11E-16,9.49E-17,8.43E-17,8.55E-18,3.58E-17,1.23E-13,4.84E-12,4.69E-13,1.16E-15,1.24E-18,8.39E-15,1.00E-08,0.030643612,0.969341874,1.45E-05,0,0,0,0,0,0,0,0,0,0,0,0,0,0,0,0,0,0,0,0,0,0,0,0,0,0,0,0,0,0,0,0,0
Head 3,95,6.61E-26,6.73E-28,3.69E-31,7.86E-33,2.86E-31,1.68E-28,2.29E-27,4.03E-29,7.04E-32,9.61E-33,1.12E-30,1.38E-27,3.54E-26,6.42E-28,9.66E-31,5.65E-31,6.26E-27,5.28E-21,1.13E-17,3.63E-20,4.75E-27,2.42E-33,1.38E-35,7.22E-30,4.24E-24,1.36E-20,1.60E-21,4.22E-26,1.38E-29,4.03E-31,1.06E-29,1.15E-28,9.87E-30,1.06E-28,2.16E-27,5.25E-25,4.07E-21,1.00E-19,1.04E-24,5.84E-31,5.70E-32,9.24E-29,7.24E-26,8.15E-23,4.47E-22,1.31E-26,2.21E-32,2.54E-33,1.28E-27,1.15E-20,5.95E-19,2.13E-21,3.41E-26,5.54E-30,1.84E-28,4.06E-25,6.31E-23,9.87E-21,1.49E-21,9.96E-23,2.37E-20,8.87E-18,5.31E-17,7.49E-20,2.00E-28,3.91E-32,1.88E-29,3.08E-23,7.26E-18,6.61E-17,7.07E-21,6.40E-27,3.56E-29,1.21E-25,3.33E-19,4.51E-15,4.24E-16,9.55E-21,1.31E-24,4.09E-24,1.28E-19,4.66E-17,7.13E-15,4.45E-16,5.28E-18,4.01E-17,5.65E-14,1.16E-12,8.07E-13,4.71E-18,6.78E-19,5.89E-16,5.13E-09,0.101943485,0.898043871,1.27E-05,0,0,0,0,0,0,0,0,0,0,0,0,0,0,0,0,0,0,0,0,0,0,0,0,0,0,0,0,0,0,0,0
Head 3,96,3.18E-28,4.67E-26,8.48E-28,2.87E-31,7.63E-33,2.35E-31,1.48E-28,1.60E-27,3.21E-29,5.89E-32,7.98E-33,6.75E-31,1.32E-27,2.99E-26,5.36E-28,8.25E-31,5.10E-31,4.32E-27,4.48E-21,9.76E-18,4.31E-20,1.72E-27,1.26E-34,1.18E-34,6.43E-30,5.28E-24,8.18E-20,1.55E-21,6.52E-27,3.33E-31,1.92E-31,1.51E-29,7.46E-29,5.21E-27,4.32E-27,8.39E-28,5.35E-25,3.37E-21,5.00E-21,2.50E-25,1.31E-28,2.24E-30,5.13E-31,7.81E-27,2.75E-21,2.62E-21,6.35E-28,1.05E-32,1.13E-32,9.78E-28,4.40E-22,1.21E-19,8.28E-22,9.37E-26,1.63E-28,1.15E-28,2.96E-25,6.73E-22,1.53E-20,2.46E-23,5.12E-23,1.59E-20,1.08E-17,1.92E-16,2.36E-22,7.83E-29,6.23E-31,6.59E-29,1.95E-23,9.61E-18,2.75E-16,3.92E-21,4.90E-27,3.00E-29,1.10E-25,2.60E-19,4.01E-15,3.86E-16,7.39E-21,1.16E-24,4.94E-23,8.53E-20,6.18E-16,2.52E-14,4.15E-16,3.66E-19,2.18E-17,2.47E-15,3.53E-12,3.80E-15,3.43E-18,4.57E-19,5.30E-16,6.93E-08,0.108452693,0.891533136,1.41E-05,0,0,0,0,0,0,0,0,0,0,0,0,0,0,0,0,0,0,0,0,0,0,0,0,0,0,0,0,0,0,0
Head 3,97,2.50E-33,4.25E-28,6.89E-26,8.96E-28,3.09E-31,7.22E-33,2.48E-31,1.25E-28,1.68E-27,3.29E-29,6.13E-32,5.44E-33,7.06E-31,1.17E-27,2.85E-26,5.22E-28,8.72E-31,4.14E-31,4.11E-27,3.99E-21,1.28E-17,9.40E-21,3.42E-28,1.52E-33,3.72E-34,1.28E-30,4.21E-23,1.05E-19,6.77E-23,3.64E-28,2.23E-31,3.68E-31,1.32E-29,2.19E-26,4.88E-25,1.79E-27,1.12E-27,5.19E-25,1.56E-21,2.00E-21,3.22E-23,2.41E-27,4.81E-33,4.09E-32,2.16E-25,2.77E-20,3.50E-23,2.35E-27,4.28E-32,9.43E-33,3.92E-28,1.29E-22,6.12E-20,3.64E-20,2.50E-24,1.05E-28,5.76E-28,8.96E-26,1.25E-21,1.16E-22,1.34E-23,3.52E-23,9.71E-21,2.92E-17,6.08E-18,1.18E-22,7.80E-27,5.46E-30,1.56E-29,2.10E-23,2.37E-17,9.30E-17,3.72E-21,4.61E-27,3.32E-29,1.08E-25,2.75E-19,4.01E-15,3.23E-16,6.44E-21,3.60E-24,3.33E-23,2.69E-20,1.42E-15,2.77E-14,1.53E-18,2.44E-19,1.58E-18,1.19E-14,1.07E-13,2.81E-15,1.30E-17,5.98E-19,4.56E-15,7.26E-08,0.106172241,0.893814862,1.28E-05,0,0,0,0,0,0,0,0,0,0,0,0,0,0,0,0,0,0,0,0,0,0,0,0,0,0,0,0,0,0
Head 3,98,2.47E-37,4.38E-33,6.51E-28,8.39E-26,1.05E-27,3.15E-31,7.45E-33,1.87E-31,1.21E-28,1.70E-27,3.46E-29,4.56E-32,5.64E-33,5.67E-31,1.05E-27,2.88E-26,5.82E-28,7.91E-31,4.14E-31,3.47E-27,5.41E-21,5.53E-18,4.51E-21,3.66E-27,2.80E-33,1.72E-35,1.39E-29,5.03E-23,3.79E-21,7.88E-24,2.70E-28,4.04E-31,3.06E-31,2.37E-28,3.03E-24,1.86E-25,2.49E-27,1.19E-27,3.62E-25,7.37E-22,3.60E-20,2.22E-22,3.34E-30,4.08E-34,1.79E-30,6.28E-24,2.94E-22,5.25E-22,7.93E-27,3.83E-32,8.28E-33,1.15E-28,7.82E-23,5.48E-18,6.37E-19,2.09E-24,2.75E-28,1.34E-29,2.79E-25,5.73E-23,6.65E-23,1.03E-23,1.31E-22,3.39E-20,1.24E-17,3.65E-18,1.03E-20,7.25E-26,1.08E-31,8.61E-30,2.43E-23,1.10E-17,1.03E-16,3.84E-21,5.05E-27,3.42E-29,1.16E-25,2.93E-19,3.70E-15,3.09E-16,4.52E-22,2.09E-24,9.33E-25,5.97E-20,1.56E-15,6.12E-17,1.16E-18,4.00E-19,1.22E-17,2.67E-15,7.73E-14,9.11E-15,2.15E-17,6.89E-19,4.21E-15,7.35E-08,0.121074669,0.878911555,1.37E-05,0,0,0,0,0,0,0,0,0,0,0,0,0,0,0,0,0,0,0,0,0,0,0,0,0,0,0,0,0
Head 3,99,9.27E-37,3.39E-37,5.25E-33,6.04E-28,9.31E-26,1.03E-27,2.73E-31,4.60E-33,1.35E-31,1.00E-28,1.43E-27,2.34E-29,3.86E-32,3.44E-33,3.69E-31,8.79E-28,2.75E-26,4.91E-28,7.11E-31,2.71E-31,3.65E-27,6.22E-21,1.82E-18,3.19E-20,1.80E-27,1.36E-34,2.16E-34,1.16E-29,5.65E-24,6.17E-22,5.56E-24,3.93E-28,2.88E-31,3.61E-31,3.88E-26,8.32E-25,2.04E-25,2.24E-27,9.80E-29,1.10E-25,1.32E-21,1.02E-19,7.62E-25,3.82E-31,4.45E-32,8.95E-29,5.29E-26,3.49E-21,1.54E-21,7.08E-27,9.67E-33,1.91E-33,6.38E-29,1.14E-21,5.08E-17,6.05E-19,3.29E-25,7.97E-30,6.26E-29,2.45E-25,2.51E-23,4.53E-23,4.27E-22,4.76E-22,2.47E-20,7.15E-18,3.52E-17,5.37E-20,1.61E-28,3.15E-32,1.49E-29,2.43E-23,1.04E-17,9.83E-17,3.39E-21,4.32E-27,2.82E-29,9.90E-26,2.20E-19,3.08E-15,5.99E-19,2.01E-22,1.38E-25,2.46E-24,4.73E-20,4.02E-17,4.23E-17,5.65E-17,2.63E-18,1.66E-18,1.54E-15,3.34E-14,1.47E-14,3.55E-18,4.43E-19,3.23E-15,7.27E-08,0.110805996,0.88918072,1.32E-05,0,0,0,0,0,0,0,0,0,0,0,0,0,0,0,0,0,0,0,0,0,0,0,0,0,0,0,0
Head 3,100,1.62E-31,1.24E-36,4.61E-37,4.19E-33,6.78E-28,8.94E-26,8.41E-28,1.96E-31,3.57E-33,1.23E-31,8.82E-29,1.10E-27,2.41E-29,2.94E-32,2.31E-33,2.91E-31,7.07E-28,2.09E-26,4.93E-28,5.79E-31,3.60E-31,9.02E-27,8.65E-22,8.50E-18,9.13E-21,3.56E-28,2.70E-33,2.30E-34,9.81E-30,9.61E-25,4.39E-22,7.86E-24,3.42E-28,2.50E-31,9.60E-29,1.12E-26,1.09E-24,2.31E-25,1.29E-29,2.07E-29,1.16E-25,3.23E-21,4.12E-21,2.12E-25,1.30E-28,3.33E-30,5.70E-31,3.30E-25,1.46E-20,1.48E-21,2.84E-28,2.83E-33,1.38E-33,1.05E-28,8.51E-21,4.86E-17,7.29E-21,1.89E-25,5.95E-29,4.42E-28,7.35E-26,1.38E-23,4.35E-21,1.57E-21,6.82E-23,1.40E-20,5.67E-18,1.17E-16,1.75E-22,6.86E-29,6.60E-31,6.39E-29,2.17E-23,8.89E-18,7.34E-17,3.12E-21,4.70E-27,3.62E-29,1.04E-25,2.24E-19,3.75E-18,3.05E-19,5.98E-22,7.74E-25,2.19E-24,7.51E-20,3.38E-17,7.75E-15,3.16E-16,2.66E-20,1.14E-18,1.56E-16,7.63E-14,3.31E-15,2.78E-18,4.44E-19,4.01E-15,7.54E-08,0.109828919,0.890155375,1.56E-05,0,0,0,0,0,0,0,0,0,0,0,0,0,0,0,0,0,0,0,0,0,0,0,0,0,0,0
Head 3,101,1.61E-25,1.61E-31,1.38E-36,2.81E-37,4.82E-33,7.25E-28,7.76E-26,7.09E-28,1.63E-31,3.13E-33,1.03E-31,5.94E-29,1.04E-27,1.72E-29,1.81E-32,1.78E-33,2.40E-31,5.51E-28,2.19E-26,4.01E-28,6.92E-31,5.71E-31,9.42E-28,3.18E-21,4.37E-18,3.97E-21,4.90E-27,2.42E-33,4.12E-34,1.05E-30,6.44E-25,5.41E-22,6.10E-24,1.06E-27,4.21E-29,1.98E-29,1.23E-26,9.99E-25,2.01E-28,1.43E-30,1.28E-28,5.29E-25,1.31E-21,1.76E-21,2.84E-23,3.17E-27,5.78E-33,3.19E-30,2.82E-24,1.44E-20,1.48E-23,8.28E-29,1.80E-33,8.04E-34,8.00E-28,6.98E-21,3.18E-19,7.96E-20,1.14E-24,1.97E-28,8.91E-29,3.18E-26,2.23E-22,1.66E-20,1.92E-23,3.74E-23,6.05E-21,1.69E-17,3.67E-18,7.65E-23,7.59E-27,4.86E-30,4.42E-29,1.90E-23,7.10E-18,6.29E-17,2.67E-21,4.28E-27,2.89E-29,8.33E-26,2.19E-21,1.57E-18,2.23E-17,4.33E-21,5.98E-25,2.70E-23,5.40E-20,5.27E-16,2.03E-14,9.36E-20,1.50E-20,2.13E-19,4.56E-16,8.98E-14,2.03E-15,2.15E-18,4.39E-19,3.82E-15,7.12E-08,0.101683177,0.898300052,1.67E-05,0,0,0,0,0,0,0,0,0,0,0,0,0,0,0,0,0,0,0,0,0,0,0,0,0,0
Head 3,102,5.77E-23,2.76E-25,2.95E-31,1.26E-36,4.53E-37,7.95E-33,1.09E-27,1.20E-25,1.19E-27,2.48E-31,4.68E-33,1.13E-31,9.37E-29,1.24E-27,1.77E-29,2.19E-32,2.35E-33,3.13E-31,1.06E-27,3.76E-26,8.99E-28,1.02E-30,2.17E-31,3.34E-27,6.46E-21,2.34E-18,5.12E-20,6.55E-27,3.39E-33,4.38E-35,1.10E-30,1.30E-24,6.93E-22,1.90E-22,1.03E-25,1.19E-29,2.72E-29,1.35E-26,2.23E-27,1.92E-29,2.00E-28,1.69E-27,3.99E-25,9.21E-22,3.91E-20,2.63E-22,3.82E-30,1.17E-31,5.37E-29,3.29E-24,1.58E-22,7.04E-24,8.51E-29,5.01E-33,9.48E-33,7.68E-28,2.98E-22,1.27E-17,4.40E-19,2.87E-25,4.16E-29,4.32E-29,3.04E-26,1.81E-21,1.24E-22,1.57E-23,1.37E-22,2.82E-20,9.77E-18,2.63E-18,1.07E-20,6.76E-26,3.59E-30,5.14E-29,2.46E-23,1.00E-17,8.69E-17,3.36E-21,4.56E-27,2.52E-29,1.75E-26,8.94E-22,2.47E-16,2.11E-16,4.19E-21,2.16E-24,2.37E-23,2.33E-20,1.22E-15,3.07E-18,5.99E-20,6.69E-20,8.99E-19,2.63E-15,5.95E-14,1.79E-15,2.29E-18,4.38E-19,3.66E-15,6.42E-08,0.100200295,0.899788141,1.15E-05,0,0,0,0,0,0,0,0,0,0,0,0,0,0,0,0,0,0,0,0,0,0,0,0,0
Head 3,103,3.85E-26,4.73E-23,3.59E-25,2.54E-31,1.57E-36,5.71E-37,8.46E-33,8.49E-28,1.11E-25,9.44E-28,2.05E-31,2.98E-33,1.04E-31,7.06E-29,9.53E-28,1.60E-29,1.97E-32,1.67E-33,2.48E-31,7.90E-28,4.13E-26,1.28E-27,1.11E-30,3.12E-31,8.84E-27,1.12E-21,1.36E-17,5.36E-20,2.29E-27,2.43E-34,2.93E-35,1.37E-30,1.03E-24,2.01E-20,4.18E-21,3.45E-26,1.56E-29,3.04E-29,4.35E-28,1.78E-28,1.27E-26,4.31E-27,1.20E-28,1.47E-25,1.49E-21,1.16E-19,1.02E-24,3.51E-28,2.20E-30,5.48E-29,2.66E-26,3.33E-23,3.75E-24,1.26E-27,3.85E-32,6.46E-33,2.17E-28,2.10E-21,3.97E-17,6.09E-21,5.21E-26,1.24E-29,2.74E-30,3.31E-25,5.16E-23,7.79E-23,5.53E-22,4.99E-22,2.46E-20,5.89E-18,3.52E-17,5.94E-20,5.31E-26,4.18E-30,5.56E-29,2.24E-23,8.50E-18,7.40E-17,3.49E-21,4.67E-27,3.98E-29,9.58E-27,1.73E-20,2.41E-15,2.23E-16,2.62E-22,1.49E-24,7.45E-25,3.98E-20,2.87E-18,2.61E-18,8.14E-18,3.11E-19,2.38E-18,1.47E-15,4.85E-14,2.08E-15,2.87E-18,5.52E-19,4.01E-15,7.67E-08,0.125442892,0.874541223,1.58E-05,0,0,0,0,0,0,0,0,0,0,0,0,0,0,0,0,0,0,0,0,0,0,0,0
Head 3,104,6.32E-32,4.50E-26,1.07E-22,4.86E-25,3.73E-31,2.48E-36,8.61E-37,7.41E-33,1.00E-27,1.25E-25,1.12E-27,2.27E-31,4.13E-33,1.10E-31,7.65E-29,1.18E-27,2.03E-29,2.10E-32,1.88E-33,2.79E-31,1.23E-27,3.71E-25,2.59E-27,9.20E-31,8.17E-31,1.59E-27,6.75E-21,1.71E-17,1.27E-20,2.50E-28,2.23E-34,5.61E-35,1.63E-30,9.71E-24,2.78E-19,2.54E-21,5.04E-26,2.05E-29,1.25E-29,3.20E-29,4.93E-26,4.63E-25,1.56E-29,3.36E-29,1.99E-25,5.02E-21,6.29E-21,9.45E-23,3.87E-27,2.57E-30,2.94E-31,4.43E-27,2.02E-23,3.15E-22,9.17E-27,3.51E-32,5.63E-33,2.00E-28,7.76E-21,3.30E-19,1.50E-21,1.78E-26,1.65E-30,9.77E-29,2.54E-25,3.64E-23,8.10E-21,2.41E-21,9.81E-23,1.67E-20,6.86E-18,1.37E-16,5.05E-20,6.96E-26,5.55E-30,7.01E-29,2.75E-23,9.65E-18,9.41E-17,4.05E-21,6.52E-27,2.50E-29,9.96E-27,1.74E-19,2.46E-15,3.86E-19,1.87E-22,1.78E-25,2.05E-24,9.19E-21,2.73E-18,7.42E-16,2.94E-17,3.92E-20,1.20E-18,1.11E-15,5.56E-14,2.50E-15,3.40E-18,5.77E-19,4.74E-15,8.54E-08,0.104287952,0.895698309,1.36E-05,0,0,0,0,0,0,0,0,0,0,0,0,0,0,0,0,0,0,0,0,0,0,0
Head 3,105,1.85E-36,2.49E-32,6.23E-26,8.68E-23,4.21E-25,3.24E-31,1.99E-36,3.38E-37,3.84E-33,6.34E-28,7.84E-26,7.42E-28,1.52E-31,1.99E-33,5.45E-32,4.72E-29,8.16E-28,1.22E-29,1.16E-32,9.16E-34,1.72E-31,2.41E-26,1.07E-25,4.97E-28,7.84E-31,1.70E-31,4.02E-27,5.16E-21,5.31E-18,1.37E-21,1.31E-28,2.10E-34,2.93E-35,8.29E-31,7.09E-23,1.23E-19,2.11E-21,4.05E-26,9.60E-30,6.04E-31,3.35E-28,1.68E-24,1.91E-28,1.76E-30,1.79E-28,7.37E-25,1.86E-21,6.77E-20,3.21E-22,3.42E-27,2.65E-33,1.97E-32,1.37E-27,1.31E-21,1.43E-21,5.72E-27,6.01E-33,1.09E-33,5.02E-28,2.35E-22,8.27E-20,4.60E-22,2.79E-26,7.12E-29,3.20E-28,8.04E-26,3.13E-22,2.15E-20,2.44E-23,4.20E-23,6.61E-21,1.72E-17,9.74E-17,5.10E-20,5.90E-26,4.24E-30,5.00E-29,1.90E-23,7.42E-18,7.52E-17,1.68E-21,3.91E-27,4.80E-30,6.23E-26,1.37E-19,1.83E-18,2.15E-19,7.24E-22,4.54E-25,3.95E-24,5.82E-21,4.14E-17,1.26E-15,1.21E-19,1.47E-20,6.48E-19,1.03E-15,5.67E-14,2.37E-15,2.71E-18,5.15E-19,4.14E-15,7.03E-08,0.113820076,0.886161506,1.83E-05,0,0,0,0,0,0,0,0,0,0,0,0,0,0,0,0,0,0,0,0,0,0
Head 3,106,2.91E-36,1.51E-36,1.45E-31,2.51E-25,4.60E-22,1.37E-24,5.37E-31,1.29E-36,2.66E-37,6.81E-33,1.63E-27,2.72E-25,2.25E-27,2.66E-31,2.84E-33,9.17E-32,8.95E-29,1.31E-27,1.73E-29,1.51E-32,1.98E-33,3.11E-29,7.48E-27,8.36E-26,2.21E-27,7.27E-31,3.04E-31,5.37E-27,2.06E-20,4.94E-18,4.03E-21,3.85E-28,1.96E-34,4.36E-36,1.25E-29,4.05E-23,1.54E-19,2.12E-21,9.38E-27,1.06E-30,5.73E-31,2.23E-26,3.90E-27,3.92E-29,3.20E-28,3.28E-27,1.65E-24,5.66E-21,2.42E-19,2.99E-22,2.02E-30,2.16E-34,1.32E-32,1.85E-25,3.87E-20,3.70E-21,7.85E-28,5.63E-33,3.67E-33,4.82E-28,3.05E-22,1.65E-19,3.49E-20,2.04E-24,3.37E-28,2.14E-28,2.63E-26,1.14E-21,9.43E-23,9.48E-24,6.89E-23,1.48E-20,1.35E-17,9.80E-17,2.71E-20,1.97E-26,1.24E-30,2.17E-29,1.52E-23,9.38E-18,6.03E-17,1.72E-21,5.47E-28,3.52E-30,1.20E-26,7.49E-22,9.91E-19,1.84E-17,1.05E-21,2.32E-25,2.01E-24,5.51E-22,1.43E-17,1.11E-18,1.78E-20,3.52E-21,4.50E-19,1.26E-15,6.38E-14,1.51E-15,1.11E-18,1.58E-19,1.50E-15,4.90E-08,0.100121908,0.899876952,1.18E-06,0,0,0,0,0,0,0,0,0,0,0,0,0,0,0,0,0,0,0,0,0
Head 3,107,3.70E-32,5.17E-36,1.20E-35,4.16E-31,1.10E-24,1.78E-21,5.66E-24,1.96E-30,4.43E-36,1.21E-36,2.53E-32,5.74E-27,1.22E-24,8.98E-27,1.02E-30,1.15E-32,3.69E-31,3.16E-28,5.03E-27,5.89E-29,6.26E-32,5.82E-32,2.59E-30,1.05E-26,4.23E-24,9.12E-27,2.66E-30,1.26E-30,6.41E-26,2.18E-20,1.66E-17,2.54E-20,1.39E-27,2.48E-34,7.71E-34,1.96E-29,1.63E-22,5.63E-19,4.26E-22,4.42E-27,1.34E-30,1.36E-28,2.65E-27,1.37E-27,7.74E-26,2.89E-26,1.52E-27,2.39E-24,5.01E-20,1.31E-18,5.59E-24,1.56E-30,4.49E-34,3.06E-30,1.85E-23,1.68E-19,3.52E-22,1.47E-26,8.40E-32,3.42E-32,6.81E-28,5.61E-22,2.73E-17,4.26E-18,2.29E-24,3.85E-28,1.15E-29,9.37E-25,2.63E-22,2.54E-22,1.53E-21,1.13E-21,6.31E-20,7.29E-17,4.30E-16,1.25E-19,9.00E-26,5.50E-30,8.00E-29,5.83E-23,5.23E-17,3.22E-16,1.20E-20,3.58E-27,1.37E-29,2.10E-26,1.94E-21,9.04E-16,3.91E-16,1.40E-22,7.30E-25,1.46E-25,3.27E-21,4.27E-18,2.88E-18,5.24E-20,1.70E-20,2.53E-18,6.31E-15,2.75E-13,6.88E-15,5.03E-18,6.54E-19,6.77E-15,2.16E-07,0.524370909,0.475623667,5.18E-06,0,0,0,0,0,0,0,0,0,0,0,0,0,0,0,0,0,0,0,0
Head 3,108,2.26E-28,4.05E-32,1.92E-35,1.70E-35,1.03E-30,2.05E-24,3.44E-21,1.20E-23,3.74E-30,9.38E-36,2.28E-36,3.58E-32,1.31E-26,2.50E-24,1.84E-26,2.13E-30,2.34E-32,6.59E-31,6.64E-28,9.67E-27,1.42E-28,5.32E-32,8.00E-33,4.41E-30,1.24E-24,2.32E-24,6.89E-27,5.58E-30,5.73E-30,4.26E-26,3.65E-20,4.97E-17,4.38E-20,3.95E-27,2.69E-32,5.30E-34,5.16E-29,3.51E-22,4.51E-20,1.75E-22,1.49E-26,1.32E-28,1.21E-28,4.44E-28,5.44E-25,5.63E-24,2.63E-28,5.52E-27,1.58E-23,1.17E-19,1.52E-19,3.79E-24,1.71E-30,1.59E-31,3.13E-28,3.16E-23,4.97E-21,1.38E-20,7.67E-26,1.34E-31,2.51E-32,7.21E-28,1.03E-20,9.08E-16,1.26E-19,1.18E-24,1.45E-29,4.43E-28,3.39E-24,3.05E-22,4.99E-20,1.04E-20,1.96E-21,1.39E-19,1.40E-16,8.63E-16,2.63E-19,1.96E-25,1.07E-29,1.65E-28,2.28E-22,1.45E-16,2.24E-15,1.22E-20,7.45E-27,8.67E-29,2.84E-26,7.86E-20,9.54E-15,5.27E-19,2.02E-22,1.05E-25,5.27E-25,3.09E-20,7.11E-18,5.06E-18,1.29E-19,4.72E-20,6.52E-18,1.34E-14,5.71E-13,1.48E-14,9.91E-18,1.42E-18,1.53E-14,4.53E-07,0.074538924,0.925450385,1.02E-05,0,0,0,0,0,0,0,0,0,0,0,0,0,0,0,0,0,0,0
Head 3,109,1.10E-27,1.59E-28,5.49E-32,1.35E-35,1.94E-35,8.34E-31,1.77E-24,3.32E-21,1.24E-23,3.51E-30,8.69E-36,1.35E-36,3.66E-32,1.12E-26,2.40E-24,1.93E-26,2.10E-30,1.94E-32,6.06E-31,5.71E-28,1.11E-26,1.01E-29,4.11E-32,1.56E-32,2.45E-28,4.48E-26,5.54E-25,6.62E-27,8.09E-30,3.14E-30,3.67E-26,5.09E-20,4.15E-17,1.41E-19,1.23E-25,9.18E-33,7.12E-34,5.44E-29,5.79E-23,1.24E-20,2.23E-21,3.92E-25,1.09E-28,9.54E-30,4.28E-27,2.67E-23,4.09E-27,7.99E-27,3.35E-26,1.68E-23,7.88E-20,8.25E-20,2.53E-24,7.90E-28,9.46E-30,2.42E-28,4.49E-25,9.21E-20,3.05E-20,7.29E-27,5.16E-32,1.39E-32,6.37E-28,1.17E-19,7.20E-18,3.96E-20,4.96E-25,5.27E-28,7.93E-27,1.36E-24,3.13E-21,1.63E-19,9.18E-21,2.20E-21,1.43E-19,1.38E-16,8.75E-16,2.75E-19,2.00E-25,1.14E-29,8.39E-29,2.25E-22,2.07E-16,5.70E-16,1.43E-20,2.22E-26,6.87E-29,2.18E-26,4.26E-19,4.60E-18,3.86E-19,8.93E-22,2.58E-25,2.33E-23,2.56E-20,6.63E-18,6.10E-18,1.76E-19,6.56E-20,7.32E-18,1.35E-14,6.01E-13,1.48E-14,1.07E-17,1.68E-18,1.52E-14,2.28E-08,0.077004142,0.922984481,1.14E-05,0,0,0,0,0,0,0,0,0,0,0,0,0,0,0,0,0,0
Head 3,110,2.14E-29,1.15E-27,1.89E-28,4.70E-32,1.51E-35,1.60E-35,7.62E-31,1.48E-24,3.62E-21,1.07E-23,3.13E-30,5.34E-36,1.27E-36,2.59E-32,9.64E-27,2.61E-24,2.01E-26,1.86E-30,1.75E-32,4.98E-31,6.00E-28,1.48E-27,4.56E-29,1.19E-31,1.16E-31,4.33E-30,1.75E-26,5.36E-25,1.54E-26,9.09E-30,2.68E-30,4.37E-26,4.26E-20,8.04E-17,1.89E-18,5.10E-26,1.07E-32,7.25E-34,6.57E-29,1.49E-23,2.38E-19,2.43E-20,7.15E-26,8.99E-30,5.58E-30,2.66E-25,4.11E-26,5.32E-25,6.81E-26,3.31E-26,1.52E-23,4.43E-20,6.02E-20,5.19E-22,1.88E-26,6.23E-30,1.65E-30,4.25E-24,2.77E-19,6.26E-22,3.04E-27,3.00E-32,4.38E-33,6.24E-27,5.01E-21,2.46E-18,3.87E-19,1.79E-23,4.18E-27,2.10E-27,2.55E-25,1.29E-20,1.37E-19,9.69E-21,2.31E-21,1.40E-19,1.36E-16,8.47E-16,2.60E-19,1.93E-25,3.47E-31,5.17E-29,1.24E-22,6.67E-17,6.90E-16,1.46E-20,1.89E-26,9.09E-30,9.06E-26,3.89E-21,2.93E-18,6.51E-17,2.45E-21,2.37E-24,1.61E-23,2.19E-20,6.62E-18,6.46E-18,2.02E-19,6.51E-20,6.78E-18,1.35E-14,6.29E-13,1.44E-14,1.11E-17,1.46E-18,6.99E-16,2.24E-08,0.071212061,0.928777337,1.06E-05,0,0,0,0,0,0,0,0,0,0,0,0,0,0,0,0,0
Head 3,111,4.93E-31,2.30E-29,1.21E-27,1.81E-28,5.24E-32,1.36E-35,1.56E-35,5.20E-31,1.43E-24,3.03E-21,9.68E-24,2.57E-30,5.20E-36,8.22E-37,1.87E-32,1.01E-26,2.81E-24,1.99E-26,1.89E-30,1.55E-32,5.12E-31,1.15E-27,5.39E-27,1.20E-28,5.12E-32,7.90E-33,4.45E-30,1.67E-26,6.35E-24,4.00E-26,9.25E-30,2.94E-30,4.04E-26,2.56E-20,6.24E-16,1.14E-18,5.65E-26,1.19E-32,2.58E-33,1.35E-29,6.16E-23,1.51E-18,7.86E-22,8.90E-27,3.09E-30,4.23E-28,6.86E-27,1.64E-24,5.81E-24,7.37E-26,2.96E-27,6.39E-24,3.44E-20,1.15E-18,4.03E-21,1.53E-26,1.40E-32,1.95E-29,2.49E-23,4.29E-21,2.72E-22,2.04E-27,3.04E-32,4.54E-32,3.17E-27,1.93E-21,6.53E-17,9.28E-18,6.11E-24,9.19E-28,2.43E-29,2.08E-24,1.12E-20,1.55E-19,1.15E-20,2.61E-21,1.55E-19,1.45E-16,8.63E-16,2.81E-19,7.36E-28,1.85E-31,5.54E-29,1.10E-22,7.82E-17,5.24E-16,1.65E-20,5.60E-27,2.53E-29,3.94E-26,2.53E-21,1.15E-15,1.97E-16,3.76E-22,1.56E-24,1.42E-23,2.21E-20,7.03E-18,7.44E-18,2.13E-19,6.62E-20,7.21E-18,1.70E-14,6.10E-13,1.56E-14,1.10E-17,1.05E-19,7.35E-16,2.22E-08,0.074790232,0.925197363,1.24E-05,0,0,0,0,0,0,0,0,0,0,0,0,0,0,0,0
Head 3,112,9.39E-31,3.20E-31,1.88E-29,9.11E-28,1.64E-28,4.14E-32,1.08E-35,7.78E-36,3.44E-31,1.04E-24,2.41E-21,8.86E-24,2.24E-30,2.85E-36,4.06E-37,1.38E-32,8.29E-27,2.28E-24,1.87E-26,1.53E-30,1.32E-32,1.04E-29,4.06E-28,6.87E-27,6.81E-30,3.52E-32,1.56E-32,3.23E-30,7.66E-25,1.92E-23,3.78E-26,6.98E-30,2.20E-30,9.36E-27,1.29E-19,3.67E-16,9.60E-19,4.98E-26,1.88E-32,3.04E-34,4.41E-30,3.14E-22,2.98E-20,1.31E-22,1.29E-26,1.53E-28,1.12E-28,8.06E-27,1.64E-23,5.06E-24,1.61E-28,5.94E-28,3.63E-24,4.55E-20,3.17E-18,3.18E-21,1.42E-29,4.57E-31,1.39E-28,3.14E-25,1.08E-21,1.33E-22,1.35E-26,2.13E-31,4.78E-32,9.07E-28,7.48E-21,7.07E-16,1.11E-19,1.06E-24,1.30E-29,3.50E-28,1.33E-24,1.01E-20,1.54E-19,1.12E-20,2.40E-21,1.39E-19,1.19E-16,7.69E-16,9.85E-22,2.91E-28,1.32E-30,1.14E-28,8.31E-23,8.01E-17,5.44E-16,2.12E-20,5.74E-27,4.58E-29,1.87E-26,7.54E-20,2.60E-15,5.22E-19,1.74E-22,1.01E-24,1.10E-23,1.85E-20,5.93E-18,5.82E-18,1.66E-19,5.21E-20,7.45E-18,1.21E-14,5.46E-13,1.28E-14,9.23E-19,8.34E-20,5.76E-16,1.84E-08,0.06151871,0.938467562,1.37E-05,0,0,0,0,0,0,0,0,0,0,0,0,0,0,0
Head 3,113,3.94E-29,3.88E-31,2.64E-31,1.14E-29,7.34E-28,1.26E-28,3.27E-32,6.43E-36,5.21E-36,2.69E-31,7.69E-25,1.99E-21,7.56E-24,1.53E-30,1.68E-36,3.25E-37,1.11E-32,5.57E-27,1.93E-24,1.50E-26,1.42E-30,5.43E-31,4.32E-31,3.14E-28,8.39E-28,3.29E-29,1.15E-31,1.22E-32,1.40E-28,1.41E-24,1.64E-23,2.41E-26,5.78E-30,7.98E-31,4.29E-26,7.16E-20,2.86E-16,7.53E-19,2.20E-26,2.28E-33,3.44E-35,3.84E-29,2.95E-23,6.90E-21,1.44E-21,3.38E-25,8.27E-29,8.13E-30,1.09E-25,1.46E-23,1.63E-27,2.35E-29,3.00E-28,2.93E-24,1.08E-19,2.50E-18,9.77E-24,2.09E-27,4.05E-30,1.21E-30,5.29E-26,3.77E-22,3.58E-21,7.83E-26,8.74E-32,1.68E-32,3.42E-28,5.77E-20,4.05E-18,2.36E-20,3.92E-25,3.42E-28,2.05E-28,1.13E-24,9.10E-21,1.36E-19,9.70E-21,2.12E-21,1.10E-19,9.87E-17,3.06E-17,4.72E-22,1.94E-26,6.87E-30,8.78E-29,1.05E-22,7.33E-17,1.25E-15,9.74E-21,4.49E-27,3.07E-29,2.66E-26,1.79E-19,3.05E-18,2.41E-19,1.16E-22,8.58E-25,1.04E-23,1.59E-20,4.68E-18,5.08E-18,1.50E-19,6.14E-20,5.60E-18,1.17E-14,4.10E-13,1.23E-15,7.45E-19,7.30E-20,5.09E-16,1.47E-08,0.05557847,0.944409192,1.24E-05,0,0,0,0,0,0,0,0,0,0,0,0,0,0
Head 3,114,1.15E-28,1.07E-29,3.08E-31,1.27E-31,8.31E-30,5.39E-28,8.96E-29,1.97E-32,3.63E-36,3.52E-36,1.83E-31,5.18E-25,1.77E-21,5.89E-24,9.26E-31,1.10E-36,2.04E-37,5.52E-33,3.87E-27,1.44E-24,1.39E-26,1.13E-29,1.18E-32,1.96E-31,4.95E-28,2.51E-27,7.86E-29,7.79E-32,5.54E-32,9.59E-29,1.05E-24,8.81E-24,1.63E-26,2.82E-30,1.56E-30,1.91E-26,6.17E-20,2.21E-16,1.70E-19,2.77E-27,3.73E-34,3.94E-34,2.74E-29,6.68E-24,1.15E-19,1.42E-20,4.44E-26,3.31E-30,1.14E-28,8.24E-26,1.20E-26,1.74E-28,9.11E-30,1.96E-27,1.19E-23,7.39E-20,1.14E-19,9.48E-22,8.48E-27,8.41E-33,1.25E-31,1.20E-26,1.20E-20,2.10E-20,3.40E-27,2.85E-32,1.87E-33,2.17E-27,2.42E-21,1.18E-18,2.61E-19,1.01E-23,1.70E-28,1.62E-28,9.52E-25,7.40E-21,1.06E-19,7.47E-21,1.52E-21,8.48E-20,6.64E-17,1.81E-17,3.05E-20,9.86E-26,4.43E-30,2.51E-29,8.00E-23,8.02E-17,3.69E-16,1.10E-21,3.27E-27,5.86E-30,5.43E-26,2.11E-21,1.45E-18,1.57E-19,9.43E-23,7.80E-25,8.33E-24,1.15E-20,3.98E-18,4.26E-18,1.48E-19,4.40E-20,5.65E-18,8.19E-15,3.63E-14,8.85E-16,5.67E-19,5.57E-20,3.77E-16,1.35E-08,0.061239194,0.938747585,1.33E-05,0,0,0,0,0,0,0,0,0,0,0,0,0
Head 3,115,6.37E-31,3.08E-29,1.06E-29,1.65E-31,9.75E-32,6.19E-30,3.88E-28,6.05E-29,1.28E-32,2.63E-36,2.44E-36,9.21E-32,4.15E-25,1.37E-21,4.39E-24,7.09E-31,7.82E-37,9.86E-38,3.18E-33,2.57E-27,1.42E-24,1.32E-26,1.22E-30,4.65E-33,4.24E-30,1.46E-28,3.63E-27,5.86E-29,1.99E-32,1.69E-32,6.73E-29,6.01E-25,6.02E-24,5.69E-27,1.94E-30,7.77E-31,1.88E-26,4.55E-20,8.80E-17,2.99E-20,2.29E-27,5.57E-33,8.55E-34,4.44E-30,2.12E-23,5.94E-19,3.68E-22,1.33E-26,4.17E-29,7.86E-29,1.46E-27,1.05E-27,5.92E-29,1.80E-27,1.98E-26,7.05E-24,4.16E-20,1.19E-18,1.85E-21,9.56E-30,9.80E-34,2.35E-32,3.05E-25,1.36E-19,1.98E-22,1.33E-27,1.10E-32,1.16E-32,1.22E-27,6.67E-22,3.03E-17,4.28E-18,5.35E-24,1.55E-28,1.41E-28,7.39E-25,5.57E-21,7.95E-20,5.57E-21,1.20E-21,1.10E-19,3.78E-17,1.10E-16,1.12E-19,7.31E-26,8.73E-32,1.45E-29,3.41E-23,2.61E-17,2.41E-17,9.72E-22,7.63E-28,9.42E-30,1.71E-26,9.27E-22,8.81E-19,1.32E-19,9.44E-23,6.82E-25,5.97E-24,9.55E-21,3.11E-18,3.56E-18,1.11E-19,4.50E-20,3.68E-18,6.54E-16,2.42E-14,6.77E-16,4.50E-19,4.20E-20,3.23E-16,1.26E-08,0.054005578,0.945981979,1.25E-05,0,0,0,0,0,0,0,0,0,0,0,0
Head 3,116,1.11E-34,2.32E-31,4.25E-29,7.60E-30,1.52E-31,8.41E-32,5.39E-30,2.87E-28,4.72E-29,1.09E-32,2.14E-36,1.32E-36,8.51E-32,3.50E-25,1.27E-21,4.03E-24,6.04E-31,4.48E-37,5.68E-38,2.12E-33,2.78E-27,5.78E-25,1.34E-26,5.26E-31,2.39E-31,1.39E-31,1.50E-28,3.25E-27,3.16E-30,4.90E-33,1.34E-32,5.32E-29,4.84E-25,4.65E-25,1.45E-27,1.44E-30,9.26E-31,1.63E-26,6.65E-20,2.31E-17,6.92E-20,2.84E-26,7.70E-33,1.23E-34,1.79E-30,1.43E-22,1.55E-20,1.63E-21,1.19E-25,3.31E-29,2.75E-29,1.24E-28,3.67E-28,9.54E-26,4.18E-26,1.24E-26,6.14E-24,3.62E-20,1.53E-18,6.50E-24,1.89E-30,2.19E-34,1.13E-30,1.10E-23,9.51E-22,8.61E-23,5.69E-27,6.81E-32,2.28E-32,3.73E-28,3.29E-21,3.37E-16,2.81E-18,6.15E-24,1.50E-28,1.23E-28,6.50E-25,4.77E-21,6.67E-20,5.17E-21,2.42E-22,6.97E-20,1.68E-17,3.14E-16,1.04E-19,1.92E-28,5.27E-32,1.59E-29,2.89E-23,8.30E-18,2.81E-17,7.34E-22,8.68E-28,2.55E-29,8.62E-27,6.19E-22,8.48E-19,1.54E-19,9.89E-23,5.83E-25,5.97E-24,8.61E-21,2.71E-18,3.25E-18,1.24E-19,3.47E-20,4.25E-19,4.82E-16,2.10E-14,5.94E-16,3.73E-19,3.89E-20,3.15E-16,1.24E-08,0.054346416,0.945640147,1.35E-05,0,0,0,0,0,0,0,0,0,0,0
Head 3,117,6.19E-37,4.00E-35,2.98E-31,2.96E-29,6.59E-30,1.17E-31,6.79E-32,3.10E-30,1.89E-28,3.58E-29,7.55E-33,1.06E-36,9.66E-37,5.03E-32,2.48E-25,1.02E-21,3.41E-24,3.87E-31,2.44E-37,2.99E-38,1.68E-33,2.30E-27,1.02E-24,5.79E-27,5.67E-30,4.03E-33,8.77E-32,1.07E-28,3.17E-28,7.47E-31,3.16E-33,1.03E-32,3.78E-29,5.71E-27,7.06E-26,1.33E-27,1.44E-30,7.00E-31,3.63E-26,1.74E-20,2.94E-17,4.58E-19,8.98E-27,8.56E-34,1.19E-35,1.68E-29,1.36E-23,1.18E-19,6.67E-21,9.20E-26,1.85E-29,1.73E-30,3.27E-29,1.73E-25,2.73E-24,2.23E-26,7.81E-28,2.14E-24,4.20E-20,7.16E-20,2.12E-24,5.24E-31,3.50E-32,7.61E-29,6.01E-26,2.66E-22,1.53E-21,2.68E-26,3.42E-32,5.51E-33,1.04E-28,2.08E-20,1.95E-16,2.96E-18,4.99E-24,1.15E-28,9.82E-29,5.00E-25,3.27E-21,5.70E-20,5.13E-23,1.25E-22,1.35E-20,3.81E-17,2.64E-16,2.83E-22,9.26E-29,4.98E-31,2.52E-29,3.23E-23,7.22E-18,2.58E-17,4.30E-22,2.07E-27,1.18E-29,4.56E-27,4.64E-22,7.95E-19,1.38E-19,7.48E-23,5.01E-25,4.38E-24,5.75E-21,2.02E-18,2.69E-18,8.31E-20,5.32E-21,2.57E-19,3.62E-16,1.58E-14,4.33E-16,3.01E-19,3.15E-20,2.65E-16,9.62E-09,0.047440778,0.952546477,1.28E-05,0,0,0,0,0,0,0,0,0,0
Head 3,118,2.08E-35,2.47E-37,5.19E-35,2.19E-31,2.91E-29,5.44E-30,1.06E-31,4.08E-32,2.13E-30,1.67E-28,2.84E-29,5.11E-33,8.96E-37,5.98E-37,3.40E-32,2.02E-25,9.71E-22,2.98E-24,3.02E-31,1.59E-37,2.50E-38,1.08E-32,1.03E-27,6.76E-25,8.10E-27,5.35E-31,2.44E-33,6.86E-32,1.84E-28,1.37E-28,5.48E-31,2.92E-33,8.20E-33,4.03E-31,1.76E-27,8.13E-26,1.35E-27,1.22E-30,1.25E-30,1.24E-26,7.38E-21,1.45E-16,8.48E-20,1.43E-27,1.66E-34,2.26E-34,1.39E-29,2.14E-23,3.59E-19,6.53E-21,1.25E-26,1.51E-30,5.24E-31,6.80E-28,7.10E-24,1.67E-24,4.41E-29,2.09E-27,4.10E-24,2.83E-20,3.96E-20,1.02E-24,2.48E-28,2.55E-30,2.22E-31,1.16E-26,5.41E-21,8.87E-21,1.46E-27,1.06E-32,6.19E-34,6.66E-28,1.28E-20,2.07E-16,2.42E-18,4.13E-24,1.05E-28,8.68E-29,3.35E-25,2.96E-21,2.20E-22,2.85E-23,2.04E-22,3.56E-20,3.26E-17,9.98E-18,1.65E-22,9.10E-27,1.52E-30,1.95E-29,2.47E-23,4.07E-18,1.19E-17,4.87E-22,1.40E-27,7.65E-30,3.70E-27,4.55E-22,7.52E-19,1.14E-19,7.00E-23,4.05E-25,3.20E-24,4.64E-21,1.71E-18,2.06E-18,2.14E-20,3.50E-21,2.10E-19,2.87E-16,1.23E-14,3.79E-16,2.64E-19,2.87E-20,2.03E-16,8.31E-09,0.046546023,0.953442991,1.09E-05,0,0,0,0,0,0,0,0,0
Head 3,119,3.95E-31,9.62E-36,3.16E-37,4.14E-35,2.62E-31,2.82E-29,5.96E-30,8.55E-32,3.52E-32,2.43E-30,1.66E-28,2.64E-29,5.62E-33,7.60E-37,5.04E-37,3.35E-32,2.32E-25,1.10E-21,3.54E-24,2.88E-31,1.77E-37,9.75E-37,4.61E-34,1.55E-27,4.37E-25,8.19E-27,3.71E-31,2.50E-33,2.25E-30,1.69E-28,1.36E-28,6.61E-31,3.08E-33,8.79E-34,5.86E-31,2.09E-27,9.58E-26,1.38E-27,1.80E-30,7.95E-31,3.70E-27,4.11E-20,6.55E-17,2.42E-20,1.46E-27,4.74E-33,7.17E-34,2.10E-30,9.63E-23,4.70E-19,1.79E-22,1.97E-27,6.52E-31,7.22E-31,4.74E-26,5.53E-24,5.74E-28,3.85E-27,8.61E-27,5.20E-24,2.05E-20,3.21E-20,2.67E-22,9.41E-27,2.86E-33,4.27E-32,1.82E-25,7.30E-20,1.12E-22,6.91E-28,6.19E-33,5.34E-33,5.46E-28,1.60E-20,2.14E-16,2.49E-18,4.88E-24,1.23E-28,6.99E-29,3.66E-25,1.22E-22,1.57E-22,1.14E-21,7.49E-22,3.65E-20,2.71E-17,8.20E-18,2.16E-20,4.06E-26,1.12E-31,1.73E-29,1.47E-23,2.70E-18,1.32E-17,5.85E-22,1.44E-27,8.60E-30,4.77E-27,5.63E-22,7.95E-19,1.35E-19,7.48E-23,3.97E-25,3.43E-24,5.24E-21,1.78E-18,7.63E-19,1.98E-20,3.89E-21,2.17E-19,2.80E-16,1.32E-14,4.10E-16,2.96E-19,2.80E-20,2.16E-16,9.40E-09,0.053375915,0.946612477,1.16E-05,0,0,0,0,0,0,0,0
Head 3,120,6.42E-28,1.60E-31,7.89E-36,1.91E-37,3.82E-35,1.95E-31,2.41E-29,4.49E-30,6.58E-32,3.30E-32,2.01E-30,1.18E-28,2.29E-29,4.11E-33,5.24E-37,3.71E-37,2.77E-32,1.91E-25,1.17E-21,3.19E-24,2.95E-31,7.81E-36,4.71E-39,1.05E-33,1.94E-27,7.36E-25,4.84E-27,3.28E-31,1.33E-31,2.25E-30,1.39E-28,1.21E-28,5.44E-31,5.88E-33,3.48E-33,3.81E-31,2.01E-27,7.68E-26,2.95E-27,1.63E-30,3.07E-31,1.53E-26,5.63E-20,2.07E-17,4.53E-20,2.24E-26,7.02E-33,1.85E-35,1.15E-29,8.90E-23,7.85E-21,3.66E-23,7.75E-28,3.78E-31,4.66E-29,2.65E-26,3.97E-27,2.45E-25,1.80E-26,8.13E-28,2.34E-24,1.49E-20,5.47E-19,2.39E-21,5.09E-30,4.86E-34,7.35E-31,5.40E-24,5.49E-22,4.55E-23,4.04E-27,3.94E-32,3.52E-33,4.97E-28,1.47E-20,1.87E-16,2.54E-18,5.02E-24,8.79E-29,6.19E-29,5.91E-25,7.01E-23,1.46E-20,3.82E-21,7.08E-22,5.59E-20,2.09E-17,8.82E-17,6.77E-20,1.23E-28,7.11E-32,3.05E-29,1.30E-23,3.95E-18,1.60E-17,6.15E-22,1.41E-27,8.65E-30,4.76E-27,4.79E-22,7.77E-19,1.24E-19,6.31E-23,3.64E-25,3.35E-24,4.46E-21,3.91E-19,6.25E-19,1.86E-20,3.46E-21,1.79E-19,2.57E-16,1.24E-14,3.87E-16,2.61E-19,2.59E-20,2.07E-16,9.29E-09,0.049398247,0.950586975,1.48E-05,0,0,0,0,0,0,0
Head 3,121,7.69E-29,2.72E-28,9.57E-32,4.39E-36,1.40E-37,2.31E-35,1.30E-31,1.53E-29,3.07E-30,4.84E-32,2.28E-32,1.02E-30,7.82E-29,1.39E-29,2.61E-33,3.43E-37,2.54E-37,1.71E-32,1.59E-25,8.69E-22,2.97E-24,7.98E-30,2.71E-38,1.40E-38,8.12E-33,6.33E-28,4.86E-25,3.64E-27,3.23E-30,1.35E-31,1.64E-30,9.60E-29,8.49E-29,6.21E-30,3.35E-32,1.44E-33,3.31E-31,1.32E-27,7.43E-25,3.55E-27,1.02E-30,6.93E-31,3.65E-26,1.62E-20,1.82E-17,2.93E-19,8.27E-27,2.81E-34,1.35E-34,7.95E-30,7.09E-24,1.93E-21,1.48E-23,2.23E-27,1.77E-29,2.17E-29,3.94E-28,4.34E-25,1.19E-24,4.35E-29,2.10E-28,1.19E-24,1.47E-20,1.46E-18,3.86E-24,1.09E-30,2.76E-32,3.83E-29,3.80E-26,1.30E-22,1.01E-21,1.73E-26,2.18E-32,2.59E-33,4.24E-28,1.08E-20,1.52E-16,2.08E-18,3.21E-24,6.20E-29,1.02E-27,2.22E-25,4.40E-22,3.88E-20,2.87E-21,1.10E-22,3.40E-20,1.00E-17,1.59E-16,6.67E-23,6.66E-29,1.42E-30,4.20E-29,1.67E-23,3.73E-18,1.49E-17,5.05E-22,1.11E-27,7.49E-30,3.56E-27,4.06E-22,6.03E-19,8.82E-20,4.89E-23,3.01E-25,2.34E-24,5.32E-22,2.76E-19,4.90E-19,1.46E-20,2.52E-21,1.44E-19,2.04E-16,9.29E-15,2.86E-16,2.01E-19,2.09E-20,1.66E-16,6.95E-09,0.038617041,0.961368799,1.42E-05,0,0,0,0,0,0
Head 3,122,2.23E-33,5.05E-29,2.12E-28,8.53E-32,4.27E-36,1.23E-37,2.13E-35,1.07E-31,1.45E-29,2.79E-30,4.25E-32,1.36E-32,8.26E-31,5.98E-29,1.22E-29,2.27E-33,2.74E-37,1.68E-37,1.47E-32,1.34E-25,1.05E-21,1.02E-22,8.84E-32,7.14E-38,4.97E-37,2.10E-34,9.36E-28,4.45E-25,4.61E-27,4.29E-30,1.18E-31,1.18E-30,7.36E-29,5.15E-28,2.78E-29,1.39E-32,1.49E-33,2.77E-31,8.80E-26,1.44E-24,1.95E-27,1.12E-30,1.36E-30,1.20E-26,5.15E-21,8.87E-17,7.21E-20,2.13E-27,2.12E-33,8.63E-35,6.41E-30,1.81E-24,9.27E-22,3.80E-22,5.33E-26,8.19E-30,5.13E-30,1.16E-27,2.26E-24,3.31E-28,7.23E-30,7.84E-29,7.84E-25,3.76E-20,4.88E-20,1.46E-24,2.00E-28,1.30E-30,1.47E-31,5.77E-27,3.31E-21,5.68E-21,1.14E-26,1.77E-32,2.35E-33,3.21E-28,8.85E-21,1.29E-16,1.54E-18,2.33E-24,4.97E-28,3.26E-28,1.99E-26,1.85E-21,3.38E-20,2.64E-23,7.10E-23,8.99E-21,1.98E-17,1.12E-18,3.96E-23,9.96E-27,2.84E-30,1.11E-29,1.23E-23,3.62E-18,1.35E-17,3.81E-22,8.86E-28,5.04E-30,2.64E-27,2.75E-22,4.08E-19,6.57E-20,3.92E-23,2.17E-25,2.69E-25,3.89E-22,2.16E-19,3.82E-19,1.01E-20,1.92E-21,1.13E-19,1.57E-16,7.24E-15,2.30E-16,1.67E-19,1.58E-20,1.19E-16,5.46E-09,0.039373167,0.960614324,1.25E-05,0,0,0,0,0
Head 3,123,6.77E-38,1.49E-33,4.24E-29,1.94E-28,7.55E-32,3.59E-36,9.67E-38,1.26E-35,7.60E-32,1.09E-29,2.17E-30,2.48E-32,1.01E-32,5.24E-31,4.44E-29,1.01E-29,1.76E-33,1.86E-37,1.31E-37,1.04E-32,1.39E-25,9.21E-20,2.78E-24,1.21E-31,4.23E-36,2.17E-39,7.20E-34,8.08E-28,1.92E-25,5.90E-27,3.74E-30,8.18E-32,9.64E-31,2.72E-29,1.23E-27,1.50E-29,1.59E-32,1.38E-33,1.75E-29,1.16E-25,1.17E-25,8.20E-28,1.63E-30,6.71E-31,2.45E-27,2.36E-20,4.60E-17,6.40E-20,1.18E-26,1.69E-33,2.48E-34,1.42E-30,1.04E-24,3.91E-20,4.22E-21,3.56E-26,5.05E-30,8.81E-31,1.03E-26,2.39E-27,6.06E-29,2.60E-30,6.00E-28,3.93E-24,1.99E-20,3.02E-20,1.81E-22,4.75E-27,1.74E-33,1.89E-32,8.28E-26,3.29E-20,3.75E-21,1.02E-26,1.69E-32,2.10E-33,3.02E-28,8.57E-21,1.11E-16,1.28E-18,7.22E-25,1.44E-28,1.23E-30,1.55E-25,1.39E-21,1.10E-22,1.68E-23,1.46E-22,1.74E-20,2.28E-18,8.01E-19,4.91E-21,2.51E-26,6.28E-32,7.28E-30,1.15E-23,3.45E-18,1.07E-17,3.47E-22,8.13E-28,5.40E-30,2.59E-27,2.69E-22,3.92E-19,6.37E-20,3.50E-23,4.45E-26,2.08E-25,3.32E-22,1.94E-19,3.24E-19,9.87E-21,1.90E-21,1.04E-19,1.32E-16,6.18E-15,2.14E-16,1.41E-19,1.28E-20,1.05E-16,5.64E-09,0.040615454,0.959373891,1.06E-05,0,0,0,0
Head 3,124,2.69E-38,4.54E-38,1.76E-33,4.49E-29,2.49E-28,1.06E-31,4.64E-36,8.99E-38,1.32E-35,9.61E-32,1.33E-29,2.20E-30,2.90E-32,9.08E-33,5.05E-31,5.17E-29,1.11E-29,1.85E-33,2.05E-37,1.19E-37,1.30E-32,5.02E-23,2.61E-21,2.02E-24,6.56E-30,1.92E-38,1.55E-38,7.32E-34,1.07E-27,2.43E-25,7.16E-27,3.67E-30,9.28E-32,2.88E-32,4.66E-29,9.86E-28,2.04E-29,1.98E-32,1.22E-32,1.85E-29,2.14E-27,5.20E-26,3.46E-27,1.89E-30,2.96E-31,1.32E-26,4.86E-20,3.58E-17,2.87E-19,1.48E-26,3.17E-33,4.99E-35,9.48E-31,8.56E-24,3.02E-19,4.17E-21,5.31E-27,5.33E-31,9.91E-30,2.74E-28,3.63E-28,1.80E-29,7.62E-28,9.42E-27,3.36E-24,1.58E-20,4.09E-19,1.56E-21,3.48E-30,2.63E-34,4.14E-31,2.52E-24,2.66E-20,4.90E-21,1.23E-26,2.01E-32,2.42E-33,3.42E-28,7.93E-21,1.05E-16,1.67E-20,2.41E-25,1.01E-30,2.87E-29,1.37E-25,5.74E-23,9.22E-23,1.04E-21,4.39E-22,7.46E-21,2.03E-18,8.93E-18,1.26E-20,8.43E-29,3.65E-32,6.39E-30,1.21E-23,3.23E-18,1.10E-17,3.77E-22,9.59E-28,5.54E-30,2.52E-27,2.51E-22,3.96E-19,6.45E-20,1.75E-23,4.05E-26,2.21E-25,3.61E-22,1.93E-19,3.55E-19,1.07E-20,1.99E-21,9.70E-20,1.28E-16,7.08E-15,2.26E-16,1.42E-19,1.40E-20,1.23E-16,6.61E-09,0.04793299,0.952055216,1.18E-05,0,0,0
Head 3,125,4.28E-34,9.33E-39,4.36E-38,1.12E-33,4.76E-29,2.92E-28,1.06E-31,3.53E-36,6.67E-38,1.33E-35,8.96E-32,1.12E-29,2.15E-30,2.10E-32,6.18E-33,4.30E-31,4.40E-29,9.88E-30,1.72E-33,1.49E-37,1.05E-37,4.62E-30,4.93E-25,7.68E-22,9.34E-23,6.95E-32,8.74E-38,1.16E-38,5.20E-33,5.79E-28,2.20E-25,5.78E-27,3.32E-30,1.13E-33,2.85E-32,3.26E-29,1.03E-27,1.97E-29,5.26E-33,5.47E-33,1.88E-31,1.05E-27,1.08E-24,5.54E-27,1.23E-30,7.46E-31,3.74E-26,9.09E-21,1.02E-16,3.40E-19,5.12E-27,4.69E-34,2.44E-35,4.88E-31,5.65E-23,2.64E-19,7.83E-23,3.98E-27,4.53E-30,4.27E-30,3.11E-29,7.59E-29,3.14E-26,2.04E-26,4.37E-28,1.68E-24,1.22E-20,1.15E-18,2.94E-24,6.68E-31,1.92E-32,1.87E-29,1.39E-24,2.82E-20,4.42E-21,1.14E-26,1.81E-32,2.17E-33,2.40E-28,6.30E-21,5.62E-19,5.35E-21,4.23E-26,3.18E-29,1.81E-29,2.34E-25,3.63E-23,1.30E-20,2.35E-21,2.62E-23,5.48E-21,1.19E-18,1.59E-17,5.40E-23,4.04E-29,2.35E-32,5.21E-30,9.97E-24,2.82E-18,1.04E-17,3.76E-22,8.60E-28,4.37E-30,1.98E-27,2.23E-22,3.19E-19,4.47E-20,1.23E-23,3.46E-26,1.96E-25,3.00E-22,1.77E-19,3.18E-19,9.38E-21,1.52E-21,7.53E-20,1.22E-16,6.28E-15,1.89E-16,1.27E-19,1.29E-20,1.13E-16,6.30E-09,0.040108591,0.9598791,1.23E-05,0,0
Head 3,126,1.17E-28,7.99E-35,7.01E-39,1.79E-38,9.23E-34,4.04E-29,2.12E-28,6.73E-32,1.96E-36,4.64E-38,7.96E-36,4.51E-32,7.69E-30,1.24E-30,1.13E-32,3.88E-33,2.60E-31,2.68E-29,6.70E-30,1.01E-33,1.02E-37,1.03E-35,2.31E-32,7.58E-26,6.43E-20,1.76E-24,1.16E-31,6.25E-38,3.63E-37,1.14E-33,3.65E-28,1.43E-25,3.91E-27,1.69E-31,7.28E-34,1.57E-32,2.74E-29,8.04E-28,7.14E-31,1.59E-33,3.57E-34,1.79E-31,8.62E-26,1.60E-24,1.75E-27,1.07E-30,1.52E-30,3.40E-27,2.32E-20,1.02E-16,5.08E-20,8.44E-28,1.96E-34,3.02E-36,4.78E-30,3.38E-23,3.19E-21,6.80E-22,2.04E-26,3.77E-30,4.65E-31,5.68E-30,4.00E-26,1.41E-24,2.12E-29,1.46E-28,5.70E-25,2.46E-20,3.78E-20,1.07E-24,2.04E-28,9.76E-31,9.88E-30,1.36E-24,2.19E-20,3.35E-21,9.05E-27,1.50E-32,1.39E-33,1.74E-28,2.44E-22,1.95E-19,3.28E-20,1.30E-24,1.93E-29,3.55E-28,1.03E-25,3.38E-22,2.37E-20,8.42E-24,1.70E-23,1.53E-21,1.66E-18,9.19E-19,2.84E-23,2.70E-29,1.94E-32,4.47E-30,7.66E-24,2.09E-18,8.39E-18,3.22E-22,6.54E-28,3.94E-30,2.02E-27,1.75E-22,2.24E-19,2.99E-20,1.01E-23,2.86E-26,1.44E-25,2.34E-22,1.36E-19,2.65E-19,7.48E-21,1.20E-21,6.98E-20,9.78E-17,4.64E-15,1.56E-16,1.15E-19,1.18E-20,1.00E-16,4.75E-09,0.037275769,0.962712646,1.16E-05,0
Head 3,127,7.59E-24,6.15E-27,1.01E-32,3.75E-37,2.60E-36,3.25E-31,3.59E-26,2.86E-25,6.19E-29,7.62E-34,5.97E-36,4.39E-34,3.29E-30,5.82E-28,1.09E-28,1.16E-30,4.42E-31,3.65E-29,4.99E-27,1.07E-27,1.11E-31,1.02E-34,6.61E-36,4.75E-31,3.37E-21,4.96E-19,4.90E-22,2.61E-29,3.29E-34,5.30E-36,8.77E-32,5.22E-26,2.15E-23,4.99E-25,6.01E-30,1.28E-32,3.25E-31,7.19E-28,4.74E-27,2.56E-29,2.88E-31,6.72E-32,7.60E-28,3.65E-24,1.67E-24,7.01E-27,7.55E-30,1.41E-30,8.45E-26,4.89E-19,1.55E-15,7.51E-19,1.21E-26,7.57E-34,3.63E-34,1.93E-29,5.33E-23,2.34E-18,7.15E-20,2.37E-25,4.72E-29,1.25E-29,6.97E-27,1.36E-22,1.86E-26,4.65E-28,1.43E-26,3.36E-23,4.81E-19,6.97E-19,2.58E-21,2.98E-26,3.36E-30,9.68E-29,2.34E-23,5.40E-19,7.56E-20,9.28E-26,5.12E-32,3.96E-33,1.10E-27,3.74E-21,6.66E-16,1.01E-16,1.09E-22,1.58E-26,7.79E-27,3.73E-25,1.77E-20,6.82E-22,6.81E-23,3.52E-22,1.54E-20,3.24E-17,1.32E-17,4.10E-22,2.96E-28,1.78E-31,4.25E-29,1.09E-22,5.17E-17,2.35E-16,4.84E-21,7.57E-27,4.18E-29,2.63E-26,3.71E-21,1.44E-17,2.40E-18,4.06E-22,3.76E-25,8.86E-25,9.84E-22,6.57E-19,1.50E-18,4.80E-20,9.74E-21,5.38E-19,6.84E-16,2.46E-14,3.81E-16,9.18E-20,3.58E-21,2.10E-17,1.81E-09,0.027647046,0.972352803,1.18E-07
Head 3,128,7.22E-22,1.76E-24,2.26E-30,1.30E-34,8.28E-34,1.07E-28,1.02E-23,1.07E-22,2.74E-26,3.67E-31,2.10E-33,1.70E-31,8.97E-28,1.49E-25,2.74E-26,2.90E-28,1.00E-28,7.56E-27,9.68E-25,2.27E-25,1.85E-28,2.49E-33,8.45E-34,2.41E-26,7.73E-21,2.83E-17,1.11E-19,1.75E-25,2.35E-32,1.11E-33,2.21E-29,1.01E-23,2.06E-20,6.45E-23,1.43E-27,3.33E-30,6.10E-29,2.90E-25,5.78E-25,9.38E-26,2.91E-28,1.36E-28,1.38E-25,6.54E-24,8.97E-23,2.93E-24,7.71E-28,4.45E-28,8.58E-24,5.40E-17,5.63E-14,4.57E-17,3.90E-24,2.68E-30,3.81E-32,3.15E-27,2.36E-20,4.97E-16,4.70E-19,1.17E-23,2.93E-27,5.80E-28,3.65E-23,1.98E-23,9.82E-25,5.86E-24,1.72E-23,1.25E-20,4.42E-17,5.00E-16,1.17E-18,2.16E-24,4.50E-28,1.33E-26,2.48E-21,5.88E-17,8.65E-18,1.11E-23,7.59E-30,1.83E-30,7.32E-26,2.07E-18,5.59E-13,1.60E-14,1.03E-20,2.13E-24,1.10E-26,2.92E-22,8.62E-20,8.17E-20,5.48E-19,7.50E-20,7.48E-18,2.38E-15,1.08E-15,4.23E-20,4.30E-26,2.78E-29,5.49E-27,1.27E-20,5.40E-15,1.99E-14,5.98E-19,9.82E-25,4.72E-27,1.17E-24,3.54E-19,1.71E-15,3.43E-16,6.27E-20,6.29E-23,1.22E-22,1.22E-19,6.96E-17,1.61E-16,6.33E-18,1.23E-18,5.99E-17,7.24E-14,2.38E-12,3.36E-14,7.15E-18,2.25E-19,1.18E-15,7.08E-08,0.818716228,0.181281462,2.22E-06
Head 3,129,1.19E-19,3.70E-22,9.91E-28,8.56E-32,6.16E-31,3.58E-26,3.36E-21,4.05E-20,1.70E-23,3.16E-28,2.01E-30,8.58E-29,2.95E-25,3.85E-23,7.89E-24,9.62E-26,2.92E-26,1.57E-24,1.63E-22,6.41E-22,1.10E-26,8.68E-31,2.36E-29,6.64E-26,3.62E-19,3.35E-15,4.12E-16,3.66E-23,1.26E-29,7.94E-31,8.02E-27,4.04E-21,2.82E-18,1.73E-20,5.19E-25,1.14E-27,5.44E-25,5.49E-23,8.22E-22,6.79E-23,3.55E-26,2.99E-26,3.19E-25,5.82E-22,2.28E-19,2.57E-22,2.13E-25,7.32E-26,1.88E-21,1.24E-15,1.50E-12,1.84E-14,7.90E-21,6.62E-28,3.93E-29,1.70E-25,4.85E-18,1.26E-15,2.96E-17,1.35E-21,1.27E-25,4.68E-24,4.56E-22,1.72E-21,9.66E-20,2.14E-20,1.05E-21,1.36E-18,1.45E-15,7.41E-14,9.54E-17,4.62E-22,1.60E-25,3.25E-24,3.59E-19,5.33E-15,8.21E-16,2.20E-21,2.15E-27,3.20E-28,4.76E-24,1.24E-15,6.09E-11,4.56E-14,2.56E-18,1.69E-23,3.99E-23,2.31E-19,1.53E-17,2.34E-15,1.63E-16,5.15E-18,6.73E-16,1.70E-13,8.80E-14,6.76E-18,1.41E-23,1.12E-26,1.74E-24,1.89E-18,4.06E-13,1.81E-12,8.30E-17,2.74E-22,5.48E-25,2.71E-22,6.06E-17,2.57E-13,6.35E-14,1.90E-17,2.12E-20,3.49E-20,2.13E-17,9.72E-15,2.69E-14,1.32E-15,2.64E-16,1.10E-14,8.77E-12,2.18E-10,3.31E-12,8.36E-16,2.81E-17,7.50E-14,1.61E-06,0.05840994,0.941560268,2.82E-05
Head 3,130,4.62E-19,9.76E-22,1.76E-27,1.82E-31,1.22E-30,1.66E-25,2.24E-20,1.78E-19,3.66E-23,3.04E-28,1.17E-30,7.03E-29,4.15E-25,7.24E-23,1.34E-23,1.18E-25,2.93E-26,2.05E-24,2.20E-20,1.11E-22,2.21E-26,2.77E-29,1.47E-30,1.42E-25,1.75E-18,9.84E-13,2.07E-15,5.87E-23,1.78E-29,1.32E-30,4.24E-27,3.16E-20,1.12E-17,3.46E-20,5.53E-25,9.75E-26,1.39E-24,5.90E-23,6.05E-21,1.82E-23,4.97E-26,3.68E-27,7.68E-25,1.33E-19,3.58E-20,3.80E-22,3.00E-25,1.74E-25,2.03E-21,3.28E-15,1.64E-11,3.60E-13,1.34E-20,1.98E-27,6.28E-30,2.74E-24,1.00E-17,1.13E-14,1.93E-16,4.30E-21,9.61E-24,6.22E-23,1.60E-21,1.30E-18,1.87E-17,9.85E-22,2.07E-21,6.08E-19,8.96E-15,1.96E-13,2.52E-16,1.12E-21,3.23E-25,8.39E-24,1.25E-18,1.73E-14,2.33E-15,3.04E-22,1.64E-27,6.84E-29,1.27E-22,1.12E-14,4.85E-12,1.95E-13,2.68E-18,1.76E-22,3.14E-21,5.36E-19,6.85E-16,1.20E-14,9.75E-18,1.16E-17,2.07E-15,8.10E-13,6.01E-13,5.09E-17,9.65E-23,9.53E-26,1.83E-23,2.63E-17,6.03E-12,1.59E-11,5.26E-16,4.13E-22,1.96E-24,1.77E-21,6.45E-16,2.60E-12,4.04E-13,5.44E-17,4.18E-20,7.32E-20,7.39E-17,5.41E-14,1.60E-13,5.95E-15,1.02E-15,3.86E-14,2.99E-11,7.07E-10,7.89E-12,1.69E-15,5.08E-17,1.65E-13,6.06E-08,0.092553489,0.907315493,0.000130894
Head 3,131,3.17E-19,5.17E-22,9.72E-28,8.04E-32,8.34E-31,1.77E-25,1.88E-20,1.09E-19,1.16E-23,5.52E-29,2.19E-31,2.02E-29,1.65E-25,3.24E-23,5.41E-24,3.38E-26,8.92E-27,9.73E-23,1.27E-22,7.54E-23,1.13E-25,1.15E-30,9.84E-31,8.97E-26,2.61E-16,1.62E-12,1.03E-15,2.34E-23,7.42E-30,2.09E-32,1.98E-26,1.84E-20,5.69E-18,1.04E-20,2.38E-24,4.29E-26,1.11E-26,4.68E-23,9.50E-22,6.36E-24,3.09E-26,5.56E-27,4.06E-23,4.39E-22,1.41E-20,1.87E-22,1.32E-25,4.61E-26,1.11E-21,1.36E-15,5.27E-11,1.84E-13,3.07E-21,9.31E-29,2.23E-29,7.57E-24,8.29E-18,1.10E-14,8.45E-16,3.55E-20,5.19E-23,2.54E-23,3.25E-21,5.46E-17,2.44E-20,2.67E-22,1.28E-21,1.28E-18,3.96E-15,1.02E-13,1.49E-16,6.03E-22,1.77E-25,5.16E-24,6.37E-19,9.49E-15,1.78E-17,6.19E-23,2.49E-28,2.99E-28,9.50E-23,7.57E-16,3.26E-12,1.38E-12,6.29E-18,1.15E-21,9.61E-22,5.40E-20,7.91E-16,6.04E-17,3.81E-18,5.32E-18,1.32E-15,7.60E-13,6.99E-13,6.30E-17,1.41E-22,1.32E-25,2.83E-23,3.94E-17,7.08E-12,1.80E-11,2.10E-16,2.78E-22,1.81E-24,2.26E-21,8.32E-16,2.63E-12,2.22E-13,1.97E-17,1.32E-20,2.81E-20,3.94E-17,3.32E-14,8.69E-14,2.90E-15,4.50E-16,1.60E-14,1.39E-11,3.05E-10,3.69E-12,7.58E-16,2.32E-17,3.02E-15,1.75E-08,0.012774737,0.987180531,4.47E-05
Head 3,132,1.96E-19,3.28E-22,5.87E-28,5.08E-32,7.11E-31,1.28E-25,1.21E-20,6.67E-20,5.91E-24,2.79E-29,1.39E-31,1.37E-29,1.15E-25,2.51E-23,3.27E-24,2.18E-26,1.77E-25,3.19E-25,1.44E-22,1.02E-21,7.98E-27,9.97E-31,5.74E-31,1.55E-23,4.24E-16,1.17E-12,6.32E-16,1.61E-23,1.10E-31,2.38E-31,8.74E-27,1.48E-20,3.41E-18,8.47E-21,1.91E-24,2.53E-28,8.34E-27,1.74E-22,4.77E-22,3.66E-23,1.00E-25,5.15E-26,9.03E-26,3.77E-22,1.09E-20,2.96E-22,8.03E-26,4.03E-26,2.42E-22,6.24E-15,4.12E-11,4.01E-14,1.13E-21,3.91E-28,1.40E-28,2.19E-24,3.78E-18,6.45E-14,3.33E-15,3.09E-20,1.30E-23,7.73E-25,7.70E-20,1.73E-19,4.88E-21,6.87E-21,9.39E-21,7.91E-19,2.98E-15,9.27E-14,1.33E-16,5.25E-22,1.66E-25,3.72E-24,4.94E-19,1.25E-16,6.83E-18,1.58E-22,1.41E-27,1.84E-28,8.71E-23,4.52E-16,8.03E-11,4.73E-12,1.56E-18,6.04E-22,8.31E-24,1.34E-19,6.05E-17,4.10E-17,3.19E-18,5.59E-18,1.70E-15,9.63E-13,8.19E-13,7.49E-17,1.42E-22,1.27E-25,2.51E-23,3.39E-17,6.12E-12,8.53E-12,1.56E-16,2.38E-22,1.81E-24,2.17E-21,7.48E-16,1.92E-12,1.51E-13,1.42E-17,9.76E-21,2.26E-20,2.96E-17,2.25E-14,5.96E-14,2.15E-15,3.31E-16,1.37E-14,1.05E-11,2.74E-10,3.36E-12,6.90E-16,2.52E-18,2.03E-15,5.83E-09,0.024630779,0.975328684,4.06E-05
Head 3,133,1.24E-19,2.40E-22,3.92E-28,3.73E-32,4.75E-31,6.61E-26,8.97E-21,4.69E-20,4.13E-24,2.12E-29,9.41E-32,8.63E-30,8.86E-26,1.69E-23,2.53E-24,3.68E-26,2.05E-27,5.15E-25,8.45E-21,3.09E-23,7.47E-27,6.41E-31,3.02E-29,1.57E-23,3.24E-16,7.72E-13,4.82E-16,4.14E-25,8.68E-31,7.41E-32,8.04E-27,1.03E-20,8.94E-19,6.78E-21,7.90E-26,1.73E-28,5.61E-25,1.18E-22,1.39E-21,9.15E-23,3.90E-26,6.46E-28,1.36E-25,2.63E-22,1.41E-19,2.30E-22,6.39E-26,1.04E-26,1.13E-21,4.13E-15,2.01E-11,4.65E-14,3.34E-21,9.53E-28,2.43E-29,7.10E-25,5.28E-18,1.83E-13,2.92E-16,8.57E-21,1.70E-25,1.51E-23,9.82E-21,3.05E-20,9.18E-19,9.18E-20,5.13E-21,5.58E-19,2.63E-15,7.89E-14,1.07E-16,4.36E-22,1.13E-25,2.65E-24,1.08E-20,4.40E-17,6.94E-17,8.78E-22,8.36E-28,4.31E-28,4.14E-23,1.59E-15,2.38E-10,2.56E-14,8.01E-19,7.81E-24,2.49E-23,4.57E-19,3.14E-17,2.75E-17,2.52E-18,5.16E-18,1.54E-15,8.29E-13,7.34E-13,6.06E-17,1.01E-22,8.96E-26,1.91E-23,2.25E-17,2.73E-12,5.98E-12,1.14E-16,1.90E-22,1.34E-24,1.60E-21,5.24E-16,1.41E-12,1.24E-13,1.11E-17,7.95E-21,1.59E-20,2.00E-17,1.61E-14,4.75E-14,1.68E-15,2.88E-16,9.77E-15,9.27E-12,2.33E-10,2.60E-12,1.33E-16,1.72E-18,9.70E-16,6.63E-09,0.026172357,0.973794997,3.26E-05
Head 3,134,1.89E-19,3.59E-22,5.46E-28,5.24E-32,4.29E-31,9.31E-26,1.06E-20,5.69E-20,5.56E-24,2.62E-29,1.12E-31,1.23E-29,1.18E-25,2.58E-23,1.37E-24,1.14E-26,6.09E-27,7.14E-23,8.50E-23,5.15E-23,9.48E-27,1.28E-29,4.02E-29,2.20E-23,3.51E-16,8.49E-13,1.99E-17,1.38E-24,4.90E-31,1.33E-31,1.09E-26,1.08E-20,1.01E-18,7.74E-21,9.18E-26,3.97E-26,8.58E-25,3.48E-23,3.42E-21,1.00E-23,2.44E-26,2.89E-27,1.69E-25,5.38E-20,2.45E-19,3.81E-22,6.58E-26,7.80E-26,1.13E-21,1.14E-14,2.04E-11,1.27E-13,2.67E-21,3.25E-28,1.62E-29,2.72E-25,4.34E-17,1.59E-14,1.93E-16,1.77E-21,4.64E-24,1.08E-22,2.80E-21,2.33E-18,2.59E-17,7.86E-20,6.24E-21,8.40E-19,3.40E-15,8.94E-14,1.19E-16,4.59E-22,1.25E-25,5.75E-26,4.41E-21,4.27E-16,6.38E-16,9.24E-22,8.30E-28,3.42E-28,1.55E-23,6.61E-15,8.99E-13,1.80E-14,4.16E-19,4.10E-23,2.02E-21,3.35E-19,3.35E-17,3.42E-17,3.57E-18,7.09E-18,1.89E-15,1.01E-12,8.33E-13,6.04E-17,1.21E-22,1.27E-25,2.23E-23,1.99E-17,3.18E-12,6.73E-12,1.37E-16,2.20E-22,1.60E-24,1.83E-21,5.92E-16,1.53E-12,1.28E-13,1.32E-17,8.71E-21,1.84E-20,2.55E-17,2.14E-14,6.07E-14,2.23E-15,3.08E-16,1.29E-14,1.15E-11,2.54E-10,9.10E-13,1.72E-16,2.45E-18,1.33E-15,1.14E-08,0.04175451,0.958213031,3.24E-05
Head 3,135,2.25E-19,3.65E-22,5.49E-28,3.40E-32,4.13E-31,7.55E-26,1.04E-20,6.94E-20,5.93E-24,2.38E-29,9.98E-32,1.07E-29,1.28E-25,1.88E-23,3.42E-24,1.97E-26,1.57E-25,2.99E-25,1.45E-22,5.24E-23,6.99E-26,1.02E-29,3.90E-29,1.95E-23,3.57E-16,1.38E-14,1.37E-17,9.41E-25,6.03E-31,1.31E-31,6.33E-26,6.68E-21,3.61E-18,7.14E-21,2.24E-24,4.68E-26,1.09E-26,4.21E-23,8.00E-22,5.35E-23,8.81E-26,2.62E-27,3.04E-23,5.84E-20,3.15E-19,1.82E-22,1.82E-25,5.10E-26,3.96E-21,2.47E-15,4.01E-11,3.96E-14,8.49E-22,1.42E-28,1.33E-30,3.07E-24,1.17E-17,1.05E-14,5.69E-16,2.08E-20,5.12E-23,2.31E-23,3.15E-21,5.65E-17,1.81E-17,8.18E-20,7.65E-21,8.67E-19,3.22E-15,8.30E-14,1.10E-16,4.35E-22,4.94E-28,1.54E-26,1.27E-20,5.63E-15,6.05E-16,6.00E-23,4.83E-28,3.13E-29,5.55E-23,3.92E-16,6.69E-13,3.09E-13,1.79E-18,1.42E-21,9.66E-22,2.60E-19,3.29E-17,3.95E-17,4.02E-18,7.16E-18,2.01E-15,1.03E-12,7.31E-13,6.22E-17,1.25E-22,1.11E-25,2.04E-23,1.82E-17,3.21E-12,7.29E-12,1.36E-16,2.11E-22,1.48E-24,1.75E-21,5.29E-16,1.46E-12,1.41E-13,1.23E-17,7.79E-21,1.81E-20,2.55E-17,2.27E-14,6.63E-14,2.10E-15,3.46E-16,1.37E-14,1.01E-11,5.04E-11,9.56E-13,2.29E-16,2.14E-18,1.46E-15,1.63E-08,0.040964697,0.959000528,3.48E-05
Head 3,136,3.98E-19,6.83E-22,9.01E-28,6.68E-32,6.23E-31,1.36E-25,2.78E-20,1.95E-19,1.56E-23,5.33E-29,1.82E-31,1.92E-29,1.77E-24,8.44E-23,5.46E-24,8.17E-26,4.39E-27,1.28E-24,2.49E-22,1.60E-21,1.02E-25,1.70E-29,5.95E-29,3.14E-23,2.70E-18,7.37E-15,2.91E-17,2.10E-24,1.23E-30,7.00E-30,4.34E-26,1.50E-20,7.56E-18,1.93E-20,4.47E-24,4.86E-28,1.54E-26,3.29E-22,4.38E-21,2.41E-22,1.56E-25,7.52E-26,2.98E-23,8.26E-20,2.10E-20,2.64E-22,1.44E-25,1.13E-25,4.53E-22,5.69E-15,3.02E-11,2.24E-14,6.19E-22,3.79E-29,4.12E-29,9.15E-24,1.03E-17,1.11E-13,4.75E-15,6.08E-20,2.48E-23,1.17E-24,1.20E-19,6.40E-17,3.41E-17,1.76E-19,1.26E-20,1.13E-18,3.56E-15,8.65E-14,1.37E-16,1.05E-24,2.18E-28,6.32E-26,4.60E-19,6.56E-15,1.24E-17,5.59E-23,2.73E-28,1.83E-28,2.10E-22,4.71E-16,5.58E-11,1.91E-12,4.34E-18,1.24E-21,1.26E-21,4.19E-19,6.17E-17,6.89E-17,6.14E-18,1.13E-17,2.75E-15,1.25E-12,1.08E-12,9.63E-17,2.14E-22,2.88E-25,2.99E-23,3.00E-17,5.33E-12,1.14E-11,2.20E-16,3.43E-22,2.37E-24,2.39E-21,8.17E-16,2.77E-12,2.45E-13,1.98E-17,1.28E-20,2.54E-20,3.55E-17,3.09E-14,9.11E-14,3.41E-15,5.37E-16,1.58E-14,1.34E-12,6.09E-11,1.36E-12,2.55E-16,1.78E-18,1.73E-15,1.44E-08,0.039750759,0.960222423,2.68E-05
Head 3,137,4.34E-19,8.26E-22,9.90E-28,5.04E-32,4.43E-31,1.38E-25,3.32E-20,2.48E-19,1.96E-23,5.68E-29,1.82E-31,1.65E-27,5.87E-25,4.56E-23,2.89E-24,2.35E-26,1.57E-26,1.42E-24,2.14E-20,1.45E-21,1.08E-25,1.64E-29,5.84E-29,1.05E-25,1.05E-18,1.24E-14,3.70E-17,2.56E-24,5.77E-29,2.23E-30,5.52E-27,3.69E-20,3.42E-18,2.81E-20,2.45E-25,4.88E-28,1.60E-24,6.39E-23,7.85E-21,2.91E-22,8.92E-26,3.50E-26,3.08E-23,5.21E-22,2.08E-20,2.26E-22,1.83E-25,2.64E-26,1.28E-21,1.76E-14,2.01E-11,1.77E-14,6.91E-22,1.04E-27,2.00E-28,3.63E-24,1.22E-17,4.18E-13,8.50E-16,2.50E-20,3.59E-25,2.68E-23,8.38E-20,7.39E-17,4.77E-17,2.19E-19,1.46E-20,1.25E-18,3.65E-15,1.20E-13,1.15E-18,5.10E-25,3.36E-27,3.69E-24,4.50E-19,1.36E-16,1.06E-17,3.29E-22,1.31E-27,2.43E-27,1.61E-22,4.04E-15,1.72E-10,1.10E-13,2.86E-18,1.14E-21,1.53E-21,6.33E-19,8.49E-17,8.77E-17,9.11E-18,1.49E-17,3.39E-15,1.73E-12,1.41E-12,1.39E-16,5.01E-22,2.55E-25,3.18E-23,3.28E-17,6.05E-12,1.47E-11,2.96E-16,4.26E-22,2.42E-24,2.56E-21,1.02E-15,3.45E-12,3.04E-13,2.68E-17,1.53E-20,2.94E-20,3.66E-17,3.40E-14,1.11E-13,4.28E-15,5.54E-16,1.14E-15,1.57E-12,7.46E-11,1.95E-12,1.62E-16,1.75E-18,1.77E-15,2.03E-08,0.057106998,0.942851126,4.19E-05
Head 3,138,3.74E-19,7.10E-22,7.07E-28,2.92E-32,2.92E-31,9.78E-26,2.40E-20,2.13E-19,1.59E-23,4.52E-29,1.51E-29,3.35E-29,1.55E-25,2.80E-23,5.34E-24,4.23E-26,1.20E-26,1.25E-22,1.10E-20,1.20E-21,8.72E-26,1.24E-29,4.26E-31,5.75E-26,9.11E-19,9.67E-15,3.04E-17,7.01E-23,1.74E-29,3.59E-32,2.04E-26,2.24E-20,2.57E-18,1.70E-20,1.66E-25,6.55E-26,1.20E-26,5.98E-23,6.42E-21,1.41E-23,2.50E-26,2.07E-26,8.54E-26,5.06E-22,1.46E-20,4.96E-22,1.03E-25,5.17E-26,4.71E-21,6.94E-15,1.10E-11,3.44E-14,1.07E-20,1.60E-27,4.46E-29,2.14E-25,3.40E-17,2.04E-14,3.04E-16,2.76E-21,4.86E-24,1.36E-23,6.63E-20,7.08E-17,4.10E-17,1.77E-19,1.11E-20,8.00E-19,3.38E-15,1.76E-14,5.80E-19,2.94E-23,1.34E-25,2.25E-24,9.59E-21,6.54E-17,1.92E-16,1.28E-21,2.63E-27,1.21E-27,6.11E-23,6.31E-15,2.14E-12,4.86E-14,1.69E-18,9.28E-22,1.57E-21,5.41E-19,6.30E-17,7.63E-17,6.74E-18,9.91E-18,2.54E-15,1.32E-12,1.29E-12,1.92E-16,3.06E-22,1.79E-25,2.03E-23,1.99E-17,4.21E-12,1.20E-11,2.49E-16,3.50E-22,1.89E-24,1.99E-21,7.61E-16,2.58E-12,2.63E-13,2.29E-17,1.26E-20,2.03E-20,2.73E-17,2.55E-14,8.64E-14,2.99E-15,2.09E-17,8.30E-16,1.10E-12,7.67E-11,7.79E-13,9.49E-17,1.23E-18,1.60E-15,1.62E-08,0.028046468,0.971919358,3.41E-05
Head 3,139,3.81E-19,7.05E-22,6.14E-28,2.66E-32,2.83E-31,8.60E-26,2.55E-20,2.19E-19,1.77E-23,6.15E-28,1.92E-31,1.23E-29,1.35E-24,5.85E-23,5.57E-24,4.07E-26,2.99E-25,5.43E-23,9.87E-21,1.15E-21,8.21E-26,7.04E-31,7.71E-31,5.29E-26,9.91E-19,8.51E-15,1.10E-15,4.52E-23,2.78E-31,2.96E-31,1.42E-25,1.62E-20,7.63E-18,1.39E-20,4.69E-24,4.21E-28,1.53E-26,6.56E-23,1.36E-21,8.39E-24,2.35E-26,8.14E-28,2.40E-25,4.20E-22,3.64E-19,2.87E-22,1.80E-25,1.64E-25,2.66E-21,5.09E-15,1.33E-11,3.52E-13,4.99E-21,6.36E-28,1.36E-30,2.07E-24,1.42E-17,1.47E-14,1.03E-15,3.11E-20,3.88E-24,1.60E-23,9.52E-20,8.91E-17,5.04E-17,2.09E-19,1.04E-20,9.80E-19,1.45E-14,1.42E-14,2.63E-17,6.64E-22,1.17E-25,4.64E-26,5.48E-21,9.64E-16,9.46E-16,1.61E-22,2.01E-27,2.79E-28,1.63E-22,7.31E-16,1.58E-12,4.42E-14,2.11E-18,1.47E-21,2.08E-21,5.90E-19,8.19E-17,8.60E-17,6.57E-18,1.16E-17,2.94E-15,1.59E-12,1.45E-12,1.76E-16,3.64E-22,2.18E-25,2.30E-23,2.29E-17,4.86E-12,1.32E-11,3.06E-16,4.14E-22,2.22E-24,2.24E-21,8.32E-16,3.08E-12,3.18E-13,2.75E-17,1.31E-20,2.35E-20,3.01E-17,2.90E-14,9.99E-14,2.52E-16,2.29E-17,8.41E-16,1.29E-12,4.26E-11,5.75E-13,9.37E-17,1.59E-18,1.90E-15,1.14E-08,0.034827929,0.96512723,4.48E-05
Head 3,140,5.49E-19,9.15E-22,6.82E-28,2.85E-32,2.60E-31,9.41E-26,2.76E-20,2.78E-19,1.28E-23,4.19E-29,1.31E-31,1.43E-27,3.89E-25,3.84E-23,5.95E-24,8.05E-26,1.07E-25,4.99E-23,1.08E-20,1.11E-21,1.02E-26,1.69E-30,5.83E-31,7.59E-26,1.02E-18,8.65E-13,1.08E-15,1.03E-24,1.41E-30,9.18E-30,6.04E-26,1.83E-20,8.23E-18,2.61E-20,2.34E-25,5.20E-28,1.58E-26,4.01E-22,1.07E-21,7.38E-24,2.73E-26,4.27E-27,1.89E-25,1.09E-19,2.94E-20,3.22E-22,2.89E-25,9.82E-26,1.90E-21,1.57E-15,8.17E-11,7.09E-14,1.95E-21,3.85E-29,2.47E-29,1.06E-23,1.03E-17,1.36E-13,5.70E-15,2.25E-20,3.83E-24,1.96E-23,1.00E-19,8.98E-17,4.58E-17,1.53E-19,1.00E-20,6.08E-18,1.01E-14,3.17E-14,1.46E-16,4.09E-22,3.83E-28,1.66E-26,2.19E-20,5.81E-15,1.70E-17,9.78E-23,1.39E-27,7.18E-28,2.18E-22,4.73E-16,1.14E-12,3.87E-14,2.24E-18,1.50E-21,1.95E-21,7.13E-19,8.69E-17,7.33E-17,7.12E-18,1.22E-17,3.06E-15,9.67E-13,1.19E-12,1.67E-16,3.54E-22,2.09E-25,2.50E-23,2.64E-17,5.54E-12,1.58E-11,3.07E-16,3.75E-22,1.91E-24,1.93E-21,7.58E-16,2.67E-12,2.63E-13,2.03E-17,1.16E-20,2.14E-20,2.94E-17,3.02E-14,1.57E-14,1.95E-16,1.74E-17,5.53E-16,6.36E-13,2.89E-11,4.82E-13,9.30E-17,1.61E-18,1.41E-15,1.18E-08,0.029829722,0.970131218,3.91E-05
Head 3,141,1.00E-18,1.49E-21,1.11E-27,4.27E-32,4.32E-31,1.55E-25,5.87E-20,5.59E-20,1.84E-23,6.04E-29,2.85E-29,4.26E-29,2.53E-25,5.86E-23,3.61E-24,5.77E-26,1.38E-25,7.24E-23,1.22E-20,6.91E-23,3.04E-26,2.06E-30,1.60E-30,1.49E-25,5.32E-16,1.88E-12,4.60E-17,3.31E-24,9.70E-29,4.49E-30,1.08E-26,6.08E-20,6.44E-18,3.56E-20,3.87E-25,8.12E-28,3.49E-24,7.03E-22,1.95E-21,1.45E-22,3.17E-25,5.81E-27,8.99E-23,8.62E-22,3.53E-20,1.31E-21,3.27E-25,1.16E-25,5.36E-22,1.42E-14,5.27E-11,4.62E-14,1.07E-21,1.30E-27,6.16E-28,1.02E-23,3.31E-17,1.04E-12,8.79E-15,4.32E-20,8.15E-24,3.64E-23,1.85E-19,1.55E-16,6.60E-17,2.79E-19,7.03E-21,5.86E-18,1.40E-15,1.26E-13,1.54E-16,8.86E-25,2.36E-28,1.14E-25,3.58E-19,2.79E-16,1.45E-17,1.02E-21,6.20E-27,4.05E-27,2.32E-22,6.17E-16,1.78E-12,6.64E-14,3.59E-18,2.03E-21,3.05E-21,9.64E-19,9.67E-17,1.12E-16,1.02E-17,1.72E-17,2.01E-15,9.49E-13,1.32E-12,2.11E-16,5.00E-22,3.70E-25,4.73E-23,5.13E-17,1.03E-11,2.51E-11,4.52E-16,5.49E-22,2.88E-24,3.08E-21,1.11E-15,3.75E-12,3.26E-13,2.80E-17,1.53E-20,2.99E-20,4.73E-17,2.45E-14,2.12E-14,2.58E-16,1.44E-17,3.76E-16,6.25E-13,3.01E-11,5.64E-13,1.20E-16,1.92E-18,1.80E-15,1.23E-08,0.033891674,0.96606642,4.18E-05
Head 3,142,1.08E-18,1.59E-21,1.09E-27,3.85E-32,3.51E-31,1.73E-25,1.00E-20,2.72E-19,2.42E-23,1.13E-27,2.68E-31,2.28E-29,2.53E-25,4.43E-23,3.13E-24,5.52E-26,1.59E-25,6.98E-23,1.20E-22,1.32E-22,2.20E-26,2.53E-30,1.58E-30,4.78E-23,8.43E-16,2.97E-14,4.43E-17,1.18E-22,3.46E-29,8.36E-32,5.56E-26,6.26E-20,1.97E-17,3.38E-20,3.90E-25,1.88E-25,3.68E-24,7.75E-22,8.42E-21,5.63E-22,2.36E-25,1.29E-25,1.94E-25,9.34E-22,8.67E-19,1.39E-21,3.24E-25,4.65E-26,3.63E-21,2.69E-14,2.91E-11,5.18E-14,1.41E-20,4.90E-27,1.64E-28,8.58E-25,1.38E-16,8.67E-13,9.51E-15,4.80E-20,8.39E-24,3.82E-23,1.87E-19,1.24E-16,6.83E-17,1.81E-21,3.44E-21,2.48E-19,4.71E-15,1.16E-13,8.56E-19,4.25E-25,5.32E-27,2.11E-24,5.91E-20,1.66E-16,4.63E-16,2.77E-21,4.87E-27,2.20E-27,1.72E-22,6.13E-16,2.11E-12,7.94E-14,3.81E-18,2.36E-21,3.03E-21,8.03E-19,1.01E-16,1.04E-16,1.02E-17,1.13E-17,1.67E-15,9.02E-13,1.29E-12,1.88E-16,4.50E-22,3.12E-25,4.40E-23,4.84E-17,1.02E-11,2.61E-11,4.70E-16,5.47E-22,2.92E-24,2.96E-21,1.12E-15,3.58E-12,3.36E-13,2.58E-17,1.42E-20,2.94E-20,7.17E-17,2.33E-14,1.73E-14,1.08E-16,4.38E-18,2.46E-16,5.07E-13,3.02E-11,5.75E-13,1.17E-16,1.68E-18,1.38E-15,1.24E-08,0.040008605,0.959956527,3.49E-05
Head 3,143,1.61E-18,2.47E-21,1.51E-27,4.16E-32,4.47E-31,1.95E-25,4.30E-20,5.52E-19,3.14E-23,8.03E-29,3.11E-31,3.10E-29,3.16E-24,1.00E-22,4.21E-24,7.66E-26,2.02E-25,4.92E-25,4.13E-22,1.36E-22,3.16E-26,3.30E-30,1.72E-28,7.25E-23,5.09E-18,2.09E-14,2.35E-15,8.81E-23,5.71E-31,9.08E-31,4.69E-25,6.73E-20,2.84E-17,5.26E-20,1.52E-23,2.73E-25,5.80E-24,1.66E-22,2.24E-20,5.90E-22,1.73E-25,2.69E-27,4.62E-25,3.05E-19,1.49E-18,2.41E-21,4.03E-25,2.87E-25,1.46E-20,1.74E-14,2.34E-11,4.94E-13,9.96E-21,1.60E-27,4.87E-30,8.72E-24,1.50E-16,1.22E-12,1.27E-14,6.01E-20,1.05E-23,4.66E-23,1.67E-19,1.48E-16,5.17E-20,8.85E-22,1.79E-21,1.76E-18,5.17E-15,2.15E-14,6.01E-19,5.37E-23,1.03E-25,4.96E-25,3.76E-20,6.13E-15,1.65E-15,2.73E-22,3.27E-27,1.97E-27,1.99E-22,8.41E-16,2.86E-12,9.86E-14,5.07E-18,2.86E-21,3.39E-21,1.05E-18,1.22E-16,1.37E-16,1.40E-17,1.22E-17,2.05E-15,1.12E-12,1.44E-12,2.08E-16,4.58E-22,3.48E-25,4.83E-23,5.88E-17,1.37E-11,3.49E-11,5.82E-16,6.53E-22,3.30E-24,3.44E-21,1.23E-15,4.22E-12,3.70E-13,2.98E-17,1.72E-20,1.14E-19,1.15E-16,3.09E-14,9.81E-15,3.07E-17,3.10E-18,2.40E-16,6.86E-13,3.95E-11,7.24E-13,1.33E-16,1.57E-18,1.69E-15,1.93E-08,0.046631962,0.953332245,3.58E-05
Head 3,144,2.34E-18,3.76E-21,1.73E-27,4.68E-32,1.91E-30,1.35E-25,8.65E-20,9.94E-20,3.20E-23,1.18E-28,3.55E-31,3.56E-27,8.68E-24,1.31E-22,4.80E-24,8.84E-26,5.39E-27,2.50E-24,3.50E-22,1.64E-22,3.70E-26,5.39E-29,1.64E-28,2.82E-25,3.56E-18,3.06E-12,3.27E-15,2.37E-24,4.31E-30,3.05E-29,2.72E-26,1.39E-19,4.22E-17,9.75E-20,2.10E-23,4.05E-25,4.88E-26,2.69E-22,2.35E-20,4.72E-23,1.27E-25,8.25E-27,1.79E-22,4.05E-19,2.70E-18,1.70E-21,1.10E-24,5.94E-25,8.28E-21,3.45E-15,1.55E-10,1.38E-13,3.99E-21,1.18E-28,7.99E-29,7.69E-24,1.83E-16,1.55E-12,1.55E-14,7.19E-20,1.21E-23,3.78E-23,1.81E-19,4.34E-19,2.20E-20,1.94E-20,2.31E-20,1.62E-18,2.33E-14,1.74E-14,4.90E-17,5.68E-22,4.16E-27,2.57E-25,7.34E-19,2.59E-14,3.64E-17,1.81E-22,2.78E-27,2.04E-27,2.53E-22,1.04E-15,3.31E-12,1.22E-13,5.79E-18,3.03E-21,3.87E-21,1.21E-18,1.47E-16,2.27E-16,1.41E-17,1.39E-17,2.35E-15,1.19E-12,1.58E-12,2.14E-16,4.83E-22,3.54E-25,5.07E-23,6.91E-17,1.67E-11,4.21E-11,6.77E-16,7.50E-22,3.70E-24,3.45E-21,1.32E-15,4.50E-12,4.15E-13,3.38E-17,5.78E-20,2.14E-19,2.27E-16,2.25E-14,2.82E-15,1.92E-17,2.78E-18,3.00E-16,8.23E-13,4.42E-11,8.23E-13,1.18E-16,1.79E-18,2.33E-15,2.30E-08,0.044653364,0.955306649,4.00E-05
Head 3,145,2.72E-18,3.75E-21,1.63E-27,2.09E-31,2.65E-31,2.17E-25,1.57E-20,4.58E-19,4.44E-23,1.05E-28,4.26E-29,6.31E-27,8.67E-24,1.01E-22,4.27E-24,2.67E-26,2.60E-26,1.31E-24,3.15E-22,1.41E-22,2.36E-25,3.39E-29,1.47E-30,2.54E-25,1.39E-15,5.25E-12,7.81E-17,5.37E-24,1.79E-28,1.65E-31,8.15E-26,1.43E-19,1.38E-17,1.13E-19,2.51E-23,1.35E-27,5.22E-26,2.03E-22,4.23E-21,3.46E-22,3.00E-25,2.28E-25,1.27E-22,4.97E-19,1.41E-19,1.46E-21,1.03E-24,3.13E-25,6.95E-22,1.73E-14,8.08E-11,6.37E-14,1.84E-21,1.76E-27,4.77E-29,6.45E-24,1.87E-16,1.50E-12,1.48E-14,6.72E-20,8.42E-24,3.22E-23,2.95E-20,1.64E-19,3.40E-18,3.38E-19,1.62E-20,1.12E-17,1.64E-14,6.48E-14,1.82E-16,2.62E-24,1.82E-27,5.73E-24,3.36E-18,4.51E-16,1.98E-17,1.32E-22,2.36E-27,2.17E-27,2.59E-22,9.93E-16,3.58E-12,1.27E-13,5.51E-18,2.99E-21,4.01E-21,1.16E-18,1.79E-16,1.93E-16,1.36E-17,1.36E-17,2.14E-15,1.14E-12,1.47E-12,1.96E-16,4.51E-22,3.09E-25,4.79E-23,6.45E-17,1.62E-11,4.09E-11,6.98E-16,7.37E-22,3.04E-24,2.96E-21,1.17E-15,4.13E-12,3.87E-13,4.41E-17,9.47E-20,5.39E-19,1.90E-16,7.90E-15,1.60E-15,1.53E-17,2.79E-18,3.00E-16,7.05E-13,4.21E-11,6.22E-13,1.17E-16,1.88E-18,2.73E-15,1.94E-08,0.040602211,0.959353805,4.40E-05
Head 3,146,2.64E-18,3.74E-21,3.67E-27,3.11E-32,3.23E-31,1.74E-25,4.40E-20,6.74E-19,4.04E-23,1.47E-27,4.65E-29,5.75E-27,5.86E-24,8.61E-23,8.59E-24,8.34E-26,1.18E-26,1.18E-24,2.58E-22,2.30E-21,1.41E-25,1.60E-30,2.04E-30,9.46E-23,1.96E-15,4.60E-14,5.63E-17,1.83E-22,7.23E-31,6.61E-31,6.12E-26,9.27E-20,1.21E-17,1.12E-19,6.66E-25,1.27E-27,3.15E-26,9.86E-22,1.52E-20,5.54E-22,1.91E-25,9.64E-26,1.02E-22,1.83E-21,7.94E-20,3.11E-21,6.85E-25,4.98E-26,3.21E-21,3.77E-14,3.71E-11,8.61E-14,1.95E-20,9.46E-28,3.43E-29,6.15E-24,1.58E-16,1.27E-12,1.24E-14,4.74E-20,6.32E-24,2.03E-22,8.91E-21,4.58E-18,6.71E-17,2.16E-19,5.83E-21,6.00E-18,2.00E-15,1.34E-13,8.54E-19,1.20E-24,1.54E-25,3.15E-23,7.86E-20,1.91E-16,1.32E-17,1.06E-22,2.28E-27,1.89E-27,1.95E-22,8.96E-16,3.15E-12,1.04E-13,4.80E-18,2.73E-21,3.17E-21,9.05E-19,1.32E-16,1.65E-16,1.19E-17,1.08E-17,1.79E-15,9.55E-13,1.21E-12,1.78E-16,3.60E-22,2.53E-25,3.54E-23,5.12E-17,1.38E-11,3.95E-11,6.66E-16,5.67E-22,2.32E-24,2.29E-21,9.15E-16,3.39E-12,1.61E-13,5.52E-17,2.52E-19,5.28E-19,9.21E-17,4.51E-15,1.19E-15,1.22E-17,2.41E-18,2.07E-16,5.61E-13,2.78E-11,5.74E-13,1.01E-16,2.12E-18,2.00E-15,1.54E-08,0.035327833,0.964632034,4.01E-05
Head 3,147,2.94E-18,6.17E-21,2.64E-27,3.46E-32,1.67E-30,1.15E-25,9.33E-20,7.52E-19,3.34E-23,1.40E-27,5.09E-29,4.65E-27,5.83E-24,1.21E-22,1.25E-23,5.52E-26,1.44E-26,1.24E-24,2.58E-20,1.66E-21,1.79E-26,3.70E-30,2.72E-28,1.24E-22,6.15E-18,2.02E-14,3.23E-15,3.13E-24,3.75E-30,7.07E-31,4.98E-25,7.36E-20,1.33E-17,8.22E-20,7.39E-25,1.05E-27,5.51E-24,1.99E-22,2.33E-20,5.60E-23,1.13E-25,8.72E-26,2.82E-25,1.85E-21,2.29E-18,3.80E-21,4.35E-25,2.46E-25,2.04E-20,1.99E-14,3.01E-11,6.76E-13,1.58E-20,1.14E-27,5.66E-29,8.15E-24,1.85E-16,1.38E-12,1.31E-14,5.42E-20,1.52E-22,9.82E-23,5.46E-21,1.44E-16,6.50E-17,1.63E-21,3.85E-21,3.72E-19,4.83E-15,1.17E-14,6.53E-19,4.19E-22,1.30E-24,6.82E-25,3.67E-20,1.45E-16,1.32E-17,1.38E-22,2.95E-27,2.15E-27,2.63E-22,1.04E-15,3.26E-12,1.18E-13,5.78E-18,3.05E-21,3.09E-21,8.25E-19,1.39E-16,1.80E-16,1.20E-17,1.14E-17,1.82E-15,9.28E-13,1.35E-12,1.92E-16,4.49E-22,2.90E-25,4.13E-23,5.93E-17,1.57E-11,4.52E-11,6.92E-16,6.56E-22,2.83E-24,2.70E-21,1.03E-15,8.43E-13,1.93E-13,1.50E-16,4.10E-19,4.61E-19,7.85E-17,4.65E-15,1.22E-15,1.52E-17,2.33E-18,2.18E-16,4.45E-13,3.07E-11,6.14E-13,1.56E-16,2.22E-18,2.22E-15,1.64E-08,0.037605248,0.962357879,3.69E-05
Head 3,148,7.87E-18,1.36E-20,1.62E-27,2.38E-31,2.84E-31,3.23E-25,1.20E-19,1.11E-19,3.02E-23,1.77E-27,5.25E-29,5.60E-27,7.38E-25,8.70E-23,1.27E-23,7.81E-26,1.86E-26,2.46E-22,1.94E-20,8.93E-23,3.89E-26,7.77E-29,2.61E-28,3.75E-25,3.92E-18,4.25E-12,1.27E-16,8.11E-24,4.14E-30,3.12E-29,2.60E-25,7.94E-20,5.33E-17,9.51E-20,7.28E-25,3.91E-25,4.65E-26,2.69E-22,6.15E-21,3.92E-23,9.72E-26,2.69E-27,7.87E-25,6.46E-19,3.64E-18,1.84E-21,1.07E-24,9.11E-25,1.04E-20,4.00E-15,1.98E-10,6.41E-13,2.02E-20,1.71E-27,7.43E-29,1.00E-23,2.22E-16,1.59E-12,1.59E-14,1.54E-19,7.32E-23,1.29E-24,1.77E-19,1.34E-16,4.48E-20,9.61E-22,2.97E-21,1.50E-18,1.45E-14,1.08E-14,7.26E-17,2.27E-21,6.47E-27,2.72E-25,2.70E-20,1.67E-16,1.94E-17,1.84E-22,3.35E-27,2.92E-27,3.03E-22,1.15E-15,3.97E-12,1.44E-13,7.24E-18,4.43E-21,2.93E-21,9.67E-19,1.68E-16,2.00E-16,1.38E-17,1.27E-17,2.05E-15,1.14E-12,1.59E-12,2.45E-16,4.96E-22,3.18E-25,4.98E-23,7.06E-17,2.00E-11,5.33E-11,8.36E-16,7.53E-22,3.17E-24,2.94E-21,2.38E-16,8.87E-13,3.45E-13,3.01E-16,3.76E-19,4.14E-19,8.51E-17,4.80E-15,1.47E-15,1.46E-17,2.55E-18,1.80E-16,5.37E-13,4.00E-11,9.58E-13,1.61E-16,2.44E-18,2.46E-15,1.85E-08,0.043018706,0.956942201,3.91E-05
Head 3,149,1.16E-17,4.54E-21,5.19E-27,3.93E-32,6.40E-31,3.26E-25,1.88E-20,7.55E-20,3.25E-23,1.79E-27,5.74E-29,4.91E-29,3.55E-25,1.01E-22,1.59E-23,9.36E-26,7.01E-25,1.35E-22,1.56E-22,1.55E-22,3.41E-25,5.87E-29,2.58E-30,4.13E-25,2.22E-15,7.92E-14,1.31E-16,9.44E-24,2.29E-28,1.08E-29,2.20E-25,1.06E-19,6.85E-17,1.00E-19,3.15E-23,1.59E-27,5.71E-26,1.87E-21,5.07E-21,3.30E-23,1.14E-25,1.47E-26,3.05E-22,8.08E-19,1.83E-19,1.92E-21,1.84E-24,4.94E-25,1.02E-21,2.41E-14,1.82E-10,7.90E-13,2.55E-20,2.08E-27,8.52E-29,1.13E-23,2.16E-16,1.79E-12,2.57E-15,7.65E-20,4.52E-25,3.55E-23,1.34E-19,3.35E-19,2.16E-20,3.78E-20,1.87E-20,1.37E-17,1.25E-14,4.40E-14,2.12E-16,4.50E-24,2.33E-27,1.62E-25,2.73E-20,2.29E-16,2.36E-17,1.97E-22,4.19E-27,2.99E-27,3.00E-22,1.19E-15,4.13E-12,1.63E-13,1.62E-17,3.60E-21,3.09E-21,1.05E-18,1.70E-16,2.10E-16,1.40E-17,1.37E-17,2.27E-15,1.23E-12,1.82E-12,2.46E-16,4.74E-22,3.36E-25,4.93E-23,7.54E-17,2.09E-11,5.79E-11,8.54E-16,7.85E-22,3.13E-24,1.03E-21,2.23E-16,9.76E-13,6.76E-13,2.14E-16,2.79E-19,4.01E-19,8.28E-17,5.08E-15,1.34E-15,1.53E-17,1.94E-18,1.95E-16,7.24E-13,5.85E-11,9.16E-13,1.65E-16,2.58E-18,2.56E-15,1.95E-08,0.041102774,0.958854675,4.26E-05
Head 3,150,2.66E-18,6.46E-21,2.36E-27,5.14E-32,5.90E-31,2.59E-25,9.17E-21,6.01E-20,2.63E-23,1.40E-27,2.35E-31,2.41E-29,2.82E-25,8.37E-23,1.37E-23,1.97E-25,3.02E-25,4.40E-25,2.62E-22,2.93E-21,2.29E-25,2.87E-30,4.54E-30,1.97E-22,7.86E-18,4.09E-14,1.42E-16,3.61E-22,9.88E-29,9.48E-30,2.44E-26,2.29E-19,5.79E-17,1.77E-19,1.03E-24,1.69E-27,9.88E-24,1.92E-21,5.24E-21,4.08E-22,7.40E-25,3.96E-25,2.25E-22,2.23E-21,1.02E-19,5.69E-21,1.38E-24,1.13E-25,6.40E-21,2.05E-14,1.93E-10,8.20E-13,2.94E-20,2.51E-27,1.03E-28,9.49E-24,2.12E-16,1.15E-13,1.58E-15,6.48E-21,1.09E-23,3.10E-23,2.82E-20,1.87E-19,8.83E-18,3.73E-19,1.89E-20,1.08E-17,1.90E-15,7.97E-14,1.74E-18,2.42E-24,1.79E-27,1.95E-25,4.14E-20,2.62E-16,2.28E-17,2.27E-22,4.46E-27,3.20E-27,3.32E-22,1.33E-15,4.56E-12,5.28E-13,1.35E-17,3.95E-21,3.29E-21,9.67E-19,1.52E-16,1.79E-16,1.34E-17,1.36E-17,2.20E-15,1.25E-12,1.74E-12,2.40E-16,5.53E-22,3.81E-25,5.54E-23,7.30E-17,1.91E-11,4.99E-11,8.68E-16,9.02E-22,2.97E-24,1.44E-21,2.93E-16,1.94E-12,4.38E-13,1.39E-16,2.59E-19,3.95E-19,8.25E-17,5.04E-15,1.52E-15,1.33E-17,2.30E-18,2.83E-16,1.09E-12,5.07E-11,8.77E-13,1.77E-16,2.89E-18,2.79E-15,1.95E-08,0.037730537,0.962225497,4.39E-05
Head 3,151,6.98E-18,9.82E-21,1.58E-27,4.60E-32,2.05E-30,1.11E-25,8.23E-21,6.59E-20,2.65E-23,7.25E-29,3.01E-31,2.24E-29,3.39E-25,9.46E-23,5.58E-24,1.09E-25,5.33E-27,1.40E-24,3.15E-20,2.34E-21,2.38E-26,6.14E-30,4.84E-28,3.96E-25,6.08E-18,5.35E-14,6.52E-15,2.10E-22,6.93E-29,1.33E-31,1.30E-25,1.89E-19,2.47E-17,1.54E-19,1.02E-24,5.86E-25,1.03E-23,2.09E-21,2.52E-20,1.50E-21,3.63E-25,2.00E-25,3.39E-25,2.12E-21,3.77E-18,6.36E-21,8.76E-25,4.54E-25,4.72E-21,2.03E-14,2.07E-10,8.70E-13,2.92E-20,2.35E-27,6.72E-29,8.73E-24,7.25E-17,7.29E-14,2.90E-15,6.72E-20,7.03E-24,2.20E-22,1.09E-20,1.20E-17,8.13E-17,5.44E-21,1.07E-20,8.27E-19,3.14E-15,1.78E-14,9.58E-19,1.43E-24,1.46E-27,2.37E-25,4.53E-20,2.58E-16,2.52E-17,2.18E-22,3.76E-27,2.86E-27,3.28E-22,1.16E-15,1.16E-11,3.97E-13,1.29E-17,3.79E-21,2.97E-21,9.03E-19,1.38E-16,1.82E-16,1.41E-17,1.38E-17,2.39E-15,1.30E-12,1.72E-12,2.41E-16,5.02E-22,3.33E-25,4.58E-23,6.79E-17,1.84E-11,5.35E-11,9.26E-16,1.10E-21,3.71E-24,2.15E-21,3.81E-16,1.14E-12,2.39E-13,1.13E-16,2.31E-19,3.66E-19,8.96E-17,5.11E-15,1.17E-15,1.25E-17,2.50E-18,4.17E-16,9.29E-13,4.92E-11,8.74E-13,1.69E-16,2.48E-18,2.51E-15,1.72E-08,0.039099161,0.960855544,4.53E-05
Head 3,152,1.07E-17,4.23E-21,1.67E-27,2.15E-31,8.67E-31,9.16E-26,9.27E-21,6.94E-20,4.12E-23,1.43E-28,2.44E-31,2.93E-29,4.16E-25,7.47E-23,4.93E-24,3.75E-26,2.01E-26,2.58E-22,2.38E-20,9.95E-23,4.58E-26,9.92E-29,2.53E-30,4.88E-25,7.14E-18,7.96E-12,7.17E-15,1.57E-22,6.41E-31,9.86E-31,7.06E-26,1.52E-19,1.00E-16,1.32E-19,3.81E-23,6.04E-25,1.20E-23,3.50E-22,4.32E-20,6.69E-23,1.45E-25,2.45E-27,6.25E-25,9.23E-19,5.33E-18,3.06E-21,1.59E-24,2.74E-25,3.37E-21,1.92E-14,1.91E-10,7.89E-13,2.38E-20,1.30E-27,4.91E-29,3.02E-23,4.06E-17,4.28E-13,1.46E-14,4.46E-20,9.67E-23,7.02E-23,7.31E-21,9.45E-17,9.56E-20,2.23E-21,1.07E-20,1.41E-18,1.56E-14,1.12E-14,5.86E-19,9.26E-25,1.27E-27,1.93E-25,3.44E-20,2.41E-16,2.29E-17,1.71E-22,3.02E-27,2.42E-27,2.15E-22,1.58E-15,8.34E-12,3.41E-13,1.07E-17,2.84E-21,2.34E-21,7.31E-19,1.31E-16,1.80E-16,1.30E-17,1.31E-17,2.20E-15,1.22E-12,1.66E-12,2.15E-16,3.97E-22,2.24E-25,3.50E-23,5.90E-17,1.93E-11,6.12E-11,1.17E-15,1.32E-21,6.78E-24,1.52E-21,2.03E-16,5.53E-13,1.69E-13,8.49E-17,1.89E-19,4.10E-19,8.03E-17,3.89E-15,1.02E-15,1.02E-17,3.06E-18,3.00E-16,8.47E-13,4.88E-11,8.48E-13,1.36E-16,1.95E-18,1.82E-15,1.49E-08,0.034531925,0.965429127,3.90E-05
Head 3,153,2.35E-18,3.26E-21,4.29E-27,1.75E-31,8.65E-31,9.71E-26,7.66E-21,5.71E-19,6.55E-23,9.15E-29,2.42E-31,2.43E-29,3.05E-24,7.80E-23,1.18E-23,9.79E-26,6.70E-25,1.28E-22,1.27E-22,1.39E-22,3.97E-25,3.44E-30,4.84E-30,4.16E-25,3.08E-15,1.11E-11,7.19E-15,4.28E-24,6.79E-30,7.64E-31,6.29E-25,1.61E-19,7.55E-17,2.19E-19,4.87E-23,9.49E-25,8.94E-26,3.91E-22,7.71E-21,4.98E-23,1.14E-25,1.15E-26,3.82E-22,9.29E-19,2.21E-19,2.99E-21,1.60E-24,3.04E-25,5.14E-21,2.15E-14,1.93E-10,8.07E-13,2.30E-20,1.77E-27,8.05E-28,1.79E-23,3.90E-17,1.45E-12,1.43E-14,1.21E-19,6.89E-23,1.74E-24,1.07E-19,9.99E-19,7.21E-20,2.63E-19,4.12E-20,1.58E-17,1.30E-14,1.11E-14,7.16E-19,1.76E-24,2.44E-27,2.69E-25,4.32E-20,2.40E-16,2.08E-17,1.86E-22,3.91E-27,2.51E-27,2.52E-22,1.44E-15,8.52E-12,3.71E-13,1.14E-17,3.19E-21,2.37E-21,7.40E-19,1.29E-16,1.78E-16,1.40E-17,1.35E-17,2.17E-15,1.20E-12,1.72E-12,2.47E-16,4.54E-22,2.89E-25,3.94E-23,5.64E-17,1.74E-11,4.94E-11,1.53E-15,4.39E-21,6.59E-24,1.45E-21,1.60E-16,5.22E-13,1.65E-13,9.64E-17,3.09E-19,4.42E-19,7.44E-17,4.34E-15,1.04E-15,1.73E-17,3.24E-18,3.49E-16,9.26E-13,5.09E-11,8.65E-13,1.59E-16,2.34E-18,2.28E-15,1.59E-08,0.036321074,0.96364069,3.82E-05
Head 3,154,3.08E-18,7.41E-21,8.42E-27,2.21E-31,1.11E-30,1.19E-25,6.95E-20,1.45E-18,6.58E-23,1.24E-28,3.12E-31,3.65E-27,5.78E-24,1.65E-22,2.14E-23,2.63E-25,3.92E-25,5.65E-25,3.51E-22,4.48E-21,3.83E-26,9.04E-30,5.33E-30,3.07E-22,5.77E-15,1.57E-11,2.39E-16,1.69E-23,5.26E-30,4.13E-29,4.65E-26,2.68E-19,3.55E-17,3.44E-19,9.45E-23,4.04E-27,9.55E-26,3.16E-21,8.05E-21,5.18E-22,7.48E-25,6.07E-25,3.48E-22,3.24E-21,1.89E-19,3.42E-21,1.63E-24,4.89E-25,6.58E-21,2.56E-14,2.22E-10,8.29E-13,2.95E-20,9.10E-27,4.42E-28,1.15E-24,2.22E-16,1.77E-12,2.43E-15,9.20E-20,7.42E-25,2.42E-23,9.04E-20,6.95E-19,7.92E-17,1.27E-18,2.54E-20,1.28E-17,1.42E-14,1.29E-14,1.04E-18,2.60E-24,2.97E-27,3.63E-25,5.07E-20,2.90E-16,2.51E-17,2.31E-22,4.34E-27,2.76E-27,2.75E-22,1.77E-15,1.05E-11,4.17E-13,1.35E-17,3.64E-21,2.88E-21,8.89E-19,1.59E-16,2.27E-16,1.66E-17,1.58E-17,2.67E-15,1.50E-12,2.22E-12,2.89E-16,5.88E-22,3.48E-25,4.75E-23,7.03E-17,1.40E-11,6.53E-11,3.87E-15,3.40E-21,4.84E-24,1.20E-21,1.63E-16,5.85E-13,2.03E-13,1.62E-16,3.58E-19,4.59E-19,9.54E-17,4.64E-15,1.56E-15,1.86E-17,4.03E-18,4.62E-16,1.20E-12,6.22E-11,1.02E-12,1.85E-16,2.85E-18,2.72E-15,1.89E-08,0.042702705,0.957257152,4.02E-05
Head 3,155,8.63E-18,2.45E-20,1.16E-26,2.64E-31,1.45E-30,1.59E-25,2.13E-19,1.53E-18,8.14E-23,1.63E-28,6.76E-29,6.18E-27,8.37E-25,1.54E-22,1.00E-23,1.87E-25,8.93E-27,2.42E-24,5.43E-20,1.55E-22,8.45E-26,1.12E-29,9.92E-28,4.40E-22,8.59E-15,1.74E-13,2.98E-16,1.71E-23,4.72E-28,4.00E-31,1.58E-25,3.38E-19,5.12E-17,6.84E-19,3.83E-24,4.33E-27,2.53E-23,4.38E-21,4.37E-20,2.48E-21,8.26E-25,4.37E-25,5.86E-25,4.03E-21,2.41E-19,3.78E-21,3.00E-24,7.78E-25,9.11E-21,3.27E-14,2.39E-10,1.11E-12,2.17E-20,5.33E-27,7.29E-30,1.42E-23,2.71E-16,1.41E-13,2.30E-15,1.39E-20,9.56E-24,1.05E-21,6.94E-20,1.89E-16,4.78E-16,1.24E-20,1.92E-20,1.41E-17,1.70E-14,1.86E-14,1.56E-18,3.62E-24,4.96E-27,4.91E-25,7.32E-20,3.48E-16,3.09E-17,2.95E-22,6.97E-27,3.31E-27,3.69E-22,2.26E-15,1.19E-11,5.02E-13,1.63E-17,4.60E-21,3.55E-21,1.11E-18,2.05E-16,2.75E-16,2.02E-17,2.05E-17,3.38E-15,1.92E-12,2.58E-12,3.81E-16,7.36E-22,4.61E-25,6.20E-23,5.88E-17,1.76E-11,1.11E-10,3.35E-15,2.09E-21,4.42E-24,1.34E-21,2.10E-16,7.40E-13,3.10E-13,1.98E-16,3.76E-19,6.18E-19,1.09E-16,6.51E-15,1.78E-15,2.38E-17,5.72E-18,6.26E-16,1.49E-12,7.11E-11,1.20E-12,2.37E-16,3.82E-18,3.39E-15,2.27E-08,0.042502679,0.957451522,4.58E-05
Head 3,156,2.70E-17,3.23E-20,1.09E-26,3.14E-31,3.33E-31,6.79E-25,1.99E-19,1.71E-18,9.31E-23,3.42E-27,7.88E-29,5.54E-29,5.56E-25,1.40E-22,9.53E-24,7.00E-26,4.33E-26,5.25E-22,2.43E-22,2.67E-22,9.59E-26,2.59E-28,9.35E-28,6.17E-22,2.12E-17,1.08E-13,3.28E-16,9.48E-22,3.06E-30,1.76E-30,1.89E-24,3.21E-19,7.66E-17,5.28E-19,3.12E-24,2.03E-24,3.41E-23,7.05E-22,9.15E-20,2.12E-22,4.77E-25,6.32E-27,1.40E-24,4.39E-21,2.28E-19,5.36E-21,3.95E-24,8.90E-25,1.04E-20,3.07E-14,2.73E-10,2.57E-13,1.10E-20,1.76E-28,1.37E-28,1.26E-23,1.09E-16,1.24E-13,7.36E-15,9.37E-20,5.49E-22,7.29E-22,2.40E-19,1.02E-15,3.84E-19,7.07E-21,1.71E-20,1.54E-17,2.24E-14,2.28E-14,1.79E-18,5.09E-24,5.68E-27,6.47E-25,7.82E-20,4.01E-16,3.45E-17,5.94E-22,6.77E-27,3.89E-27,4.31E-22,2.40E-15,1.32E-11,5.42E-13,1.77E-17,5.14E-21,3.96E-21,1.29E-18,2.17E-16,2.89E-16,2.27E-17,2.30E-17,3.92E-15,2.07E-12,2.99E-12,3.96E-16,8.22E-22,5.13E-25,6.94E-23,8.11E-17,2.51E-11,1.09E-10,1.63E-15,1.69E-21,4.51E-24,1.69E-21,2.45E-16,9.05E-13,3.38E-13,1.76E-16,4.51E-19,6.58E-19,1.39E-16,6.63E-15,1.87E-15,2.82E-17,6.90E-18,7.26E-16,1.61E-12,7.77E-11,1.37E-12,2.72E-16,4.11E-18,3.65E-15,2.31E-08,0.041068755,0.95888567,4.56E-05
Head 3,157,3.36E-17,2.74E-20,1.26E-26,5.24E-32,1.52E-30,5.08E-25,2.38E-19,1.92E-18,8.02E-23,3.02E-27,4.19E-31,4.47E-29,8.10E-24,1.97E-22,2.64E-23,2.47E-25,1.79E-24,9.41E-25,4.81E-22,3.03E-22,1.02E-24,2.08E-28,1.21E-27,9.90E-25,1.50E-17,1.24E-13,2.29E-14,1.68E-23,1.17E-29,1.35E-28,1.21E-24,3.61E-19,2.78E-16,4.30E-19,1.65E-22,2.89E-24,1.93E-25,8.47E-22,2.26E-20,1.50E-22,3.51E-25,3.00E-26,1.37E-24,4.13E-21,3.00E-19,6.92E-21,4.41E-24,1.03E-24,1.00E-20,3.60E-14,1.60E-10,1.60E-13,3.19E-21,4.18E-27,1.11E-28,6.78E-23,8.76E-17,1.10E-12,2.95E-14,3.35E-19,4.06E-22,5.30E-23,1.35E-18,3.70E-18,2.12E-19,6.04E-21,1.93E-20,2.23E-17,2.83E-14,2.71E-14,2.67E-18,6.31E-24,7.47E-27,7.51E-25,1.05E-19,4.39E-16,9.15E-17,5.66E-22,8.04E-27,4.67E-27,4.78E-22,2.73E-15,1.47E-11,6.19E-13,2.21E-17,6.06E-21,4.90E-21,1.41E-18,2.37E-16,3.36E-16,2.68E-17,2.81E-17,4.46E-15,2.47E-12,3.27E-12,4.69E-16,9.73E-22,9.94E-25,1.24E-22,1.55E-16,3.03E-11,6.28E-11,1.47E-15,1.84E-21,5.75E-24,2.01E-21,2.94E-16,9.97E-13,3.09E-13,2.25E-16,5.00E-19,9.56E-19,1.48E-16,6.94E-15,2.16E-15,3.45E-17,8.06E-18,8.01E-16,1.77E-12,8.82E-11,1.48E-12,2.91E-16,4.26E-18,3.97E-15,2.34E-08,0.042129029,0.95782125,4.97E-05
Head 3,158,2.88E-17,2.96E-20,4.37E-27,1.28E-31,9.22E-31,6.54E-25,2.57E-19,2.15E-19,5.77E-23,1.43E-28,5.12E-31,8.64E-27,1.31E-23,3.14E-22,4.29E-23,6.16E-25,1.35E-26,2.46E-24,4.96E-22,8.78E-21,8.11E-25,2.41E-28,6.80E-30,1.35E-24,1.48E-17,2.70E-11,6.31E-16,2.99E-23,1.13E-27,6.16E-29,9.35E-25,4.55E-19,2.91E-16,8.94E-19,2.30E-22,7.56E-27,1.68E-25,7.99E-21,1.95E-20,1.44E-21,1.89E-24,2.57E-26,1.31E-24,5.20E-21,3.55E-19,6.91E-21,4.51E-24,9.42E-25,1.10E-20,1.03E-13,1.01E-10,1.45E-13,5.20E-20,3.18E-27,1.72E-27,4.37E-23,1.16E-16,3.17E-12,4.07E-15,2.41E-19,1.11E-23,2.73E-22,3.00E-19,1.75E-18,1.54E-19,6.06E-21,2.70E-20,2.64E-17,2.98E-14,3.53E-14,2.89E-18,6.17E-24,8.05E-27,9.79E-25,9.58E-20,1.07E-15,7.76E-17,6.08E-22,8.85E-27,4.81E-27,4.98E-22,2.75E-15,1.54E-11,7.13E-13,2.34E-17,6.98E-21,4.89E-21,1.42E-18,2.55E-16,3.62E-16,3.00E-17,2.91E-17,4.90E-15,2.54E-12,3.55E-12,5.15E-16,2.32E-21,1.90E-24,3.53E-22,1.88E-16,2.20E-11,6.03E-11,1.52E-15,1.91E-21,6.06E-24,2.26E-21,2.80E-16,8.35E-13,3.67E-13,2.23E-16,7.50E-19,9.72E-19,1.48E-16,7.30E-15,2.45E-15,3.77E-17,8.55E-18,8.61E-16,1.98E-12,8.66E-11,1.54E-12,2.85E-16,4.54E-18,4.02E-15,2.44E-08,0.041114971,0.958833694,5.13E-05
Head 3,159,3.09E-17,1.95E-20,3.34E-27,7.61E-32,1.15E-30,6.72E-25,3.66E-20,1.41E-19,7.27E-23,2.22E-28,1.22E-28,1.14E-26,1.29E-24,2.33E-22,1.74E-23,9.55E-26,3.68E-26,2.12E-24,7.86E-20,6.76E-21,8.10E-25,8.49E-30,1.49E-29,9.88E-25,1.13E-14,3.05E-13,5.04E-16,1.62E-21,5.04E-28,3.53E-29,8.63E-26,8.96E-19,1.09E-16,1.21E-18,5.40E-24,5.25E-27,4.93E-23,7.94E-21,8.34E-20,4.78E-21,1.40E-24,2.27E-26,1.46E-24,5.28E-21,3.12E-19,5.92E-21,3.66E-24,8.86E-25,5.90E-20,6.00E-14,4.37E-11,1.32E-12,3.88E-20,1.38E-26,8.32E-28,2.54E-24,3.37E-16,2.52E-13,3.12E-15,5.30E-20,4.39E-23,2.58E-21,1.27E-19,1.15E-18,1.41E-19,8.08E-21,3.05E-20,2.54E-17,3.61E-14,3.53E-14,2.17E-18,6.07E-24,8.62E-27,7.20E-25,1.92E-19,8.15E-16,7.71E-17,6.02E-22,7.95E-27,4.29E-27,4.35E-22,2.78E-15,1.67E-11,7.32E-13,2.63E-17,6.50E-21,4.55E-21,1.44E-18,2.50E-16,3.77E-16,2.81E-17,2.98E-17,4.79E-15,2.62E-12,3.77E-12,1.08E-15,3.91E-21,6.36E-24,3.72E-22,1.57E-16,2.30E-11,6.52E-11,1.40E-15,1.87E-21,6.62E-24,1.88E-21,2.19E-16,9.36E-13,3.46E-13,3.28E-16,6.97E-19,8.98E-19,1.42E-16,7.55E-15,2.45E-15,3.61E-17,8.35E-18,8.86E-16,1.74E-12,8.80E-11,1.48E-12,2.70E-16,4.18E-18,3.99E-15,2.32E-08,0.039059762,0.960885704,5.45E-05
Head 3,160,1.25E-17,5.03E-21,2.57E-27,8.42E-32,1.05E-30,4.70E-25,1.79E-20,1.22E-18,1.18E-22,4.44E-27,1.06E-28,6.33E-29,6.54E-25,1.83E-22,2.98E-23,2.04E-25,2.94E-26,5.00E-22,4.50E-20,5.51E-21,6.26E-26,1.98E-29,8.33E-30,6.72E-22,2.22E-17,1.49E-13,2.82E-14,1.16E-21,3.37E-28,4.49E-31,3.91E-25,6.76E-19,1.17E-16,6.81E-19,3.43E-24,3.05E-24,4.71E-23,8.87E-22,1.36E-19,3.56E-21,1.27E-24,2.46E-26,1.36E-24,4.35E-21,2.52E-19,5.02E-21,3.79E-24,2.58E-24,3.22E-20,5.16E-15,2.85E-10,1.15E-12,2.22E-20,6.34E-27,1.02E-29,1.04E-23,3.50E-16,1.74E-13,1.15E-14,1.61E-19,1.02E-21,1.00E-21,7.48E-20,9.71E-19,1.81E-19,8.94E-21,2.74E-20,2.86E-17,3.35E-14,2.42E-14,2.36E-18,6.37E-24,7.03E-27,1.51E-24,1.32E-19,7.47E-16,7.13E-17,5.23E-22,6.82E-27,3.37E-27,3.92E-22,2.38E-15,1.50E-11,7.81E-13,2.45E-17,5.84E-21,4.34E-21,1.24E-18,2.35E-16,3.16E-16,2.74E-17,2.67E-17,4.39E-15,2.46E-12,4.80E-12,1.41E-15,1.11E-20,5.96E-24,2.31E-22,1.15E-16,1.92E-11,4.98E-11,1.28E-15,2.06E-21,5.44E-24,1.38E-21,2.13E-16,8.31E-13,4.70E-13,2.83E-16,6.00E-19,7.80E-19,1.27E-16,6.66E-15,2.14E-15,3.27E-17,7.83E-18,6.84E-16,1.59E-12,8.23E-11,1.23E-12,2.39E-16,4.05E-18,3.58E-15,1.92E-08,0.034604713,0.965342462,5.28E-05
Head 3,161,2.93E-18,5.48E-21,2.67E-27,8.73E-32,4.21E-30,2.34E-25,1.16E-19,2.18E-18,8.34E-23,3.33E-27,3.90E-31,4.51E-29,8.63E-24,2.67E-22,3.99E-23,1.85E-25,1.34E-24,2.44E-22,3.56E-20,1.61E-22,1.29E-25,1.28E-29,1.46E-27,7.96E-25,1.37E-17,2.81E-11,3.57E-14,1.20E-21,3.37E-30,4.21E-30,3.23E-24,5.85E-19,3.05E-16,4.54E-19,2.08E-22,3.51E-24,1.86E-25,9.65E-22,1.18E-19,3.54E-21,1.53E-24,2.63E-26,1.29E-24,3.84E-21,2.16E-19,5.58E-21,5.31E-24,1.72E-24,1.61E-21,3.35E-14,2.59E-10,2.48E-13,1.22E-20,2.59E-28,7.81E-29,4.71E-22,2.57E-16,1.74E-12,2.61E-14,5.22E-19,5.05E-22,7.07E-22,7.48E-20,1.46E-18,2.36E-19,9.51E-21,3.68E-20,2.97E-17,2.49E-14,2.84E-14,2.40E-18,6.77E-24,2.15E-26,1.19E-24,1.35E-19,7.10E-16,6.30E-17,4.76E-22,5.91E-27,3.49E-27,3.48E-22,2.26E-15,1.64E-11,7.85E-13,2.40E-17,6.36E-21,4.20E-21,1.26E-18,2.01E-16,3.29E-16,2.55E-17,2.60E-17,4.35E-15,2.01E-12,5.45E-12,2.88E-15,1.31E-20,3.25E-24,1.55E-22,1.02E-16,1.66E-11,4.80E-11,1.49E-15,2.15E-21,5.00E-24,1.53E-21,2.28E-16,1.23E-12,4.27E-13,2.63E-16,5.87E-19,7.78E-19,1.21E-16,6.36E-15,2.08E-15,3.37E-17,7.01E-18,7.01E-16,1.71E-12,6.63E-11,1.15E-12,2.53E-16,4.20E-18,3.43E-15,1.88E-08,0.035473358,0.964472353,5.43E-05
Head 3,162,2.76E-18,4.15E-21,2.46E-27,5.13E-31,2.35E-30,2.12E-25,2.35E-19,1.82E-19,5.29E-23,1.10E-28,4.61E-31,7.60E-27,7.55E-25,2.06E-22,3.68E-23,4.55E-25,6.10E-25,1.85E-22,1.51E-22,2.70E-22,8.92E-26,3.35E-28,5.34E-30,7.94E-25,1.03E-14,4.27E-11,5.08E-14,2.16E-23,3.09E-29,2.71E-28,2.22E-24,4.08E-19,2.62E-16,9.75E-19,2.64E-22,7.35E-27,1.70E-25,8.75E-22,1.08E-19,4.26E-21,1.82E-24,2.92E-26,1.29E-24,3.14E-21,2.29E-19,1.63E-20,4.80E-24,2.64E-25,1.20E-20,3.11E-14,1.39E-10,1.60E-13,5.30E-21,2.84E-27,1.81E-26,3.21E-22,4.50E-16,2.92E-12,5.33E-15,3.26E-19,4.35E-22,8.50E-22,1.30E-19,2.14E-18,2.87E-19,1.52E-20,4.46E-20,2.58E-17,3.08E-14,2.87E-14,3.29E-18,2.90E-23,2.25E-26,1.58E-24,1.47E-19,6.44E-16,5.69E-17,4.26E-22,6.62E-27,3.45E-27,3.55E-22,2.38E-15,1.62E-11,7.84E-13,2.89E-17,7.40E-21,4.88E-21,1.12E-18,2.09E-16,2.93E-16,2.50E-17,2.76E-17,2.69E-15,2.14E-12,7.57E-12,4.23E-15,6.03E-21,1.80E-24,1.35E-22,9.24E-17,1.42E-11,4.65E-11,1.69E-15,2.35E-21,6.59E-24,2.01E-21,3.91E-16,1.18E-12,4.15E-13,2.81E-16,6.60E-19,7.89E-19,1.23E-16,6.09E-15,2.14E-15,3.37E-17,7.88E-18,8.28E-16,1.32E-12,6.00E-11,1.16E-12,2.72E-16,4.63E-18,3.83E-15,1.97E-08,0.034667674,0.965276301,5.61E-05
Head 3,163,2.72E-18,4.25E-21,8.07E-27,3.82E-31,4.21E-31,6.91E-25,3.44E-20,1.33E-19,5.52E-23,2.11E-28,1.28E-28,4.55E-29,6.85E-25,2.30E-22,1.51E-23,2.61E-25,5.37E-25,4.81E-25,3.92E-22,2.43E-22,1.23E-24,8.74E-30,9.26E-30,9.26E-22,1.70E-14,7.85E-11,8.53E-16,6.40E-23,2.62E-27,1.39E-28,9.52E-26,8.21E-19,1.18E-16,1.31E-18,6.40E-24,6.51E-27,1.68E-25,8.07E-22,1.36E-19,5.02E-21,1.97E-24,3.09E-26,1.14E-24,3.57E-21,9.04E-18,1.65E-20,2.28E-24,1.22E-24,9.89E-21,9.64E-14,1.00E-10,2.32E-13,4.33E-20,1.05E-25,1.12E-26,4.69E-23,9.45E-16,2.65E-13,3.70E-15,2.65E-19,4.65E-22,1.32E-21,1.72E-19,2.29E-18,3.97E-19,1.62E-20,3.78E-20,3.14E-17,3.11E-14,3.71E-14,9.36E-18,2.46E-23,2.50E-26,1.67E-24,1.44E-19,6.43E-16,5.27E-17,4.39E-22,6.47E-27,3.50E-27,3.81E-22,2.50E-15,1.69E-11,9.20E-13,3.42E-17,8.82E-21,4.80E-21,1.33E-18,2.06E-16,3.04E-16,2.87E-17,1.73E-17,3.30E-15,2.96E-12,1.39E-11,2.04E-15,2.88E-21,1.59E-24,1.49E-22,1.02E-16,1.67E-11,6.10E-11,1.87E-15,2.74E-21,7.34E-24,3.45E-21,3.94E-16,1.19E-12,4.42E-13,3.17E-16,6.81E-19,9.05E-19,1.30E-16,6.54E-15,2.26E-15,3.65E-17,9.20E-18,6.89E-16,1.36E-12,6.42E-11,1.20E-12,2.76E-16,4.77E-18,3.91E-15,2.03E-08,0.036921404,0.963015556,6.30E-05
Head 3,164,3.45E-18,1.03E-20,1.08E-26,5.92E-32,1.52E-30,6.83E-25,2.43E-20,1.26E-18,1.29E-22,6.80E-27,4.64E-31,6.33E-29,8.55E-25,2.30E-22,1.38E-23,2.67E-25,7.67E-27,2.02E-24,3.83E-22,1.04E-20,8.73E-26,1.72E-29,2.56E-27,1.15E-21,3.08E-14,4.77E-13,8.37E-16,3.86E-21,1.37E-27,6.70E-31,4.35E-25,1.00E-18,1.46E-16,1.06E-18,5.85E-24,6.78E-27,1.50E-25,1.04E-21,1.58E-19,5.17E-21,2.04E-24,2.85E-26,1.31E-24,2.39E-18,1.13E-17,6.76E-21,5.38E-24,9.57E-25,6.43E-20,6.41E-14,6.71E-11,1.30E-12,6.01E-20,5.90E-26,4.56E-28,1.33E-22,4.10E-16,1.98E-13,3.12E-15,2.67E-19,6.24E-22,1.53E-21,1.61E-19,2.68E-18,3.64E-19,1.23E-20,4.15E-20,3.14E-17,3.62E-14,6.08E-14,7.36E-18,2.27E-23,2.25E-26,1.43E-24,1.31E-19,5.68E-16,5.16E-17,4.51E-22,6.36E-27,3.44E-27,3.54E-22,2.36E-15,1.75E-11,9.99E-13,3.70E-17,8.30E-21,5.33E-21,1.29E-18,2.09E-16,3.52E-16,2.14E-17,2.10E-17,4.67E-15,4.76E-12,7.95E-12,9.63E-16,2.27E-21,1.50E-24,1.52E-22,1.21E-16,2.04E-11,6.65E-11,2.08E-15,2.51E-21,1.06E-23,3.14E-21,3.64E-16,1.14E-12,4.56E-13,3.07E-16,7.52E-19,9.20E-19,1.31E-16,6.80E-15,2.19E-15,3.65E-17,7.17E-18,6.79E-16,1.42E-12,6.42E-11,1.16E-12,2.66E-16,4.45E-18,3.60E-15,1.96E-08,0.033111684,0.966835022,5.32E-05
Head 3,165,2.62E-17,1.50E-20,1.26E-27,5.15E-32,6.52E-30,2.51E-25,3.33E-20,1.32E-19,5.10E-24,1.46E-29,2.82E-31,6.08E-29,5.77E-24,2.46E-23,4.52E-25,2.46E-27,5.18E-27,6.17E-25,1.76E-20,1.12E-23,1.79E-27,9.27E-30,9.61E-29,2.28E-22,1.36E-17,6.50E-14,6.55E-15,3.26E-22,8.92E-31,5.34E-30,2.55E-23,2.19E-18,2.22E-16,2.19E-19,2.43E-24,9.36E-27,7.16E-25,2.67E-21,8.32E-20,9.31E-22,4.85E-25,3.84E-26,1.30E-20,3.15E-17,1.35E-18,6.09E-21,1.92E-24,6.33E-24,1.92E-19,3.62E-14,6.43E-10,1.84E-13,2.10E-20,5.22E-27,7.27E-27,7.42E-21,2.39E-15,5.43E-13,5.94E-15,1.04E-18,6.44E-21,2.24E-20,1.41E-18,4.39E-18,1.75E-19,9.53E-21,1.11E-19,3.18E-16,4.35E-13,2.66E-13,1.33E-17,3.53E-23,9.13E-26,2.59E-23,5.23E-18,1.82E-14,7.36E-16,3.65E-21,7.90E-26,9.58E-26,1.49E-20,5.23E-14,1.08E-10,2.76E-12,1.53E-16,1.54E-19,3.16E-19,8.77E-17,6.02E-15,3.80E-15,2.07E-16,5.08E-16,2.33E-13,1.46E-10,6.17E-11,2.20E-15,2.55E-21,3.08E-24,1.26E-21,1.56E-15,1.87E-10,2.51E-10,3.33E-15,7.79E-21,6.02E-23,2.96E-20,2.00E-15,1.91E-12,2.88E-13,2.51E-16,1.72E-18,5.69E-18,8.91E-16,1.51E-14,1.60E-15,2.00E-17,1.27E-17,4.85E-15,1.71E-11,3.88E-10,2.05E-12,2.10E-16,4.31E-18,8.72E-15,7.57E-08,0.092613101,0.907300889,8.59E-05
Head 3,166,6.44E-18,1.42E-21,1.59E-28,7.43E-32,5.13E-31,3.24E-26,9.81E-21,2.18E-21,5.10E-25,4.05E-30,3.79E-32,1.77E-27,1.05E-24,4.24E-24,1.71E-25,2.04E-27,7.31E-28,3.11E-23,8.96E-24,2.77E-24,3.97E-27,6.96E-31,1.04E-29,2.62E-26,1.24E-18,1.93E-12,1.36E-15,3.31E-25,1.34E-30,1.65E-28,1.95E-24,1.51E-19,4.33E-17,3.50E-20,3.57E-25,1.73E-27,1.07E-25,3.25E-22,1.00E-20,1.15E-22,6.26E-26,5.89E-25,1.41E-21,6.55E-21,1.79E-19,8.70E-22,1.29E-24,8.13E-25,1.23E-21,2.96E-14,5.15E-11,2.62E-14,1.67E-21,3.32E-27,1.73E-26,4.64E-22,1.99E-16,6.05E-14,9.43E-16,1.89E-19,1.08E-21,4.03E-21,2.08E-19,5.65E-19,2.80E-20,1.57E-21,1.84E-20,4.80E-17,7.77E-14,5.92E-14,3.20E-18,7.71E-24,1.80E-26,4.45E-24,9.60E-19,3.64E-15,1.48E-16,7.74E-22,1.38E-26,1.55E-26,2.40E-21,8.81E-15,2.18E-11,6.60E-13,3.98E-17,3.81E-20,7.09E-20,1.88E-17,2.26E-15,8.95E-16,6.41E-17,1.14E-16,4.48E-14,2.78E-11,1.32E-11,4.06E-16,4.83E-22,7.12E-25,1.51E-22,1.83E-16,2.75E-11,3.66E-11,6.54E-16,1.57E-21,1.19E-23,5.44E-21,3.68E-16,3.59E-13,6.24E-14,5.52E-17,3.52E-19,1.20E-18,1.48E-16,2.29E-15,2.40E-16,3.23E-18,2.24E-18,8.59E-16,2.98E-12,7.48E-11,4.16E-13,4.03E-17,8.34E-19,1.63E-15,1.54E-08,0.021071807,0.978907287,2.09E-05
Head 3,167,4.32E-18,5.63E-22,7.27E-28,4.40E-32,5.67E-32,7.20E-26,9.98E-22,1.43E-20,8.03E-25,3.53E-30,1.30E-29,1.99E-27,1.28E-24,6.57E-24,3.46E-25,1.45E-27,3.20E-26,3.48E-26,1.54E-23,8.44E-23,2.05E-27,4.45E-31,2.08E-32,2.51E-26,7.72E-16,2.20E-12,1.34E-17,9.95E-25,2.71E-28,4.43E-29,3.44E-26,2.85E-19,3.61E-17,2.92E-20,3.46E-25,1.47E-27,7.58E-26,2.28E-22,7.09E-21,7.98E-23,7.78E-26,2.53E-25,4.75E-25,6.15E-21,1.45E-19,4.86E-21,7.78E-25,3.24E-26,3.55E-21,1.07E-13,3.33E-11,3.43E-14,4.96E-21,2.27E-26,5.55E-27,2.24E-22,1.27E-16,4.81E-14,7.72E-16,1.41E-19,8.26E-22,2.70E-21,1.31E-19,4.09E-19,1.97E-20,1.05E-21,1.56E-20,3.36E-17,6.84E-14,5.58E-14,2.63E-18,5.52E-24,1.13E-26,3.17E-24,7.20E-19,3.13E-15,1.51E-16,6.60E-22,1.09E-26,1.20E-26,1.74E-21,7.32E-15,2.05E-11,6.22E-13,3.72E-17,3.52E-20,6.32E-20,4.19E-17,2.59E-15,1.21E-15,5.01E-17,6.97E-17,3.65E-14,2.56E-11,1.15E-11,3.92E-16,6.15E-22,4.48E-25,8.83E-23,1.41E-16,2.21E-11,2.94E-11,5.62E-16,1.24E-21,8.83E-24,4.00E-21,2.77E-16,3.08E-13,5.43E-14,4.55E-17,3.20E-19,9.15E-19,1.10E-16,1.85E-15,1.79E-16,2.46E-18,1.64E-18,6.25E-16,2.51E-12,6.98E-11,3.58E-13,3.31E-17,6.35E-19,1.19E-15,1.27E-08,0.057279237,0.942701757,1.90E-05
Head 3,168,2.03E-18,1.66E-21,1.06E-27,4.82E-33,1.97E-31,6.52E-26,6.89E-21,2.72E-20,1.08E-24,1.56E-28,1.62E-29,3.46E-27,1.57E-25,8.21E-24,3.58E-25,3.87E-27,2.12E-28,1.02E-25,3.22E-21,6.93E-23,2.16E-27,1.00E-32,5.91E-32,3.13E-23,1.07E-15,1.63E-14,1.95E-17,1.24E-22,1.13E-28,9.43E-32,1.88E-25,2.87E-19,4.02E-17,3.67E-20,4.23E-25,1.56E-27,8.20E-26,2.39E-22,7.78E-21,9.71E-24,4.39E-26,8.49E-28,1.25E-24,6.45E-21,1.07E-17,4.58E-21,1.42E-25,9.24E-26,1.19E-19,7.97E-14,3.03E-11,1.05E-13,7.43E-21,1.08E-26,4.14E-27,2.25E-22,1.59E-16,5.81E-14,8.72E-16,1.60E-19,8.54E-22,2.78E-21,1.40E-19,4.26E-19,1.91E-20,2.10E-21,1.33E-20,3.55E-17,7.49E-14,5.53E-14,2.38E-18,4.53E-24,1.01E-26,2.60E-24,6.63E-19,3.58E-15,1.55E-16,6.72E-22,1.16E-26,1.16E-26,1.84E-21,8.07E-15,2.16E-11,6.56E-13,4.03E-17,3.46E-20,1.35E-19,6.40E-17,4.43E-15,1.28E-15,2.80E-17,5.80E-17,3.54E-14,2.60E-11,1.31E-11,6.11E-16,5.86E-22,3.69E-25,9.52E-23,1.65E-16,2.35E-11,3.17E-11,5.59E-16,1.23E-21,8.83E-24,3.80E-21,2.91E-16,3.10E-13,5.21E-14,4.79E-17,2.97E-19,8.56E-19,1.25E-16,1.88E-15,1.83E-16,2.37E-18,1.55E-18,6.43E-16,2.83E-12,7.28E-11,3.73E-13,3.31E-17,6.00E-19,1.20E-15,2.28E-08,0.0598974,0.940085649,1.70E-05
Head 3,169,4.84E-18,3.43E-21,2.74E-28,1.10E-32,1.18E-30,4.54E-26,1.35E-20,3.70E-20,1.10E-24,1.40E-28,2.23E-29,1.62E-29,1.22E-25,8.30E-24,1.19E-25,7.38E-28,7.37E-28,3.62E-23,2.20E-21,6.65E-23,1.26E-28,3.62E-32,2.02E-29,3.35E-23,1.77E-18,1.18E-14,1.71E-15,9.45E-23,2.03E-31,1.00E-30,1.81E-25,3.14E-19,5.02E-17,4.62E-20,4.79E-25,1.80E-27,8.68E-26,2.89E-22,2.61E-21,7.11E-24,9.14E-27,5.10E-27,1.24E-24,6.46E-18,1.14E-17,9.55E-22,3.01E-25,4.64E-24,1.09E-19,1.73E-14,8.68E-11,5.65E-14,4.55E-21,9.42E-27,4.62E-27,3.19E-22,2.00E-16,6.99E-14,1.13E-15,2.03E-19,1.11E-21,3.48E-21,1.80E-19,4.96E-19,6.26E-20,2.08E-21,1.65E-20,4.28E-17,8.15E-14,5.84E-14,2.56E-18,5.56E-24,1.13E-26,2.91E-24,8.29E-19,3.78E-15,1.63E-16,7.88E-22,1.29E-26,1.38E-26,2.11E-21,9.06E-15,2.54E-11,8.28E-13,4.50E-17,3.83E-20,2.30E-19,1.31E-16,6.58E-15,7.52E-16,2.33E-17,6.21E-17,4.04E-14,3.01E-11,1.84E-11,6.90E-16,5.56E-22,4.61E-25,1.22E-22,2.14E-16,2.47E-11,3.17E-11,6.08E-16,1.52E-21,1.01E-23,4.85E-21,3.37E-16,3.44E-13,6.11E-14,5.08E-17,3.06E-19,1.06E-18,1.36E-16,2.10E-15,2.02E-16,2.72E-18,1.85E-18,7.86E-16,2.96E-12,7.55E-11,3.81E-13,3.67E-17,7.18E-19,1.70E-15,2.46E-08,0.067607954,0.932373762,1.82E-05
Head 3,170,1.19E-17,2.35E-21,2.41E-28,1.02E-31,8.70E-32,1.07E-25,1.73E-20,3.15E-21,8.88E-25,1.70E-28,4.97E-32,1.54E-29,1.16E-25,5.00E-24,3.15E-25,1.91E-27,4.65E-26,1.99E-23,1.93E-21,1.62E-24,3.64E-28,1.39E-30,1.48E-29,2.43E-26,1.39E-18,2.61E-12,1.94E-15,4.57E-25,1.46E-30,6.70E-31,1.58E-25,3.79E-19,5.88E-17,4.70E-20,4.69E-25,1.61E-27,9.14E-26,4.33E-21,1.92E-21,2.31E-23,5.59E-26,4.03E-27,2.08E-21,6.49E-18,2.62E-19,9.61E-22,4.24E-24,3.28E-24,6.91E-21,3.95E-14,7.48E-11,3.37E-14,3.32E-21,8.21E-27,5.52E-27,3.43E-22,2.04E-16,7.89E-14,1.20E-15,2.05E-19,1.08E-21,3.69E-21,1.59E-19,1.02E-18,4.70E-20,2.04E-21,1.64E-20,4.15E-17,7.95E-14,5.63E-14,2.46E-18,4.77E-24,9.11E-27,2.77E-24,7.44E-19,3.73E-15,1.80E-16,7.87E-22,1.28E-26,1.25E-26,2.06E-21,9.77E-15,2.95E-11,8.49E-13,1.49E-17,5.64E-20,5.10E-19,2.39E-16,4.47E-15,5.24E-16,2.22E-17,6.48E-17,4.51E-14,3.71E-11,2.15E-11,6.22E-16,6.05E-22,4.57E-25,1.80E-22,2.24E-16,2.61E-11,3.45E-11,7.11E-16,1.47E-21,1.04E-23,4.62E-21,3.29E-16,3.52E-13,5.77E-14,4.64E-17,3.28E-19,1.08E-18,1.40E-16,2.07E-15,1.99E-16,2.65E-18,1.90E-18,7.36E-16,2.89E-12,6.85E-11,3.85E-13,3.57E-17,6.10E-19,1.33E-15,2.43E-08,0.066202193,0.93377918,1.86E-05
Head 3,171,5.76E-18,6.94E-22,1.03E-27,4.62E-33,1.80E-31,8.76E-26,1.28E-21,1.87E-21,7.16E-25,2.98E-30,5.41E-32,9.32E-30,1.09E-24,9.88E-24,4.14E-25,4.64E-27,1.84E-26,1.17E-23,5.78E-24,3.37E-24,4.43E-27,8.62E-31,2.19E-32,2.52E-26,1.14E-15,3.29E-12,2.08E-17,1.50E-24,9.46E-31,5.19E-31,1.75E-25,3.62E-19,5.00E-17,3.94E-20,3.90E-25,1.53E-27,7.06E-23,3.50E-21,3.62E-21,9.55E-23,4.36E-26,4.67E-25,1.50E-21,6.34E-21,1.77E-19,1.31E-20,3.42E-24,3.08E-25,1.46E-20,1.59E-13,4.63E-11,2.58E-14,3.04E-21,1.02E-26,5.76E-27,2.98E-22,2.03E-16,7.41E-14,1.09E-15,1.97E-19,1.13E-21,3.03E-21,1.73E-19,7.25E-19,4.45E-20,1.95E-21,1.45E-20,3.55E-17,6.81E-14,5.11E-14,2.39E-18,4.39E-24,9.08E-27,2.35E-24,6.49E-19,3.59E-15,1.64E-16,7.47E-22,1.08E-26,1.15E-26,1.94E-21,9.45E-15,2.72E-11,9.31E-14,1.54E-17,9.90E-20,8.68E-19,1.87E-16,2.72E-15,4.52E-16,2.00E-17,6.38E-17,4.41E-14,3.65E-11,1.76E-11,6.46E-16,5.25E-22,7.32E-25,1.66E-22,2.02E-16,2.33E-11,3.52E-11,6.66E-16,1.43E-21,9.60E-24,4.27E-21,3.09E-16,3.07E-13,5.03E-14,4.39E-17,3.10E-19,1.01E-18,1.27E-16,1.89E-15,1.85E-16,2.62E-18,1.69E-18,6.36E-16,2.13E-12,6.16E-11,3.50E-13,2.15E-17,4.24E-19,1.14E-15,2.24E-08,0.061722565,0.938257217,2.02E-05
Head 3,172,1.84E-18,1.78E-21,2.07E-28,8.16E-33,1.46E-31,6.15E-26,8.11E-22,1.61E-21,6.60E-25,5.23E-30,3.58E-32,2.34E-27,1.43E-25,9.08E-24,1.18E-25,2.18E-27,1.10E-26,1.87E-26,1.72E-23,1.05E-22,3.25E-27,9.15E-33,4.56E-32,4.32E-23,1.41E-15,1.99E-14,2.72E-17,1.07E-24,7.34E-31,6.13E-31,1.77E-25,3.32E-19,4.39E-17,3.57E-20,3.93E-25,3.91E-24,6.63E-23,1.90E-22,8.41E-21,8.28E-23,7.48E-26,3.13E-25,5.00E-25,6.04E-21,2.15E-17,1.15E-20,6.92E-25,5.27E-25,1.51E-19,9.32E-14,3.43E-11,2.31E-14,3.60E-21,1.09E-26,5.23E-27,3.34E-22,2.03E-16,6.92E-14,1.10E-15,2.02E-19,9.63E-22,2.03E-21,1.27E-19,6.85E-19,4.15E-20,1.66E-21,1.21E-20,2.95E-17,6.05E-14,4.85E-14,2.06E-18,3.84E-24,6.85E-27,1.89E-24,6.16E-19,3.21E-15,1.54E-16,6.28E-22,1.00E-26,1.04E-26,1.78E-21,8.57E-15,1.97E-12,6.73E-14,1.68E-17,1.52E-19,7.93E-19,1.18E-16,2.29E-15,3.71E-16,1.83E-17,5.84E-17,4.03E-14,2.94E-11,1.77E-11,5.25E-16,8.02E-22,6.77E-25,1.63E-22,2.00E-16,2.55E-11,3.56E-11,6.14E-16,1.28E-21,8.56E-24,3.98E-21,2.60E-16,2.62E-13,4.28E-14,3.95E-17,2.87E-19,9.45E-19,1.18E-16,1.75E-15,1.77E-16,2.34E-18,1.47E-18,4.71E-16,1.97E-12,5.88E-11,1.46E-13,1.39E-17,3.25E-19,1.03E-15,2.07E-08,0.057505477,0.942476571,1.79E-05
Head 3,173,5.37E-18,1.86E-21,2.27E-28,7.23E-33,8.50E-31,3.59E-26,7.46E-22,2.32E-20,1.49E-24,4.43E-30,1.96E-29,1.23E-29,1.27E-25,5.03E-24,9.00E-26,1.68E-27,1.09E-28,9.43E-26,3.01E-21,8.38E-23,1.10E-28,2.38E-32,2.21E-29,3.62E-23,1.83E-18,1.56E-14,2.58E-17,9.97E-25,9.17E-31,6.43E-31,1.68E-25,3.16E-19,4.47E-17,4.22E-20,9.61E-23,3.83E-24,7.67E-26,2.54E-22,7.85E-21,8.73E-24,4.90E-26,9.28E-28,9.25E-25,1.70E-17,2.25E-17,1.78E-21,9.71E-25,4.11E-24,9.11E-20,7.29E-14,3.49E-11,2.99E-14,4.19E-21,1.01E-26,5.66E-27,2.98E-22,1.79E-16,7.01E-14,1.10E-15,1.90E-19,5.89E-22,1.44E-21,1.15E-19,6.27E-19,3.59E-20,1.42E-21,1.01E-20,2.76E-17,6.09E-14,4.81E-14,2.07E-18,3.34E-24,5.93E-27,1.88E-24,5.58E-19,3.25E-15,1.52E-16,6.72E-22,9.37E-27,9.24E-27,1.55E-21,1.07E-15,1.25E-12,4.44E-14,2.37E-17,1.28E-19,5.06E-19,9.89E-17,2.03E-15,3.70E-16,1.91E-17,5.65E-17,3.43E-14,3.06E-11,1.63E-11,7.27E-16,7.27E-22,6.24E-25,1.50E-22,1.98E-16,2.57E-11,3.36E-11,5.91E-16,1.19E-21,8.22E-24,3.28E-21,2.25E-16,2.31E-13,4.16E-14,3.93E-17,2.82E-19,8.87E-19,1.08E-16,1.65E-15,1.66E-16,2.13E-18,1.13E-18,4.31E-16,1.98E-12,2.36E-11,1.01E-13,1.11E-17,2.97E-19,9.76E-16,1.92E-08,0.061420634,0.938563347,1.60E-05
Head 3,174,5.45E-18,9.38E-22,1.98E-28,6.83E-32,4.28E-31,2.99E-26,7.58E-21,4.48E-20,1.33E-24,1.86E-28,3.06E-32,9.86E-30,1.18E-24,4.89E-24,8.22E-26,4.18E-28,6.05E-28,2.52E-23,1.95E-21,1.15E-24,2.14E-28,1.16E-30,1.16E-29,1.63E-26,1.21E-18,1.45E-14,2.36E-17,1.06E-24,8.58E-31,5.22E-31,1.36E-25,2.52E-19,4.65E-17,1.99E-19,8.91E-23,1.33E-27,6.24E-26,1.92E-22,1.86E-21,5.67E-24,8.47E-27,2.49E-27,8.51E-21,1.52E-17,3.07E-19,1.47E-21,3.33E-24,2.40E-24,6.48E-20,7.10E-14,4.40E-11,3.52E-14,4.01E-21,1.02E-26,4.25E-27,2.22E-22,1.53E-16,6.23E-14,1.07E-15,1.56E-19,4.10E-22,1.23E-21,9.80E-20,5.18E-19,2.92E-20,1.09E-21,8.85E-21,2.49E-17,5.85E-14,4.91E-14,1.94E-18,2.96E-24,5.71E-27,1.56E-24,5.21E-19,3.20E-15,1.64E-16,6.05E-22,7.88E-27,7.31E-27,6.82E-22,7.47E-16,5.92E-13,5.74E-14,1.60E-17,7.83E-20,3.97E-19,9.19E-17,1.98E-15,4.11E-16,1.90E-17,4.95E-17,3.62E-14,3.37E-11,2.14E-11,6.94E-16,6.66E-22,5.56E-25,1.35E-22,1.81E-16,2.39E-11,3.30E-11,5.73E-16,1.18E-21,6.75E-24,2.71E-21,2.01E-16,2.27E-13,4.23E-14,3.90E-17,2.65E-19,7.83E-19,9.47E-17,1.50E-15,1.50E-16,1.70E-18,1.00E-18,4.27E-16,1.40E-12,1.59E-11,8.22E-14,9.54E-18,2.62E-19,8.13E-16,1.86E-08,0.062469266,0.937514067,1.66E-05
Head 3,175,2.35E-18,9.85E-22,1.01E-27,4.85E-32,4.13E-31,2.88E-26,1.56E-20,4.29E-20,1.27E-24,3.05E-30,3.66E-32,2.51E-27,1.48E-24,6.21E-24,2.64E-25,1.81E-27,2.88E-26,1.37E-23,4.33E-24,2.27E-24,3.83E-27,6.86E-31,1.58E-32,1.97E-26,1.13E-18,1.30E-14,2.41E-17,1.12E-24,8.25E-31,4.99E-31,1.04E-25,2.56E-19,2.33E-17,1.92E-19,4.00E-25,1.14E-27,5.02E-26,3.02E-21,1.40E-21,2.25E-23,3.04E-26,3.26E-24,6.93E-21,1.44E-20,2.29E-19,1.00E-20,2.49E-24,1.85E-24,6.07E-20,8.16E-14,4.79E-11,3.51E-14,4.48E-21,9.26E-27,3.75E-27,2.08E-22,1.46E-16,6.17E-14,1.33E-15,1.23E-19,3.93E-22,1.15E-21,8.68E-20,4.36E-19,2.29E-20,9.86E-22,7.87E-21,2.31E-17,5.67E-14,4.56E-14,1.78E-18,2.96E-24,4.99E-27,1.44E-24,4.85E-19,3.19E-15,1.45E-16,5.57E-22,7.09E-27,1.62E-26,6.95E-22,3.91E-16,6.10E-13,2.91E-14,8.86E-18,5.89E-20,3.94E-19,8.62E-17,2.22E-15,3.89E-16,1.61E-17,4.85E-17,3.88E-14,3.77E-11,1.89E-11,6.15E-16,6.24E-22,5.39E-25,1.22E-22,1.70E-16,2.17E-11,3.01E-11,5.66E-16,1.06E-21,5.78E-24,2.59E-21,1.87E-16,2.11E-13,3.86E-14,3.66E-17,2.45E-19,7.16E-19,8.85E-17,1.41E-15,1.34E-16,1.59E-18,1.01E-18,1.07E-15,9.06E-13,1.41E-11,7.54E-14,9.14E-18,2.38E-19,7.75E-16,1.79E-08,0.057916991,0.942067683,1.53E-05
Head 3,176,3.11E-18,2.64E-21,1.32E-27,5.88E-32,4.43E-32,8.58E-26,1.65E-20,3.68E-21,1.25E-24,4.95E-30,2.25E-29,3.39E-27,2.54E-24,1.67E-23,5.82E-25,3.79E-27,1.50E-26,1.51E-26,1.21E-23,9.72E-23,2.76E-27,7.78E-33,3.41E-32,1.78E-26,1.05E-18,1.45E-14,2.74E-17,1.13E-24,8.04E-31,3.64E-31,1.05E-25,3.06E-19,2.31E-17,4.59E-20,3.65E-25,9.51E-28,5.51E-23,2.59E-21,3.44E-21,6.70E-23,5.82E-25,2.43E-24,3.66E-24,1.35E-20,1.81E-17,9.92E-21,2.21E-24,1.71E-24,6.83E-20,9.10E-14,5.11E-11,4.12E-14,4.40E-21,8.05E-27,3.47E-27,2.08E-22,1.36E-16,8.78E-14,1.16E-15,1.22E-19,3.72E-22,1.02E-21,7.36E-20,3.54E-19,2.14E-20,9.08E-22,7.39E-21,2.32E-17,5.60E-14,4.57E-14,1.84E-18,2.74E-24,4.65E-27,1.32E-24,4.94E-19,3.17E-15,1.54E-16,5.67E-22,4.66E-26,2.64E-26,7.21E-22,3.66E-16,3.38E-13,1.80E-14,7.31E-18,6.55E-20,4.07E-19,1.12E-16,2.27E-15,3.73E-16,1.75E-17,5.44E-17,4.82E-14,3.69E-11,1.86E-11,6.33E-16,6.72E-22,5.02E-25,1.25E-22,1.66E-16,2.19E-11,3.25E-11,5.85E-16,9.65E-22,6.00E-24,2.47E-21,1.85E-16,2.06E-13,3.90E-14,3.68E-17,2.42E-19,6.90E-19,8.78E-17,1.41E-15,1.31E-16,1.58E-18,9.02E-18,6.64E-16,8.57E-13,1.41E-11,7.47E-14,8.68E-18,2.23E-19,7.34E-16,1.73E-08,0.060357813,0.939627826,1.44E-05
Head 3,177,6.63E-18,4.38E-21,1.65E-27,3.35E-33,1.40E-31,6.82E-26,1.36E-21,4.24E-20,1.58E-24,2.32E-28,2.18E-29,4.94E-27,2.76E-25,1.29E-23,1.31E-25,2.32E-27,9.07E-29,5.99E-26,2.68E-21,6.90E-23,9.71E-29,2.07E-32,2.94E-32,1.52E-26,1.10E-18,1.39E-14,2.48E-17,1.10E-24,6.83E-31,4.05E-31,2.16E-24,2.61E-19,4.03E-17,4.36E-20,3.48E-25,3.84E-24,5.41E-23,1.47E-22,6.77E-21,6.31E-23,5.01E-25,1.89E-26,5.64E-24,1.50E-17,2.04E-17,1.11E-20,2.48E-24,2.35E-24,9.27E-20,1.07E-13,6.33E-11,4.58E-14,4.32E-21,9.43E-27,4.44E-27,2.04E-22,1.63E-16,8.36E-14,1.26E-15,1.34E-19,3.85E-22,9.93E-22,6.75E-20,3.63E-19,2.25E-20,9.77E-22,8.43E-21,2.38E-17,5.75E-14,4.84E-14,2.00E-18,3.31E-24,5.38E-27,1.62E-24,5.51E-19,3.38E-15,1.57E-16,4.34E-21,1.08E-25,6.67E-26,6.48E-22,2.54E-16,2.37E-13,1.58E-14,8.28E-18,7.20E-20,5.45E-19,1.04E-16,2.13E-15,4.31E-16,1.93E-17,7.66E-17,5.01E-14,3.69E-11,1.90E-11,7.46E-16,7.26E-22,6.27E-25,1.42E-22,1.74E-16,2.22E-11,3.35E-11,5.66E-16,1.15E-21,6.76E-24,2.91E-21,2.01E-16,2.16E-13,4.21E-14,4.14E-17,2.56E-19,7.45E-19,9.81E-17,1.50E-15,1.42E-16,2.54E-17,6.81E-18,7.06E-16,9.33E-13,1.39E-11,7.71E-14,9.44E-18,2.56E-19,8.54E-16,1.87E-08,0.063250162,0.936733305,1.65E-05
Head 3,178,6.74E-15,6.58E-16,3.70E-20,1.01E-23,1.69E-23,3.24E-19,7.01E-16,2.47E-15,7.29E-19,6.28E-22,2.42E-22,6.43E-22,1.13E-18,9.90E-17,3.15E-18,1.64E-20,9.28E-21,2.22E-15,5.78E-11,2.93E-10,9.10E-13,1.15E-16,4.77E-19,3.15E-17,8.52E-13,9.93E-10,4.63E-11,3.66E-16,2.28E-21,9.13E-21,1.28E-18,9.32E-16,4.48E-14,4.97E-16,4.40E-19,1.75E-19,8.67E-19,2.01E-15,5.78E-14,3.94E-16,2.32E-18,5.49E-20,2.63E-17,5.72E-14,1.21E-12,9.72E-15,1.70E-18,1.76E-20,6.80E-19,5.97E-15,3.41E-12,3.21E-13,2.03E-17,1.31E-21,8.09E-23,1.89E-20,3.86E-17,8.69E-16,2.15E-17,4.03E-20,3.65E-21,1.71E-19,1.22E-16,2.84E-15,1.81E-16,1.13E-18,2.94E-19,6.21E-17,2.56E-13,1.52E-11,2.02E-13,1.40E-17,1.31E-20,8.71E-20,9.09E-16,8.79E-12,3.24E-11,1.34E-13,1.62E-16,2.27E-17,1.09E-14,5.78E-11,2.00E-09,3.66E-11,1.89E-14,1.65E-16,4.75E-16,3.02E-14,1.75E-13,4.06E-15,1.03E-17,9.81E-19,9.25E-17,4.01E-13,8.39E-11,7.05E-12,1.75E-15,1.89E-18,4.28E-18,1.53E-14,1.02E-10,9.09E-10,2.59E-12,4.67E-16,9.45E-18,3.74E-16,6.52E-13,7.04E-11,1.47E-11,6.27E-14,2.28E-15,2.02E-14,6.72E-12,2.41E-10,4.45E-11,1.79E-13,6.22E-15,1.42E-13,4.44E-10,4.14E-07,4.89E-07,1.15E-09,3.11E-12,8.19E-12,4.41E-08,0.000989437,0.036566317,0.962443233
Head 3,179,3.58E-15,4.25E-17,2.16E-23,2.11E-28,1.79E-27,2.32E-22,6.65E-16,1.43E-15,8.05E-19,3.09E-23,2.95E-27,1.56E-25,8.76E-20,3.62E-18,5.40E-19,1.30E-22,6.65E-23,3.16E-20,7.32E-19,2.12E-17,8.79E-20,3.03E-24,5.01E-26,1.17E-22,3.82E-16,9.54E-12,1.88E-13,1.88E-20,5.45E-26,1.26E-27,1.18E-24,1.42E-17,2.52E-14,1.03E-17,8.73E-22,7.92E-26,1.09E-24,6.84E-19,1.07E-17,4.11E-18,4.86E-22,3.88E-23,1.34E-20,1.00E-16,3.56E-15,1.66E-17,1.93E-21,5.15E-23,6.20E-20,2.85E-14,1.20E-10,2.16E-12,1.23E-18,9.25E-25,3.47E-26,2.23E-22,1.50E-16,1.34E-13,1.45E-15,3.30E-20,2.15E-23,9.32E-23,1.20E-19,2.66E-17,1.03E-17,8.44E-20,1.65E-20,3.15E-18,1.06E-14,1.76E-13,1.11E-16,1.81E-22,1.55E-26,1.18E-25,9.66E-21,5.67E-16,2.84E-15,5.97E-19,4.97E-24,1.58E-25,8.37E-22,8.02E-16,3.99E-12,4.50E-13,5.31E-17,4.30E-20,7.39E-20,5.83E-17,1.20E-14,6.17E-15,4.96E-17,4.97E-18,3.63E-16,9.60E-13,3.60E-11,1.18E-13,8.06E-19,1.24E-22,1.00E-21,1.35E-16,2.51E-11,2.28E-10,1.49E-14,1.76E-20,2.04E-23,2.86E-21,4.11E-16,3.05E-12,1.69E-12,7.34E-16,7.45E-19,9.11E-19,3.70E-16,7.40E-14,1.07E-13,7.17E-16,9.45E-18,6.38E-17,1.07E-13,5.19E-11,1.85E-11,1.31E-14,5.34E-17,3.32E-15,3.55E-09,0.011484209,0.963097811,0.025417963
Head 3,180,2.26E-18,1.64E-20,2.26E-26,5.53E-31,3.26E-31,3.06E-25,5.97E-20,1.48E-18,1.35E-21,4.80E-27,2.64E-30,4.37E-26,1.79E-22,1.85E-20,4.58E-22,1.85E-25,7.19E-26,1.49E-25,6.28E-22,2.56E-20,7.47E-23,2.91E-27,3.95E-29,8.09E-26,2.90E-19,1.02E-14,2.80E-16,3.72E-22,7.02E-29,2.19E-32,2.80E-27,1.46E-20,1.33E-18,1.21E-20,3.95E-25,6.54E-29,8.72E-25,6.59E-22,7.67E-20,3.29E-21,1.77E-25,3.15E-26,1.44E-23,1.17E-19,4.02E-18,2.20E-20,2.56E-24,8.38E-26,8.33E-23,3.69E-17,1.74E-13,3.12E-15,1.82E-21,1.88E-27,2.65E-29,1.51E-25,8.63E-20,7.87E-17,1.11E-18,3.21E-23,2.45E-26,9.34E-26,1.16E-22,2.55E-20,8.79E-21,7.99E-23,1.98E-23,4.22E-21,1.73E-17,2.90E-16,2.14E-19,3.16E-25,2.50E-29,1.61E-28,1.13E-23,1.17E-18,9.03E-18,9.34E-22,5.13E-27,1.70E-28,8.00E-25,8.17E-19,4.34E-15,5.25E-16,7.88E-20,6.13E-23,1.44E-22,1.07E-19,2.24E-17,9.31E-18,7.78E-20,8.89E-21,7.40E-19,1.90E-15,6.35E-14,1.86E-16,1.00E-21,1.31E-25,8.33E-25,1.11E-19,2.05E-14,2.34E-13,1.99E-17,2.75E-23,3.08E-26,3.88E-24,5.22E-19,3.55E-15,2.21E-15,1.02E-18,1.26E-21,1.44E-21,2.10E-19,8.44E-17,1.26E-16,8.39E-19,1.21E-20,1.02E-19,1.78E-16,8.96E-14,3.04E-14,2.07E-17,7.65E-20,4.50E-18,5.96E-12,6.74E-07,0.999958634,4.07E-05
Head 3,181,7.20E-19,1.92E-20,1.89E-26,1.37E-31,5.67E-31,2.54E-25,5.15E-20,1.87E-18,5.45E-21,3.57E-27,4.93E-28,7.20E-26,3.08E-23,6.64E-21,6.09E-23,1.57E-25,1.70E-27,1.41E-25,6.05E-22,2.20E-20,7.52E-23,2.90E-27,3.59E-29,7.77E-26,2.97E-19,1.17E-14,4.14E-15,3.18E-22,1.08E-30,5.86E-32,2.18E-27,5.21E-21,1.51E-18,1.74E-19,2.43E-25,3.84E-26,9.86E-25,1.60E-22,6.28E-20,1.12E-22,1.54E-25,3.11E-26,1.57E-23,1.18E-19,4.22E-18,2.27E-20,3.19E-24,8.70E-26,8.46E-23,3.97E-17,1.85E-13,3.56E-15,4.51E-21,1.55E-27,2.79E-29,1.64E-25,9.40E-20,8.88E-17,1.18E-18,3.16E-23,2.09E-26,7.99E-26,1.06E-22,2.13E-20,7.44E-21,7.60E-23,1.85E-23,4.40E-21,1.67E-17,3.13E-16,1.94E-19,2.81E-25,2.05E-29,1.07E-28,1.61E-23,1.99E-18,1.04E-17,4.87E-22,3.46E-27,1.41E-28,8.51E-25,8.35E-19,3.62E-15,5.18E-16,5.90E-20,6.35E-23,1.69E-22,1.44E-19,2.28E-17,9.12E-18,7.99E-20,9.95E-21,8.03E-19,2.00E-15,6.52E-14,1.77E-16,9.71E-22,1.17E-25,8.18E-25,1.10E-19,2.13E-14,2.33E-13,1.91E-17,2.60E-23,2.75E-26,3.51E-24,4.56E-19,3.20E-15,1.82E-15,1.03E-18,1.24E-21,6.87E-22,2.06E-19,9.48E-17,1.29E-16,8.47E-19,1.38E-20,1.11E-19,2.05E-16,1.01E-13,3.40E-14,2.09E-17,7.64E-20,5.40E-18,4.85E-14,0.006204678,0.993743598,5.17E-05
Head 3,182,8.77E-19,1.24E-20,2.49E-26,2.07E-31,2.00E-30,1.80E-25,5.59E-20,4.53E-17,3.91E-21,2.98E-26,5.92E-28,4.93E-28,7.70E-24,2.45E-21,6.06E-23,1.22E-25,1.80E-27,1.06E-25,4.70E-22,1.90E-20,6.48E-23,2.21E-27,2.84E-29,6.15E-26,2.89E-19,1.03E-12,4.41E-15,2.07E-23,2.13E-30,3.63E-32,1.50E-26,4.28E-21,4.56E-17,8.05E-20,3.49E-24,3.59E-26,9.21E-27,9.76E-23,6.13E-21,9.15E-23,1.23E-25,2.72E-26,1.31E-23,1.01E-19,3.58E-18,2.25E-20,2.61E-24,6.31E-26,6.89E-23,3.48E-17,1.60E-13,7.25E-15,3.06E-21,1.33E-27,2.52E-29,1.51E-25,9.24E-20,8.58E-17,1.11E-18,2.89E-23,1.87E-26,7.74E-26,9.41E-23,1.86E-20,6.73E-21,6.23E-23,1.58E-23,3.41E-21,1.51E-17,2.43E-16,1.50E-19,2.05E-25,1.27E-29,1.31E-28,2.44E-23,1.98E-18,4.62E-18,2.58E-22,2.46E-27,1.26E-28,7.38E-25,6.23E-19,3.19E-15,3.46E-16,5.39E-20,6.58E-23,2.25E-22,1.27E-19,1.91E-17,7.58E-18,7.09E-20,8.32E-21,6.97E-19,1.74E-15,5.56E-14,1.52E-16,7.71E-22,9.43E-26,6.86E-25,9.89E-20,1.87E-14,2.01E-13,1.71E-17,2.15E-23,2.27E-26,2.79E-24,3.67E-19,2.22E-15,1.51E-15,7.80E-19,1.36E-21,4.65E-22,1.73E-19,7.64E-17,1.02E-16,7.39E-19,1.16E-20,9.99E-20,1.92E-16,9.38E-14,2.82E-14,1.67E-17,6.77E-20,5.70E-20,1.70E-10,0.005094626,0.99486959,3.58E-05
Head 3,183,1.35E-18,3.59E-20,2.17E-26,5.85E-31,1.34E-30,1.72E-25,5.75E-19,3.67E-17,9.06E-22,3.62E-26,3.38E-30,1.70E-28,1.08E-22,3.89E-21,6.65E-22,1.37E-25,1.65E-27,1.01E-25,4.57E-22,1.78E-20,5.64E-23,2.01E-27,2.54E-29,6.58E-26,2.56E-16,1.66E-12,5.31E-16,2.45E-23,1.89E-30,2.18E-30,1.34E-26,1.47E-20,2.96E-17,3.92E-20,4.36E-24,4.53E-28,7.23E-27,5.30E-22,7.53E-21,1.04E-22,1.48E-25,3.11E-26,1.48E-23,1.07E-19,4.49E-18,2.62E-20,2.56E-24,8.13E-26,9.61E-23,3.99E-17,3.13E-13,6.97E-15,3.55E-21,1.59E-27,2.80E-29,1.67E-25,9.57E-20,9.20E-17,1.27E-18,3.20E-23,2.23E-26,8.30E-26,1.01E-22,2.12E-20,7.24E-21,7.21E-23,1.64E-23,4.19E-21,1.62E-17,2.70E-16,1.83E-19,2.33E-25,2.38E-29,3.78E-28,3.01E-23,1.44E-18,3.40E-18,2.56E-22,2.74E-27,1.43E-28,8.17E-25,6.70E-19,2.84E-15,4.30E-16,7.28E-20,1.25E-22,2.54E-22,1.40E-19,2.08E-17,9.22E-18,8.32E-20,1.03E-20,8.30E-19,1.98E-15,6.17E-14,1.64E-16,8.15E-22,1.04E-25,7.87E-25,1.08E-19,1.94E-14,2.19E-13,1.83E-17,2.46E-23,2.55E-26,3.18E-24,3.67E-19,2.58E-15,1.62E-15,4.40E-18,1.22E-21,5.19E-22,1.95E-19,8.64E-17,1.28E-16,9.61E-19,1.54E-20,1.34E-19,2.36E-16,1.04E-13,3.12E-14,2.09E-17,8.52E-21,6.52E-18,1.95E-10,0.007419682,0.992534757,4.55E-05
Head 3,184,2.90E-20,3.67E-24,5.11E-30,2.83E-34,1.81E-33,4.41E-29,1.14E-23,8.47E-25,2.77E-28,1.55E-33,6.10E-35,1.98E-29,1.05E-26,3.45E-26,5.61E-28,1.95E-30,2.81E-30,3.78E-27,3.91E-24,1.00E-24,3.21E-29,6.62E-34,6.17E-34,2.41E-24,1.33E-16,2.22E-15,1.53E-18,3.61E-26,1.56E-29,2.46E-30,4.03E-28,2.08E-21,3.66E-19,1.87E-21,7.33E-27,9.24E-29,1.36E-23,5.82E-22,1.05E-22,1.49E-25,1.04E-27,1.28E-26,1.23E-22,6.77E-19,9.12E-19,1.38E-22,1.36E-26,7.30E-27,2.38E-22,5.84E-16,5.06E-13,3.86E-16,2.62E-23,2.39E-29,4.65E-30,1.27E-25,5.65E-20,1.67E-17,2.44E-19,6.48E-23,7.37E-25,5.80E-24,4.81E-22,9.09E-22,1.66E-23,4.33E-25,9.80E-24,1.90E-19,2.91E-15,6.58E-15,1.98E-19,2.08E-25,4.51E-28,1.26E-25,8.22E-20,1.58E-15,3.85E-16,5.56E-21,1.11E-25,3.39E-26,2.87E-22,4.50E-17,1.68E-14,6.98E-16,6.33E-19,1.05E-20,1.02E-19,1.24E-17,5.91E-17,1.85E-18,3.56E-20,1.56E-19,3.96E-16,1.18E-12,1.22E-12,3.09E-17,1.26E-23,5.70E-27,1.25E-24,2.24E-18,4.56E-13,1.05E-12,3.30E-17,1.11E-22,9.45E-25,3.29E-22,1.10E-17,4.92E-15,3.03E-15,1.57E-18,8.73E-21,3.82E-20,9.77E-18,2.93E-16,4.13E-17,5.48E-19,3.64E-19,1.86E-16,1.17E-12,3.80E-11,1.32E-13,2.86E-19,2.75E-21,2.89E-17,8.43E-09,0.085581526,0.91440922,9.27E-06
Head 3,185,4.79E-21,6.04E-24,4.16E-30,2.12E-34,5.49E-35,4.77E-29,4.41E-25,3.89E-25,1.32E-28,1.44E-33,3.50E-32,1.25E-29,5.16E-28,1.27E-26,2.59E-28,1.08E-30,1.69E-30,2.07E-27,2.10E-24,5.18E-25,1.47E-29,3.46E-34,5.70E-31,1.29E-24,6.27E-20,5.19E-16,9.14E-19,7.78E-24,6.18E-30,7.08E-34,6.50E-28,1.13E-20,1.76E-19,2.11E-22,4.04E-27,1.73E-25,6.86E-24,2.92E-22,5.53E-23,8.41E-26,6.04E-28,6.55E-27,6.67E-23,3.51E-19,3.52E-19,8.37E-23,7.36E-27,3.59E-27,1.41E-22,2.86E-16,2.83E-13,2.29E-16,1.40E-23,1.18E-29,1.88E-30,5.57E-26,2.36E-20,7.50E-18,1.30E-19,3.42E-23,4.05E-25,3.41E-24,2.48E-22,5.09E-22,8.24E-24,2.52E-25,5.08E-24,1.00E-19,1.70E-15,2.87E-15,1.27E-19,2.16E-25,1.93E-28,4.34E-26,2.64E-20,7.37E-16,1.96E-16,3.24E-21,7.94E-26,1.70E-26,1.32E-22,2.45E-17,1.07E-14,5.86E-16,3.57E-19,6.52E-21,6.04E-20,7.51E-18,3.28E-17,1.07E-18,2.02E-20,8.72E-20,2.17E-16,7.07E-13,7.53E-13,1.66E-17,7.25E-24,3.12E-27,6.27E-25,1.04E-18,2.18E-13,5.75E-13,1.97E-17,6.87E-23,5.89E-25,1.79E-22,5.96E-18,9.83E-15,1.28E-15,8.45E-19,5.09E-21,2.16E-20,5.19E-18,1.60E-16,2.23E-17,3.01E-19,1.93E-19,9.83E-17,6.43E-13,2.18E-11,5.06E-15,2.02E-19,1.19E-21,1.69E-17,3.87E-09,0.052696113,0.947298408,5.44E-06
Head 3,186,1.78E-20,1.80E-23,9.65E-30,7.34E-36,1.22E-34,7.34E-29,5.20E-25,7.13E-24,3.40E-28,1.07E-31,3.85E-32,3.44E-32,3.04E-28,1.44E-26,2.90E-28,1.28E-30,1.81E-30,2.31E-27,2.42E-24,5.54E-25,1.91E-29,8.26E-32,6.56E-31,4.22E-28,3.62E-20,7.49E-16,1.79E-16,6.62E-24,2.04E-33,3.05E-33,4.93E-25,1.27E-20,4.53E-19,2.69E-22,1.36E-24,2.06E-25,8.89E-24,3.97E-22,7.96E-23,1.29E-25,8.17E-28,9.16E-27,8.71E-23,3.69E-19,4.83E-19,8.94E-23,8.15E-27,4.25E-27,1.52E-22,3.42E-16,3.53E-13,2.54E-16,1.50E-23,1.13E-29,2.25E-30,6.80E-26,3.41E-20,1.20E-17,1.86E-19,4.46E-23,5.38E-25,4.08E-24,3.38E-22,6.28E-22,1.18E-23,2.98E-25,5.83E-24,1.21E-19,1.25E-15,2.99E-15,1.74E-19,1.69E-25,1.05E-28,2.59E-26,2.62E-20,9.01E-16,2.51E-16,5.01E-21,8.57E-26,1.76E-26,1.70E-22,3.98E-17,1.90E-14,7.14E-16,4.42E-19,7.83E-21,7.55E-20,8.87E-18,4.10E-17,1.28E-18,2.28E-20,9.89E-20,2.58E-16,9.23E-13,8.26E-13,2.04E-17,9.12E-24,4.05E-27,8.19E-25,1.46E-18,3.32E-13,8.49E-13,2.64E-17,9.06E-23,6.39E-25,2.13E-22,9.32E-18,9.20E-15,1.43E-15,9.54E-19,5.60E-21,2.36E-20,6.09E-18,1.95E-16,2.74E-17,3.63E-19,2.18E-19,1.15E-16,7.81E-13,1.61E-13,3.50E-14,1.57E-19,1.36E-21,1.74E-17,5.15E-09,0.017526129,0.982467949,5.98E-06
Head 3,187,2.88E-20,3.01E-23,6.88E-31,6.07E-36,1.57E-33,4.20E-29,2.92E-24,9.92E-24,1.95E-28,6.10E-32,2.45E-35,1.67E-32,2.35E-28,1.07E-26,2.68E-28,1.18E-30,1.62E-30,1.93E-27,1.57E-24,4.35E-25,6.45E-28,6.08E-32,2.78E-34,2.45E-28,2.78E-20,2.35E-13,1.47E-16,9.55E-27,7.04E-33,3.72E-29,3.55E-25,6.62E-21,4.60E-19,1.28E-21,1.29E-24,2.12E-25,8.71E-24,3.85E-22,8.36E-23,1.32E-25,9.06E-28,9.16E-27,7.68E-23,3.55E-19,4.05E-19,1.02E-22,1.15E-26,4.81E-27,1.70E-22,3.59E-16,3.22E-13,2.39E-16,1.35E-23,1.19E-29,2.13E-30,6.59E-26,3.30E-20,1.10E-17,1.72E-19,4.53E-23,5.05E-25,4.01E-24,2.85E-22,6.12E-22,1.00E-23,2.66E-25,5.44E-24,5.68E-20,9.13E-16,2.35E-15,1.56E-19,7.54E-26,5.01E-29,1.98E-26,2.52E-20,7.82E-16,2.56E-16,4.34E-21,6.95E-26,1.64E-26,1.80E-22,4.06E-17,1.43E-14,5.80E-16,3.91E-19,7.44E-21,6.42E-20,7.92E-18,3.58E-17,1.13E-18,2.26E-20,9.47E-20,2.54E-16,7.14E-13,6.97E-13,1.79E-17,8.67E-24,3.89E-27,7.53E-25,1.28E-18,2.72E-13,7.04E-13,2.56E-17,8.16E-23,6.19E-25,1.09E-22,6.36E-18,7.34E-15,1.22E-15,8.63E-19,5.35E-21,2.24E-20,5.85E-18,1.89E-16,2.88E-17,3.65E-19,2.24E-19,1.15E-16,2.20E-16,3.12E-11,2.03E-14,1.64E-19,1.34E-21,1.96E-17,3.96E-10,0.015528998,0.984463096,7.97E-06
Head 3,188,5.40E-20,9.40E-24,2.34E-31,1.90E-34,1.09E-33,1.79E-29,4.81E-24,3.76E-25,1.13E-28,5.93E-34,2.22E-35,1.31E-32,1.62E-28,9.21E-27,2.29E-28,9.81E-31,1.41E-30,1.32E-27,1.28E-24,2.45E-23,4.58E-28,2.04E-34,2.73E-34,1.67E-28,5.96E-17,2.01E-13,7.70E-19,1.64E-26,5.72E-29,2.26E-29,5.95E-27,7.96E-21,1.86E-19,9.43E-22,1.07E-24,1.72E-25,7.08E-24,3.23E-22,6.91E-23,1.20E-25,7.62E-28,7.84E-27,6.34E-23,2.69E-19,3.73E-19,1.16E-22,9.89E-27,4.05E-27,1.42E-22,2.67E-16,2.43E-13,1.69E-16,1.04E-23,9.28E-30,1.68E-30,5.14E-26,2.40E-20,8.05E-18,1.38E-19,3.77E-23,4.60E-25,3.33E-24,2.61E-22,4.77E-22,7.89E-24,2.13E-25,2.20E-24,4.20E-20,6.03E-16,2.48E-15,6.25E-20,2.82E-26,3.17E-29,1.80E-26,2.01E-20,6.46E-16,1.93E-16,2.99E-21,5.73E-26,1.51E-26,1.76E-22,2.85E-17,1.02E-14,4.45E-16,3.40E-19,5.86E-21,5.38E-20,6.14E-18,2.64E-17,8.96E-19,1.63E-20,7.12E-20,1.71E-16,5.12E-13,4.87E-13,1.32E-17,6.82E-24,3.02E-27,5.79E-25,9.11E-19,1.95E-13,5.51E-13,1.96E-17,6.45E-23,2.54E-25,6.79E-23,4.40E-18,5.34E-15,8.85E-16,6.76E-19,4.13E-21,1.77E-20,4.51E-18,1.51E-16,2.13E-17,2.77E-19,1.80E-19,8.71E-21,2.65E-13,1.52E-11,1.88E-14,1.31E-19,1.22E-21,3.21E-18,2.78E-10,0.011475589,0.988519251,5.17E-06
Head 3,189,3.33E-20,1.98E-24,4.20E-30,2.44E-34,5.13E-35,4.61E-29,5.10E-25,3.81E-25,1.40E-28,1.31E-33,2.40E-35,1.30E-32,2.19E-28,1.24E-26,2.81E-28,1.25E-30,1.45E-30,1.53E-27,6.29E-22,2.71E-23,1.02E-29,3.47E-34,2.42E-34,1.53E-24,8.08E-17,1.00E-15,9.00E-19,1.47E-23,5.06E-29,3.02E-32,1.46E-26,1.43E-20,2.04E-19,1.18E-21,1.27E-24,2.05E-25,8.60E-24,3.95E-22,9.38E-23,1.50E-25,9.62E-28,9.25E-27,7.91E-23,3.47E-19,5.56E-19,1.43E-22,1.13E-26,4.82E-27,1.60E-22,3.20E-16,2.83E-13,2.00E-16,1.31E-23,1.05E-29,1.89E-30,5.44E-26,2.75E-20,1.01E-17,1.82E-19,5.07E-23,5.67E-25,4.33E-24,3.11E-22,5.74E-22,9.62E-24,1.49E-25,2.90E-24,5.56E-20,1.37E-15,2.54E-15,4.45E-20,2.79E-26,4.14E-29,2.19E-26,2.53E-20,7.55E-16,2.09E-16,3.87E-21,7.13E-26,2.35E-26,2.05E-22,3.52E-17,1.34E-14,6.71E-16,4.54E-19,7.99E-21,6.95E-20,7.71E-18,3.53E-17,1.07E-18,1.93E-20,8.54E-20,2.17E-16,6.36E-13,6.24E-13,1.75E-17,8.56E-24,3.77E-27,6.64E-25,1.11E-18,2.52E-13,7.27E-13,2.35E-17,6.93E-23,2.63E-25,7.18E-23,5.30E-18,6.45E-15,1.15E-15,8.50E-19,5.10E-21,2.10E-20,5.50E-18,1.76E-16,2.49E-17,3.42E-19,1.30E-22,1.90E-18,1.80E-13,2.20E-11,2.09E-14,1.56E-19,2.81E-21,3.21E-18,3.04E-10,0.018648591,0.981345236,6.20E-06
Head 3,190,3.47E-21,7.21E-24,5.75E-30,5.41E-36,8.10E-35,6.04E-29,3.11E-25,5.00E-24,2.58E-28,1.02E-33,1.92E-35,1.38E-32,2.14E-28,1.07E-26,2.64E-28,1.11E-30,1.33E-30,1.20E-24,4.69E-22,2.55E-25,1.27E-29,2.53E-34,6.53E-31,1.37E-24,3.84E-20,4.73E-16,9.63E-17,1.37E-23,3.40E-32,8.64E-32,5.68E-25,1.07E-20,1.89E-19,1.14E-21,1.31E-24,2.15E-25,8.68E-24,4.31E-22,9.46E-23,1.47E-25,9.67E-28,1.04E-26,7.38E-23,3.49E-19,5.67E-19,1.46E-22,1.35E-26,5.47E-27,1.77E-22,3.16E-16,2.75E-13,2.28E-16,1.40E-23,1.16E-29,1.74E-30,4.89E-26,2.46E-20,9.16E-18,1.79E-19,5.10E-23,5.96E-25,4.30E-24,2.94E-22,5.42E-22,6.20E-24,1.66E-25,4.14E-24,1.08E-19,1.79E-15,1.93E-15,4.05E-20,3.06E-26,4.63E-29,2.40E-26,2.01E-20,5.54E-16,2.03E-16,3.60E-21,9.62E-26,2.34E-26,1.98E-22,3.20E-17,1.35E-14,6.40E-16,4.47E-19,8.05E-21,6.76E-20,7.58E-18,3.16E-17,9.52E-19,1.95E-20,8.70E-20,2.08E-16,5.92E-13,5.87E-13,1.66E-17,8.82E-24,3.44E-27,5.96E-25,9.20E-19,2.10E-13,5.72E-13,3.45E-17,7.40E-23,2.50E-25,7.35E-23,5.10E-18,6.29E-15,1.17E-15,8.98E-19,5.24E-21,2.17E-20,5.39E-18,1.69E-16,2.60E-17,9.52E-21,1.33E-22,9.55E-19,2.07E-13,1.93E-11,2.12E-14,1.37E-18,2.75E-21,3.30E-18,4.09E-10,0.015509306,0.984483302,7.37E-06
Head 3,191,1.37E-20,1.63E-23,6.53E-31,5.11E-36,1.83E-33,3.83E-29,2.96E-24,1.05E-23,2.20E-28,9.82E-34,2.40E-35,1.67E-32,2.27E-28,1.12E-26,2.62E-28,1.03E-30,1.75E-28,8.50E-25,7.54E-25,3.46E-25,1.06E-29,6.49E-32,5.04E-31,1.93E-28,2.08E-20,1.10E-13,8.96E-17,2.20E-26,7.17E-32,4.53E-29,3.15E-25,8.64E-21,1.71E-19,1.08E-21,1.24E-24,1.97E-25,8.73E-24,3.90E-22,7.38E-23,1.24E-25,9.03E-28,8.20E-27,8.19E-23,3.61E-19,5.57E-19,1.50E-22,1.21E-26,4.69E-27,1.43E-22,2.77E-16,2.65E-13,2.03E-16,1.28E-23,8.90E-30,1.42E-30,4.45E-26,2.20E-20,8.70E-18,1.63E-19,4.44E-23,4.98E-25,3.47E-24,2.30E-22,3.54E-22,5.77E-24,2.30E-25,6.97E-24,1.75E-19,1.61E-15,1.61E-15,3.19E-20,2.49E-26,4.05E-29,1.48E-26,1.33E-20,5.41E-16,1.87E-16,4.27E-21,8.43E-26,2.08E-26,1.72E-22,3.03E-17,1.22E-14,5.43E-16,3.98E-19,7.26E-21,6.26E-20,6.84E-18,2.75E-17,9.08E-19,1.76E-20,7.79E-20,1.90E-16,5.43E-13,5.30E-13,1.58E-17,7.04E-24,2.79E-27,4.84E-25,8.14E-19,1.86E-13,9.34E-13,4.03E-17,6.07E-23,2.00E-25,6.02E-23,4.19E-18,5.58E-15,1.06E-15,7.60E-19,4.75E-21,1.97E-20,4.95E-18,1.61E-16,1.36E-17,8.11E-23,6.30E-23,1.14E-18,2.05E-13,2.04E-11,6.57E-14,1.11E-18,2.39E-21,3.58E-18,3.37E-10,0.013954264,0.986039877,5.89E-06
Head 3,192,2.97E-20,1.10E-23,3.08E-31,3.31E-34,1.66E-33,2.31E-29,6.46E-24,9.84E-24,2.47E-28,1.24E-33,2.86E-35,1.65E-32,2.16E-28,1.12E-26,2.86E-28,4.88E-30,1.33E-28,5.35E-28,1.35E-24,3.44E-25,6.73E-28,6.41E-32,1.91E-34,1.55E-28,8.80E-17,1.45E-13,4.79E-19,4.85E-26,1.27E-28,3.62E-29,3.25E-25,9.63E-21,2.01E-19,1.28E-21,1.49E-24,2.69E-25,1.09E-23,4.25E-22,9.82E-23,1.75E-25,1.10E-27,1.91E-26,9.10E-23,3.77E-19,6.42E-19,1.77E-22,1.55E-26,5.89E-27,1.91E-22,3.32E-16,3.10E-13,2.68E-16,1.55E-23,1.11E-29,1.86E-30,4.79E-26,2.43E-20,9.64E-18,1.96E-19,5.74E-23,6.71E-25,4.38E-24,2.64E-22,4.95E-22,1.17E-23,6.18E-25,1.55E-23,2.12E-19,1.70E-15,1.74E-15,4.08E-20,3.88E-26,4.29E-29,1.42E-26,1.61E-20,6.28E-16,2.58E-16,4.76E-21,1.03E-25,2.57E-26,2.15E-22,3.53E-17,1.32E-14,6.33E-16,4.76E-19,8.18E-21,6.79E-20,7.03E-18,3.08E-17,1.01E-18,2.04E-20,9.04E-20,2.06E-16,5.69E-13,6.28E-13,1.78E-17,8.72E-24,3.40E-27,5.63E-25,8.77E-19,2.15E-13,1.40E-12,4.92E-17,7.32E-23,2.78E-25,7.79E-23,5.39E-18,7.11E-15,1.21E-15,9.36E-19,5.52E-21,2.25E-20,5.75E-18,1.52E-16,8.67E-20,6.05E-23,9.47E-23,1.32E-18,2.22E-13,9.32E-12,6.63E-14,1.42E-18,3.51E-21,4.24E-18,3.57E-10,0.016394127,0.983599305,6.53E-06
Head 3,193,2.95E-20,2.21E-24,4.86E-30,2.92E-34,5.06E-35,4.70E-29,6.10E-24,1.15E-23,2.79E-28,1.36E-33,2.82E-35,1.68E-32,2.20E-28,1.31E-26,9.48E-29,3.36E-30,3.70E-31,1.37E-27,1.21E-24,3.02E-23,5.55E-28,1.82E-34,1.96E-34,6.84E-24,1.18E-16,3.38E-16,4.97E-19,2.43E-23,7.14E-29,2.68E-29,3.20E-25,1.20E-20,2.46E-19,1.52E-21,1.94E-24,3.12E-25,1.08E-23,5.12E-22,1.12E-22,1.89E-25,4.02E-27,1.91E-26,1.00E-22,4.46E-19,7.22E-19,1.92E-22,1.54E-26,6.54E-27,1.90E-22,3.70E-16,3.91E-13,2.92E-16,1.54E-23,1.18E-29,1.78E-30,5.40E-26,2.86E-20,1.23E-17,2.30E-19,6.35E-23,6.30E-25,3.69E-24,3.14E-22,7.34E-22,3.01E-23,9.32E-25,1.47E-23,2.17E-19,1.99E-15,1.98E-15,4.79E-20,3.24E-26,3.18E-29,1.48E-26,2.09E-20,9.96E-16,2.71E-16,4.86E-21,1.03E-25,2.68E-26,2.26E-22,3.85E-17,1.51E-14,7.26E-16,4.81E-19,8.61E-21,7.34E-20,8.10E-18,3.58E-17,1.19E-18,2.39E-20,1.05E-19,2.43E-16,7.47E-13,7.36E-13,2.02E-17,9.13E-24,3.59E-27,6.47E-25,7.37E-19,3.64E-13,1.96E-12,4.97E-17,7.55E-23,2.59E-25,7.59E-23,5.89E-18,7.38E-15,1.37E-15,9.72E-19,5.74E-21,2.45E-20,6.88E-19,3.65E-17,6.54E-20,7.16E-23,9.50E-23,1.36E-18,7.72E-14,8.00E-12,7.32E-14,1.54E-18,3.32E-21,3.99E-18,4.31E-10,0.017804902,0.982186437,8.65E-06
Head 3,194,3.14E-21,6.05E-24,5.91E-30,5.46E-36,8.11E-35,3.37E-29,4.84E-24,8.90E-24,2.28E-28,1.07E-33,2.20E-35,1.08E-32,1.72E-28,5.47E-27,6.09E-29,3.14E-31,1.06E-30,9.12E-28,4.50E-22,2.01E-23,6.69E-30,1.93E-34,5.71E-30,6.01E-24,3.04E-20,1.71E-16,1.16E-16,1.76E-23,6.06E-29,2.63E-29,3.51E-25,1.07E-20,1.98E-19,1.43E-21,1.72E-24,2.39E-25,1.03E-23,4.55E-22,1.05E-22,8.09E-25,3.34E-27,1.69E-26,8.31E-23,3.40E-19,5.66E-19,1.58E-22,1.55E-26,5.79E-27,1.73E-22,3.33E-16,3.17E-13,2.34E-16,1.46E-23,1.06E-29,1.63E-30,4.18E-26,2.31E-20,9.31E-18,1.96E-19,5.55E-23,4.06E-25,4.45E-24,4.13E-22,1.96E-21,3.34E-23,5.76E-25,1.11E-23,2.00E-19,1.60E-15,1.69E-15,4.00E-20,2.61E-26,3.32E-29,1.69E-26,2.87E-20,6.97E-16,1.94E-16,3.85E-21,9.37E-26,2.30E-26,1.95E-22,3.04E-17,1.20E-14,5.26E-16,4.00E-19,7.35E-21,5.78E-20,6.35E-18,2.77E-17,9.32E-19,1.96E-20,8.39E-20,2.00E-16,5.47E-13,5.54E-13,1.55E-17,8.01E-24,3.26E-27,3.19E-25,5.70E-19,2.82E-13,1.23E-12,3.87E-17,6.56E-23,2.44E-25,7.38E-23,5.11E-18,6.25E-15,1.09E-15,7.90E-19,4.87E-21,4.28E-22,1.68E-17,2.47E-17,5.90E-20,5.68E-23,7.84E-23,8.93E-18,4.87E-14,7.05E-12,6.45E-14,1.24E-18,2.78E-21,3.76E-18,3.43E-10,0.011762988,0.988230228,6.78E-06
Head 3,195,1.20E-20,1.69E-23,8.03E-31,6.90E-36,8.17E-35,3.85E-29,6.29E-24,1.14E-23,2.79E-28,1.33E-33,2.36E-35,1.56E-32,4.30E-27,6.88E-27,1.83E-28,1.03E-30,1.02E-30,1.09E-24,4.56E-22,2.20E-25,9.62E-30,6.56E-31,5.97E-30,8.74E-28,2.37E-20,1.33E-13,1.29E-16,1.78E-23,6.55E-29,3.59E-29,4.33E-25,1.20E-20,2.63E-19,1.70E-21,1.69E-24,3.03E-25,1.22E-23,5.48E-22,4.28E-22,8.07E-25,3.68E-27,1.93E-26,9.70E-23,4.18E-19,6.83E-19,1.99E-22,1.70E-26,6.37E-27,1.91E-22,3.64E-16,3.40E-13,2.72E-16,1.64E-23,1.20E-29,1.66E-30,5.09E-26,2.64E-20,1.11E-17,2.27E-19,2.98E-23,6.19E-25,8.20E-24,1.43E-21,2.74E-21,2.07E-23,5.08E-25,1.40E-23,2.30E-19,1.89E-15,1.94E-15,4.09E-20,3.05E-26,4.05E-29,3.66E-26,3.05E-20,7.88E-16,2.24E-16,4.79E-21,1.04E-25,2.77E-26,2.20E-22,3.55E-17,1.23E-14,6.13E-16,4.85E-19,7.95E-21,7.17E-20,7.98E-18,3.35E-17,1.12E-18,2.25E-20,1.02E-19,2.31E-16,6.51E-13,6.11E-13,1.84E-17,8.86E-24,2.54E-27,2.80E-25,6.83E-19,3.12E-13,1.42E-12,4.44E-17,7.39E-23,2.65E-25,8.08E-23,5.38E-18,6.66E-15,1.16E-15,9.00E-19,2.70E-22,9.43E-20,1.75E-17,2.94E-17,5.80E-20,6.18E-23,1.10E-19,7.63E-18,6.40E-14,8.91E-12,6.44E-14,1.28E-18,3.13E-21,4.20E-18,3.49E-10,0.017254427,0.982738554,7.08E-06
Head 3,196,3.03E-22,2.37E-24,3.03E-31,1.49E-36,3.87E-36,5.63E-30,2.38E-23,1.38E-21,6.93E-26,1.71E-32,6.08E-36,8.76E-31,2.78E-27,2.06E-25,2.58E-26,6.17E-29,8.84E-28,1.50E-24,2.52E-24,2.22E-23,2.25E-24,2.64E-28,1.10E-31,9.74E-28,2.20E-16,2.75E-12,8.79E-15,3.01E-22,3.11E-29,4.10E-31,1.17E-27,1.80E-22,3.00E-20,2.01E-22,3.79E-26,4.16E-28,7.36E-27,3.24E-24,3.75E-23,4.82E-25,6.93E-28,1.27E-28,4.51E-26,1.81E-22,3.07E-21,8.15E-24,8.60E-28,5.20E-29,2.80E-25,7.55E-19,8.43E-15,6.86E-17,3.66E-24,1.31E-31,7.04E-34,4.75E-30,1.06E-23,7.13E-20,7.52E-22,7.70E-26,2.13E-28,9.87E-28,5.04E-25,1.11E-23,1.41E-24,3.47E-26,7.06E-26,1.14E-22,6.64E-19,3.84E-18,4.68E-22,1.42E-28,2.14E-32,4.70E-31,1.67E-25,2.08E-20,6.40E-20,2.71E-24,1.68E-29,5.80E-31,3.35E-27,4.99E-21,3.96E-17,7.02E-18,9.61E-22,5.55E-25,3.69E-25,4.28E-23,1.75E-21,5.05E-22,1.18E-23,8.32E-24,3.81E-21,1.81E-17,2.99E-16,1.48E-19,3.27E-25,1.61E-29,2.14E-28,2.08E-22,4.24E-16,2.33E-14,2.73E-18,1.33E-24,5.32E-28,5.37E-26,1.76E-20,4.60E-16,7.71E-16,1.27E-17,1.55E-22,2.68E-22,1.29E-19,3.03E-18,6.54E-20,1.81E-18,7.55E-21,2.49E-20,5.24E-17,3.21E-14,7.30E-15,1.24E-18,1.33E-21,1.64E-19,5.17E-12,0.000828955,0.999084473,8.65E-05
Head 3,197,3.77E-23,1.67E-25,1.01E-31,5.02E-37,2.13E-36,2.28E-30,7.71E-24,3.96E-22,1.88E-26,5.94E-33,3.28E-33,3.05E-31,2.82E-29,2.35E-26,8.48E-27,7.97E-29,2.68E-28,1.67E-28,6.72E-25,2.73E-21,8.51E-25,7.85E-31,2.99E-32,6.85E-24,1.22E-16,1.23E-12,3.25E-15,1.25E-22,1.59E-29,1.85E-31,6.72E-28,7.09E-23,7.60E-21,8.50E-23,1.38E-26,1.78E-28,2.35E-27,1.40E-24,1.56E-23,2.32E-25,3.08E-28,5.57E-29,1.64E-26,6.61E-23,1.06E-21,3.28E-24,3.59E-28,2.29E-29,1.18E-25,3.08E-19,3.21E-15,2.65E-17,1.30E-24,6.66E-32,3.13E-34,1.93E-30,4.62E-24,4.67E-21,2.78E-22,6.08E-26,1.38E-28,6.19E-28,1.26E-25,3.40E-24,5.80E-25,1.45E-26,3.26E-26,3.61E-23,2.08E-19,1.45E-18,1.31E-22,9.68E-29,9.34E-33,2.04E-31,6.30E-26,6.99E-21,1.93E-20,9.63E-25,6.24E-30,2.24E-31,1.49E-27,1.73E-21,1.23E-17,2.21E-18,3.28E-22,2.09E-25,1.29E-25,1.40E-23,5.62E-22,1.77E-22,4.19E-24,3.11E-24,1.31E-21,5.86E-18,8.25E-17,8.24E-20,8.72E-26,5.67E-30,8.72E-29,8.14E-23,1.35E-16,8.13E-15,8.33E-19,5.13E-25,2.17E-28,2.27E-26,6.65E-21,1.96E-16,2.42E-13,2.85E-20,2.52E-23,9.69E-23,3.91E-20,1.16E-18,5.25E-17,5.28E-19,3.21E-21,1.09E-20,1.39E-17,8.98E-15,2.28E-15,4.13E-19,5.48E-22,7.87E-20,1.81E-12,0.000240771,0.999725997,3.32E-05
Head 3,198,8.13E-24,1.62E-25,7.89E-32,5.83E-37,2.13E-36,2.10E-30,7.03E-24,3.47E-22,1.96E-26,2.25E-31,2.83E-33,2.29E-34,9.36E-30,2.16E-26,2.99E-27,6.52E-29,8.48E-31,1.88E-28,2.40E-21,2.29E-21,1.45E-26,4.77E-31,5.63E-29,7.64E-24,1.38E-16,1.15E-12,2.67E-15,1.18E-22,1.38E-29,2.20E-31,5.97E-28,4.64E-23,7.88E-21,6.98E-23,1.41E-26,1.16E-28,2.24E-27,1.22E-24,1.52E-23,2.06E-25,2.91E-28,4.96E-29,1.62E-26,5.82E-23,9.97E-22,2.76E-24,3.04E-28,1.98E-29,1.13E-25,3.01E-19,3.24E-15,2.29E-17,1.37E-24,5.53E-32,2.52E-34,1.84E-30,1.46E-24,4.16E-21,3.92E-22,6.51E-26,1.43E-28,3.80E-28,8.69E-26,3.16E-24,5.23E-25,1.61E-26,2.45E-26,3.00E-23,2.24E-19,1.12E-18,1.58E-22,8.56E-29,8.54E-33,1.98E-31,6.08E-26,6.49E-21,1.88E-20,8.76E-25,5.29E-30,2.34E-31,1.22E-27,1.40E-21,1.13E-17,2.08E-18,3.45E-22,2.14E-25,1.28E-25,1.34E-23,5.57E-22,1.73E-22,4.45E-24,3.41E-24,1.38E-21,5.52E-18,1.36E-16,6.13E-20,6.80E-26,5.18E-30,9.09E-29,7.87E-23,1.47E-16,7.15E-15,7.61E-19,4.87E-25,1.92E-28,1.96E-26,7.07E-21,1.96E-13,6.22E-17,9.58E-21,2.23E-23,7.77E-23,3.53E-20,2.35E-18,3.82E-17,5.11E-19,3.50E-21,7.84E-21,1.08E-17,6.92E-15,1.67E-15,3.18E-19,4.94E-22,6.39E-20,1.43E-12,0.001213692,0.998757124,2.91E-05
Head 3,199,9.25E-24,1.50E-25,8.72E-32,5.75E-37,1.84E-36,1.89E-30,5.99E-24,3.73E-22,6.78E-27,1.72E-31,1.57E-36,1.35E-34,8.87E-30,3.13E-26,2.83E-27,1.40E-29,1.16E-30,1.81E-24,2.07E-21,1.19E-23,9.76E-27,6.08E-29,5.38E-29,7.99E-24,1.29E-16,9.09E-13,2.38E-15,1.00E-22,1.50E-29,1.78E-31,3.87E-28,4.63E-23,6.56E-21,7.48E-23,1.35E-26,1.08E-28,1.92E-27,1.16E-24,1.32E-23,1.87E-25,2.47E-28,4.79E-29,1.40E-26,5.78E-23,9.26E-22,2.55E-24,2.66E-28,1.79E-29,9.97E-26,2.84E-19,2.81E-15,2.38E-17,1.09E-24,4.29E-32,2.25E-34,1.55E-30,1.50E-24,5.11E-21,3.40E-22,3.99E-26,7.81E-29,2.32E-28,7.87E-26,2.58E-24,5.30E-25,1.03E-26,1.66E-26,2.92E-23,1.87E-19,1.11E-18,1.27E-22,6.46E-29,6.94E-33,1.63E-31,5.08E-26,6.22E-21,1.71E-20,7.21E-25,5.20E-30,1.68E-31,8.45E-28,1.27E-21,9.62E-18,1.92E-18,3.04E-22,1.91E-25,1.12E-25,1.23E-23,5.05E-22,1.70E-22,4.52E-24,3.17E-24,1.20E-21,1.38E-17,1.06E-16,4.70E-20,5.36E-26,4.68E-30,7.87E-29,7.80E-23,1.34E-16,6.74E-15,7.96E-19,4.01E-25,1.48E-28,1.79E-26,3.16E-19,7.96E-17,2.01E-17,8.63E-21,1.82E-23,6.91E-23,2.15E-22,1.92E-18,3.83E-17,5.75E-19,2.50E-21,6.21E-21,8.71E-18,6.01E-15,1.36E-15,3.23E-19,4.23E-22,5.34E-20,6.86E-12,0.001383543,0.99858886,2.76E-05
Head 3,200,8.96E-24,1.49E-25,7.29E-32,3.59E-37,1.16E-36,1.12E-30,5.36E-24,9.45E-24,4.56E-27,2.57E-33,1.49E-36,1.00E-34,6.68E-28,3.08E-26,9.96E-27,1.36E-29,1.08E-27,1.27E-24,1.13E-24,7.52E-24,3.35E-25,4.16E-29,3.81E-29,5.57E-24,8.87E-17,7.36E-13,1.88E-15,8.56E-23,8.64E-30,7.60E-32,2.64E-28,3.19E-23,5.82E-21,9.76E-23,1.03E-26,7.35E-29,1.42E-27,7.92E-25,9.16E-24,1.18E-25,1.71E-28,3.00E-29,1.08E-26,4.78E-23,7.99E-22,1.97E-24,1.82E-28,1.11E-29,6.76E-26,1.99E-19,2.56E-15,1.73E-17,7.19E-25,2.80E-32,3.10E-34,1.65E-30,2.04E-24,3.92E-21,1.40E-22,1.77E-26,3.72E-29,1.67E-28,4.82E-26,1.95E-24,2.51E-25,4.91E-27,1.24E-26,2.25E-23,1.75E-19,8.39E-19,7.99E-23,3.92E-29,4.08E-33,9.65E-32,4.19E-26,5.42E-21,1.44E-20,6.49E-25,3.15E-30,8.75E-32,6.59E-28,9.27E-22,7.95E-18,1.51E-18,2.46E-22,1.45E-25,9.12E-26,9.96E-24,4.61E-22,1.61E-22,3.77E-24,2.42E-24,7.86E-21,1.12E-17,8.80E-17,3.36E-20,3.82E-26,3.01E-30,5.68E-29,6.32E-23,1.28E-16,7.90E-15,6.46E-19,2.62E-25,9.73E-29,5.44E-27,1.45E-21,2.34E-17,1.64E-17,5.76E-21,1.29E-23,1.26E-25,1.56E-22,1.74E-18,3.89E-17,3.52E-19,1.66E-21,4.20E-21,7.23E-18,4.30E-15,1.36E-15,2.20E-19,2.64E-22,9.97E-20,6.76E-12,0.001348623,0.998625755,2.57E-05
Head 3,201,9.88E-24,1.67E-25,7.14E-32,3.58E-37,9.70E-37,1.22E-30,4.20E-25,7.38E-24,8.27E-27,4.54E-33,1.18E-36,2.57E-31,7.18E-28,4.96E-26,6.88E-27,2.75E-28,8.47E-28,4.96E-28,9.82E-25,1.18E-21,3.34E-25,4.09E-29,3.27E-29,4.41E-24,7.63E-17,6.74E-13,2.16E-15,8.00E-23,5.41E-30,7.29E-32,2.39E-28,2.91E-23,9.53E-21,8.82E-23,8.98E-27,7.12E-29,1.29E-27,7.53E-25,8.37E-24,1.18E-25,1.48E-28,2.67E-29,9.54E-27,4.34E-23,7.31E-22,1.76E-24,1.59E-28,9.63E-30,5.13E-26,1.84E-19,2.15E-15,1.52E-17,7.16E-25,6.55E-32,5.66E-34,5.02E-30,2.06E-24,2.19E-21,9.10E-23,1.33E-26,4.00E-29,1.52E-28,5.32E-26,1.36E-24,1.72E-25,5.13E-27,1.18E-26,2.76E-23,1.49E-19,6.47E-19,6.66E-23,3.53E-29,3.26E-33,9.51E-32,3.74E-26,4.68E-21,1.37E-20,5.09E-25,2.16E-30,9.17E-32,5.84E-28,8.79E-22,7.07E-18,1.42E-18,2.18E-22,1.37E-25,7.73E-26,9.50E-24,4.70E-22,1.52E-22,3.10E-24,4.46E-23,6.11E-21,9.72E-18,7.29E-17,3.11E-20,3.54E-26,2.90E-30,5.43E-29,6.25E-23,1.50E-16,7.50E-15,5.91E-19,2.59E-25,8.60E-31,3.94E-28,6.21E-22,2.43E-17,1.30E-17,5.09E-21,1.47E-24,9.63E-26,1.50E-22,1.87E-18,2.83E-17,2.84E-19,1.30E-21,3.75E-21,5.02E-18,4.91E-15,1.03E-15,1.73E-19,4.34E-22,1.04E-19,5.94E-12,0.001233929,0.99874568,2.04E-05
Head 3,202,1.11E-23,1.72E-25,7.58E-32,3.55E-37,1.15E-36,2.18E-30,3.52E-25,1.79E-22,1.99E-26,4.34E-33,3.12E-33,2.77E-31,2.17E-29,2.47E-26,1.35E-26,2.83E-28,5.21E-30,6.59E-28,1.52E-21,1.44E-21,4.15E-25,4.37E-29,3.35E-29,4.75E-24,8.22E-17,9.47E-13,2.68E-15,6.03E-23,7.13E-30,8.66E-32,2.43E-28,4.10E-23,1.01E-20,9.43E-23,1.08E-26,7.85E-29,1.44E-27,8.03E-25,9.96E-24,1.28E-25,1.62E-28,2.93E-29,1.02E-26,4.70E-23,7.81E-22,1.93E-24,1.77E-28,8.86E-30,5.76E-26,1.92E-19,2.25E-15,1.86E-17,9.16E-25,1.35E-31,3.21E-33,6.13E-30,1.62E-24,1.71E-21,8.49E-23,1.60E-26,4.45E-29,1.96E-28,4.23E-26,1.09E-24,2.21E-25,5.74E-27,2.19E-26,2.91E-23,1.43E-19,6.56E-19,7.83E-23,3.68E-29,4.14E-33,1.07E-31,4.00E-26,5.17E-21,1.35E-20,4.53E-25,2.81E-30,1.03E-31,6.91E-28,9.53E-22,7.80E-18,1.54E-18,2.64E-22,1.42E-25,8.74E-26,1.10E-23,5.14E-22,1.46E-22,8.21E-23,4.06E-23,6.28E-21,9.85E-18,7.95E-17,3.47E-20,4.19E-26,3.31E-30,6.09E-29,7.58E-23,1.62E-16,8.20E-15,7.31E-19,4.83E-28,1.98E-31,2.41E-28,7.49E-22,2.23E-17,1.43E-17,1.78E-19,1.34E-24,1.17E-25,1.82E-22,1.70E-18,2.81E-17,2.86E-19,1.43E-21,3.27E-21,7.32E-18,4.27E-15,1.03E-15,6.57E-19,5.89E-22,1.17E-19,7.00E-12,0.001593672,0.998384595,2.18E-05
Head 3,203,9.71E-22,6.66E-24,3.18E-30,2.83E-35,8.20E-34,1.02E-28,2.77E-22,1.53E-20,5.31E-25,4.59E-30,9.60E-32,4.39E-32,3.47E-27,6.53E-24,3.03E-25,1.50E-27,4.25E-29,1.79E-24,1.41E-21,1.92E-21,1.09E-24,2.65E-28,2.93E-28,2.24E-23,1.31E-16,3.44E-13,3.59E-16,2.74E-23,1.25E-29,7.39E-31,6.97E-27,1.53E-21,1.98E-19,7.89E-22,4.18E-26,2.51E-28,5.49E-27,5.01E-24,8.18E-23,1.30E-24,1.64E-27,2.36E-28,6.77E-26,3.02E-22,7.32E-21,3.84E-23,6.78E-27,6.18E-28,2.78E-24,3.59E-18,1.83E-14,6.01E-17,2.52E-23,3.91E-29,8.47E-31,2.82E-27,5.66E-22,2.72E-19,4.63E-21,3.70E-25,9.07E-28,3.75E-27,1.74E-24,1.43E-22,4.04E-23,1.66E-24,1.81E-24,9.92E-22,2.42E-18,1.05E-17,1.94E-21,2.93E-27,7.99E-31,2.72E-29,5.64E-24,2.35E-19,2.51E-19,7.42E-24,6.61E-29,5.34E-30,5.29E-26,5.90E-20,2.51E-16,2.83E-17,3.20E-21,2.71E-24,4.08E-24,1.56E-21,1.81E-19,5.16E-19,1.91E-20,4.30E-21,2.24E-19,1.43E-16,9.24E-16,7.53E-19,2.62E-24,5.40E-28,1.29E-26,6.81E-21,3.35E-15,4.29E-14,1.76E-20,1.23E-27,3.43E-30,1.33E-26,3.70E-20,6.69E-16,4.18E-14,4.21E-19,5.34E-24,7.63E-25,2.03E-21,2.74E-17,3.61E-16,1.90E-18,3.19E-21,4.84E-21,3.78E-18,3.13E-15,5.32E-14,9.12E-18,1.34E-20,3.05E-18,9.24E-11,0.004536679,0.99543035,3.29E-05
Head 3,204,1.17E-21,9.07E-24,3.87E-30,1.55E-34,5.91E-34,9.16E-29,5.57E-22,1.84E-20,1.55E-25,4.59E-30,1.69E-34,2.94E-32,2.41E-25,7.98E-24,2.89E-24,1.97E-27,3.41E-27,1.58E-24,1.51E-21,1.94E-21,1.00E-24,2.42E-28,2.48E-28,2.44E-23,1.36E-16,2.49E-13,4.19E-16,2.37E-23,1.08E-29,5.58E-31,5.90E-27,1.44E-21,2.08E-19,7.85E-22,4.10E-26,2.32E-28,5.47E-27,4.49E-24,7.52E-23,1.18E-24,1.43E-27,2.14E-28,6.70E-26,3.17E-22,8.02E-21,3.52E-23,6.62E-27,5.56E-28,2.37E-24,3.54E-18,3.28E-15,5.56E-17,5.62E-23,5.29E-29,7.81E-31,2.00E-27,4.98E-22,2.76E-19,4.80E-21,3.75E-25,6.42E-28,2.53E-27,1.71E-24,1.45E-22,6.37E-23,1.41E-24,1.54E-24,8.83E-22,2.48E-18,1.03E-17,1.95E-21,2.68E-27,6.78E-31,2.30E-29,4.89E-24,2.38E-19,2.42E-19,7.60E-24,6.74E-29,5.13E-30,4.72E-26,5.45E-20,2.67E-16,2.66E-17,3.12E-21,2.49E-24,4.05E-24,1.60E-21,2.30E-19,4.39E-19,1.80E-20,4.34E-21,2.33E-19,1.59E-16,1.05E-15,7.98E-19,2.41E-24,5.02E-28,1.18E-26,6.94E-21,3.83E-15,1.03E-15,7.34E-21,1.10E-27,3.19E-30,1.15E-26,3.45E-20,6.97E-14,3.46E-14,4.99E-19,5.16E-24,7.15E-25,1.98E-21,2.66E-17,3.43E-16,1.52E-18,3.74E-21,3.41E-21,3.79E-18,1.28E-13,5.68E-14,8.62E-18,1.26E-20,2.99E-18,8.12E-11,0.00443646,0.995533228,3.03E-05
Head 3,205,1.04E-21,8.29E-24,5.45E-30,1.25E-34,6.84E-35,1.77E-28,4.76E-22,3.07E-22,1.21E-25,1.60E-31,1.20E-34,7.34E-29,2.39E-25,2.45E-23,2.26E-24,2.52E-27,2.62E-27,1.43E-24,1.41E-21,1.74E-21,9.39E-25,2.16E-28,2.82E-28,2.36E-23,9.58E-17,2.86E-13,3.81E-16,3.06E-23,1.24E-29,5.38E-31,5.66E-27,1.37E-21,1.85E-19,7.15E-22,3.64E-26,2.27E-28,4.80E-27,4.20E-24,6.98E-23,1.10E-24,1.31E-27,2.02E-28,6.00E-26,2.89E-22,6.65E-21,3.44E-23,6.26E-27,5.02E-28,2.34E-24,3.32E-19,2.05E-15,5.59E-17,9.97E-23,4.39E-29,4.56E-31,1.48E-27,4.35E-22,2.46E-19,4.19E-21,3.01E-25,4.64E-28,2.58E-27,2.05E-24,2.55E-22,5.90E-23,1.29E-24,1.41E-24,8.64E-22,2.36E-18,1.06E-17,2.02E-21,2.76E-27,7.08E-31,2.05E-29,4.68E-24,1.94E-19,2.30E-19,7.64E-24,6.93E-29,5.03E-30,4.43E-26,5.42E-20,2.44E-16,2.57E-17,2.79E-21,2.49E-24,4.06E-24,5.63E-22,1.66E-19,3.69E-19,1.64E-20,4.20E-21,2.33E-19,1.62E-16,1.07E-15,7.49E-19,2.47E-24,4.59E-28,1.06E-26,6.22E-21,2.31E-16,3.43E-15,7.63E-21,1.04E-27,3.04E-30,1.09E-26,2.95E-19,5.36E-14,3.98E-14,4.86E-19,4.68E-24,6.77E-25,1.75E-21,2.32E-17,2.75E-16,1.78E-18,2.73E-21,3.44E-21,2.01E-17,1.23E-13,5.57E-14,9.11E-18,1.36E-20,2.89E-18,8.04E-11,0.005877081,0.994090259,3.27E-05
Head 3,206,1.00E-21,6.64E-24,6.02E-30,2.22E-35,1.33E-34,1.39E-28,1.85E-23,2.54E-22,4.69E-25,1.88E-31,4.41E-31,7.72E-29,1.66E-26,1.48E-23,2.33E-25,2.09E-27,2.34E-27,1.39E-24,1.32E-21,1.59E-21,8.12E-25,2.34E-28,2.47E-28,1.56E-23,9.55E-17,2.31E-13,5.02E-16,4.17E-23,1.19E-29,5.17E-31,5.31E-27,1.19E-21,1.64E-19,6.26E-22,3.57E-26,2.07E-28,4.46E-27,3.59E-24,5.99E-23,9.21E-25,1.18E-27,1.82E-28,5.51E-26,2.52E-22,6.57E-21,3.21E-23,5.67E-27,5.09E-28,2.69E-25,1.97E-19,1.22E-15,1.27E-16,8.26E-23,2.43E-29,3.48E-31,1.38E-27,3.72E-22,1.95E-19,3.57E-21,2.24E-25,4.68E-28,3.34E-27,3.67E-24,2.21E-22,5.02E-23,1.12E-24,1.32E-24,7.92E-22,2.45E-18,1.06E-17,2.06E-21,3.01E-27,6.31E-31,1.91E-29,3.84E-24,1.86E-19,2.25E-19,7.71E-24,7.07E-29,4.73E-30,4.08E-26,4.62E-20,2.20E-16,2.16E-17,2.94E-21,2.71E-24,1.60E-24,3.91E-22,1.46E-19,3.54E-19,1.71E-20,4.57E-21,2.60E-19,1.82E-16,1.11E-15,8.60E-19,2.38E-24,4.24E-28,9.59E-27,3.70E-21,3.74E-15,3.91E-15,7.16E-21,9.77E-28,2.86E-30,3.46E-26,2.22E-19,5.81E-14,4.02E-14,4.30E-19,4.83E-24,6.28E-25,1.62E-21,1.93E-17,3.03E-16,1.28E-18,2.62E-21,4.84E-22,1.86E-17,1.20E-13,5.78E-14,9.47E-18,1.22E-20,2.63E-18,1.57E-10,0.005383661,0.994584024,3.24E-05
Head 3,207,2.29E-21,1.10E-23,7.95E-30,3.02E-35,1.19E-34,1.06E-28,1.75E-23,1.41E-20,6.87E-25,1.48E-29,4.84E-31,1.62E-31,1.05E-26,5.15E-24,2.64E-25,2.18E-27,2.60E-27,1.52E-24,1.40E-21,1.63E-21,1.03E-24,2.50E-28,2.01E-28,1.85E-23,9.54E-17,3.28E-13,7.01E-16,4.38E-23,1.24E-29,5.61E-31,5.53E-27,1.24E-21,1.64E-19,6.86E-22,3.94E-26,2.29E-28,4.56E-27,3.83E-24,6.34E-23,1.02E-24,1.32E-27,1.96E-28,5.70E-26,2.75E-22,6.84E-21,3.24E-23,6.64E-27,1.41E-28,2.05E-25,1.20E-19,2.93E-15,1.33E-16,5.23E-23,2.20E-29,4.06E-31,1.52E-27,4.08E-22,2.15E-19,3.36E-21,2.65E-25,7.13E-28,7.53E-27,3.93E-24,2.35E-22,5.23E-23,1.23E-24,1.35E-24,9.48E-22,2.63E-18,1.15E-17,2.44E-21,2.92E-27,6.10E-31,1.84E-29,4.14E-24,1.98E-19,2.36E-19,8.43E-24,7.37E-29,4.93E-30,4.09E-26,4.89E-20,2.08E-16,2.48E-17,3.24E-21,3.61E-24,1.01E-24,3.55E-22,1.55E-19,3.99E-19,1.95E-20,5.33E-21,3.06E-19,2.07E-16,1.42E-15,9.45E-19,2.61E-24,4.75E-28,3.06E-25,1.91E-20,5.03E-15,4.38E-15,7.29E-21,1.05E-27,5.48E-29,3.06E-26,2.53E-19,6.52E-14,3.48E-14,4.48E-19,4.47E-24,6.35E-25,1.59E-21,2.38E-17,2.61E-16,1.30E-18,1.69E-23,4.81E-22,2.03E-17,1.41E-13,6.98E-14,9.02E-18,1.20E-20,4.16E-18,1.59E-10,0.005496982,0.994468689,3.44E-05
Head 3,208,3.93E-21,4.46E-23,4.24E-30,2.75E-35,7.35E-34,9.05E-29,3.55E-22,2.12E-20,3.00E-25,1.45E-29,6.26E-34,1.13E-31,1.72E-25,6.58E-24,2.92E-25,2.37E-27,2.77E-27,1.62E-24,1.40E-21,1.91E-21,1.07E-24,1.91E-28,2.32E-28,1.94E-23,1.18E-16,3.18E-13,7.55E-16,4.31E-23,1.30E-29,5.60E-31,5.43E-27,1.17E-21,1.73E-19,7.68E-22,4.24E-26,2.26E-28,4.65E-27,4.01E-24,6.88E-23,1.16E-24,1.42E-27,2.04E-28,5.83E-26,2.77E-22,6.51E-21,3.67E-23,4.24E-27,1.22E-28,1.63E-25,1.94E-19,3.79E-15,9.49E-17,4.56E-23,2.22E-29,4.18E-31,1.86E-27,4.12E-22,2.05E-19,3.97E-21,3.67E-25,1.53E-27,7.88E-27,4.24E-24,2.42E-22,5.65E-23,1.21E-24,1.62E-24,9.78E-22,2.68E-18,1.31E-17,2.32E-21,2.59E-27,6.07E-31,1.95E-29,4.46E-24,2.03E-19,2.45E-19,8.51E-24,7.51E-29,4.78E-30,4.27E-26,4.75E-20,2.36E-16,2.61E-17,1.81E-20,2.00E-24,8.21E-25,3.62E-22,1.64E-19,4.21E-19,2.16E-20,5.81E-21,3.26E-19,2.41E-16,1.48E-15,9.93E-19,2.84E-24,1.06E-24,1.77E-26,2.07E-20,5.74E-15,4.36E-15,8.10E-21,2.39E-25,5.02E-29,3.18E-26,2.78E-19,5.55E-14,3.42E-14,3.83E-19,4.13E-24,6.00E-25,1.80E-21,2.13E-17,2.56E-16,4.55E-21,1.66E-23,5.27E-22,2.46E-17,1.85E-13,6.58E-14,8.57E-18,4.55E-21,4.06E-18,1.51E-10,0.005344615,0.994621277,3.42E-05
Head 3,209,8.56E-21,1.22E-23,4.74E-30,1.65E-34,5.56E-34,9.03E-29,6.14E-22,6.77E-22,3.02E-25,5.26E-31,6.18E-34,7.21E-29,2.49E-25,8.38E-24,3.24E-25,2.40E-27,2.95E-27,1.60E-24,1.57E-21,1.97E-21,7.70E-25,2.05E-28,2.27E-28,2.01E-23,7.62E-17,3.63E-13,7.17E-16,4.22E-23,1.13E-29,4.67E-31,4.55E-27,1.19E-21,1.91E-19,8.43E-22,4.28E-26,2.21E-28,4.61E-27,3.99E-24,7.11E-23,1.14E-24,1.38E-27,1.97E-28,6.11E-26,2.80E-22,7.91E-21,4.52E-23,4.00E-27,1.36E-28,1.44E-25,2.87E-19,3.48E-15,8.80E-17,4.21E-23,2.21E-29,5.72E-31,1.63E-27,3.84E-22,2.43E-19,4.99E-21,6.68E-25,1.47E-27,7.95E-27,4.01E-24,2.35E-22,5.03E-23,1.33E-24,1.55E-24,9.38E-22,3.01E-18,1.24E-17,1.91E-21,2.45E-27,5.56E-31,1.94E-29,4.37E-24,2.00E-19,2.49E-19,8.78E-24,6.90E-29,4.55E-30,3.95E-26,4.76E-20,2.31E-16,2.89E-16,1.02E-20,1.57E-24,8.43E-25,3.86E-22,1.74E-19,4.79E-19,2.37E-20,6.17E-21,3.73E-19,2.55E-16,1.57E-15,1.06E-18,8.12E-20,3.96E-28,1.33E-26,2.29E-20,6.00E-15,5.22E-15,3.09E-18,2.29E-25,4.48E-29,3.01E-26,2.29E-19,5.01E-14,2.85E-14,3.32E-19,3.78E-24,6.33E-25,1.66E-21,2.05E-17,9.12E-18,4.16E-21,1.67E-23,6.10E-22,3.40E-17,1.84E-13,6.29E-14,5.90E-19,4.01E-21,3.47E-18,1.42E-10,0.005362656,0.994603693,3.36E-05
Head 3,210,1.40E-21,1.29E-23,7.78E-30,1.47E-34,6.65E-35,1.61E-28,6.73E-23,6.04E-22,8.92E-25,5.78E-31,4.53E-31,7.58E-29,2.62E-25,7.96E-24,2.97E-25,2.60E-27,2.94E-27,1.66E-24,1.48E-21,1.42E-21,8.44E-25,2.06E-28,2.36E-28,1.12E-23,8.35E-17,3.39E-13,7.96E-16,4.68E-23,1.26E-29,4.93E-31,5.08E-27,1.19E-21,1.96E-19,8.58E-22,4.34E-26,2.30E-28,4.78E-27,4.25E-24,7.84E-23,1.30E-24,1.53E-27,2.18E-28,5.75E-26,2.82E-22,1.02E-20,4.39E-23,6.21E-27,8.74E-29,2.08E-25,3.11E-19,3.23E-15,8.03E-17,4.53E-23,3.55E-29,4.92E-31,1.39E-27,4.12E-22,2.83E-19,8.10E-21,7.21E-25,1.74E-27,8.84E-27,4.38E-24,2.41E-22,6.52E-23,1.52E-24,1.64E-24,1.11E-21,2.86E-18,1.09E-17,2.27E-21,2.87E-27,7.27E-31,2.25E-29,4.29E-24,1.94E-19,2.56E-19,8.55E-24,7.32E-29,4.97E-30,4.08E-26,4.89E-20,1.66E-15,1.97E-16,9.07E-21,1.68E-24,8.69E-25,3.69E-22,1.74E-19,4.89E-19,2.38E-20,6.78E-21,3.72E-19,2.54E-16,1.64E-15,1.12E-14,5.22E-24,2.45E-28,1.31E-26,2.04E-20,5.73E-15,1.29E-13,3.18E-18,2.35E-25,5.12E-29,3.16E-26,2.18E-19,4.40E-14,2.51E-14,3.12E-19,4.07E-24,5.86E-25,1.53E-21,2.71E-17,8.77E-18,4.54E-21,2.03E-23,8.49E-22,3.28E-17,1.61E-13,2.47E-15,5.48E-19,3.72E-21,3.33E-18,1.36E-10,0.004975123,0.994990051,3.48E-05
Head 3,211,2.10E-21,1.23E-23,7.29E-30,1.76E-35,8.52E-35,5.05E-28,5.32E-23,2.50E-20,1.12E-24,1.46E-29,4.34E-31,8.50E-29,2.59E-25,6.64E-24,2.61E-25,2.07E-27,2.56E-27,1.48E-24,1.22E-21,1.44E-21,6.60E-25,1.61E-28,1.25E-28,1.03E-23,7.45E-17,3.50E-13,6.92E-16,3.33E-23,7.62E-30,3.17E-31,3.16E-27,9.65E-22,1.77E-19,7.48E-22,3.52E-26,1.75E-28,3.53E-27,3.24E-24,5.79E-23,9.21E-25,1.11E-27,1.59E-28,5.04E-26,3.01E-22,1.02E-20,5.49E-23,2.10E-27,5.33E-29,1.51E-25,2.32E-19,2.78E-15,7.44E-17,5.12E-23,2.17E-29,2.78E-31,1.11E-27,4.04E-22,3.39E-19,6.49E-21,5.64E-25,1.28E-27,6.44E-27,3.06E-24,2.07E-22,4.74E-23,1.01E-24,1.35E-24,8.05E-22,2.20E-18,1.08E-17,1.73E-21,2.07E-27,4.62E-31,1.43E-29,3.42E-24,1.92E-19,2.40E-19,7.60E-24,5.93E-29,3.51E-30,3.17E-26,8.40E-20,1.08E-15,1.58E-16,7.73E-21,1.40E-24,7.38E-25,3.35E-22,1.68E-19,4.30E-19,2.20E-20,5.70E-21,3.34E-19,2.51E-16,1.83E-13,1.13E-17,2.27E-24,1.71E-28,1.01E-26,1.97E-20,3.58E-15,1.60E-13,3.01E-18,1.85E-25,3.35E-29,1.90E-26,1.49E-19,3.43E-14,2.02E-14,2.91E-19,3.02E-24,4.58E-25,2.13E-20,2.47E-17,7.77E-18,3.94E-21,2.14E-23,7.69E-22,3.08E-17,2.46E-14,2.23E-15,4.10E-19,2.58E-21,2.55E-18,1.18E-10,0.005326965,0.994643688,2.94E-05
Head 3,212,4.23E-21,1.60E-23,7.63E-30,2.21E-35,4.20E-33,4.60E-28,1.14E-21,3.41E-20,3.41E-25,1.46E-29,4.86E-31,8.31E-29,2.31E-25,6.97E-24,2.93E-25,2.65E-27,3.00E-27,1.58E-24,1.32E-21,1.41E-21,7.89E-25,1.91E-28,1.55E-28,1.10E-23,8.42E-17,3.75E-13,7.89E-16,4.11E-23,9.61E-30,3.27E-31,3.47E-27,1.04E-21,1.91E-19,8.25E-22,3.96E-26,1.91E-28,3.95E-27,3.50E-24,6.76E-23,1.14E-24,1.34E-27,1.83E-28,3.63E-26,3.26E-22,1.40E-20,2.92E-23,1.56E-27,5.86E-29,1.58E-25,2.66E-19,3.08E-15,9.41E-17,5.34E-23,1.97E-29,3.34E-31,1.45E-27,6.18E-22,3.65E-19,7.38E-21,6.70E-25,1.50E-27,6.64E-27,3.77E-24,2.26E-22,5.02E-23,1.29E-24,1.32E-24,7.44E-22,2.61E-18,1.12E-17,2.05E-21,2.50E-27,5.55E-31,1.69E-29,3.95E-24,1.94E-19,2.50E-19,8.32E-24,6.55E-29,4.04E-30,2.45E-26,7.08E-20,1.14E-15,1.75E-16,8.59E-21,1.59E-24,7.70E-25,3.65E-22,1.71E-19,4.96E-19,2.45E-20,6.46E-21,3.88E-19,1.40E-16,5.19E-14,7.14E-18,2.45E-24,1.94E-28,1.12E-26,1.43E-21,3.96E-15,1.64E-13,3.41E-18,2.08E-25,3.66E-29,2.08E-26,1.60E-19,3.37E-14,2.54E-14,2.87E-19,3.25E-24,5.66E-24,2.30E-20,2.73E-17,9.28E-18,6.06E-21,2.66E-23,8.24E-22,5.50E-17,2.49E-14,1.99E-15,3.83E-19,2.68E-21,2.60E-18,1.28E-10,0.005050928,0.994914532,3.46E-05
Head 3,213,5.85E-21,4.94E-23,4.22E-30,5.45E-34,2.87E-33,5.46E-28,1.45E-21,6.45E-22,2.80E-25,1.37E-29,4.24E-31,6.95E-29,2.06E-25,6.27E-24,2.95E-25,2.36E-27,2.65E-27,1.35E-24,1.14E-21,1.34E-21,8.07E-25,1.67E-28,1.24E-28,9.89E-24,7.59E-17,3.59E-13,7.75E-16,3.50E-23,6.86E-30,2.39E-31,2.62E-27,8.46E-22,1.66E-19,7.29E-22,3.39E-26,1.63E-28,3.07E-27,3.00E-24,5.85E-23,9.69E-25,1.11E-27,6.11E-29,3.77E-26,4.36E-22,7.73E-21,1.57E-23,1.19E-27,4.50E-29,1.42E-25,2.29E-19,2.55E-15,8.36E-17,3.78E-23,1.81E-29,3.15E-31,2.00E-27,5.58E-22,3.38E-19,6.95E-21,6.25E-25,1.20E-27,6.30E-27,3.15E-24,1.81E-22,4.57E-23,8.94E-25,9.01E-25,7.13E-22,2.23E-18,9.99E-18,1.70E-21,2.02E-27,4.27E-31,1.34E-29,3.00E-24,1.62E-19,2.06E-19,7.26E-24,5.39E-29,1.60E-30,1.48E-26,5.64E-20,9.80E-16,1.48E-16,7.78E-21,1.33E-24,7.02E-25,3.19E-22,1.60E-19,4.52E-19,2.21E-20,6.11E-21,8.25E-21,1.63E-15,3.25E-14,6.54E-18,2.06E-24,1.59E-28,1.77E-27,1.32E-21,3.90E-15,1.71E-13,2.96E-18,1.71E-25,2.87E-29,1.65E-26,1.21E-19,3.28E-14,1.84E-14,2.26E-19,2.48E-24,5.08E-24,2.12E-20,2.57E-17,1.04E-17,5.38E-21,2.19E-23,9.15E-21,5.27E-17,1.90E-14,1.55E-15,3.13E-19,2.14E-21,2.29E-18,1.04E-10,0.00464603,0.995322764,3.12E-05
Head 3,214,8.69E-21,1.79E-23,1.49E-29,5.48E-34,5.77E-34,9.28E-28,6.35E-23,6.22E-22,3.07E-25,1.45E-29,4.42E-31,7.25E-29,2.11E-25,7.75E-24,3.29E-25,2.53E-27,2.75E-27,1.51E-24,1.19E-21,1.31E-21,8.74E-25,1.75E-28,1.45E-28,1.10E-23,8.70E-17,4.35E-13,8.40E-16,3.79E-23,7.17E-30,2.40E-31,2.60E-27,8.82E-22,1.76E-19,7.82E-22,3.68E-26,1.58E-28,3.36E-27,3.25E-24,6.31E-23,1.09E-24,3.35E-28,7.86E-29,6.81E-26,3.04E-22,6.05E-21,1.64E-23,1.28E-27,5.10E-29,1.48E-25,1.93E-19,2.59E-15,7.16E-17,4.45E-23,1.99E-29,6.22E-31,2.29E-27,6.39E-22,3.90E-19,8.47E-21,6.85E-25,1.50E-27,7.02E-27,3.37E-24,2.12E-22,4.21E-23,7.98E-25,1.09E-24,7.63E-22,2.39E-18,1.02E-17,1.80E-21,2.07E-27,4.42E-31,1.26E-29,2.88E-24,1.40E-19,2.10E-19,7.02E-24,3.74E-29,1.18E-30,1.37E-26,5.84E-20,9.78E-16,1.62E-16,8.26E-21,1.47E-24,7.17E-25,3.19E-22,1.65E-19,4.67E-19,2.47E-20,3.39E-22,5.13E-20,1.15E-15,3.34E-14,6.17E-18,2.05E-24,4.07E-28,1.81E-27,1.45E-21,4.24E-15,1.58E-13,3.04E-18,1.78E-25,2.94E-29,1.62E-26,1.33E-19,2.69E-14,1.62E-14,1.42E-20,2.57E-24,5.38E-24,2.21E-20,3.04E-17,1.03E-17,5.35E-21,3.83E-22,1.05E-20,4.27E-17,1.64E-14,1.47E-15,3.09E-19,2.26E-21,2.20E-18,1.06E-10,0.004859186,0.995110929,2.99E-05
Head 3,215,2.43E-21,1.63E-23,1.66E-29,1.10E-34,9.33E-34,5.35E-28,5.39E-23,6.14E-22,3.07E-25,1.46E-29,4.34E-31,6.56E-29,2.37E-25,7.84E-24,3.04E-25,2.64E-27,3.17E-27,1.40E-24,7.50E-22,1.30E-21,8.49E-25,1.94E-28,1.53E-28,1.19E-23,9.85E-17,4.66E-13,1.00E-15,4.37E-23,7.83E-30,2.47E-31,2.69E-27,8.95E-22,1.75E-19,8.06E-22,3.41E-26,1.69E-28,3.42E-27,3.24E-24,6.97E-23,3.05E-25,3.76E-28,1.45E-28,4.13E-26,2.78E-22,6.78E-21,1.81E-23,1.32E-27,5.27E-29,1.24E-25,1.83E-19,2.19E-15,8.30E-17,4.43E-23,3.84E-29,6.75E-31,2.46E-27,6.66E-22,4.34E-19,9.12E-21,8.12E-25,1.69E-27,7.58E-27,3.77E-24,1.93E-22,3.75E-23,9.48E-25,1.20E-24,8.47E-22,2.51E-18,1.08E-17,1.89E-21,2.29E-27,4.55E-31,1.29E-29,2.48E-24,1.40E-19,2.00E-19,8.11E-24,2.83E-29,1.05E-30,1.44E-26,5.99E-20,1.07E-15,1.85E-16,9.49E-21,1.53E-24,6.92E-25,3.17E-22,1.62E-19,5.09E-19,4.43E-20,2.49E-23,3.73E-20,1.21E-15,3.15E-14,6.20E-18,1.86E-23,4.05E-28,2.00E-27,1.43E-21,3.70E-15,1.57E-13,3.18E-18,1.80E-25,3.25E-29,1.79E-26,1.20E-19,2.49E-14,3.88E-16,1.51E-20,2.80E-24,5.57E-24,2.37E-20,2.90E-17,1.03E-17,2.33E-20,4.47E-22,8.51E-21,3.73E-17,1.59E-14,1.47E-15,3.25E-19,2.28E-21,2.25E-18,1.12E-10,0.005051675,0.994917393,3.10E-05
Head 3,216,7.62E-21,2.07E-23,1.22E-29,1.35E-34,4.10E-33,4.19E-28,5.13E-23,6.34E-22,3.24E-25,1.52E-29,4.10E-31,7.73E-29,2.39E-25,6.50E-24,3.18E-25,2.89E-27,2.89E-27,7.89E-25,7.55E-22,1.28E-21,9.27E-25,1.99E-28,1.62E-28,1.30E-23,1.10E-16,5.46E-13,1.13E-15,4.58E-23,7.76E-30,2.46E-31,2.73E-27,8.53E-22,1.77E-19,7.29E-22,3.60E-26,1.62E-28,3.19E-27,3.43E-24,2.74E-23,2.79E-25,5.70E-28,7.17E-29,3.79E-26,3.35E-22,7.46E-21,1.61E-23,1.22E-27,4.31E-29,1.06E-25,1.52E-19,2.41E-15,7.95E-17,7.09E-23,3.78E-29,6.80E-31,2.45E-27,6.89E-22,4.45E-19,9.66E-21,8.44E-25,1.71E-27,7.79E-27,3.31E-24,1.67E-22,4.04E-23,9.86E-25,1.32E-24,8.94E-22,2.57E-18,1.07E-17,1.93E-21,2.22E-27,4.49E-31,1.12E-29,2.45E-24,1.40E-19,3.07E-19,6.25E-24,2.43E-29,1.07E-30,1.51E-26,6.27E-20,1.21E-15,2.06E-16,9.45E-21,1.48E-24,6.76E-25,3.08E-22,1.70E-19,1.66E-17,3.66E-23,1.70E-23,3.83E-20,1.18E-15,3.16E-14,1.20E-17,1.73E-23,4.51E-28,1.90E-27,1.35E-21,3.80E-15,1.63E-13,2.89E-18,1.87E-25,3.17E-29,1.68E-26,1.14E-19,1.34E-15,4.02E-16,1.59E-20,2.83E-24,5.66E-24,2.34E-20,2.89E-17,7.38E-18,2.50E-20,3.66E-22,7.71E-21,3.89E-17,1.66E-14,1.59E-15,3.20E-19,2.23E-21,2.38E-18,1.18E-10,0.005189412,0.994780183,3.04E-05
Head 3,217,8.00E-21,2.59E-23,7.31E-30,4.46E-34,2.11E-33,2.60E-28,3.93E-23,5.49E-22,2.93E-25,1.25E-29,4.04E-31,6.23E-29,1.54E-25,5.66E-24,2.64E-25,2.23E-27,1.73E-27,6.55E-25,6.36E-22,1.15E-21,7.41E-25,1.51E-28,1.18E-28,1.08E-23,9.54E-17,5.41E-13,1.09E-15,4.12E-23,6.08E-30,1.81E-31,1.79E-27,6.43E-22,1.30E-19,6.57E-22,2.74E-26,1.16E-28,2.49E-27,2.14E-24,1.78E-23,2.40E-25,1.80E-28,3.63E-29,3.24E-26,3.02E-22,5.86E-21,1.27E-23,8.68E-28,2.94E-29,7.12E-26,1.35E-19,2.30E-15,1.01E-16,5.89E-23,2.87E-29,4.79E-31,1.68E-27,4.90E-22,3.49E-19,7.71E-21,6.53E-25,1.27E-27,5.03E-27,2.15E-24,1.25E-22,3.03E-23,7.99E-25,1.07E-24,7.39E-22,2.22E-18,9.87E-18,1.72E-21,1.88E-27,3.26E-31,8.35E-30,2.10E-24,2.11E-19,2.23E-19,5.17E-24,2.04E-29,8.81E-31,1.15E-26,5.45E-20,1.16E-15,1.88E-16,9.05E-21,1.30E-24,5.83E-25,2.76E-22,4.71E-18,5.80E-21,2.12E-23,1.49E-23,3.53E-20,1.14E-15,4.23E-15,1.05E-17,1.69E-23,3.21E-28,1.37E-27,1.08E-21,3.36E-15,1.37E-13,2.72E-18,1.53E-25,2.43E-29,1.23E-26,1.98E-20,1.20E-15,3.74E-16,1.43E-20,2.45E-24,4.85E-24,1.92E-20,8.31E-18,5.96E-18,1.70E-20,2.64E-22,6.72E-21,3.55E-17,1.69E-14,1.32E-15,2.62E-19,1.86E-21,1.92E-18,1.04E-10,0.004849188,0.995118856,3.20E-05
Head 3,218,1.07E-20,2.44E-23,1.64E-29,5.22E-34,2.67E-33,4.20E-28,7.55E-23,1.05E-21,4.76E-25,2.23E-29,5.79E-31,7.39E-29,2.51E-25,8.01E-24,3.57E-25,3.26E-27,2.06E-27,8.26E-25,8.84E-22,1.51E-21,9.29E-25,1.73E-28,1.56E-28,1.38E-23,1.46E-16,7.84E-13,1.42E-15,4.12E-23,5.45E-30,1.53E-31,1.94E-27,7.41E-22,1.93E-19,7.82E-22,3.05E-26,1.43E-28,6.11E-27,2.85E-24,2.48E-23,1.46E-25,1.17E-28,4.42E-29,4.76E-26,4.31E-22,7.35E-21,1.37E-23,8.49E-28,2.59E-29,7.55E-26,1.85E-19,3.77E-15,1.19E-16,6.36E-23,3.18E-29,5.83E-31,2.36E-27,8.87E-22,6.19E-19,1.23E-20,9.03E-25,1.54E-27,6.36E-27,3.04E-24,1.83E-22,4.46E-23,1.08E-24,1.36E-24,9.45E-22,2.92E-18,1.24E-17,1.94E-21,1.80E-27,2.92E-31,9.09E-30,4.96E-24,1.92E-19,2.74E-19,5.93E-24,2.29E-29,9.48E-31,1.46E-26,8.32E-20,1.72E-15,2.84E-16,1.09E-20,1.49E-24,7.03E-25,4.98E-22,8.29E-20,4.75E-21,2.31E-23,1.65E-23,4.17E-20,1.07E-16,4.94E-15,1.51E-17,1.84E-23,3.64E-28,1.86E-27,1.71E-21,5.64E-15,2.26E-13,3.68E-18,1.66E-25,2.31E-29,5.40E-27,2.53E-20,1.54E-15,4.54E-16,1.62E-20,2.69E-24,5.32E-24,1.70E-20,1.03E-17,6.79E-18,1.83E-20,3.16E-22,8.28E-21,5.18E-17,1.79E-14,1.48E-15,2.57E-19,1.56E-21,1.74E-18,9.72E-11,0.004712944,0.995260417,2.67E-05
Head 3,219,7.28E-21,2.44E-23,1.79E-29,4.24E-34,2.12E-33,3.96E-28,7.97E-23,1.13E-21,6.23E-25,2.48E-29,5.38E-31,9.38E-29,2.92E-25,9.47E-24,5.88E-25,3.06E-27,1.92E-27,8.39E-25,9.33E-22,1.62E-21,8.76E-25,1.64E-28,1.24E-28,1.30E-23,1.48E-16,8.92E-13,1.36E-15,3.15E-23,3.42E-30,9.87E-32,1.23E-27,6.88E-22,1.72E-19,7.29E-22,3.07E-26,4.23E-28,6.57E-27,2.97E-24,1.09E-23,4.79E-26,6.54E-29,3.65E-29,4.94E-26,4.47E-22,7.59E-21,1.41E-23,6.91E-28,1.88E-29,6.41E-26,1.97E-19,3.28E-15,1.04E-16,5.52E-23,2.66E-29,4.47E-31,2.34E-27,8.69E-22,6.16E-19,1.11E-20,7.29E-25,1.19E-27,4.85E-27,2.48E-24,1.54E-22,3.48E-23,8.00E-25,1.04E-24,7.98E-22,2.68E-18,1.18E-17,1.65E-21,1.22E-27,1.93E-31,1.72E-29,2.28E-24,1.77E-19,2.88E-19,5.95E-24,1.97E-29,7.47E-31,1.25E-26,7.50E-20,1.74E-15,2.57E-16,9.63E-21,1.33E-24,3.21E-26,1.14E-21,5.96E-20,4.77E-21,2.15E-23,1.56E-23,7.93E-20,1.03E-16,6.04E-15,1.37E-17,1.40E-23,2.89E-28,1.52E-27,1.80E-21,6.93E-15,3.10E-13,3.99E-18,1.38E-25,5.02E-30,4.43E-27,2.08E-20,1.45E-15,4.74E-16,1.57E-20,2.43E-24,1.37E-23,1.62E-20,9.60E-18,5.91E-18,1.66E-20,2.92E-22,9.73E-21,4.67E-17,2.31E-14,1.63E-15,2.31E-19,1.30E-21,1.37E-18,8.45E-11,0.004959013,0.995019555,2.14E-05
Head 3,220,1.20E-20,3.15E-23,1.88E-29,3.97E-34,2.03E-33,3.62E-28,6.47E-23,1.10E-21,5.58E-25,1.90E-29,5.61E-31,9.39E-29,2.94E-25,1.28E-23,5.81E-25,2.89E-27,1.86E-27,7.99E-25,9.32E-22,1.59E-21,9.39E-25,1.63E-28,1.29E-28,1.22E-23,1.50E-16,8.74E-13,1.29E-15,3.24E-23,3.53E-30,8.35E-32,1.21E-27,5.87E-22,1.49E-19,7.68E-22,1.01E-25,6.08E-28,1.13E-26,1.57E-24,4.46E-24,2.64E-26,5.28E-29,3.40E-29,4.35E-26,4.04E-22,8.40E-21,1.60E-23,7.17E-28,1.87E-29,7.71E-26,1.67E-19,2.71E-15,9.18E-17,5.49E-23,2.40E-29,4.93E-31,2.17E-27,7.51E-22,5.05E-19,9.42E-21,6.52E-25,1.01E-27,4.62E-27,2.42E-24,1.41E-22,3.02E-23,6.96E-25,9.20E-25,6.91E-22,2.52E-18,1.16E-17,1.53E-21,1.09E-27,6.49E-31,7.30E-30,1.71E-24,1.60E-19,2.60E-19,5.81E-24,1.91E-29,7.38E-31,1.18E-26,6.64E-20,1.42E-15,2.14E-16,8.63E-21,2.18E-26,7.99E-25,6.80E-22,5.87E-20,4.53E-21,2.17E-23,6.39E-21,7.08E-20,1.13E-16,5.49E-15,1.09E-17,1.28E-23,2.36E-28,1.35E-27,1.53E-21,6.64E-15,2.72E-13,3.64E-18,2.29E-26,5.42E-30,4.23E-27,2.03E-20,1.52E-15,4.51E-16,1.50E-20,1.34E-23,1.38E-23,1.53E-20,8.88E-18,5.72E-18,1.68E-20,3.54E-22,8.42E-21,6.18E-17,2.59E-14,1.89E-15,2.72E-19,1.49E-21,1.53E-18,9.49E-11,0.005148294,0.99483192,1.98E-05
Head 3,221,1.48E-20,3.43E-23,1.62E-29,3.10E-34,1.56E-33,2.47E-28,5.56E-23,9.11E-22,4.00E-25,1.85E-29,5.24E-31,8.34E-29,2.37E-25,1.23E-23,5.04E-25,2.61E-27,1.65E-27,7.62E-25,8.87E-22,1.55E-21,8.53E-25,1.38E-28,9.29E-29,9.58E-24,1.28E-16,7.85E-13,1.40E-15,3.34E-23,2.72E-30,6.78E-32,8.70E-28,4.24E-22,1.40E-19,1.58E-21,1.38E-25,1.38E-27,5.64E-27,8.12E-25,2.39E-24,1.82E-26,3.74E-29,2.51E-29,3.43E-26,3.94E-22,9.49E-21,1.61E-23,5.69E-28,1.95E-29,6.41E-26,1.45E-19,2.58E-15,9.99E-17,5.21E-23,2.45E-29,3.97E-31,1.54E-27,5.31E-22,3.72E-19,7.60E-21,4.71E-25,8.53E-28,4.01E-27,1.97E-24,1.03E-22,2.25E-23,5.34E-25,6.90E-25,6.08E-22,2.50E-18,1.14E-17,1.36E-21,3.15E-27,2.61E-31,4.76E-30,1.60E-24,1.52E-19,2.84E-19,6.19E-24,1.87E-29,6.66E-31,9.44E-27,5.44E-20,1.25E-15,2.16E-16,6.50E-22,9.22E-26,3.89E-25,6.62E-22,5.64E-20,4.65E-21,2.84E-19,6.42E-21,8.83E-20,1.25E-16,5.25E-15,1.15E-17,1.05E-23,1.85E-28,1.02E-27,1.28E-21,5.48E-15,2.52E-13,7.52E-19,2.28E-26,4.77E-30,3.75E-27,1.96E-20,1.41E-15,4.39E-16,5.33E-20,1.31E-23,1.21E-23,1.36E-20,7.81E-18,5.10E-18,1.68E-20,2.72E-22,1.01E-20,6.21E-17,2.95E-14,2.00E-15,2.62E-19,1.36E-21,1.37E-18,8.51E-11,0.005368213,0.994609475,2.23E-05
Head 3,222,1.95E-20,3.74E-23,1.59E-29,3.42E-34,1.53E-33,2.82E-28,5.49E-23,7.55E-22,4.35E-25,1.94E-29,5.49E-31,6.14E-29,2.78E-25,1.28E-23,5.62E-25,2.77E-27,1.79E-27,7.78E-25,8.96E-22,1.60E-21,9.13E-25,1.37E-28,9.53E-29,9.82E-24,1.24E-16,8.69E-13,1.58E-15,3.24E-23,2.93E-30,6.67E-32,7.89E-28,4.52E-22,2.09E-19,2.13E-21,3.92E-25,8.79E-28,5.04E-27,7.23E-25,2.41E-24,1.70E-26,3.81E-29,2.48E-29,3.41E-26,4.35E-22,9.75E-21,1.31E-23,6.09E-28,2.06E-29,6.64E-26,1.46E-19,2.76E-15,1.04E-16,6.20E-23,2.79E-29,4.20E-31,1.71E-27,5.39E-22,4.03E-19,7.11E-21,5.23E-25,9.96E-28,4.46E-27,1.90E-24,1.03E-22,2.31E-23,5.09E-25,7.17E-25,6.43E-22,2.50E-18,1.05E-17,2.26E-21,1.94E-27,2.11E-31,5.34E-30,1.63E-24,1.61E-19,2.99E-19,6.51E-24,1.98E-29,6.61E-31,9.45E-27,5.36E-20,1.33E-15,2.58E-16,8.10E-23,4.33E-26,4.14E-25,7.13E-22,6.12E-20,1.30E-17,2.92E-19,7.77E-21,9.32E-20,1.18E-16,5.69E-15,1.10E-17,1.05E-23,2.02E-28,1.11E-27,1.26E-21,5.48E-15,1.47E-13,7.69E-19,2.42E-26,5.11E-30,3.99E-27,1.97E-20,1.39E-15,5.81E-16,5.23E-20,1.22E-23,1.21E-23,1.41E-20,8.36E-18,6.05E-18,1.70E-20,3.77E-22,1.11E-20,7.47E-17,3.10E-14,1.93E-15,2.68E-19,1.40E-21,1.31E-18,8.72E-11,0.00479213,0.995184004,2.38E-05
Head 3,223,3.85E-20,2.06E-23,6.03E-30,1.58E-34,1.25E-33,1.73E-28,1.29E-23,7.48E-23,2.82E-26,2.53E-30,2.21E-31,5.48E-29,1.50E-25,2.62E-24,5.02E-26,2.90E-28,4.09E-28,3.42E-25,3.07E-22,2.02E-22,3.96E-26,5.22E-30,8.77E-30,2.76E-24,6.39E-17,3.34E-13,3.01E-16,6.47E-24,1.34E-30,1.05E-31,3.04E-27,2.11E-21,4.44E-19,5.40E-21,4.23E-25,2.83E-27,2.88E-26,2.76E-24,2.99E-24,1.16E-26,3.44E-29,6.46E-29,2.84E-25,4.51E-21,4.17E-20,2.27E-23,8.92E-28,4.78E-29,3.25E-25,9.29E-19,1.01E-14,1.69E-16,7.19E-23,5.30E-29,2.49E-30,1.71E-26,5.02E-21,1.59E-18,1.96E-20,1.98E-24,8.37E-27,5.60E-26,1.73E-23,3.32E-22,2.63E-23,5.87E-25,1.90E-24,4.56E-21,2.48E-17,5.10E-17,4.77E-21,3.15E-27,8.97E-31,6.72E-29,4.34E-23,3.47E-18,3.01E-18,3.41E-23,1.15E-28,7.20E-30,1.58E-25,6.63E-19,2.07E-14,4.09E-18,1.11E-22,6.04E-25,2.10E-23,3.96E-20,9.68E-18,7.86E-17,1.35E-18,5.75E-20,1.76E-18,3.51E-15,6.47E-14,3.01E-17,1.19E-23,2.93E-28,4.71E-27,1.50E-20,1.35E-13,8.92E-13,2.33E-18,8.21E-26,4.15E-29,6.81E-26,2.50E-19,2.10E-15,3.90E-16,3.09E-20,1.74E-23,4.60E-23,6.01E-20,1.68E-17,4.01E-18,1.11E-20,4.77E-22,5.26E-20,5.76E-16,1.27E-13,2.71E-15,1.72E-19,9.55E-22,2.24E-18,2.63E-10,0.012023826,0.987960458,1.57E-05
Head 3,224,8.48E-21,5.97E-24,2.13E-30,6.62E-35,4.29E-34,5.13E-29,3.78E-24,2.22E-23,1.10E-26,2.29E-30,9.43E-32,2.04E-29,5.51E-26,9.08E-25,1.95E-26,1.22E-28,1.85E-28,1.42E-25,1.26E-22,7.65E-23,1.44E-26,1.85E-30,2.95E-30,9.11E-25,2.26E-17,1.25E-13,1.35E-16,3.21E-24,6.85E-31,4.95E-32,2.14E-27,9.33E-22,2.80E-19,1.73E-21,1.38E-25,1.23E-27,1.16E-26,8.84E-25,9.24E-25,3.56E-27,1.05E-29,2.09E-29,9.99E-26,1.60E-21,1.30E-20,1.01E-23,4.14E-28,2.29E-29,1.48E-25,4.09E-19,4.52E-15,7.90E-17,3.26E-23,2.58E-29,8.69E-31,5.27E-27,1.29E-21,4.47E-19,6.38E-21,7.76E-25,3.30E-27,2.19E-26,6.26E-24,1.01E-22,8.75E-24,2.06E-25,7.44E-25,1.93E-21,6.15E-18,2.11E-17,2.09E-21,1.75E-27,4.91E-31,3.49E-29,1.95E-23,1.68E-18,1.38E-18,1.78E-23,5.79E-29,3.41E-30,6.61E-26,4.38E-19,8.17E-17,6.43E-19,4.92E-23,3.09E-25,9.14E-24,4.56E-22,4.27E-18,4.06E-17,6.89E-19,3.24E-20,1.16E-18,1.97E-15,3.46E-14,1.45E-17,5.76E-24,1.18E-28,1.80E-27,1.15E-20,3.90E-14,3.31E-13,9.82E-19,4.00E-26,2.18E-29,3.17E-26,5.48E-20,8.09E-16,1.54E-16,1.40E-20,9.21E-24,2.27E-23,2.61E-20,5.91E-18,1.64E-18,4.61E-21,2.40E-22,2.53E-20,2.34E-16,5.52E-14,1.29E-15,8.15E-20,4.79E-22,1.09E-18,1.26E-10,0.006009961,0.993980408,9.62E-06
Head 3,225,5.87E-23,1.25E-24,1.73E-29,2.02E-33,3.64E-33,4.80E-29,7.57E-25,4.68E-24,1.85E-26,1.99E-30,9.44E-32,1.70E-29,5.55E-26,2.85E-24,2.66E-25,5.83E-27,1.88E-26,6.56E-23,9.25E-19,2.46E-17,9.04E-20,1.51E-23,1.36E-24,4.54E-21,3.01E-15,8.38E-12,5.93E-14,1.26E-20,2.84E-27,6.41E-30,3.55E-27,1.09E-22,4.75E-21,3.86E-23,1.85E-26,5.59E-28,1.12E-26,1.87E-24,3.65E-24,1.49E-26,1.11E-29,2.07E-30,1.03E-27,7.50E-24,3.37E-22,2.02E-24,1.74E-28,1.72E-30,4.19E-28,9.01E-23,8.10E-19,1.28E-19,9.92E-25,2.09E-30,1.70E-32,5.99E-30,1.24E-25,2.27E-23,1.02E-24,7.78E-28,1.62E-29,3.31E-28,2.21E-25,9.37E-24,1.04E-24,1.03E-26,5.08E-27,1.53E-24,6.43E-21,2.47E-19,6.25E-22,4.17E-27,6.43E-31,3.47E-30,1.89E-25,1.52E-20,2.29E-19,1.29E-22,5.31E-27,2.68E-28,2.34E-25,8.80E-19,2.45E-16,1.49E-18,3.28E-23,2.43E-26,4.17E-27,2.92E-24,4.49E-21,9.84E-21,6.23E-23,1.27E-24,2.84E-23,1.71E-19,8.12E-17,2.56E-18,1.56E-23,2.32E-28,1.08E-27,2.01E-22,2.03E-16,1.00E-14,1.09E-18,6.40E-25,3.88E-28,4.22E-25,5.89E-20,3.04E-16,1.06E-16,4.16E-20,6.48E-23,1.72E-22,1.40E-19,4.12E-17,1.58E-17,3.89E-20,7.41E-22,2.65E-20,4.06E-16,1.16E-12,9.45E-13,5.56E-16,1.69E-18,1.41E-16,3.90E-10,0.001299965,0.974250793,0.024449231
Head 3,226,1.93E-23,1.77E-25,3.25E-31,7.79E-36,2.29E-35,1.92E-30,2.41E-25,1.78E-23,1.00E-26,2.47E-31,3.38E-33,4.66E-31,3.28E-27,3.46E-25,3.21E-26,2.22E-28,1.84E-28,1.76E-25,9.92E-22,1.12E-20,2.02E-23,2.86E-27,5.11E-28,8.06E-24,3.51E-17,2.44E-13,8.35E-16,2.88E-23,7.20E-31,7.92E-33,5.52E-29,5.35E-24,8.26E-22,7.40E-24,8.38E-28,4.34E-30,3.75E-29,8.19E-27,3.99E-26,2.69E-28,2.50E-31,4.50E-32,2.75E-29,2.82E-25,1.14E-23,4.72E-26,2.92E-30,3.95E-32,4.10E-29,4.39E-23,1.05E-18,1.16E-19,1.46E-25,5.44E-32,4.02E-34,5.18E-31,8.40E-26,5.45E-23,1.74E-24,2.28E-28,6.59E-31,3.91E-30,3.25E-27,3.09E-25,8.48E-26,1.15E-27,1.40E-27,2.09E-25,6.90E-22,1.26E-20,1.18E-23,2.28E-29,1.98E-33,1.57E-32,2.37E-27,3.46E-22,2.31E-21,2.09E-25,1.36E-30,5.12E-32,2.94E-28,8.00E-22,2.31E-18,2.79E-20,3.73E-25,1.02E-28,9.13E-30,2.74E-26,3.40E-22,5.17E-21,7.40E-23,9.77E-25,1.00E-23,2.90E-20,7.92E-18,9.75E-20,2.36E-25,1.43E-30,4.37E-30,3.88E-24,1.50E-17,7.72E-16,1.38E-20,8.63E-28,1.20E-30,3.84E-28,3.86E-22,1.28E-17,9.21E-18,1.43E-21,4.67E-25,4.60E-25,6.32E-22,6.16E-19,6.27E-19,1.74E-21,1.71E-23,2.98E-22,2.44E-18,4.61E-15,1.48E-15,3.81E-19,1.23E-21,3.84E-19,3.72E-12,0.000361022,0.999422312,0.000216631
Head 3,227,2.34E-22,2.20E-25,1.15E-31,5.69E-36,3.81E-35,1.62E-30,1.67E-25,4.41E-25,1.33E-28,1.57E-32,2.40E-33,1.27E-30,3.23E-27,3.19E-26,4.36E-28,3.83E-30,1.95E-29,8.62E-26,3.29E-22,4.36E-22,1.00E-25,1.03E-29,9.29E-30,1.45E-24,1.70E-17,5.39E-14,5.37E-17,9.93E-25,1.20E-30,5.06E-31,2.91E-27,1.31E-22,3.83E-21,1.64E-23,4.39E-27,1.68E-28,4.76E-27,4.21E-25,2.13E-25,3.05E-28,4.76E-31,1.32E-30,7.76E-27,1.28E-22,1.12E-21,6.30E-25,1.67E-29,6.16E-31,2.34E-27,3.51E-21,2.43E-17,4.46E-19,3.43E-25,6.38E-31,4.48E-32,2.16E-28,1.82E-23,2.08E-21,2.25E-23,6.07E-27,9.15E-29,1.85E-27,6.09E-25,5.94E-24,2.00E-25,6.99E-27,9.47E-27,2.00E-23,1.89E-19,1.24E-18,1.93E-22,2.12E-28,7.65E-32,6.92E-30,4.68E-24,4.87E-19,7.29E-19,2.18E-23,8.94E-29,7.39E-30,3.23E-25,2.55E-19,5.57E-17,2.18E-19,3.79E-22,1.50E-26,2.80E-26,1.41E-22,3.31E-19,4.80E-19,2.46E-21,1.26E-22,1.07E-20,7.29E-17,2.76E-15,1.66E-18,1.42E-24,3.06E-29,1.07E-27,5.19E-21,1.40E-14,8.06E-14,3.24E-19,2.37E-26,5.46E-29,4.79E-26,2.10E-20,7.81E-17,8.32E-18,1.28E-21,2.49E-24,2.05E-23,3.46E-20,5.10E-18,5.05E-19,6.97E-22,3.90E-23,9.83E-21,4.59E-16,2.97E-13,6.76E-15,3.53E-19,1.63E-21,8.13E-19,8.27E-11,0.000483414,0.99951005,6.52E-06
Head 3,228,7.42E-24,6.55E-26,1.39E-31,3.95E-36,7.27E-36,6.41E-31,1.47E-25,5.05E-24,4.95E-27,1.79E-31,2.93E-33,3.89E-31,2.47E-27,2.13E-25,1.67E-26,1.17E-28,1.07E-28,1.16E-25,6.85E-22,8.06E-21,1.35E-23,1.29E-27,1.67E-28,2.51E-24,1.17E-17,1.18E-13,4.05E-17,4.48E-24,2.75E-30,1.24E-32,1.52E-29,1.19E-24,2.28E-22,2.25E-24,2.83E-28,1.89E-30,1.36E-29,2.31E-27,8.78E-27,4.36E-29,5.06E-32,1.26E-32,9.47E-30,1.20E-25,6.04E-24,2.75E-26,1.68E-30,2.01E-32,1.51E-29,1.60E-23,4.00E-19,4.47E-20,6.76E-26,3.03E-32,1.72E-34,1.47E-31,1.59E-26,9.71E-24,3.91E-25,6.04E-29,1.87E-31,1.08E-30,7.70E-28,6.67E-26,4.58E-26,5.54E-28,2.01E-28,6.12E-26,2.95E-22,6.39E-21,6.51E-24,1.12E-29,8.22E-34,5.67E-33,8.92E-28,1.64E-22,1.62E-21,1.20E-23,1.16E-31,5.17E-33,9.49E-29,2.01E-22,5.41E-19,5.10E-18,1.51E-23,9.73E-29,1.02E-29,2.25E-26,2.39E-22,3.30E-21,4.51E-23,7.43E-25,9.45E-24,2.68E-20,5.53E-18,1.26E-19,1.01E-25,7.66E-31,1.77E-30,1.50E-24,6.25E-18,3.87E-16,7.99E-21,2.02E-27,7.39E-31,1.60E-28,1.32E-22,5.49E-18,5.56E-18,1.08E-21,4.25E-25,4.57E-25,5.19E-22,3.54E-19,2.55E-19,6.35E-22,7.67E-24,2.58E-22,3.69E-18,4.81E-15,1.35E-15,3.91E-19,4.74E-22,1.50E-19,2.07E-12,0.002157637,0.997689962,0.000152431
Head 3,229,7.96E-24,6.79E-26,9.94E-32,2.16E-36,4.55E-36,4.51E-31,1.21E-25,4.36E-24,3.40E-27,1.16E-31,1.81E-33,3.19E-31,2.13E-27,2.03E-25,1.33E-26,7.86E-29,6.15E-29,6.72E-26,4.51E-22,5.65E-21,8.43E-24,8.77E-28,1.22E-28,1.93E-24,1.09E-17,3.01E-15,1.50E-17,4.46E-24,5.52E-31,3.81E-33,7.28E-30,8.39E-25,1.50E-22,1.46E-24,1.99E-28,1.07E-30,8.56E-30,1.72E-27,5.88E-27,3.79E-29,3.89E-32,9.37E-33,6.87E-30,8.49E-26,3.99E-24,1.63E-26,8.19E-31,9.30E-33,8.47E-30,8.60E-24,2.25E-19,2.54E-20,3.73E-26,1.84E-32,1.24E-34,1.34E-31,1.81E-26,1.18E-23,3.41E-25,4.02E-29,9.30E-32,5.61E-31,4.73E-28,5.31E-26,1.66E-26,2.61E-28,1.13E-28,3.47E-26,1.51E-22,3.45E-21,2.80E-24,4.35E-30,3.18E-34,2.59E-33,5.26E-28,1.17E-22,4.47E-19,2.78E-26,5.17E-32,2.60E-33,6.18E-29,1.93E-22,2.22E-17,2.79E-18,8.54E-24,3.56E-29,4.02E-30,1.17E-26,1.41E-22,1.95E-21,2.64E-23,3.74E-25,3.90E-24,1.20E-20,8.73E-18,6.88E-20,5.98E-26,4.69E-31,1.41E-30,1.44E-24,6.66E-18,1.75E-16,5.45E-21,1.03E-27,3.27E-31,7.73E-29,7.85E-23,3.68E-18,3.09E-18,5.72E-22,2.23E-25,2.65E-25,3.75E-22,2.87E-19,2.24E-19,5.61E-22,8.38E-24,2.65E-22,2.21E-18,3.02E-15,8.47E-16,9.14E-20,3.22E-22,2.36E-19,1.12E-11,0.000222511,0.999720037,5.74E-05
Head 3,230,1.64E-23,1.24E-25,2.47E-31,6.37E-36,1.50E-35,1.39E-30,3.30E-25,9.17E-24,7.09E-27,2.15E-31,3.78E-33,5.85E-31,4.42E-27,4.42E-25,3.50E-26,2.13E-28,1.59E-28,1.48E-25,8.57E-22,1.01E-20,2.08E-23,2.83E-27,4.40E-28,7.52E-24,8.65E-19,3.03E-15,3.11E-17,4.99E-24,8.27E-31,9.26E-33,2.06E-29,2.05E-24,3.33E-22,3.94E-24,4.98E-28,2.69E-30,2.23E-29,4.08E-27,1.78E-26,1.33E-28,1.43E-31,3.04E-32,1.60E-29,1.52E-25,6.72E-24,3.08E-26,2.04E-30,3.32E-32,2.27E-29,1.79E-23,4.00E-19,4.38E-20,7.98E-26,5.12E-32,4.16E-34,4.65E-31,6.03E-26,3.34E-23,9.55E-25,1.04E-28,2.56E-31,1.67E-30,9.67E-28,8.04E-26,3.84E-26,8.23E-28,3.36E-28,7.49E-26,2.83E-22,5.54E-21,5.18E-24,1.14E-29,9.90E-34,7.94E-33,1.30E-27,1.88E-19,4.25E-21,4.04E-26,9.50E-32,6.17E-33,1.73E-28,2.83E-22,3.70E-17,5.53E-18,1.38E-23,5.39E-29,6.52E-30,1.61E-26,1.87E-22,3.01E-21,4.31E-23,5.60E-25,5.40E-24,9.16E-21,9.11E-18,9.41E-20,1.07E-25,1.17E-30,3.87E-30,3.19E-24,1.09E-17,2.54E-16,9.24E-21,2.20E-27,8.35E-31,2.09E-28,2.05E-22,7.26E-18,6.16E-18,1.19E-21,4.45E-25,5.33E-25,7.10E-22,6.20E-19,6.44E-19,2.35E-21,3.50E-23,5.42E-22,3.44E-18,4.43E-15,5.08E-16,2.03E-19,3.55E-20,1.53E-18,2.35E-12,0.001619011,0.99829787,8.32E-05
Head 3,231,2.55E-23,2.24E-25,4.68E-31,1.19E-35,2.81E-35,2.61E-30,5.10E-25,1.38E-23,9.17E-27,3.22E-31,5.50E-33,9.61E-31,6.99E-27,7.63E-25,5.87E-26,3.60E-28,2.61E-28,2.21E-25,1.17E-21,1.56E-20,3.57E-23,5.56E-27,1.12E-27,8.16E-25,7.09E-19,2.76E-15,2.11E-17,3.00E-24,9.19E-31,1.38E-32,3.47E-29,3.02E-24,5.59E-22,6.13E-24,7.38E-28,4.10E-30,3.17E-29,6.52E-27,3.16E-26,2.43E-28,2.76E-31,5.31E-32,2.45E-29,2.19E-25,8.75E-24,4.25E-26,3.80E-30,4.74E-32,2.87E-29,2.40E-23,4.53E-19,5.00E-20,1.03E-25,8.35E-32,7.73E-34,9.23E-31,1.11E-25,5.83E-23,1.43E-24,1.62E-28,4.31E-31,3.01E-30,7.02E-28,9.37E-26,6.36E-26,1.40E-27,4.91E-28,1.01E-25,3.24E-22,5.78E-21,6.42E-24,1.49E-29,1.44E-33,1.23E-32,2.29E-24,3.37E-21,4.08E-21,4.44E-26,1.24E-31,1.02E-32,1.45E-29,3.82E-22,5.23E-17,6.45E-18,1.22E-23,5.86E-29,6.46E-30,1.72E-26,2.17E-22,3.45E-21,4.51E-23,5.54E-25,1.52E-25,7.91E-21,8.51E-18,9.07E-20,1.30E-25,1.80E-30,6.37E-30,1.54E-23,1.48E-17,3.42E-16,1.25E-20,3.01E-27,1.22E-30,3.35E-28,2.73E-22,9.77E-18,8.45E-18,1.50E-21,5.81E-25,6.86E-25,1.00E-21,1.04E-18,1.38E-18,5.18E-21,4.81E-23,6.74E-22,4.68E-18,2.19E-15,6.60E-16,7.44E-17,2.48E-20,2.98E-19,3.29E-11,0.001493932,0.99844116,6.50E-05
Head 3,232,5.10E-23,4.49E-25,8.08E-31,1.86E-35,4.78E-35,4.20E-30,8.66E-25,1.97E-23,1.37E-26,4.59E-31,8.11E-33,1.41E-30,1.16E-26,1.28E-24,9.69E-26,5.97E-28,3.93E-28,3.23E-25,1.81E-21,2.60E-20,6.32E-23,1.29E-26,3.15E-28,9.68E-25,8.70E-19,2.54E-15,1.69E-17,3.73E-24,1.24E-30,2.17E-32,5.14E-29,5.66E-24,9.81E-22,9.98E-24,1.14E-27,5.46E-30,4.94E-29,1.14E-26,5.56E-26,4.50E-28,4.90E-31,8.61E-32,4.18E-29,3.36E-25,1.34E-23,7.93E-26,5.09E-30,5.38E-32,4.56E-29,3.27E-23,6.09E-19,6.52E-20,1.48E-25,1.23E-31,1.24E-33,1.54E-30,2.03E-25,9.77E-23,2.43E-24,2.62E-28,2.79E-30,1.93E-30,7.77E-28,1.60E-25,1.11E-25,2.21E-27,7.54E-28,1.45E-25,4.19E-22,8.27E-21,8.49E-24,1.96E-29,2.06E-33,6.99E-29,2.29E-26,3.68E-21,5.40E-21,5.45E-26,1.81E-31,1.94E-33,2.26E-29,6.67E-22,9.02E-17,7.13E-18,1.55E-23,5.99E-29,7.38E-30,2.22E-26,3.01E-22,4.46E-21,5.22E-23,1.08E-27,1.63E-25,9.36E-21,9.83E-18,1.17E-19,1.77E-25,2.66E-30,4.82E-29,2.59E-23,2.64E-17,6.04E-16,1.88E-20,4.18E-27,1.79E-30,4.72E-28,4.26E-22,1.65E-17,1.27E-17,2.07E-21,7.49E-25,9.53E-25,1.59E-21,2.21E-18,2.88E-18,7.12E-21,6.42E-23,1.09E-21,4.35E-18,2.89E-15,8.53E-14,2.40E-17,7.38E-21,4.19E-18,4.58E-11,0.002372668,0.997534156,9.31E-05
Head 3,233,1.05E-20,9.67E-24,5.42E-30,2.54E-34,1.55E-33,8.54E-29,1.69E-24,3.50E-24,1.17E-27,1.84E-31,4.00E-32,2.70E-29,7.92E-26,6.99E-25,8.85E-27,6.59E-29,2.73E-28,9.19E-25,3.14E-21,4.73E-21,1.79E-24,3.79E-28,1.80E-28,6.24E-24,4.71E-18,5.57E-15,1.27E-17,3.16E-24,1.03E-29,2.71E-30,3.14E-26,1.27E-21,3.66E-20,1.52E-22,4.32E-26,2.10E-27,6.16E-26,5.70E-24,3.33E-24,6.58E-27,1.38E-29,3.07E-29,1.29E-25,1.39E-21,1.10E-20,6.35E-24,1.84E-28,8.07E-30,2.32E-26,1.95E-20,7.79E-17,1.44E-18,2.27E-24,1.06E-29,1.26E-30,6.84E-27,4.28E-22,3.37E-20,2.62E-22,4.27E-25,6.78E-28,2.89E-27,9.56E-25,1.90E-23,1.68E-24,3.04E-26,7.29E-26,1.25E-22,7.50E-19,3.99E-18,6.62E-22,1.03E-27,4.48E-27,2.01E-28,5.42E-22,4.61E-17,7.28E-18,2.95E-23,1.76E-28,7.07E-30,3.16E-25,4.03E-18,2.87E-14,3.35E-16,8.34E-22,5.41E-26,1.14E-25,7.80E-22,1.67E-18,1.99E-18,7.18E-23,6.52E-24,6.82E-21,4.10E-16,4.65E-14,2.20E-17,7.72E-24,2.18E-28,2.02E-26,4.49E-20,2.49E-14,6.85E-14,5.30E-19,2.17E-25,5.70E-28,5.10E-25,1.83E-19,5.12E-16,4.20E-17,6.52E-21,1.83E-23,1.96E-22,5.15E-19,1.00E-16,1.07E-17,1.82E-20,1.20E-21,2.50E-19,1.82E-15,8.53E-13,4.50E-13,3.99E-18,7.43E-20,4.99E-17,1.59E-09,0.018774835,0.981220484,4.66E-06
Head 3,234,8.33E-21,7.67E-24,4.94E-30,2.08E-34,1.15E-33,5.67E-29,1.32E-24,3.25E-24,1.15E-27,1.79E-31,3.59E-32,2.33E-29,6.45E-26,6.10E-25,7.99E-27,6.76E-29,2.97E-28,1.22E-24,4.13E-21,6.39E-21,4.22E-24,4.22E-28,2.69E-28,1.80E-24,3.45E-18,8.79E-15,2.15E-17,5.37E-24,1.54E-29,4.36E-30,2.96E-26,1.24E-21,3.91E-20,1.45E-22,5.06E-26,2.32E-27,5.95E-26,4.69E-24,2.48E-24,4.21E-27,9.28E-30,2.14E-29,1.07E-25,1.55E-21,1.35E-20,7.08E-24,2.79E-28,9.77E-30,2.93E-26,2.64E-20,1.23E-16,2.45E-18,3.58E-24,1.11E-29,9.89E-31,4.07E-27,2.56E-22,2.34E-20,3.77E-21,2.41E-25,6.25E-28,3.78E-27,1.00E-24,1.83E-23,1.48E-24,3.05E-26,7.40E-26,1.55E-22,1.26E-18,7.72E-18,1.30E-21,4.11E-23,3.16E-31,1.40E-28,7.88E-22,6.90E-17,1.32E-17,2.62E-22,2.38E-28,7.32E-30,3.00E-25,3.55E-18,3.71E-14,5.05E-16,1.71E-21,1.04E-25,2.41E-25,1.30E-21,2.72E-18,1.76E-19,1.35E-22,1.53E-23,1.78E-20,1.33E-15,1.25E-13,4.84E-17,1.66E-24,2.18E-28,1.54E-26,3.82E-20,2.38E-14,8.29E-14,7.81E-19,3.41E-25,8.62E-28,7.22E-25,2.80E-19,8.37E-16,7.50E-17,1.27E-20,3.30E-23,4.04E-22,8.01E-19,1.03E-16,1.12E-17,2.09E-20,3.96E-21,2.85E-19,2.05E-16,9.96E-12,8.88E-14,4.90E-17,1.31E-19,8.75E-17,2.58E-09,0.045941066,0.954034507,2.44E-05
Head 3,235,1.61E-21,2.11E-24,1.78E-30,8.79E-35,4.20E-34,1.83E-29,3.54E-25,8.99E-25,3.79E-28,6.23E-32,1.27E-32,7.23E-30,1.81E-26,1.72E-25,2.65E-27,2.53E-29,1.38E-28,5.17E-25,1.69E-21,5.21E-21,2.12E-24,4.29E-28,2.70E-29,4.18E-25,1.40E-18,2.99E-15,8.52E-18,3.13E-24,1.30E-29,2.14E-30,1.19E-26,4.23E-22,1.03E-20,4.97E-23,2.09E-26,9.76E-28,2.21E-26,1.54E-24,7.05E-25,1.23E-27,2.79E-30,6.49E-30,3.38E-26,4.88E-22,4.29E-21,3.84E-24,1.47E-28,5.69E-30,1.48E-26,1.12E-20,5.16E-17,1.21E-18,1.73E-24,5.40E-30,3.79E-31,1.14E-27,6.07E-23,5.22E-20,7.27E-22,8.46E-26,3.58E-28,1.89E-27,4.39E-25,6.64E-24,5.83E-25,1.06E-26,2.65E-26,6.54E-23,5.63E-19,4.07E-18,7.56E-18,3.72E-28,1.13E-31,8.36E-29,3.46E-22,2.88E-17,1.74E-17,1.32E-22,1.27E-28,3.42E-30,1.09E-25,1.10E-18,1.11E-14,2.08E-16,8.87E-22,8.26E-26,1.49E-25,7.08E-22,1.72E-18,8.51E-20,8.40E-23,1.04E-23,1.39E-20,8.41E-16,7.16E-14,1.54E-18,8.39E-25,9.02E-29,5.25E-27,9.47E-21,5.31E-15,2.27E-14,3.28E-19,1.92E-25,5.45E-28,4.28E-25,1.37E-19,3.57E-16,3.66E-17,7.18E-21,2.77E-23,2.43E-22,2.94E-19,3.54E-17,3.81E-18,3.30E-20,1.30E-21,2.69E-21,1.92E-15,5.11E-13,3.43E-13,3.12E-17,8.40E-20,4.58E-17,1.12E-09,0.002911285,0.997070909,1.77E-05
Head 3,236,8.51E-22,1.30E-24,1.39E-30,7.32E-35,3.67E-34,1.26E-29,2.37E-25,6.32E-25,2.60E-28,4.46E-32,9.02E-33,4.52E-30,1.08E-26,1.03E-25,1.75E-27,2.09E-29,1.15E-28,4.25E-25,1.92E-21,5.31E-21,4.32E-24,1.02E-28,1.33E-29,4.40E-25,1.09E-18,2.20E-15,7.94E-18,3.87E-24,1.38E-29,2.09E-30,1.06E-26,2.86E-22,7.30E-21,3.85E-23,1.72E-26,8.34E-28,1.85E-26,1.15E-24,5.02E-25,8.74E-28,1.99E-30,4.74E-30,2.36E-26,3.19E-22,3.84E-21,3.20E-24,1.47E-28,5.84E-30,1.40E-26,1.00E-20,4.83E-17,1.05E-18,1.60E-24,4.82E-30,2.94E-31,7.96E-28,7.66E-23,2.35E-20,4.73E-22,8.13E-26,3.60E-28,1.96E-27,3.88E-25,6.38E-24,4.42E-25,7.85E-27,2.29E-26,5.69E-23,5.27E-19,2.04E-15,1.69E-21,2.42E-28,1.24E-31,7.88E-29,2.72E-22,6.97E-18,1.33E-17,1.13E-22,1.04E-28,2.90E-30,8.14E-26,7.45E-19,7.85E-15,1.52E-16,1.07E-21,8.24E-26,1.65E-25,7.62E-21,1.39E-18,7.46E-20,7.83E-23,1.18E-23,1.52E-20,8.52E-16,6.62E-15,1.44E-18,7.58E-25,7.62E-29,3.71E-27,5.49E-21,2.96E-15,1.45E-14,2.54E-19,1.85E-25,5.82E-28,4.49E-25,1.20E-19,3.14E-16,3.45E-17,1.05E-20,3.15E-23,1.94E-22,2.26E-19,2.44E-17,6.86E-18,2.00E-20,1.16E-22,2.37E-20,5.15E-16,2.77E-12,3.68E-13,3.04E-17,8.32E-20,4.00E-17,6.61E-11,0.004861289,0.995116353,2.24E-05
Head 3,237,5.54E-22,9.99E-25,1.25E-30,7.65E-35,3.19E-34,1.08E-29,1.95E-25,4.85E-25,2.07E-28,3.96E-32,7.48E-33,3.59E-30,7.68E-27,7.84E-26,1.54E-27,1.98E-29,1.09E-28,3.59E-25,2.24E-21,9.59E-21,1.51E-24,4.57E-29,1.46E-29,4.08E-25,9.00E-19,1.82E-15,6.78E-18,4.36E-24,1.57E-29,2.47E-30,1.05E-26,2.75E-22,6.21E-21,3.30E-23,1.65E-26,8.53E-28,1.75E-26,1.03E-24,4.33E-25,7.67E-28,1.84E-30,4.19E-30,1.93E-26,2.96E-22,3.14E-21,3.04E-24,1.61E-28,6.89E-30,1.57E-26,1.06E-20,4.48E-17,1.00E-18,1.59E-24,5.13E-30,3.07E-31,3.77E-28,4.56E-23,1.71E-20,4.23E-22,8.02E-26,4.13E-28,1.98E-27,4.44E-25,5.56E-24,3.62E-25,7.56E-27,2.19E-26,5.60E-23,1.30E-17,8.30E-17,1.26E-21,2.81E-28,1.48E-31,8.03E-29,2.38E-23,5.58E-18,1.19E-17,9.54E-23,1.02E-28,2.90E-30,7.42E-26,6.19E-19,5.47E-15,1.66E-16,9.46E-22,9.89E-26,1.19E-24,6.96E-21,1.23E-18,6.56E-20,8.27E-23,1.35E-23,1.66E-20,4.07E-16,6.29E-15,1.39E-18,7.52E-25,7.57E-29,3.20E-27,4.11E-21,1.93E-15,1.02E-14,2.10E-19,1.82E-25,6.63E-28,4.65E-25,1.16E-19,2.96E-16,4.63E-17,1.17E-20,2.73E-23,1.73E-22,1.89E-19,1.67E-17,5.00E-18,4.52E-20,1.37E-22,5.81E-20,1.03E-15,3.46E-12,3.17E-13,2.86E-17,8.30E-20,2.39E-18,9.00E-11,0.004416216,0.995559812,2.40E-05
Head 3,238,7.51E-24,1.60E-25,7.06E-31,2.29E-35,3.73E-35,1.72E-30,2.35E-25,6.81E-24,8.07E-27,3.83E-31,5.92E-33,6.31E-31,3.78E-27,4.89E-25,6.43E-26,6.73E-28,1.09E-28,1.10E-25,1.02E-21,9.68E-21,1.42E-23,1.77E-27,1.13E-28,3.29E-25,2.69E-19,9.18E-16,2.04E-17,1.16E-23,5.65E-30,5.05E-32,5.89E-29,2.31E-24,2.71E-22,3.57E-24,7.06E-28,4.58E-30,3.16E-29,4.19E-27,1.62E-26,1.54E-28,1.93E-31,3.37E-32,1.74E-29,1.55E-25,9.15E-24,8.27E-26,1.11E-29,1.69E-31,7.47E-29,3.25E-23,5.29E-19,7.89E-20,2.66E-25,1.90E-31,7.06E-34,3.25E-31,7.05E-26,1.69E-22,1.64E-23,2.24E-27,1.78E-30,2.65E-30,8.68E-28,9.30E-26,5.74E-26,1.30E-27,5.83E-28,6.27E-23,1.60E-19,2.16E-18,1.96E-22,3.03E-29,1.14E-33,2.35E-32,1.96E-27,7.38E-22,1.25E-20,6.09E-25,5.84E-31,2.57E-33,1.38E-29,1.92E-22,2.56E-17,4.80E-18,2.86E-23,1.10E-29,1.62E-29,5.14E-26,5.86E-23,3.95E-23,1.14E-25,4.33E-27,2.96E-24,3.22E-20,5.02E-18,2.85E-20,1.02E-25,5.12E-30,2.24E-29,5.68E-24,4.29E-18,1.65E-16,1.56E-20,1.03E-26,6.68E-30,1.31E-27,6.67E-22,2.57E-17,3.02E-17,6.01E-21,2.08E-24,1.90E-24,6.93E-22,1.03E-18,8.76E-17,9.85E-21,1.88E-21,1.81E-22,5.79E-18,4.40E-14,7.74E-14,6.64E-17,1.92E-20,8.65E-19,5.24E-12,0.000414819,0.999202311,0.000382856
Head 3,239,8.43E-24,1.41E-25,4.86E-31,1.54E-35,2.76E-35,1.41E-30,1.95E-25,5.48E-24,5.31E-27,2.02E-31,2.69E-33,3.67E-31,2.66E-27,3.69E-25,5.14E-26,9.43E-29,7.92E-29,1.20E-25,3.46E-22,4.16E-21,1.28E-23,1.73E-27,1.11E-28,3.19E-25,1.70E-19,9.03E-16,1.40E-17,5.96E-24,2.26E-30,3.65E-32,4.22E-29,1.83E-24,2.13E-22,2.58E-24,4.34E-28,3.21E-30,2.35E-29,3.89E-27,2.01E-26,1.71E-28,1.73E-31,3.46E-32,1.34E-29,1.05E-25,5.40E-24,4.91E-26,6.08E-30,9.05E-32,4.59E-29,2.10E-23,3.18E-19,4.80E-20,1.33E-25,1.27E-31,3.49E-34,3.02E-31,9.62E-26,2.26E-22,1.77E-23,1.75E-27,1.32E-30,1.78E-30,5.76E-28,8.50E-26,5.05E-26,1.20E-27,5.95E-24,5.36E-24,9.24E-20,1.15E-18,8.60E-23,1.45E-29,8.60E-33,1.09E-32,1.12E-27,4.01E-22,5.45E-21,2.86E-25,2.83E-31,1.42E-33,1.08E-29,1.91E-22,1.80E-17,2.65E-18,6.21E-26,4.34E-30,6.15E-30,2.00E-26,2.42E-23,1.70E-23,4.64E-26,6.46E-27,1.05E-24,1.15E-20,1.94E-18,1.33E-20,6.15E-26,3.84E-30,2.20E-29,5.78E-24,4.35E-18,1.24E-16,8.92E-21,5.33E-27,3.34E-30,7.26E-28,5.12E-22,1.77E-17,1.20E-17,2.03E-21,8.74E-25,3.70E-25,3.68E-22,9.34E-18,5.75E-18,7.89E-19,1.13E-23,2.45E-22,3.68E-18,2.50E-14,4.80E-14,6.68E-18,1.13E-20,5.98E-19,3.86E-12,0.000278232,0.999568641,0.000153116
Head 3,240,7.13E-24,1.37E-25,6.34E-31,2.44E-35,4.45E-35,1.97E-30,2.49E-25,6.59E-24,6.21E-27,2.11E-31,3.01E-33,3.54E-31,2.30E-27,4.03E-25,2.01E-26,1.69E-28,2.52E-28,5.75E-26,2.34E-22,4.98E-21,1.74E-23,2.36E-27,1.65E-28,3.27E-25,2.39E-19,1.20E-15,1.91E-17,7.54E-24,5.24E-30,6.94E-32,6.40E-29,2.16E-24,2.29E-22,2.86E-24,6.06E-28,4.31E-30,3.04E-29,5.80E-27,2.60E-26,2.13E-28,3.04E-31,4.96E-32,1.64E-29,1.04E-25,5.60E-24,5.77E-26,8.48E-30,1.58E-31,7.53E-29,2.79E-23,3.70E-19,4.64E-20,3.33E-25,1.16E-31,3.99E-34,3.90E-31,1.09E-25,2.41E-22,2.17E-23,2.71E-27,2.14E-30,2.43E-30,8.94E-28,1.19E-25,8.33E-26,2.39E-21,3.62E-27,5.23E-24,1.02E-19,1.17E-18,1.21E-22,7.13E-28,1.49E-32,1.92E-32,1.43E-27,3.27E-22,4.55E-21,2.71E-25,3.12E-31,2.15E-33,1.46E-29,1.99E-22,1.68E-17,1.22E-20,8.21E-26,5.88E-30,6.76E-30,1.71E-26,2.01E-23,1.54E-23,5.02E-26,6.37E-27,9.58E-25,9.54E-21,1.64E-18,1.38E-20,7.53E-26,5.82E-30,2.57E-29,5.70E-24,3.20E-18,8.90E-17,8.96E-21,6.97E-27,5.24E-30,1.17E-27,7.40E-22,1.66E-17,1.06E-17,2.50E-21,1.02E-24,3.38E-25,5.51E-22,3.50E-18,1.24E-16,4.33E-21,3.67E-23,3.80E-22,4.75E-18,2.95E-14,8.34E-15,6.80E-18,1.41E-20,8.44E-19,5.15E-12,0.001488524,0.998312712,0.000198779
Head 3,241,8.71E-24,1.77E-25,8.88E-31,3.86E-35,7.10E-35,3.11E-30,3.46E-25,8.22E-24,6.75E-27,2.62E-31,3.42E-33,3.75E-31,3.00E-27,3.43E-25,3.51E-26,5.98E-28,8.90E-29,3.96E-26,3.16E-22,6.49E-21,2.06E-23,3.52E-27,2.35E-28,5.54E-25,3.68E-19,1.49E-15,1.77E-17,9.89E-24,8.04E-30,1.11E-31,9.41E-29,2.79E-24,2.83E-22,4.04E-24,8.29E-28,5.92E-30,5.31E-29,8.29E-27,3.47E-26,4.18E-28,5.30E-31,8.49E-32,2.27E-29,1.27E-25,6.38E-24,6.83E-26,1.34E-29,2.76E-31,1.32E-28,3.77E-23,3.78E-19,1.43E-19,3.04E-25,1.38E-31,6.82E-34,7.10E-31,1.68E-25,3.67E-22,3.32E-23,4.02E-27,2.85E-30,3.75E-30,1.29E-27,1.99E-25,2.04E-18,5.49E-27,3.01E-27,6.56E-24,1.10E-19,1.39E-18,2.36E-22,1.03E-27,2.57E-32,3.18E-32,1.73E-27,3.37E-22,4.35E-21,2.63E-25,4.69E-31,3.25E-33,2.27E-29,2.48E-22,5.29E-19,1.45E-20,1.01E-25,6.53E-30,6.58E-30,1.72E-26,1.95E-23,4.74E-24,5.02E-26,6.63E-27,9.27E-25,8.82E-21,1.60E-18,1.48E-20,1.15E-25,8.39E-30,4.27E-29,7.38E-24,3.37E-18,9.35E-17,9.77E-21,9.48E-27,7.08E-30,1.80E-27,8.85E-22,1.56E-17,1.21E-17,7.46E-21,8.47E-25,1.65E-25,1.52E-21,5.87E-18,3.22E-18,1.31E-20,6.55E-23,6.67E-22,6.91E-18,7.65E-15,7.12E-15,6.71E-18,2.01E-20,1.39E-18,6.76E-11,0.001416853,0.998393238,0.000189849
Head 3,242,2.51E-23,4.27E-25,1.91E-30,7.55E-35,1.57E-34,7.48E-30,9.02E-25,1.87E-23,1.51E-26,4.46E-31,5.28E-33,7.30E-31,9.26E-27,9.52E-25,1.67E-25,1.98E-28,5.72E-29,7.68E-26,6.22E-22,1.09E-20,3.67E-23,6.57E-27,5.00E-28,1.33E-24,8.42E-19,2.56E-15,2.42E-17,1.47E-23,1.10E-29,1.63E-31,1.51E-28,5.19E-24,6.29E-22,7.71E-24,1.38E-27,1.27E-29,9.36E-29,1.49E-26,9.98E-26,1.03E-27,1.35E-30,1.91E-31,4.78E-29,2.43E-25,1.05E-23,1.21E-25,2.28E-29,5.35E-31,2.12E-28,5.95E-23,1.78E-18,2.00E-19,4.01E-25,2.22E-31,1.43E-33,1.61E-30,4.76E-25,1.09E-21,8.24E-23,8.00E-27,5.41E-30,6.90E-30,2.91E-27,1.20E-18,1.14E-24,5.24E-27,6.06E-27,1.32E-23,2.19E-19,3.07E-20,3.62E-22,1.54E-27,4.01E-32,4.71E-32,2.66E-27,5.36E-22,6.12E-21,4.26E-25,6.60E-31,5.62E-33,4.08E-29,1.69E-22,1.29E-18,3.19E-20,1.68E-25,9.18E-30,1.03E-29,2.67E-26,1.03E-23,7.00E-24,7.74E-26,9.34E-27,1.35E-24,1.35E-20,2.48E-18,2.68E-20,1.82E-25,1.82E-29,9.37E-29,1.81E-23,8.45E-18,1.99E-16,1.94E-20,1.24E-26,1.03E-29,2.92E-27,1.31E-21,2.92E-17,8.65E-17,7.28E-21,1.10E-24,8.89E-25,4.24E-22,3.45E-18,1.18E-17,3.10E-20,1.55E-22,1.43E-21,1.02E-17,6.15E-15,5.75E-15,7.71E-18,2.79E-20,1.68E-17,8.58E-11,0.001914138,0.997915328,0.000170511
Head 3,243,1.22E-22,1.85E-24,7.51E-30,3.30E-34,7.26E-34,3.59E-29,3.69E-24,7.68E-23,4.91E-26,1.41E-30,2.07E-32,8.47E-30,5.80E-26,9.65E-24,1.05E-25,1.67E-28,1.83E-28,2.53E-25,1.81E-21,3.21E-20,1.37E-22,3.12E-26,2.76E-27,6.78E-24,3.01E-18,5.12E-15,5.48E-17,3.00E-23,2.68E-29,4.56E-31,4.82E-28,2.08E-23,2.15E-21,2.33E-23,5.40E-27,3.79E-29,2.73E-28,7.71E-26,4.64E-25,5.68E-27,7.30E-30,9.85E-31,2.01E-28,7.65E-25,3.30E-23,3.76E-25,9.20E-29,1.67E-30,6.14E-28,4.37E-22,3.85E-18,3.82E-19,9.15E-25,7.89E-31,6.27E-33,9.16E-30,2.92E-24,5.51E-21,3.43E-22,2.76E-26,1.69E-29,2.40E-29,1.45E-22,2.03E-23,1.85E-24,2.28E-26,2.55E-26,4.51E-23,3.55E-22,6.73E-20,7.97E-22,4.11E-27,1.09E-31,1.30E-31,7.01E-27,1.17E-21,1.37E-20,9.58E-25,2.01E-30,1.89E-32,2.09E-28,6.75E-22,4.31E-18,8.05E-20,3.75E-25,2.14E-29,2.18E-29,9.06E-26,2.11E-23,1.62E-23,1.63E-25,1.94E-26,2.52E-24,2.19E-20,4.21E-18,4.65E-20,5.40E-25,6.62E-29,4.43E-28,8.46E-23,3.12E-17,6.65E-16,4.00E-20,2.76E-26,2.90E-29,7.24E-27,3.82E-21,2.27E-16,1.26E-16,1.47E-19,2.58E-24,3.19E-25,3.17E-21,1.74E-17,5.03E-17,1.37E-19,7.11E-22,3.78E-20,9.32E-18,5.76E-15,9.14E-15,1.83E-17,3.71E-19,4.82E-17,2.00E-10,0.002764596,0.997075438,0.000160024
Head 3,244,6.09E-22,8.47E-24,4.45E-29,2.72E-33,6.80E-33,2.60E-28,2.30E-23,3.43E-22,2.14E-25,7.88E-30,4.14E-31,9.13E-29,1.05E-24,9.31E-24,1.05E-25,7.89E-28,1.05E-27,1.22E-24,6.68E-21,1.32E-19,8.41E-22,2.81E-25,2.98E-26,5.32E-23,1.16E-17,1.80E-14,1.56E-16,1.14E-22,1.42E-28,2.81E-30,3.61E-27,1.11E-22,9.24E-21,1.29E-22,2.39E-26,1.62E-28,2.15E-27,4.91E-25,3.57E-24,4.93E-26,7.43E-29,8.64E-30,1.17E-27,3.50E-24,1.33E-22,2.17E-24,5.00E-28,9.87E-30,1.16E-26,1.66E-21,9.70E-18,9.01E-19,3.45E-24,4.42E-30,5.16E-32,8.44E-29,2.12E-23,3.16E-20,1.68E-21,1.36E-25,9.94E-29,4.37E-27,3.68E-25,4.38E-23,1.38E-23,1.91E-25,1.87E-25,4.27E-25,1.13E-21,1.89E-19,2.88E-21,1.79E-26,6.27E-31,7.59E-31,2.85E-26,3.27E-21,3.31E-20,3.02E-24,8.92E-30,1.65E-31,1.53E-27,3.54E-21,1.53E-17,2.61E-19,1.28E-24,6.97E-29,8.24E-28,2.31E-25,5.35E-23,3.91E-23,4.51E-25,5.22E-26,5.22E-24,3.60E-20,6.00E-18,1.09E-19,1.91E-24,4.05E-28,3.11E-27,4.32E-22,1.15E-16,1.41E-15,9.21E-20,1.05E-25,1.33E-28,4.01E-26,2.49E-20,5.15E-16,2.10E-14,6.68E-20,6.56E-24,3.05E-24,1.74E-20,8.51E-17,2.44E-16,9.28E-19,2.35E-19,4.63E-20,1.03E-17,9.07E-15,2.23E-14,2.29E-16,2.39E-18,2.45E-16,6.37E-10,0.004068055,0.995693564,0.000238315
Head 3,245,8.96E-20,1.21E-22,2.80E-28,3.76E-32,2.33E-31,5.96E-27,4.44E-23,4.66E-23,1.38E-26,2.23E-29,1.77E-29,3.77E-26,7.67E-24,5.31E-24,3.73E-26,5.75E-28,4.93E-27,1.93E-23,6.26E-20,1.35E-19,1.04E-22,3.08E-26,1.64E-26,2.36E-22,1.17E-16,6.18E-14,1.90E-16,2.40E-22,2.85E-27,1.08E-27,3.98E-24,4.58E-20,6.92E-19,3.20E-21,1.75E-24,1.63E-25,4.98E-24,4.53E-22,3.27E-22,1.06E-24,3.01E-27,3.72E-27,4.79E-24,1.91E-20,1.57E-19,2.55E-22,3.07E-26,3.94E-27,4.68E-24,8.51E-19,1.23E-15,1.89E-17,4.17E-23,2.61E-28,3.88E-29,2.61E-25,3.22E-20,6.85E-18,1.03E-19,1.77E-23,4.40E-26,6.92E-25,4.41E-22,5.32E-21,1.04E-22,1.06E-24,1.95E-24,5.04E-22,5.16E-18,2.52E-16,3.48E-19,1.04E-24,2.10E-28,5.28E-27,1.17E-21,7.39E-17,7.33E-17,1.34E-21,1.96E-26,4.38E-27,1.05E-22,6.42E-17,2.10E-14,6.32E-17,8.26E-22,1.15E-23,4.63E-23,2.00E-20,7.87E-19,8.22E-20,6.73E-22,3.43E-22,1.85E-19,1.13E-15,1.81E-14,1.29E-17,4.74E-23,2.34E-26,1.41E-24,7.05E-19,7.26E-14,1.22E-13,2.91E-18,8.15E-24,8.41E-26,3.56E-23,7.48E-18,2.22E-12,5.16E-15,3.81E-19,1.07E-22,1.57E-21,8.40E-18,4.09E-15,1.26E-15,9.28E-17,4.37E-19,1.69E-18,2.71E-15,1.08E-12,1.12E-12,6.70E-16,6.41E-18,3.77E-15,1.89E-08,0.039545085,0.960417032,3.78E-05
Head 3,246,5.26E-20,9.45E-23,2.31E-28,2.65E-32,1.65E-31,3.85E-27,2.88E-23,3.69E-23,5.16E-26,5.44E-29,1.41E-28,1.10E-26,1.61E-24,2.56E-24,2.73E-26,4.15E-28,3.75E-27,1.79E-23,5.68E-20,1.20E-19,8.98E-23,1.69E-26,9.34E-27,1.39E-22,7.59E-17,5.38E-14,2.37E-16,3.00E-22,3.84E-27,1.10E-27,3.40E-24,4.12E-20,5.08E-19,2.22E-21,1.85E-24,1.41E-25,4.20E-24,3.27E-22,2.18E-22,6.22E-25,1.65E-27,2.11E-27,3.27E-24,1.82E-20,1.49E-19,2.34E-22,4.75E-26,3.40E-27,3.87E-24,8.32E-19,1.46E-15,2.42E-17,5.08E-23,2.56E-28,2.74E-29,1.38E-25,1.72E-20,4.07E-18,7.94E-20,2.70E-24,2.14E-27,1.86E-25,3.73E-22,4.29E-21,7.32E-23,1.09E-23,1.42E-24,5.48E-22,6.60E-18,3.38E-16,4.97E-19,1.42E-24,2.62E-28,5.51E-27,1.35E-21,7.91E-17,8.91E-17,2.66E-21,2.56E-26,4.60E-27,9.56E-23,6.34E-17,2.11E-14,7.28E-17,1.20E-20,1.58E-23,5.56E-23,2.32E-20,9.62E-19,1.05E-19,8.55E-22,4.80E-22,3.06E-19,2.01E-15,3.33E-14,2.09E-17,5.95E-23,2.09E-26,9.87E-25,4.53E-19,5.00E-14,1.09E-13,3.79E-18,1.09E-23,4.47E-26,3.81E-23,4.92E-16,2.42E-13,4.67E-14,1.31E-19,2.34E-22,2.65E-21,1.02E-17,4.82E-15,1.44E-14,4.21E-17,1.99E-19,1.18E-18,3.02E-15,9.36E-12,2.97E-12,9.90E-16,9.91E-18,4.11E-15,2.24E-08,0.044564039,0.955350637,8.53E-05
Head 3,247,2.21E-20,4.70E-23,1.28E-28,1.73E-32,9.96E-32,1.90E-27,1.43E-23,3.62E-23,6.73E-26,3.33E-28,3.64E-29,2.36E-27,6.31E-25,1.36E-24,1.28E-26,2.29E-28,2.41E-27,9.97E-24,2.99E-20,6.90E-20,3.62E-23,8.64E-27,4.64E-27,6.12E-23,3.37E-17,3.06E-14,1.58E-16,2.60E-22,3.46E-27,8.92E-28,2.50E-24,2.01E-20,2.15E-19,1.45E-21,1.15E-24,9.58E-26,2.56E-24,1.75E-22,1.00E-22,2.76E-25,7.45E-28,1.05E-27,1.88E-24,9.82E-21,8.11E-20,1.42E-22,3.86E-26,2.24E-27,2.64E-24,5.86E-19,9.93E-16,1.87E-17,3.99E-23,1.81E-28,1.51E-29,6.46E-26,6.79E-21,1.76E-18,3.48E-20,1.15E-26,4.89E-28,1.26E-25,2.33E-22,2.18E-21,1.59E-21,5.01E-24,1.01E-24,3.91E-22,4.84E-18,2.63E-16,4.38E-19,1.27E-24,2.35E-28,4.66E-27,8.67E-22,5.00E-17,9.11E-17,2.06E-21,2.10E-26,3.42E-27,6.25E-23,3.41E-17,1.13E-14,1.80E-16,9.13E-21,1.18E-23,4.32E-23,1.83E-20,7.15E-19,7.28E-20,6.84E-22,4.15E-22,2.74E-19,1.86E-15,2.87E-14,1.70E-17,4.39E-23,1.30E-26,5.36E-25,1.93E-19,2.00E-14,6.39E-14,2.53E-18,5.50E-24,4.02E-26,2.40E-22,8.49E-17,6.03E-13,2.10E-15,1.88E-19,2.92E-22,2.55E-21,7.69E-18,2.66E-15,4.91E-15,1.21E-17,7.90E-20,7.03E-19,5.55E-15,1.34E-11,2.18E-12,9.54E-16,8.10E-18,3.71E-15,1.51E-08,0.007307739,0.992606044,8.62E-05
Head 3,248,2.34E-20,4.73E-23,1.41E-28,1.95E-32,1.06E-31,2.18E-27,2.04E-23,7.42E-23,5.31E-25,1.76E-28,1.67E-29,2.03E-27,7.12E-25,1.21E-24,1.32E-26,2.78E-28,2.53E-27,9.85E-24,3.33E-20,5.63E-20,3.61E-23,9.33E-27,4.86E-27,6.33E-23,3.70E-17,3.22E-14,1.64E-16,2.87E-22,4.05E-27,1.19E-27,2.53E-24,1.80E-20,2.60E-19,1.54E-21,1.35E-24,1.13E-25,2.98E-24,1.88E-22,1.05E-22,2.92E-25,8.35E-28,1.26E-27,2.04E-24,9.93E-21,4.16E-20,2.04E-22,3.88E-26,2.37E-27,3.23E-24,6.29E-19,1.14E-15,2.03E-17,4.11E-23,1.90E-28,1.68E-29,7.01E-26,7.62E-21,1.25E-17,4.77E-23,5.32E-27,6.10E-28,1.66E-25,2.47E-22,1.03E-20,1.32E-21,6.45E-24,1.14E-24,4.51E-22,5.24E-18,2.91E-16,4.35E-19,1.42E-24,2.71E-28,4.98E-27,9.53E-22,8.27E-17,9.29E-17,2.20E-21,2.23E-26,3.69E-27,6.84E-23,3.60E-17,1.61E-14,1.88E-16,8.64E-21,1.21E-23,5.13E-23,2.13E-20,7.59E-19,8.20E-20,7.38E-22,4.75E-22,3.22E-19,2.08E-15,3.01E-14,1.78E-17,4.79E-23,1.63E-26,6.02E-25,1.95E-19,2.34E-14,6.31E-14,2.32E-18,6.98E-24,1.03E-25,1.92E-22,6.87E-17,7.07E-14,3.70E-15,2.75E-19,3.91E-22,3.06E-21,9.79E-19,2.00E-15,2.77E-15,7.52E-18,6.07E-20,2.67E-19,1.16E-14,1.10E-11,2.31E-12,1.02E-15,1.12E-17,4.91E-15,1.53E-09,0.009003593,0.990913987,8.25E-05
Head 3,249,3.41E-20,7.46E-23,2.94E-28,5.57E-32,3.88E-31,1.03E-26,8.38E-23,7.03E-22,6.11E-25,1.37E-28,2.42E-29,3.87E-27,1.08E-24,2.18E-24,3.39E-26,6.97E-28,5.50E-27,2.05E-23,4.82E-20,8.88E-20,7.48E-23,2.52E-26,1.57E-26,1.96E-22,8.34E-17,5.43E-14,2.81E-16,6.50E-22,1.41E-26,3.68E-27,6.44E-24,5.20E-20,5.52E-19,3.49E-21,3.45E-24,3.29E-25,8.44E-24,5.27E-22,3.26E-22,1.05E-24,3.37E-27,4.18E-27,5.01E-24,7.59E-21,9.54E-20,3.64E-22,8.86E-26,8.31E-27,9.18E-24,1.51E-18,1.97E-15,3.00E-17,7.84E-23,4.89E-28,5.24E-29,2.28E-25,2.82E-19,6.91E-20,5.35E-23,1.52E-26,2.09E-27,4.56E-25,1.65E-22,2.09E-20,4.32E-21,1.76E-23,3.04E-24,9.32E-22,8.77E-18,3.94E-16,7.76E-19,3.58E-24,8.76E-28,1.59E-26,1.60E-21,1.11E-16,1.06E-16,2.85E-21,3.90E-26,8.92E-27,1.64E-22,7.37E-17,2.65E-14,2.66E-16,1.30E-20,2.22E-23,8.79E-23,3.03E-20,1.01E-18,1.04E-19,1.12E-21,7.25E-22,4.35E-19,2.24E-15,3.14E-14,2.42E-17,1.09E-22,4.20E-26,1.44E-24,3.75E-19,2.78E-14,5.57E-14,3.59E-18,2.74E-23,1.95E-25,1.06E-22,8.38E-17,1.50E-13,6.27E-15,4.64E-19,7.12E-22,4.53E-22,1.03E-18,1.78E-15,2.75E-15,9.36E-18,5.58E-21,9.60E-19,1.14E-14,1.25E-11,3.12E-12,2.31E-15,3.81E-17,1.06E-15,3.01E-09,0.012235178,0.987662196,0.00010267
Head 3,250,5.61E-20,1.20E-22,5.56E-28,1.38E-31,2.39E-30,4.31E-26,6.64E-22,9.05E-22,3.59E-25,1.44E-28,3.99E-29,5.66E-27,1.66E-24,4.63E-24,6.76E-26,1.27E-27,1.08E-26,3.35E-23,7.79E-20,1.40E-19,1.29E-22,5.32E-26,3.78E-26,4.07E-22,1.44E-16,7.82E-14,4.30E-16,1.29E-21,2.60E-26,6.44E-27,1.59E-23,9.56E-20,9.86E-19,6.14E-21,6.71E-24,6.23E-25,1.58E-23,1.08E-21,7.50E-22,2.76E-24,8.29E-27,9.41E-27,6.86E-24,1.46E-20,1.38E-19,5.27E-22,1.91E-25,1.60E-26,1.84E-23,2.44E-18,2.58E-15,4.28E-17,1.22E-22,9.26E-28,1.21E-28,9.02E-24,2.03E-20,7.42E-20,1.14E-22,3.59E-26,4.25E-27,1.68E-25,2.54E-22,5.42E-20,9.11E-21,3.70E-23,5.72E-24,1.54E-21,1.18E-17,5.57E-16,1.26E-18,7.16E-24,1.96E-27,7.03E-27,3.04E-21,1.62E-16,1.45E-16,4.19E-21,7.38E-26,1.90E-26,4.54E-22,1.30E-16,3.98E-14,3.66E-16,2.12E-20,3.68E-23,1.37E-22,4.27E-20,1.29E-18,1.51E-19,1.58E-21,1.02E-21,5.25E-19,2.41E-15,3.62E-14,3.85E-17,1.81E-22,8.00E-26,2.87E-24,6.52E-19,2.21E-14,9.62E-14,2.64E-17,2.54E-23,9.29E-26,6.36E-22,2.17E-16,3.25E-13,1.11E-14,9.01E-19,4.50E-22,4.26E-22,1.12E-18,2.21E-15,3.77E-15,4.21E-19,2.33E-20,1.15E-18,1.73E-14,2.06E-11,6.81E-12,6.54E-15,1.08E-17,1.73E-15,4.99E-09,0.014650066,0.985238492,0.000111514
Head 3,251,2.54E-19,4.82E-22,2.17E-27,1.81E-30,1.69E-29,6.82E-25,1.67E-21,1.06E-21,6.26E-25,3.99E-28,1.04E-28,1.58E-26,7.08E-24,1.65E-23,2.06E-25,3.83E-27,2.83E-26,1.04E-22,2.08E-19,3.72E-19,3.69E-22,1.69E-25,1.10E-25,1.25E-21,3.74E-16,1.91E-13,1.00E-15,2.26E-21,3.79E-26,1.59E-26,3.75E-23,2.69E-19,2.76E-18,1.76E-20,1.69E-23,1.48E-24,4.28E-23,3.47E-21,2.81E-21,9.76E-24,2.76E-26,6.53E-26,2.04E-23,4.01E-20,3.38E-19,1.50E-21,4.14E-25,3.62E-26,3.80E-23,4.93E-18,5.52E-15,8.82E-17,2.68E-22,2.53E-27,1.01E-26,7.88E-24,5.48E-20,3.67E-19,4.95E-22,1.21E-25,4.32E-26,3.01E-25,8.52E-22,1.63E-19,2.70E-20,1.01E-22,1.37E-23,3.36E-21,2.52E-17,1.19E-15,2.61E-18,1.36E-23,2.62E-28,1.69E-26,7.18E-21,4.21E-16,3.76E-16,1.04E-20,1.82E-25,7.35E-26,1.27E-21,3.67E-16,1.01E-13,9.38E-16,4.84E-20,7.83E-23,2.77E-22,9.24E-20,3.31E-18,3.67E-19,3.68E-21,2.07E-21,9.46E-19,4.37E-15,8.36E-14,7.93E-17,3.93E-22,2.14E-25,1.00E-23,9.09E-19,1.10E-13,2.28E-12,2.22E-17,3.07E-23,8.64E-25,1.83E-21,7.06E-16,8.58E-13,2.99E-14,4.36E-18,4.16E-22,6.00E-22,2.40E-18,6.03E-15,9.63E-16,2.57E-18,4.16E-20,2.79E-18,4.60E-14,6.79E-11,2.04E-11,2.60E-15,1.63E-17,3.28E-15,8.89E-09,0.020316448,0.979581177,0.000102354
Head 3,252,9.50E-19,1.90E-21,3.46E-26,1.57E-29,4.17E-28,1.64E-24,2.84E-21,2.36E-21,2.13E-24,1.18E-27,3.10E-28,7.43E-26,2.40E-23,5.48E-23,7.28E-25,1.14E-26,1.19E-25,3.20E-22,5.96E-19,1.08E-18,1.28E-21,5.97E-25,4.89E-25,4.86E-21,1.38E-15,6.57E-13,2.59E-15,4.40E-21,1.17E-25,4.39E-26,1.22E-22,8.55E-19,9.08E-18,5.35E-20,4.81E-23,4.48E-24,1.44E-22,1.38E-20,1.10E-20,3.84E-23,6.61E-25,2.14E-25,6.49E-23,1.12E-19,1.00E-18,3.57E-21,1.14E-24,9.49E-26,1.02E-22,1.23E-17,1.25E-14,1.89E-16,6.71E-22,5.73E-25,6.16E-27,1.70E-23,2.34E-19,1.49E-18,1.87E-21,9.54E-23,8.55E-26,1.00E-24,2.50E-21,4.95E-19,8.41E-20,3.01E-22,3.97E-23,8.97E-21,6.01E-17,2.55E-15,5.02E-18,2.08E-24,6.83E-28,4.07E-26,1.86E-20,1.05E-15,8.14E-16,2.28E-20,3.68E-25,1.95E-25,3.69E-21,1.08E-15,3.11E-13,2.71E-15,1.27E-19,1.76E-22,5.87E-22,2.02E-19,7.03E-18,8.01E-19,7.87E-21,4.00E-21,1.63E-18,8.69E-15,1.33E-13,1.21E-16,7.90E-22,6.18E-25,1.14E-23,3.63E-18,1.29E-12,1.97E-12,4.25E-17,1.28E-22,1.95E-24,5.80E-21,1.98E-15,2.40E-12,3.90E-13,3.91E-18,4.63E-22,9.61E-22,5.08E-18,1.49E-14,4.74E-15,5.09E-18,1.19E-19,8.71E-18,1.86E-13,2.02E-10,7.04E-12,3.76E-15,3.23E-17,8.01E-15,1.99E-08,0.028303333,0.971552074,0.000144632
Head 3,253,3.12E-18,1.87E-20,2.33E-25,4.19E-28,6.48E-28,2.67E-24,5.39E-21,6.44E-21,5.15E-24,3.31E-27,1.53E-27,2.11E-25,6.61E-23,1.56E-22,1.64E-24,4.37E-26,3.43E-25,8.16E-22,1.31E-18,2.56E-18,3.16E-21,2.06E-24,1.68E-24,1.65E-20,4.31E-15,1.44E-12,4.15E-15,1.11E-20,2.76E-25,1.29E-25,3.34E-22,2.19E-18,2.17E-17,1.25E-19,1.23E-22,1.24E-23,4.49E-22,3.70E-20,2.93E-20,8.27E-22,1.76E-24,6.29E-25,1.86E-22,3.03E-19,2.03E-18,8.43E-21,2.66E-24,2.54E-25,2.46E-22,2.61E-17,2.20E-14,3.66E-16,5.04E-19,5.42E-26,1.04E-26,5.93E-23,7.78E-19,4.87E-18,9.10E-18,1.84E-22,2.60E-25,2.53E-24,6.13E-21,1.15E-18,1.97E-19,7.88E-22,1.12E-22,2.20E-20,1.23E-16,4.11E-15,2.64E-18,4.68E-24,1.55E-27,1.06E-25,4.38E-20,1.96E-15,1.39E-15,1.39E-20,7.69E-25,4.79E-25,9.27E-21,2.61E-15,6.99E-13,5.84E-15,2.64E-19,3.54E-22,1.17E-21,3.78E-19,1.30E-17,1.51E-18,1.50E-20,7.05E-21,3.18E-18,1.18E-14,1.41E-13,1.56E-16,1.49E-21,6.80E-25,3.25E-23,2.92E-17,2.17E-12,2.35E-12,7.92E-17,2.21E-22,5.81E-24,1.67E-20,4.83E-15,1.59E-11,3.19E-13,3.50E-18,6.41E-22,1.82E-21,9.86E-17,4.98E-14,8.37E-15,1.37E-17,3.96E-19,4.33E-17,5.92E-13,4.67E-11,6.89E-12,5.17E-15,7.22E-17,2.18E-14,3.22E-08,0.024753485,0.975095034,0.000151461
Head 3,254,1.89E-17,9.14E-20,4.23E-24,3.50E-28,7.61E-28,4.57E-24,1.30E-20,1.36E-20,1.28E-23,1.48E-26,3.69E-27,5.10E-25,1.64E-22,2.75E-22,4.60E-24,1.07E-25,8.21E-25,1.80E-21,2.90E-18,5.30E-18,7.77E-21,5.03E-24,4.39E-24,4.96E-20,9.83E-15,2.45E-12,9.37E-15,1.98E-20,5.87E-25,2.71E-25,7.06E-22,4.67E-18,4.54E-17,2.77E-19,2.84E-22,3.25E-23,9.52E-22,7.68E-20,2.38E-19,1.67E-21,3.89E-24,1.62E-24,5.00E-22,6.28E-19,4.42E-18,1.57E-20,5.32E-24,4.89E-25,4.90E-22,4.75E-17,4.35E-14,3.18E-13,9.62E-21,5.59E-26,2.38E-26,1.56E-22,2.13E-18,2.38E-15,1.68E-17,4.58E-22,5.22E-25,5.06E-24,1.12E-20,2.10E-18,3.98E-19,1.82E-21,2.49E-22,4.70E-20,2.16E-16,1.27E-14,4.84E-18,7.60E-24,2.94E-27,2.11E-25,8.89E-20,3.69E-15,5.57E-16,2.40E-20,1.47E-24,9.82E-25,2.01E-20,5.67E-15,1.50E-12,1.19E-14,4.96E-19,6.74E-22,2.18E-21,7.02E-19,2.35E-17,2.78E-18,2.69E-20,1.51E-20,5.35E-18,1.53E-14,1.86E-13,2.34E-16,1.58E-21,1.25E-24,7.10E-22,7.27E-17,1.27E-12,6.02E-12,1.05E-16,4.74E-22,1.35E-23,3.58E-20,8.98E-15,1.48E-11,2.68E-13,4.11E-18,9.83E-22,5.29E-20,2.65E-16,8.41E-14,1.84E-14,3.68E-17,1.82E-18,1.61E-16,2.57E-13,3.75E-11,6.94E-12,8.52E-15,1.72E-16,3.99E-14,3.79E-08,0.029517239,0.970321417,0.00016131
Head 3,255,5.16E-17,7.89E-19,1.93E-24,1.88E-28,7.53E-28,6.26E-24,1.68E-20,2.03E-20,3.28E-23,2.09E-26,4.92E-27,7.24E-25,1.72E-22,4.04E-22,6.58E-24,1.49E-25,1.12E-24,2.51E-21,4.01E-18,8.40E-18,1.18E-20,7.66E-24,8.07E-24,6.90E-20,1.17E-14,4.23E-12,1.24E-14,2.93E-20,8.02E-25,3.55E-25,9.13E-22,5.96E-18,6.36E-17,4.02E-19,4.57E-22,4.11E-23,1.18E-21,1.44E-19,2.97E-19,2.06E-21,5.41E-24,2.43E-24,6.28E-22,8.57E-19,5.47E-18,2.03E-20,6.67E-24,6.06E-25,5.70E-22,6.41E-17,6.93E-12,9.82E-15,6.60E-21,7.19E-26,3.37E-26,2.17E-22,3.95E-18,2.84E-15,2.69E-17,6.15E-22,6.70E-25,5.90E-24,1.30E-20,2.76E-18,5.79E-19,2.62E-21,3.50E-22,5.97E-20,1.02E-15,1.94E-14,6.27E-18,1.02E-23,3.76E-27,3.01E-25,1.24E-19,2.32E-15,7.58E-16,3.50E-20,2.13E-24,1.46E-24,3.01E-20,9.07E-15,2.44E-12,1.84E-14,7.84E-19,9.99E-22,3.17E-21,9.50E-19,3.26E-17,3.83E-18,4.29E-20,1.98E-20,5.95E-18,1.77E-14,2.37E-13,2.15E-16,1.86E-21,2.07E-22,5.38E-22,1.50E-17,6.79E-12,6.63E-12,1.70E-16,7.93E-22,2.22E-23,1.97E-20,7.16E-15,1.16E-11,2.79E-13,5.02E-18,5.88E-21,1.07E-19,3.62E-16,1.34E-13,3.37E-14,1.06E-16,5.16E-18,2.85E-16,1.44E-13,2.91E-11,9.38E-12,1.58E-14,2.71E-16,4.88E-14,4.47E-08,0.030380001,0.969442248,0.000177767
Head 3,256,2.69E-16,2.89E-19,6.10E-25,1.36E-28,7.40E-28,6.25E-24,1.89E-20,3.79E-20,3.99E-23,2.27E-26,5.81E-27,6.45E-25,1.93E-22,4.64E-22,7.16E-24,1.64E-25,1.26E-24,2.77E-21,4.95E-18,9.64E-18,1.30E-20,1.01E-23,7.70E-24,5.93E-20,1.68E-14,4.72E-12,1.54E-14,3.31E-20,8.82E-25,3.61E-25,8.89E-22,6.61E-18,7.66E-17,5.45E-19,5.00E-22,4.19E-23,1.22E-21,1.49E-19,2.82E-19,2.11E-21,6.21E-24,2.50E-24,6.97E-22,9.22E-19,6.14E-18,2.27E-20,7.01E-24,5.99E-25,6.71E-22,7.72E-16,1.59E-12,6.53E-15,7.26E-21,7.96E-26,3.41E-26,3.57E-24,3.97E-18,3.86E-15,3.38E-17,6.81E-22,6.71E-25,5.43E-24,1.37E-20,2.97E-18,6.64E-19,2.96E-21,3.83E-22,7.88E-20,1.38E-15,2.21E-14,6.90E-18,1.00E-23,4.13E-27,3.22E-25,2.73E-19,2.72E-15,9.14E-16,3.97E-20,2.37E-24,1.55E-24,3.38E-20,1.08E-14,3.01E-12,2.54E-14,1.04E-18,1.29E-21,3.69E-21,1.13E-18,3.88E-17,5.39E-18,5.07E-20,2.14E-20,6.69E-18,2.18E-14,1.97E-13,2.19E-16,2.01E-18,2.24E-23,8.64E-23,1.32E-16,6.17E-12,7.66E-12,1.83E-16,9.35E-22,8.26E-24,1.19E-20,4.84E-15,1.01E-11,2.85E-13,3.14E-18,1.04E-20,1.17E-19,4.33E-16,1.70E-13,5.86E-14,2.00E-16,5.35E-17,1.21E-16,8.38E-14,3.08E-11,1.19E-11,1.83E-14,2.98E-16,5.23E-14,4.60E-08,0.027693095,0.972118199,0.000188751
Head 3,257,5.55E-17,4.84E-20,2.73E-25,7.76E-29,4.03E-28,3.60E-24,1.76E-20,2.68E-20,2.40E-23,1.46E-26,2.62E-27,3.77E-25,1.14E-22,2.68E-22,4.35E-24,1.02E-25,7.48E-25,1.92E-21,3.37E-18,6.69E-18,1.08E-20,5.76E-24,3.57E-24,5.05E-20,1.15E-14,3.93E-12,1.27E-14,2.79E-20,6.08E-25,2.11E-25,5.58E-22,4.63E-18,6.23E-17,3.86E-19,3.09E-22,4.37E-23,7.56E-22,8.54E-20,1.73E-19,1.44E-21,3.69E-24,1.46E-24,3.97E-22,5.64E-19,4.00E-18,1.44E-20,4.14E-24,4.02E-25,6.41E-22,4.37E-16,7.91E-13,5.18E-15,5.03E-21,4.47E-26,6.75E-29,1.52E-24,2.32E-18,2.49E-15,2.03E-17,4.07E-22,3.56E-25,3.30E-24,8.15E-21,2.07E-18,4.48E-19,1.91E-21,3.54E-23,6.37E-20,1.01E-15,1.71E-14,4.96E-18,7.43E-24,2.74E-27,1.33E-24,1.89E-19,1.93E-15,6.56E-16,2.87E-20,1.55E-24,9.57E-25,2.23E-20,7.73E-15,2.71E-12,2.34E-14,9.02E-19,9.42E-22,2.48E-21,7.02E-19,3.05E-17,3.47E-18,3.01E-20,1.31E-20,4.75E-18,1.30E-14,1.39E-13,1.53E-13,4.39E-20,4.04E-24,3.23E-22,7.05E-17,3.87E-12,4.34E-12,1.29E-16,3.47E-22,3.29E-24,5.48E-21,2.70E-15,7.15E-12,3.68E-14,4.50E-18,7.30E-21,8.56E-20,3.20E-16,1.57E-13,5.77E-14,3.49E-15,1.54E-17,4.27E-17,5.96E-14,2.55E-11,9.75E-12,1.65E-14,2.63E-16,4.48E-14,3.35E-08,0.021820823,0.97793442,0.00024474
Head 3,258,1.02E-17,2.46E-20,1.68E-25,3.95E-29,2.07E-28,2.86E-24,1.08E-20,1.54E-20,1.66E-23,6.99E-27,1.86E-27,2.36E-25,6.64E-23,1.56E-22,2.62E-24,5.72E-26,4.85E-25,1.21E-21,2.19E-18,5.09E-18,5.93E-21,2.40E-24,2.77E-24,2.85E-20,7.62E-15,2.62E-12,9.29E-15,1.74E-20,3.27E-25,1.16E-25,3.34E-22,3.17E-18,3.95E-17,2.19E-19,8.70E-22,2.65E-23,4.02E-22,4.72E-20,1.05E-19,7.91E-22,2.10E-24,8.27E-25,2.42E-22,3.55E-19,2.53E-18,8.37E-21,2.57E-24,2.23E-25,1.14E-22,1.93E-16,5.51E-13,3.24E-15,3.00E-21,4.72E-28,3.12E-29,8.85E-25,1.43E-18,1.43E-15,1.21E-17,2.18E-22,2.09E-25,1.77E-24,4.98E-21,1.17E-18,2.48E-19,3.88E-23,2.49E-23,3.91E-20,6.52E-16,1.04E-14,3.08E-18,4.28E-24,9.23E-27,7.59E-25,1.05E-19,1.16E-15,4.40E-16,1.86E-20,8.92E-25,5.63E-25,1.23E-20,5.24E-15,1.96E-12,1.71E-14,6.13E-19,6.07E-22,1.43E-21,5.60E-19,1.87E-17,1.92E-18,1.72E-20,8.56E-21,4.17E-18,8.36E-15,6.00E-12,4.14E-15,1.35E-20,5.49E-24,1.91E-22,4.36E-17,2.01E-12,2.71E-12,5.89E-17,1.76E-22,1.55E-24,2.44E-21,1.42E-15,1.03E-12,4.82E-14,2.68E-18,4.97E-21,6.08E-20,2.61E-16,1.19E-13,3.10E-13,9.83E-16,4.45E-18,2.48E-17,3.85E-14,1.61E-11,7.24E-12,1.24E-14,1.86E-16,2.67E-14,1.81E-08,0.014748266,0.985068619,0.000183071
Head 3,259,8.28E-18,2.33E-20,1.09E-25,2.55E-29,2.02E-28,1.97E-24,7.79E-21,1.44E-20,1.04E-23,7.09E-27,1.51E-27,1.81E-25,5.12E-23,1.28E-22,1.97E-24,4.68E-26,3.74E-25,9.78E-22,2.09E-18,3.98E-18,3.52E-21,2.46E-24,1.91E-24,2.25E-20,6.14E-15,2.39E-12,7.57E-15,1.23E-20,2.21E-25,7.97E-26,2.60E-22,2.36E-18,2.84E-17,1.63E-18,6.86E-22,1.72E-23,2.72E-22,3.60E-20,7.38E-20,5.93E-22,1.50E-24,6.09E-25,1.80E-22,2.92E-19,2.04E-18,7.12E-21,3.51E-24,3.26E-27,6.34E-23,1.60E-16,4.42E-13,2.84E-15,3.86E-22,2.95E-28,2.29E-29,6.48E-25,1.11E-18,1.19E-15,9.37E-18,1.66E-22,1.38E-25,1.27E-24,3.35E-21,8.23E-19,1.01E-20,3.46E-23,1.80E-23,2.97E-20,4.92E-16,8.60E-15,2.45E-18,5.76E-24,6.04E-27,4.64E-25,7.26E-20,1.01E-15,4.08E-16,1.52E-20,7.14E-25,3.70E-25,9.66E-21,4.56E-15,1.84E-12,1.56E-14,5.15E-19,4.36E-22,1.56E-21,4.71E-19,1.43E-17,1.51E-18,1.46E-20,1.80E-20,3.26E-18,1.25E-14,1.18E-12,1.93E-15,1.09E-20,5.05E-24,1.72E-22,3.49E-17,1.77E-12,1.20E-12,6.81E-17,1.45E-22,9.63E-25,1.56E-21,1.13E-15,1.74E-12,3.69E-14,2.41E-18,4.98E-21,6.99E-20,2.70E-16,7.44E-14,1.44E-13,3.98E-16,3.17E-18,1.92E-17,3.01E-14,1.64E-11,7.43E-12,1.11E-14,1.44E-16,1.66E-14,1.32E-08,0.01650727,0.983347833,0.000144942
Head 3,260,9.21E-18,1.79E-20,9.14E-26,3.18E-29,1.55E-28,1.56E-24,8.02E-21,1.07E-20,1.27E-23,6.57E-27,1.27E-27,1.49E-25,4.58E-23,1.12E-22,1.87E-24,4.15E-26,3.32E-25,9.71E-22,1.87E-18,3.03E-18,4.38E-21,2.09E-24,1.75E-24,2.01E-20,6.08E-15,2.33E-12,7.25E-15,1.17E-20,1.97E-25,7.39E-26,2.05E-22,1.92E-18,2.14E-16,1.60E-18,5.52E-22,1.38E-23,2.43E-22,2.90E-20,6.75E-20,5.15E-22,1.27E-24,4.84E-25,1.55E-22,2.56E-19,2.00E-18,1.21E-20,9.83E-27,2.22E-27,5.04E-23,1.30E-16,4.38E-13,7.55E-16,3.05E-22,2.61E-28,1.68E-29,5.10E-25,9.00E-19,1.02E-15,8.22E-18,1.37E-22,1.19E-25,9.75E-25,2.74E-21,2.23E-19,1.10E-20,2.91E-23,1.51E-23,2.33E-20,4.57E-16,8.25E-15,1.23E-18,4.62E-24,4.35E-27,3.32E-25,6.48E-20,1.01E-15,3.98E-16,1.49E-20,5.49E-25,3.13E-25,8.45E-21,4.52E-15,1.90E-12,1.59E-14,4.74E-19,5.94E-22,1.51E-21,3.92E-19,1.20E-17,1.38E-18,4.60E-20,1.46E-20,6.11E-19,1.30E-14,5.05E-13,1.58E-15,1.25E-20,5.40E-24,1.67E-22,3.09E-17,3.42E-13,2.06E-12,8.31E-17,1.31E-22,7.58E-25,4.94E-21,1.77E-15,1.49E-12,3.92E-14,3.12E-18,7.28E-21,9.15E-20,1.93E-17,4.23E-14,7.56E-14,3.28E-16,2.83E-18,1.76E-17,4.02E-14,2.06E-11,8.05E-12,1.07E-14,1.07E-16,1.24E-14,1.27E-08,0.017520331,0.982341409,0.000138337
Head 3,261,4.28E-18,9.79E-21,7.06E-26,1.46E-29,6.45E-29,7.90E-25,3.42E-21,7.52E-21,7.20E-24,3.37E-27,6.31E-28,7.79E-26,2.39E-23,6.43E-23,1.01E-24,2.19E-26,1.92E-25,5.37E-22,1.01E-18,2.45E-18,2.49E-21,1.17E-24,8.88E-25,1.11E-20,3.69E-15,1.62E-12,5.69E-15,8.32E-21,1.33E-25,3.60E-26,1.04E-22,4.04E-18,1.41E-16,9.42E-19,3.06E-22,8.17E-24,1.20E-22,1.57E-20,3.48E-20,2.52E-22,5.82E-25,2.35E-25,8.11E-23,1.63E-19,4.76E-19,8.69E-23,5.34E-27,1.04E-27,2.56E-23,8.74E-17,3.23E-14,4.86E-16,2.13E-22,1.23E-28,7.40E-30,2.09E-25,4.18E-19,5.36E-16,4.51E-18,7.87E-23,5.63E-26,4.82E-25,1.56E-21,1.47E-19,5.58E-21,1.46E-23,6.88E-24,1.42E-20,3.12E-16,2.64E-15,7.58E-19,2.55E-24,2.02E-27,1.82E-25,4.17E-20,7.51E-16,3.06E-16,9.33E-21,3.30E-25,1.63E-25,4.89E-21,2.84E-15,1.32E-12,1.15E-14,4.88E-19,4.26E-22,8.66E-22,2.15E-19,7.54E-18,2.12E-18,2.63E-20,4.51E-21,6.11E-19,6.04E-15,4.56E-13,1.43E-15,9.45E-21,3.51E-24,8.92E-23,2.04E-18,3.51E-13,1.98E-12,6.71E-17,7.96E-23,1.88E-24,3.87E-21,1.02E-15,1.14E-12,3.95E-14,3.60E-18,7.68E-21,2.78E-21,7.28E-18,1.71E-14,4.35E-14,2.04E-16,1.88E-18,2.01E-17,4.06E-14,1.88E-11,6.34E-12,6.35E-15,5.62E-17,6.96E-15,9.13E-09,0.015113117,0.984740436,0.000146471
Head 3,262,1.99E-18,7.11E-21,4.19E-26,7.50E-30,3.33E-29,3.31E-25,2.09E-21,3.74E-21,3.34E-24,1.56E-27,2.97E-28,3.49E-26,1.23E-23,3.21E-23,5.03E-25,1.17E-26,9.03E-26,2.47E-22,6.53E-19,1.34E-18,1.44E-21,6.13E-25,4.55E-25,5.27E-21,1.84E-15,1.04E-12,4.00E-15,6.56E-21,7.58E-26,1.94E-26,8.77E-23,1.93E-18,6.73E-17,4.50E-19,1.67E-22,3.82E-24,6.01E-23,7.73E-21,1.70E-20,1.21E-22,2.69E-25,1.05E-25,3.99E-23,3.18E-21,1.64E-19,6.04E-23,2.67E-27,5.25E-28,1.45E-23,2.94E-18,1.73E-14,3.44E-16,1.24E-22,6.33E-29,3.17E-30,8.26E-26,1.73E-19,2.42E-16,2.50E-18,3.97E-23,3.17E-26,1.57E-25,1.07E-21,7.91E-20,3.01E-21,6.70E-24,3.88E-24,7.97E-21,2.22E-16,1.55E-15,4.94E-19,1.44E-24,1.21E-27,1.07E-25,2.59E-20,4.55E-16,1.91E-16,6.19E-21,1.90E-25,9.63E-26,2.74E-21,1.63E-15,8.56E-13,1.06E-14,3.56E-19,2.44E-22,4.45E-22,1.29E-19,4.14E-18,1.09E-18,1.28E-19,9.91E-22,8.03E-19,4.23E-15,3.94E-13,1.19E-15,7.41E-21,2.39E-24,7.37E-24,1.18E-18,2.49E-13,1.56E-12,4.82E-17,1.22E-22,1.35E-24,2.49E-21,7.56E-16,1.02E-12,4.47E-14,4.02E-18,1.08E-21,9.33E-22,2.84E-18,8.87E-15,2.44E-14,1.23E-16,2.15E-18,1.96E-17,3.77E-14,1.51E-11,4.02E-12,3.68E-15,2.97E-17,3.75E-15,5.26E-09,0.010304895,0.989581347,0.000113693
Head 3,263,1.51E-18,5.62E-21,3.11E-26,5.37E-30,1.91E-29,2.63E-25,1.27E-21,2.13E-21,2.05E-24,1.05E-27,1.84E-28,2.49E-26,7.99E-24,2.11E-23,3.82E-25,7.82E-27,5.78E-26,1.99E-22,4.52E-19,9.82E-19,1.04E-21,4.72E-25,3.11E-25,3.32E-21,1.37E-15,8.32E-13,3.90E-15,5.39E-21,6.14E-26,2.16E-26,5.27E-23,1.19E-18,4.29E-17,3.33E-19,1.14E-22,2.74E-24,4.08E-23,5.19E-21,1.13E-20,7.94E-23,1.75E-25,7.32E-26,3.68E-25,3.85E-20,1.54E-19,4.18E-23,2.02E-27,4.60E-28,3.61E-24,2.02E-18,1.44E-14,2.80E-16,9.06E-23,4.66E-29,2.04E-30,5.05E-26,9.97E-20,1.56E-16,1.49E-18,2.84E-23,1.18E-27,1.34E-25,7.07E-22,5.32E-20,1.81E-21,5.09E-24,2.90E-24,2.38E-20,1.54E-16,1.24E-15,3.80E-19,1.29E-24,1.12E-27,1.01E-25,2.09E-20,3.88E-16,1.69E-16,5.19E-21,1.70E-25,8.15E-26,2.11E-21,1.25E-15,7.98E-13,8.88E-15,2.48E-19,1.62E-22,3.62E-22,3.80E-20,2.61E-18,7.04E-17,6.07E-21,8.30E-21,2.49E-19,4.36E-15,3.72E-13,1.11E-15,7.90E-21,6.43E-25,4.13E-24,9.10E-19,2.15E-13,1.32E-12,5.23E-17,9.71E-23,1.35E-24,2.56E-21,7.57E-16,1.34E-12,5.82E-14,7.06E-18,5.28E-22,5.48E-22,2.18E-18,7.04E-15,1.90E-14,1.83E-16,3.08E-18,2.86E-17,4.60E-14,1.30E-11,3.41E-12,3.17E-15,2.48E-17,3.06E-15,4.39E-09,0.012069578,0.987815678,0.000114763
Head 3,264,1.15E-18,4.13E-21,1.95E-26,2.37E-30,1.26E-29,1.41E-25,6.77E-22,1.25E-21,1.34E-24,6.15E-28,1.27E-28,1.52E-26,4.85E-24,1.48E-23,2.21E-25,4.16E-27,3.95E-26,1.27E-22,3.16E-19,6.69E-19,7.23E-22,2.72E-25,1.57E-25,2.00E-21,9.53E-16,7.41E-13,2.97E-15,3.59E-21,9.48E-26,9.71E-27,2.60E-23,7.06E-19,2.95E-17,2.14E-19,7.48E-23,1.62E-24,2.44E-23,3.01E-21,6.49E-21,4.38E-23,1.02E-25,2.44E-27,2.96E-24,2.99E-20,9.49E-20,2.55E-23,1.38E-27,2.24E-27,2.08E-24,1.40E-18,1.20E-14,1.93E-16,6.50E-23,2.64E-29,1.06E-30,2.63E-26,5.65E-20,8.59E-17,9.21E-19,6.95E-26,7.96E-28,7.43E-26,4.20E-22,2.86E-20,1.14E-21,3.10E-24,9.42E-24,1.45E-20,1.10E-16,8.89E-16,2.93E-19,9.56E-25,8.01E-28,6.59E-26,1.58E-20,3.20E-16,1.41E-16,4.19E-21,1.25E-25,5.26E-26,1.32E-21,9.26E-16,6.08E-13,5.69E-15,1.56E-19,1.27E-22,8.86E-23,2.14E-20,1.35E-16,1.68E-18,9.50E-20,4.86E-22,2.46E-19,4.00E-15,3.26E-13,1.15E-15,3.20E-21,2.54E-25,2.34E-24,6.52E-19,1.80E-13,1.86E-12,3.10E-17,8.24E-23,1.06E-24,1.81E-21,8.25E-16,1.46E-12,3.02E-13,3.12E-18,2.54E-22,3.82E-22,1.70E-18,4.78E-15,1.99E-14,2.00E-16,3.50E-18,3.09E-17,3.41E-14,9.77E-12,2.64E-12,2.21E-15,1.52E-17,1.86E-15,3.63E-09,0.010417626,0.989457428,0.000124915
Head 3,265,8.39E-19,2.68E-21,8.23E-27,1.49E-30,6.92E-30,7.60E-26,3.89E-22,8.33E-22,8.31E-25,4.36E-28,7.74E-29,8.77E-27,3.32E-24,8.36E-24,1.13E-25,2.82E-27,2.44E-26,8.51E-23,2.08E-19,4.59E-19,4.36E-22,1.44E-25,9.19E-26,1.28E-21,7.74E-16,5.24E-13,1.88E-15,1.10E-20,4.61E-26,4.47E-27,1.49E-23,4.60E-19,1.84E-17,1.45E-19,4.52E-23,9.72E-25,1.37E-23,1.72E-21,3.65E-21,2.67E-23,9.70E-26,3.32E-28,1.72E-24,1.68E-20,5.35E-20,1.68E-23,6.25E-26,1.25E-27,1.17E-24,1.02E-18,7.44E-15,1.36E-16,3.85E-23,1.38E-29,5.63E-31,1.31E-26,2.90E-20,4.86E-17,1.03E-21,4.57E-26,4.47E-28,4.36E-26,2.22E-22,1.76E-20,6.93E-22,3.64E-24,5.34E-24,8.90E-21,7.02E-17,6.25E-16,2.06E-19,6.28E-25,5.02E-28,4.23E-26,1.09E-20,2.39E-16,1.03E-16,2.95E-21,7.77E-26,2.93E-26,7.91E-22,6.01E-16,3.58E-13,3.54E-15,1.17E-19,5.97E-23,4.04E-23,7.33E-20,9.35E-18,9.14E-18,1.98E-21,4.05E-22,1.85E-19,2.89E-15,2.80E-13,3.95E-16,1.30E-21,1.19E-25,1.30E-24,4.32E-19,5.59E-13,8.84E-13,2.43E-17,5.62E-23,6.13E-25,1.66E-21,8.27E-16,3.98E-12,1.30E-13,1.31E-18,1.65E-22,2.99E-22,1.06E-18,3.73E-15,1.75E-14,1.80E-16,3.44E-18,2.07E-17,2.24E-14,6.47E-12,1.79E-12,1.31E-15,8.30E-18,1.09E-15,2.23E-09,0.008433199,0.991463482,0.00010334
Head 3,266,9.23E-18,7.57E-20,5.82E-25,8.34E-29,1.37E-28,5.05E-25,1.55E-21,3.73E-21,9.29E-24,1.07E-26,2.54E-27,2.26E-25,2.06E-23,1.08E-23,7.74E-26,1.40E-27,2.46E-26,2.23E-22,1.15E-18,2.37E-18,9.54E-22,9.95E-26,2.32E-26,2.74E-22,2.08E-16,3.63E-13,6.67E-14,1.06E-19,2.41E-25,9.63E-27,1.20E-23,2.04E-19,1.48E-17,3.84E-19,5.47E-22,3.48E-23,5.95E-22,3.88E-20,3.60E-20,2.92E-22,5.90E-28,2.25E-27,4.89E-23,1.27E-18,5.38E-18,1.48E-20,3.53E-25,1.84E-27,1.47E-24,1.86E-18,4.12E-14,1.70E-15,5.01E-22,1.00E-28,9.81E-31,7.00E-27,8.51E-21,6.33E-20,4.65E-22,6.88E-26,1.68E-27,1.45E-25,3.41E-22,6.35E-21,1.53E-22,9.53E-25,2.20E-24,9.11E-21,1.70E-16,1.64E-15,2.29E-19,2.03E-25,4.29E-29,2.39E-27,1.04E-21,7.55E-17,1.26E-16,8.32E-21,2.02E-25,3.66E-26,3.44E-22,1.40E-16,1.18E-13,4.33E-15,3.38E-18,1.71E-21,3.65E-23,1.47E-19,1.45E-17,8.74E-20,1.93E-22,5.27E-23,5.24E-20,1.74E-15,4.43E-13,5.78E-16,5.06E-22,1.87E-26,1.76E-25,1.48E-19,3.84E-14,3.04E-13,1.44E-17,2.92E-23,2.18E-25,2.81E-22,1.83E-16,7.58E-13,5.49E-14,2.67E-18,8.95E-22,1.10E-21,1.44E-18,1.47E-15,2.67E-15,3.21E-17,1.15E-18,2.49E-17,7.59E-14,3.51E-11,4.69E-12,9.15E-16,1.58E-18,1.05E-16,3.51E-10,0.003673046,0.996193886,0.000133014
Head 3,267,9.16E-21,2.49E-23,1.41E-28,2.31E-32,8.90E-32,9.74E-28,5.76E-24,1.53E-23,1.84E-26,8.35E-30,1.65E-30,1.69E-28,4.49E-26,1.48E-25,2.30E-27,5.43E-29,5.11E-28,1.84E-24,4.74E-21,9.49E-21,8.05E-24,2.50E-27,1.79E-27,2.26E-23,1.24E-17,4.59E-14,4.48E-16,3.23E-22,1.00E-27,1.05E-28,2.78E-25,8.26E-21,3.85E-19,3.02E-21,1.01E-24,1.96E-26,2.48E-25,2.93E-23,1.40E-21,1.86E-27,1.28E-30,2.81E-30,2.11E-26,2.90E-22,1.37E-21,1.30E-23,1.09E-27,2.25E-29,2.59E-26,2.31E-20,2.28E-16,3.79E-18,1.00E-24,2.75E-31,7.42E-33,1.41E-28,4.08E-23,5.97E-21,1.80E-23,8.43E-28,8.11E-30,8.03E-28,4.23E-24,7.09E-23,4.43E-24,4.79E-26,7.77E-26,1.87E-22,2.09E-18,2.14E-17,7.58E-21,1.84E-26,1.30E-29,1.12E-27,3.24E-22,7.53E-18,3.59E-18,9.51E-23,1.98E-27,5.83E-28,1.42E-23,1.05E-17,8.46E-15,4.39E-16,5.88E-21,1.23E-25,1.62E-24,3.32E-22,1.49E-19,2.35E-20,9.16E-23,1.82E-23,8.87E-21,9.30E-17,4.87E-15,9.64E-18,2.56E-23,2.08E-27,2.32E-25,6.58E-20,9.11E-15,2.31E-14,5.42E-19,1.30E-24,3.14E-26,1.47E-23,1.06E-17,4.76E-14,2.74E-15,6.27E-20,8.64E-24,1.22E-23,3.82E-20,1.13E-16,5.31E-16,5.57E-18,8.20E-20,4.11E-19,5.67E-16,2.14E-13,4.98E-14,2.75E-17,1.19E-19,1.80E-17,6.52E-11,0.000422574,0.999570072,7.36E-06
Head 3,268,2.79E-20,1.33E-22,8.67E-28,1.63E-31,6.13E-31,5.56E-27,3.32E-23,8.23E-23,9.99E-26,6.23E-29,9.73E-30,8.47E-28,3.28E-25,8.41E-25,1.49E-26,3.68E-28,3.58E-27,1.21E-23,2.89E-20,6.02E-20,5.47E-23,2.13E-26,1.05E-26,1.19E-22,1.41E-16,4.60E-13,3.74E-15,3.12E-21,1.26E-26,9.95E-28,2.18E-24,5.27E-20,2.20E-18,2.02E-20,7.36E-24,1.52E-25,1.94E-24,1.42E-22,1.66E-23,6.65E-27,5.92E-30,1.40E-29,1.08E-25,1.08E-22,8.92E-21,7.26E-23,8.80E-27,1.93E-28,2.03E-25,1.83E-19,1.53E-15,3.06E-17,8.83E-24,2.37E-30,5.05E-32,7.33E-28,1.86E-22,2.60E-20,9.65E-23,5.66E-27,7.28E-29,6.48E-27,1.62E-23,4.08E-22,2.48E-23,2.57E-25,5.49E-25,1.39E-21,1.55E-17,1.87E-16,6.29E-20,2.03E-25,1.42E-28,1.12E-26,2.45E-21,5.22E-17,2.63E-17,8.10E-22,1.57E-26,4.41E-27,8.81E-23,6.07E-17,1.32E-13,2.31E-15,1.15E-20,4.10E-24,2.24E-24,8.56E-21,1.30E-18,1.93E-19,8.12E-22,1.80E-22,2.13E-19,8.22E-16,3.57E-14,8.08E-17,2.01E-22,7.31E-26,1.40E-24,3.39E-19,3.67E-14,9.08E-14,2.46E-18,1.32E-23,5.89E-26,8.82E-23,6.13E-17,3.75E-13,2.93E-14,7.60E-19,1.44E-22,1.67E-22,3.67E-19,8.38E-16,3.23E-15,3.64E-17,4.96E-19,3.42E-18,5.32E-15,1.83E-12,4.18E-13,1.80E-16,9.11E-19,1.38E-16,5.01E-10,0.123609051,0.876299202,9.18E-05
Head 3,269,1.56E-20,7.79E-23,6.41E-28,1.40E-31,4.73E-31,4.33E-27,2.08E-23,4.79E-23,7.98E-26,4.52E-29,6.84E-30,9.34E-28,2.54E-25,6.46E-25,1.14E-26,3.15E-28,3.03E-27,9.65E-24,2.23E-20,4.65E-20,5.10E-23,1.50E-26,6.82E-27,9.06E-23,1.45E-16,3.51E-13,2.83E-15,3.57E-21,1.41E-26,1.08E-27,2.02E-24,3.89E-20,1.61E-18,1.56E-20,6.52E-24,1.52E-25,2.04E-26,4.51E-23,8.56E-24,3.73E-27,3.57E-30,9.10E-30,1.08E-26,8.97E-23,6.00E-21,6.43E-23,8.55E-27,1.84E-28,2.17E-25,1.56E-19,1.37E-15,3.11E-17,9.03E-24,2.39E-30,6.89E-32,5.65E-28,1.07E-22,1.43E-20,6.26E-23,5.05E-27,6.91E-29,1.69E-26,1.17E-23,2.46E-22,1.29E-23,1.86E-25,4.59E-25,1.18E-21,1.42E-17,1.53E-16,6.82E-20,2.34E-25,1.80E-28,1.20E-26,2.30E-21,4.53E-17,2.61E-17,7.39E-22,1.51E-26,3.99E-27,7.26E-23,3.94E-17,7.62E-14,2.34E-15,9.17E-21,4.29E-24,7.86E-24,1.20E-20,1.45E-18,1.99E-19,9.91E-22,2.69E-21,2.21E-19,8.29E-16,3.94E-14,8.01E-17,4.25E-22,8.22E-26,1.12E-24,2.14E-19,1.71E-14,3.27E-14,1.56E-18,5.19E-24,4.84E-26,7.18E-23,5.45E-17,3.68E-13,3.07E-14,1.35E-18,2.73E-22,2.72E-22,4.19E-19,6.34E-16,2.31E-15,2.49E-17,4.30E-19,3.66E-18,5.30E-15,1.75E-12,2.93E-13,1.44E-16,7.57E-19,1.15E-16,6.65E-09,0.004693184,0.995201945,0.000104831
Head 3,270,7.76E-21,4.61E-23,4.58E-28,9.31E-32,3.39E-31,2.49E-27,1.07E-23,3.04E-23,4.65E-26,2.70E-29,6.91E-30,7.28E-28,1.89E-25,4.39E-25,8.14E-27,2.16E-28,2.08E-27,6.89E-24,1.67E-20,3.93E-20,3.39E-23,8.44E-27,3.33E-27,6.99E-23,8.75E-17,1.98E-13,2.29E-15,2.97E-21,1.24E-26,8.72E-28,1.40E-24,2.38E-20,1.02E-18,1.07E-20,5.22E-24,2.07E-28,3.38E-25,2.79E-23,4.55E-24,1.83E-27,1.87E-30,4.39E-29,7.85E-27,6.06E-23,5.02E-21,5.38E-23,6.69E-27,1.63E-28,1.56E-25,1.25E-19,1.23E-15,2.65E-17,7.76E-24,1.38E-30,5.52E-32,3.33E-28,5.46E-23,7.60E-21,3.92E-23,3.49E-27,4.95E-28,1.13E-26,6.21E-24,1.08E-22,7.26E-24,1.19E-25,3.06E-25,8.90E-22,1.03E-17,1.39E-16,6.27E-20,2.35E-25,1.67E-28,1.03E-26,1.86E-21,4.65E-17,2.48E-17,6.63E-22,1.42E-26,3.60E-27,1.80E-23,2.51E-17,1.75E-13,4.55E-16,7.78E-20,1.97E-24,1.33E-23,1.52E-20,1.53E-18,2.23E-19,2.13E-20,2.13E-21,2.10E-19,9.35E-16,4.22E-14,1.36E-16,5.34E-22,6.56E-26,8.18E-25,1.14E-19,6.40E-15,1.36E-14,8.05E-19,4.36E-24,3.76E-26,5.53E-23,4.51E-17,2.91E-13,3.81E-14,2.01E-18,3.98E-22,3.21E-22,3.15E-19,4.23E-16,1.45E-15,1.63E-17,3.30E-19,2.79E-18,4.06E-15,1.06E-12,2.03E-13,1.03E-16,5.03E-19,2.72E-16,3.94E-10,0.004582027,0.995313764,0.000104234
Head 3,271,5.95E-21,4.12E-23,4.00E-28,9.31E-32,3.00E-31,2.01E-27,9.53E-24,2.27E-23,3.32E-26,3.09E-29,6.96E-30,7.42E-28,1.76E-25,4.09E-25,6.90E-27,1.82E-28,1.85E-27,6.51E-24,1.73E-20,3.54E-20,2.59E-23,5.02E-27,3.39E-27,5.60E-23,6.45E-17,1.85E-13,2.11E-15,3.13E-21,1.22E-26,8.32E-28,1.11E-24,1.98E-20,8.35E-19,9.88E-21,3.16E-26,5.21E-27,3.38E-25,2.24E-23,3.23E-24,1.35E-27,8.25E-28,3.52E-29,6.39E-27,5.81E-23,4.77E-21,4.80E-23,6.79E-27,1.32E-28,1.53E-25,1.21E-19,1.14E-15,2.40E-17,2.18E-24,1.42E-30,4.90E-32,2.67E-28,4.17E-23,6.01E-21,3.23E-23,3.17E-26,4.71E-28,8.83E-27,4.28E-24,8.91E-23,6.39E-24,1.00E-25,2.79E-25,7.58E-22,1.02E-17,1.36E-16,6.42E-20,2.34E-25,1.57E-28,8.81E-27,2.02E-21,4.71E-17,2.04E-17,6.12E-22,1.38E-26,7.23E-28,1.58E-23,4.68E-17,3.75E-14,1.11E-14,3.10E-21,3.85E-24,1.96E-23,1.98E-20,1.84E-18,1.64E-18,1.55E-20,1.87E-21,2.24E-19,1.05E-15,7.94E-14,1.81E-16,4.89E-22,6.43E-26,6.72E-25,7.46E-20,3.28E-15,5.58E-15,9.95E-19,4.54E-24,3.59E-26,6.10E-23,4.44E-17,3.56E-13,5.45E-14,2.80E-18,5.52E-22,3.13E-22,2.82E-19,3.60E-16,1.19E-15,1.38E-17,2.73E-19,2.17E-18,2.62E-15,8.29E-13,1.76E-13,8.30E-17,7.04E-19,6.35E-17,4.03E-10,0.005118755,0.994777083,0.000104167
Head 3,272,6.43E-21,4.24E-23,4.05E-28,8.49E-32,2.61E-31,2.08E-27,8.57E-24,1.92E-23,3.84E-26,3.15E-29,7.34E-30,7.63E-28,1.89E-25,4.02E-25,6.41E-27,1.69E-28,1.77E-27,6.82E-24,1.75E-20,3.29E-20,1.47E-23,5.70E-27,2.91E-27,4.76E-23,6.88E-17,1.82E-13,2.33E-15,2.78E-21,1.05E-26,6.15E-28,9.86E-25,1.86E-20,8.95E-19,1.81E-21,4.52E-26,5.24E-27,3.01E-25,2.09E-23,3.26E-24,2.15E-24,7.31E-28,3.11E-29,6.32E-27,6.21E-23,4.98E-21,5.52E-23,5.53E-27,1.34E-28,1.31E-25,1.15E-19,1.07E-15,6.25E-18,2.36E-24,1.37E-30,4.40E-32,2.40E-28,4.36E-23,6.34E-21,1.43E-22,3.15E-26,3.67E-28,6.61E-27,4.08E-24,9.32E-23,6.18E-24,9.81E-26,2.36E-25,7.38E-22,1.02E-17,1.42E-16,6.40E-20,2.07E-25,1.22E-28,8.70E-27,2.22E-21,4.26E-17,2.00E-17,5.99E-22,3.69E-27,6.63E-28,1.50E-23,3.53E-17,4.20E-13,1.65E-16,5.87E-21,5.01E-24,2.57E-23,2.38E-20,1.86E-18,1.23E-18,1.25E-20,1.67E-21,2.11E-19,1.23E-15,9.67E-14,1.71E-16,4.99E-22,6.49E-26,6.90E-25,6.19E-20,6.39E-16,9.33E-15,1.25E-18,4.16E-24,3.72E-26,6.07E-23,5.09E-17,4.81E-13,6.59E-14,3.44E-18,5.10E-22,2.77E-22,2.51E-19,3.63E-16,1.20E-15,1.28E-17,2.05E-19,1.25E-18,1.90E-15,7.58E-13,1.63E-13,2.74E-16,2.75E-19,5.67E-17,4.56E-10,0.005382777,0.994515479,0.000101704
Head 3,273,7.42E-21,4.86E-23,5.24E-28,1.22E-31,4.73E-31,2.83E-27,9.55E-24,2.56E-23,4.57E-26,4.00E-29,9.20E-30,9.67E-28,2.19E-25,4.67E-25,8.50E-27,2.39E-28,2.57E-27,8.31E-24,1.88E-20,1.78E-20,2.26E-23,7.60E-27,4.15E-27,7.84E-23,8.28E-17,2.30E-13,2.42E-15,3.40E-21,1.38E-26,9.58E-28,1.44E-24,2.66E-20,2.74E-18,1.67E-22,5.73E-26,6.32E-27,4.07E-25,2.98E-23,3.52E-22,2.92E-24,1.02E-27,4.42E-29,8.49E-27,6.98E-23,6.02E-21,5.42E-23,8.80E-27,1.76E-28,2.04E-25,1.37E-19,3.88E-16,6.84E-18,2.80E-24,1.80E-30,5.95E-32,3.80E-28,6.07E-23,1.73E-20,1.87E-22,3.78E-26,4.58E-28,1.03E-26,6.58E-24,1.41E-22,9.54E-24,1.30E-25,3.38E-25,9.06E-22,1.15E-17,1.50E-16,7.07E-20,2.54E-25,1.88E-28,1.41E-26,2.47E-21,3.73E-17,1.70E-17,2.88E-22,3.99E-27,1.07E-27,3.84E-23,4.60E-17,2.01E-14,2.86E-16,7.78E-21,7.83E-24,3.57E-23,5.82E-21,1.28E-18,9.19E-19,1.11E-20,1.54E-21,7.19E-20,1.19E-15,7.82E-14,1.66E-16,6.98E-22,1.21E-25,1.25E-24,7.70E-21,1.01E-15,1.24E-14,1.37E-18,6.38E-24,7.08E-26,1.22E-22,1.02E-16,7.61E-13,9.96E-14,4.57E-18,6.70E-22,3.36E-22,3.47E-19,4.97E-16,1.62E-15,1.58E-17,1.88E-19,1.30E-18,2.20E-15,8.96E-13,2.64E-12,7.42E-17,3.70E-19,9.66E-17,6.27E-10,0.005944317,0.993950009,0.000105743
Head 3,274,7.61E-21,5.02E-23,4.95E-28,1.32E-31,3.87E-31,2.23E-27,1.08E-23,2.70E-23,5.01E-26,4.13E-29,9.62E-30,9.29E-28,2.06E-25,4.88E-25,8.85E-27,2.59E-28,2.40E-27,8.14E-24,1.11E-20,2.20E-20,2.14E-23,6.58E-27,4.32E-27,6.80E-23,9.11E-17,2.23E-13,2.48E-15,3.27E-21,1.23E-26,8.12E-28,1.38E-24,8.04E-20,1.35E-19,1.50E-22,4.87E-26,6.06E-27,3.98E-25,2.00E-23,3.49E-22,2.84E-24,1.01E-27,4.33E-29,8.01E-27,7.62E-23,5.37E-21,6.45E-23,7.01E-27,1.81E-28,1.74E-25,4.65E-20,4.42E-16,7.59E-18,2.67E-24,1.43E-30,5.63E-32,3.48E-28,1.55E-22,1.70E-20,1.67E-22,3.11E-26,4.37E-28,1.02E-26,6.66E-24,1.41E-22,8.50E-24,1.33E-25,3.23E-25,9.56E-22,1.20E-17,1.54E-16,6.88E-20,2.35E-25,1.83E-28,1.30E-26,2.10E-21,3.86E-17,1.37E-17,2.73E-22,2.15E-26,1.68E-27,5.01E-24,2.99E-17,3.28E-14,3.61E-16,1.06E-20,1.00E-23,9.54E-24,2.99E-21,8.96E-19,8.47E-19,1.03E-20,1.26E-22,7.57E-20,1.10E-15,7.56E-14,1.99E-16,8.74E-22,1.68E-25,1.25E-25,7.86E-21,1.29E-15,1.30E-14,1.38E-18,6.49E-24,6.87E-26,1.39E-22,1.24E-16,9.19E-13,1.10E-13,4.49E-18,5.42E-22,2.97E-22,3.30E-19,4.99E-16,1.60E-15,1.07E-17,1.32E-19,9.96E-19,1.90E-15,1.26E-11,1.44E-13,5.54E-17,3.33E-19,8.70E-17,6.14E-10,0.006064517,0.993828356,0.000107114
Head 3,275,7.24E-21,5.18E-23,8.84E-28,2.51E-31,6.80E-31,4.47E-27,1.34E-23,2.92E-23,5.53E-26,5.76E-29,1.35E-29,1.20E-27,2.75E-25,6.85E-25,1.57E-26,4.27E-28,3.90E-27,1.43E-23,1.38E-20,2.35E-20,2.60E-23,1.29E-26,7.55E-27,1.13E-22,9.31E-17,2.01E-13,2.69E-15,4.87E-21,2.65E-26,2.12E-27,8.60E-25,4.26E-20,1.41E-19,1.85E-22,8.23E-26,1.14E-26,3.61E-26,3.45E-23,5.08E-22,4.68E-24,1.77E-27,7.59E-29,1.32E-26,8.93E-23,7.48E-21,8.02E-23,1.69E-26,4.11E-28,8.53E-26,8.01E-20,5.02E-16,7.68E-18,3.46E-24,3.22E-30,1.35E-31,5.20E-27,2.06E-22,1.76E-20,1.79E-22,5.11E-26,9.25E-28,2.28E-26,1.20E-23,2.18E-22,1.51E-23,2.30E-25,5.82E-25,1.33E-21,1.32E-17,1.61E-16,8.81E-20,4.56E-25,4.70E-28,2.41E-26,3.20E-21,3.17E-17,1.14E-17,1.45E-20,2.44E-26,2.62E-28,6.48E-23,4.80E-17,3.48E-14,4.27E-16,1.85E-20,2.97E-23,6.96E-24,2.65E-21,9.10E-19,8.61E-19,6.15E-22,2.10E-22,9.31E-20,1.11E-15,8.44E-14,2.58E-16,1.98E-21,8.80E-26,1.97E-25,1.15E-20,1.21E-15,1.04E-14,1.62E-18,1.17E-23,2.14E-25,4.71E-22,2.70E-16,1.29E-12,1.38E-13,6.38E-18,9.85E-22,6.00E-22,5.92E-19,7.54E-16,1.74E-15,1.35E-17,1.99E-19,1.59E-18,6.52E-15,8.29E-13,1.54E-13,9.29E-17,7.21E-19,1.94E-16,9.47E-10,0.006496812,0.993397713,0.000105417
Head 3,276,8.76E-21,7.61E-23,1.03E-27,2.34E-31,9.60E-31,5.13E-27,1.64E-23,3.49E-23,7.34E-26,7.03E-29,1.59E-29,1.55E-27,3.75E-25,1.05E-24,1.83E-26,4.74E-28,1.94E-26,1.71E-23,1.72E-20,2.78E-20,3.46E-23,1.32E-26,8.16E-27,1.10E-22,1.09E-16,2.77E-13,3.50E-15,5.99E-21,3.26E-26,2.86E-29,5.26E-24,3.97E-20,1.67E-19,2.29E-22,1.03E-25,2.19E-27,4.58E-26,3.90E-23,6.41E-22,5.11E-24,1.88E-27,8.65E-29,1.52E-26,1.31E-22,9.07E-21,1.29E-22,1.90E-26,7.49E-29,1.18E-25,1.06E-19,6.67E-16,1.04E-17,4.82E-24,3.88E-30,3.35E-30,5.48E-27,2.14E-22,1.83E-20,2.20E-22,6.59E-26,1.24E-27,2.71E-26,1.47E-23,2.88E-22,1.82E-23,2.92E-25,6.95E-25,1.65E-21,1.63E-17,2.10E-16,1.07E-19,5.78E-25,4.62E-28,2.98E-26,3.06E-21,3.62E-17,1.71E-15,3.51E-21,3.96E-27,5.02E-27,9.33E-23,6.89E-17,5.16E-14,8.04E-16,3.75E-19,1.50E-23,4.99E-24,2.89E-21,1.18E-18,1.55E-19,1.13E-21,2.80E-22,1.29E-19,1.77E-15,1.23E-13,3.92E-16,1.23E-21,6.61E-26,1.88E-25,1.31E-20,1.36E-15,1.16E-14,1.47E-18,1.39E-23,3.07E-25,6.35E-22,3.22E-16,1.57E-12,1.82E-13,7.85E-18,1.19E-21,7.10E-22,6.73E-19,7.36E-16,1.76E-15,1.35E-17,1.90E-19,2.11E-19,2.04E-15,6.57E-13,1.56E-13,9.64E-17,7.96E-19,2.11E-16,1.20E-09,0.00861274,0.991253197,0.00013406
Head 3,277,1.23E-20,9.54E-23,1.17E-27,4.81E-31,1.61E-30,8.51E-27,2.31E-23,4.95E-23,9.66E-26,9.36E-29,2.21E-29,2.26E-27,6.33E-25,1.38E-24,2.35E-26,7.24E-27,2.58E-26,2.22E-23,2.07E-20,3.69E-20,4.19E-23,1.90E-26,1.08E-26,1.57E-22,1.48E-16,3.38E-13,4.30E-15,8.88E-21,3.37E-29,1.04E-27,5.48E-24,5.16E-20,2.06E-19,3.08E-22,6.23E-25,3.26E-27,6.18E-26,5.88E-23,8.51E-22,6.78E-24,2.68E-27,1.20E-28,2.26E-26,1.51E-22,1.31E-20,1.49E-22,6.92E-27,1.36E-28,1.85E-25,1.43E-19,8.35E-16,1.28E-17,6.21E-24,1.72E-28,4.86E-30,7.24E-27,2.56E-22,2.36E-20,3.10E-22,1.05E-25,1.92E-27,4.45E-26,2.39E-23,4.44E-22,2.96E-23,4.45E-25,1.03E-24,1.94E-21,2.04E-17,2.21E-16,1.34E-19,7.01E-25,7.28E-28,3.77E-26,3.11E-21,2.52E-15,2.26E-16,1.46E-21,3.63E-26,7.36E-27,1.42E-22,9.37E-17,7.72E-14,2.99E-14,1.99E-19,9.82E-24,4.82E-24,3.30E-21,1.32E-18,2.69E-19,1.41E-21,3.86E-22,1.83E-19,2.17E-15,1.35E-13,2.92E-16,1.21E-21,7.52E-26,2.71E-25,1.76E-20,1.39E-15,8.17E-15,1.52E-18,2.07E-23,5.58E-25,1.01E-21,4.56E-16,2.26E-12,2.39E-13,1.05E-17,1.65E-21,8.52E-22,7.26E-19,8.25E-16,2.03E-15,1.52E-17,4.29E-21,1.08E-18,1.35E-15,5.64E-13,1.44E-13,1.08E-16,1.00E-18,3.13E-16,1.42E-09,0.007495182,0.992371917,0.000132951
Head 3,278,1.34E-20,9.14E-23,1.93E-27,6.61E-31,2.34E-30,1.07E-26,2.79E-23,5.60E-23,1.15E-25,1.17E-28,3.03E-29,3.64E-27,7.66E-25,1.55E-24,3.09E-25,8.97E-27,3.09E-26,2.66E-23,2.57E-20,4.07E-20,5.29E-23,2.19E-26,1.37E-26,1.89E-22,1.70E-16,3.73E-13,5.59E-15,1.23E-24,1.83E-27,1.03E-27,7.16E-24,6.20E-20,2.57E-19,1.52E-20,8.56E-25,4.24E-27,8.69E-26,7.61E-23,1.02E-21,8.66E-24,3.28E-27,1.69E-28,2.68E-26,2.13E-22,1.49E-20,2.20E-22,1.15E-26,2.02E-28,2.50E-25,1.78E-19,9.89E-16,1.53E-17,1.68E-22,2.24E-28,6.05E-30,8.37E-27,3.04E-22,2.87E-20,3.96E-22,1.36E-25,2.67E-27,6.04E-26,3.19E-23,6.05E-22,3.69E-23,5.70E-25,1.06E-24,2.63E-21,2.14E-17,2.57E-16,1.53E-19,9.86E-25,1.19E-27,3.76E-26,9.36E-20,5.57E-16,1.89E-16,3.36E-21,5.27E-26,1.17E-26,2.10E-22,1.27E-16,8.75E-13,1.91E-14,1.21E-19,8.54E-24,5.28E-24,1.90E-20,2.53E-18,3.39E-19,2.04E-21,5.96E-22,2.67E-19,2.54E-15,8.72E-14,2.87E-16,1.13E-21,9.77E-26,4.18E-25,2.07E-20,1.03E-15,7.05E-15,1.54E-18,2.83E-23,7.86E-25,1.32E-21,5.79E-16,2.81E-12,3.04E-13,1.41E-17,1.87E-21,9.23E-22,8.42E-19,9.98E-16,2.41E-15,5.84E-19,1.45E-19,6.76E-19,1.16E-15,5.09E-13,1.54E-13,1.38E-16,1.57E-18,3.95E-16,1.76E-09,0.008268096,0.991569102,0.000162833
Head 3,279,1.30E-20,1.34E-22,2.48E-27,9.94E-31,3.39E-30,1.45E-26,3.29E-23,6.42E-23,1.32E-25,1.50E-28,4.78E-29,4.50E-27,8.61E-25,7.23E-24,3.97E-25,1.02E-26,3.76E-26,3.46E-23,2.95E-20,5.06E-20,5.91E-23,2.67E-26,1.68E-26,2.32E-22,1.91E-16,4.59E-13,1.69E-19,1.32E-22,1.93E-27,1.45E-27,9.85E-24,7.87E-20,3.80E-18,1.75E-20,1.01E-24,5.60E-27,1.23E-25,9.57E-23,1.30E-21,9.42E-24,4.25E-27,1.97E-28,3.72E-26,2.53E-22,8.61E-20,3.17E-22,1.52E-26,2.56E-28,2.98E-25,2.14E-19,1.11E-15,2.39E-16,1.87E-22,2.69E-28,7.43E-30,1.10E-26,3.81E-22,3.39E-20,4.75E-22,1.77E-25,3.72E-27,9.16E-26,4.92E-23,7.77E-22,4.71E-23,5.70E-25,1.62E-24,2.94E-21,2.49E-17,2.74E-16,1.82E-19,1.74E-24,1.15E-27,1.11E-24,2.97E-20,5.21E-16,1.61E-16,4.56E-21,7.84E-26,1.88E-26,2.90E-22,1.56E-16,6.68E-13,1.12E-14,9.27E-20,8.46E-24,2.92E-23,4.11E-20,3.09E-18,4.52E-19,2.96E-21,9.08E-22,3.61E-19,2.25E-15,8.62E-14,2.45E-16,1.29E-21,1.58E-25,6.05E-25,2.12E-20,9.32E-16,5.64E-15,1.56E-18,3.55E-23,1.01E-24,1.60E-21,7.07E-16,3.31E-12,3.58E-13,1.44E-17,1.83E-21,1.00E-21,9.68E-19,1.15E-15,1.00E-15,1.15E-17,8.10E-20,5.26E-19,9.92E-16,5.07E-13,1.87E-13,1.91E-16,1.91E-18,5.87E-16,1.91E-09,0.007841604,0.991998971,0.000159489
Head 3,280,2.04E-20,1.70E-22,3.43E-27,1.40E-30,4.89E-30,1.89E-26,4.07E-23,7.63E-23,1.66E-25,2.29E-28,6.41E-29,5.94E-27,1.31E-24,1.15E-23,4.85E-25,1.25E-26,5.15E-26,4.36E-23,3.92E-20,6.00E-20,7.08E-23,3.32E-26,2.17E-26,2.90E-22,2.64E-16,4.55E-18,1.78E-16,1.57E-22,2.62E-27,2.21E-27,1.41E-23,3.81E-20,4.73E-18,2.21E-20,1.34E-24,8.48E-27,1.77E-25,1.44E-22,1.55E-21,1.25E-23,5.06E-27,2.80E-28,5.17E-26,1.70E-21,1.34E-19,4.23E-22,1.83E-26,2.86E-28,3.95E-25,2.81E-19,2.34E-14,2.70E-16,2.26E-22,3.38E-28,1.14E-29,1.74E-26,5.72E-22,4.82E-20,6.54E-22,2.55E-25,5.91E-27,1.55E-25,6.87E-23,1.05E-21,4.82E-23,9.45E-25,1.96E-24,3.82E-21,2.86E-17,3.42E-16,2.81E-19,1.74E-24,1.12E-25,2.46E-25,3.68E-20,4.45E-16,2.66E-16,6.49E-21,1.23E-25,2.78E-26,6.37E-23,1.64E-16,5.30E-13,9.36E-15,8.64E-20,7.81E-24,7.81E-23,5.84E-20,4.89E-18,7.57E-19,5.08E-21,1.58E-21,1.19E-18,2.62E-15,8.88E-14,2.90E-16,2.04E-21,2.58E-25,9.66E-25,2.82E-20,9.62E-16,5.80E-15,1.93E-18,4.51E-23,1.23E-24,2.01E-21,8.97E-16,4.06E-12,3.87E-13,1.35E-17,1.87E-21,1.16E-21,1.29E-18,7.37E-15,2.30E-15,7.66E-18,6.52E-20,4.86E-19,1.09E-15,7.04E-13,2.59E-13,2.45E-16,2.96E-18,6.95E-16,2.27E-09,0.009200382,0.99063009,0.00016957
Head 3,281,2.29E-20,1.97E-22,3.99E-27,1.75E-30,5.56E-30,2.11E-26,4.67E-23,9.11E-23,2.17E-25,2.63E-28,6.93E-29,3.75E-27,1.83E-24,1.29E-23,5.18E-25,1.52E-26,5.75E-26,5.03E-23,4.32E-20,6.62E-20,8.22E-23,3.78E-26,2.39E-26,3.63E-22,1.32E-21,9.60E-14,2.49E-16,1.81E-22,3.17E-27,2.51E-27,2.78E-25,4.18E-20,5.60E-18,2.58E-20,1.61E-24,9.93E-27,2.21E-25,1.55E-22,1.92E-21,1.40E-23,6.10E-27,3.20E-28,4.03E-26,2.17E-21,1.53E-19,4.25E-22,1.60E-26,3.06E-28,4.46E-25,1.00E-17,2.44E-14,2.94E-16,2.30E-22,3.96E-28,1.36E-29,2.06E-26,6.72E-22,5.58E-20,7.91E-22,3.18E-25,7.79E-27,1.76E-25,8.01E-23,9.79E-22,7.60E-23,1.03E-24,2.16E-24,3.53E-21,3.20E-17,3.28E-16,2.75E-19,5.38E-22,6.68E-27,4.21E-25,2.85E-20,7.99E-16,3.35E-16,8.04E-21,1.50E-25,2.68E-27,5.41E-23,1.45E-16,4.81E-13,8.53E-15,7.27E-21,1.83E-23,8.42E-23,7.70E-20,7.14E-18,1.10E-18,7.62E-21,1.80E-20,1.07E-18,2.41E-15,9.41E-14,3.73E-16,2.79E-21,4.27E-25,1.38E-24,3.19E-20,9.39E-16,6.28E-15,2.15E-18,5.13E-23,1.28E-24,2.18E-21,1.02E-15,4.64E-12,3.70E-13,1.26E-17,1.76E-21,1.22E-21,1.60E-17,1.36E-15,1.68E-15,5.74E-18,5.22E-20,4.38E-19,1.29E-15,8.13E-13,3.01E-13,2.78E-16,2.92E-18,7.59E-16,2.55E-09,0.009103466,0.99070555,0.000191027
Head 3,282,2.42E-20,2.04E-22,4.57E-27,1.76E-30,5.36E-30,2.16E-26,4.99E-23,1.02E-22,2.28E-25,2.54E-28,5.54E-29,4.43E-27,1.87E-24,1.22E-23,5.55E-25,1.48E-26,5.81E-26,5.12E-23,4.53E-20,7.26E-20,8.45E-23,3.68E-26,2.59E-26,4.81E-27,1.55E-16,1.58E-13,2.74E-16,1.91E-22,3.30E-27,3.68E-29,2.66E-25,4.52E-20,6.10E-18,2.69E-20,1.69E-24,1.08E-26,2.16E-25,1.72E-22,1.91E-21,1.46E-23,5.93E-27,1.25E-29,4.90E-26,2.48E-21,1.54E-19,3.55E-22,1.51E-26,3.06E-28,1.83E-23,9.65E-18,2.47E-14,2.72E-16,2.39E-22,4.26E-28,1.45E-29,2.23E-26,7.13E-22,6.27E-20,8.90E-22,3.70E-25,8.09E-27,1.87E-25,6.74E-23,1.43E-21,7.49E-23,9.70E-25,1.65E-24,3.74E-21,2.19E-17,3.16E-16,7.34E-17,1.30E-23,1.95E-26,2.03E-25,5.67E-20,1.02E-15,3.88E-16,9.57E-21,2.37E-26,1.91E-27,4.99E-23,1.34E-16,4.39E-13,2.44E-16,1.63E-20,1.71E-23,1.07E-22,1.14E-19,1.06E-17,1.53E-18,1.46E-19,1.38E-20,8.93E-19,2.37E-15,9.87E-14,3.82E-16,3.72E-21,5.78E-25,1.63E-24,3.22E-20,9.34E-16,6.56E-15,2.61E-18,4.85E-23,1.14E-24,1.99E-21,9.55E-16,3.88E-12,3.10E-13,1.05E-17,1.55E-21,4.00E-21,1.11E-18,1.02E-15,1.21E-15,4.14E-18,4.01E-20,4.56E-19,1.34E-15,8.82E-13,2.53E-13,2.42E-16,2.83E-18,7.80E-16,2.42E-09,0.00853892,0.991292894,0.000168205
Head 3,283,2.64E-20,2.73E-22,6.38E-27,2.66E-30,8.77E-30,3.35E-26,7.19E-23,1.33E-22,2.62E-25,6.78E-28,6.95E-29,5.10E-27,2.08E-24,1.60E-23,7.04E-25,2.08E-26,7.83E-26,6.63E-23,5.53E-20,8.72E-20,1.09E-22,5.84E-26,1.07E-29,2.00E-22,3.21E-16,1.90E-13,3.26E-16,2.94E-22,8.61E-28,5.78E-29,4.00E-25,5.88E-20,6.66E-18,3.12E-20,2.23E-24,1.41E-26,3.35E-25,2.30E-22,2.76E-21,1.98E-23,4.45E-29,2.03E-29,6.60E-26,2.73E-21,1.44E-19,4.04E-22,2.22E-26,8.35E-27,2.47E-23,1.19E-17,2.56E-14,3.19E-16,3.35E-22,6.48E-28,2.32E-29,2.98E-26,9.13E-22,7.72E-20,1.20E-21,5.24E-25,1.25E-26,2.29E-25,1.44E-22,2.10E-21,1.01E-22,1.00E-24,2.35E-24,3.40E-21,2.22E-17,1.46E-14,3.54E-18,7.36E-23,7.31E-27,5.99E-25,9.52E-20,1.35E-15,5.12E-16,4.77E-21,2.31E-26,2.63E-27,6.35E-23,1.54E-16,4.00E-14,5.87E-16,1.77E-20,2.81E-23,2.10E-22,2.30E-19,1.75E-17,1.34E-17,1.32E-19,1.34E-20,1.02E-18,2.76E-15,1.06E-13,5.67E-16,7.75E-21,1.18E-24,2.90E-24,4.15E-20,1.05E-15,9.52E-15,3.36E-18,6.60E-23,1.72E-24,2.79E-21,1.13E-15,4.51E-12,3.64E-13,1.30E-17,1.14E-21,1.07E-21,1.11E-18,1.01E-15,1.19E-15,4.41E-18,5.81E-20,6.38E-19,1.78E-15,7.96E-13,2.82E-13,3.24E-16,4.47E-18,1.14E-15,3.05E-09,0.009547259,0.990273893,0.000178857
Head 3,284,3.64E-20,3.64E-22,9.75E-27,5.12E-30,1.77E-29,6.44E-26,1.07E-22,1.59E-22,1.68E-24,8.44E-28,9.14E-29,7.09E-27,3.17E-24,2.14E-23,1.08E-24,3.18E-26,1.25E-25,9.55E-23,7.31E-20,1.13E-19,1.71E-22,1.21E-27,1.29E-26,5.22E-22,4.44E-16,2.17E-13,4.82E-16,7.60E-22,1.57E-27,1.16E-28,7.47E-25,8.36E-20,8.21E-18,4.05E-20,2.97E-24,2.63E-26,5.44E-25,4.11E-22,4.11E-21,1.75E-25,8.41E-29,3.58E-29,1.00E-25,3.22E-21,1.72E-19,5.89E-22,1.19E-25,1.45E-26,4.42E-23,1.69E-17,3.32E-14,4.39E-16,5.09E-22,1.25E-27,4.05E-29,5.30E-26,1.39E-21,1.10E-19,1.74E-21,8.65E-25,1.83E-26,6.09E-25,2.66E-22,3.16E-21,1.09E-22,1.64E-24,4.27E-24,3.81E-21,1.17E-16,3.49E-15,1.09E-17,1.98E-23,2.53E-26,1.60E-24,2.06E-19,2.20E-15,4.83E-16,4.83E-21,3.45E-26,4.47E-27,1.07E-22,1.93E-16,8.57E-14,6.09E-16,3.00E-20,7.05E-23,6.82E-22,5.85E-19,2.64E-17,1.38E-17,1.46E-19,1.95E-20,1.70E-18,3.64E-15,1.46E-13,1.09E-15,1.55E-20,2.79E-24,5.41E-24,6.20E-20,1.69E-15,1.28E-14,4.47E-18,1.08E-22,2.92E-24,4.38E-21,1.72E-15,6.02E-12,4.66E-13,4.00E-18,1.97E-21,1.29E-21,1.46E-18,1.18E-15,1.39E-15,6.80E-18,9.64E-20,1.05E-18,2.04E-15,9.82E-13,3.66E-13,5.24E-16,7.98E-18,2.06E-15,4.63E-09,0.011368738,0.988401175,0.000230084
Head 3,285,5.29E-20,5.12E-22,1.66E-26,9.95E-30,4.03E-29,1.13E-25,1.51E-22,1.13E-21,1.93E-24,1.04E-27,1.35E-28,1.21E-26,4.54E-24,3.35E-23,1.58E-24,5.03E-26,1.93E-25,1.41E-22,1.01E-19,1.68E-19,4.10E-23,3.65E-26,3.26E-26,8.59E-22,6.08E-16,3.24E-13,8.54E-16,1.07E-21,2.55E-27,2.27E-28,1.37E-24,1.23E-19,1.12E-17,4.72E-20,4.88E-24,3.97E-26,1.06E-24,6.73E-22,2.25E-22,3.10E-25,1.45E-28,6.07E-29,1.44E-25,4.40E-21,2.32E-19,5.87E-22,1.70E-25,2.67E-26,7.43E-23,2.51E-17,4.50E-14,5.55E-16,7.96E-22,1.89E-27,8.03E-29,1.03E-25,2.54E-21,1.78E-19,2.75E-21,1.22E-24,4.70E-26,1.24E-24,4.41E-22,3.44E-21,1.73E-22,4.61E-24,4.42E-24,1.03E-20,1.26E-16,3.33E-15,3.64E-18,4.38E-23,6.36E-26,4.38E-24,4.09E-19,2.80E-15,4.17E-16,5.14E-21,4.96E-26,7.96E-27,1.41E-21,3.98E-16,9.26E-14,8.70E-16,6.26E-20,2.30E-22,2.14E-21,2.01E-19,2.58E-17,1.42E-17,1.98E-19,3.51E-20,2.51E-18,4.96E-15,2.39E-13,1.61E-15,2.98E-20,5.31E-24,9.39E-24,1.09E-19,2.64E-15,1.71E-14,6.40E-18,1.65E-22,4.51E-24,7.41E-21,2.52E-15,7.79E-12,1.97E-13,1.35E-17,1.86E-21,1.62E-21,1.84E-18,1.52E-15,2.02E-15,1.02E-17,1.51E-19,1.36E-18,2.60E-15,1.18E-12,4.87E-13,7.51E-16,1.33E-17,3.40E-15,6.51E-09,0.011826523,0.987932861,0.000240592
Head 3,286,7.18E-20,8.00E-22,2.89E-26,2.23E-29,6.86E-29,1.66E-25,5.40E-22,1.23E-21,2.16E-24,1.42E-27,2.28E-28,1.78E-26,7.10E-24,4.64E-23,2.27E-24,7.42E-26,2.82E-25,2.02E-22,1.53E-19,4.02E-20,3.97E-22,7.41E-26,4.98E-26,1.24E-21,9.35E-16,3.93E-14,1.17E-15,1.52E-21,4.83E-27,4.41E-28,2.17E-24,1.82E-19,1.29E-17,7.13E-20,6.75E-24,7.66E-26,1.81E-24,2.41E-22,3.70E-22,4.65E-25,2.18E-28,8.64E-29,2.23E-25,6.58E-21,1.97E-19,8.00E-22,3.21E-25,4.81E-26,1.22E-22,3.69E-17,5.91E-14,8.14E-16,1.05E-21,3.50E-27,1.50E-28,1.93E-25,4.03E-21,2.58E-19,3.61E-21,2.68E-24,9.16E-26,2.15E-24,4.96E-22,5.30E-21,4.54E-22,3.90E-24,6.43E-23,1.30E-20,6.81E-17,3.33E-15,6.43E-18,1.02E-22,1.84E-25,1.03E-23,8.41E-19,2.27E-15,3.97E-16,6.94E-21,8.55E-26,2.36E-25,2.78E-21,5.02E-16,1.28E-13,1.51E-15,1.70E-19,7.44E-22,8.19E-22,1.79E-19,2.67E-17,1.94E-17,3.78E-19,5.87E-20,4.05E-18,8.58E-15,3.37E-13,2.60E-15,4.94E-20,8.11E-24,1.37E-23,1.61E-19,3.59E-15,2.41E-14,1.03E-17,2.59E-22,7.75E-24,1.11E-20,3.44E-15,8.13E-12,4.31E-13,1.09E-17,2.02E-21,2.00E-21,2.57E-18,2.21E-15,2.81E-15,1.46E-17,1.93E-19,1.75E-18,3.32E-15,1.60E-12,6.51E-13,1.14E-15,2.17E-17,5.17E-15,8.24E-09,0.013353114,0.986402333,0.000244517
Head 3,287,8.87E-20,1.18E-21,6.50E-26,4.20E-29,1.17E-28,2.98E-25,6.42E-22,1.39E-21,2.86E-24,2.36E-27,3.32E-28,2.55E-26,8.99E-24,6.20E-23,3.45E-24,1.16E-25,4.43E-25,3.18E-22,4.22E-21,1.66E-18,6.15E-22,9.72E-26,6.56E-26,1.63E-21,4.71E-18,4.94E-14,1.55E-15,3.37E-21,1.15E-26,8.74E-28,3.67E-24,2.13E-19,1.71E-17,8.93E-20,1.22E-23,1.29E-25,9.02E-25,3.72E-22,4.98E-22,6.21E-25,2.88E-28,1.26E-28,2.87E-25,1.51E-20,2.10E-19,1.29E-21,5.65E-25,8.39E-26,1.94E-22,5.10E-17,8.57E-14,1.06E-15,1.98E-21,6.43E-27,2.66E-28,2.58E-25,4.46E-21,2.62E-19,5.95E-21,4.56E-24,1.59E-25,2.57E-24,7.99E-22,9.55E-21,3.64E-22,1.26E-21,1.90E-23,1.01E-20,1.26E-16,4.80E-15,1.37E-17,2.89E-22,5.25E-25,5.14E-23,5.80E-19,1.80E-15,4.38E-16,1.01E-20,1.21E-24,4.36E-25,3.75E-21,6.62E-16,1.80E-13,3.26E-15,5.17E-19,1.94E-21,7.51E-22,1.91E-19,3.83E-17,3.99E-17,7.38E-19,1.24E-19,8.74E-18,1.50E-14,5.91E-13,4.87E-15,9.10E-20,1.38E-23,2.06E-23,2.05E-19,4.21E-15,3.45E-14,1.59E-17,4.83E-22,1.37E-23,1.83E-20,4.08E-15,9.47E-12,4.03E-13,1.25E-17,2.63E-21,2.97E-21,3.65E-18,2.89E-15,3.77E-15,1.81E-17,2.61E-19,2.40E-18,4.52E-15,1.92E-12,8.56E-13,1.72E-15,3.20E-17,7.12E-15,1.02E-08,0.013917185,0.985752285,0.000330566
Head 3,288,7.23E-20,1.62E-21,1.03E-25,7.63E-29,1.70E-28,3.51E-25,5.56E-22,1.29E-21,3.82E-24,3.76E-27,5.89E-28,3.83E-26,1.15E-23,7.85E-23,4.60E-24,1.81E-25,7.77E-25,1.37E-24,1.24E-18,1.98E-18,7.06E-22,1.24E-25,8.42E-26,2.40E-24,4.31E-18,3.81E-14,2.49E-15,7.47E-21,3.29E-26,2.47E-27,5.95E-24,2.57E-19,1.61E-17,1.23E-19,2.04E-23,1.91E-26,1.58E-24,4.40E-22,4.76E-22,6.19E-25,3.88E-28,1.81E-28,3.80E-24,1.54E-20,2.92E-19,2.24E-21,1.21E-24,1.93E-25,3.68E-22,8.35E-17,1.01E-13,1.81E-15,3.98E-21,1.51E-26,4.69E-28,2.76E-25,2.90E-21,2.10E-19,5.47E-21,5.89E-24,1.99E-25,4.46E-24,9.00E-22,5.74E-21,6.82E-19,4.67E-23,4.85E-23,1.29E-20,1.76E-16,8.45E-15,2.99E-17,9.21E-22,7.53E-24,4.21E-23,5.16E-19,1.75E-15,5.34E-16,4.27E-20,2.95E-24,8.12E-25,5.27E-21,5.81E-16,1.78E-13,4.72E-15,1.02E-17,2.09E-21,1.04E-21,3.45E-19,8.03E-17,7.18E-17,1.67E-18,3.46E-19,2.14E-17,2.97E-14,9.86E-13,7.71E-15,1.55E-19,2.05E-23,2.49E-23,1.80E-19,3.46E-15,3.07E-14,2.07E-17,8.52E-22,2.67E-23,6.97E-21,4.78E-15,7.13E-12,3.51E-13,1.57E-17,5.03E-21,5.88E-21,5.49E-18,3.06E-15,3.10E-15,1.89E-17,3.52E-19,3.75E-18,5.87E-15,2.37E-12,1.11E-12,2.38E-15,5.02E-17,1.10E-14,1.17E-08,0.011678058,0.987894595,0.000427382
Head 3,289,7.56E-20,1.81E-21,1.22E-25,9.83E-29,1.76E-28,2.64E-25,4.36E-22,1.37E-21,5.42E-24,7.30E-27,1.22E-27,7.17E-26,1.79E-23,9.89E-23,5.52E-24,2.53E-25,4.21E-27,3.65E-22,2.11E-18,2.81E-18,7.84E-22,1.21E-25,3.08E-28,2.20E-24,3.43E-18,6.03E-14,4.15E-15,1.54E-20,7.36E-26,3.85E-27,7.96E-24,2.66E-19,2.05E-17,1.74E-19,3.72E-25,3.38E-26,2.07E-24,3.94E-22,3.33E-22,4.52E-25,3.25E-28,4.33E-27,4.16E-24,2.32E-20,5.09E-19,3.83E-21,1.98E-24,2.78E-25,5.95E-22,1.07E-16,1.86E-13,3.56E-15,8.37E-21,2.60E-26,5.30E-28,1.82E-25,2.04E-21,1.35E-19,4.20E-21,5.16E-24,2.75E-25,4.94E-24,4.51E-22,3.58E-18,6.26E-21,1.82E-22,1.26E-23,2.26E-20,3.72E-16,1.57E-14,6.22E-17,7.88E-21,4.00E-24,3.07E-23,4.86E-19,2.31E-15,9.50E-16,1.01E-19,4.62E-24,1.07E-24,4.10E-21,4.31E-16,1.38E-13,1.37E-13,7.72E-18,2.26E-21,2.07E-21,8.68E-19,1.48E-16,1.39E-16,4.04E-18,8.74E-19,5.55E-17,6.61E-14,1.83E-12,1.26E-14,1.61E-19,1.61E-23,1.66E-23,1.20E-19,2.81E-15,3.31E-14,2.68E-17,1.06E-21,1.69E-24,2.16E-20,3.03E-15,4.66E-12,2.97E-13,2.20E-17,1.00E-20,1.11E-20,6.70E-18,2.25E-15,2.12E-15,1.41E-17,3.43E-19,4.01E-18,7.34E-15,2.84E-12,1.15E-12,2.17E-15,4.70E-17,9.75E-15,9.23E-09,0.010115076,0.989317834,0.000567143
Head 3,290,7.21E-20,1.64E-21,1.95E-25,1.15E-28,1.49E-28,2.25E-25,4.18E-22,1.43E-21,7.12E-24,1.07E-26,1.87E-27,1.05E-25,2.32E-23,1.15E-22,6.75E-24,1.08E-26,2.48E-26,5.08E-22,2.78E-18,3.00E-18,8.32E-22,2.36E-27,3.30E-28,1.83E-24,4.69E-18,7.13E-14,5.41E-15,2.34E-20,8.95E-26,5.00E-27,8.32E-24,3.06E-19,2.21E-17,8.55E-22,5.17E-25,4.42E-26,2.18E-24,3.39E-22,2.70E-22,3.76E-25,4.62E-27,4.28E-27,4.84E-24,3.09E-20,6.42E-19,4.64E-21,2.15E-24,3.87E-25,6.03E-22,1.47E-16,2.56E-13,5.13E-15,1.20E-20,3.26E-26,4.96E-28,2.06E-25,1.80E-21,1.09E-19,3.43E-21,5.84E-24,5.68E-25,2.77E-24,1.31E-20,8.80E-20,2.28E-20,1.16E-23,2.09E-23,4.03E-20,5.43E-16,2.25E-14,1.84E-16,4.54E-21,2.65E-24,2.24E-23,4.57E-19,2.14E-15,1.72E-15,1.10E-19,5.61E-24,1.01E-24,3.97E-21,3.57E-16,1.22E-12,8.12E-14,4.90E-18,2.85E-21,3.82E-21,1.31E-18,2.24E-16,2.30E-16,6.14E-18,1.47E-18,8.67E-17,9.80E-14,2.80E-12,1.39E-14,1.42E-19,1.29E-23,1.17E-23,9.87E-20,2.86E-15,3.89E-14,2.98E-17,5.58E-23,2.32E-23,1.62E-20,2.04E-15,3.00E-12,2.48E-13,2.77E-17,1.47E-20,1.36E-20,6.25E-18,1.87E-15,1.66E-15,1.23E-17,3.13E-19,4.44E-18,7.80E-15,2.75E-12,8.85E-13,1.78E-15,4.09E-17,8.16E-15,7.37E-09,0.008683993,0.990624964,0.0006911
Head 3,291,5.21E-22,2.14E-22,5.73E-26,1.23E-29,5.92E-30,1.41E-26,1.71E-22,6.48E-21,6.19E-23,1.82E-26,2.48E-28,3.40E-27,1.85E-24,1.19E-22,5.51E-24,1.26E-27,8.52E-27,5.40E-23,9.07E-19,2.62E-17,6.22E-22,1.94E-25,3.20E-27,1.95E-24,1.21E-18,4.59E-14,2.72E-14,1.34E-19,1.06E-25,2.63E-28,9.36E-26,5.74E-21,6.85E-21,1.47E-22,2.96E-26,1.82E-28,1.76E-27,8.39E-25,1.11E-23,7.86E-25,8.95E-28,5.18E-29,3.94E-27,1.19E-23,1.20E-21,6.70E-23,9.62E-26,3.33E-27,1.51E-24,2.73E-19,2.60E-15,4.77E-16,2.02E-21,9.19E-28,1.35E-30,8.48E-29,1.14E-24,3.75E-22,3.84E-23,1.95E-25,2.72E-28,3.36E-28,8.00E-25,2.71E-21,1.74E-22,4.70E-24,1.14E-24,1.25E-22,5.17E-19,3.91E-17,2.61E-18,1.65E-22,1.80E-26,8.50E-27,1.24E-23,2.78E-19,1.08E-18,3.79E-22,1.08E-26,3.98E-28,7.27E-25,3.38E-19,9.47E-15,3.72E-15,2.22E-19,1.61E-23,1.49E-24,3.16E-22,3.03E-19,2.39E-18,1.26E-19,6.50E-21,4.60E-20,3.67E-17,7.44E-15,8.98E-16,7.83E-20,3.79E-24,3.65E-25,5.70E-22,2.20E-17,1.95E-15,4.63E-19,2.02E-22,6.63E-25,9.69E-23,1.86E-17,3.36E-13,3.95E-13,6.64E-17,3.95E-21,3.00E-22,6.77E-20,1.30E-16,1.54E-15,2.64E-17,1.44E-19,1.18E-19,4.36E-17,3.54E-14,2.06E-13,4.00E-15,8.24E-17,2.60E-15,6.21E-10,0.001128388,0.993019521,0.00585208
Head 3,292,2.20E-22,8.81E-23,9.86E-27,1.49E-30,9.32E-31,2.51E-27,4.71E-23,1.76E-21,1.27E-23,3.13E-27,3.71E-29,5.56E-28,4.34E-25,1.32E-23,1.86E-26,2.87E-28,1.53E-27,9.73E-24,2.39E-19,9.09E-21,1.68E-22,3.66E-26,9.80E-28,5.85E-25,3.91E-19,1.98E-14,5.38E-15,2.42E-20,1.09E-26,3.63E-29,1.49E-26,8.55E-24,2.15E-21,3.51E-23,4.50E-27,2.08E-29,2.75E-28,1.76E-25,1.12E-23,1.90E-25,2.15E-28,1.12E-29,8.21E-28,2.48E-24,2.10E-22,1.46E-23,9.34E-27,5.17E-28,2.31E-25,5.98E-20,6.85E-16,1.05E-16,3.24E-22,1.78E-28,2.17E-31,1.94E-29,3.41E-25,1.54E-22,1.41E-22,2.69E-26,3.80E-30,2.84E-29,3.55E-25,3.48E-23,8.81E-23,2.33E-24,3.77E-25,3.10E-23,4.93E-20,8.90E-18,5.56E-19,2.40E-23,2.15E-27,2.82E-28,4.27E-24,5.88E-20,2.80E-19,8.06E-23,2.12E-27,1.04E-28,5.45E-26,8.77E-20,2.39E-15,9.66E-16,6.35E-20,3.13E-24,3.72E-25,9.38E-23,8.71E-20,6.60E-19,2.85E-20,1.13E-21,8.25E-21,7.04E-18,1.57E-15,2.08E-16,1.49E-20,6.63E-25,8.57E-26,1.85E-22,9.61E-18,5.09E-16,2.53E-18,4.19E-23,9.88E-26,1.33E-23,3.24E-18,8.83E-14,1.14E-13,1.26E-17,5.83E-22,3.99E-23,1.48E-20,3.85E-17,4.66E-16,7.76E-18,3.54E-20,2.54E-20,7.54E-18,7.58E-15,5.13E-14,8.86E-16,1.70E-17,6.66E-16,1.82E-10,0.000442286,0.997081578,0.002476114
Head 3,293,2.10E-22,5.15E-23,3.86E-27,6.37E-31,3.21E-31,1.10E-27,2.26E-23,8.26E-22,6.49E-24,1.40E-27,1.59E-29,2.82E-28,6.46E-26,5.70E-25,1.20E-26,1.25E-28,6.20E-28,5.29E-24,1.30E-22,5.16E-21,6.98E-23,2.01E-26,4.45E-28,2.60E-25,2.76E-19,9.25E-15,3.27E-15,9.84E-21,4.68E-27,1.20E-29,6.44E-29,4.99E-24,1.15E-21,1.53E-23,1.52E-27,8.28E-30,1.16E-28,4.95E-25,4.61E-24,8.91E-26,9.21E-29,4.86E-30,3.74E-28,1.13E-24,1.30E-22,4.62E-24,4.27E-27,1.77E-28,9.84E-26,3.14E-20,3.68E-16,5.42E-17,1.90E-22,6.56E-29,7.86E-32,7.01E-30,1.89E-25,6.08E-22,5.62E-23,1.46E-27,8.22E-31,5.24E-29,1.87E-26,3.87E-23,9.90E-23,1.88E-24,2.25E-25,1.57E-23,2.06E-20,5.18E-18,2.81E-19,9.21E-24,1.00E-28,2.06E-28,1.75E-24,3.57E-20,1.76E-19,4.62E-23,1.32E-27,8.28E-30,1.71E-26,3.36E-20,1.18E-15,6.84E-16,3.75E-20,2.60E-24,2.99E-25,6.62E-23,5.37E-20,3.55E-19,1.31E-20,5.34E-22,3.80E-21,3.52E-18,8.74E-16,1.05E-16,5.74E-21,2.44E-25,3.25E-26,9.26E-23,1.10E-17,7.09E-16,1.78E-18,2.01E-23,3.48E-26,4.24E-24,1.33E-18,5.05E-14,5.75E-14,4.88E-18,1.86E-22,1.65E-23,6.38E-21,1.66E-17,2.12E-16,3.61E-18,1.50E-20,8.54E-21,3.02E-18,3.57E-15,2.07E-14,3.03E-16,6.00E-18,2.49E-16,1.03E-10,0.002004205,0.996809661,0.001186089
Head 3,294,3.24E-22,5.44E-23,4.39E-27,5.41E-31,3.11E-31,1.16E-27,2.57E-23,1.05E-21,6.91E-24,1.27E-27,1.52E-29,4.00E-29,1.61E-25,8.74E-25,1.13E-26,9.90E-29,5.89E-28,8.73E-26,1.35E-22,4.78E-21,9.11E-23,2.09E-26,4.23E-28,3.57E-25,2.65E-19,1.25E-14,3.45E-15,1.05E-20,3.43E-27,6.41E-32,7.29E-29,5.42E-24,1.19E-21,1.28E-23,1.36E-27,7.13E-30,1.98E-27,4.86E-25,5.95E-24,1.06E-25,9.96E-29,4.78E-30,3.39E-28,1.28E-24,9.00E-23,4.61E-24,3.01E-27,1.43E-28,9.46E-26,3.10E-20,3.93E-16,6.67E-17,1.53E-22,4.85E-29,5.53E-32,8.27E-30,6.07E-25,6.93E-22,2.78E-23,3.06E-28,2.21E-29,4.01E-30,4.88E-26,1.14E-22,2.30E-22,3.22E-24,1.36E-24,8.92E-24,2.14E-20,6.12E-18,2.90E-19,1.13E-24,1.48E-28,1.66E-28,2.13E-24,4.64E-20,2.35E-19,6.03E-23,4.71E-28,5.55E-30,1.52E-26,4.02E-20,2.13E-15,1.00E-15,7.42E-20,4.75E-24,4.80E-25,9.24E-23,6.36E-20,3.79E-19,1.45E-20,4.94E-22,3.55E-21,3.82E-18,1.06E-15,1.16E-16,6.07E-21,2.36E-25,3.46E-26,1.16E-22,1.09E-17,1.33E-15,2.51E-18,2.05E-23,2.71E-26,3.52E-24,1.67E-18,5.92E-14,5.18E-14,3.58E-18,1.57E-22,1.36E-23,5.72E-21,1.73E-17,2.58E-16,3.93E-18,1.21E-20,7.38E-21,2.98E-18,3.06E-15,1.43E-14,1.93E-16,3.86E-18,2.33E-16,1.40E-09,0.003293758,0.995617747,0.001088464
Head 3,295,4.38E-22,8.28E-23,5.53E-27,7.92E-31,4.59E-31,1.84E-27,4.24E-23,1.56E-21,8.76E-24,1.63E-27,7.94E-30,7.02E-28,2.66E-25,1.00E-24,1.20E-26,1.33E-28,2.56E-27,9.86E-26,1.30E-22,6.66E-21,1.12E-22,2.77E-26,7.96E-28,4.45E-25,4.31E-19,1.55E-14,4.71E-15,1.07E-20,1.18E-29,1.00E-31,9.58E-29,6.96E-24,1.31E-21,1.57E-23,1.63E-27,3.24E-28,2.33E-27,7.86E-25,1.01E-23,1.84E-25,1.68E-28,6.86E-30,4.97E-28,1.09E-24,1.01E-22,4.05E-24,3.26E-27,1.93E-28,1.18E-25,3.70E-20,4.69E-16,6.05E-17,1.36E-22,4.36E-29,8.30E-32,1.30E-29,8.41E-25,8.75E-22,4.27E-24,7.90E-26,4.25E-31,1.38E-29,1.89E-25,3.95E-22,6.84E-22,1.13E-22,7.96E-25,9.49E-24,2.67E-20,7.55E-18,1.24E-19,2.26E-24,1.99E-28,3.11E-28,3.51E-24,8.58E-20,3.61E-19,7.02E-23,4.34E-28,6.60E-30,2.37E-26,9.80E-20,3.98E-15,2.37E-15,1.85E-19,1.05E-23,9.29E-25,1.29E-22,7.87E-20,5.36E-19,1.74E-20,5.51E-22,4.03E-21,4.28E-18,1.22E-15,1.49E-16,8.52E-21,3.66E-25,1.59E-26,1.91E-22,2.09E-17,2.27E-15,3.65E-18,2.45E-23,3.20E-26,6.19E-24,2.44E-18,7.66E-14,5.21E-14,3.98E-18,1.63E-22,1.44E-23,6.71E-21,2.48E-17,3.74E-16,4.92E-18,1.65E-20,1.05E-20,3.31E-18,2.23E-15,8.82E-15,1.34E-16,4.31E-18,3.37E-15,2.25E-09,0.00351941,0.995438516,0.001042115
Head 3,296,6.28E-22,1.05E-22,9.28E-27,1.34E-30,8.64E-31,3.15E-27,6.50E-23,2.05E-21,1.29E-23,2.72E-26,3.27E-29,1.02E-27,2.88E-25,1.06E-24,1.83E-26,6.33E-26,3.61E-27,1.14E-25,1.94E-22,8.06E-21,1.52E-22,5.52E-26,1.11E-27,8.26E-25,5.29E-19,2.16E-14,5.06E-15,4.40E-23,2.51E-29,1.72E-31,1.47E-28,8.01E-24,1.65E-21,2.09E-23,7.36E-26,4.36E-28,4.00E-27,1.34E-24,1.68E-23,3.24E-25,2.80E-28,1.27E-29,5.29E-28,1.36E-24,9.85E-23,4.88E-24,5.49E-27,3.12E-28,1.69E-25,4.18E-20,4.28E-16,5.48E-17,1.35E-22,7.20E-29,1.08E-31,1.55E-29,6.76E-25,1.62E-22,1.60E-21,2.52E-28,1.56E-30,5.65E-29,7.04E-25,1.20E-21,2.69E-20,5.92E-23,8.05E-25,1.24E-23,3.60E-20,1.25E-17,2.51E-19,4.31E-24,5.52E-28,7.29E-28,1.06E-23,1.82E-19,7.98E-19,7.82E-23,6.16E-28,1.27E-29,7.40E-26,1.95E-19,7.68E-15,5.45E-15,4.24E-19,2.69E-23,1.68E-24,1.84E-22,1.13E-19,7.02E-19,2.23E-20,7.41E-22,4.76E-21,5.05E-18,1.55E-15,2.17E-16,1.44E-20,1.30E-25,7.59E-26,3.05E-22,3.12E-17,3.09E-15,4.73E-18,3.47E-23,7.10E-26,1.07E-23,4.53E-18,8.56E-14,6.39E-14,5.00E-18,2.17E-22,2.02E-23,9.87E-21,3.36E-17,4.65E-16,7.23E-18,2.83E-20,1.57E-20,2.83E-18,1.36E-15,5.98E-15,1.63E-16,4.69E-17,6.50E-15,2.76E-09,0.003718014,0.995182812,0.001099156
Head 3,297,8.46E-22,1.89E-22,1.52E-26,2.35E-30,1.31E-30,4.33E-27,7.71E-23,2.85E-21,1.03E-20,2.23E-27,3.88E-29,1.20E-27,3.50E-25,1.68E-24,1.30E-23,8.55E-26,4.09E-27,1.81E-25,2.69E-22,1.17E-20,2.73E-22,5.96E-26,1.55E-27,7.31E-25,6.34E-19,2.13E-14,5.86E-17,8.10E-23,3.82E-29,2.37E-31,1.51E-28,9.73E-24,2.08E-21,4.61E-22,8.91E-26,7.00E-28,6.45E-27,1.95E-24,2.35E-23,3.95E-25,3.96E-28,1.13E-29,6.41E-28,1.51E-24,1.35E-22,8.54E-24,8.36E-27,4.02E-28,1.51E-25,3.78E-20,4.50E-16,6.29E-17,2.29E-22,1.36E-28,1.06E-31,7.29E-30,3.30E-25,1.40E-20,2.87E-24,7.86E-28,5.73E-30,2.17E-28,2.11E-24,1.90E-20,1.02E-20,3.90E-23,7.97E-25,1.55E-23,1.17E-19,2.72E-17,5.50E-19,1.13E-23,1.18E-27,2.51E-27,3.29E-23,5.90E-19,1.01E-18,1.17E-22,1.20E-27,4.06E-29,1.46E-25,3.11E-19,1.40E-14,9.52E-15,9.63E-19,5.25E-23,2.79E-24,2.87E-22,1.81E-19,1.09E-18,3.62E-20,1.05E-21,7.40E-21,9.23E-18,3.24E-15,4.90E-16,1.95E-20,7.61E-25,9.70E-26,4.20E-22,4.59E-17,4.79E-15,7.65E-18,7.45E-23,1.18E-25,2.43E-23,5.19E-18,1.10E-13,8.40E-14,6.81E-18,3.21E-22,3.15E-23,1.37E-20,4.12E-17,5.71E-16,9.44E-18,3.51E-20,1.27E-20,1.76E-18,1.00E-15,8.01E-15,1.35E-15,9.20E-17,7.12E-15,2.74E-09,0.003766163,0.995357692,0.000876076
Head 3,298,2.29E-21,5.41E-22,5.77E-26,9.24E-30,4.23E-30,1.01E-26,1.79E-22,3.18E-17,4.80E-23,4.03E-27,9.34E-29,3.23E-27,1.12E-24,4.58E-23,3.64E-23,1.94E-25,1.33E-26,5.22E-25,7.86E-22,4.25E-20,6.48E-22,1.85E-25,2.69E-27,1.49E-24,8.71E-19,1.64E-15,1.60E-16,2.48E-22,1.26E-28,5.85E-31,4.06E-28,2.23E-23,6.42E-20,9.74E-22,2.90E-25,2.46E-27,2.02E-26,5.26E-24,5.09E-23,9.98E-25,6.33E-28,2.52E-29,1.33E-27,3.87E-24,4.61E-22,2.98E-23,2.81E-26,7.63E-28,2.67E-25,7.48E-20,8.80E-16,1.91E-16,1.78E-21,3.34E-28,1.68E-31,1.52E-29,4.25E-24,1.40E-22,1.19E-23,4.37E-27,3.99E-29,1.24E-27,3.66E-23,1.14E-20,9.47E-21,5.82E-23,1.58E-24,4.09E-23,4.53E-19,1.11E-16,2.68E-18,5.01E-23,8.66E-27,2.03E-26,2.88E-22,1.11E-18,2.69E-18,5.23E-22,9.92E-27,2.18E-28,4.89E-25,8.29E-19,2.97E-14,2.71E-14,3.25E-18,1.86E-22,9.04E-24,9.72E-22,5.82E-19,3.62E-18,1.08E-19,3.47E-21,2.85E-20,3.89E-17,1.57E-14,9.89E-15,8.70E-20,2.05E-24,2.28E-25,9.07E-22,1.01E-16,1.20E-14,2.80E-17,2.86E-22,6.83E-25,5.97E-23,1.20E-17,2.29E-13,1.84E-13,1.91E-17,1.14E-21,1.01E-22,3.67E-20,9.09E-17,1.16E-15,1.81E-17,5.10E-20,1.43E-20,2.40E-18,2.71E-15,1.31E-13,6.86E-15,2.16E-16,1.35E-14,4.46E-09,0.005025126,0.99413836,0.000836466
Head 3,299,4.58E-21,1.40E-21,2.03E-25,3.31E-29,1.37E-29,3.24E-26,1.11E-18,7.86E-20,8.81E-23,1.25E-26,3.43E-28,1.21E-26,1.61E-25,1.50E-22,9.42E-23,7.96E-25,5.15E-26,1.88E-24,2.93E-21,1.01E-19,2.05E-21,4.46E-25,9.36E-27,3.52E-24,3.40E-19,5.18E-15,5.12E-16,9.27E-22,4.47E-28,2.62E-30,1.43E-27,1.92E-21,1.39E-19,3.06E-21,1.02E-24,8.71E-27,6.15E-26,1.22E-23,1.34E-22,1.81E-24,1.86E-27,7.24E-29,4.24E-27,1.30E-23,1.44E-21,1.03E-22,6.31E-26,2.05E-27,9.90E-25,2.21E-19,2.97E-15,2.00E-15,4.76E-21,2.20E-27,4.68E-31,4.75E-29,5.23E-25,4.69E-22,4.59E-23,2.23E-26,2.11E-28,4.77E-26,2.20E-23,1.02E-20,1.42E-20,1.31E-22,1.25E-24,2.61E-22,2.08E-18,4.84E-16,1.01E-17,3.03E-22,8.65E-26,4.89E-25,4.90E-22,2.17E-18,7.75E-18,2.66E-21,4.67E-26,8.85E-28,1.58E-24,1.86E-18,6.49E-14,6.89E-14,1.01E-17,6.11E-22,3.18E-23,3.17E-21,1.75E-18,9.59E-18,3.30E-19,1.28E-20,1.05E-19,1.47E-16,5.29E-13,5.81E-15,2.03E-19,4.59E-24,5.18E-25,1.95E-21,1.95E-16,2.64E-14,7.47E-17,1.32E-21,2.12E-24,2.01E-22,3.30E-17,5.29E-13,4.78E-13,6.86E-17,4.25E-21,3.57E-22,1.02E-19,2.03E-16,2.19E-15,3.02E-17,6.98E-20,2.36E-20,7.19E-18,2.83E-14,7.58E-13,1.94E-14,6.47E-16,4.10E-14,1.07E-08,0.006642659,0.991314948,0.002042448
Head 3,300,2.72E-21,1.11E-21,2.28E-25,5.90E-29,3.16E-29,5.60E-24,5.08E-21,4.58E-20,1.17E-22,2.78E-26,8.95E-28,6.02E-29,2.63E-25,1.49E-22,1.63E-22,1.86E-24,1.45E-25,4.73E-24,3.24E-21,8.89E-20,1.57E-21,6.95E-25,1.60E-26,2.09E-24,6.80E-19,6.63E-15,6.87E-16,1.80E-21,1.80E-27,1.08E-29,4.80E-25,2.43E-21,1.72E-19,4.21E-21,1.94E-24,1.75E-26,8.40E-26,1.40E-23,9.09E-23,2.32E-24,3.34E-27,1.83E-28,9.73E-27,1.86E-23,1.67E-21,8.25E-23,9.34E-26,7.71E-27,3.38E-24,5.90E-19,1.41E-14,2.32E-15,3.86E-20,1.96E-27,1.07E-30,2.55E-29,7.49E-25,4.84E-22,5.63E-23,4.37E-26,2.65E-26,1.74E-26,9.33E-24,5.28E-21,1.11E-20,1.66E-23,7.48E-24,8.36E-22,4.64E-18,6.09E-16,1.59E-17,1.23E-21,3.56E-24,8.60E-25,6.93E-22,2.47E-18,8.81E-18,3.12E-21,7.95E-26,1.72E-27,2.15E-24,1.52E-18,4.11E-14,5.62E-14,1.40E-17,1.24E-21,6.71E-23,4.69E-21,1.58E-18,9.20E-18,4.72E-19,2.36E-20,2.02E-19,7.83E-16,3.78E-14,3.30E-15,1.31E-19,4.52E-24,5.93E-25,1.56E-21,1.02E-16,1.16E-14,5.56E-17,1.53E-21,4.72E-24,4.43E-22,4.59E-17,5.39E-13,5.93E-13,1.14E-16,9.60E-21,7.36E-22,1.37E-19,1.54E-16,1.41E-15,2.02E-17,7.66E-20,5.01E-20,9.91E-18,5.86E-14,6.49E-13,2.32E-14,1.27E-15,9.08E-14,1.13E-08,0.003394758,0.991303563,0.00530169
Head 3,301,1.35E-21,4.69E-22,1.02E-25,3.15E-29,1.02E-28,9.87E-26,1.58E-21,2.00E-20,5.59E-23,1.64E-26,3.36E-30,3.99E-29,1.23E-25,8.62E-23,8.46E-23,1.02E-24,9.82E-26,2.54E-24,1.74E-21,3.98E-20,8.15E-22,2.98E-25,3.25E-27,1.48E-24,3.85E-19,3.18E-15,2.90E-16,9.40E-22,1.05E-27,2.47E-27,2.29E-25,1.24E-21,7.79E-20,2.06E-21,1.03E-24,8.32E-27,4.74E-26,4.88E-24,4.28E-23,1.01E-24,1.75E-27,1.13E-28,5.51E-27,9.69E-24,4.92E-22,2.52E-23,5.20E-26,4.47E-27,2.26E-24,8.20E-19,7.43E-15,3.77E-15,3.75E-21,2.18E-27,2.30E-31,2.28E-29,5.58E-25,2.87E-22,3.48E-23,7.11E-24,3.46E-27,3.37E-27,2.39E-24,1.65E-21,3.53E-22,2.63E-23,5.50E-24,7.06E-22,2.66E-18,3.05E-16,1.07E-17,6.61E-21,1.14E-24,3.19E-25,3.62E-22,1.55E-18,4.64E-18,1.77E-21,4.84E-26,9.96E-28,1.10E-24,6.21E-19,1.63E-14,2.58E-14,6.23E-18,6.08E-22,3.30E-23,1.76E-21,6.24E-19,4.08E-18,2.16E-19,1.25E-20,8.64E-20,8.67E-17,1.55E-14,1.05E-15,4.15E-20,1.69E-24,2.54E-25,7.36E-22,4.12E-17,4.61E-15,2.09E-17,7.14E-22,2.47E-24,2.17E-22,2.05E-17,2.46E-13,2.58E-13,5.33E-17,5.11E-21,4.21E-22,6.00E-20,5.33E-17,3.46E-16,5.33E-18,3.66E-20,3.07E-21,1.12E-17,2.95E-14,3.05E-13,1.13E-14,6.51E-16,3.09E-14,2.67E-09,0.001520504,0.995386064,0.003093456
Head 3,302,1.11E-21,3.48E-22,6.88E-26,2.89E-29,3.71E-30,5.11E-26,1.12E-21,1.39E-20,4.29E-23,1.52E-27,2.30E-30,2.40E-29,9.76E-26,6.61E-23,6.01E-23,8.00E-25,6.16E-26,1.82E-24,1.26E-21,3.13E-20,4.80E-22,1.15E-25,2.39E-27,1.02E-24,2.79E-19,2.20E-15,1.95E-16,5.56E-22,2.44E-25,1.12E-27,1.31E-25,7.65E-22,5.53E-20,1.48E-21,5.82E-25,5.73E-27,2.21E-26,3.30E-24,2.62E-23,6.53E-25,1.21E-27,7.28E-29,3.66E-27,4.66E-24,2.28E-22,1.63E-23,3.02E-26,2.69E-27,2.79E-24,6.96E-19,4.60E-15,7.11E-16,1.34E-20,1.75E-28,2.46E-31,2.74E-29,6.39E-25,3.20E-22,1.20E-20,1.66E-24,9.12E-28,1.10E-27,1.04E-24,1.67E-22,8.52E-22,2.08E-23,5.76E-24,6.10E-22,2.33E-18,2.88E-16,2.57E-17,2.91E-21,4.48E-25,1.81E-25,3.36E-22,1.41E-18,4.46E-18,1.51E-21,3.24E-26,6.52E-28,6.60E-25,4.32E-19,1.45E-14,1.94E-14,4.00E-18,3.39E-22,1.34E-23,8.60E-22,3.91E-19,2.69E-18,1.52E-19,2.27E-21,6.79E-20,6.33E-17,9.94E-15,5.70E-16,2.15E-20,9.45E-25,1.83E-25,5.45E-22,3.67E-17,3.66E-15,1.49E-17,4.40E-22,1.34E-24,1.20E-22,1.34E-17,1.70E-13,1.68E-13,3.37E-17,3.38E-21,2.41E-22,3.26E-20,2.43E-17,1.52E-16,3.29E-18,4.69E-22,4.28E-21,9.13E-18,2.39E-14,2.24E-13,6.90E-15,2.57E-16,1.01E-14,1.76E-09,0.003259968,0.994030893,0.002709091
Head 3,303,8.64E-22,2.86E-22,9.37E-26,6.87E-31,2.45E-30,3.46E-26,7.44E-22,1.11E-20,4.73E-23,1.08E-27,1.50E-30,1.72E-29,7.27E-26,4.71E-23,5.13E-23,5.32E-25,4.70E-26,1.32E-24,9.85E-22,2.10E-20,5.66E-22,1.02E-25,1.78E-27,7.05E-25,1.77E-19,1.51E-15,1.41E-16,9.60E-20,1.44E-25,7.37E-28,8.25E-26,5.34E-22,4.18E-20,9.44E-22,4.73E-25,3.00E-27,1.60E-26,2.16E-24,1.91E-23,5.28E-25,8.88E-28,5.08E-29,1.95E-27,2.44E-24,1.63E-22,1.16E-23,2.08E-26,3.07E-27,2.49E-24,1.09E-19,1.94E-15,4.33E-15,4.03E-22,2.13E-28,3.24E-31,3.18E-29,6.25E-25,2.86E-20,4.05E-21,6.14E-25,3.84E-28,5.62E-28,2.04E-25,4.64E-22,7.40E-22,2.63E-23,6.31E-24,7.24E-22,2.63E-18,2.06E-16,1.76E-17,1.71E-21,3.06E-25,1.99E-25,3.45E-22,1.62E-18,4.70E-18,1.25E-21,2.75E-26,4.59E-28,4.52E-25,3.45E-19,1.15E-14,1.48E-14,2.85E-18,1.64E-22,6.46E-24,4.84E-22,2.34E-19,1.85E-18,4.29E-20,4.80E-21,4.57E-20,4.15E-17,5.90E-15,3.49E-16,1.45E-20,7.64E-25,1.30E-25,4.78E-22,2.70E-17,2.78E-15,1.13E-17,3.09E-22,8.95E-25,8.37E-23,9.40E-18,1.16E-13,1.16E-13,2.52E-17,2.16E-21,1.38E-22,1.56E-20,1.12E-17,9.91E-17,3.36E-20,6.46E-22,3.51E-21,7.59E-18,1.92E-14,1.51E-13,3.22E-15,1.06E-16,6.72E-15,3.86E-09,0.003394308,0.994448066,0.002157677
Head 3,304,1.09E-21,1.35E-21,2.15E-27,6.40E-31,1.82E-30,2.92E-26,8.47E-22,1.59E-20,4.87E-23,1.02E-27,1.31E-30,1.62E-29,6.77E-26,5.49E-23,4.47E-23,5.36E-25,4.12E-26,1.27E-24,8.95E-22,5.38E-20,6.25E-22,8.78E-26,1.32E-27,4.85E-25,1.58E-19,1.59E-15,1.88E-14,7.08E-20,1.08E-25,4.97E-28,6.42E-26,4.98E-22,3.64E-20,1.03E-21,3.11E-25,2.56E-27,1.21E-26,1.93E-24,1.96E-23,4.94E-25,8.01E-28,3.61E-29,1.46E-27,2.41E-24,1.60E-22,1.00E-23,2.16E-26,3.23E-27,5.03E-25,9.43E-20,1.32E-14,1.29E-16,6.06E-22,3.33E-28,4.50E-31,3.76E-29,9.23E-24,1.61E-20,2.56E-21,3.90E-25,2.49E-28,7.03E-29,6.57E-25,5.05E-22,1.23E-21,4.09E-23,1.22E-23,1.34E-21,1.35E-18,1.90E-16,1.47E-17,1.30E-21,3.69E-25,2.34E-25,5.28E-22,2.32E-18,5.11E-18,1.27E-21,2.20E-26,3.23E-28,3.50E-25,3.24E-19,1.22E-14,1.57E-14,2.08E-18,9.62E-23,3.92E-24,3.18E-22,2.01E-19,2.95E-18,7.34E-20,3.95E-21,3.79E-20,3.32E-17,5.11E-15,3.22E-16,1.44E-20,6.44E-25,1.44E-25,4.45E-22,3.00E-17,3.10E-15,1.06E-17,2.36E-22,6.63E-25,6.33E-23,8.13E-18,1.08E-13,1.13E-13,1.94E-17,1.36E-21,6.92E-23,8.17E-21,9.43E-18,5.99E-18,5.54E-20,6.20E-22,3.52E-21,7.70E-18,1.53E-14,7.59E-14,1.36E-15,6.51E-17,1.20E-14,4.29E-09,0.003961935,0.994178772,0.001859246
Head 3,305,1.22E-20,8.77E-23,2.82E-27,5.14E-31,1.55E-30,2.93E-26,1.36E-22,1.47E-20,4.98E-23,9.99E-28,1.30E-30,1.52E-29,7.41E-26,4.66E-23,4.86E-23,4.97E-25,4.17E-26,1.17E-24,8.13E-22,6.10E-20,6.30E-22,7.62E-26,9.47E-28,4.23E-25,1.52E-19,2.01E-13,1.61E-14,7.35E-20,9.94E-26,4.55E-28,6.02E-26,4.28E-22,3.95E-20,7.57E-22,3.12E-25,2.14E-27,1.12E-26,1.98E-24,1.88E-23,4.98E-25,6.26E-28,2.99E-29,1.46E-27,2.33E-24,1.52E-22,8.52E-24,3.05E-26,4.14E-27,2.84E-25,3.97E-19,6.51E-16,1.79E-16,1.02E-21,5.02E-28,5.60E-31,1.03E-28,3.95E-24,9.78E-21,1.83E-21,3.00E-25,5.76E-30,2.00E-28,6.81E-25,8.23E-22,2.16E-21,1.07E-22,3.24E-23,1.52E-21,1.13E-18,1.87E-16,1.34E-17,1.99E-21,5.42E-25,4.34E-25,8.28E-22,2.83E-18,5.79E-18,1.28E-21,1.95E-26,2.69E-28,3.02E-25,3.01E-19,1.22E-14,1.41E-14,1.53E-18,6.70E-23,2.60E-24,2.52E-22,7.26E-19,1.14E-18,6.11E-20,3.29E-21,3.04E-20,2.86E-17,4.66E-15,3.27E-16,1.39E-20,7.25E-25,1.23E-25,4.40E-22,2.94E-17,2.83E-15,8.90E-18,2.20E-22,5.90E-25,6.27E-23,8.04E-18,1.06E-13,9.04E-14,1.31E-17,6.58E-22,3.34E-23,6.83E-21,6.50E-18,9.82E-18,5.70E-20,6.92E-22,3.88E-21,6.42E-18,7.76E-15,3.21E-14,9.51E-16,1.04E-16,1.46E-14,4.98E-09,0.004154223,0.994010985,0.001834796
Head 3,306,3.71E-21,1.21E-22,1.74E-27,2.88E-31,9.97E-31,7.65E-28,1.10E-22,1.47E-20,4.91E-23,8.33E-28,1.04E-30,1.36E-29,5.73E-26,4.78E-23,3.94E-23,4.30E-25,3.15E-26,6.54E-26,8.40E-22,5.73E-20,4.50E-22,3.84E-26,5.45E-28,2.95E-25,2.51E-17,1.72E-13,1.66E-14,5.69E-20,6.19E-26,2.69E-28,3.73E-26,3.77E-22,2.73E-20,7.16E-22,2.21E-25,1.56E-27,8.88E-27,1.47E-24,1.48E-23,2.82E-25,3.85E-28,2.31E-29,1.19E-27,2.24E-24,8.82E-23,1.12E-23,1.89E-25,5.22E-28,7.40E-25,4.36E-20,8.05E-16,2.85E-16,1.15E-21,4.63E-28,7.41E-31,2.57E-29,2.12E-24,7.33E-21,1.44E-21,9.17E-28,1.03E-29,1.42E-28,7.78E-25,1.07E-21,4.57E-21,2.38E-22,1.24E-22,7.89E-22,9.41E-19,1.56E-16,1.63E-17,1.89E-21,5.97E-25,4.80E-25,9.22E-22,3.10E-18,5.45E-18,9.48E-22,1.19E-26,1.44E-28,1.86E-25,2.38E-19,1.11E-14,1.08E-14,9.79E-19,3.55E-23,1.50E-24,2.96E-22,9.45E-20,8.73E-19,4.61E-20,2.46E-21,2.60E-20,2.66E-17,4.76E-15,2.93E-16,1.04E-20,4.25E-25,9.11E-26,3.78E-22,2.75E-17,2.42E-15,7.56E-18,1.41E-22,3.96E-25,4.51E-23,6.28E-18,7.49E-14,5.12E-14,4.21E-18,1.92E-22,2.02E-23,2.30E-20,8.60E-18,8.31E-18,5.05E-20,5.84E-22,2.69E-21,2.85E-18,2.59E-15,1.76E-14,8.77E-16,8.25E-17,1.14E-14,4.25E-09,0.003854085,0.994334817,0.001811072
Head 3,307,5.42E-21,8.67E-23,1.05E-27,1.86E-31,5.05E-32,5.43E-28,9.51E-23,1.49E-20,3.95E-23,6.60E-28,7.99E-31,9.20E-30,5.40E-26,3.80E-23,3.68E-23,3.21E-25,7.20E-29,5.62E-26,7.23E-22,4.31E-20,2.61E-22,2.26E-26,3.47E-28,4.36E-23,1.88E-17,1.77E-13,1.47E-14,3.89E-20,3.60E-26,1.48E-28,2.74E-26,2.32E-22,2.52E-20,5.26E-22,1.62E-25,1.19E-27,6.23E-27,1.12E-24,8.48E-24,1.80E-25,2.88E-28,1.66E-29,1.01E-27,1.15E-24,1.10E-22,9.60E-23,1.05E-26,1.04E-27,1.20E-25,3.65E-20,1.11E-15,2.92E-16,1.16E-21,1.24E-27,1.51E-31,1.16E-29,1.46E-24,6.39E-21,3.03E-24,1.62E-27,7.24E-30,1.49E-28,9.50E-25,2.48E-21,1.16E-20,2.99E-21,4.78E-23,5.02E-22,7.37E-19,1.96E-16,1.54E-17,1.80E-21,6.30E-25,5.26E-25,9.96E-22,2.86E-18,4.45E-18,7.34E-22,7.05E-27,8.27E-29,1.24E-25,1.86E-19,8.98E-15,8.33E-15,6.15E-19,1.98E-23,1.31E-25,6.59E-23,5.82E-20,5.81E-19,3.09E-20,1.83E-21,2.02E-20,2.43E-17,4.16E-15,2.07E-16,6.73E-21,3.15E-25,7.16E-26,3.20E-22,2.30E-17,2.25E-15,5.60E-18,1.04E-22,2.96E-25,3.32E-23,4.37E-18,4.13E-14,1.52E-14,1.01E-18,9.96E-23,6.12E-23,2.69E-20,7.37E-18,8.06E-18,4.58E-20,4.33E-22,1.27E-21,9.09E-19,1.30E-15,1.48E-14,6.63E-16,5.71E-17,7.81E-15,2.92E-09,0.003234743,0.995186985,0.001578275
Head 3,308,6.18E-21,7.09E-23,7.01E-28,8.08E-32,2.57E-32,3.69E-28,1.13E-22,1.61E-20,3.97E-23,4.87E-28,4.41E-31,7.34E-30,4.15E-26,4.06E-23,2.87E-23,1.16E-28,4.98E-29,4.54E-26,6.50E-22,3.41E-20,1.67E-22,1.22E-26,1.60E-26,2.86E-23,2.26E-17,2.34E-13,1.32E-14,2.07E-20,1.27E-26,6.32E-29,1.13E-26,1.94E-22,2.11E-20,4.17E-22,1.13E-25,6.74E-28,3.72E-27,5.88E-25,5.35E-24,1.31E-25,1.89E-28,1.27E-29,8.84E-28,1.47E-24,1.85E-22,7.81E-24,1.01E-26,1.48E-28,5.58E-26,4.47E-20,1.24E-15,3.30E-16,6.29E-21,1.83E-28,3.93E-32,5.83E-30,1.48E-24,7.41E-23,6.73E-24,1.18E-27,6.16E-30,1.45E-28,2.13E-24,6.63E-21,1.34E-19,8.44E-22,2.01E-23,3.33E-22,9.38E-19,1.70E-16,9.48E-18,1.10E-21,3.50E-25,3.32E-25,6.59E-22,2.15E-18,3.66E-18,3.97E-22,2.73E-27,3.20E-29,5.97E-26,1.44E-19,9.44E-15,7.41E-15,3.56E-19,1.23E-25,1.90E-25,2.71E-23,3.36E-20,3.65E-19,2.04E-20,1.16E-21,1.55E-20,1.88E-17,2.85E-15,1.30E-16,3.87E-21,1.69E-25,4.55E-26,2.76E-22,2.88E-17,2.48E-15,4.59E-18,5.95E-23,1.28E-25,1.55E-23,2.06E-18,1.34E-14,3.44E-15,4.12E-19,4.57E-23,5.57E-23,2.04E-20,7.37E-18,7.68E-18,3.30E-20,2.03E-22,4.23E-22,4.31E-19,1.22E-15,1.18E-14,4.08E-16,2.66E-17,3.38E-15,1.90E-09,0.00323236,0.995679736,0.001087888
Head 3,309,6.29E-21,7.69E-23,3.03E-27,6.09E-32,1.72E-32,3.82E-28,1.20E-22,1.88E-20,3.86E-23,3.21E-28,3.50E-31,4.89E-30,4.29E-26,3.63E-23,2.83E-26,9.88E-29,4.06E-29,3.71E-26,5.35E-22,2.75E-20,1.35E-22,1.62E-25,1.16E-26,3.17E-23,3.01E-17,2.65E-13,1.15E-14,1.28E-20,8.32E-27,2.80E-29,8.65E-27,1.65E-22,2.04E-20,4.04E-22,8.70E-26,4.57E-28,2.16E-27,4.14E-25,5.27E-24,1.30E-25,1.94E-28,3.10E-29,9.63E-28,1.81E-25,8.02E-23,4.37E-24,3.31E-27,6.20E-29,6.00E-26,4.43E-20,1.38E-15,3.37E-15,2.03E-21,6.62E-29,1.96E-32,4.95E-30,1.78E-25,1.98E-22,7.71E-24,1.52E-27,8.13E-30,4.03E-28,7.73E-24,4.13E-20,5.58E-20,4.68E-22,1.77E-23,5.61E-22,1.02E-18,1.31E-16,8.96E-18,9.51E-22,3.29E-25,2.72E-25,5.27E-22,2.00E-18,3.15E-18,2.80E-22,1.70E-27,1.71E-29,4.34E-26,1.60E-19,1.15E-14,7.47E-15,1.90E-21,2.44E-24,6.98E-26,1.34E-23,1.98E-20,2.72E-19,1.56E-20,9.79E-22,1.09E-20,1.33E-17,2.06E-15,1.03E-16,3.00E-21,1.33E-25,3.96E-26,3.07E-22,3.39E-17,2.77E-15,4.40E-18,4.23E-23,8.78E-26,9.89E-24,1.02E-18,4.28E-15,1.92E-15,3.73E-20,5.37E-23,4.15E-23,2.05E-20,8.68E-18,8.21E-18,2.69E-20,1.19E-22,2.29E-22,4.27E-19,1.24E-15,1.17E-14,2.99E-16,1.53E-17,2.28E-15,1.65E-09,0.003370376,0.995693922,0.000935684
Head 3,310,7.49E-22,9.16E-24,2.29E-27,3.50E-31,1.60E-31,4.04E-28,6.09E-24,1.38E-22,3.40E-25,3.11E-29,2.25E-31,7.07E-30,1.70E-26,1.03E-25,6.99E-27,7.70E-29,1.33E-28,3.44E-25,9.90E-21,1.26E-18,1.15E-19,6.37E-23,4.19E-24,1.68E-21,9.72E-17,1.44E-13,8.55E-15,9.97E-20,3.26E-25,2.12E-27,8.37E-26,8.23E-23,1.32E-21,2.74E-23,4.04E-26,2.09E-27,3.44E-26,6.53E-24,3.13E-23,3.78E-25,1.37E-27,5.57E-29,1.84E-27,3.54E-24,1.07E-22,5.71E-23,2.32E-26,6.97E-28,9.87E-26,6.28E-21,4.69E-17,1.90E-17,1.33E-22,5.86E-29,3.84E-32,4.22E-30,2.01E-26,1.46E-24,8.75E-26,1.64E-28,2.05E-29,4.54E-27,5.29E-23,7.27E-21,3.08E-21,2.91E-23,2.94E-24,7.71E-23,9.32E-20,1.17E-17,9.00E-19,2.12E-22,1.27E-25,9.42E-26,1.21E-22,4.70E-19,2.49E-18,2.74E-21,1.99E-25,6.22E-27,4.62E-24,8.06E-19,3.88E-15,1.78E-17,1.09E-19,8.03E-24,4.74E-25,2.03E-23,2.18E-21,2.61E-21,5.74E-23,4.06E-24,1.41E-22,4.29E-19,2.24E-16,4.44E-17,6.14E-21,7.35E-25,1.93E-25,3.84E-22,1.19E-17,9.82E-16,6.93E-18,6.53E-22,4.44E-24,1.64E-22,7.22E-19,3.67E-16,1.70E-17,3.16E-20,1.10E-22,2.55E-22,9.44E-20,1.11E-17,3.97E-18,1.48E-20,1.64E-22,1.49E-21,7.06E-18,3.91E-14,6.65E-13,4.04E-14,3.62E-15,2.57E-13,2.94E-08,0.007275652,0.987734973,0.004989388
Head 3,311,2.59E-23,1.73E-23,2.53E-27,4.82E-31,2.64E-31,7.85E-28,1.24E-23,1.82E-22,4.18E-25,2.64E-29,2.25E-31,7.22E-30,4.10E-27,1.63E-25,9.56E-27,8.81E-29,1.33E-28,3.79E-25,1.34E-20,8.30E-18,1.82E-19,1.78E-22,1.40E-23,5.12E-21,2.34E-16,2.33E-13,1.21E-14,6.18E-20,2.76E-25,2.01E-27,1.15E-25,1.36E-22,1.97E-21,3.16E-23,3.84E-26,1.74E-27,4.65E-26,1.28E-23,7.96E-23,3.31E-24,3.43E-27,1.76E-28,1.41E-27,1.13E-24,8.20E-22,2.94E-23,2.96E-26,7.41E-28,9.70E-26,4.30E-21,4.01E-17,1.18E-17,8.47E-23,5.37E-29,2.40E-31,2.08E-29,7.70E-26,6.36E-24,3.06E-25,7.52E-28,1.22E-28,5.15E-26,3.89E-23,8.77E-21,7.37E-21,1.33E-22,7.28E-24,1.25E-22,1.24E-19,1.17E-17,8.80E-19,2.10E-22,1.12E-25,8.12E-26,1.13E-22,4.64E-19,2.48E-18,2.78E-21,2.46E-25,1.19E-26,1.14E-23,2.26E-18,1.12E-15,1.42E-15,6.58E-20,3.63E-24,2.24E-25,1.40E-23,1.88E-21,2.44E-21,3.60E-23,2.40E-24,5.54E-23,2.04E-19,1.21E-16,3.11E-17,5.58E-21,1.08E-24,3.66E-25,9.77E-22,2.84E-17,1.53E-15,8.29E-18,8.47E-22,6.12E-24,1.35E-22,6.99E-19,1.53E-16,4.05E-17,2.84E-20,1.24E-22,3.95E-22,1.49E-19,1.52E-17,5.14E-18,1.63E-20,1.89E-22,2.43E-21,1.35E-17,6.09E-14,9.22E-13,5.43E-14,4.56E-15,3.43E-13,3.38E-08,0.008308091,0.988804042,0.002887885
Head 3,312,9.55E-21,1.20E-21,1.22E-26,1.91E-31,7.91E-32,2.69E-27,9.68E-22,1.33E-19,1.55E-22,9.59E-28,7.09E-31,7.32E-30,3.95E-26,3.22E-24,1.37E-25,3.24E-28,1.10E-28,1.05E-25,3.06E-20,4.88E-19,3.36E-21,1.22E-24,1.43E-25,4.39E-22,3.32E-16,2.44E-12,3.96E-14,2.58E-20,9.40E-27,5.75E-29,3.19E-26,1.04E-21,1.32E-19,1.52E-21,1.47E-25,6.99E-28,5.99E-27,2.77E-24,1.99E-22,1.11E-23,1.58E-26,9.26E-30,4.41E-28,1.60E-24,1.55E-22,1.05E-23,6.49E-27,2.52E-28,1.82E-24,1.09E-18,2.83E-14,3.19E-15,1.76E-21,4.97E-29,2.13E-31,8.77E-29,1.03E-23,7.91E-21,4.28E-22,1.36E-25,1.88E-26,1.55E-26,2.82E-23,8.58E-20,9.03E-19,2.03E-20,7.44E-22,7.45E-21,6.17E-18,6.18E-16,3.77E-17,3.69E-21,8.17E-25,5.20E-25,1.41E-21,7.18E-18,9.96E-18,6.17E-22,3.14E-27,4.76E-29,2.70E-25,1.42E-18,1.04E-13,1.91E-14,1.17E-19,6.52E-25,2.81E-26,1.30E-23,5.57E-20,9.29E-19,4.66E-20,1.40E-21,1.25E-20,1.41E-17,2.79E-15,1.70E-16,7.92E-21,5.54E-25,3.12E-25,3.56E-21,3.56E-16,1.72E-14,2.00E-17,1.91E-22,2.22E-25,1.34E-23,4.55E-19,2.57E-15,8.09E-16,2.58E-19,2.24E-22,2.30E-22,1.06E-19,3.99E-17,3.29E-17,5.86E-20,3.04E-22,1.49E-21,3.40E-18,8.57E-15,5.30E-14,1.01E-15,5.12E-17,8.08E-15,9.12E-09,0.001489901,0.994402945,0.004107208
Head 3,313,7.12E-22,1.66E-22,2.57E-27,4.68E-32,1.68E-32,2.88E-28,9.02E-23,1.24E-20,2.19E-23,1.75E-28,2.12E-32,1.58E-30,6.40E-27,4.36E-25,1.98E-26,5.69E-29,2.01E-29,1.30E-24,4.03E-21,7.70E-20,5.17E-22,1.58E-25,1.33E-26,2.72E-23,2.28E-17,1.23E-13,5.26E-15,5.42E-21,3.09E-27,1.70E-29,5.60E-27,1.10E-22,1.25E-20,1.50E-22,2.54E-26,1.38E-28,1.10E-27,6.20E-25,2.43E-23,1.15E-23,9.59E-29,1.45E-29,4.90E-29,1.57E-25,3.28E-23,2.15E-24,1.49E-27,3.57E-28,2.33E-25,1.48E-19,3.80E-15,5.82E-16,6.39E-23,3.21E-29,4.47E-32,1.34E-29,9.55E-25,9.12E-22,8.01E-23,5.27E-24,1.22E-27,1.40E-27,4.07E-24,2.16E-20,1.54E-19,4.22E-21,1.56E-22,1.29E-21,8.29E-19,8.72E-17,6.25E-18,8.05E-22,1.71E-25,1.06E-25,2.43E-22,1.11E-18,1.82E-18,1.52E-22,7.44E-28,8.89E-30,2.11E-26,1.16E-19,6.00E-15,1.39E-15,1.46E-20,1.54E-25,8.76E-27,4.35E-24,1.13E-20,2.12E-19,9.70E-21,4.56E-22,4.07E-21,4.25E-18,7.03E-16,4.80E-17,1.89E-21,1.23E-25,4.69E-26,3.17E-22,2.43E-17,1.97E-15,4.72E-18,5.68E-23,6.97E-26,3.05E-24,1.58E-19,4.25E-16,1.94E-16,8.87E-20,6.62E-23,3.66E-23,1.05E-20,3.57E-18,2.52E-18,7.80E-21,6.06E-23,2.66E-22,5.88E-19,1.47E-15,1.13E-14,2.50E-16,1.03E-17,1.51E-15,9.73E-11,0.00013808,0.999506474,0.000355403
Head 3,314,2.91E-23,2.33E-23,6.56E-27,1.60E-30,5.71E-31,1.20E-27,1.26E-23,2.47E-22,6.95E-25,8.23E-31,4.94E-32,5.61E-30,9.33E-27,2.53E-25,1.48E-26,1.73E-28,8.96E-27,1.80E-23,2.15E-19,1.55E-17,4.12E-19,3.15E-22,1.53E-23,5.02E-21,1.45E-16,2.12E-13,1.43E-14,1.85E-19,1.20E-24,7.91E-27,2.51E-25,1.81E-22,2.04E-21,3.69E-23,5.94E-26,4.30E-27,1.30E-25,3.85E-23,2.81E-21,3.12E-24,2.74E-26,5.15E-29,2.38E-27,8.45E-24,9.60E-22,6.84E-23,3.11E-26,1.31E-27,2.27E-25,1.41E-20,1.00E-16,1.37E-17,2.94E-22,6.53E-28,1.76E-30,6.27E-29,2.31E-25,2.63E-23,1.90E-22,1.80E-25,1.45E-27,1.89E-26,6.65E-23,4.02E-20,7.17E-20,1.21E-21,5.13E-23,4.47E-22,2.10E-19,1.72E-17,2.00E-18,5.21E-22,2.56E-25,1.74E-25,2.23E-22,9.71E-19,7.10E-18,1.00E-20,8.76E-25,6.26E-27,2.01E-23,3.32E-18,9.04E-15,1.10E-15,6.90E-20,7.33E-24,8.15E-25,4.79E-23,5.68E-21,5.90E-21,1.29E-22,9.57E-24,2.62E-22,6.74E-19,3.30E-16,7.54E-17,1.62E-20,3.21E-24,8.68E-25,1.25E-21,2.81E-17,3.15E-15,4.54E-17,5.67E-21,6.50E-23,1.40E-21,3.53E-18,8.07E-16,1.74E-16,1.82E-19,4.66E-22,4.14E-22,7.04E-20,7.06E-18,3.07E-18,2.08E-20,5.30E-22,7.51E-21,3.29E-17,1.58E-13,2.84E-12,1.68E-13,1.26E-14,1.06E-12,1.98E-08,0.012714991,0.980741858,0.006543169
Head 3,315,4.24E-23,2.75E-23,7.17E-27,1.35E-30,8.05E-31,1.69E-27,2.05E-23,2.93E-22,4.74E-27,9.85E-31,5.39E-32,5.69E-30,8.86E-27,2.60E-25,1.59E-26,2.19E-27,8.78E-27,2.04E-23,2.58E-19,1.78E-17,5.05E-19,4.18E-22,3.59E-23,7.22E-21,3.09E-16,2.99E-13,1.52E-14,1.73E-19,9.42E-25,6.61E-27,2.48E-25,1.89E-22,2.16E-21,3.35E-23,5.60E-26,7.60E-27,1.76E-25,4.81E-23,3.46E-22,8.60E-23,2.56E-27,7.21E-29,4.31E-27,1.06E-23,9.04E-22,1.92E-23,5.36E-26,2.79E-27,3.29E-25,1.75E-20,7.85E-17,1.82E-17,2.76E-22,9.10E-28,3.49E-30,2.46E-28,1.05E-24,1.32E-21,1.51E-22,1.24E-25,1.64E-27,4.78E-26,1.54E-22,1.30E-19,2.32E-19,2.78E-21,8.37E-23,5.01E-22,2.02E-19,1.82E-17,1.61E-18,3.57E-22,1.79E-25,1.19E-25,1.69E-22,8.75E-19,6.01E-18,7.99E-21,1.49E-25,3.51E-26,3.90E-23,6.27E-18,1.20E-14,1.00E-15,5.36E-20,5.86E-24,5.60E-25,3.98E-23,3.96E-21,4.66E-21,8.02E-23,5.25E-24,1.19E-22,3.30E-19,1.60E-16,4.57E-17,1.30E-20,3.31E-24,1.19E-24,2.33E-21,6.44E-17,5.20E-15,4.45E-17,7.10E-21,4.42E-23,1.15E-21,3.78E-18,1.05E-15,1.68E-16,1.01E-19,1.99E-22,2.54E-22,7.77E-20,9.17E-18,4.88E-18,2.88E-20,6.71E-22,9.25E-21,4.47E-17,2.14E-13,3.58E-12,1.98E-13,1.24E-13,1.36E-12,8.06E-08,0.008890186,0.987051129,0.004058533
Head 3,316,7.31E-23,5.25E-23,1.01E-26,2.94E-30,1.35E-30,3.43E-27,3.25E-23,7.41E-24,9.79E-27,1.94E-30,9.25E-32,8.37E-30,1.44E-26,4.42E-25,8.86E-26,3.36E-27,1.56E-26,3.74E-23,4.30E-19,2.86E-17,7.55E-19,9.27E-22,4.21E-23,1.35E-20,4.66E-16,4.69E-13,2.71E-14,2.72E-19,1.47E-24,9.02E-27,3.57E-25,2.94E-22,3.02E-21,5.39E-23,3.28E-25,1.46E-26,2.73E-26,3.27E-23,3.40E-21,7.41E-24,4.54E-27,1.76E-28,8.61E-27,1.59E-23,2.55E-22,5.49E-23,1.89E-25,6.67E-27,6.82E-25,5.13E-20,1.56E-16,3.18E-17,5.85E-22,2.27E-27,1.37E-29,1.05E-27,4.54E-24,1.17E-21,1.46E-22,2.01E-25,5.41E-27,1.34E-25,5.52E-22,4.65E-19,6.32E-19,6.08E-21,1.33E-22,6.79E-22,3.01E-19,2.54E-17,2.03E-18,4.66E-22,2.14E-25,1.46E-25,2.54E-22,1.33E-18,9.40E-18,5.56E-21,1.34E-24,7.76E-26,8.26E-23,1.06E-17,1.74E-14,1.54E-15,9.55E-20,9.37E-24,1.01E-24,5.48E-23,6.41E-21,6.61E-21,1.14E-22,6.77E-24,1.64E-22,4.37E-19,2.25E-16,6.77E-17,1.96E-20,5.51E-24,2.42E-24,5.84E-21,1.40E-16,9.05E-15,1.11E-16,8.44E-21,6.16E-23,1.78E-21,7.29E-18,1.72E-15,1.67E-16,7.80E-20,1.92E-22,4.04E-22,1.34E-19,1.82E-17,8.58E-18,4.84E-20,1.11E-21,1.69E-20,8.81E-17,4.65E-13,7.26E-12,7.04E-12,2.67E-13,1.61E-12,7.60E-08,0.005839222,0.989889324,0.004271398
Head 3,317,1.03E-22,5.61E-23,2.28E-26,6.53E-30,4.24E-30,6.56E-27,3.34E-24,1.12E-23,1.59E-26,3.45E-30,1.61E-31,1.62E-29,2.49E-26,1.28E-24,1.49E-25,7.82E-27,3.74E-26,7.01E-23,6.34E-19,3.80E-17,1.64E-18,1.37E-21,1.12E-22,2.41E-20,6.65E-16,6.20E-13,3.38E-14,4.96E-19,2.75E-24,2.15E-26,8.50E-25,4.44E-22,4.51E-21,4.63E-22,6.76E-25,1.62E-27,7.37E-26,1.10E-22,8.70E-22,1.32E-23,1.38E-26,5.37E-28,1.82E-26,6.42E-24,7.36E-22,2.39E-22,7.78E-25,2.75E-26,5.16E-24,1.06E-19,2.80E-16,6.02E-17,1.62E-21,1.27E-26,1.09E-28,1.31E-27,4.56E-24,1.12E-21,2.23E-22,7.27E-25,2.23E-26,7.56E-25,2.63E-21,1.55E-18,1.63E-18,1.26E-20,2.42E-22,1.17E-21,4.70E-19,3.50E-17,3.35E-18,9.68E-22,5.24E-25,4.02E-25,5.24E-22,2.21E-18,1.77E-17,2.74E-20,4.48E-24,2.92E-25,2.22E-22,1.74E-17,2.13E-14,2.14E-15,1.59E-19,2.15E-23,1.93E-24,1.11E-22,9.93E-21,1.00E-20,1.77E-22,1.29E-23,2.93E-22,7.09E-19,3.24E-16,9.95E-17,3.77E-20,1.64E-23,8.34E-24,1.35E-20,2.13E-16,4.13E-14,1.33E-16,1.59E-20,1.46E-22,4.92E-21,1.47E-17,1.65E-15,1.20E-16,8.02E-20,3.30E-22,9.05E-22,3.08E-19,3.36E-17,1.59E-17,1.00E-19,2.80E-21,4.49E-20,2.33E-16,1.07E-12,1.55E-10,2.80E-11,9.42E-14,2.56E-12,7.48E-08,0.006957338,0.987379313,0.005663249
Head 3,318,1.39E-22,1.05E-22,2.93E-26,1.21E-29,6.49E-30,2.71E-27,7.72E-24,2.21E-23,2.37E-26,4.00E-30,2.17E-31,2.18E-29,1.06E-25,1.60E-24,2.28E-25,1.15E-26,4.95E-26,8.98E-23,8.19E-19,6.55E-17,1.71E-18,2.46E-21,1.66E-22,4.32E-20,1.34E-15,9.89E-13,5.27E-14,4.28E-19,2.81E-24,3.12E-26,1.09E-24,7.00E-22,3.32E-20,6.51E-22,1.16E-25,2.03E-27,1.38E-25,8.98E-23,1.21E-21,2.85E-23,2.77E-26,8.62E-28,2.12E-26,1.21E-23,2.09E-21,5.42E-22,1.48E-24,9.21E-26,5.67E-24,1.79E-19,4.43E-16,9.32E-17,3.35E-21,4.03E-26,5.77E-29,1.07E-27,5.45E-24,1.96E-21,6.15E-22,1.78E-24,7.64E-26,2.79E-24,9.82E-21,4.57E-18,3.39E-18,1.96E-20,3.19E-22,1.54E-21,5.88E-19,4.54E-17,4.35E-18,1.14E-21,6.44E-25,4.49E-25,6.24E-22,3.09E-18,2.04E-17,3.99E-20,6.82E-24,4.60E-25,3.59E-22,2.74E-17,3.77E-14,3.29E-15,2.15E-19,2.29E-23,2.55E-24,1.36E-22,1.21E-20,1.05E-20,1.92E-22,1.25E-23,3.06E-22,7.47E-19,3.30E-16,1.06E-16,5.66E-20,2.90E-23,1.31E-23,2.14E-20,3.37E-15,4.37E-14,1.41E-16,1.62E-20,1.89E-22,7.41E-21,1.35E-17,1.05E-15,8.80E-17,6.61E-20,4.04E-22,1.41E-21,4.65E-19,5.29E-17,2.39E-17,1.57E-19,4.53E-21,8.09E-20,4.39E-16,3.34E-12,4.48E-10,2.25E-12,6.28E-14,5.70E-12,8.84E-08,0.006697587,0.988251746,0.005050495
Head 3,319,2.56E-22,1.39E-22,6.59E-26,2.53E-29,4.33E-30,6.95E-27,1.46E-23,3.24E-23,3.25E-26,7.39E-30,4.08E-31,4.77E-28,1.61E-25,3.06E-24,4.62E-25,2.26E-26,9.15E-26,1.45E-22,1.40E-18,7.07E-17,3.35E-18,4.57E-21,3.97E-22,1.06E-19,2.17E-15,1.45E-12,4.04E-14,4.89E-19,5.97E-24,6.13E-26,2.40E-24,4.03E-21,5.15E-20,5.62E-22,7.26E-26,1.31E-26,2.01E-25,1.31E-22,2.90E-21,6.88E-23,7.12E-26,9.33E-27,4.23E-26,3.75E-23,5.63E-21,1.47E-21,7.96E-24,1.70E-25,1.81E-23,4.05E-19,6.93E-16,1.76E-16,1.11E-20,7.14E-26,7.82E-29,1.92E-27,1.23E-23,6.14E-21,1.72E-21,7.60E-24,3.86E-25,1.49E-23,3.62E-20,1.06E-17,6.24E-18,3.43E-20,5.77E-22,2.58E-21,9.30E-19,7.19E-17,7.54E-18,2.43E-21,1.39E-24,9.49E-25,3.61E-22,4.39E-18,3.40E-17,7.76E-20,1.65E-23,1.19E-24,7.57E-22,5.65E-17,5.86E-14,4.62E-15,2.97E-19,4.35E-23,4.59E-24,2.27E-22,1.68E-20,1.60E-20,2.90E-22,2.24E-23,5.19E-22,1.04E-18,3.99E-16,1.79E-16,1.19E-19,5.97E-23,2.88E-23,7.94E-19,4.19E-15,5.39E-14,1.86E-16,3.00E-20,4.76E-22,1.12E-20,1.20E-17,1.00E-15,9.21E-17,1.06E-19,9.07E-22,2.91E-21,9.21E-19,9.53E-17,4.90E-17,3.77E-19,1.22E-20,2.23E-19,5.84E-16,1.46E-11,1.02E-10,1.53E-12,1.23E-12,1.38E-11,1.28E-07,0.009150709,0.984905899,0.005943269
Head 3,320,2.67E-22,2.02E-22,6.37E-26,5.12E-30,5.12E-30,7.82E-27,1.60E-23,3.45E-23,3.90E-26,7.85E-30,1.66E-29,4.36E-28,1.86E-25,3.58E-24,4.68E-25,2.11E-26,8.43E-26,1.68E-22,1.22E-18,9.36E-17,3.31E-18,4.69E-21,4.46E-22,1.05E-19,2.61E-15,9.51E-13,3.32E-14,5.57E-19,5.25E-24,5.90E-26,5.08E-24,3.92E-21,3.91E-20,9.22E-23,9.21E-25,3.34E-27,1.49E-25,1.70E-22,3.34E-21,7.97E-23,1.12E-24,6.91E-27,5.93E-26,5.65E-23,9.09E-21,5.74E-21,5.68E-24,2.41E-25,2.21E-23,3.81E-19,8.39E-16,2.75E-16,1.86E-20,3.19E-26,4.03E-29,1.65E-27,2.00E-23,9.13E-21,3.15E-21,1.41E-23,7.33E-25,2.24E-23,3.74E-20,9.46E-18,5.26E-18,2.83E-20,4.60E-22,2.21E-21,8.50E-19,7.81E-17,8.25E-18,2.13E-21,1.03E-24,4.11E-26,8.84E-22,4.57E-18,3.93E-17,8.63E-20,1.56E-23,9.33E-25,7.93E-22,5.81E-17,6.88E-14,4.81E-15,3.34E-19,4.20E-23,4.32E-24,2.09E-22,1.76E-20,1.60E-20,3.20E-22,2.37E-23,5.12E-22,9.68E-19,4.60E-16,1.92E-16,9.50E-20,4.65E-23,3.68E-22,6.53E-19,4.37E-15,5.69E-14,1.96E-16,3.45E-20,3.70E-22,6.54E-21,8.94E-18,1.01E-15,9.87E-17,1.39E-19,9.96E-22,3.20E-21,9.78E-19,1.16E-16,6.41E-17,4.85E-19,1.62E-20,2.10E-19,1.72E-15,1.29E-11,3.19E-11,3.44E-11,1.69E-12,1.14E-11,1.51E-07,0.00823961,0.98493135,0.006828974
Head 3,321,3.87E-22,2.13E-22,1.74E-26,6.95E-30,6.18E-30,8.22E-27,1.57E-23,3.96E-23,4.52E-26,5.11E-28,1.82E-29,5.73E-28,2.53E-25,4.31E-24,5.34E-25,2.29E-26,1.10E-25,1.59E-22,1.62E-18,1.03E-16,4.04E-18,6.57E-21,5.28E-22,1.27E-19,1.52E-15,6.82E-13,3.71E-14,5.93E-19,6.00E-24,1.49E-25,5.13E-24,6.83E-22,8.53E-21,3.15E-21,5.86E-26,3.13E-27,2.24E-25,2.07E-22,4.02E-21,1.40E-21,9.88E-25,1.00E-26,8.92E-26,9.72E-23,7.07E-20,5.06E-21,1.12E-23,3.81E-25,2.09E-23,4.14E-19,1.05E-15,5.32E-16,1.18E-20,2.15E-26,4.47E-29,3.43E-27,3.30E-23,1.60E-20,5.71E-21,2.66E-23,1.20E-24,2.38E-23,3.14E-20,7.07E-18,4.13E-18,2.21E-20,3.81E-22,1.67E-21,8.10E-19,8.24E-17,8.15E-18,1.90E-21,3.07E-26,5.06E-25,8.14E-22,4.88E-18,4.52E-17,9.63E-20,1.61E-23,1.21E-24,8.40E-22,7.16E-17,6.35E-14,4.78E-15,3.13E-19,4.07E-23,4.27E-24,2.22E-22,1.81E-20,1.83E-20,3.61E-22,2.53E-23,5.05E-22,1.06E-18,4.79E-16,1.62E-16,8.05E-20,2.81E-22,3.32E-22,6.91E-19,4.57E-15,5.93E-14,2.36E-16,3.53E-20,3.22E-22,6.17E-21,1.31E-17,1.08E-15,1.30E-16,1.65E-19,1.23E-21,3.62E-21,1.21E-18,1.59E-16,9.16E-17,7.09E-19,6.88E-20,6.85E-19,5.16E-15,3.37E-12,3.66E-10,6.52E-11,1.70E-12,1.60E-11,1.32E-07,0.007635107,0.986569583,0.005795182
Head 3,322,3.79E-22,1.49E-22,2.29E-26,8.20E-30,5.99E-30,7.05E-27,1.60E-23,4.21E-23,1.67E-24,5.29E-28,2.19E-29,7.29E-28,2.92E-25,4.70E-24,5.41E-25,2.91E-26,1.02E-25,2.05E-22,1.85E-18,1.25E-16,5.30E-18,7.10E-21,5.53E-22,6.58E-20,1.03E-15,8.21E-13,4.88E-14,7.71E-19,2.49E-23,1.62E-25,7.79E-26,5.04E-22,2.27E-19,6.99E-23,5.92E-26,4.65E-27,2.60E-25,2.10E-22,2.11E-20,1.28E-21,1.20E-24,1.19E-26,1.25E-25,6.96E-22,6.44E-20,1.04E-20,1.83E-23,3.52E-25,2.25E-23,5.52E-19,1.34E-15,4.68E-16,8.87E-21,2.18E-26,8.18E-29,4.88E-27,4.75E-23,2.32E-20,8.51E-21,3.93E-23,1.29E-24,2.00E-23,2.13E-20,5.44E-18,3.18E-18,1.78E-20,2.54E-22,1.45E-21,8.56E-19,9.02E-17,8.69E-18,2.42E-22,6.92E-25,4.66E-25,8.62E-22,5.68E-18,5.14E-17,1.05E-19,2.01E-23,1.21E-24,1.13E-21,6.45E-17,6.42E-14,4.75E-15,3.25E-19,4.46E-23,4.93E-24,2.48E-22,2.18E-20,2.17E-20,4.24E-22,2.97E-23,6.78E-22,1.45E-18,5.27E-16,1.56E-16,2.22E-19,2.42E-22,3.03E-22,6.58E-19,4.63E-15,6.98E-14,2.76E-16,4.23E-20,4.04E-22,1.41E-20,1.64E-17,1.49E-15,1.67E-16,2.19E-19,1.44E-21,4.39E-21,1.64E-18,2.34E-16,1.33E-16,1.03E-17,2.10E-19,1.45E-18,1.40E-15,7.55E-12,8.49E-10,6.98E-11,2.42E-12,1.57E-11,1.52E-07,0.008259176,0.985110879,0.006629831
Head 3,323,2.55E-20,1.85E-21,1.86E-26,5.19E-31,3.09E-31,6.00E-27,5.31E-22,3.14E-19,5.38E-22,2.95E-26,1.85E-28,3.37E-27,3.09E-24,1.50E-22,3.02E-23,4.43E-25,3.94E-25,1.27E-22,2.55E-19,3.77E-18,2.95E-20,1.55E-23,1.29E-24,2.00E-21,1.05E-15,4.96E-12,1.47E-13,1.24E-18,6.17E-25,9.64E-30,3.65E-26,6.11E-20,2.15E-19,1.61E-21,1.56E-25,6.89E-28,1.07E-26,6.15E-23,2.51E-20,5.23E-21,2.93E-24,9.28E-27,3.13E-26,8.85E-23,2.20E-20,2.82E-21,2.52E-24,1.22E-25,9.30E-23,2.17E-16,2.16E-12,2.52E-13,4.80E-19,2.14E-25,4.33E-28,2.19E-25,4.97E-20,1.85E-16,3.92E-17,8.91E-21,9.04E-24,1.81E-23,3.81E-20,6.48E-17,2.04E-16,1.46E-18,1.65E-20,6.76E-20,3.63E-17,4.20E-15,5.65E-16,1.29E-20,1.32E-24,5.07E-25,1.15E-21,7.15E-18,1.72E-17,2.36E-21,2.19E-26,8.03E-28,3.11E-24,8.49E-18,1.98E-13,3.47E-14,6.01E-19,1.23E-23,8.34E-25,3.18E-22,7.60E-19,1.32E-17,8.14E-19,3.76E-20,1.97E-19,6.56E-17,4.88E-15,2.18E-16,2.45E-20,7.03E-24,1.33E-23,1.71E-19,6.58E-15,1.13E-13,9.95E-17,1.59E-21,6.93E-24,3.49E-22,6.84E-18,1.05E-14,3.72E-15,1.83E-18,2.18E-21,2.92E-21,1.86E-18,9.85E-16,3.54E-14,2.96E-16,1.40E-19,1.75E-19,4.37E-17,4.16E-13,1.06E-11,4.87E-13,8.15E-15,1.16E-13,4.89E-09,0.002353137,0.991171896,0.006474915
Head 3,324,1.91E-21,1.83E-22,2.10E-27,5.59E-32,3.57E-32,5.32E-28,7.43E-22,2.14E-20,5.57E-23,3.89E-27,2.67E-29,4.25E-28,2.98E-25,1.74E-23,2.55E-24,5.97E-26,5.27E-26,1.80E-23,3.46E-20,4.33E-19,3.14E-21,9.10E-25,6.72E-26,1.52E-22,7.92E-17,4.40E-13,1.35E-13,2.56E-19,1.46E-28,5.46E-30,4.55E-26,1.41E-22,2.06E-20,2.58E-22,2.21E-26,8.34E-29,2.59E-27,5.90E-24,2.35E-21,3.91E-22,2.50E-25,8.64E-29,3.29E-27,1.42E-23,3.50E-21,3.05E-22,3.50E-25,2.90E-26,1.14E-22,2.00E-17,2.02E-13,3.32E-14,1.40E-19,5.09E-26,9.53E-29,2.66E-26,3.64E-21,1.12E-17,2.59E-18,7.00E-22,6.51E-25,1.50E-24,2.84E-21,4.14E-18,9.94E-18,8.92E-20,1.33E-21,5.83E-21,3.87E-18,9.50E-15,2.89E-17,1.71E-21,1.59E-25,5.94E-26,1.33E-22,9.68E-19,2.78E-18,3.80E-22,4.67E-27,8.66E-29,3.10E-25,6.07E-19,1.38E-14,3.37E-15,9.59E-20,2.44E-24,1.94E-25,6.19E-23,1.23E-19,1.90E-18,1.47E-19,7.48E-21,3.56E-20,1.37E-17,7.94E-16,4.97E-17,3.47E-21,9.77E-25,1.55E-24,1.49E-20,4.72E-16,1.08E-14,1.57E-17,5.03E-22,1.50E-24,5.76E-23,9.99E-19,1.41E-15,5.14E-16,2.89E-19,4.07E-22,5.03E-22,2.73E-19,6.25E-16,5.87E-15,1.33E-18,4.73E-21,9.05E-21,1.24E-17,4.72E-14,1.31E-12,5.85E-14,1.26E-15,1.07E-14,4.64E-10,0.000224136,0.99895215,0.000823641
Head 3,325,2.19E-22,3.15E-23,2.46E-28,3.93E-33,1.55E-33,1.15E-27,7.45E-23,3.57E-21,9.86E-24,6.75E-28,4.48E-30,7.19E-29,7.71E-26,2.49E-24,3.35E-25,4.06E-27,3.31E-27,1.67E-24,5.01E-21,7.26E-20,1.91E-22,1.81E-26,1.02E-27,2.49E-24,3.25E-18,4.59E-13,8.07E-14,1.71E-23,2.66E-29,2.96E-30,5.75E-29,4.34E-24,1.52E-21,1.69E-23,1.27E-27,9.18E-29,5.41E-28,2.16E-24,7.10E-22,8.12E-23,1.85E-28,3.80E-30,2.43E-28,2.30E-24,5.78E-22,4.32E-23,4.78E-26,4.45E-26,1.69E-23,5.95E-18,1.64E-13,8.21E-14,2.22E-19,4.42E-26,3.36E-29,6.58E-27,1.06E-21,5.07E-18,1.59E-18,3.68E-22,2.84E-25,5.60E-25,9.47E-22,9.12E-19,1.62E-18,1.04E-20,1.18E-22,8.67E-22,2.65E-17,3.01E-16,1.72E-17,3.21E-22,9.48E-27,2.16E-27,8.36E-24,1.72E-19,8.22E-19,1.12E-22,5.28E-28,7.06E-30,2.28E-26,7.94E-20,3.94E-15,1.79E-15,4.80E-20,1.11E-24,8.29E-26,2.92E-23,5.54E-20,8.82E-19,5.13E-20,1.86E-21,1.44E-20,1.30E-18,3.14E-16,1.10E-17,3.80E-22,4.54E-26,4.78E-26,5.59E-22,4.33E-17,2.57E-15,6.07E-18,8.12E-23,1.10E-25,3.95E-24,8.28E-20,1.87E-16,9.17E-17,6.10E-20,9.23E-23,1.54E-22,1.35E-19,6.63E-16,1.02E-16,1.46E-19,8.23E-21,8.07E-21,7.75E-18,4.96E-14,1.44E-12,4.66E-14,3.22E-16,2.22E-15,1.42E-10,0.004367101,0.958166718,0.03746612
Head 3,326,1.24E-24,1.72E-25,1.66E-30,3.06E-35,6.17E-34,7.10E-30,5.10E-25,2.23E-23,6.89E-26,5.01E-30,2.87E-32,5.83E-31,3.57E-28,1.77E-26,2.01E-27,2.82E-29,2.56E-29,1.16E-26,3.44E-23,3.51E-22,8.20E-25,1.25E-28,7.03E-30,1.76E-26,8.33E-20,4.88E-15,3.28E-20,5.22E-25,1.33E-29,6.35E-34,4.89E-31,5.25E-26,1.09E-23,1.11E-25,9.42E-28,7.26E-31,6.60E-30,1.93E-26,5.53E-24,3.42E-27,1.86E-30,3.34E-32,2.41E-30,1.34E-26,3.02E-24,3.61E-25,5.29E-27,3.26E-28,1.27E-25,4.08E-20,1.94E-15,7.91E-16,3.04E-21,7.14E-28,4.78E-31,6.31E-29,6.30E-24,2.54E-20,8.24E-21,1.99E-24,1.69E-27,3.33E-27,4.09E-24,4.17E-21,8.54E-21,4.95E-23,6.42E-25,2.71E-23,7.20E-21,2.35E-18,1.06E-19,1.83E-24,5.71E-29,1.56E-29,7.59E-26,1.19E-21,5.61E-21,6.64E-25,4.43E-30,5.47E-32,1.63E-28,4.81E-22,2.57E-17,1.14E-17,3.81E-22,1.07E-26,8.31E-28,2.25E-25,3.76E-22,4.59E-21,1.88E-22,9.84E-24,3.05E-24,1.05E-20,2.11E-18,9.30E-20,3.72E-24,4.62E-28,3.73E-28,3.66E-24,2.83E-19,2.60E-17,4.54E-20,5.32E-25,8.76E-28,2.70E-26,6.18E-22,1.39E-18,8.07E-19,6.07E-22,1.01E-24,1.29E-24,1.57E-21,6.43E-19,2.56E-19,5.13E-20,1.03E-22,5.36E-23,5.62E-20,3.32E-16,1.13E-14,2.74E-16,2.13E-18,1.35E-17,1.69E-11,2.26E-05,0.999743879,0.000233518
Head 3,327,2.32E-25,9.58E-26,2.62E-29,2.82E-31,2.00E-31,1.25E-28,1.25E-25,3.87E-25,1.43E-27,7.95E-31,4.76E-32,9.90E-31,3.06E-28,3.37E-27,3.56E-28,1.84E-29,9.07E-29,2.12E-25,1.63E-21,7.33E-20,1.76E-21,1.14E-24,4.40E-26,7.24E-24,8.86E-19,1.88E-19,1.25E-18,1.91E-21,1.61E-28,1.22E-30,1.06E-28,1.47E-25,2.36E-24,3.77E-24,2.35E-27,7.09E-29,1.99E-27,2.04E-24,6.68E-24,1.07E-25,1.03E-28,5.42E-30,2.80E-28,7.88E-25,1.17E-22,1.55E-23,4.83E-26,1.28E-27,4.80E-26,1.56E-21,8.69E-18,6.49E-18,5.05E-22,2.27E-27,3.18E-30,3.58E-29,8.32E-26,2.71E-23,1.36E-23,8.29E-26,3.04E-27,3.17E-26,2.31E-23,3.34E-21,1.02E-21,4.15E-24,1.64E-25,8.44E-25,1.96E-21,6.30E-19,7.70E-20,9.27E-24,1.55E-27,6.70E-28,9.22E-25,9.10E-21,1.32E-19,5.14E-22,1.07E-25,4.48E-27,1.35E-24,5.64E-20,6.70E-17,1.25E-17,2.56E-21,6.71E-25,6.50E-26,1.79E-24,6.82E-23,3.69E-23,8.63E-25,5.38E-27,4.55E-25,3.29E-21,2.33E-18,7.95E-19,4.17E-22,2.83E-25,2.03E-25,2.71E-22,4.80E-18,2.09E-16,2.04E-18,4.69E-22,2.98E-24,3.14E-23,2.52E-20,2.64E-18,5.41E-19,1.56E-21,7.42E-23,1.07E-22,4.06E-20,9.95E-19,5.07E-18,7.55E-20,8.37E-22,4.80E-21,1.58E-17,1.86E-13,8.82E-12,6.41E-13,1.01E-14,1.98E-14,5.96E-10,0.014633244,0.981220722,0.004146086
Head 3,328,2.79E-25,1.23E-25,3.62E-28,3.75E-31,3.66E-31,2.14E-28,1.95E-25,5.61E-25,1.67E-27,1.12E-30,4.24E-32,1.21E-30,3.04E-28,3.67E-27,4.49E-28,2.13E-29,1.04E-28,1.50E-25,1.21E-21,7.92E-20,2.19E-21,1.68E-24,5.33E-26,1.95E-23,4.41E-23,7.47E-18,4.61E-17,2.69E-23,1.79E-28,2.95E-30,2.01E-28,2.07E-25,1.62E-22,3.21E-24,3.22E-27,1.07E-28,3.42E-27,8.74E-25,1.10E-23,2.22E-25,2.49E-28,8.70E-30,4.68E-28,1.29E-24,1.04E-22,2.95E-23,9.40E-26,1.71E-27,1.08E-25,2.21E-21,8.34E-18,8.62E-18,7.60E-22,4.34E-27,5.35E-30,5.18E-29,1.06E-25,3.26E-23,1.58E-23,1.00E-25,2.87E-27,3.40E-26,3.02E-23,3.96E-21,1.32E-21,8.60E-24,6.39E-26,9.96E-25,2.26E-21,6.38E-19,7.64E-20,9.49E-24,2.26E-27,7.83E-28,1.42E-24,8.34E-21,1.30E-19,5.52E-22,1.36E-25,6.03E-27,2.05E-24,7.43E-20,8.99E-17,1.63E-17,3.20E-21,8.11E-25,7.57E-26,1.50E-24,3.63E-23,2.24E-23,2.15E-26,3.35E-27,3.43E-25,2.74E-21,2.22E-18,9.42E-19,6.14E-22,5.34E-25,2.94E-25,5.77E-22,5.98E-18,2.00E-16,2.11E-18,4.48E-22,3.75E-24,3.91E-23,3.62E-20,3.98E-18,9.90E-19,8.47E-20,2.85E-22,2.23E-22,1.51E-20,3.31E-18,9.51E-18,8.41E-20,1.19E-21,5.88E-21,2.33E-17,1.85E-13,9.26E-12,6.05E-13,8.30E-16,1.82E-14,6.49E-08,0.01146422,0.986527026,0.002008643
Head 3,329,5.53E-25,9.71E-25,6.87E-28,1.08E-30,1.01E-30,4.95E-28,3.90E-25,9.19E-25,3.71E-27,1.84E-30,1.13E-31,2.72E-30,7.12E-28,9.20E-27,1.05E-27,5.37E-29,1.64E-28,2.56E-25,2.61E-21,1.71E-19,5.44E-21,3.94E-24,2.73E-25,6.14E-27,7.46E-21,9.71E-17,2.15E-18,3.87E-23,7.40E-28,1.14E-29,5.75E-28,1.13E-23,2.40E-22,7.44E-24,9.30E-27,3.77E-28,3.41E-27,2.09E-24,3.52E-23,7.89E-25,7.14E-28,3.43E-29,2.09E-27,2.77E-24,3.59E-22,1.16E-22,2.71E-25,9.55E-27,3.90E-25,3.99E-21,1.69E-17,1.69E-17,1.97E-21,1.27E-26,1.50E-29,1.22E-28,2.31E-25,6.39E-23,3.05E-23,1.55E-25,4.81E-27,6.40E-26,4.59E-23,6.19E-21,7.24E-21,4.38E-24,1.04E-25,1.90E-24,3.97E-21,1.14E-18,1.36E-19,2.49E-23,5.48E-27,3.18E-27,2.95E-24,1.68E-20,2.57E-19,1.23E-21,3.42E-25,1.84E-26,5.21E-24,1.76E-19,1.69E-16,2.62E-17,5.55E-21,1.67E-24,1.23E-25,1.61E-24,4.81E-23,2.53E-24,3.40E-26,6.16E-27,6.98E-25,5.82E-21,4.71E-18,2.21E-18,2.01E-21,1.46E-24,1.07E-24,1.58E-21,1.19E-17,3.88E-16,3.67E-18,1.04E-21,8.61E-24,9.89E-23,8.22E-20,1.14E-17,2.40E-16,6.68E-19,2.16E-22,1.55E-22,2.49E-20,1.25E-17,2.02E-17,2.31E-19,3.34E-21,2.29E-20,5.50E-17,4.62E-13,1.86E-11,4.32E-14,1.53E-15,1.60E-12,1.39E-07,0.011489492,0.985531211,0.00297918
Head 3,330,5.57E-24,1.67E-24,1.36E-27,1.98E-30,1.92E-30,1.11E-27,8.43E-25,2.32E-24,5.07E-27,3.31E-30,1.64E-31,4.73E-30,1.46E-27,1.75E-26,1.94E-27,5.32E-29,1.84E-28,4.10E-25,4.28E-21,3.12E-19,1.01E-20,1.48E-23,8.68E-28,1.03E-24,2.59E-20,3.38E-17,1.86E-18,6.89E-23,1.07E-27,1.62E-29,1.34E-26,1.33E-23,4.29E-22,1.32E-23,1.64E-26,8.09E-29,5.99E-27,6.96E-24,1.29E-22,2.15E-24,2.38E-27,1.47E-28,1.14E-26,6.98E-24,1.08E-21,2.22E-22,8.47E-25,2.08E-26,4.64E-25,5.84E-21,2.24E-17,2.14E-17,2.44E-21,1.55E-26,2.07E-29,2.48E-28,6.16E-25,1.70E-22,5.28E-23,2.03E-25,6.01E-27,7.11E-26,6.68E-23,5.60E-20,1.63E-21,5.12E-24,1.26E-25,2.17E-24,5.10E-21,1.30E-18,1.74E-19,2.43E-23,8.95E-27,3.18E-27,3.76E-24,2.28E-20,3.26E-19,1.44E-21,5.02E-25,3.00E-26,1.33E-23,4.67E-19,3.36E-16,3.71E-17,6.61E-21,1.24E-24,6.47E-26,1.33E-24,1.14E-23,2.46E-24,2.72E-26,5.15E-27,6.70E-25,6.03E-21,5.07E-18,3.00E-18,2.40E-21,2.11E-24,2.09E-24,3.22E-21,2.61E-17,5.98E-16,4.91E-18,1.04E-21,9.10E-24,1.04E-22,1.49E-19,9.21E-16,1.08E-15,3.19E-20,6.57E-23,1.50E-22,7.28E-20,2.22E-17,4.05E-17,4.18E-19,7.42E-21,3.09E-20,9.41E-17,6.30E-13,1.64E-12,3.41E-14,3.55E-14,2.16E-12,1.41E-07,0.010050109,0.987549067,0.002400744
Head 3,331,1.04E-23,3.56E-24,2.20E-27,2.49E-30,2.48E-30,1.51E-27,1.64E-24,2.93E-24,9.15E-27,4.38E-30,2.42E-31,8.18E-30,2.61E-27,3.38E-26,2.03E-27,5.80E-29,2.75E-28,5.85E-25,6.88E-21,5.06E-19,2.76E-20,4.60E-25,3.17E-26,9.66E-25,6.09E-20,2.97E-17,3.60E-18,8.29E-23,1.14E-27,3.32E-28,1.02E-26,2.01E-23,7.91E-22,2.54E-23,7.89E-28,1.11E-28,1.38E-26,1.71E-23,2.47E-22,4.85E-24,7.52E-27,3.01E-27,1.83E-26,1.67E-23,2.09E-21,6.77E-22,1.77E-24,2.16E-26,5.98E-25,7.91E-21,2.82E-17,2.59E-17,2.53E-21,1.53E-26,2.40E-29,4.13E-28,1.33E-24,3.24E-22,8.27E-23,2.52E-25,4.96E-27,6.21E-26,1.57E-22,5.41E-21,1.31E-21,4.28E-24,1.04E-25,2.40E-24,5.92E-21,1.89E-18,1.86E-19,3.48E-23,7.49E-27,3.35E-27,4.67E-24,2.94E-20,4.03E-19,1.99E-21,6.26E-25,5.33E-26,2.64E-23,8.21E-19,4.89E-16,5.01E-17,4.80E-21,5.41E-25,4.40E-26,6.55E-25,1.48E-23,2.60E-24,3.04E-26,6.07E-27,7.93E-25,6.65E-21,6.17E-18,3.23E-18,2.28E-21,2.76E-24,3.10E-24,6.47E-21,4.68E-17,1.05E-15,6.21E-18,1.04E-21,6.31E-24,1.17E-22,1.71E-18,3.46E-15,2.12E-17,8.02E-21,2.52E-22,3.70E-22,1.06E-19,4.09E-17,7.64E-17,9.22E-19,9.81E-21,4.95E-20,1.17E-16,2.91E-13,1.06E-12,8.79E-13,4.29E-14,9.95E-12,1.41E-07,0.013299946,0.98386997,0.002829951
Head 3,332,1.11E-23,3.86E-24,2.04E-27,2.18E-30,1.88E-30,1.45E-27,1.04E-24,3.09E-24,8.07E-27,4.41E-30,2.63E-31,8.26E-30,2.66E-27,2.13E-26,1.39E-27,5.91E-29,2.79E-28,6.63E-25,8.64E-21,8.58E-19,1.71E-21,2.15E-24,9.33E-27,2.84E-24,2.36E-20,3.51E-17,3.10E-18,8.14E-23,4.42E-26,2.00E-28,9.19E-27,1.89E-23,8.69E-22,3.47E-25,8.35E-28,1.54E-28,1.70E-26,1.40E-23,2.07E-22,5.77E-24,2.45E-25,2.12E-27,1.90E-26,1.67E-23,3.43E-21,8.45E-22,1.11E-24,1.75E-26,5.46E-25,6.87E-21,2.62E-17,2.36E-17,2.35E-21,1.11E-26,1.67E-29,2.81E-28,7.59E-25,2.03E-22,5.75E-23,1.45E-25,2.92E-27,1.01E-26,1.78E-23,2.12E-21,5.43E-22,1.85E-24,6.88E-26,1.97E-24,7.23E-21,1.80E-18,2.39E-19,2.94E-23,7.07E-27,3.26E-27,4.32E-24,2.64E-20,4.19E-19,1.88E-21,7.30E-25,6.03E-26,2.39E-23,6.57E-19,4.66E-16,3.44E-17,2.19E-21,3.54E-25,1.29E-26,7.26E-25,1.39E-23,2.95E-24,4.00E-26,8.59E-27,1.04E-24,8.68E-21,6.84E-18,2.79E-18,2.03E-21,2.23E-24,2.83E-24,5.18E-21,4.49E-17,1.03E-15,6.02E-18,6.79E-22,5.43E-24,2.42E-22,3.32E-18,1.06E-16,4.39E-18,2.21E-19,5.61E-22,3.77E-22,1.15E-19,4.14E-17,9.05E-17,8.01E-19,1.06E-20,4.20E-20,1.15E-16,1.14E-13,3.15E-11,8.25E-13,1.07E-12,7.90E-12,1.51E-07,0.010457887,0.985995352,0.003546599
Head 3,333,5.18E-21,3.10E-22,3.75E-27,1.63E-31,1.94E-31,2.87E-27,3.14E-22,1.36E-20,3.15E-23,1.80E-27,9.86E-30,1.48E-28,7.13E-26,1.58E-24,1.64E-25,2.85E-27,4.03E-27,6.53E-24,1.22E-20,2.77E-21,4.68E-23,2.79E-27,4.74E-29,3.42E-26,5.25E-20,6.98E-16,3.98E-17,5.49E-21,1.19E-27,4.00E-30,4.22E-27,1.21E-21,5.00E-21,7.41E-23,1.16E-26,9.85E-29,2.09E-27,3.15E-24,1.98E-22,1.44E-21,8.73E-25,3.84E-27,2.73E-26,6.16E-23,1.61E-20,2.15E-21,4.20E-24,2.60E-25,1.28E-22,4.55E-17,1.14E-12,4.09E-13,8.28E-19,8.45E-26,3.81E-29,4.97E-27,1.04E-21,5.93E-18,9.02E-19,6.73E-23,6.19E-28,1.45E-26,1.97E-23,2.14E-20,3.17E-20,2.91E-22,1.20E-23,5.27E-22,1.43E-18,3.07E-16,4.80E-18,5.99E-23,2.77E-27,1.41E-27,8.41E-24,1.45E-19,5.33E-19,6.78E-23,5.80E-28,1.33E-29,6.35E-26,1.89E-19,3.53E-15,2.94E-16,4.11E-21,1.01E-26,9.34E-27,3.73E-24,1.40E-21,2.32E-21,5.16E-23,6.07E-24,3.15E-22,9.23E-19,1.45E-16,3.56E-18,1.19E-22,2.37E-26,5.15E-26,1.51E-21,1.73E-16,5.24E-15,1.79E-18,7.16E-24,2.50E-26,6.84E-24,2.71E-19,3.77E-16,2.54E-14,5.07E-18,3.79E-22,8.10E-23,5.50E-20,1.41E-16,6.20E-16,2.64E-18,3.62E-21,6.65E-21,8.16E-18,1.41E-13,2.97E-13,1.74E-14,9.88E-17,2.36E-15,6.83E-10,0.001825028,0.997923195,0.000251778
Head 3,334,1.60E-22,5.85E-23,2.61E-26,2.88E-29,1.66E-29,1.11E-26,1.03E-23,3.06E-23,1.16E-25,7.63E-29,3.91E-30,7.96E-29,9.69E-27,6.26E-26,5.57E-27,3.57E-28,1.05E-26,3.85E-23,1.30E-21,2.72E-18,1.38E-20,1.15E-23,6.78E-26,8.80E-24,2.24E-19,3.25E-16,1.07E-15,8.05E-20,5.03E-25,1.70E-27,6.55E-26,8.47E-24,1.88E-22,5.53E-24,1.76E-26,2.49E-27,1.47E-25,8.46E-23,9.06E-21,5.04E-22,6.57E-25,1.43E-26,4.02E-25,5.49E-22,3.14E-20,2.73E-21,3.38E-24,6.16E-26,2.97E-24,6.70E-20,4.67E-16,3.72E-16,1.64E-20,3.67E-26,2.07E-29,2.10E-28,7.19E-25,2.48E-22,9.24E-23,4.42E-27,4.78E-27,4.25E-26,2.78E-23,2.25E-21,6.46E-22,5.20E-24,6.63E-25,3.31E-23,1.60E-19,2.89E-17,1.78E-18,1.57E-22,3.41E-26,2.02E-26,4.47E-23,4.19E-19,6.96E-18,2.81E-20,6.71E-24,3.50E-25,1.55E-22,5.88E-18,2.76E-15,1.89E-16,6.32E-22,7.45E-25,3.36E-25,1.50E-23,2.59E-22,4.61E-23,7.12E-25,2.59E-25,4.07E-23,4.08E-19,1.95E-16,3.60E-17,1.28E-20,8.20E-24,9.19E-24,2.37E-20,3.06E-16,6.57E-15,3.09E-17,7.80E-21,3.09E-23,1.09E-21,1.22E-18,6.00E-15,4.21E-15,2.71E-18,2.80E-21,1.49E-21,2.77E-19,4.67E-17,5.90E-17,5.02E-19,1.50E-21,2.52E-20,8.54E-16,8.21E-12,1.08E-09,5.20E-11,1.23E-12,1.26E-11,2.37E-07,0.030141665,0.966869235,0.002988792
Head 3,335,2.17E-22,5.59E-23,2.84E-26,1.74E-29,1.73E-29,1.13E-26,1.25E-23,3.59E-23,1.07E-25,5.76E-29,3.20E-30,5.72E-29,9.73E-27,7.00E-26,5.27E-27,1.25E-27,1.12E-26,3.17E-26,1.80E-20,8.94E-19,5.14E-20,6.10E-24,1.22E-25,1.13E-23,2.49E-19,1.70E-15,1.90E-15,8.19E-20,3.13E-25,1.14E-27,7.28E-27,1.16E-23,2.24E-22,6.08E-24,1.52E-26,2.19E-27,1.81E-25,3.68E-22,1.46E-20,7.29E-22,8.08E-25,2.66E-26,6.07E-25,4.45E-22,2.69E-20,2.10E-21,2.38E-24,4.51E-26,2.01E-24,5.36E-20,2.98E-16,2.09E-16,9.03E-21,1.64E-26,1.32E-29,2.21E-28,9.02E-25,3.34E-22,2.83E-24,1.48E-25,2.13E-27,2.17E-26,1.43E-23,1.72E-21,6.37E-22,7.17E-24,4.94E-25,3.65E-23,9.99E-20,1.94E-17,1.04E-18,7.78E-23,1.62E-26,1.08E-26,2.75E-23,3.07E-19,5.33E-18,1.98E-20,5.27E-24,4.61E-25,2.88E-22,6.83E-18,2.26E-15,3.81E-18,4.96E-22,4.22E-25,2.44E-25,1.35E-23,2.15E-22,3.39E-23,5.45E-25,1.23E-25,2.14E-23,1.88E-19,9.50E-17,2.06E-17,7.45E-21,6.27E-24,7.96E-24,2.62E-20,2.66E-16,5.36E-15,7.00E-17,2.97E-21,1.95E-23,4.77E-22,5.89E-18,8.47E-15,2.74E-15,1.61E-18,1.92E-21,1.32E-21,2.13E-19,4.70E-17,5.07E-17,2.24E-20,5.43E-22,1.76E-20,5.73E-16,1.37E-11,7.69E-10,4.57E-11,1.09E-12,1.01E-11,2.16E-07,0.015691495,0.983325243,0.000983024
Head 3,336,3.87E-22,1.37E-22,4.27E-26,4.19E-29,3.49E-29,2.61E-26,2.98E-23,7.87E-23,2.17E-25,1.35E-28,5.31E-30,1.10E-28,2.05E-26,1.43E-25,4.32E-26,3.77E-27,3.80E-29,7.87E-25,1.87E-20,4.85E-18,5.01E-20,1.81E-23,2.49E-25,1.85E-23,3.90E-19,8.82E-15,7.83E-15,2.22E-19,7.45E-25,2.78E-28,2.03E-26,2.99E-23,5.88E-22,1.42E-23,3.53E-26,6.08E-27,1.16E-24,9.59E-22,3.88E-20,1.73E-21,3.18E-24,8.96E-26,1.25E-24,8.29E-22,4.57E-20,3.45E-21,4.79E-24,8.71E-26,4.41E-24,1.00E-19,5.50E-16,4.15E-16,1.52E-20,2.80E-26,2.46E-29,3.78E-28,1.74E-24,1.01E-22,1.12E-22,1.94E-25,2.97E-27,2.68E-26,2.30E-23,3.69E-21,2.22E-21,1.54E-23,1.72E-24,6.56E-23,2.19E-19,3.94E-17,2.04E-18,1.51E-22,3.36E-26,2.17E-26,5.91E-23,6.28E-19,9.76E-18,3.81E-20,1.59E-23,1.93E-24,7.88E-22,1.36E-17,6.81E-16,9.35E-18,9.82E-22,1.06E-24,7.06E-25,3.41E-23,4.85E-22,9.22E-23,1.09E-24,2.37E-25,3.97E-23,3.26E-19,1.76E-16,3.67E-17,1.45E-20,1.12E-23,1.50E-23,3.79E-20,4.45E-16,2.83E-14,6.54E-17,3.05E-21,4.17E-23,1.54E-21,1.89E-17,1.66E-14,5.61E-15,4.00E-18,5.40E-21,2.45E-21,4.51E-19,8.41E-17,8.04E-18,2.23E-20,3.47E-22,2.79E-20,6.49E-16,2.15E-11,1.66E-09,1.33E-10,2.74E-12,2.12E-11,2.20E-07,0.016069196,0.982201278,0.001729228
Head 3,337,5.88E-22,1.33E-22,7.04E-26,6.22E-29,6.18E-29,4.52E-26,4.22E-23,9.94E-23,3.31E-25,1.52E-28,6.90E-30,1.54E-28,2.88E-26,4.38E-25,8.88E-26,6.08E-29,2.08E-28,1.94E-24,4.61E-20,3.40E-18,9.74E-20,2.70E-23,3.31E-25,7.30E-24,1.33E-18,2.65E-14,1.51E-14,3.80E-19,5.43E-26,5.76E-28,4.20E-26,5.59E-23,8.97E-22,2.22E-23,7.05E-26,8.48E-26,2.06E-24,1.85E-21,5.98E-20,4.23E-21,7.29E-24,1.65E-25,2.01E-24,1.16E-21,5.24E-20,4.76E-21,6.76E-24,1.47E-25,5.79E-24,1.18E-19,6.39E-16,4.61E-16,1.78E-20,3.77E-26,3.18E-29,5.35E-28,8.87E-25,5.32E-22,1.04E-22,1.95E-25,2.95E-27,3.39E-26,3.59E-23,8.74E-21,3.22E-21,3.56E-23,2.08E-24,1.05E-22,2.92E-19,4.80E-17,2.38E-18,2.12E-22,4.95E-26,3.79E-26,9.29E-23,7.75E-19,1.12E-17,6.75E-20,4.35E-23,4.30E-24,1.28E-21,2.95E-17,9.38E-16,1.14E-17,1.64E-21,2.21E-24,1.33E-24,5.01E-23,7.22E-22,1.10E-22,1.09E-24,2.86E-25,4.44E-23,3.79E-19,1.92E-16,4.38E-17,1.80E-20,1.53E-23,1.54E-23,4.44E-20,1.02E-15,1.60E-14,2.49E-17,6.15E-21,8.06E-23,2.96E-21,2.55E-17,2.28E-14,8.28E-15,7.14E-18,7.18E-21,3.85E-21,5.58E-19,5.51E-17,5.53E-18,1.40E-20,4.19E-22,4.15E-20,7.72E-16,3.40E-11,3.79E-09,2.78E-10,4.10E-12,3.01E-12,1.34E-07,0.010669197,0.987900376,0.001430334
Head 3,338,8.34E-22,2.58E-22,1.01E-25,9.84E-29,1.07E-28,7.28E-26,6.65E-23,1.82E-22,4.21E-25,2.03E-28,1.04E-29,2.74E-28,5.93E-26,1.15E-24,1.07E-26,7.72E-29,2.70E-27,2.23E-24,4.71E-20,7.76E-18,1.53E-19,3.98E-23,1.14E-25,3.01E-23,6.92E-18,8.41E-14,3.34E-14,1.34E-20,8.14E-26,1.13E-27,8.58E-26,9.92E-23,1.72E-21,4.65E-23,4.51E-24,1.39E-25,4.23E-24,3.27E-21,1.58E-19,9.50E-21,1.40E-23,3.02E-25,3.61E-24,1.69E-21,8.14E-20,7.09E-21,1.22E-23,1.91E-25,7.12E-24,1.55E-19,8.65E-16,5.99E-16,2.23E-20,4.27E-26,4.16E-29,1.80E-28,2.58E-24,7.28E-22,1.29E-22,2.02E-25,3.32E-27,4.68E-26,8.08E-23,1.28E-20,6.90E-21,4.13E-23,3.50E-24,1.55E-22,4.16E-19,5.96E-17,3.09E-18,2.51E-22,7.35E-26,5.98E-26,1.34E-22,1.07E-18,1.91E-17,1.45E-19,8.25E-23,6.94E-24,1.65E-20,4.03E-17,1.34E-15,2.01E-17,3.25E-21,4.13E-24,2.07E-24,7.53E-23,9.51E-22,1.10E-22,1.31E-24,3.25E-25,5.67E-23,4.70E-19,2.55E-16,6.02E-17,2.52E-20,1.67E-23,2.22E-23,1.78E-19,9.40E-16,8.77E-15,5.74E-17,2.11E-20,1.07E-22,4.12E-21,4.62E-17,3.60E-14,1.50E-14,9.41E-18,1.08E-20,4.85E-21,2.32E-18,4.52E-17,1.35E-17,1.79E-20,3.76E-21,5.80E-20,1.63E-15,1.06E-10,1.04E-08,4.17E-10,7.36E-14,7.58E-12,1.37E-07,0.014753612,0.983605981,0.001640324
Head 3,339,1.04E-21,2.57E-22,1.05E-25,1.08E-28,1.01E-28,6.54E-26,6.82E-23,1.45E-22,3.50E-25,1.90E-28,1.22E-29,2.85E-28,9.80E-26,1.32E-25,3.96E-27,1.96E-27,5.39E-28,1.79E-24,7.64E-20,8.40E-18,1.49E-19,8.43E-24,2.26E-25,9.33E-23,1.58E-17,1.63E-13,1.52E-15,1.27E-20,1.17E-25,1.50E-27,9.36E-26,1.37E-22,2.51E-21,4.90E-21,4.78E-24,1.72E-25,4.59E-24,4.97E-21,1.82E-19,8.86E-21,1.39E-23,3.17E-25,3.44E-24,1.67E-21,8.11E-20,9.40E-21,1.10E-23,1.53E-25,6.25E-24,1.52E-19,9.50E-16,6.58E-16,2.03E-20,3.52E-26,1.95E-30,4.16E-28,1.92E-24,5.69E-22,9.19E-23,1.50E-25,2.89E-27,6.26E-26,6.93E-23,1.57E-20,4.77E-21,4.28E-23,3.41E-24,1.65E-22,4.25E-19,6.45E-17,2.94E-18,2.77E-22,8.21E-26,6.05E-26,1.39E-22,1.23E-18,2.56E-17,1.76E-19,8.55E-23,7.51E-23,1.12E-20,3.57E-17,1.50E-15,2.59E-17,4.27E-21,4.88E-24,2.24E-24,7.10E-23,7.76E-22,1.06E-22,1.24E-24,3.49E-25,5.88E-23,5.36E-19,3.09E-16,6.86E-17,2.04E-20,1.47E-23,1.88E-22,1.20E-19,5.12E-16,1.49E-14,2.75E-16,1.55E-20,1.02E-22,5.83E-21,4.72E-17,4.84E-14,1.56E-14,1.06E-17,9.37E-21,1.36E-20,1.19E-18,1.98E-16,1.10E-17,3.92E-19,3.50E-21,8.81E-20,3.92E-15,2.56E-10,1.21E-08,2.34E-12,7.99E-13,6.98E-12,1.50E-07,0.013116441,0.984857202,0.002026219
Head 3,340,7.44E-22,2.12E-22,1.18E-25,1.20E-28,1.03E-28,5.96E-26,4.45E-23,9.38E-23,2.67E-25,2.00E-28,1.64E-29,3.64E-28,2.72E-27,6.32E-26,7.42E-26,1.28E-28,4.16E-28,2.44E-24,6.91E-20,6.75E-18,3.02E-20,1.61E-23,6.26E-25,1.71E-22,2.25E-17,2.47E-14,9.71E-16,2.01E-20,1.87E-25,1.94E-27,1.51E-25,2.11E-22,1.56E-19,4.51E-21,5.57E-24,2.06E-25,7.77E-24,5.57E-21,1.41E-19,8.24E-21,1.45E-23,3.38E-25,3.38E-24,1.48E-21,9.49E-20,8.75E-21,9.81E-24,1.52E-25,6.06E-24,1.55E-19,9.94E-16,6.46E-16,2.08E-20,9.97E-28,1.98E-29,3.05E-28,1.30E-24,3.35E-22,6.18E-23,1.40E-25,4.48E-27,6.35E-26,9.73E-23,1.10E-20,4.79E-21,4.15E-23,3.71E-24,1.70E-22,4.25E-19,5.99E-17,3.57E-18,4.02E-22,1.17E-25,8.67E-26,1.68E-22,1.43E-18,2.59E-17,1.80E-19,5.09E-22,5.39E-23,1.02E-20,3.38E-17,1.57E-15,3.09E-17,5.68E-21,6.39E-24,2.15E-24,6.01E-23,7.17E-22,1.02E-22,1.44E-24,3.93E-25,6.89E-23,6.13E-19,3.41E-16,6.35E-17,2.12E-20,8.79E-22,1.58E-22,4.22E-20,6.47E-16,5.28E-14,1.62E-16,1.68E-20,1.87E-22,6.21E-21,6.37E-17,4.47E-14,1.65E-14,9.69E-18,4.26E-21,6.64E-21,4.87E-18,1.59E-16,1.66E-16,3.81E-19,5.79E-21,2.29E-19,1.01E-14,2.64E-10,1.58E-10,4.80E-11,9.87E-13,8.14E-12,1.30E-07,0.010338768,0.987429321,0.002231757
Head 3,341,7.43E-22,2.43E-22,1.20E-25,1.21E-28,9.66E-29,4.94E-26,3.93E-23,8.38E-23,2.79E-25,4.82E-28,1.70E-29,2.77E-30,4.88E-27,3.25E-25,4.71E-27,7.99E-29,4.99E-28,2.42E-24,5.96E-20,1.65E-18,5.94E-20,4.19E-23,1.27E-24,3.21E-22,3.03E-17,1.53E-14,1.50E-15,2.36E-20,1.75E-25,2.78E-27,2.89E-25,4.79E-21,1.41E-19,4.46E-21,5.72E-24,3.41E-25,9.85E-24,4.87E-21,1.46E-19,8.52E-21,1.58E-23,3.56E-25,3.24E-24,1.73E-21,9.37E-20,7.48E-21,8.78E-24,1.33E-25,6.20E-24,1.81E-19,1.03E-15,6.20E-16,7.08E-22,1.98E-26,1.38E-29,2.50E-28,1.04E-24,2.85E-22,5.93E-23,1.87E-25,4.25E-27,1.01E-25,8.10E-23,1.30E-20,4.98E-21,4.49E-23,3.85E-24,1.72E-22,4.00E-19,6.52E-17,3.85E-18,3.86E-22,1.26E-25,9.50E-26,2.03E-22,1.38E-18,2.31E-17,3.61E-19,3.16E-22,4.55E-23,1.03E-20,4.18E-17,2.11E-15,4.14E-17,7.12E-21,5.17E-24,1.61E-24,5.50E-23,6.61E-22,9.87E-23,1.24E-24,3.50E-25,6.13E-23,5.85E-19,2.99E-16,5.87E-17,3.05E-18,7.06E-22,1.53E-23,6.66E-20,1.74E-15,2.84E-14,1.37E-16,2.16E-20,1.52E-22,8.11E-21,5.74E-17,4.57E-14,1.31E-14,2.97E-19,1.63E-21,9.61E-21,4.11E-18,3.61E-16,1.40E-16,4.59E-19,1.15E-20,5.35E-19,9.50E-15,2.06E-11,7.91E-10,5.64E-11,9.65E-13,7.22E-12,1.13E-07,0.010778412,0.987293124,0.001928368
Head 3,342,1.33E-19,8.54E-21,1.20E-25,4.46E-30,3.34E-30,6.18E-26,5.05E-21,2.66E-19,4.14E-21,1.30E-25,2.83E-30,1.66E-28,3.71E-25,2.28E-23,1.10E-24,6.92E-27,3.35E-27,1.68E-24,8.91E-21,1.37E-19,1.05E-21,2.19E-25,1.16E-26,1.27E-23,7.28E-18,1.63E-13,1.02E-14,1.03E-20,8.80E-27,2.24E-28,4.57E-24,4.42E-19,2.89E-16,5.38E-18,3.52E-22,3.70E-25,1.28E-24,1.76E-21,4.05E-19,8.57E-20,1.05E-22,5.33E-25,1.84E-24,1.03E-21,1.16E-19,2.12E-20,4.74E-23,2.75E-24,1.64E-21,8.13E-16,2.98E-11,8.69E-13,4.63E-18,1.31E-25,3.16E-29,6.65E-27,2.63E-21,1.95E-17,3.41E-18,1.86E-22,7.64E-26,8.28E-26,1.76E-22,2.93E-19,1.06E-18,2.01E-20,1.19E-21,3.23E-20,9.05E-17,1.28E-14,2.54E-16,4.51E-21,2.56E-25,7.02E-26,9.12E-23,6.83E-19,7.34E-19,3.41E-22,1.05E-26,5.23E-28,1.37E-24,5.19E-19,1.32E-15,1.09E-16,4.38E-21,5.97E-25,4.19E-25,1.77E-22,6.21E-20,9.46E-20,2.33E-21,3.16E-22,2.15E-20,7.95E-17,1.22E-14,3.02E-14,2.97E-18,9.65E-25,1.45E-24,6.32E-20,2.47E-15,8.79E-14,9.08E-17,7.60E-22,2.71E-24,4.92E-22,1.77E-16,3.54E-12,1.03E-14,2.54E-18,1.51E-21,5.57E-21,5.13E-18,8.27E-15,1.13E-14,1.74E-17,4.05E-20,6.62E-20,2.97E-16,1.52E-13,6.61E-12,8.02E-14,3.85E-16,4.63E-15,8.96E-10,0.001937519,0.994543076,0.003519372
Head 3,343,4.74E-21,4.21E-22,4.99E-27,1.84E-31,1.52E-31,2.06E-27,1.78E-22,5.56E-20,1.94E-22,5.13E-28,6.32E-31,4.46E-30,2.09E-26,7.33E-25,6.56E-26,4.11E-28,1.97E-28,6.62E-25,6.34E-22,1.13E-20,7.33E-23,1.28E-26,3.50E-28,2.51E-25,3.76E-19,6.53E-15,3.82E-16,6.03E-22,1.19E-27,3.43E-28,1.38E-25,1.62E-20,1.11E-17,3.73E-19,2.08E-23,1.39E-26,4.09E-26,4.23E-23,7.89E-21,1.72E-21,2.19E-24,1.26E-26,5.12E-26,3.17E-23,4.00E-21,8.13E-22,2.02E-24,1.29E-25,5.85E-23,3.07E-17,1.34E-13,2.64E-13,1.63E-19,4.08E-27,7.76E-31,1.52E-28,5.78E-23,5.63E-19,9.80E-20,9.46E-24,2.56E-27,3.67E-27,5.83E-24,8.41E-21,2.91E-20,6.29E-22,4.28E-23,1.81E-21,5.41E-18,7.01E-16,1.38E-17,2.56E-22,1.06E-26,1.52E-27,2.95E-24,6.54E-21,4.99E-20,1.75E-23,6.27E-28,3.15E-29,6.78E-26,1.79E-20,4.18E-17,2.41E-18,7.30E-23,2.92E-26,2.63E-26,1.20E-23,3.85E-21,6.21E-21,1.54E-22,2.53E-23,1.84E-21,7.84E-18,1.25E-14,2.97E-15,4.47E-22,3.44E-26,7.57E-25,2.05E-21,8.46E-17,3.79E-15,3.89E-18,5.05E-23,1.24E-25,2.42E-23,6.63E-18,8.32E-16,1.74E-16,3.39E-20,7.14E-23,1.75E-22,2.10E-19,3.23E-16,5.68E-16,1.34E-18,1.70E-21,6.26E-22,3.89E-19,1.20E-14,3.26E-13,3.42E-15,1.77E-17,1.87E-16,3.61E-11,6.89E-05,0.999818623,0.000112461
Head 3,344,8.75E-21,5.79E-22,6.92E-27,3.37E-31,2.53E-31,3.67E-27,8.89E-22,9.26E-20,3.79E-22,5.71E-28,1.33E-30,2.32E-29,2.18E-26,1.41E-24,1.12E-25,7.50E-28,2.40E-26,1.31E-24,1.63E-21,2.88E-20,1.85E-22,2.64E-26,3.70E-28,6.54E-25,6.48E-19,7.13E-15,4.41E-16,1.57E-21,1.76E-25,4.35E-28,2.25E-25,2.76E-20,2.97E-17,7.92E-19,3.21E-23,2.25E-26,6.48E-26,5.76E-23,1.06E-20,2.25E-21,2.97E-24,1.66E-26,7.14E-26,4.61E-23,6.63E-21,1.56E-21,4.30E-24,2.01E-25,8.76E-23,1.27E-18,1.74E-12,3.48E-13,1.92E-19,4.64E-27,1.07E-30,2.24E-28,1.07E-22,8.24E-19,1.82E-19,1.33E-23,4.98E-27,6.38E-27,9.61E-24,1.28E-20,4.43E-20,9.47E-22,9.22E-23,4.04E-21,1.08E-17,1.26E-15,2.85E-17,4.30E-22,9.39E-27,1.84E-27,8.19E-25,1.72E-20,8.87E-20,3.79E-23,1.54E-27,8.21E-29,1.43E-25,3.30E-20,4.39E-17,1.28E-18,1.01E-22,5.54E-26,5.44E-26,2.35E-23,7.50E-21,1.12E-20,3.10E-22,4.90E-23,4.35E-21,4.12E-17,3.12E-14,5.18E-17,5.88E-22,9.03E-24,1.34E-24,3.36E-21,1.51E-16,5.31E-15,6.97E-18,8.30E-23,2.23E-25,3.81E-23,4.41E-19,5.53E-16,1.26E-16,5.39E-20,7.23E-22,3.56E-22,4.07E-19,7.00E-16,1.58E-15,2.30E-18,2.98E-23,1.47E-22,1.18E-18,2.09E-14,4.74E-13,6.13E-15,2.82E-17,3.20E-16,5.01E-11,0.012427575,0.987406552,0.000165944
Head 3,345,3.56E-22,1.06E-22,6.45E-26,7.59E-29,5.96E-29,2.45E-26,3.44E-23,6.50E-22,9.95E-26,1.97E-28,4.28E-31,1.04E-29,3.90E-27,4.02E-26,2.95E-27,2.83E-27,7.78E-27,1.26E-23,1.53E-19,1.61E-17,1.58E-18,3.71E-22,1.05E-23,9.44E-22,9.17E-18,4.84E-15,4.93E-16,1.79E-18,1.91E-23,8.13E-26,2.17E-24,4.23E-21,1.96E-19,8.81E-21,1.45E-23,4.53E-25,5.60E-24,1.70E-21,3.88E-20,2.81E-21,5.31E-24,1.21E-25,1.37E-24,8.53E-22,7.15E-20,1.01E-20,1.33E-23,1.91E-25,2.81E-25,2.16E-19,1.36E-15,5.89E-16,9.42E-21,9.24E-27,5.73E-30,9.96E-29,3.53E-25,1.50E-22,4.25E-23,1.89E-25,5.99E-27,8.34E-26,6.07E-23,6.53E-21,2.46E-21,3.36E-23,4.83E-24,2.98E-22,7.09E-19,1.19E-16,1.09E-17,1.63E-21,4.44E-25,2.68E-25,4.50E-22,2.53E-18,3.74E-17,3.63E-19,5.12E-22,9.57E-23,2.17E-20,5.37E-17,1.29E-15,1.53E-17,2.91E-21,4.58E-24,2.72E-24,9.40E-23,1.05E-21,1.56E-22,1.97E-24,6.22E-25,2.92E-21,1.29E-17,4.69E-16,9.22E-17,6.10E-18,1.12E-21,2.01E-22,1.54E-19,6.84E-16,1.95E-14,1.53E-16,2.54E-20,2.45E-22,6.55E-21,4.62E-18,3.19E-16,2.44E-17,2.58E-18,4.95E-21,7.25E-21,3.65E-18,9.16E-16,4.61E-16,9.99E-21,1.36E-21,4.44E-20,8.19E-16,2.16E-11,1.46E-09,7.20E-11,1.18E-12,7.90E-12,3.71E-07,0.030816996,0.965242505,0.003940154
Head 3,346,2.65E-22,8.16E-23,5.45E-26,6.27E-29,3.69E-29,2.47E-26,9.06E-23,4.94E-23,1.42E-24,7.94E-30,2.89E-31,1.05E-29,3.31E-27,3.22E-26,4.75E-26,2.69E-27,9.09E-27,1.25E-23,1.71E-19,5.40E-17,1.10E-18,8.25E-22,1.85E-23,7.83E-22,5.60E-18,3.24E-15,1.64E-14,1.46E-18,1.31E-23,5.80E-26,2.72E-24,4.66E-21,1.68E-19,7.43E-21,1.20E-23,3.98E-25,5.51E-24,1.95E-21,5.52E-20,3.21E-21,5.33E-24,1.15E-25,1.24E-24,9.76E-22,9.63E-20,1.12E-20,1.29E-23,3.37E-27,6.86E-24,1.86E-19,8.19E-16,2.73E-16,4.70E-21,6.64E-27,7.49E-30,1.26E-28,6.87E-25,1.68E-22,4.80E-23,1.66E-25,5.17E-27,7.56E-26,5.54E-23,5.95E-21,2.69E-21,3.59E-23,4.81E-24,2.41E-22,5.50E-19,9.48E-17,6.64E-18,8.05E-22,1.58E-25,1.44E-25,3.13E-22,1.88E-18,2.84E-17,3.27E-19,5.85E-22,1.46E-22,2.68E-20,5.60E-17,9.67E-16,1.09E-17,1.89E-21,2.88E-24,1.64E-24,5.58E-23,6.43E-22,7.88E-23,9.41E-25,3.05E-23,1.01E-21,3.98E-19,2.39E-16,7.17E-15,2.99E-18,9.18E-22,2.76E-22,1.25E-19,6.76E-16,1.60E-14,1.01E-16,1.79E-20,1.83E-22,3.67E-21,2.71E-18,1.82E-16,2.91E-15,1.65E-18,3.69E-21,9.72E-21,5.11E-18,7.97E-16,4.58E-18,9.67E-20,2.14E-21,3.95E-20,6.52E-16,2.27E-11,1.28E-09,6.00E-11,1.02E-12,4.05E-12,2.43E-07,0.018446065,0.979929507,0.001624255
Head 3,347,3.64E-22,1.35E-22,7.57E-26,6.69E-29,5.57E-29,2.21E-26,2.42E-23,8.15E-22,3.78E-26,1.12E-29,5.18E-31,1.49E-29,4.08E-27,2.41E-25,9.24E-26,6.37E-27,1.68E-26,2.42E-23,5.64E-19,5.63E-17,2.80E-18,1.53E-21,1.69E-23,6.37E-22,6.16E-18,4.58E-14,4.16E-14,2.58E-18,1.67E-23,1.14E-25,4.83E-24,6.95E-21,2.66E-19,1.09E-20,1.68E-23,5.20E-25,7.15E-24,2.91E-21,7.23E-20,3.82E-21,6.29E-24,1.23E-25,1.71E-24,1.76E-21,1.61E-19,1.77E-20,6.78E-25,2.75E-25,1.32E-23,3.04E-19,1.06E-15,3.21E-16,5.94E-21,1.05E-26,9.35E-30,2.54E-28,8.64E-25,2.64E-22,6.79E-23,2.32E-25,7.15E-27,9.51E-26,6.91E-23,8.80E-21,4.14E-21,5.98E-23,7.48E-24,3.76E-22,9.54E-19,1.37E-16,7.93E-18,4.12E-22,1.40E-25,1.65E-25,4.09E-22,2.77E-18,4.70E-17,6.16E-19,1.36E-21,2.58E-22,5.23E-20,7.29E-17,1.29E-15,1.51E-17,2.60E-21,3.72E-24,2.06E-24,7.88E-23,8.98E-22,1.12E-22,5.81E-22,3.73E-23,5.20E-23,6.34E-19,1.38E-14,7.36E-15,4.13E-18,1.72E-21,3.31E-22,2.06E-19,9.45E-16,2.02E-14,1.43E-16,1.27E-20,2.55E-22,1.71E-21,3.07E-18,2.08E-14,4.02E-15,2.58E-18,1.02E-20,2.34E-20,6.56E-18,9.97E-17,4.49E-17,2.36E-19,3.21E-21,5.57E-20,1.27E-15,3.61E-11,1.71E-09,8.66E-11,9.77E-14,4.59E-12,3.42E-07,0.016765988,0.980761826,0.002471837
Head 3,348,4.82E-22,1.53E-22,8.86E-26,9.86E-29,1.37E-29,1.57E-26,8.31E-23,2.72E-23,4.87E-26,1.71E-29,6.09E-31,1.38E-29,5.94E-27,3.49E-25,1.64E-25,8.68E-27,2.29E-26,1.83E-23,4.34E-19,9.87E-17,3.75E-18,1.10E-21,1.10E-23,6.07E-22,1.04E-17,1.05E-13,7.43E-14,2.79E-18,2.59E-23,1.64E-25,5.81E-24,8.53E-21,2.96E-19,1.11E-20,1.63E-23,4.82E-25,7.12E-24,2.81E-21,6.71E-20,3.66E-21,5.41E-24,1.20E-25,2.07E-24,1.98E-21,1.86E-19,2.83E-21,2.54E-23,4.24E-25,1.71E-23,3.11E-19,9.61E-16,3.05E-16,6.72E-21,9.70E-27,1.29E-29,2.11E-28,9.35E-25,2.67E-22,7.09E-23,2.55E-25,7.65E-27,1.05E-25,8.94E-23,1.17E-20,5.89E-21,7.52E-23,8.57E-24,4.29E-22,9.01E-19,1.28E-16,4.48E-18,2.87E-22,1.15E-25,1.48E-25,4.17E-22,3.15E-18,5.88E-17,9.87E-19,1.79E-21,4.14E-22,5.83E-20,7.81E-17,1.55E-15,1.83E-17,2.95E-21,3.90E-24,2.33E-24,9.14E-23,1.07E-21,4.63E-20,5.80E-22,2.54E-25,6.70E-23,1.05E-17,9.84E-15,7.04E-15,4.75E-18,1.51E-21,3.93E-22,1.86E-19,8.39E-16,2.10E-14,4.27E-17,1.86E-20,4.39E-23,1.70E-21,3.60E-17,2.08E-14,4.84E-15,5.88E-18,1.99E-20,2.05E-20,3.61E-18,9.04E-17,6.99E-17,2.44E-19,3.07E-21,7.36E-20,1.33E-15,3.12E-11,1.71E-09,2.18E-12,6.20E-14,4.01E-12,1.74E-07,0.011318713,0.986732185,0.001949002
Head 3,349,5.93E-22,1.93E-22,1.93E-25,3.93E-29,2.20E-29,1.61E-26,1.43E-23,3.61E-23,9.04E-26,2.91E-29,9.17E-31,2.44E-29,1.15E-26,9.04E-25,3.52E-25,1.85E-26,6.16E-27,2.05E-23,8.93E-19,1.57E-16,3.77E-18,1.07E-21,1.75E-23,3.95E-22,2.71E-17,2.28E-13,8.87E-14,5.11E-18,5.44E-23,3.16E-25,1.08E-23,1.38E-20,3.90E-19,1.51E-20,2.34E-23,7.47E-25,1.03E-23,3.58E-21,8.37E-20,4.44E-21,7.34E-24,1.97E-25,2.99E-24,2.92E-21,9.38E-20,4.49E-20,7.60E-23,1.09E-24,3.22E-23,4.21E-19,1.12E-15,4.33E-16,9.88E-21,2.18E-26,1.97E-29,3.83E-28,1.30E-24,3.34E-22,9.17E-23,3.65E-25,1.19E-26,1.83E-25,1.46E-22,1.91E-20,8.44E-21,1.02E-22,1.08E-23,4.25E-22,1.05E-18,1.94E-16,4.76E-18,3.92E-22,1.88E-25,2.64E-25,7.51E-22,5.03E-18,1.10E-16,1.75E-18,3.87E-21,7.03E-22,7.67E-20,1.02E-16,1.85E-15,2.23E-17,3.86E-21,5.97E-24,3.79E-24,1.55E-22,1.03E-19,8.06E-20,1.55E-24,5.32E-25,2.95E-21,1.17E-17,1.32E-14,1.05E-14,6.97E-18,3.05E-21,5.86E-22,2.48E-19,1.12E-15,8.14E-15,9.45E-17,4.97E-21,7.54E-23,5.36E-21,4.47E-17,3.03E-14,1.32E-14,1.74E-17,2.74E-20,1.49E-20,6.55E-19,1.87E-16,1.04E-16,3.65E-19,7.08E-21,1.32E-19,1.83E-15,4.61E-11,1.67E-10,1.86E-12,9.03E-14,1.53E-11,2.08E-07,0.014940659,0.982816815,0.002242306
Head 3,350,4.26E-22,3.65E-22,1.53E-25,2.98E-29,1.13E-29,1.38E-26,1.66E-23,5.96E-23,1.17E-25,3.41E-29,3.21E-30,2.72E-29,2.16E-26,1.53E-24,5.64E-25,1.28E-27,5.11E-27,3.22E-23,1.17E-18,1.26E-16,2.61E-18,1.22E-21,6.32E-24,8.83E-22,6.53E-17,2.68E-13,1.22E-13,6.63E-18,6.10E-23,4.26E-25,1.67E-23,1.74E-20,4.57E-19,1.66E-20,2.64E-23,7.74E-25,1.04E-23,3.84E-21,9.29E-20,5.08E-21,9.05E-24,2.06E-25,3.26E-24,5.38E-22,4.93E-19,9.88E-20,1.37E-22,1.59E-24,3.77E-23,4.25E-19,1.40E-15,4.93E-16,1.27E-20,2.14E-26,2.57E-29,4.55E-28,1.52E-24,3.77E-22,1.06E-22,4.18E-25,1.56E-26,2.55E-25,2.21E-22,2.43E-20,8.84E-21,8.03E-23,6.16E-24,3.71E-22,2.05E-18,1.80E-16,4.70E-18,4.19E-22,2.19E-25,3.79E-25,1.02E-21,7.25E-18,1.37E-16,2.17E-18,4.37E-21,6.77E-22,8.63E-20,1.11E-16,2.12E-15,2.56E-17,4.65E-21,7.34E-24,5.30E-24,1.29E-21,1.65E-19,2.01E-22,2.19E-24,9.20E-23,2.67E-21,1.35E-17,1.63E-14,1.17E-14,9.19E-18,3.42E-21,6.44E-22,2.95E-19,5.86E-16,1.63E-14,4.62E-17,6.35E-21,1.21E-22,5.55E-21,6.42E-17,6.52E-14,3.17E-14,1.79E-17,1.70E-21,2.12E-21,1.20E-18,2.34E-16,1.15E-16,5.64E-19,8.76E-21,1.41E-19,2.18E-15,2.65E-11,9.35E-11,1.81E-12,1.94E-12,1.79E-11,2.53E-07,0.014116984,0.983320951,0.002561853
Head 3,351,9.10E-22,7.80E-22,6.97E-26,2.94E-29,3.06E-29,1.92E-26,3.47E-23,8.67E-23,1.66E-25,5.97E-28,3.26E-30,5.16E-29,3.95E-26,2.66E-24,4.82E-26,1.19E-27,9.21E-27,5.03E-23,1.07E-18,1.02E-16,3.32E-18,6.86E-22,1.89E-23,2.95E-21,9.57E-17,3.95E-13,1.44E-13,6.30E-18,9.20E-23,9.11E-25,2.97E-23,2.45E-20,5.47E-19,2.12E-20,3.16E-23,9.79E-25,1.46E-23,5.61E-21,1.45E-19,8.48E-21,1.30E-23,2.95E-25,1.03E-25,6.22E-21,1.17E-18,2.05E-19,2.49E-22,2.38E-24,4.35E-23,5.88E-19,1.50E-15,5.56E-16,1.31E-20,3.33E-26,4.22E-29,7.48E-28,2.19E-24,5.10E-22,1.38E-22,6.73E-25,3.07E-26,5.88E-25,4.20E-22,3.28E-20,7.43E-21,4.19E-23,5.53E-24,5.67E-22,2.19E-18,1.87E-16,5.40E-18,5.49E-22,4.13E-25,7.32E-25,1.87E-21,9.35E-18,1.62E-16,2.60E-18,5.21E-21,1.01E-21,1.21E-19,1.60E-16,2.88E-15,3.55E-17,6.49E-21,1.24E-23,1.46E-23,2.57E-21,2.99E-21,2.36E-22,1.40E-21,8.48E-23,3.09E-21,1.69E-17,1.60E-14,1.32E-14,1.11E-17,4.26E-21,8.91E-22,1.43E-19,1.21E-15,2.13E-14,6.44E-17,2.12E-20,1.55E-22,1.03E-20,1.28E-16,1.47E-13,3.37E-14,8.79E-20,2.19E-21,5.05E-21,1.74E-18,2.77E-16,1.76E-16,7.44E-19,1.08E-20,1.93E-19,4.80E-15,1.48E-11,9.12E-11,1.05E-10,3.12E-12,2.53E-11,2.57E-07,0.014122592,0.983948052,0.00192904
Head 3,352,2.66E-21,3.09E-22,1.15E-25,7.90E-29,4.42E-29,4.85E-26,5.63E-23,1.34E-22,6.95E-24,6.54E-28,7.16E-30,1.26E-28,9.84E-26,1.05E-24,6.12E-26,3.17E-27,2.26E-26,6.80E-23,1.25E-18,1.44E-16,2.40E-18,2.37E-21,7.89E-23,5.96E-21,1.97E-16,5.01E-13,1.07E-13,8.58E-18,2.14E-22,2.25E-24,5.97E-23,3.95E-20,9.07E-19,3.29E-20,5.32E-23,1.88E-24,2.71E-23,1.10E-20,2.91E-19,1.50E-20,2.30E-23,2.16E-27,9.35E-24,1.69E-20,3.04E-18,4.98E-19,5.58E-22,4.38E-24,1.05E-22,9.42E-19,2.53E-15,7.36E-16,2.49E-20,7.52E-26,1.05E-28,1.65E-27,4.04E-24,7.99E-22,2.46E-22,1.47E-24,8.16E-26,1.36E-24,6.23E-22,2.75E-20,3.51E-21,3.90E-23,4.18E-24,8.86E-22,3.06E-18,2.81E-16,9.04E-18,1.44E-21,1.41E-24,2.72E-24,3.95E-21,1.68E-17,2.58E-16,4.22E-18,1.04E-20,1.87E-21,2.24E-19,2.49E-16,4.31E-15,5.18E-17,1.26E-20,6.04E-23,4.61E-23,7.07E-22,3.85E-21,1.75E-19,2.25E-21,1.77E-22,7.51E-21,2.68E-17,2.56E-14,2.25E-14,1.87E-17,8.64E-21,1.59E-22,3.71E-19,2.34E-15,3.47E-14,4.50E-16,3.51E-20,4.05E-22,2.37E-20,3.36E-16,2.06E-13,5.91E-17,2.15E-18,8.21E-21,1.12E-20,3.09E-18,5.62E-16,3.09E-16,1.31E-18,2.31E-20,3.29E-19,3.73E-15,1.85E-11,2.69E-09,2.81E-10,6.95E-12,4.33E-11,4.50E-07,0.020770743,0.976537466,0.0026914
Head 3,353,3.99E-20,4.23E-21,2.56E-24,1.86E-27,3.37E-27,3.08E-24,2.43E-21,2.93E-20,4.96E-23,1.01E-26,2.63E-28,1.13E-26,9.68E-24,8.37E-23,6.49E-24,1.67E-25,3.83E-25,6.49E-22,8.22E-18,2.89E-16,2.95E-17,5.10E-20,1.12E-21,6.64E-20,5.66E-16,2.99E-13,6.89E-14,1.07E-17,7.45E-22,1.98E-23,8.69E-22,5.91E-19,8.60E-18,1.97E-19,2.81E-22,1.06E-23,2.33E-22,1.22E-19,2.76E-18,1.05E-19,6.86E-25,2.32E-24,5.53E-23,1.26E-19,2.98E-17,6.63E-18,8.96E-21,1.07E-22,1.48E-21,9.53E-18,9.57E-15,2.93E-15,1.83E-19,1.77E-24,7.64E-27,2.01E-25,3.54E-22,2.95E-20,3.40E-21,1.20E-23,6.01E-25,1.00E-23,4.79E-21,1.98E-19,5.72E-20,4.34E-22,1.83E-22,2.26E-20,6.09E-17,4.86E-15,2.36E-16,7.83E-20,1.56E-22,2.16E-22,2.49E-19,5.47E-16,4.74E-15,6.35E-17,1.63E-19,4.16E-20,5.34E-18,5.14E-15,5.92E-14,6.44E-16,8.26E-19,1.43E-21,1.07E-21,4.84E-20,2.92E-17,1.92E-17,2.25E-19,1.41E-20,2.91E-19,8.02E-16,6.51E-13,5.65E-13,7.12E-16,8.35E-21,1.86E-20,1.63E-17,7.77E-14,1.79E-12,3.77E-15,5.49E-19,8.19E-21,8.27E-19,7.23E-15,1.39E-14,4.34E-14,4.33E-17,1.19E-19,2.25E-19,1.07E-16,1.86E-14,7.92E-15,2.80E-17,5.52E-20,2.39E-18,3.38E-14,3.33E-10,2.68E-08,2.02E-09,3.96E-11,2.40E-10,1.42E-06,0.025929067,0.971293807,0.002775787
Head 3,354,1.79E-20,1.31E-20,2.79E-24,4.61E-27,7.81E-27,6.38E-24,1.24E-20,4.30E-20,8.69E-23,1.99E-26,6.03E-28,3.02E-26,1.23E-23,2.00E-22,1.54E-23,2.94E-25,7.67E-25,1.44E-21,6.76E-18,9.53E-16,1.10E-16,1.32E-19,4.19E-21,1.71E-19,5.96E-16,3.79E-13,1.10E-13,2.27E-17,1.96E-21,5.25E-23,2.09E-21,1.37E-18,1.92E-17,4.55E-19,6.04E-22,2.63E-23,6.45E-22,3.21E-19,7.30E-18,6.17E-21,3.13E-22,7.10E-24,1.73E-22,3.47E-19,6.81E-17,1.26E-17,2.39E-20,2.63E-22,5.88E-21,2.16E-17,2.13E-14,6.27E-15,4.21E-19,4.67E-24,2.19E-26,5.49E-25,9.41E-22,7.57E-20,9.60E-21,3.56E-23,1.40E-24,1.62E-23,4.58E-21,2.80E-19,4.61E-20,1.27E-21,4.15E-22,5.53E-20,1.41E-16,1.22E-14,7.92E-16,3.98E-19,5.05E-22,6.14E-22,6.16E-19,1.18E-15,1.01E-14,1.33E-16,3.85E-19,9.72E-20,1.28E-17,1.11E-14,1.46E-13,1.19E-14,2.70E-18,1.84E-21,1.71E-21,5.36E-19,6.68E-17,4.50E-17,5.98E-19,3.27E-20,7.24E-19,1.74E-15,1.26E-12,1.25E-12,8.82E-18,3.02E-20,1.47E-20,4.35E-17,3.82E-13,2.69E-12,8.22E-15,9.95E-19,2.26E-20,2.19E-18,5.59E-16,7.11E-13,1.67E-13,1.14E-16,3.05E-19,6.98E-19,2.56E-16,3.89E-14,1.96E-14,2.94E-18,8.13E-20,4.99E-18,4.13E-14,1.17E-09,6.70E-08,4.18E-09,1.05E-10,6.18E-10,2.78E-06,0.053217549,0.939394832,0.007384858
Head 3,355,9.49E-20,6.24E-21,2.35E-24,3.11E-27,4.81E-27,3.71E-24,8.00E-21,3.52E-20,7.62E-23,1.80E-26,3.28E-28,1.88E-26,1.29E-23,1.88E-22,9.74E-24,1.93E-25,6.53E-25,1.14E-21,7.64E-18,1.26E-15,8.85E-17,1.30E-19,2.87E-21,5.61E-20,2.67E-16,2.21E-13,7.10E-14,1.61E-17,1.19E-21,2.67E-23,1.18E-21,9.35E-19,1.51E-17,3.32E-19,4.32E-22,1.83E-23,4.11E-22,2.20E-19,6.92E-19,2.02E-19,2.24E-22,5.34E-24,1.42E-22,2.92E-19,4.92E-17,1.03E-17,1.52E-20,2.69E-22,3.55E-21,1.66E-17,1.76E-14,4.97E-15,2.97E-19,3.04E-24,1.27E-26,3.66E-25,6.96E-22,6.31E-20,7.75E-21,2.16E-23,5.79E-25,4.32E-24,1.95E-21,1.08E-19,4.86E-20,8.27E-22,3.25E-22,4.90E-20,1.37E-16,1.36E-14,1.12E-15,3.24E-19,2.85E-22,3.95E-22,4.34E-19,1.02E-15,8.68E-15,1.09E-16,2.62E-19,6.18E-20,7.45E-18,8.94E-15,4.23E-13,1.20E-14,4.74E-19,1.08E-21,2.00E-21,5.12E-19,6.27E-17,4.30E-17,5.25E-19,2.99E-20,5.74E-19,1.43E-15,1.19E-12,6.83E-15,9.03E-18,4.21E-21,1.11E-20,8.62E-17,2.40E-13,2.22E-12,4.15E-15,6.11E-19,1.52E-20,1.83E-19,1.75E-15,9.49E-13,1.63E-13,9.32E-17,2.86E-19,4.89E-19,1.76E-16,3.28E-14,9.10E-16,1.16E-18,4.92E-20,3.29E-18,5.96E-14,1.16E-09,4.81E-08,3.12E-09,7.16E-11,3.72E-10,2.11E-06,0.01773311,0.974830687,0.007434042
Head 3,356,3.18E-18,8.25E-20,7.31E-25,5.57E-29,3.05E-28,1.44E-23,6.02E-18,5.39E-16,5.16E-19,7.28E-25,4.19E-27,2.45E-25,6.83E-22,3.20E-20,1.47E-21,5.82E-24,4.11E-23,7.40E-22,5.31E-19,1.19E-17,2.77E-19,1.58E-22,5.43E-24,2.72E-21,7.89E-16,8.43E-12,2.17E-12,2.49E-17,7.19E-23,9.23E-25,8.20E-22,6.09E-17,1.67E-14,1.77E-16,5.06E-21,3.26E-24,1.42E-23,7.37E-21,6.91E-18,8.58E-19,4.46E-22,2.26E-24,2.27E-23,5.15E-20,2.34E-17,6.90E-18,2.44E-20,6.77E-22,1.32E-19,1.65E-14,1.32E-10,1.56E-11,3.15E-17,8.08E-24,1.81E-26,1.05E-23,2.48E-18,5.02E-15,2.49E-16,7.96E-21,1.28E-24,1.18E-24,1.72E-21,1.69E-18,2.07E-18,6.28E-20,2.28E-20,3.43E-18,9.36E-15,4.40E-13,2.30E-15,9.59E-21,5.88E-25,4.67E-25,2.14E-21,1.59E-17,4.74E-17,1.78E-20,9.17E-25,4.87E-26,9.31E-23,1.22E-16,9.97E-13,4.02E-15,1.51E-19,1.34E-22,2.10E-22,6.67E-19,3.76E-15,3.99E-14,6.91E-16,8.27E-18,3.26E-17,3.43E-14,1.21E-12,1.66E-14,2.25E-19,3.12E-23,2.06E-21,8.53E-18,2.45E-13,2.12E-12,5.74E-16,4.17E-21,1.07E-24,2.14E-21,2.45E-15,6.17E-11,2.34E-11,1.80E-15,1.79E-19,9.11E-20,1.55E-16,2.91E-14,2.60E-15,2.25E-18,1.56E-19,2.04E-19,5.04E-16,3.78E-12,7.55E-11,1.06E-12,6.28E-15,6.58E-14,6.52E-09,0.003446372,0.978255689,0.018297968
Head 3,357,2.58E-20,8.10E-22,1.21E-26,3.90E-30,4.15E-30,2.02E-25,6.67E-20,6.94E-18,3.59E-22,1.48E-26,1.26E-28,5.11E-27,7.62E-24,2.95E-22,2.04E-23,1.66E-23,7.81E-25,1.61E-23,9.04E-21,2.10E-19,3.63E-21,1.31E-24,4.33E-26,1.99E-23,4.37E-18,6.12E-14,2.72E-14,5.52E-19,1.88E-24,2.25E-26,1.48E-23,7.81E-19,2.34E-16,2.97E-18,9.38E-23,6.26E-26,4.59E-26,3.24E-22,7.06E-20,8.18E-21,5.39E-24,3.14E-26,2.93E-25,7.53E-22,2.89E-19,1.73E-19,4.32E-22,1.70E-23,2.99E-21,2.95E-16,2.14E-12,3.06E-13,6.91E-19,2.18E-25,3.69E-28,1.28E-25,1.72E-20,2.70E-17,1.37E-18,5.73E-23,1.94E-26,1.34E-26,4.53E-23,2.19E-20,3.59E-20,1.51E-21,5.99E-22,7.10E-20,1.78E-16,7.78E-15,3.02E-17,2.46E-22,1.85E-26,1.46E-26,4.86E-23,2.91E-19,9.37E-19,4.29E-22,2.12E-26,1.15E-27,4.60E-24,2.05E-18,7.00E-16,2.63E-17,2.42E-20,7.03E-24,7.04E-24,1.86E-20,9.57E-17,1.07E-15,2.08E-17,2.90E-19,1.12E-18,5.40E-16,2.27E-14,5.83E-16,5.24E-21,1.85E-22,3.77E-23,1.16E-19,2.04E-15,2.25E-14,1.17E-17,5.15E-24,1.31E-25,7.07E-23,4.89E-17,9.83E-13,5.69E-13,4.40E-17,5.11E-21,2.36E-21,2.87E-18,2.47E-16,3.14E-17,5.06E-18,6.08E-21,5.45E-21,8.18E-18,6.21E-14,1.25E-12,1.80E-14,1.44E-16,1.26E-15,9.69E-11,4.22E-05,0.999731719,0.000225979
Head 3,358,3.34E-20,1.18E-21,1.14E-25,6.53E-30,8.70E-30,3.51E-25,1.20E-19,4.29E-19,8.01E-22,3.82E-26,3.24E-28,9.41E-27,1.14E-23,5.12E-22,5.29E-21,3.76E-23,1.81E-24,3.48E-23,2.13E-20,3.91E-19,4.71E-21,2.02E-24,7.60E-26,3.02E-23,6.52E-18,1.02E-13,5.55E-14,9.25E-19,2.97E-24,3.68E-26,2.16E-23,1.45E-18,4.84E-16,5.97E-18,1.96E-22,1.04E-26,4.94E-25,7.80E-22,1.40E-19,1.51E-20,9.48E-24,5.60E-26,6.40E-25,1.34E-21,8.17E-19,3.14E-19,9.90E-22,4.02E-23,6.65E-21,5.95E-16,4.13E-12,5.47E-13,1.47E-18,5.34E-25,1.00E-27,3.03E-25,2.96E-20,3.15E-17,1.22E-18,7.29E-23,2.24E-27,3.28E-26,7.11E-23,4.28E-20,8.81E-20,3.90E-21,1.29E-21,1.38E-19,2.90E-16,9.92E-15,4.26E-17,3.89E-22,3.79E-26,2.86E-26,9.71E-23,5.87E-19,1.92E-18,7.99E-22,3.98E-26,1.05E-26,1.08E-23,7.06E-19,5.40E-16,9.02E-16,6.93E-20,1.48E-23,1.57E-23,4.36E-20,2.15E-16,2.15E-15,4.11E-17,5.94E-19,9.02E-19,8.91E-16,1.75E-13,1.10E-15,1.02E-17,4.37E-22,8.93E-23,2.04E-19,3.19E-15,4.37E-14,1.52E-18,7.17E-23,2.42E-25,1.34E-22,8.27E-17,1.94E-12,8.86E-13,6.94E-17,1.01E-20,7.40E-21,3.66E-18,4.06E-16,9.09E-15,1.56E-17,1.47E-20,9.19E-21,1.59E-17,1.11E-13,1.91E-12,3.43E-14,1.28E-16,2.62E-15,1.60E-10,0.033012725,0.966570914,0.000416377
Head 3,359,5.06E-21,5.95E-22,9.81E-25,1.87E-27,1.85E-27,1.62E-24,1.10E-21,1.89E-21,4.54E-24,3.58E-27,3.42E-28,1.46E-26,4.42E-24,2.42E-22,7.02E-23,2.98E-24,3.54E-24,1.80E-21,7.65E-18,3.44E-16,1.47E-17,1.18E-20,1.57E-22,3.50E-21,2.12E-17,4.14E-14,3.30E-14,1.10E-17,8.52E-22,1.51E-23,5.10E-22,3.70E-19,6.22E-18,1.74E-19,2.06E-23,1.08E-23,2.66E-22,1.28E-19,2.29E-18,6.90E-20,7.77E-23,2.40E-24,5.69E-23,1.44E-19,2.62E-17,7.13E-18,1.76E-20,2.50E-22,3.04E-21,1.02E-17,8.86E-15,2.95E-15,2.45E-19,2.86E-24,9.93E-27,1.40E-25,1.19E-22,5.30E-21,6.02E-22,8.82E-26,1.66E-26,9.71E-25,1.13E-21,1.06E-19,4.33E-20,1.10E-21,5.33E-22,5.84E-20,1.35E-16,1.23E-14,6.50E-16,1.94E-19,2.02E-22,2.56E-22,2.45E-19,5.35E-16,4.50E-15,5.19E-17,1.14E-19,3.29E-21,1.57E-18,2.51E-15,1.04E-13,3.68E-15,1.30E-18,2.64E-21,3.27E-21,6.02E-19,5.87E-17,4.18E-17,6.38E-19,3.17E-22,3.90E-20,2.11E-16,8.09E-14,2.04E-12,7.79E-16,2.48E-19,4.10E-20,1.19E-17,3.24E-14,3.80E-14,1.44E-15,1.31E-19,2.28E-21,1.57E-19,1.27E-15,5.51E-13,1.04E-13,9.13E-17,6.16E-20,3.95E-19,1.07E-16,6.56E-15,5.03E-15,2.64E-17,3.52E-19,4.55E-18,3.35E-14,3.86E-10,1.79E-08,1.98E-10,1.01E-11,7.33E-11,2.48E-06,0.04651938,0.948219657,0.00525848
Head 3,360,2.47E-21,2.17E-21,2.95E-24,4.20E-27,4.52E-27,5.55E-24,3.30E-21,4.55E-21,9.47E-24,6.40E-27,6.00E-28,2.93E-26,1.52E-23,6.68E-22,1.88E-22,5.39E-24,7.20E-24,3.08E-21,8.48E-18,5.40E-16,2.96E-17,2.87E-20,4.80E-22,1.23E-20,8.54E-17,1.08E-13,5.36E-14,1.38E-17,8.99E-22,1.86E-23,8.70E-22,6.92E-19,1.19E-17,3.93E-20,4.02E-22,2.19E-23,7.26E-22,4.17E-19,7.75E-18,2.13E-19,2.53E-22,5.75E-24,2.00E-22,3.03E-19,5.61E-17,1.42E-17,3.15E-20,3.85E-22,4.71E-21,1.42E-17,1.19E-14,3.69E-15,3.28E-19,5.02E-24,2.57E-26,4.74E-25,3.43E-22,1.50E-20,5.01E-23,2.12E-25,2.96E-26,2.12E-24,3.49E-21,3.32E-19,1.07E-19,2.62E-21,7.69E-22,6.98E-20,1.65E-16,1.28E-14,6.98E-16,1.83E-19,2.43E-22,3.43E-22,3.92E-19,8.00E-16,6.52E-15,3.16E-16,1.19E-19,2.34E-20,6.26E-18,4.51E-15,2.36E-13,8.17E-15,2.12E-18,3.98E-21,4.93E-21,8.20E-19,7.50E-17,4.71E-17,1.33E-21,3.54E-22,1.74E-20,2.02E-16,4.69E-12,2.32E-12,1.17E-15,3.88E-19,7.91E-20,3.53E-17,2.18E-14,8.61E-13,1.27E-15,1.89E-19,3.47E-21,2.80E-19,2.26E-15,8.33E-13,1.50E-13,2.32E-18,4.29E-20,5.75E-19,8.76E-17,2.20E-14,1.27E-14,4.50E-17,6.42E-19,7.33E-18,5.16E-14,6.88E-10,4.23E-09,4.57E-10,1.92E-11,1.95E-10,4.36E-06,0.084115982,0.909531891,0.006347806
Head 3,361,6.04E-21,5.44E-21,5.64E-24,7.23E-27,1.43E-26,7.27E-24,4.57E-21,6.44E-21,1.49E-23,1.12E-26,1.18E-27,4.67E-26,2.33E-23,1.12E-21,2.41E-22,8.78E-24,1.05E-23,2.89E-21,8.71E-18,5.48E-16,2.78E-17,2.95E-20,5.25E-22,1.62E-20,1.03E-16,1.21E-13,6.53E-14,1.76E-17,1.11E-21,2.36E-23,9.70E-22,7.98E-19,4.93E-18,3.45E-19,5.78E-22,3.50E-23,1.08E-21,5.47E-19,8.48E-18,2.57E-19,2.70E-22,1.08E-23,2.47E-22,4.42E-19,8.19E-17,1.94E-17,3.73E-20,4.72E-22,5.45E-21,1.84E-17,1.47E-14,4.28E-15,3.86E-19,6.55E-24,3.09E-26,4.14E-25,3.26E-22,1.98E-21,6.35E-23,2.34E-25,4.05E-26,3.76E-24,5.51E-21,3.65E-19,1.18E-19,2.13E-21,5.38E-22,7.73E-20,1.91E-16,1.65E-14,7.91E-16,2.26E-19,2.69E-22,3.92E-22,4.05E-19,9.59E-16,5.12E-14,2.48E-16,1.21E-19,5.52E-20,1.83E-18,3.66E-15,2.59E-13,9.02E-15,2.80E-18,5.93E-21,6.48E-21,1.06E-18,8.98E-17,1.45E-19,1.79E-21,8.37E-23,2.41E-20,5.74E-15,5.37E-12,2.59E-12,1.16E-15,3.82E-19,9.85E-20,1.07E-17,1.27E-13,5.15E-13,1.46E-15,2.22E-19,4.19E-21,3.38E-19,2.62E-15,9.68E-13,1.09E-15,1.27E-18,4.75E-20,2.99E-19,1.71E-16,2.88E-14,1.26E-14,5.15E-17,7.38E-19,8.71E-18,7.12E-14,2.01E-10,6.07E-09,5.25E-10,3.19E-12,2.15E-10,6.49E-06,0.021206014,0.970642388,0.008145062
Head 3,362,1.45E-20,1.01E-20,9.24E-24,1.53E-26,1.42E-26,9.81E-24,5.74E-21,8.46E-21,2.15E-23,1.94E-26,3.29E-27,5.46E-26,3.54E-23,1.38E-21,3.57E-22,1.14E-23,9.48E-24,2.67E-21,8.19E-18,4.59E-16,2.64E-17,3.10E-20,6.50E-22,1.72E-20,9.69E-17,1.19E-13,7.44E-14,1.88E-17,1.16E-21,2.11E-23,8.93E-22,3.05E-19,1.34E-17,3.86E-19,7.09E-22,4.34E-23,1.30E-21,5.68E-19,9.75E-18,2.68E-19,4.30E-22,1.14E-23,3.04E-22,5.42E-19,9.45E-17,1.95E-17,4.01E-20,4.69E-22,6.32E-21,1.94E-17,1.33E-14,3.74E-15,4.15E-19,6.91E-24,2.74E-26,4.36E-25,3.24E-22,2.45E-21,6.49E-23,2.73E-25,5.80E-26,4.87E-24,4.61E-21,2.78E-19,7.28E-20,9.27E-22,4.38E-22,6.72E-20,1.87E-16,1.49E-14,7.83E-16,2.11E-19,2.54E-22,3.10E-22,3.92E-19,4.23E-15,3.80E-14,6.28E-17,2.50E-19,2.12E-20,1.33E-18,3.81E-15,2.66E-13,9.66E-15,3.26E-18,6.45E-21,7.16E-21,1.07E-18,1.52E-18,1.48E-19,3.12E-22,9.32E-23,9.13E-19,5.55E-15,5.16E-12,2.30E-12,1.11E-15,4.68E-19,7.57E-21,6.27E-17,7.57E-14,5.43E-13,1.45E-15,2.24E-19,4.54E-21,3.82E-19,2.59E-15,1.55E-14,4.99E-16,1.13E-18,1.63E-19,5.55E-19,2.06E-16,2.82E-14,1.34E-14,5.59E-17,8.06E-19,1.11E-17,5.02E-14,2.45E-10,6.31E-09,2.39E-11,2.55E-12,2.56E-10,1.11E-06,0.017432434,0.974721253,0.007845195
Head 3,363,2.42E-20,1.53E-20,1.25E-23,1.30E-26,2.30E-26,1.49E-23,8.46E-21,1.31E-20,3.71E-23,1.82E-25,2.94E-27,6.59E-26,3.90E-23,1.84E-21,4.19E-22,1.03E-23,9.32E-24,2.99E-21,8.04E-18,4.73E-16,3.01E-17,4.31E-20,7.34E-22,1.76E-20,1.08E-16,1.71E-13,1.06E-13,2.53E-17,1.31E-21,2.31E-23,1.10E-22,7.91E-19,1.53E-17,4.34E-19,7.89E-22,4.95E-23,1.37E-21,7.18E-19,1.14E-17,4.26E-19,4.83E-22,1.45E-23,3.83E-22,6.34E-19,9.45E-17,2.07E-17,4.00E-20,6.16E-22,8.34E-21,2.18E-17,1.35E-14,4.22E-15,3.94E-19,5.24E-24,2.55E-26,1.77E-24,3.90E-22,2.72E-21,8.35E-23,4.34E-25,9.32E-26,5.33E-24,4.19E-21,2.17E-19,3.61E-20,8.47E-22,4.38E-22,7.70E-20,1.97E-16,1.66E-14,8.11E-16,2.04E-19,1.83E-22,2.72E-22,1.16E-18,3.24E-15,6.37E-15,1.03E-16,3.42E-19,1.44E-20,1.49E-18,4.89E-15,3.02E-13,1.17E-14,3.92E-18,7.51E-21,7.35E-21,2.03E-19,1.43E-18,4.75E-20,3.47E-22,1.81E-20,8.97E-19,5.37E-15,4.19E-12,1.95E-12,1.19E-15,4.62E-21,1.48E-19,3.70E-17,7.28E-14,4.73E-13,1.25E-15,2.31E-19,5.60E-21,4.06E-19,4.41E-16,9.45E-15,4.80E-16,5.43E-17,3.12E-19,6.37E-19,1.97E-16,2.81E-14,1.33E-14,5.29E-17,9.08E-19,1.66E-17,5.64E-14,2.39E-10,6.20E-10,1.54E-11,3.07E-12,2.06E-10,1.04E-06,0.019104116,0.972993135,0.0079017
Head 3,364,3.81E-20,2.88E-20,9.41E-24,2.25E-26,3.42E-26,1.84E-23,1.08E-20,1.87E-20,6.97E-22,1.64E-25,3.69E-27,8.83E-26,6.31E-23,2.34E-21,3.94E-22,1.13E-23,1.20E-23,3.34E-21,8.13E-18,5.14E-16,4.27E-17,4.93E-20,7.33E-22,1.81E-20,1.32E-16,2.22E-13,1.40E-13,3.12E-17,1.53E-21,4.26E-25,9.69E-22,8.57E-19,1.64E-17,4.77E-19,9.50E-22,5.76E-23,1.86E-21,8.02E-19,1.58E-17,4.50E-19,6.08E-22,1.96E-23,5.04E-22,7.27E-19,1.10E-16,2.29E-17,6.00E-20,9.62E-22,1.06E-20,2.40E-17,1.53E-14,4.08E-15,3.18E-19,5.59E-24,1.54E-25,2.09E-24,4.17E-22,3.15E-21,1.15E-22,6.35E-25,1.01E-25,4.53E-24,2.96E-21,1.09E-19,2.94E-20,8.13E-22,4.98E-22,8.02E-20,2.15E-16,1.74E-14,8.52E-16,1.67E-19,1.84E-22,1.52E-21,1.12E-18,8.97E-16,9.49E-15,5.68E-16,2.64E-19,1.81E-20,2.20E-18,4.79E-15,3.12E-13,1.31E-14,4.50E-18,8.36E-21,5.68E-21,1.81E-19,7.68E-19,5.66E-20,3.21E-19,2.47E-20,1.17E-18,5.28E-15,3.93E-12,2.36E-12,3.99E-18,7.87E-19,1.21E-19,4.15E-17,6.95E-14,4.16E-13,1.43E-15,3.34E-19,6.59E-21,3.84E-19,3.16E-16,8.64E-15,7.88E-14,1.12E-16,4.04E-19,7.10E-19,2.23E-16,3.04E-14,1.37E-14,6.72E-17,1.98E-18,2.29E-17,6.20E-14,1.68E-10,3.32E-10,2.01E-11,2.42E-11,2.56E-10,1.20E-06,0.018978195,0.973152518,0.007868115
Head 3,365,2.18E-19,1.94E-20,1.89E-23,4.46E-26,6.03E-26,3.46E-23,2.05E-20,2.73E-19,7.02E-22,2.11E-25,6.18E-27,2.03E-25,1.04E-22,2.58E-21,5.11E-22,1.79E-23,1.93E-23,4.71E-21,1.16E-17,9.29E-16,6.73E-17,7.23E-20,1.18E-21,3.17E-20,2.34E-16,3.72E-13,2.15E-13,4.71E-17,1.18E-23,4.08E-23,1.60E-21,1.23E-18,2.01E-17,6.09E-19,1.32E-21,1.07E-22,2.99E-21,1.65E-18,2.35E-17,7.58E-19,1.13E-21,3.69E-23,8.37E-22,1.07E-18,1.44E-16,3.93E-17,1.20E-19,1.80E-21,1.91E-20,4.14E-17,2.07E-14,3.81E-15,3.75E-19,2.12E-23,2.58E-25,3.31E-24,6.60E-22,5.35E-21,2.06E-22,1.01E-24,1.46E-25,5.24E-24,2.83E-21,1.28E-19,3.92E-20,1.27E-21,7.20E-22,1.16E-19,2.62E-16,2.06E-14,8.23E-16,2.05E-19,3.94E-21,2.08E-21,5.37E-19,1.44E-15,8.13E-14,5.07E-16,4.29E-19,4.17E-20,3.16E-18,7.02E-15,4.16E-13,1.63E-14,5.82E-18,6.07E-21,6.09E-21,7.84E-20,1.00E-18,4.36E-17,4.99E-19,3.83E-20,1.47E-18,5.75E-15,5.10E-12,1.21E-14,2.94E-15,8.93E-19,1.92E-19,5.51E-17,7.02E-14,4.92E-13,2.18E-15,4.68E-19,1.06E-20,5.26E-19,4.07E-16,6.35E-13,1.63E-13,1.62E-16,5.59E-19,1.07E-18,3.07E-16,3.68E-14,1.83E-14,1.07E-16,3.41E-18,3.09E-17,1.66E-13,8.29E-11,4.73E-10,5.56E-10,4.76E-11,3.98E-10,1.56E-06,0.021012608,0.970576346,0.008409552
Head 3,366,1.53E-19,3.73E-20,3.31E-23,7.53E-26,1.23E-25,8.22E-23,9.33E-20,2.70E-19,7.37E-22,3.14E-25,1.56E-26,3.97E-25,1.34E-22,3.40E-21,7.19E-22,2.68E-23,2.68E-23,6.54E-21,1.84E-17,1.36E-15,9.19E-17,1.17E-19,2.21E-21,6.51E-20,4.55E-16,5.77E-13,2.85E-13,4.19E-19,3.84E-21,7.00E-23,2.60E-21,1.62E-18,2.42E-17,7.47E-19,2.15E-21,1.62E-22,6.76E-21,2.58E-18,3.96E-17,1.33E-18,2.07E-21,6.67E-23,1.38E-21,1.55E-18,2.39E-16,6.93E-17,1.99E-19,3.29E-21,3.90E-20,7.46E-17,2.07E-14,3.80E-15,5.68E-19,3.55E-23,4.52E-25,6.48E-24,1.36E-21,1.00E-20,3.28E-22,1.60E-24,1.85E-25,6.64E-24,3.99E-21,1.88E-19,6.29E-20,1.91E-21,1.09E-21,1.40E-19,3.05E-16,1.89E-14,8.75E-16,8.54E-18,5.21E-21,6.36E-22,1.03E-18,8.94E-15,7.43E-14,7.23E-16,9.20E-19,6.68E-20,6.01E-18,1.06E-14,5.31E-13,2.03E-14,1.41E-18,6.21E-21,8.73E-22,1.03E-19,1.08E-16,6.42E-17,6.78E-19,4.95E-20,1.65E-18,7.24E-15,8.40E-14,5.61E-12,3.13E-15,1.49E-18,3.22E-19,7.26E-17,9.57E-14,7.56E-13,2.84E-15,3.03E-19,1.87E-20,8.28E-19,3.96E-15,1.25E-12,2.21E-13,2.03E-16,8.35E-19,1.63E-18,4.47E-16,5.34E-14,1.85E-14,1.90E-16,4.94E-18,4.89E-17,8.44E-14,1.26E-10,6.01E-09,1.38E-09,7.88E-11,6.32E-10,2.05E-06,0.023256302,0.969255209,0.007486459
Head 3,367,2.99E-19,5.48E-20,3.66E-23,8.55E-26,2.12E-25,1.03E-22,1.02E-19,3.05E-19,9.77E-22,6.22E-25,2.33E-26,4.54E-25,1.56E-22,3.97E-21,8.30E-22,2.86E-23,2.85E-23,7.76E-21,2.34E-17,1.60E-15,1.11E-16,1.45E-19,3.00E-21,1.04E-19,7.42E-16,9.37E-13,1.23E-14,9.88E-17,4.77E-21,7.80E-23,2.81E-21,1.91E-18,3.04E-17,1.07E-18,2.43E-21,2.56E-22,7.46E-21,3.44E-18,5.39E-17,1.74E-18,2.51E-21,7.71E-23,1.60E-21,2.26E-18,3.56E-16,8.37E-17,2.37E-19,5.06E-21,7.44E-20,9.22E-17,2.39E-14,5.10E-15,7.37E-19,3.65E-23,5.32E-25,9.56E-24,2.09E-21,1.36E-20,4.34E-22,1.51E-24,1.68E-25,7.54E-24,5.05E-21,2.67E-19,8.28E-20,2.41E-21,1.11E-21,1.61E-19,3.24E-16,2.25E-14,2.68E-14,7.33E-18,3.38E-22,1.06E-21,4.20E-18,8.57E-15,9.21E-14,1.02E-15,9.09E-19,8.24E-20,6.64E-18,1.29E-14,7.10E-13,3.67E-15,1.42E-18,2.73E-22,1.06E-21,1.00E-18,1.60E-16,7.99E-17,8.20E-19,4.94E-20,1.87E-18,3.05E-16,1.06E-11,5.33E-12,3.85E-15,1.68E-18,3.25E-19,8.76E-17,1.53E-13,9.57E-13,7.94E-16,4.38E-19,2.22E-20,1.30E-18,6.91E-15,1.87E-12,2.72E-13,2.45E-16,9.44E-19,1.94E-18,5.73E-16,4.78E-14,2.69E-14,2.13E-16,9.34E-19,2.22E-17,1.30E-13,2.26E-10,1.45E-08,1.63E-09,9.04E-11,6.70E-10,2.38E-06,0.028701082,0.961476803,0.009819739
Head 3,368,3.34E-19,4.77E-20,3.10E-23,1.20E-25,1.53E-25,8.87E-23,8.83E-20,3.05E-19,1.64E-21,9.09E-25,3.16E-26,5.64E-25,1.79E-22,4.14E-21,8.28E-22,2.86E-23,2.86E-23,8.07E-21,2.34E-17,1.71E-15,1.37E-16,1.90E-19,4.23E-21,1.29E-19,8.76E-16,1.45E-13,7.28E-13,1.41E-16,5.62E-21,8.09E-23,2.75E-21,1.86E-18,3.50E-17,1.10E-18,3.53E-21,2.67E-22,9.16E-21,3.92E-18,5.77E-17,1.76E-18,2.59E-21,7.96E-23,2.06E-21,2.96E-18,3.89E-16,9.24E-17,3.77E-19,1.07E-20,9.42E-20,9.11E-17,4.66E-14,6.03E-15,7.43E-19,4.43E-23,7.59E-25,1.28E-23,2.20E-21,1.40E-20,3.56E-22,1.10E-24,1.63E-25,7.57E-24,5.52E-21,2.81E-19,8.64E-20,2.04E-21,1.03E-21,1.35E-19,3.16E-16,2.28E-13,2.02E-14,2.10E-19,5.98E-22,5.97E-21,3.47E-18,8.57E-15,1.09E-13,9.63E-16,1.07E-18,8.12E-20,6.50E-18,1.31E-14,2.82E-13,3.30E-15,4.60E-20,2.90E-22,2.24E-21,1.27E-18,1.67E-16,9.13E-17,7.91E-19,5.01E-20,3.64E-20,1.06E-14,8.43E-12,5.82E-12,3.94E-15,1.63E-18,3.32E-19,1.13E-16,1.52E-13,3.01E-13,1.12E-15,5.10E-19,2.71E-20,1.53E-18,7.43E-15,1.65E-12,2.55E-13,2.42E-16,1.02E-18,2.19E-18,7.49E-16,5.59E-14,2.68E-14,9.19E-18,3.86E-19,2.80E-17,5.20E-14,5.20E-10,1.51E-08,1.78E-09,8.91E-11,6.71E-10,2.37E-06,0.021910906,0.968401194,0.0096855
Head 3,369,7.13E-20,1.50E-20,2.36E-23,1.71E-25,1.35E-25,4.88E-23,4.02E-20,2.70E-19,1.92E-21,1.60E-24,5.94E-26,8.99E-25,2.00E-22,3.72E-21,7.16E-22,2.46E-23,2.23E-23,5.67E-21,1.73E-17,1.58E-15,1.28E-16,1.49E-19,1.88E-21,3.75E-20,4.97E-17,7.74E-13,8.73E-13,2.18E-16,8.05E-21,7.23E-23,1.41E-21,8.88E-19,1.66E-17,1.08E-18,4.11E-21,4.73E-22,1.45E-20,4.88E-18,5.50E-17,1.54E-18,2.02E-21,7.35E-23,2.02E-21,2.81E-18,4.43E-16,1.80E-16,1.00E-18,1.30E-20,5.38E-20,6.68E-17,1.13E-14,2.03E-15,4.65E-19,3.90E-23,5.78E-25,5.93E-24,8.74E-22,5.36E-21,1.49E-22,7.71E-25,1.20E-25,5.22E-24,2.89E-21,1.18E-19,2.47E-20,5.31E-22,1.99E-22,2.97E-20,6.90E-16,9.24E-14,3.42E-16,1.71E-19,5.11E-21,1.79E-21,1.00E-18,3.21E-15,4.22E-14,6.46E-16,7.06E-19,4.09E-20,2.35E-18,5.71E-15,5.75E-14,6.16E-17,1.71E-20,6.77E-22,2.51E-21,1.06E-18,1.48E-16,6.75E-17,5.83E-19,6.83E-23,1.12E-18,4.49E-15,5.06E-12,3.58E-12,2.45E-15,8.57E-19,1.62E-19,3.53E-17,1.60E-14,1.14E-13,5.82E-16,1.62E-18,2.35E-20,9.99E-19,3.13E-15,8.38E-13,1.92E-13,2.91E-16,1.67E-18,9.70E-18,1.33E-15,8.41E-14,2.03E-15,4.26E-18,4.46E-19,3.52E-17,2.39E-13,9.85E-10,3.12E-08,2.94E-09,1.09E-10,5.75E-10,1.25E-06,0.013551205,0.874245167,0.112202376
Head 3,370,3.00E-21,8.75E-22,4.59E-24,1.31E-26,1.06E-26,3.82E-24,5.24E-21,2.73E-20,1.90E-22,1.53E-25,5.19E-27,6.62E-26,1.27E-23,2.45E-22,5.19E-23,1.57E-24,1.34E-24,3.60E-22,1.31E-18,1.32E-16,1.18E-17,1.19E-20,1.41E-22,4.82E-22,3.46E-17,1.15E-13,9.39E-14,1.80E-17,5.45E-22,4.64E-24,1.21E-22,6.29E-20,1.54E-18,7.15E-20,3.28E-22,3.62E-23,1.13E-21,3.66E-19,4.36E-18,1.15E-19,1.85E-22,7.09E-24,1.66E-22,2.14E-19,4.42E-17,2.55E-17,9.50E-20,8.90E-22,7.05E-21,4.17E-18,7.80E-16,1.65E-16,4.32E-20,3.69E-24,4.66E-26,4.70E-25,5.88E-23,3.12E-22,9.94E-24,5.12E-26,8.87E-27,3.80E-25,2.23E-22,7.78E-21,1.78E-21,3.31E-23,1.52E-23,3.65E-20,4.78E-17,4.61E-16,3.79E-17,5.71E-19,2.61E-22,1.23E-22,9.40E-20,1.96E-16,3.09E-15,4.34E-17,4.42E-20,2.82E-21,8.85E-19,5.61E-16,1.03E-15,5.04E-18,1.63E-20,5.81E-23,1.87E-22,9.32E-20,1.06E-17,4.35E-18,2.22E-23,1.96E-21,5.89E-20,3.02E-16,3.07E-13,2.14E-13,1.53E-16,6.70E-20,1.06E-20,6.52E-19,1.58E-15,9.22E-15,4.31E-16,8.13E-20,1.53E-21,5.87E-20,2.28E-16,5.89E-14,1.34E-14,2.15E-17,4.63E-19,7.61E-19,8.49E-17,2.30E-15,6.86E-17,3.72E-19,2.52E-19,6.06E-18,1.52E-14,7.18E-11,1.95E-09,1.86E-10,7.73E-12,3.73E-11,8.02E-08,0.000928649,0.989689946,0.009381345
Head 3,371,1.90E-21,1.35E-21,4.94E-24,1.27E-26,8.88E-27,5.26E-24,5.43E-21,2.73E-20,2.13E-22,1.61E-25,4.96E-27,5.05E-26,9.77E-24,2.12E-22,3.96E-23,1.08E-24,9.42E-25,2.74E-22,1.12E-18,1.33E-16,1.09E-17,1.01E-20,1.75E-23,3.99E-21,5.97E-17,1.56E-13,9.71E-14,1.46E-17,4.02E-22,4.45E-24,9.09E-23,6.75E-20,1.13E-18,6.36E-20,2.82E-22,3.14E-23,9.14E-22,2.98E-19,3.34E-18,1.08E-19,1.91E-22,6.66E-24,1.53E-22,2.34E-19,6.76E-17,2.81E-17,7.49E-20,9.00E-22,3.84E-21,3.01E-18,6.69E-16,1.68E-16,4.57E-20,3.55E-24,4.40E-26,3.58E-25,4.53E-23,2.37E-22,7.46E-24,4.23E-26,6.97E-27,3.14E-25,1.59E-22,6.27E-21,1.34E-21,3.01E-23,1.37E-21,4.05E-20,4.74E-18,5.04E-16,1.14E-15,3.28E-19,2.15E-22,1.47E-22,6.68E-20,1.77E-16,2.51E-15,3.25E-17,3.56E-20,7.96E-21,9.97E-19,1.78E-16,8.70E-16,6.32E-17,1.56E-20,5.13E-23,2.10E-22,8.62E-20,8.09E-18,3.20E-21,2.73E-20,1.41E-21,4.96E-20,2.34E-16,2.21E-13,1.65E-13,1.40E-16,5.42E-20,5.20E-22,6.81E-19,1.43E-15,6.55E-14,2.37E-16,6.50E-20,1.10E-21,5.29E-20,1.84E-16,4.69E-14,1.16E-14,5.66E-17,4.53E-19,5.65E-19,1.58E-16,8.61E-16,6.61E-17,8.41E-18,5.56E-19,4.87E-18,1.47E-14,5.46E-11,1.52E-09,1.60E-10,6.31E-12,2.74E-11,6.29E-08,0.017952211,0.97457248,0.007475206
Head 3,372,1.18E-21,2.09E-21,5.99E-24,1.11E-26,1.28E-26,6.14E-24,6.01E-21,3.74E-20,2.65E-22,1.88E-25,4.49E-27,4.46E-26,9.55E-24,2.00E-22,3.31E-23,9.07E-25,7.95E-25,2.62E-22,1.35E-18,1.51E-16,1.11E-17,2.91E-21,1.61E-22,7.97E-21,1.12E-16,2.36E-13,1.09E-13,1.29E-17,4.05E-22,3.45E-24,1.18E-22,5.90E-20,1.25E-18,6.74E-20,2.88E-22,2.95E-23,8.51E-22,2.69E-19,3.59E-18,1.22E-19,1.95E-22,7.08E-24,1.89E-22,4.09E-19,8.85E-17,2.59E-17,5.58E-20,4.38E-22,2.85E-21,2.81E-18,8.12E-16,2.11E-16,5.10E-20,3.75E-24,3.51E-26,3.31E-25,4.08E-23,2.12E-22,7.10E-24,3.62E-26,6.02E-27,2.32E-25,1.39E-22,5.68E-21,1.47E-21,1.97E-20,2.41E-21,2.29E-21,5.90E-18,7.36E-15,7.47E-16,2.87E-19,2.58E-22,1.11E-22,7.37E-20,1.69E-16,2.30E-15,2.97E-17,2.31E-20,1.05E-20,2.71E-19,1.86E-16,3.90E-15,6.43E-17,1.46E-20,6.26E-23,2.27E-22,7.22E-20,6.02E-20,2.91E-18,2.43E-20,1.38E-21,4.82E-20,2.11E-16,2.16E-13,1.78E-13,1.30E-16,3.39E-22,5.66E-22,7.39E-19,6.28E-15,4.07E-14,2.12E-16,4.93E-20,1.01E-21,4.34E-20,1.61E-16,4.78E-14,2.13E-14,6.37E-17,3.61E-19,9.06E-19,6.74E-17,9.60E-16,9.45E-16,1.94E-17,4.78E-19,5.24E-18,1.18E-14,4.79E-11,1.39E-09,1.35E-10,4.83E-12,2.26E-11,1.18E-06,0.020541186,0.970342278,0.009115357
Head 3,373,1.05E-18,1.99E-19,5.59E-24,5.15E-28,6.88E-28,2.24E-23,6.24E-18,6.42E-16,1.16E-18,1.21E-23,8.29E-27,5.78E-26,1.71E-22,8.12E-20,4.77E-20,2.47E-22,7.47E-24,1.03E-22,4.64E-20,8.82E-19,1.66E-20,3.22E-24,1.31E-25,1.52E-22,1.56E-16,5.25E-12,1.04E-12,3.71E-18,2.07E-24,2.59E-26,2.45E-23,5.01E-18,4.19E-15,1.03E-16,5.27E-21,4.86E-24,1.69E-23,1.98E-20,2.77E-18,2.68E-19,2.06E-22,1.59E-24,2.44E-23,7.09E-20,3.31E-17,1.87E-18,8.89E-22,1.04E-23,9.00E-22,6.31E-17,3.33E-13,5.00E-14,4.13E-19,6.14E-25,2.16E-27,4.14E-25,6.74E-21,1.11E-18,2.34E-20,3.30E-24,8.00E-27,5.21E-26,7.61E-23,3.71E-20,1.73E-16,5.65E-18,9.10E-22,8.38E-20,1.09E-15,3.11E-13,2.14E-14,1.26E-18,1.15E-22,4.20E-23,4.92E-20,2.58E-16,7.96E-16,8.05E-22,3.84E-26,2.00E-28,5.81E-25,2.38E-18,6.90E-15,3.33E-16,2.03E-20,9.98E-24,2.26E-23,3.14E-20,6.11E-16,4.98E-15,3.25E-17,2.32E-19,1.33E-18,3.44E-15,2.95E-12,7.06E-13,1.24E-20,1.05E-24,3.36E-24,2.05E-19,3.38E-15,4.37E-14,1.73E-17,1.33E-22,5.51E-25,2.73E-22,1.63E-16,4.43E-12,3.71E-12,6.61E-16,1.41E-20,4.15E-20,2.42E-17,3.40E-14,1.73E-13,5.03E-16,7.45E-19,2.36E-19,8.50E-17,1.31E-13,1.28E-12,2.54E-14,3.11E-16,2.57E-14,2.74E-09,0.002051895,0.981163442,0.016784631
Head 3,374,1.29E-20,2.20E-21,9.59E-26,8.47E-30,8.98E-30,2.66E-25,6.26E-20,6.52E-18,1.40E-20,1.72E-25,1.25E-28,7.93E-28,1.94E-24,9.29E-22,5.89E-22,3.23E-24,1.14E-25,1.46E-24,6.53E-22,5.77E-20,1.48E-22,5.40E-26,2.03E-27,1.90E-24,1.69E-18,5.08E-14,1.55E-14,5.26E-20,6.53E-26,3.43E-28,3.75E-25,6.19E-20,4.93E-17,1.27E-18,7.67E-23,6.82E-26,2.65E-25,2.41E-22,2.46E-20,2.45E-21,2.32E-24,2.52E-26,3.47E-25,9.72E-22,2.35E-19,1.87E-20,1.20E-23,1.70E-25,1.91E-23,1.20E-18,4.19E-15,5.40E-16,3.82E-21,4.32E-27,2.19E-29,3.70E-27,5.83E-23,9.10E-21,2.19E-22,3.24E-26,9.29E-29,5.86E-28,1.04E-24,3.84E-19,7.17E-18,4.51E-23,8.21E-24,7.86E-21,1.69E-17,4.19E-15,3.56E-16,2.40E-20,3.05E-24,6.59E-25,8.21E-22,3.27E-18,3.67E-20,9.12E-24,4.61E-29,2.77E-30,6.49E-26,2.17E-20,6.17E-17,6.49E-18,4.82E-22,1.22E-25,2.04E-25,9.46E-22,1.31E-17,9.77E-17,6.98E-19,5.41E-21,2.83E-20,7.10E-17,5.87E-14,1.80E-17,1.09E-22,1.35E-26,1.44E-24,2.48E-21,3.97E-17,5.18E-16,2.42E-19,2.02E-24,9.11E-27,4.54E-24,4.01E-18,6.61E-14,4.78E-14,3.17E-20,1.23E-22,6.56E-22,3.21E-19,6.50E-16,1.86E-15,7.70E-18,9.02E-21,3.57E-21,1.22E-18,1.73E-15,1.59E-14,3.27E-16,2.18E-17,3.30E-16,3.12E-11,2.81E-05,0.999783218,0.000188692
Head 3,375,1.64E-20,3.37E-21,1.50E-25,1.22E-29,1.48E-29,4.47E-25,8.84E-20,8.53E-18,1.83E-20,2.33E-25,1.57E-28,9.25E-28,2.40E-24,1.25E-21,7.82E-22,4.51E-24,1.42E-25,1.91E-24,1.99E-21,1.68E-20,2.74E-22,9.29E-26,3.09E-27,2.61E-24,1.83E-18,7.21E-14,1.91E-14,1.11E-19,7.85E-26,5.62E-28,5.59E-25,8.44E-20,6.03E-17,1.66E-18,9.78E-23,1.18E-25,4.50E-25,3.31E-22,3.23E-20,3.55E-21,3.65E-24,3.13E-26,4.46E-25,8.81E-22,1.91E-19,1.92E-20,1.40E-23,2.76E-25,3.59E-23,1.51E-18,3.84E-15,4.32E-16,2.11E-21,4.39E-27,2.46E-29,4.72E-27,7.01E-23,1.13E-20,2.66E-22,4.24E-26,1.20E-28,9.81E-28,1.07E-22,2.26E-18,2.85E-21,3.45E-23,8.82E-22,1.31E-20,2.20E-17,6.08E-15,5.36E-16,4.49E-20,3.92E-24,9.71E-25,9.32E-22,2.32E-20,2.81E-20,2.38E-24,6.05E-29,8.09E-29,8.95E-26,2.94E-20,1.22E-16,1.44E-17,5.09E-22,3.31E-26,1.16E-25,1.95E-21,1.97E-17,1.36E-16,9.54E-19,6.77E-21,4.02E-20,1.03E-16,3.56E-15,1.39E-17,1.30E-22,1.49E-23,2.10E-24,2.97E-21,4.48E-17,5.87E-16,2.89E-19,2.55E-24,1.40E-26,1.82E-23,6.09E-18,7.66E-14,2.97E-17,1.95E-20,1.72E-22,6.27E-22,6.11E-19,7.45E-16,2.56E-15,8.35E-18,1.14E-20,4.44E-21,1.51E-18,1.96E-15,1.83E-14,2.40E-15,2.55E-17,3.61E-16,3.81E-11,0.020801278,0.978973448,0.000225234
Head 3,376,1.75E-20,3.48E-21,1.31E-25,1.34E-29,1.88E-29,4.84E-25,8.10E-20,7.83E-18,1.95E-20,2.23E-25,1.43E-28,9.07E-28,2.51E-24,1.41E-21,9.11E-22,4.54E-24,1.42E-25,3.81E-25,9.89E-22,2.40E-20,3.63E-22,1.08E-25,3.24E-27,2.12E-24,2.03E-18,6.71E-14,2.65E-14,1.05E-19,9.77E-26,6.69E-28,6.24E-25,8.41E-20,6.09E-17,1.62E-18,1.29E-22,1.61E-25,5.14E-25,3.51E-22,3.67E-20,3.90E-21,2.86E-24,2.72E-26,1.02E-25,6.13E-22,1.73E-19,1.83E-20,1.69E-23,4.36E-25,4.22E-23,1.27E-18,2.66E-15,2.13E-16,1.69E-21,4.04E-27,2.46E-29,4.26E-27,6.41E-23,1.01E-20,2.54E-22,3.99E-26,1.40E-28,1.16E-26,4.64E-22,3.01E-21,1.17E-21,3.93E-20,1.32E-21,1.38E-20,2.75E-17,7.12E-15,6.96E-16,4.65E-20,4.32E-24,8.61E-25,5.31E-24,1.21E-20,1.63E-20,2.49E-24,7.90E-27,9.78E-29,1.03E-25,3.82E-20,1.81E-16,1.17E-17,1.35E-23,3.66E-26,2.16E-25,2.40E-21,2.24E-17,1.47E-16,9.34E-19,7.93E-21,4.83E-20,5.54E-17,2.42E-15,1.34E-17,4.47E-19,1.99E-23,2.03E-24,2.74E-21,4.25E-17,5.72E-16,2.67E-19,2.86E-24,4.54E-26,2.13E-23,5.05E-18,7.44E-17,1.16E-17,1.99E-20,1.47E-21,1.06E-21,5.69E-19,7.86E-16,2.32E-15,8.28E-18,1.16E-20,4.80E-21,1.45E-18,2.01E-15,1.80E-13,2.59E-15,2.41E-17,3.54E-16,1.42E-08,0.018771559,0.981008112,0.000220406
Head 3,377,1.72E-20,2.60E-21,1.44E-25,2.03E-29,2.92E-29,5.90E-25,8.88E-20,9.62E-18,2.11E-20,2.28E-25,1.54E-28,9.03E-28,2.87E-24,1.73E-21,1.03E-21,5.07E-24,2.92E-27,2.09E-24,1.27E-21,3.06E-20,4.29E-22,1.27E-25,3.13E-27,2.78E-24,1.86E-18,8.93E-14,2.59E-14,1.41E-19,1.48E-25,1.04E-27,8.41E-25,9.52E-20,6.12E-17,2.12E-18,1.91E-22,2.27E-25,7.34E-25,5.65E-22,5.90E-20,3.89E-21,2.75E-24,9.28E-28,7.63E-26,5.47E-22,1.54E-19,2.08E-20,3.04E-23,7.68E-25,6.00E-23,1.17E-18,1.94E-15,1.86E-16,1.88E-21,4.99E-27,2.82E-29,4.75E-27,6.37E-23,1.10E-20,2.87E-22,5.59E-26,1.89E-27,5.62E-26,1.09E-23,1.28E-21,3.97E-18,8.69E-20,1.76E-21,2.19E-20,3.50E-17,9.21E-15,8.08E-16,5.69E-20,4.88E-24,2.02E-27,2.91E-24,6.94E-21,1.67E-20,1.32E-21,1.33E-26,1.63E-28,1.71E-25,6.35E-20,1.81E-16,1.18E-19,1.64E-22,8.67E-26,3.07E-25,3.05E-21,2.49E-17,1.40E-16,1.08E-18,9.87E-21,1.63E-20,4.26E-17,2.36E-15,9.43E-15,6.67E-19,2.36E-23,2.29E-24,3.02E-21,4.07E-17,4.85E-16,2.81E-19,6.01E-24,6.71E-26,2.08E-23,5.58E-20,3.31E-17,1.33E-17,5.50E-18,3.64E-21,1.15E-21,6.62E-19,7.93E-16,2.44E-15,9.40E-18,1.42E-20,5.11E-21,1.62E-18,2.03E-14,2.08E-13,2.78E-15,2.89E-17,6.56E-15,1.52E-08,0.019031424,0.98071301,0.000255564
Head 3,378,1.58E-20,2.77E-21,1.54E-25,2.11E-29,2.47E-29,4.92E-25,9.08E-20,1.04E-17,2.20E-20,2.49E-25,1.47E-28,1.13E-27,4.29E-24,2.43E-21,1.32E-21,6.73E-26,1.63E-25,2.70E-24,1.89E-21,4.14E-20,5.10E-22,1.11E-25,3.57E-27,2.36E-24,3.14E-18,1.01E-13,3.26E-14,1.60E-19,1.47E-25,9.53E-28,7.43E-25,9.32E-20,8.24E-17,2.91E-18,2.26E-22,2.62E-25,1.02E-24,8.82E-22,5.28E-20,2.77E-21,1.49E-26,6.24E-28,6.94E-26,5.62E-22,1.84E-19,3.09E-20,4.23E-23,1.02E-24,5.05E-23,1.12E-18,1.91E-15,2.35E-16,2.23E-21,5.10E-27,2.68E-29,4.08E-27,6.85E-23,1.28E-20,3.71E-22,1.88E-24,5.73E-27,6.06E-27,3.61E-24,8.21E-19,8.07E-18,8.56E-20,2.17E-21,2.42E-20,4.26E-17,9.39E-15,7.24E-16,4.36E-20,1.62E-27,8.00E-28,3.89E-25,6.83E-21,9.07E-18,1.68E-21,1.32E-26,1.63E-28,1.75E-25,5.22E-20,2.73E-18,5.31E-18,3.09E-22,9.83E-26,3.54E-25,3.51E-21,2.43E-17,1.57E-16,1.26E-18,1.85E-22,1.42E-20,5.07E-17,6.95E-14,1.37E-14,7.12E-19,2.27E-23,2.37E-24,3.12E-21,4.33E-17,5.50E-16,2.55E-19,6.79E-24,4.72E-26,1.02E-24,2.30E-20,3.30E-17,2.00E-14,1.46E-17,3.16E-21,1.17E-21,6.46E-19,8.24E-16,2.62E-15,9.48E-18,1.30E-20,5.30E-21,7.80E-18,2.30E-14,2.00E-13,2.65E-15,8.41E-18,4.91E-15,1.24E-08,0.017507194,0.982282817,0.00021
Head 3,379,1.60E-20,2.73E-21,1.68E-25,2.20E-29,2.38E-29,4.70E-25,9.43E-20,1.06E-17,2.38E-20,2.25E-25,1.60E-28,1.41E-27,5.29E-24,3.13E-21,1.02E-22,6.55E-24,1.91E-25,3.40E-24,2.23E-21,4.76E-20,5.06E-22,1.44E-25,3.41E-27,4.78E-24,3.46E-18,1.26E-13,3.93E-14,1.80E-19,1.61E-25,9.57E-28,7.67E-25,1.27E-19,1.11E-16,3.54E-18,2.82E-22,4.49E-25,2.31E-24,1.22E-21,5.07E-20,1.70E-23,1.24E-26,5.87E-28,7.02E-26,6.52E-22,2.60E-19,4.83E-20,8.13E-23,1.19E-24,6.36E-23,1.15E-18,2.35E-15,2.88E-16,2.66E-21,5.53E-27,2.43E-29,4.51E-27,8.20E-23,1.83E-20,3.32E-20,5.61E-24,7.37E-28,2.66E-27,2.01E-22,2.22E-18,9.80E-18,1.23E-19,2.98E-21,3.53E-20,4.44E-17,9.09E-15,6.86E-16,1.32E-23,8.45E-28,2.11E-29,3.54E-25,2.13E-18,1.22E-17,1.88E-21,1.78E-26,1.99E-28,1.69E-25,3.35E-21,1.04E-16,1.02E-17,3.88E-22,1.19E-25,4.36E-25,3.23E-21,2.52E-17,1.81E-16,1.57E-21,1.46E-22,1.46E-20,1.17E-16,8.68E-14,1.55E-14,7.86E-19,2.52E-23,2.50E-24,3.44E-21,4.78E-17,3.77E-16,3.21E-19,6.38E-24,4.17E-27,6.65E-25,2.57E-20,2.50E-14,6.35E-14,1.36E-17,3.56E-21,1.22E-21,7.01E-19,9.65E-16,2.85E-15,1.04E-17,1.57E-20,9.03E-21,9.04E-18,2.49E-14,2.49E-13,2.04E-16,7.99E-18,4.90E-15,1.32E-08,0.019721802,0.980036199,0.000242007
Head 3,380,1.49E-20,2.56E-21,1.72E-25,2.19E-29,2.20E-29,4.81E-25,1.00E-19,1.21E-17,2.34E-20,2.32E-25,1.66E-28,1.35E-27,5.53E-24,2.51E-21,1.91E-21,7.56E-24,2.13E-25,3.47E-24,2.14E-21,4.10E-20,5.46E-22,1.27E-25,6.54E-27,4.68E-24,4.05E-18,1.40E-13,4.03E-14,1.83E-19,1.60E-25,9.60E-28,1.05E-24,1.64E-19,1.24E-16,3.77E-18,4.29E-22,9.65E-25,3.41E-24,1.24E-21,1.11E-21,1.48E-23,1.13E-26,5.85E-28,7.66E-26,7.67E-22,3.13E-19,7.60E-20,9.18E-23,1.42E-24,5.95E-23,1.16E-18,2.52E-15,3.13E-16,2.59E-21,4.49E-27,2.28E-29,4.36E-27,1.04E-22,8.73E-19,7.64E-20,2.27E-25,3.94E-28,2.32E-26,5.34E-22,2.56E-18,1.28E-17,1.80E-19,4.57E-21,3.29E-20,3.85E-17,7.65E-15,1.19E-18,8.21E-24,1.25E-29,1.89E-29,1.14E-22,2.52E-18,1.18E-17,2.53E-21,2.03E-26,1.77E-28,1.90E-26,3.38E-20,1.68E-16,1.21E-17,4.25E-22,1.45E-25,3.52E-25,2.80E-21,2.48E-17,1.62E-19,1.07E-21,1.39E-22,4.49E-20,1.15E-16,8.00E-14,1.43E-14,6.95E-19,2.33E-23,2.62E-24,3.51E-21,4.26E-17,3.93E-16,2.96E-19,4.36E-25,3.96E-27,7.56E-25,1.93E-18,7.18E-14,5.53E-14,1.47E-17,3.46E-21,1.16E-21,7.21E-19,8.94E-16,2.73E-15,1.09E-17,1.07E-20,8.68E-21,7.93E-18,2.47E-14,6.70E-14,1.48E-16,6.66E-18,4.35E-15,1.27E-08,0.016883487,0.982869446,0.000247006
Head 3,381,1.20E-21,1.95E-21,1.02E-23,4.46E-26,3.48E-26,1.03E-23,8.84E-21,4.68E-20,3.48E-22,2.34E-25,5.67E-27,6.95E-26,7.08E-23,4.28E-22,1.01E-22,3.68E-24,5.16E-24,2.75E-21,1.55E-17,2.03E-15,1.30E-16,1.72E-19,1.98E-21,4.73E-20,3.07E-16,4.03E-13,2.15E-13,4.89E-17,1.95E-21,1.94E-23,3.05E-22,1.04E-19,1.70E-18,1.50E-19,1.56E-21,2.70E-22,6.60E-21,2.44E-19,6.15E-19,7.29E-21,1.60E-23,2.28E-24,2.67E-22,8.22E-19,1.80E-16,6.81E-17,4.12E-19,6.45E-21,2.79E-20,1.42E-17,1.81E-15,3.14E-16,6.88E-20,4.55E-24,3.74E-26,2.64E-25,2.06E-22,9.17E-21,1.29E-23,7.77E-26,3.41E-25,3.00E-23,5.73E-20,1.27E-17,1.04E-17,1.71E-19,8.97E-21,1.13E-19,7.02E-17,6.50E-16,5.12E-17,2.11E-21,1.78E-24,3.31E-23,3.28E-20,1.46E-16,1.63E-15,1.17E-17,8.42E-21,2.26E-21,4.68E-20,5.02E-17,2.29E-15,6.99E-17,3.27E-20,1.28E-22,3.53E-22,1.17E-19,9.78E-20,4.45E-21,3.72E-23,6.05E-21,1.91E-19,7.05E-16,5.59E-13,3.42E-13,2.53E-16,1.03E-19,1.74E-20,3.38E-18,3.26E-15,3.19E-14,3.81E-17,8.98E-20,6.10E-21,1.80E-19,4.04E-16,7.70E-14,3.48E-14,1.16E-16,8.19E-19,1.01E-18,8.99E-17,4.56E-15,2.68E-15,4.84E-17,1.63E-18,2.53E-17,1.34E-13,2.68E-10,9.94E-10,3.58E-11,3.75E-12,2.27E-10,3.66E-06,0.054830432,0.936933994,0.008231835
Head 3,382,3.65E-21,5.41E-21,2.99E-23,1.08E-25,8.82E-26,3.03E-23,2.27E-20,1.04E-19,6.22E-22,3.43E-25,9.62E-27,3.09E-25,4.60E-23,1.46E-21,2.78E-22,7.86E-24,9.01E-24,4.36E-21,3.67E-17,4.81E-15,5.69E-16,5.51E-19,8.61E-21,2.07E-19,1.05E-15,9.63E-13,3.91E-13,6.76E-17,3.24E-21,3.93E-23,6.78E-22,2.25E-19,3.80E-18,3.21E-19,2.65E-21,4.89E-22,3.14E-21,4.98E-19,1.66E-18,2.12E-20,4.92E-23,7.83E-24,7.98E-22,2.32E-18,4.27E-16,1.74E-16,5.12E-19,5.90E-21,3.25E-20,1.64E-17,2.35E-15,4.12E-16,1.01E-19,7.36E-24,9.40E-26,1.67E-24,9.50E-22,8.55E-22,2.34E-23,6.94E-24,1.26E-24,7.55E-23,1.73E-19,4.55E-17,3.38E-17,3.25E-19,1.55E-20,1.72E-19,1.63E-17,1.14E-15,2.20E-17,2.45E-21,5.67E-23,3.63E-23,4.93E-20,1.64E-16,1.91E-15,1.70E-17,1.20E-20,1.45E-21,7.49E-20,1.44E-16,5.35E-15,1.38E-16,4.55E-20,1.70E-22,4.85E-22,1.90E-20,1.02E-19,4.95E-21,5.78E-20,3.79E-21,1.30E-19,5.64E-16,4.88E-13,3.46E-13,2.96E-16,1.58E-19,4.22E-20,7.68E-18,6.58E-15,7.95E-15,1.07E-16,1.47E-19,1.27E-20,3.71E-19,5.98E-16,1.24E-13,4.14E-14,1.25E-16,1.02E-18,1.51E-18,1.44E-16,8.61E-15,1.17E-14,8.14E-17,2.26E-18,3.80E-17,2.01E-13,3.15E-10,1.38E-09,4.79E-11,5.71E-12,2.82E-10,5.04E-06,0.066488095,0.927784383,0.005722388
Head 3,383,7.82E-21,1.45E-20,7.07E-23,2.72E-25,2.58E-25,7.60E-23,5.48E-20,2.28E-19,1.20E-21,7.14E-25,1.25E-26,3.05E-25,1.35E-22,4.02E-21,7.00E-22,1.76E-23,1.71E-23,1.05E-20,6.78E-17,1.37E-14,1.22E-15,1.69E-18,2.91E-20,6.11E-19,2.38E-15,1.91E-12,7.11E-13,1.71E-16,1.07E-20,1.30E-22,1.96E-21,5.68E-19,8.45E-18,5.35E-19,5.07E-21,9.97E-23,5.53E-21,1.13E-18,4.20E-18,6.34E-20,1.90E-22,2.92E-23,2.72E-21,6.12E-18,1.46E-15,3.44E-16,8.55E-19,1.30E-20,6.26E-20,3.30E-17,4.28E-15,7.88E-16,1.97E-19,1.91E-23,4.99E-25,6.46E-24,3.85E-22,1.47E-21,3.27E-21,2.78E-23,3.86E-24,2.73E-22,6.42E-19,1.64E-16,8.39E-17,8.30E-19,3.47E-20,2.62E-20,3.78E-17,2.22E-15,5.02E-17,3.05E-19,1.38E-22,1.08E-22,9.47E-20,3.01E-16,3.84E-15,6.68E-18,5.27E-20,2.40E-21,2.04E-19,3.28E-16,1.08E-14,2.65E-16,1.00E-19,4.06E-22,4.77E-22,2.75E-20,1.78E-19,9.16E-18,9.35E-20,6.16E-21,2.19E-19,8.74E-16,7.20E-13,5.37E-13,5.67E-16,3.88E-19,1.08E-19,1.46E-17,3.34E-15,2.45E-14,2.31E-16,1.26E-18,3.15E-20,8.44E-19,1.42E-15,2.35E-13,7.62E-14,2.70E-16,2.48E-18,3.18E-18,3.11E-16,7.13E-14,2.66E-14,1.66E-16,5.25E-18,4.02E-17,2.72E-13,4.97E-10,2.25E-09,9.88E-11,1.05E-11,6.04E-10,9.76E-06,0.030898649,0.96150744,0.007584238
Head 3,384,1.24E-20,1.88E-20,8.15E-23,3.30E-25,2.68E-25,8.77E-23,6.64E-20,2.61E-19,1.45E-21,2.42E-25,2.20E-26,5.02E-25,2.38E-22,6.55E-21,9.73E-22,2.01E-23,2.55E-23,1.22E-20,1.28E-16,1.70E-14,1.84E-15,2.60E-18,4.20E-20,7.84E-19,2.97E-15,2.22E-12,1.00E-12,2.61E-16,1.48E-20,1.76E-22,2.62E-21,7.50E-19,7.95E-18,5.69E-19,1.78E-22,8.55E-23,6.18E-21,1.38E-18,5.79E-18,1.07E-19,3.52E-22,5.99E-23,4.30E-21,1.45E-17,2.06E-15,3.70E-16,1.05E-18,1.33E-20,7.51E-20,3.85E-17,5.62E-15,1.01E-15,2.97E-19,1.45E-22,9.84E-25,4.57E-24,3.79E-22,5.26E-20,6.16E-21,4.02E-23,6.65E-24,4.60E-22,1.16E-18,1.99E-16,1.05E-16,8.86E-19,3.51E-22,2.96E-20,4.56E-17,3.01E-15,2.38E-15,3.78E-19,2.02E-22,1.20E-22,1.18E-19,4.07E-16,5.89E-16,8.00E-17,4.24E-20,3.10E-21,2.51E-19,3.61E-16,1.26E-14,3.44E-16,1.32E-19,1.41E-22,4.47E-22,3.46E-20,2.55E-17,1.19E-17,1.15E-19,8.27E-21,2.97E-19,1.12E-15,9.17E-13,6.95E-13,4.71E-16,5.88E-19,1.25E-19,4.57E-18,6.96E-15,3.46E-14,2.61E-15,1.38E-18,3.84E-20,1.12E-18,1.66E-15,2.86E-13,1.03E-13,3.79E-16,3.06E-18,4.13E-18,1.73E-15,1.05E-13,3.42E-14,2.43E-16,5.13E-19,3.53E-17,3.07E-13,5.87E-10,2.96E-09,1.11E-10,1.38E-11,7.90E-10,3.11E-06,0.026650462,0.963809431,0.009537014
Head 3,385,1.50E-20,2.14E-20,9.99E-23,3.54E-25,3.06E-25,1.02E-22,7.07E-20,2.94E-19,6.92E-22,7.93E-25,3.04E-26,8.05E-25,3.66E-22,8.88E-21,1.06E-21,2.72E-23,2.72E-23,2.33E-20,1.50E-16,2.42E-14,2.75E-15,3.72E-18,5.39E-20,9.56E-19,3.26E-15,2.90E-12,1.34E-12,3.03E-16,1.77E-20,2.24E-22,3.41E-21,6.44E-19,7.51E-18,1.10E-20,1.48E-22,8.74E-23,6.97E-21,1.77E-18,8.71E-18,1.85E-19,7.33E-22,8.40E-23,8.27E-21,1.94E-17,2.17E-15,4.27E-16,9.80E-19,1.40E-20,6.98E-20,3.98E-17,5.69E-15,1.31E-15,5.82E-18,2.54E-22,6.25E-25,4.61E-24,2.78E-21,8.25E-20,7.94E-21,6.22E-23,1.00E-23,7.94E-22,1.25E-18,2.28E-16,9.81E-17,1.06E-21,2.83E-22,1.25E-20,5.03E-17,4.32E-14,2.35E-15,4.12E-19,1.76E-22,1.22E-22,1.27E-19,7.65E-17,9.35E-15,5.88E-17,4.86E-20,3.51E-21,2.41E-19,3.73E-16,1.48E-14,3.89E-16,1.25E-20,1.14E-22,5.02E-22,3.08E-19,2.98E-17,1.23E-17,1.29E-19,9.19E-21,3.03E-19,1.18E-15,9.48E-13,2.88E-13,5.98E-16,5.97E-19,7.45E-21,8.15E-18,8.71E-15,2.92E-13,2.24E-15,1.57E-18,4.49E-20,1.13E-18,1.77E-15,3.22E-13,1.16E-13,4.06E-16,3.46E-18,1.24E-17,2.14E-15,1.16E-13,4.42E-14,5.91E-18,3.93E-19,3.45E-17,3.15E-13,6.54E-10,3.10E-09,1.33E-10,1.60E-11,1.04E-09,2.52E-06,0.022717472,0.969441473,0.007838499
Head 3,386,1.52E-20,2.35E-20,9.66E-23,3.22E-25,2.77E-25,8.86E-23,7.35E-20,3.97E-19,1.38E-21,7.88E-25,3.20E-26,8.60E-25,3.98E-22,8.31E-21,1.18E-21,2.40E-23,4.34E-23,2.18E-20,1.75E-16,2.89E-14,2.89E-15,3.27E-18,4.62E-20,8.19E-19,4.17E-15,4.19E-12,1.59E-12,3.36E-16,2.04E-20,2.62E-22,2.65E-21,5.78E-19,2.25E-19,9.39E-21,1.28E-22,8.06E-23,7.45E-21,2.18E-18,1.19E-17,3.04E-19,7.41E-22,9.07E-23,8.47E-21,1.83E-17,2.41E-15,3.89E-16,9.41E-19,1.10E-20,6.14E-20,3.49E-17,7.38E-15,3.04E-14,8.41E-18,4.59E-23,4.83E-25,7.49E-24,3.32E-21,9.02E-20,9.99E-21,7.27E-23,1.35E-23,6.58E-22,1.26E-18,1.95E-16,6.34E-20,6.30E-22,4.58E-23,1.37E-20,4.75E-16,4.70E-14,2.45E-15,3.16E-19,1.48E-22,1.12E-22,2.91E-20,6.97E-16,7.20E-15,5.96E-17,4.27E-20,2.51E-21,1.95E-19,4.08E-16,1.58E-14,3.05E-17,9.55E-21,1.16E-22,1.01E-21,3.61E-19,3.22E-17,1.48E-17,1.44E-19,9.40E-21,3.51E-19,1.38E-15,4.37E-13,3.74E-13,6.00E-16,3.39E-21,1.07E-20,9.26E-18,3.55E-14,2.20E-13,2.32E-15,1.47E-18,3.67E-20,1.07E-18,1.95E-15,3.73E-13,1.33E-13,4.52E-16,5.08E-18,1.32E-17,2.13E-15,1.39E-13,2.14E-15,4.00E-18,3.29E-19,3.12E-17,3.28E-13,7.21E-10,3.80E-09,1.50E-10,1.55E-10,8.83E-10,2.34E-06,0.025969455,0.96190232,0.012125874
Head 3,387,1.06E-20,1.71E-20,5.93E-23,1.56E-25,1.05E-25,4.05E-23,1.01E-19,1.78E-19,8.39E-22,4.35E-25,1.68E-26,4.91E-25,2.18E-22,5.66E-21,6.62E-22,2.11E-23,2.11E-23,1.35E-20,1.20E-16,1.86E-14,1.52E-15,1.54E-18,1.86E-20,5.07E-19,3.21E-15,2.93E-12,1.06E-12,2.33E-16,1.24E-20,9.57E-23,1.12E-21,2.42E-20,1.28E-19,5.00E-21,6.84E-23,4.56E-23,4.62E-21,1.49E-18,1.01E-17,1.68E-19,3.11E-22,4.11E-23,3.81E-21,1.11E-17,1.35E-15,2.26E-16,3.95E-19,4.21E-21,1.98E-20,1.97E-17,4.63E-14,2.55E-14,3.58E-19,1.92E-23,3.78E-25,4.30E-24,2.00E-21,6.94E-20,7.13E-21,5.36E-23,5.51E-24,3.15E-22,5.21E-19,2.30E-19,1.67E-20,4.38E-23,2.22E-23,1.65E-19,2.95E-16,2.86E-14,1.09E-15,1.37E-19,6.55E-23,6.37E-24,8.44E-20,3.43E-16,4.80E-15,3.21E-17,1.69E-20,9.55E-22,1.05E-19,2.27E-16,3.51E-15,1.55E-17,5.76E-21,1.93E-22,6.32E-22,2.10E-19,2.31E-17,1.01E-17,9.00E-20,6.33E-21,2.33E-19,5.87E-16,3.62E-13,2.73E-13,5.68E-19,2.55E-21,6.15E-21,2.20E-17,1.68E-14,1.63E-13,1.45E-15,7.23E-19,1.73E-20,5.56E-19,1.16E-15,2.43E-13,9.23E-14,3.05E-16,2.98E-18,6.79E-18,1.34E-15,4.19E-14,8.90E-16,1.89E-18,1.51E-19,1.63E-17,2.08E-13,5.67E-10,2.72E-09,2.21E-09,8.07E-11,4.11E-10,1.27E-06,0.014539336,0.973764122,0.011695282
Head 3,388,6.82E-21,1.21E-20,4.00E-23,8.15E-26,5.20E-26,2.84E-23,1.93E-20,9.53E-20,4.44E-22,2.39E-25,1.02E-26,2.76E-25,1.47E-22,3.36E-21,6.15E-22,1.24E-23,1.48E-23,9.41E-21,7.57E-17,1.04E-14,8.71E-16,7.65E-19,1.30E-20,3.69E-19,1.86E-15,1.70E-12,8.43E-13,2.09E-16,7.30E-21,5.38E-23,8.67E-23,1.34E-20,7.03E-20,3.17E-21,4.89E-23,3.41E-23,3.35E-21,1.21E-18,6.15E-18,7.41E-20,1.53E-22,1.91E-23,2.20E-21,6.00E-18,8.79E-16,1.34E-16,2.24E-19,1.61E-21,1.05E-20,4.92E-17,3.13E-14,1.10E-15,1.91E-19,6.10E-23,2.71E-25,2.77E-24,1.51E-21,4.79E-20,5.85E-21,3.01E-23,3.48E-24,1.51E-22,4.76E-21,5.61E-20,2.37E-21,2.34E-23,3.21E-21,1.25E-19,1.96E-16,1.49E-14,6.16E-16,9.77E-20,1.68E-24,4.10E-23,4.65E-20,2.36E-16,3.03E-15,1.85E-17,9.54E-21,6.58E-22,5.61E-20,4.35E-16,1.72E-15,9.06E-18,3.88E-20,1.45E-22,3.93E-22,1.46E-19,1.55E-17,7.18E-18,7.58E-20,5.19E-21,1.66E-19,4.79E-16,2.81E-13,4.58E-16,5.04E-19,1.62E-21,6.83E-20,9.69E-18,1.10E-14,1.03E-13,9.31E-16,4.76E-19,1.16E-20,3.56E-19,6.61E-16,1.58E-13,8.30E-14,2.34E-16,1.94E-18,4.69E-18,2.85E-15,1.86E-14,4.99E-16,1.04E-18,8.78E-20,1.01E-17,1.52E-13,4.07E-10,1.88E-08,1.85E-09,5.27E-11,2.52E-10,6.95E-07,0.012435195,0.977227986,0.010336074
Head 3,389,9.14E-21,1.63E-20,4.13E-23,7.14E-26,1.73E-26,1.56E-23,1.80E-20,8.16E-20,3.61E-22,2.17E-25,9.56E-27,3.28E-25,1.50E-22,4.81E-21,5.74E-22,1.30E-23,1.59E-23,9.89E-21,7.65E-17,1.09E-14,7.89E-16,9.30E-19,1.69E-20,3.91E-19,1.95E-15,2.28E-12,1.22E-12,1.85E-16,5.54E-21,3.80E-24,6.57E-23,1.12E-20,6.75E-20,3.42E-21,5.58E-23,3.97E-23,4.40E-21,1.29E-18,5.07E-18,5.61E-20,1.07E-22,1.65E-23,1.79E-21,5.91E-18,7.91E-16,1.06E-16,1.04E-19,9.19E-22,2.88E-20,3.33E-17,3.57E-15,7.83E-16,2.42E-18,5.73E-23,2.60E-25,3.45E-24,1.63E-21,5.99E-20,5.17E-21,2.76E-23,2.46E-24,7.33E-24,1.79E-21,2.22E-20,1.78E-21,4.32E-20,3.47E-21,1.13E-19,1.43E-16,9.84E-15,5.02E-16,1.48E-21,4.66E-23,2.51E-23,3.74E-20,1.88E-16,2.29E-15,1.39E-17,8.59E-21,4.81E-22,7.02E-19,3.92E-16,1.55E-15,1.22E-16,3.48E-20,1.12E-22,3.34E-22,1.21E-19,1.31E-17,6.59E-18,6.33E-20,3.87E-21,1.49E-19,4.15E-16,2.89E-15,5.29E-16,4.42E-19,2.34E-19,4.49E-20,9.15E-18,1.04E-14,9.78E-14,8.36E-16,4.06E-19,9.21E-21,2.43E-19,5.24E-16,2.43E-13,7.59E-14,1.76E-16,1.60E-18,9.56E-18,1.81E-15,1.51E-14,3.80E-16,8.14E-19,7.09E-20,9.82E-18,1.46E-13,5.13E-10,2.20E-08,1.42E-09,3.75E-11,1.65E-10,6.20E-07,0.01292823,0.978977084,0.008094107
Head 3,390,1.42E-20,2.21E-20,4.87E-23,1.23E-26,4.27E-26,1.82E-23,1.87E-20,7.31E-20,3.43E-22,2.17E-25,1.20E-26,3.45E-25,2.27E-22,5.10E-21,6.85E-22,1.58E-23,1.85E-23,1.10E-20,8.50E-17,1.11E-14,1.04E-15,1.36E-18,2.09E-20,4.98E-19,3.30E-15,4.79E-12,1.60E-12,1.88E-16,1.69E-22,3.09E-24,6.10E-23,1.19E-20,8.48E-20,4.58E-21,7.89E-23,6.49E-23,5.90E-21,1.68E-18,5.02E-18,5.00E-20,1.11E-22,1.51E-23,1.94E-21,6.01E-18,7.71E-16,6.62E-17,7.33E-20,6.27E-21,1.89E-20,8.85E-18,3.36E-15,1.43E-14,2.59E-18,6.58E-23,3.80E-25,4.25E-24,2.42E-21,6.58E-20,5.95E-21,2.58E-23,1.20E-25,3.65E-24,7.14E-22,2.11E-20,7.59E-18,6.61E-20,4.25E-21,1.26E-19,1.26E-16,1.04E-14,1.88E-17,1.38E-19,3.53E-23,2.50E-23,3.80E-20,1.80E-16,2.26E-15,1.58E-17,8.11E-21,5.01E-21,9.02E-19,4.56E-16,6.26E-15,1.24E-16,3.48E-20,1.17E-22,3.40E-22,1.23E-19,1.44E-17,6.49E-18,3.77E-20,4.07E-21,1.39E-19,1.37E-17,3.76E-15,5.52E-16,2.90E-16,2.02E-19,4.83E-20,9.89E-18,1.13E-14,1.07E-13,8.88E-16,3.96E-19,8.10E-21,2.40E-19,1.07E-15,2.72E-13,7.28E-14,1.88E-16,2.81E-19,6.94E-18,1.79E-15,1.48E-14,3.92E-16,8.44E-19,8.31E-20,1.09E-17,7.11E-14,7.96E-10,2.05E-08,1.32E-09,3.19E-11,1.66E-10,6.59E-07,0.015436228,0.976726651,0.007836409
Head 3,391,1.66E-20,2.43E-20,1.02E-23,7.34E-26,4.41E-26,1.63E-23,1.38E-20,5.67E-20,2.97E-22,2.41E-25,1.13E-26,4.85E-25,2.24E-22,5.72E-21,7.61E-22,1.66E-23,1.86E-23,1.08E-20,7.83E-17,1.23E-14,1.23E-15,1.35E-18,2.19E-20,7.47E-19,7.25E-15,6.78E-12,1.63E-12,2.51E-18,1.18E-22,2.43E-24,5.40E-23,1.29E-20,9.61E-20,5.38E-21,1.12E-22,7.48E-23,7.71E-21,1.50E-18,3.89E-18,4.33E-20,8.54E-23,1.39E-23,1.70E-21,5.67E-18,5.35E-16,5.01E-17,1.03E-18,3.36E-21,4.13E-21,1.01E-17,3.01E-14,1.35E-14,2.67E-18,7.98E-23,4.05E-25,5.50E-24,2.21E-21,6.50E-20,5.04E-21,3.44E-25,5.24E-26,3.86E-25,5.33E-22,1.88E-17,1.01E-17,6.95E-20,5.14E-21,1.10E-19,1.16E-16,1.30E-15,1.22E-15,9.45E-20,3.35E-23,2.49E-23,3.54E-20,1.73E-16,2.41E-15,1.41E-17,1.18E-20,5.74E-21,8.75E-19,1.42E-16,4.65E-15,1.08E-16,3.16E-20,1.07E-22,3.16E-22,1.30E-19,1.38E-17,2.78E-18,4.06E-20,3.78E-21,2.00E-21,1.66E-17,3.66E-15,2.26E-13,2.50E-16,1.92E-19,4.60E-20,9.29E-18,1.12E-14,1.05E-13,7.58E-16,3.40E-19,7.34E-21,3.06E-19,1.01E-15,2.39E-13,7.39E-14,1.23E-18,1.68E-19,5.91E-18,1.51E-15,1.33E-14,3.55E-16,8.35E-19,7.97E-20,1.26E-17,1.20E-13,7.33E-10,1.97E-08,1.14E-09,3.13E-11,1.54E-10,7.26E-07,0.015224427,0.977155924,0.00761892
Head 3,392,2.23E-20,2.14E-20,6.06E-23,7.82E-26,3.89E-26,1.30E-23,1.27E-20,5.95E-20,3.63E-22,2.24E-25,1.40E-26,4.30E-25,2.51E-22,6.42E-21,7.67E-22,1.47E-23,1.58E-23,9.44E-21,8.91E-17,1.50E-14,1.18E-15,1.21E-18,2.90E-20,1.75E-18,1.29E-14,9.03E-12,3.39E-14,1.67E-18,7.40E-23,1.61E-24,4.87E-23,1.37E-20,1.03E-19,6.88E-21,1.13E-22,8.47E-23,6.73E-21,1.19E-18,3.44E-18,3.23E-20,6.65E-23,9.57E-24,1.36E-21,3.93E-18,4.25E-16,5.50E-16,3.78E-19,2.26E-22,5.13E-21,3.96E-17,2.57E-14,1.34E-14,2.58E-18,6.51E-23,3.83E-25,3.91E-24,2.03E-21,5.77E-20,3.89E-23,1.65E-25,1.47E-27,2.72E-25,5.20E-20,2.41E-17,9.88E-18,8.69E-20,4.05E-21,7.75E-20,2.60E-17,2.40E-14,7.08E-16,6.84E-20,2.26E-23,1.61E-23,2.71E-20,1.73E-16,2.10E-15,3.32E-18,1.18E-20,4.98E-21,5.14E-20,9.61E-17,4.51E-15,1.04E-16,2.62E-20,8.25E-23,2.81E-22,1.14E-19,7.53E-18,2.78E-18,3.30E-20,5.79E-24,2.50E-21,1.80E-17,3.30E-13,1.93E-13,2.11E-16,1.48E-19,3.54E-20,8.61E-18,1.17E-14,9.25E-14,6.72E-16,2.64E-19,4.30E-21,2.25E-19,8.35E-16,2.49E-13,1.12E-16,6.53E-19,1.24E-19,4.50E-18,1.35E-15,1.25E-14,3.33E-16,6.98E-19,6.66E-19,1.74E-17,9.20E-14,6.37E-10,1.52E-08,9.35E-10,2.12E-11,1.16E-10,5.76E-07,0.014332398,0.978482425,0.007184603
Head 3,393,3.35E-16,3.94E-18,4.33E-23,7.02E-28,3.54E-28,1.63E-23,1.20E-17,3.35E-15,6.18E-18,6.69E-23,6.94E-26,1.81E-24,1.52E-20,7.18E-18,1.29E-18,1.94E-21,3.41E-23,6.36E-22,5.62E-19,1.50E-17,2.30E-19,1.40E-22,1.55E-23,2.46E-20,1.69E-14,1.78E-12,5.52E-14,8.24E-20,1.16E-25,3.16E-27,6.76E-24,4.95E-19,1.55E-16,4.92E-18,1.72E-21,1.62E-23,1.32E-22,3.77E-20,2.92E-19,3.43E-21,2.27E-24,1.42E-25,2.13E-23,2.20E-19,1.04E-17,2.18E-18,3.74E-22,1.06E-23,1.25E-21,1.53E-16,3.43E-12,2.02E-12,2.53E-17,2.63E-23,5.49E-26,1.63E-23,1.31E-18,2.25E-17,1.99E-19,7.98E-25,2.71E-27,1.32E-24,1.11E-19,1.30E-15,6.32E-15,2.41E-17,1.80E-19,5.88E-19,1.15E-14,3.09E-12,7.08E-14,6.38E-19,2.14E-23,8.16E-24,5.32E-20,1.08E-15,4.22E-18,1.80E-22,3.00E-27,4.14E-27,1.03E-23,8.27E-18,3.55E-14,1.34E-15,2.14E-20,4.41E-24,1.60E-23,1.98E-19,1.12E-15,7.84E-15,1.50E-19,4.70E-20,7.98E-18,1.31E-14,7.52E-12,9.78E-13,7.40E-17,4.83E-21,7.74E-22,1.08E-18,9.14E-15,7.91E-14,3.44E-17,1.27E-22,6.76E-25,5.21E-22,5.07E-16,6.55E-15,1.24E-15,1.41E-18,1.65E-20,2.65E-19,2.76E-16,1.98E-14,1.31E-15,6.20E-16,6.52E-19,3.31E-19,3.22E-16,9.35E-13,7.53E-12,5.54E-14,2.75E-16,3.65E-15,7.05E-10,0.001471722,0.953124642,0.045403648
Head 3,394,6.81E-20,1.23E-20,1.34E-25,2.03E-30,8.48E-31,3.22E-26,2.74E-20,6.73E-18,1.73E-20,1.77E-25,2.66E-28,6.05E-27,4.05E-23,1.53E-20,3.10E-21,4.95E-24,1.08E-25,2.04E-24,1.48E-21,3.25E-20,7.06E-22,6.35E-25,4.93E-26,5.75E-23,8.87E-19,2.78E-15,1.10E-16,2.31E-22,4.80E-28,1.46E-29,1.92E-26,1.23E-21,3.67E-19,1.23E-20,4.35E-24,3.48E-26,3.15E-25,6.99E-23,5.60E-22,5.94E-24,4.38E-27,2.26E-28,4.30E-26,2.18E-23,1.26E-20,2.80E-21,2.46E-24,8.48E-26,4.16E-24,4.10E-19,8.97E-15,6.83E-15,9.14E-20,7.09E-26,1.43E-28,3.05E-26,2.63E-22,2.30E-20,3.77E-23,1.72E-27,1.07E-28,5.26E-27,3.24E-22,6.04E-18,1.84E-17,3.99E-20,3.05E-24,6.52E-21,2.82E-17,8.28E-15,1.97E-16,2.08E-21,5.78E-26,2.39E-26,1.61E-22,7.29E-21,6.58E-21,5.21E-25,1.23E-27,1.41E-29,2.22E-26,1.40E-20,5.76E-17,2.70E-18,6.24E-23,1.45E-26,1.65E-25,6.83E-22,2.82E-18,2.32E-20,4.34E-22,1.68E-22,3.70E-20,7.27E-17,2.32E-14,3.04E-15,2.32E-19,1.34E-23,2.14E-24,2.37E-21,1.93E-17,1.70E-16,5.91E-20,3.87E-25,1.94E-27,1.35E-24,5.89E-21,8.72E-18,2.60E-18,3.22E-21,5.00E-23,6.71E-22,6.68E-19,4.52E-17,1.34E-15,2.23E-18,1.55E-21,9.10E-22,8.13E-19,2.44E-15,2.05E-14,1.44E-16,7.22E-19,9.17E-18,1.74E-12,3.08E-06,0.999911785,8.51E-05
Head 3,395,1.23E-19,2.13E-20,2.18E-25,2.83E-30,1.05E-30,5.19E-26,3.48E-20,9.62E-18,2.10E-20,2.93E-25,4.26E-28,9.16E-27,5.11E-23,2.04E-20,3.89E-21,7.49E-24,1.76E-25,3.06E-24,1.96E-21,5.68E-20,1.72E-21,1.22E-24,7.47E-26,5.25E-24,7.37E-19,3.18E-15,1.44E-16,3.87E-22,1.04E-27,2.38E-29,2.80E-26,1.68E-21,5.11E-19,1.53E-20,4.83E-24,4.56E-26,3.65E-25,9.13E-23,6.70E-22,7.28E-24,4.04E-27,2.57E-28,3.81E-27,1.54E-23,7.43E-20,8.91E-21,1.79E-23,1.03E-25,5.93E-24,7.28E-19,1.47E-14,1.14E-14,1.36E-19,1.02E-25,1.70E-28,1.83E-26,2.12E-22,9.61E-21,4.60E-23,1.42E-25,2.36E-28,1.05E-26,1.11E-21,1.37E-17,1.94E-17,1.09E-23,4.89E-22,1.01E-20,4.22E-17,1.17E-14,2.77E-16,2.61E-21,8.31E-26,3.70E-26,4.69E-25,5.28E-21,8.48E-21,4.69E-22,2.27E-27,1.95E-29,2.90E-26,1.86E-20,7.47E-17,3.84E-18,9.15E-23,1.54E-25,2.86E-25,8.32E-22,6.48E-20,2.70E-20,6.07E-22,8.25E-21,7.91E-20,1.03E-16,3.42E-14,4.95E-15,3.34E-19,2.22E-23,3.36E-24,3.13E-21,2.56E-17,3.55E-16,9.50E-20,5.50E-25,2.71E-27,7.30E-26,5.50E-21,1.02E-17,2.99E-18,4.78E-21,6.62E-23,9.72E-22,1.02E-18,1.20E-15,2.44E-15,2.81E-18,2.24E-21,1.26E-21,1.14E-18,3.96E-15,3.05E-14,2.21E-16,1.09E-18,1.42E-17,2.15E-12,0.018036216,0.981852055,0.000111713
Head 3,396,2.89E-19,4.71E-20,3.53E-25,3.50E-30,1.63E-30,6.46E-26,5.93E-20,1.32E-17,3.76E-20,5.21E-25,7.78E-28,1.53E-26,8.99E-23,3.27E-20,6.98E-21,1.31E-23,2.76E-25,4.57E-24,3.52E-21,1.33E-19,3.39E-21,1.86E-24,1.10E-26,3.53E-24,8.54E-19,4.03E-15,2.04E-16,6.39E-22,1.41E-27,3.11E-29,3.55E-26,2.88E-21,6.89E-19,1.86E-20,6.30E-24,5.11E-26,4.57E-25,1.07E-22,8.25E-22,6.72E-24,4.56E-27,3.12E-28,3.35E-27,4.85E-22,2.36E-19,2.45E-20,1.42E-23,1.16E-25,1.05E-23,9.24E-19,2.25E-14,1.61E-14,1.70E-19,1.06E-25,9.99E-29,1.58E-26,1.38E-22,1.30E-20,1.01E-20,2.63E-25,3.92E-28,2.99E-26,2.31E-21,1.26E-17,1.29E-21,4.82E-20,7.64E-22,1.28E-20,5.38E-17,1.33E-14,2.91E-16,2.88E-21,9.37E-26,1.50E-29,2.95E-25,6.44E-21,8.01E-18,7.66E-22,2.58E-27,2.24E-29,3.84E-26,2.35E-20,1.01E-16,5.05E-18,7.56E-22,2.30E-25,2.99E-25,6.62E-22,6.94E-20,3.76E-20,5.90E-19,1.57E-20,1.02E-19,1.45E-16,5.35E-14,6.58E-15,4.94E-19,3.29E-23,4.25E-24,4.50E-21,8.00E-17,6.28E-16,1.31E-19,7.08E-25,1.96E-28,6.16E-26,5.28E-21,1.01E-17,3.68E-18,5.33E-21,8.49E-23,1.41E-21,9.25E-19,2.01E-15,3.07E-15,3.84E-18,2.79E-21,1.54E-21,1.69E-18,5.62E-15,4.52E-14,2.85E-16,1.28E-18,1.29E-17,4.48E-09,0.015365124,0.984530568,0.000104262
Head 3,397,1.65E-19,1.88E-19,1.52E-22,1.03E-25,3.17E-26,1.26E-23,1.12E-20,6.61E-20,4.44E-22,3.81E-25,2.14E-26,6.82E-25,2.93E-22,6.92E-21,9.51E-22,2.25E-23,3.11E-23,2.34E-20,2.98E-16,5.88E-14,6.15E-15,1.04E-17,1.11E-19,1.71E-18,2.34E-15,3.02E-13,2.00E-14,1.63E-18,9.99E-23,2.35E-24,9.12E-23,1.88E-20,1.19E-19,6.47E-21,1.02E-22,6.41E-23,4.47E-21,7.91E-19,1.49E-18,1.05E-20,4.87E-22,1.60E-23,3.27E-22,2.55E-18,1.75E-15,2.68E-16,4.04E-19,4.04E-21,1.85E-20,3.85E-17,2.99E-14,1.60E-14,2.81E-18,1.34E-23,1.42E-25,1.18E-25,1.91E-23,4.41E-21,1.88E-22,6.12E-25,1.63E-25,4.03E-23,1.82E-19,5.55E-20,1.07E-17,9.43E-20,4.54E-21,1.21E-19,1.43E-16,1.17E-14,5.26E-16,5.15E-20,7.00E-25,2.77E-24,1.09E-20,2.05E-16,2.04E-15,9.81E-18,3.93E-21,2.19E-22,2.09E-20,5.11E-17,2.50E-15,4.05E-16,2.79E-19,1.07E-21,1.75E-21,4.34E-20,9.13E-20,2.91E-18,4.19E-20,4.33E-21,1.77E-19,5.97E-16,3.55E-13,2.20E-13,2.08E-16,1.34E-19,2.91E-20,6.75E-18,1.20E-14,9.73E-14,5.06E-16,3.31E-20,2.22E-21,7.45E-20,3.01E-17,5.30E-16,4.22E-17,4.61E-19,1.27E-19,1.16E-18,3.91E-16,2.53E-14,8.02E-15,3.77E-17,8.04E-19,1.22E-17,7.94E-14,7.37E-10,1.93E-08,8.35E-10,1.36E-11,8.33E-11,2.45E-06,0.06307786,0.930521727,0.006397943
Head 3,398,2.73E-17,3.05E-18,2.09E-23,2.35E-28,1.71E-28,6.33E-24,4.52E-18,1.08E-15,2.62E-18,3.14E-23,4.33E-26,8.28E-25,6.06E-21,2.67E-18,4.97E-19,8.95E-22,2.14E-23,4.48E-22,3.63E-19,1.05E-17,7.04E-20,9.00E-24,2.40E-25,1.62E-22,5.31E-17,3.32E-13,1.86E-14,5.68E-20,1.08E-25,2.91E-27,3.43E-24,1.69E-19,4.22E-17,1.12E-18,3.45E-22,2.62E-24,2.31E-23,4.67E-21,3.66E-20,2.68E-20,5.58E-24,1.62E-26,5.63E-24,2.62E-21,1.66E-18,6.60E-19,1.13E-21,9.84E-24,8.79E-22,7.33E-17,1.45E-12,7.88E-13,7.95E-19,5.89E-25,2.34E-28,2.19E-25,1.35E-19,9.41E-17,1.00E-18,4.32E-23,1.06E-25,3.02E-24,9.85E-22,4.18E-16,2.26E-15,7.12E-18,7.59E-20,9.94E-19,2.92E-15,7.50E-13,1.79E-14,5.95E-24,1.30E-28,3.88E-28,5.71E-21,2.13E-16,6.36E-16,4.26E-20,1.58E-25,1.48E-27,2.88E-24,1.96E-18,1.34E-14,1.43E-15,5.71E-20,7.79E-24,2.69E-23,2.48E-20,1.89E-16,2.69E-15,4.20E-17,7.45E-19,5.17E-18,6.96E-15,2.47E-12,3.35E-13,2.91E-17,1.86E-21,1.42E-22,3.58E-19,5.15E-15,4.00E-14,9.49E-19,2.33E-24,1.01E-26,3.10E-24,3.06E-19,5.90E-16,2.15E-16,3.86E-19,3.72E-20,4.16E-20,6.46E-17,1.10E-13,1.64E-13,2.04E-16,1.61E-19,9.06E-20,1.14E-16,3.91E-13,2.61E-12,1.34E-14,4.09E-17,3.06E-14,2.33E-07,0.82731241,0.164402664,0.008284613
Head 3,399,3.67E-19,4.21E-20,2.80E-25,4.64E-30,1.78E-30,7.97E-26,5.43E-20,1.31E-17,3.26E-20,4.56E-25,6.12E-28,1.56E-26,1.06E-22,3.68E-20,6.91E-21,1.49E-23,4.05E-25,7.45E-24,6.00E-21,1.04E-19,5.91E-22,8.76E-26,2.38E-27,1.90E-24,7.36E-19,4.36E-15,2.63E-16,7.86E-22,1.84E-27,3.68E-29,3.61E-26,2.19E-21,5.24E-19,1.47E-20,3.91E-24,2.96E-26,1.87E-25,4.70E-23,8.05E-21,3.27E-22,2.98E-27,3.48E-28,5.15E-27,2.21E-23,2.13E-20,1.28E-20,1.31E-23,1.82E-25,9.70E-24,9.36E-19,1.66E-14,2.16E-15,5.21E-21,3.17E-28,2.75E-30,8.64E-27,2.01E-21,1.26E-18,2.12E-20,8.94E-25,1.01E-27,1.80E-27,4.11E-22,1.11E-17,3.10E-17,1.00E-19,9.18E-22,1.02E-20,3.77E-17,1.02E-14,9.92E-20,4.30E-26,1.44E-30,1.02E-26,1.58E-22,3.15E-18,9.44E-18,5.79E-22,1.98E-27,2.15E-29,3.93E-26,3.68E-20,1.98E-16,1.82E-17,2.62E-23,5.09E-26,3.80E-25,4.60E-22,4.44E-18,3.77E-17,6.49E-19,1.23E-20,7.93E-20,1.12E-16,3.54E-14,5.52E-15,4.25E-19,9.05E-24,1.89E-24,4.56E-21,7.84E-17,3.54E-16,1.37E-20,3.06E-26,1.18E-28,3.86E-26,3.17E-21,7.49E-18,3.21E-18,1.99E-18,8.10E-22,6.18E-22,8.14E-19,1.30E-15,2.28E-15,3.25E-18,2.29E-21,1.65E-21,1.95E-18,6.29E-15,3.77E-14,2.64E-17,4.51E-19,3.61E-16,2.65E-09,3.27E-06,0.999900818,9.59E-05
Head 3,400,3.72E-19,4.61E-20,3.82E-25,4.49E-30,2.17E-30,9.26E-26,5.92E-20,1.34E-17,3.72E-20,4.80E-25,8.73E-28,2.21E-26,1.22E-22,4.14E-20,1.01E-20,2.40E-23,5.23E-25,9.63E-24,3.58E-21,8.53E-20,5.19E-22,8.10E-26,2.64E-27,2.63E-24,8.94E-19,5.06E-15,3.20E-16,1.05E-21,1.87E-27,3.03E-29,3.80E-26,2.19E-21,5.75E-19,1.43E-20,3.75E-24,2.00E-26,1.56E-25,6.38E-23,7.19E-21,4.37E-24,5.24E-27,3.65E-28,3.77E-27,2.20E-23,3.02E-20,1.13E-20,1.82E-23,1.65E-25,1.03E-23,9.07E-19,1.99E-14,1.17E-15,5.32E-22,3.26E-28,1.01E-29,1.25E-26,2.48E-21,2.05E-18,3.45E-20,7.73E-25,4.46E-29,6.51E-27,1.02E-21,1.42E-17,4.02E-17,1.19E-19,8.09E-22,1.12E-20,4.13E-17,2.70E-16,6.82E-20,4.06E-26,2.54E-26,2.36E-26,1.78E-22,3.37E-18,9.25E-18,5.82E-22,2.38E-27,2.62E-29,7.94E-26,4.58E-20,2.09E-16,1.11E-19,1.26E-23,5.52E-26,1.05E-25,8.58E-22,4.42E-18,4.00E-17,7.62E-19,1.31E-20,8.96E-20,1.14E-16,4.20E-14,6.03E-15,2.32E-19,1.00E-23,1.87E-24,4.83E-21,1.85E-16,4.26E-16,1.51E-20,3.08E-26,1.31E-28,3.47E-26,3.45E-21,9.10E-18,1.32E-14,3.77E-18,9.59E-22,6.06E-22,7.77E-19,1.39E-15,2.87E-15,3.58E-18,3.08E-21,2.08E-21,2.32E-18,6.98E-15,3.87E-14,2.28E-17,4.62E-19,3.67E-16,1.47E-12,0.015422101,0.984467804,0.000110026
Head 3,401,5.21E-19,6.26E-20,4.05E-25,4.75E-30,2.00E-30,8.07E-26,5.14E-20,1.40E-17,3.91E-20,7.06E-25,1.43E-27,3.24E-26,1.73E-22,7.60E-20,1.92E-20,3.14E-23,6.48E-25,1.26E-24,3.79E-21,9.63E-20,5.56E-22,8.61E-26,3.34E-27,3.02E-24,1.01E-18,6.29E-15,4.56E-16,9.25E-22,1.26E-27,2.56E-29,3.17E-26,2.30E-21,5.82E-19,1.47E-20,2.64E-24,1.54E-26,3.14E-26,4.41E-23,2.98E-22,5.75E-24,1.04E-25,2.75E-28,3.94E-27,3.51E-23,2.82E-20,1.39E-20,1.51E-23,1.38E-25,8.38E-24,2.84E-18,1.05E-14,3.75E-16,5.14E-22,2.94E-27,1.53E-29,1.61E-26,3.91E-21,3.13E-18,3.14E-20,6.51E-27,1.68E-28,1.32E-26,1.06E-21,1.45E-17,3.74E-17,7.57E-20,6.42E-22,9.73E-21,1.40E-17,1.84E-16,5.53E-20,9.07E-22,4.28E-26,2.13E-26,1.66E-22,3.38E-18,9.65E-18,6.34E-22,2.35E-27,4.28E-29,7.78E-26,3.74E-20,1.60E-18,4.06E-20,1.11E-23,5.55E-26,2.11E-25,8.22E-22,4.83E-18,5.09E-17,8.53E-19,1.61E-20,1.04E-19,1.45E-16,5.07E-14,8.25E-15,2.77E-19,9.24E-24,1.79E-24,3.84E-21,2.23E-16,4.90E-16,1.49E-20,2.91E-26,8.83E-29,2.67E-26,2.92E-21,1.62E-14,2.36E-14,3.78E-18,8.28E-22,5.35E-22,7.49E-19,1.65E-15,3.29E-15,4.79E-18,3.99E-21,2.60E-21,2.87E-18,2.12E-13,3.25E-14,2.18E-17,3.95E-19,6.01E-18,2.90E-09,0.012864335,0.987051368,8.43E-05
Head 3,402,3.71E-19,3.59E-19,3.17E-22,1.90E-25,5.56E-26,1.39E-23,1.38E-20,7.74E-20,6.79E-22,8.24E-25,6.23E-26,2.22E-24,1.22E-21,4.32E-20,7.45E-21,1.85E-22,2.67E-23,4.15E-20,6.71E-16,8.50E-14,4.82E-15,5.78E-18,1.24E-19,2.87E-18,6.12E-15,1.91E-12,9.26E-14,4.88E-18,2.32E-22,4.62E-24,1.09E-22,2.33E-20,1.66E-19,7.08E-21,9.15E-23,3.22E-23,1.00E-21,4.47E-19,1.60E-18,5.72E-19,6.28E-22,2.98E-23,2.13E-21,5.35E-18,1.45E-15,3.62E-16,5.02E-19,3.54E-21,6.33E-21,1.48E-17,1.39E-15,1.71E-16,2.58E-19,3.60E-24,2.29E-26,6.38E-25,5.94E-22,1.38E-20,1.71E-24,5.68E-25,1.16E-25,2.17E-23,1.91E-19,7.83E-17,2.34E-17,1.06E-19,4.78E-21,6.27E-21,3.69E-17,1.98E-15,8.12E-16,5.57E-20,1.84E-23,1.45E-23,3.33E-20,1.97E-16,2.11E-15,1.02E-17,1.29E-20,1.03E-21,9.09E-20,1.08E-15,5.03E-15,4.46E-17,2.44E-19,1.22E-21,1.72E-21,2.21E-19,1.11E-17,4.22E-18,6.27E-20,6.75E-21,2.56E-19,8.05E-16,7.21E-13,3.15E-13,1.54E-16,7.09E-20,9.90E-22,3.38E-18,8.85E-15,3.57E-14,1.11E-16,4.51E-20,1.93E-21,6.29E-20,3.29E-16,1.34E-13,4.36E-14,1.07E-16,8.47E-19,1.91E-18,4.41E-16,3.45E-14,1.39E-14,7.33E-17,1.70E-18,2.79E-17,5.83E-13,1.14E-09,2.81E-09,3.11E-11,1.11E-11,6.75E-11,2.03E-06,0.061821524,0.932579756,0.005596687
Head 3,403,6.15E-19,6.04E-19,4.62E-22,2.45E-25,6.35E-26,1.74E-23,1.72E-20,1.12E-19,9.91E-22,1.20E-24,9.35E-26,4.37E-24,3.45E-21,1.01E-19,1.13E-20,9.81E-24,2.09E-23,5.02E-20,8.57E-16,1.19E-13,8.22E-15,9.81E-18,2.42E-19,6.27E-18,2.81E-14,3.04E-12,1.08E-13,5.33E-18,2.25E-22,5.00E-24,1.20E-22,3.00E-20,1.94E-19,8.52E-21,3.28E-22,2.65E-23,2.89E-21,8.77E-19,2.40E-17,5.19E-19,7.93E-22,5.41E-23,2.22E-21,7.48E-18,1.83E-15,3.83E-16,5.70E-19,4.59E-22,9.00E-21,3.24E-18,1.53E-15,4.65E-15,3.08E-19,4.14E-24,2.94E-26,8.26E-25,7.01E-22,1.78E-22,3.59E-22,1.11E-24,1.47E-25,3.01E-23,2.65E-19,7.91E-17,2.38E-17,1.13E-19,1.34E-23,6.56E-21,4.33E-17,2.27E-14,5.91E-16,4.82E-20,1.47E-23,1.51E-23,3.18E-20,1.87E-16,2.26E-15,1.83E-17,1.45E-20,1.04E-21,3.07E-18,1.59E-15,6.22E-15,5.86E-16,3.76E-19,1.23E-21,1.95E-21,2.61E-19,1.22E-17,4.76E-18,6.32E-20,6.24E-21,2.51E-19,1.10E-15,8.44E-13,3.14E-13,1.64E-16,3.14E-22,1.50E-21,4.47E-18,1.24E-14,5.03E-14,1.20E-16,4.44E-20,1.90E-21,1.00E-19,4.29E-16,1.34E-13,4.35E-14,9.81E-17,7.60E-19,2.03E-18,4.89E-16,4.99E-14,1.90E-14,8.67E-17,1.86E-18,2.65E-17,4.78E-13,1.32E-09,3.26E-09,7.96E-10,1.43E-12,5.99E-11,2.07E-06,0.051637109,0.944214344,0.00414649
Head 3,404,1.13E-18,1.07E-18,8.01E-22,4.02E-25,1.15E-25,2.99E-23,3.29E-20,2.05E-19,1.77E-21,2.17E-24,2.15E-25,1.39E-23,9.94E-21,2.04E-19,7.98E-22,9.49E-24,2.98E-23,7.01E-20,1.31E-15,2.16E-13,1.59E-14,2.48E-17,7.11E-19,4.19E-17,6.15E-14,4.82E-12,1.73E-13,7.96E-18,3.63E-22,7.48E-24,1.96E-22,4.46E-20,3.20E-19,1.44E-19,4.07E-22,6.39E-23,8.20E-21,2.32E-18,2.88E-17,9.14E-19,1.92E-21,8.06E-23,4.38E-21,1.17E-17,2.59E-15,6.42E-16,5.80E-20,1.31E-21,1.32E-21,5.66E-18,2.73E-14,7.41E-15,5.04E-19,8.16E-24,5.63E-26,1.37E-24,1.23E-22,2.09E-20,8.98E-22,2.11E-24,3.15E-25,6.41E-23,4.04E-19,1.21E-16,4.32E-17,3.52E-23,1.94E-23,1.15E-20,3.63E-16,2.63E-14,8.91E-16,7.34E-20,2.76E-23,2.40E-23,4.85E-20,3.11E-16,4.29E-15,3.22E-17,2.40E-20,3.97E-20,8.28E-18,3.08E-15,2.79E-14,1.27E-15,6.05E-19,2.21E-21,3.29E-21,4.08E-19,1.97E-17,7.18E-18,9.69E-20,9.76E-21,2.87E-19,1.80E-15,1.26E-12,5.56E-13,3.02E-19,6.87E-22,2.81E-21,8.34E-18,2.38E-14,8.15E-14,1.91E-16,7.54E-20,4.25E-21,1.65E-19,6.63E-16,2.10E-13,6.36E-14,1.48E-16,1.26E-18,3.15E-18,9.66E-16,9.37E-14,3.26E-14,1.49E-16,2.08E-19,2.96E-17,6.85E-13,2.09E-09,3.87E-08,5.83E-11,1.97E-12,9.32E-11,2.72E-06,0.017163444,0.977094352,0.00573937
Head 3,405,7.51E-14,1.49E-16,7.04E-23,9.77E-28,1.88E-27,1.52E-22,2.09E-17,4.20E-16,4.15E-19,3.86E-23,1.88E-24,2.55E-22,3.71E-19,1.88E-19,4.56E-22,1.80E-24,3.42E-24,2.42E-21,8.37E-19,2.30E-19,7.46E-23,1.98E-26,3.57E-26,2.48E-21,5.65E-15,1.24E-11,7.23E-14,9.22E-20,7.77E-25,2.85E-25,2.18E-21,1.47E-16,4.21E-14,1.17E-16,5.10E-20,3.34E-21,1.22E-21,5.61E-19,5.47E-18,7.27E-20,8.90E-23,1.70E-23,3.57E-21,1.28E-17,4.43E-16,1.45E-17,5.30E-21,1.65E-23,1.96E-19,8.47E-14,6.16E-10,9.44E-12,1.77E-17,7.19E-23,9.02E-24,3.01E-20,2.06E-14,2.98E-12,5.64E-15,1.44E-19,9.08E-22,4.30E-20,1.95E-16,3.34E-14,7.67E-20,1.34E-21,4.03E-20,6.63E-16,7.58E-12,2.15E-10,3.68E-13,4.13E-18,5.11E-21,3.80E-19,2.79E-14,7.33E-11,1.75E-12,4.09E-18,8.12E-25,2.73E-25,1.96E-21,3.56E-15,6.73E-12,1.33E-13,1.19E-17,2.89E-20,3.50E-19,1.61E-15,1.48E-12,2.52E-12,6.99E-14,8.16E-15,1.08E-12,1.45E-09,1.31E-08,1.06E-14,1.80E-21,1.69E-24,9.05E-22,1.66E-15,8.93E-11,3.15E-11,3.46E-16,6.49E-21,2.86E-22,1.73E-18,9.17E-13,1.65E-09,7.29E-11,4.65E-15,3.22E-18,1.10E-17,1.77E-14,6.85E-12,2.96E-12,2.47E-17,3.03E-17,6.63E-14,9.16E-10,1.61E-10,3.08E-11,1.78E-15,1.40E-16,3.46E-12,5.40E-09,0.00654482,0.259789616,0.733665645
Head 3,406,2.13E-18,3.26E-21,1.32E-27,1.49E-32,3.90E-32,3.41E-27,4.67E-22,8.74E-21,1.01E-23,1.12E-27,4.92E-29,5.77E-27,4.43E-24,2.44E-24,7.57E-27,3.48E-29,7.95E-29,5.80E-26,2.01E-23,7.19E-24,1.86E-27,4.80E-31,7.38E-31,4.37E-26,1.30E-19,2.57E-16,1.33E-18,1.03E-24,8.09E-30,2.58E-30,3.80E-26,8.17E-21,1.07E-18,1.95E-21,1.67E-24,1.05E-27,1.79E-26,1.23E-23,1.58E-22,1.85E-24,2.66E-27,3.08E-28,6.68E-26,2.57E-22,1.76E-19,3.78E-22,1.71E-27,2.15E-28,9.31E-25,1.74E-18,1.18E-14,3.78E-16,4.53E-22,8.24E-28,5.96E-29,1.50E-24,8.38E-19,9.16E-17,1.42E-19,3.40E-24,1.36E-26,6.42E-25,4.45E-21,6.64E-23,4.87E-25,1.73E-26,1.77E-23,1.60E-20,1.39E-16,4.12E-15,6.00E-18,5.91E-23,9.63E-26,6.70E-24,1.35E-18,1.56E-15,3.20E-17,5.27E-25,1.03E-29,4.78E-30,1.99E-25,2.01E-19,1.56E-16,3.34E-18,2.09E-22,4.18E-25,6.06E-24,3.09E-20,2.66E-17,4.21E-17,4.72E-19,1.23E-19,1.48E-17,2.61E-14,4.38E-14,1.01E-19,2.57E-26,2.55E-29,1.94E-26,4.22E-20,2.41E-15,8.25E-16,2.37E-20,9.74E-26,5.03E-27,2.61E-23,1.56E-17,2.93E-14,1.27E-15,5.77E-20,4.17E-23,1.62E-22,3.20E-19,1.42E-16,8.48E-20,3.39E-22,5.10E-22,1.63E-18,3.92E-17,4.26E-13,5.41E-16,3.15E-20,2.29E-21,3.41E-20,9.35E-14,1.44E-07,0.999983907,1.60E-05
Head 3,407,1.25E-18,2.09E-21,7.23E-28,1.03E-32,2.61E-32,2.07E-27,2.71E-22,5.71E-21,6.73E-24,6.97E-28,3.07E-29,1.10E-26,1.41E-24,1.24E-24,4.63E-27,2.51E-29,5.88E-29,3.74E-26,1.37E-23,4.72E-24,1.09E-27,2.60E-31,2.99E-31,2.36E-26,6.79E-20,1.54E-16,6.70E-19,4.66E-25,2.55E-30,1.24E-30,1.18E-26,7.70E-21,1.52E-19,1.66E-21,8.60E-26,3.96E-28,9.81E-27,8.81E-24,1.02E-22,1.53E-24,1.48E-27,1.75E-28,3.57E-26,1.81E-20,1.56E-19,2.67E-23,9.56E-28,1.03E-28,5.55E-25,1.06E-18,1.31E-14,3.48E-16,1.79E-22,9.72E-29,2.55E-29,1.36E-24,5.80E-19,6.01E-17,9.88E-20,1.68E-24,6.11E-27,3.80E-25,1.33E-23,1.18E-23,1.88E-25,2.86E-23,1.58E-23,8.23E-21,7.81E-17,2.14E-15,3.25E-18,4.01E-23,5.92E-26,2.17E-23,8.35E-19,8.66E-16,5.42E-20,2.03E-25,5.72E-30,1.02E-29,1.98E-25,1.16E-19,1.14E-16,2.05E-18,1.12E-22,2.48E-25,3.95E-24,1.70E-20,1.49E-17,1.86E-17,2.97E-19,6.48E-20,8.87E-18,2.11E-13,1.58E-14,5.31E-20,1.21E-26,1.42E-29,1.05E-26,2.59E-20,1.72E-15,9.54E-16,1.16E-20,6.19E-26,2.53E-27,1.38E-23,7.92E-18,1.80E-14,6.44E-16,3.14E-20,2.19E-23,8.28E-23,1.69E-19,3.92E-18,3.91E-20,1.74E-22,3.38E-22,1.69E-20,1.55E-14,2.41E-13,3.46E-16,1.75E-20,5.79E-23,1.74E-20,5.30E-14,0.104184806,0.895806313,8.83E-06
Head 3,408,1.69E-18,2.44E-21,9.41E-28,1.26E-32,2.88E-32,2.39E-27,3.28E-22,5.94E-21,5.70E-24,6.69E-28,6.26E-29,5.60E-27,1.32E-24,1.35E-24,5.63E-27,3.34E-29,6.99E-29,4.21E-26,1.51E-23,5.21E-24,1.12E-27,1.93E-31,2.84E-31,2.08E-26,7.81E-20,1.73E-16,6.58E-19,2.94E-25,1.99E-30,1.73E-31,2.25E-26,3.37E-21,1.82E-19,1.82E-21,5.46E-26,3.56E-28,1.20E-26,9.48E-24,1.48E-22,1.66E-24,1.54E-27,1.55E-28,2.85E-24,2.64E-20,1.07E-19,2.95E-23,1.56E-27,9.70E-29,5.77E-25,1.60E-18,2.10E-14,2.55E-16,2.09E-23,9.20E-29,3.87E-29,1.56E-24,7.23E-19,7.70E-17,9.59E-20,1.37E-24,5.95E-27,7.54E-26,4.78E-24,8.91E-24,7.39E-21,5.61E-23,1.35E-23,7.46E-21,6.97E-17,2.04E-15,3.42E-18,3.61E-23,2.55E-25,1.93E-23,6.10E-19,1.97E-18,2.46E-20,1.74E-25,7.88E-29,1.28E-29,1.82E-25,1.44E-19,1.29E-16,2.06E-18,1.11E-22,2.62E-25,3.35E-24,1.53E-20,2.28E-17,1.93E-17,2.34E-19,5.18E-20,1.57E-16,1.26E-13,1.35E-14,3.99E-20,1.02E-26,1.09E-29,9.80E-27,3.03E-20,1.99E-15,7.80E-16,1.16E-20,5.07E-26,2.04E-27,9.90E-24,7.00E-18,1.61E-14,6.36E-16,2.77E-20,1.60E-23,6.19E-23,1.01E-18,3.61E-18,3.65E-20,1.74E-22,1.06E-21,1.09E-18,1.52E-14,2.83E-13,3.58E-16,8.69E-21,4.77E-23,1.49E-20,6.46E-08,0.148865357,0.85112673,7.78E-06
Head 3,409,1.84E-19,2.86E-22,9.07E-29,8.71E-34,1.58E-33,7.46E-29,3.53E-24,1.92E-23,1.59E-26,5.89E-31,2.95E-31,1.16E-28,3.95E-26,3.26E-26,1.29E-28,1.25E-30,9.84E-30,2.63E-26,4.88E-23,2.85E-23,4.03E-27,5.13E-31,4.46E-31,3.68E-26,1.19E-19,1.86E-16,3.24E-19,1.12E-25,4.53E-32,5.71E-32,7.81E-27,2.55E-22,3.83E-20,5.77E-23,3.93E-27,9.85E-29,6.92E-27,9.47E-24,7.99E-23,4.71E-25,3.38E-28,6.94E-29,1.16E-24,1.51E-20,1.18E-19,4.17E-23,1.34E-27,5.47E-29,2.85E-25,8.85E-19,5.39E-15,3.97E-18,6.14E-24,1.47E-29,3.65E-30,1.42E-25,3.97E-20,2.04E-18,1.76E-21,4.27E-26,8.49E-29,2.27E-27,3.15E-25,8.70E-21,7.72E-22,1.46E-24,5.57E-25,8.86E-22,2.04E-17,7.60E-16,7.39E-19,9.49E-24,3.52E-26,3.61E-24,1.42E-21,3.30E-18,2.21E-19,7.85E-23,4.41E-28,5.97E-29,1.00E-24,4.47E-19,1.79E-16,1.37E-18,5.98E-23,1.53E-25,2.60E-24,1.85E-20,6.58E-18,1.56E-18,1.19E-20,4.70E-22,5.38E-18,2.13E-14,4.90E-15,2.05E-20,4.80E-27,6.55E-30,9.57E-27,5.07E-19,1.15E-14,4.76E-15,5.63E-20,1.94E-25,6.66E-27,2.93E-23,1.53E-17,1.92E-14,3.74E-16,1.15E-20,1.15E-23,7.32E-21,2.53E-18,4.79E-18,1.81E-20,3.61E-20,1.57E-22,1.68E-18,1.09E-13,5.03E-12,4.27E-15,3.63E-19,1.57E-21,2.38E-15,8.98E-08,0.161598086,0.838376224,2.56E-05
Head 3,410,9.86E-20,1.32E-22,3.26E-29,3.62E-34,8.25E-34,3.89E-29,1.06E-24,5.55E-24,1.22E-28,1.03E-31,7.85E-32,3.52E-29,1.49E-26,1.72E-26,7.79E-29,7.83E-31,3.13E-30,9.87E-27,1.73E-23,9.19E-24,1.49E-27,1.61E-31,1.82E-31,1.39E-26,4.68E-20,5.36E-17,9.11E-20,2.43E-27,1.86E-32,1.70E-31,2.14E-27,2.21E-22,1.17E-20,1.77E-23,1.39E-27,2.87E-29,2.96E-27,4.03E-24,3.69E-23,1.95E-25,3.05E-30,2.51E-29,5.47E-26,6.20E-21,1.02E-20,1.23E-23,4.00E-28,1.28E-29,9.31E-26,2.35E-19,4.76E-16,6.29E-18,2.84E-24,5.29E-30,1.74E-30,6.91E-26,1.87E-20,9.35E-19,7.92E-22,4.58E-28,1.32E-29,6.15E-28,3.91E-23,9.58E-21,3.09E-22,5.24E-25,1.86E-25,2.59E-22,6.33E-18,2.05E-16,1.43E-19,2.79E-24,6.42E-27,5.74E-28,1.40E-22,9.27E-19,5.83E-18,2.65E-23,1.21E-28,2.12E-29,3.84E-25,2.05E-19,7.70E-17,5.00E-19,1.85E-23,4.06E-26,6.26E-25,5.14E-21,1.60E-18,3.70E-19,4.94E-24,8.29E-23,1.02E-18,3.87E-15,9.74E-16,4.29E-21,1.21E-27,2.21E-30,7.15E-25,1.53E-19,3.55E-15,1.53E-15,1.42E-20,4.68E-26,1.34E-27,7.34E-24,4.68E-18,5.80E-15,8.17E-17,2.44E-21,1.64E-23,1.87E-21,7.88E-19,1.63E-18,7.26E-18,1.97E-23,4.92E-23,5.40E-19,4.04E-14,4.04E-14,1.08E-15,9.31E-20,6.43E-20,7.28E-16,2.26E-08,0.034629256,0.965365827,4.95E-06
Head 3,411,1.14E-19,1.34E-22,4.38E-29,7.61E-34,1.91E-33,4.28E-29,9.08E-25,9.21E-26,9.29E-29,9.70E-32,8.28E-32,4.29E-29,2.38E-26,3.50E-26,2.23E-28,1.03E-30,3.64E-30,1.16E-26,1.86E-23,1.05E-23,1.56E-27,2.03E-31,1.83E-31,1.43E-26,3.61E-20,5.09E-17,6.36E-21,3.77E-27,3.47E-31,1.93E-31,1.02E-27,2.98E-22,1.31E-20,2.31E-23,1.65E-27,4.30E-29,3.57E-27,4.85E-24,4.37E-23,7.76E-28,2.86E-30,4.07E-31,6.85E-26,2.90E-22,1.20E-20,1.51E-23,3.84E-28,1.63E-29,1.06E-25,2.42E-19,9.53E-16,1.17E-17,4.34E-24,9.83E-30,2.92E-30,9.09E-26,2.59E-20,1.36E-18,3.23E-24,3.05E-28,1.43E-29,6.79E-27,1.48E-22,1.36E-20,4.29E-22,7.31E-25,2.34E-25,3.70E-22,7.35E-18,1.24E-16,2.09E-19,3.01E-24,5.49E-31,2.41E-28,1.58E-22,1.32E-16,1.20E-17,3.34E-23,1.82E-28,3.05E-29,5.85E-25,2.85E-19,9.41E-17,6.82E-19,2.56E-23,1.61E-26,8.62E-25,6.33E-21,2.03E-18,2.39E-22,4.68E-24,8.46E-23,9.21E-19,3.39E-15,8.94E-16,4.44E-21,1.56E-27,2.34E-26,1.18E-24,1.88E-19,4.25E-15,1.64E-15,2.10E-20,6.08E-26,1.86E-27,1.05E-23,6.48E-18,6.55E-15,1.02E-16,7.81E-23,1.60E-23,2.09E-21,8.85E-19,4.64E-17,9.41E-21,2.39E-23,6.10E-23,8.36E-19,2.44E-16,5.33E-14,1.44E-15,9.82E-19,8.89E-20,7.95E-16,2.14E-08,0.073119953,0.926876128,3.89E-06
Head 3,412,1.48E-19,1.87E-22,1.08E-28,2.64E-33,3.83E-33,6.01E-29,8.65E-26,1.20E-25,1.13E-28,1.31E-31,1.27E-31,8.05E-29,5.32E-26,1.17E-25,3.63E-28,1.11E-30,4.92E-30,1.57E-26,2.59E-23,1.35E-23,2.13E-27,2.23E-31,2.20E-31,1.29E-26,4.70E-20,1.45E-18,7.83E-21,6.55E-26,4.69E-31,2.54E-32,2.02E-27,4.36E-22,2.05E-20,3.29E-23,2.67E-27,5.73E-29,4.94E-27,7.17E-24,9.92E-25,9.41E-28,1.95E-32,6.77E-31,6.74E-27,4.17E-22,1.52E-20,1.28E-23,4.12E-28,2.23E-29,1.37E-25,2.27E-19,2.05E-15,1.90E-17,7.06E-24,1.62E-29,3.77E-30,1.49E-25,4.40E-20,4.89E-21,2.92E-24,4.16E-28,8.40E-29,2.80E-26,2.57E-22,2.30E-20,7.02E-22,1.14E-24,4.75E-25,6.11E-22,9.74E-18,2.05E-16,2.65E-19,1.32E-28,3.39E-31,3.76E-28,4.60E-20,4.27E-16,1.55E-17,4.76E-23,2.67E-28,5.19E-29,1.09E-24,4.91E-19,1.67E-16,1.19E-18,4.93E-24,2.49E-26,1.20E-24,8.73E-21,2.25E-20,2.64E-22,6.12E-24,1.06E-22,1.18E-18,4.38E-15,1.15E-15,6.46E-21,7.87E-23,5.23E-26,1.91E-24,2.72E-19,5.42E-15,2.77E-15,3.15E-20,8.20E-26,2.57E-27,1.61E-23,9.60E-18,1.00E-14,4.03E-20,8.29E-23,2.15E-23,2.95E-21,1.54E-19,3.32E-18,1.35E-20,3.69E-23,1.22E-22,4.84E-20,3.70E-16,7.12E-14,6.91E-15,1.63E-18,1.22E-19,1.12E-15,1.46E-08,0.101710126,0.898284495,5.39E-06
Head 3,413,1.50E-19,3.45E-22,2.97E-28,4.84E-33,3.91E-33,2.19E-29,7.19E-26,1.07E-25,1.46E-28,2.26E-31,2.78E-31,1.99E-28,1.82E-25,2.29E-25,3.94E-28,1.46E-30,6.71E-30,2.34E-26,3.74E-23,1.92E-23,2.48E-27,2.39E-31,1.35E-31,1.01E-26,3.18E-22,1.03E-18,1.50E-19,6.76E-26,4.12E-32,4.85E-32,2.60E-27,6.10E-22,2.57E-20,4.59E-23,3.39E-27,7.01E-29,6.02E-27,4.95E-24,7.24E-25,6.69E-30,2.02E-32,1.39E-30,1.00E-26,5.32E-22,1.13E-20,1.01E-23,4.95E-28,7.14E-30,1.26E-25,3.32E-19,2.44E-15,2.17E-17,9.75E-24,1.73E-29,5.10E-30,1.93E-25,6.29E-22,2.82E-21,2.48E-24,1.43E-26,2.51E-28,3.46E-26,2.69E-22,2.10E-20,6.36E-22,1.49E-24,5.55E-25,1.32E-21,1.10E-17,2.06E-16,7.80E-23,7.63E-29,3.97E-31,4.77E-25,1.61E-19,4.67E-16,2.02E-17,6.58E-23,3.77E-28,7.41E-29,1.28E-24,4.51E-19,1.64E-16,1.45E-19,6.13E-24,2.99E-26,1.49E-24,8.73E-21,2.20E-20,3.32E-22,7.45E-24,1.36E-22,1.44E-18,5.26E-15,1.49E-15,3.15E-17,1.97E-22,8.52E-26,2.42E-24,3.20E-19,7.79E-15,4.52E-15,4.56E-20,1.10E-25,3.45E-27,1.94E-23,9.92E-18,8.99E-19,2.59E-20,8.48E-23,2.67E-23,4.63E-23,1.59E-18,3.36E-18,1.45E-20,4.75E-23,1.24E-21,9.43E-20,5.97E-16,1.85E-12,1.27E-14,2.20E-18,1.57E-19,2.89E-16,1.66E-08,0.074915811,0.925080121,4.05E-06
Head 3,414,3.21E-19,1.12E-21,8.79E-28,8.24E-33,5.29E-33,2.39E-29,9.27E-26,1.73E-25,2.68E-28,4.81E-31,6.71E-31,6.46E-28,4.20E-25,3.36E-25,5.11E-28,1.88E-30,1.02E-29,3.49E-26,5.49E-23,2.60E-23,3.14E-27,1.81E-31,1.34E-31,1.13E-28,2.34E-22,7.66E-17,2.05E-19,9.06E-27,8.17E-32,8.09E-32,5.38E-27,9.88E-22,4.21E-20,6.71E-23,4.55E-27,1.04E-28,2.06E-25,7.20E-24,4.24E-26,1.00E-29,3.36E-30,2.78E-30,1.77E-26,5.35E-22,1.01E-20,1.51E-23,9.48E-29,4.33E-29,2.12E-25,5.30E-19,3.37E-15,3.50E-17,1.21E-23,2.66E-29,8.58E-30,4.05E-26,6.59E-22,3.76E-21,1.39E-21,4.42E-26,4.23E-28,5.50E-26,4.03E-22,3.10E-20,1.29E-21,2.65E-24,2.33E-24,2.10E-21,1.48E-17,5.59E-18,7.04E-23,1.10E-28,6.60E-27,2.43E-24,2.27E-19,7.72E-16,3.22E-17,1.04E-22,7.01E-28,1.43E-28,1.87E-24,7.55E-19,6.17E-17,2.65E-19,9.44E-24,4.77E-26,2.85E-23,9.30E-21,3.08E-20,4.52E-22,1.15E-23,1.92E-22,2.08E-18,7.96E-15,5.93E-14,8.09E-17,3.66E-22,1.37E-25,4.04E-24,5.17E-19,1.48E-14,7.67E-15,6.86E-20,1.75E-25,5.65E-27,2.81E-23,1.19E-20,8.55E-19,3.48E-20,1.32E-22,6.44E-24,5.64E-21,2.23E-18,5.22E-18,2.37E-20,6.87E-20,2.54E-21,1.62E-19,1.95E-13,4.43E-12,1.94E-14,3.37E-18,8.94E-20,4.75E-16,1.94E-08,0.104785211,0.895209789,5.03E-06
Head 3,415,8.49E-19,3.04E-21,1.38E-27,4.99E-33,3.98E-33,2.69E-29,1.25E-25,2.65E-25,4.79E-28,1.06E-30,2.00E-30,1.46E-27,8.53E-25,3.99E-25,5.44E-28,2.55E-30,1.33E-29,4.59E-26,6.96E-23,3.13E-23,2.49E-27,1.68E-31,6.73E-33,7.22E-29,4.23E-20,1.06E-16,1.70E-20,1.26E-26,1.23E-31,1.70E-31,8.52E-27,1.59E-21,5.37E-20,7.62E-23,5.93E-27,8.79E-27,3.37E-25,1.38E-24,5.69E-26,1.11E-26,6.64E-30,5.40E-30,2.28E-26,5.04E-22,1.38E-20,7.25E-24,1.91E-27,5.48E-29,3.25E-25,7.14E-19,4.75E-15,3.87E-17,1.50E-23,4.18E-29,4.52E-30,4.38E-26,8.28E-22,2.85E-18,3.13E-21,6.79E-26,6.37E-28,8.09E-26,5.51E-22,5.54E-20,1.97E-21,5.45E-24,3.56E-24,2.44E-21,1.09E-17,4.81E-18,8.35E-23,4.01E-24,3.11E-26,3.30E-24,3.70E-19,1.04E-15,4.12E-17,1.57E-22,1.20E-27,1.94E-28,2.92E-24,5.15E-19,9.64E-17,3.50E-19,1.46E-23,2.68E-25,2.50E-23,1.13E-20,3.61E-20,6.23E-22,1.40E-23,2.51E-22,2.78E-18,4.27E-15,1.12E-13,1.15E-16,5.16E-22,2.17E-25,5.31E-24,7.56E-19,2.16E-14,9.82E-15,9.18E-20,2.46E-25,7.46E-27,6.21E-25,1.11E-20,9.87E-19,4.55E-20,7.14E-21,5.74E-23,7.07E-21,3.05E-18,6.82E-18,4.94E-17,1.13E-19,4.04E-21,1.36E-16,4.71E-13,6.09E-12,2.70E-14,5.68E-18,1.49E-19,6.10E-16,2.51E-08,0.102059163,0.897935212,5.54E-06
Head 3,416,1.70E-18,3.42E-21,1.33E-28,1.94E-33,3.00E-33,2.68E-29,1.61E-25,3.76E-25,7.48E-28,1.99E-30,2.54E-30,2.33E-27,6.66E-25,2.44E-25,4.21E-28,1.80E-30,1.02E-29,3.62E-26,5.77E-23,2.00E-23,1.55E-27,3.06E-32,2.53E-33,7.11E-27,6.94E-20,2.27E-18,1.32E-20,1.11E-26,1.39E-31,1.70E-31,1.06E-26,1.43E-21,4.37E-20,6.27E-23,5.54E-26,1.12E-26,5.20E-26,1.46E-24,8.36E-24,1.34E-26,7.77E-30,5.55E-30,1.71E-26,4.32E-22,5.78E-20,4.65E-23,1.05E-27,4.94E-29,3.26E-25,7.66E-19,4.34E-15,3.22E-17,1.44E-23,5.57E-30,2.78E-30,3.71E-26,6.31E-20,3.73E-18,3.01E-21,6.01E-26,5.66E-28,7.30E-26,7.30E-22,6.49E-20,1.17E-21,6.77E-24,2.95E-24,1.31E-21,8.96E-18,4.79E-18,2.81E-19,9.87E-24,2.59E-26,3.62E-24,3.30E-19,9.33E-16,3.83E-17,1.45E-22,9.69E-28,1.80E-28,1.70E-24,5.93E-19,1.05E-16,4.52E-19,1.37E-24,1.62E-25,2.19E-23,9.42E-21,3.44E-20,4.92E-22,1.20E-23,2.38E-22,6.56E-19,4.71E-15,9.71E-14,1.03E-16,4.72E-22,1.57E-25,3.94E-24,6.68E-19,1.90E-14,8.46E-15,7.28E-20,1.87E-25,5.37E-28,5.02E-25,1.06E-20,1.06E-18,2.09E-16,1.89E-22,4.80E-23,6.49E-21,2.73E-18,1.67E-16,4.41E-17,1.03E-19,5.75E-19,2.86E-16,5.50E-13,7.06E-12,5.89E-14,6.40E-18,1.28E-19,5.70E-16,2.54E-08,0.098241739,0.901751161,7.12E-06
Head 3,417,3.64E-16,5.13E-19,1.60E-24,3.50E-29,3.66E-29,1.73E-24,4.06E-19,3.33E-17,1.86E-19,3.24E-23,1.77E-24,1.77E-22,1.68E-19,1.43E-18,7.44E-21,4.16E-24,4.26E-25,1.37E-22,7.59E-19,1.93E-17,5.51E-20,2.06E-24,8.29E-26,3.04E-22,1.13E-18,8.03E-15,7.38E-16,1.86E-21,3.05E-27,1.58E-28,9.90E-25,4.99E-19,3.31E-16,2.23E-19,7.10E-23,4.52E-26,1.70E-24,2.37E-21,2.39E-19,2.64E-21,1.44E-25,3.74E-28,1.31E-26,2.75E-20,5.38E-19,2.74E-20,4.44E-24,1.99E-26,3.30E-24,2.06E-18,1.45E-13,8.60E-14,1.50E-20,1.04E-26,3.17E-28,1.74E-24,9.94E-19,6.01E-16,2.58E-18,1.91E-23,1.35E-26,7.79E-25,7.80E-20,3.34E-16,8.80E-16,3.55E-18,1.51E-22,1.43E-19,5.50E-16,1.92E-13,4.81E-15,6.26E-20,4.41E-24,2.61E-24,1.25E-20,1.02E-16,1.51E-16,1.08E-20,7.86E-26,4.53E-28,2.22E-24,2.65E-18,1.17E-14,5.82E-19,4.32E-23,2.76E-25,6.70E-24,1.96E-20,2.40E-18,3.77E-19,2.81E-21,2.17E-20,3.11E-19,1.40E-15,1.02E-12,1.08E-13,3.81E-18,1.44E-22,3.91E-23,2.27E-19,6.76E-15,3.95E-14,2.99E-18,1.31E-25,2.60E-28,1.19E-25,2.93E-20,5.02E-13,5.32E-17,5.32E-20,8.46E-22,2.28E-20,1.98E-17,1.32E-13,4.46E-13,2.02E-16,6.40E-18,3.71E-17,2.76E-14,4.50E-12,5.41E-12,8.70E-15,6.03E-17,4.01E-15,3.24E-09,0.006981892,0.991832137,0.001185937
Head 3,418,4.08E-19,9.05E-21,3.84E-26,8.96E-31,1.13E-30,5.71E-26,1.19E-20,1.19E-18,6.09E-21,1.37E-24,6.11E-26,4.47E-24,4.98E-21,3.88E-20,2.32E-22,1.29E-25,1.40E-26,4.18E-24,2.43E-20,9.62E-20,7.34E-22,6.81E-26,5.99E-27,1.11E-25,1.61E-20,1.97E-16,2.29E-17,6.89E-23,1.45E-28,4.44E-30,2.93E-26,1.49E-20,5.45E-19,1.14E-20,1.40E-25,1.65E-27,1.13E-26,6.12E-23,6.35E-21,6.20E-23,3.65E-27,9.36E-30,1.90E-26,1.33E-23,8.21E-21,9.06E-22,1.68E-25,6.83E-28,1.02E-25,6.90E-20,5.44E-15,3.67E-16,2.67E-22,2.98E-28,1.71E-29,6.10E-26,2.45E-20,1.49E-17,6.77E-20,5.46E-25,5.04E-28,2.59E-26,1.79E-21,1.07E-17,2.10E-17,2.55E-24,4.01E-24,4.62E-21,5.92E-17,9.80E-15,1.74E-16,2.76E-21,1.69E-25,1.04E-25,5.15E-22,4.10E-18,6.21E-18,4.14E-22,6.26E-28,1.31E-29,5.71E-26,7.55E-20,8.59E-19,1.10E-20,1.42E-24,8.72E-27,2.57E-25,6.32E-22,8.88E-20,1.67E-20,1.04E-19,1.35E-21,1.65E-20,6.95E-17,4.60E-14,5.37E-15,1.63E-19,4.72E-24,1.27E-24,7.01E-21,2.09E-16,1.45E-15,1.08E-20,4.76E-27,8.97E-30,4.29E-27,3.61E-19,5.07E-18,1.66E-18,2.04E-21,3.04E-23,1.35E-22,6.81E-19,4.81E-15,6.86E-16,1.30E-17,2.96E-19,1.92E-18,4.88E-16,3.31E-13,2.05E-13,3.81E-16,2.46E-18,1.47E-16,1.27E-10,0.000359712,0.999587476,5.28E-05
Head 3,419,9.26E-20,3.22E-21,1.63E-26,4.73E-31,6.80E-31,2.54E-26,5.08E-21,4.44E-19,2.31E-21,6.50E-25,2.43E-26,2.02E-24,1.98E-21,1.81E-20,1.13E-22,6.84E-26,6.67E-27,2.23E-24,3.81E-22,2.31E-20,3.86E-22,7.75E-26,2.43E-28,1.92E-26,4.86E-21,8.02E-17,1.15E-17,5.02E-23,8.81E-29,2.74E-30,1.55E-26,1.49E-21,3.69E-19,9.62E-22,9.58E-26,2.78E-28,5.64E-27,2.65E-23,1.95E-21,2.28E-23,1.40E-27,5.27E-30,2.54E-28,3.40E-24,4.36E-21,5.67E-22,1.01E-25,4.25E-28,7.46E-26,4.47E-20,3.17E-15,1.15E-16,1.54E-22,1.45E-27,1.25E-29,2.35E-26,8.39E-21,5.27E-18,2.91E-20,3.31E-25,3.20E-28,4.20E-26,9.57E-22,4.00E-18,4.26E-23,9.10E-25,2.00E-24,1.56E-20,4.54E-17,6.61E-15,1.39E-16,2.41E-21,1.52E-25,9.90E-26,4.73E-22,3.16E-18,4.81E-18,1.16E-22,4.43E-28,7.11E-30,2.53E-26,5.99E-22,2.52E-19,5.41E-21,7.54E-25,6.07E-27,1.57E-25,4.22E-22,6.79E-20,1.63E-17,1.31E-19,1.67E-21,1.92E-20,7.27E-17,5.36E-14,5.99E-15,1.24E-19,3.38E-24,7.57E-25,3.52E-21,1.11E-16,7.29E-16,7.15E-21,3.50E-27,6.97E-30,1.25E-25,6.84E-22,2.65E-18,1.13E-18,1.35E-21,1.10E-22,1.06E-22,4.68E-19,1.81E-16,6.45E-16,1.02E-17,2.69E-19,1.29E-18,8.90E-16,2.73E-13,2.00E-13,3.06E-16,1.88E-18,1.12E-16,9.50E-11,0.015542448,0.984410286,4.73E-05
Head 3,420,4.59E-20,1.72E-21,1.10E-26,4.70E-31,6.19E-31,2.07E-26,2.94E-21,2.04E-19,1.37E-21,3.84E-25,1.65E-26,1.20E-24,1.30E-21,1.18E-20,7.98E-23,4.17E-26,5.12E-27,5.78E-26,1.64E-22,1.04E-19,5.35E-22,3.19E-26,7.19E-29,1.03E-26,3.41E-21,4.27E-17,7.89E-18,3.90E-23,7.41E-29,2.22E-30,1.47E-26,1.33E-21,1.35E-19,9.37E-22,2.46E-25,2.63E-28,4.78E-27,1.31E-23,1.11E-21,1.44E-23,2.30E-29,4.43E-30,1.15E-28,2.37E-24,3.12E-21,3.64E-22,8.15E-26,4.91E-28,6.93E-26,1.46E-19,1.47E-15,8.98E-17,2.77E-21,1.89E-27,9.14E-30,1.55E-26,5.02E-21,3.04E-18,2.05E-20,2.70E-25,2.04E-27,3.59E-26,5.34E-22,1.15E-22,1.81E-23,6.50E-25,6.26E-22,1.69E-20,3.89E-17,5.72E-15,1.46E-16,2.63E-21,2.06E-25,1.47E-25,4.69E-22,3.11E-18,3.05E-18,1.23E-22,4.00E-28,5.64E-30,1.37E-27,3.33E-22,1.74E-19,3.76E-21,6.94E-25,5.27E-27,1.47E-25,4.11E-22,2.64E-18,1.94E-17,1.62E-19,2.08E-21,2.30E-20,9.46E-17,7.27E-14,5.91E-15,1.29E-19,3.32E-24,6.11E-25,2.54E-21,3.20E-16,5.51E-16,5.95E-21,3.24E-27,1.46E-28,2.69E-27,4.95E-22,2.19E-18,8.60E-19,7.65E-19,1.11E-22,1.02E-22,2.05E-19,2.00E-16,6.22E-16,1.08E-17,1.67E-18,3.10E-18,9.44E-16,3.16E-13,1.83E-13,2.93E-16,1.94E-18,9.93E-17,2.38E-09,0.016068351,0.983870745,6.09E-05
Head 3,421,2.08E-20,9.26E-22,1.02E-26,5.84E-31,8.28E-31,1.62E-26,1.65E-21,1.06E-19,7.49E-22,2.43E-25,9.59E-27,7.28E-25,7.21E-22,6.91E-21,3.86E-23,2.76E-26,1.19E-27,3.00E-26,3.70E-21,9.20E-20,2.43E-22,1.10E-26,4.82E-29,9.84E-27,1.59E-21,2.33E-17,5.24E-18,2.97E-23,6.87E-29,6.34E-30,1.32E-26,5.36E-22,1.08E-19,1.88E-20,2.51E-25,2.62E-28,2.64E-27,7.49E-24,7.66E-22,5.23E-26,1.37E-27,2.91E-30,9.30E-29,1.81E-24,1.87E-21,2.93E-22,1.07E-25,5.31E-28,1.48E-25,8.00E-20,9.99E-16,6.32E-16,4.00E-21,1.89E-27,9.44E-30,1.40E-26,3.38E-21,2.12E-18,1.61E-20,2.05E-24,2.34E-27,2.77E-26,1.17E-24,4.47E-23,1.36E-23,2.06E-20,9.45E-22,1.55E-20,3.30E-17,5.73E-15,1.49E-16,3.78E-21,3.76E-25,1.73E-25,5.34E-22,2.20E-18,3.42E-18,1.31E-22,4.63E-28,1.77E-31,1.05E-27,2.40E-22,1.12E-19,3.03E-21,5.70E-25,5.01E-27,1.43E-25,2.71E-22,3.22E-18,2.16E-17,1.79E-19,2.34E-21,2.74E-20,1.14E-16,6.94E-14,6.26E-15,1.48E-19,3.31E-24,5.48E-25,2.05E-21,1.93E-16,3.50E-16,4.51E-21,8.36E-26,7.76E-30,2.62E-27,4.61E-22,1.69E-18,8.55E-15,8.13E-19,1.36E-22,1.90E-22,1.93E-19,1.64E-16,5.31E-16,3.66E-16,3.50E-18,3.29E-18,1.01E-15,2.89E-13,1.64E-13,2.92E-16,1.80E-18,1.71E-16,1.96E-09,0.012196038,0.987752914,5.11E-05
Head 3,422,2.53E-20,1.41E-21,2.09E-26,1.59E-30,1.47E-30,2.83E-26,2.21E-21,1.45E-19,1.09E-21,3.33E-25,1.36E-26,9.26E-25,9.26E-22,6.32E-21,4.38E-23,1.88E-25,1.28E-27,1.23E-24,6.07E-21,1.97E-20,1.76E-22,1.40E-26,9.99E-29,1.03E-26,2.15E-21,2.91E-17,5.86E-18,3.64E-23,2.48E-28,8.27E-30,3.05E-27,7.96E-22,5.56E-18,2.89E-20,3.44E-25,2.25E-28,2.46E-27,1.00E-23,2.81E-23,3.08E-23,1.66E-27,4.11E-30,1.38E-28,2.01E-24,2.32E-21,4.91E-22,1.33E-25,2.66E-28,1.62E-25,9.85E-20,1.57E-15,1.24E-15,5.36E-21,2.82E-27,1.49E-29,1.91E-26,5.14E-21,2.94E-18,1.03E-19,3.34E-24,2.77E-27,1.55E-27,7.17E-25,5.71E-23,3.09E-18,5.66E-20,1.21E-21,2.03E-20,4.80E-17,7.37E-15,2.23E-16,6.36E-21,4.91E-25,2.59E-25,2.73E-22,3.36E-18,4.63E-18,1.93E-22,2.03E-30,2.26E-31,1.39E-27,2.98E-22,1.56E-19,4.04E-21,8.92E-25,8.83E-27,3.40E-26,5.96E-22,5.37E-18,3.04E-17,2.39E-19,3.43E-21,4.24E-20,1.64E-16,1.07E-13,9.66E-15,1.89E-19,4.54E-24,1.36E-26,2.90E-21,2.65E-16,4.42E-16,7.11E-20,5.02E-27,1.06E-29,3.68E-27,6.21E-22,1.52E-14,1.21E-14,1.33E-18,1.27E-22,3.06E-22,2.69E-19,2.19E-16,2.90E-14,8.91E-16,5.01E-18,5.10E-18,1.65E-15,3.89E-13,2.18E-13,3.80E-16,2.57E-19,1.95E-16,2.28E-09,0.018474864,0.981470644,5.45E-05
Head 3,423,3.10E-20,2.28E-21,4.86E-26,2.56E-30,2.55E-30,3.47E-26,2.70E-21,1.94E-19,1.39E-21,4.05E-25,1.42E-26,9.90E-25,7.05E-22,5.86E-21,8.57E-22,1.53E-25,4.44E-27,1.77E-24,2.48E-22,1.49E-20,1.96E-22,2.23E-26,9.09E-29,1.33E-26,2.21E-21,2.89E-17,6.49E-18,1.41E-22,2.77E-28,3.30E-31,3.79E-27,9.01E-21,7.48E-18,3.16E-20,2.48E-25,1.59E-28,2.72E-27,8.78E-24,2.84E-21,3.14E-23,1.96E-27,5.19E-30,1.41E-28,2.17E-24,3.34E-21,5.11E-22,2.71E-26,3.03E-28,1.80E-25,3.46E-20,2.63E-15,1.50E-15,6.56E-21,3.26E-27,1.58E-29,2.55E-26,6.25E-21,1.04E-17,1.38E-19,3.49E-24,1.20E-28,8.46E-28,8.38E-25,1.11E-18,8.98E-18,6.09E-20,1.40E-21,2.50E-20,5.41E-17,9.28E-15,2.76E-16,7.03E-21,5.81E-25,3.68E-26,3.17E-22,3.86E-18,6.02E-18,1.53E-25,2.09E-30,2.56E-31,1.52E-27,3.71E-22,1.86E-19,5.51E-21,1.35E-24,1.05E-26,7.12E-26,8.55E-22,6.15E-18,3.28E-17,2.84E-19,4.05E-21,4.87E-20,2.09E-16,1.40E-13,1.04E-14,2.26E-19,1.12E-27,1.48E-26,3.39E-21,3.05E-16,7.81E-16,8.21E-21,5.71E-27,1.18E-29,4.28E-27,3.27E-19,1.82E-14,1.66E-14,5.66E-20,1.83E-22,3.59E-22,3.12E-19,1.56E-15,5.04E-14,1.00E-15,6.53E-18,7.85E-18,2.04E-15,4.74E-13,2.64E-13,2.46E-17,2.37E-19,1.79E-16,3.02E-09,0.017953144,0.981986284,6.06E-05
Head 3,424,3.55E-20,3.73E-21,6.95E-26,3.95E-30,2.79E-30,3.24E-26,2.78E-21,1.90E-19,1.32E-21,3.41E-25,1.22E-26,5.90E-25,5.01E-22,2.63E-20,4.82E-22,2.64E-26,6.12E-27,7.04E-26,1.81E-22,1.37E-20,2.33E-22,2.01E-26,1.20E-28,1.20E-26,1.93E-21,2.74E-17,9.05E-17,1.58E-22,5.73E-30,4.09E-31,7.09E-27,1.16E-20,7.39E-18,2.26E-20,1.67E-25,1.72E-28,2.01E-26,2.77E-23,2.44E-21,3.61E-23,2.44E-27,5.79E-30,1.46E-28,2.88E-24,3.20E-21,5.29E-22,3.69E-26,3.63E-28,1.07E-25,5.30E-20,2.96E-15,1.62E-15,6.74E-21,3.69E-27,2.45E-29,3.52E-26,2.83E-20,1.31E-17,1.51E-19,2.34E-26,6.71E-29,9.25E-28,2.53E-22,3.46E-18,9.42E-18,7.31E-20,1.78E-21,2.87E-20,6.68E-17,1.04E-14,3.20E-16,8.80E-21,5.17E-26,4.51E-26,3.70E-22,4.64E-18,4.55E-21,1.30E-25,2.25E-30,2.70E-31,1.80E-27,3.82E-22,2.09E-19,6.89E-21,4.75E-23,2.45E-26,1.02E-25,8.97E-22,6.12E-18,3.58E-17,3.14E-19,4.28E-21,5.50E-20,2.38E-16,1.36E-13,1.21E-14,1.25E-23,1.06E-27,1.60E-26,3.58E-21,9.66E-17,5.78E-16,8.23E-21,6.04E-27,1.30E-29,2.15E-25,3.55E-19,2.05E-14,4.08E-17,7.78E-20,1.91E-22,3.80E-22,1.65E-19,2.16E-15,4.81E-14,1.24E-15,9.06E-18,9.15E-18,2.32E-15,4.91E-13,1.03E-13,2.27E-17,2.12E-19,2.27E-16,2.93E-09,0.016483027,0.983444452,7.26E-05
Head 3,425,4.79E-20,5.07E-21,9.66E-26,4.06E-30,2.29E-30,3.13E-26,2.54E-21,1.77E-19,1.17E-21,3.16E-25,8.07E-27,4.46E-25,1.63E-22,1.19E-20,2.28E-23,4.24E-26,2.44E-27,6.05E-26,1.75E-22,1.45E-20,2.03E-22,2.32E-26,1.00E-28,1.03E-26,1.83E-21,3.13E-15,1.05E-16,7.23E-24,6.78E-30,3.16E-31,1.03E-26,1.27E-20,5.72E-18,1.48E-20,1.68E-25,7.31E-28,6.11E-27,1.93E-23,2.48E-21,3.76E-23,2.56E-27,5.69E-30,1.91E-28,2.71E-24,8.05E-20,7.63E-22,4.33E-26,1.16E-27,1.44E-25,5.74E-20,2.83E-15,1.42E-15,6.87E-21,5.16E-27,3.30E-29,3.28E-25,3.30E-20,1.30E-17,2.77E-22,1.32E-26,6.90E-29,1.68E-26,7.11E-22,3.06E-18,9.53E-18,8.08E-20,1.83E-21,3.39E-20,6.97E-17,1.05E-14,3.30E-16,9.95E-22,5.95E-26,5.03E-26,3.99E-22,6.52E-21,3.35E-21,1.30E-25,2.22E-30,3.12E-31,1.71E-27,3.83E-22,2.27E-19,2.10E-18,1.06E-22,3.27E-26,1.04E-25,9.09E-22,6.15E-18,3.74E-17,3.21E-19,4.75E-21,6.46E-20,2.43E-16,1.55E-13,9.80E-18,9.84E-24,1.06E-27,1.68E-26,3.43E-21,2.96E-16,5.32E-16,8.15E-21,5.80E-27,3.24E-28,2.31E-25,3.71E-19,3.40E-17,5.89E-17,8.11E-20,2.04E-22,6.93E-23,2.17E-19,1.87E-15,5.34E-14,1.33E-15,9.89E-18,1.05E-17,2.12E-15,1.51E-12,8.26E-14,1.67E-17,2.25E-19,2.01E-16,2.46E-09,0.013860093,0.986077189,6.28E-05
Head 3,426,5.84E-20,6.70E-21,8.58E-26,2.72E-30,1.83E-30,2.31E-26,2.02E-21,1.36E-19,9.28E-22,1.86E-25,5.24E-27,1.90E-26,5.20E-23,1.57E-21,3.35E-23,2.30E-25,1.66E-27,5.20E-26,1.70E-22,1.12E-20,1.79E-22,1.63E-26,6.82E-29,8.16E-27,7.23E-19,3.95E-15,2.28E-17,7.19E-24,3.77E-30,4.12E-31,1.12E-26,1.01E-20,3.51E-18,1.22E-20,5.35E-26,3.00E-28,3.22E-27,1.66E-23,2.08E-21,3.04E-23,1.94E-27,5.76E-30,1.52E-28,5.56E-22,1.15E-19,8.15E-22,2.58E-25,1.06E-27,1.31E-25,4.75E-20,2.36E-15,1.28E-15,7.26E-21,5.21E-27,4.74E-28,3.17E-25,2.54E-20,5.09E-20,1.33E-22,1.07E-26,1.19E-27,4.06E-26,5.79E-22,2.85E-18,9.44E-18,7.19E-20,1.99E-21,3.55E-20,6.42E-17,9.87E-15,9.96E-17,1.05E-21,5.52E-26,4.40E-26,2.78E-25,3.93E-21,2.80E-21,1.07E-25,2.22E-30,2.57E-31,1.50E-27,3.60E-22,4.31E-17,3.85E-18,1.12E-22,2.98E-26,9.95E-26,7.92E-22,5.65E-18,3.45E-17,3.10E-19,5.05E-21,6.34E-20,2.65E-16,1.70E-14,6.72E-18,8.39E-24,9.22E-28,7.78E-25,2.85E-21,2.47E-16,4.90E-16,6.59E-21,1.35E-25,3.00E-28,2.21E-25,6.42E-21,4.55E-17,5.50E-17,7.56E-20,1.17E-22,8.74E-23,1.86E-19,1.92E-15,4.57E-14,1.25E-15,1.02E-17,8.43E-18,4.09E-15,1.17E-12,5.72E-14,1.73E-17,1.99E-19,1.84E-16,2.27E-09,0.016168453,0.983762205,6.93E-05
Head 3,427,9.87E-20,6.31E-21,5.75E-26,1.98E-30,1.20E-30,1.78E-26,1.56E-21,1.18E-19,6.83E-22,1.51E-25,4.06E-28,6.77E-27,1.16E-22,3.10E-21,7.38E-22,1.51E-25,1.62E-27,6.26E-26,1.48E-22,1.02E-20,1.39E-22,1.09E-26,5.47E-29,1.81E-24,1.13E-18,2.61E-15,2.18E-17,2.19E-24,4.39E-30,4.40E-31,1.03E-26,7.17E-21,2.95E-18,4.81E-22,2.77E-25,1.52E-28,2.87E-27,1.48E-23,1.62E-21,2.29E-23,1.84E-27,4.58E-30,1.16E-26,8.88E-22,1.33E-19,9.21E-22,1.62E-25,8.32E-28,9.94E-26,4.31E-20,2.09E-15,1.17E-15,6.07E-21,7.73E-26,4.47E-28,2.20E-25,1.10E-21,2.59E-20,1.03E-22,1.15E-24,2.47E-27,2.94E-26,4.81E-22,2.37E-18,6.97E-18,6.68E-20,1.93E-21,2.81E-20,5.38E-17,7.00E-15,9.37E-17,8.07E-22,4.11E-26,2.55E-30,1.66E-25,3.32E-21,2.34E-21,1.04E-25,1.78E-30,2.11E-31,1.31E-27,9.60E-21,6.06E-17,3.15E-18,8.76E-23,2.41E-26,7.10E-26,5.86E-22,4.53E-18,2.93E-17,2.94E-19,4.45E-21,6.21E-20,7.87E-16,1.19E-14,5.53E-18,6.68E-24,3.51E-24,1.14E-26,2.42E-21,2.33E-16,3.85E-16,5.84E-20,9.63E-26,2.38E-28,1.50E-25,7.51E-21,4.06E-17,5.05E-17,6.00E-19,1.62E-22,8.37E-23,1.98E-19,1.63E-15,4.10E-14,1.18E-15,7.81E-18,3.27E-19,2.72E-15,6.65E-13,5.18E-14,1.26E-17,1.61E-19,1.52E-16,2.39E-09,0.015140427,0.98479408,6.55E-05
Head 3,428,4.57E-18,3.47E-20,1.15E-25,4.66E-30,6.38E-30,7.53E-26,1.78E-21,2.12E-20,7.02E-23,4.10E-26,3.96E-28,8.78E-25,1.39E-21,3.26E-20,1.34E-22,4.13E-26,1.82E-27,1.62E-25,2.85E-22,2.55E-21,3.37E-24,1.52E-28,6.07E-29,6.89E-25,1.83E-19,4.37E-16,1.65E-19,2.61E-25,2.20E-30,2.21E-30,1.43E-25,5.16E-20,3.95E-19,9.42E-21,8.58E-26,4.25E-28,3.06E-26,9.96E-23,2.25E-21,9.21E-24,9.82E-28,8.04E-29,1.90E-24,1.66E-19,1.49E-19,1.66E-21,1.71E-25,1.96E-27,1.46E-24,1.15E-18,2.28E-14,2.24E-15,6.01E-20,1.82E-25,6.84E-27,1.05E-23,7.96E-20,8.27E-19,7.30E-19,4.55E-23,1.14E-25,3.34E-24,2.13E-20,9.44E-18,3.30E-18,1.63E-20,1.21E-21,1.23E-19,7.17E-16,5.15E-14,1.72E-16,1.28E-21,4.52E-30,3.78E-28,1.06E-22,1.28E-18,2.57E-19,5.44E-24,1.64E-28,5.74E-29,1.47E-24,9.54E-19,7.54E-16,1.25E-17,5.74E-22,1.09E-24,2.65E-23,4.41E-19,1.20E-15,1.55E-15,7.88E-18,3.61E-19,1.64E-16,7.76E-13,1.68E-12,7.19E-17,3.40E-19,6.71E-27,5.11E-25,3.04E-19,1.71E-14,3.23E-14,9.83E-19,2.26E-24,1.67E-25,1.14E-23,3.03E-19,4.32E-16,7.78E-15,2.05E-18,1.66E-21,5.18E-21,1.74E-17,4.12E-14,1.65E-13,1.92E-15,1.83E-20,1.33E-17,2.06E-13,3.14E-11,2.95E-13,2.78E-17,4.85E-19,1.47E-15,3.08E-08,0.073089421,0.926796675,0.000113923
Head 3,429,6.53E-24,7.97E-26,1.25E-31,1.39E-36,4.38E-37,3.56E-33,1.12E-28,3.30E-27,2.80E-28,3.05E-33,1.77E-34,5.36E-32,2.25E-29,1.25E-27,5.49E-29,1.16E-31,1.03E-32,2.14E-30,4.88E-27,4.88E-26,8.03E-29,3.94E-32,1.75E-32,6.86E-29,6.83E-22,4.94E-21,8.16E-23,3.06E-29,4.12E-35,7.65E-36,2.83E-31,3.01E-26,1.26E-22,1.96E-25,2.35E-30,5.78E-33,1.68E-31,5.77E-28,3.23E-26,2.67E-28,4.04E-35,9.73E-35,2.19E-30,7.57E-27,1.37E-24,2.65E-26,2.94E-30,5.15E-32,4.51E-29,6.61E-23,1.89E-18,2.08E-18,1.81E-24,3.90E-31,2.18E-34,1.48E-31,2.89E-27,1.00E-22,1.80E-24,4.40E-29,6.69E-32,1.06E-30,8.42E-27,1.38E-23,2.22E-23,2.25E-25,2.53E-26,1.94E-24,1.87E-20,1.21E-18,3.67E-21,3.34E-32,4.06E-36,3.69E-34,2.07E-28,8.84E-24,3.43E-24,5.15E-29,6.42E-34,9.57E-34,5.63E-30,6.26E-24,1.57E-20,3.37E-22,6.25E-27,1.84E-30,6.06E-30,3.97E-26,1.22E-22,3.21E-22,4.56E-24,1.58E-27,1.19E-23,1.82E-19,5.99E-19,6.72E-19,4.98E-30,5.89E-34,7.80E-32,2.05E-25,2.33E-19,5.58E-19,1.52E-23,1.62E-27,8.75E-31,4.21E-29,2.10E-24,8.98E-19,1.38E-18,1.82E-22,4.77E-26,3.18E-26,7.37E-23,5.20E-19,1.62E-17,3.09E-24,1.32E-24,8.20E-22,2.33E-17,2.38E-15,2.16E-17,1.55E-21,4.22E-23,4.91E-19,1.04E-10,0.003168129,0.996828973,2.84E-06
Head 3,430,5.37E-23,4.84E-25,6.45E-31,5.05E-36,1.89E-36,1.55E-32,9.07E-28,2.91E-24,1.91E-27,1.68E-32,2.42E-33,1.54E-32,6.19E-29,7.17E-27,4.48E-28,5.13E-31,6.61E-32,9.87E-30,2.40E-26,2.79E-25,2.98E-27,4.80E-31,1.04E-32,5.96E-28,2.41E-24,2.96E-20,4.12E-22,1.25E-28,1.57E-34,2.35E-35,1.20E-30,1.85E-24,5.73E-22,1.05E-24,1.16E-29,2.13E-32,7.93E-31,4.71E-27,2.40E-25,2.88E-31,2.19E-34,6.45E-34,1.27E-30,2.62E-26,6.45E-24,1.19E-25,1.49E-29,1.94E-31,2.12E-28,3.72E-22,2.25E-16,1.36E-17,7.04E-24,6.54E-32,9.03E-34,1.16E-30,2.55E-24,1.89E-21,1.21E-23,3.00E-28,3.68E-31,5.91E-30,6.77E-26,1.31E-22,1.37E-22,1.27E-24,4.12E-26,1.05E-23,9.31E-20,6.18E-18,7.93E-25,7.27E-32,1.12E-35,1.17E-33,9.66E-28,4.06E-23,1.60E-23,2.43E-28,2.18E-31,5.05E-33,3.96E-29,4.68E-23,1.08E-19,2.24E-21,3.39E-26,6.48E-30,2.56E-29,1.84E-25,4.81E-22,1.20E-21,7.84E-28,5.04E-27,4.26E-23,6.74E-19,3.09E-16,1.08E-22,1.73E-29,2.79E-33,4.36E-31,2.35E-23,1.19E-18,3.51E-18,6.73E-21,5.27E-27,2.87E-30,1.65E-28,1.30E-22,9.42E-18,6.18E-18,8.90E-22,1.43E-25,1.28E-25,3.62E-22,3.09E-18,3.15E-21,1.05E-23,2.46E-24,2.81E-21,6.51E-17,1.04E-14,9.14E-17,6.74E-21,1.70E-22,2.15E-18,6.08E-10,0.074753165,0.925236344,1.05E-05
Head 3,431,9.78E-23,7.59E-25,7.32E-31,5.61E-36,1.68E-36,2.80E-32,1.25E-25,7.96E-24,1.44E-28,4.22E-32,1.80E-34,9.42E-33,8.07E-29,1.47E-26,5.31E-28,9.11E-31,7.39E-32,1.15E-29,2.99E-26,1.08E-23,8.64E-27,1.40E-31,3.15E-32,1.81E-30,4.55E-24,4.94E-20,4.35E-22,1.40E-28,1.48E-34,1.11E-34,1.30E-30,2.80E-24,9.22E-22,1.50E-24,1.17E-29,2.43E-32,1.67E-30,9.58E-27,9.74E-28,5.48E-31,5.14E-34,8.46E-33,1.78E-30,3.67E-26,9.00E-24,1.89E-25,1.96E-29,3.15E-31,4.23E-28,2.38E-20,4.48E-16,1.78E-17,1.50E-25,6.24E-32,1.75E-33,3.02E-29,1.32E-23,4.45E-21,2.92E-23,5.79E-28,6.56E-31,1.45E-29,2.22E-25,3.08E-22,3.25E-22,6.32E-25,8.77E-26,1.84E-23,1.51E-19,8.43E-20,6.35E-25,6.91E-32,1.08E-35,1.55E-33,1.14E-27,5.24E-23,2.06E-23,1.73E-25,3.34E-31,1.09E-32,8.49E-29,1.07E-22,2.62E-19,5.15E-21,4.25E-26,8.46E-30,3.15E-29,1.85E-25,4.74E-22,3.29E-26,6.60E-28,4.42E-27,3.37E-23,1.03E-18,2.88E-18,7.97E-23,1.91E-29,3.46E-33,7.94E-28,3.03E-23,1.73E-18,8.75E-17,6.05E-21,4.77E-27,2.85E-30,1.83E-28,3.51E-22,1.21E-17,8.94E-18,5.88E-22,1.25E-25,1.30E-25,4.61E-22,1.11E-19,4.19E-21,8.07E-24,2.79E-24,2.19E-21,7.76E-17,1.20E-14,1.15E-16,8.11E-21,2.23E-22,3.88E-18,2.03E-09,0.014152015,0.985832453,1.55E-05
Head 3,432,2.92E-18,1.41E-20,2.29E-26,5.01E-31,8.44E-31,2.18E-25,4.74E-20,1.17E-20,2.79E-23,1.11E-26,1.12E-28,2.59E-26,2.18E-22,6.12E-21,5.06E-23,1.41E-26,4.53E-28,3.89E-26,2.66E-21,6.59E-21,1.12E-24,2.84E-29,1.95E-31,3.91E-28,4.79E-22,2.34E-18,4.22E-20,4.76E-26,1.12E-30,2.15E-31,3.50E-26,2.99E-20,2.41E-18,1.35E-21,1.38E-26,9.31E-29,9.45E-27,5.76E-23,2.64E-23,1.84E-26,4.62E-28,1.07E-29,2.94E-27,8.38E-23,2.26E-20,3.61E-22,3.54E-26,5.57E-28,1.70E-23,1.01E-17,9.06E-14,1.07E-15,8.30E-22,7.12E-27,1.55E-27,1.44E-23,2.38E-18,3.62E-16,1.10E-18,2.12E-23,5.00E-26,1.94E-24,1.53E-20,8.19E-18,9.13E-19,1.84E-21,1.34E-22,2.45E-20,1.59E-16,1.53E-16,2.14E-21,5.80E-28,2.63E-31,4.34E-29,2.19E-23,3.61E-19,2.99E-17,4.54E-22,2.21E-27,1.31E-28,1.18E-24,6.65E-19,7.35E-16,7.35E-18,1.81E-22,2.13E-25,4.44E-24,8.36E-20,1.96E-17,7.07E-19,5.14E-21,8.57E-21,1.63E-18,1.32E-13,2.94E-13,1.28E-17,5.30E-24,2.94E-24,6.22E-24,1.72E-19,6.91E-14,3.52E-13,1.48E-17,1.87E-23,8.69E-27,3.58E-24,1.29E-18,1.09E-14,1.84E-15,2.46E-19,1.91E-22,7.01E-22,1.21E-17,2.94E-16,4.40E-18,5.12E-21,6.69E-22,6.44E-19,2.29E-14,4.44E-12,5.28E-14,4.57E-18,1.08E-19,4.49E-16,8.06E-09,0.029821426,0.970142543,3.61E-05
Head 3,433,1.26E-18,5.59E-21,6.90E-27,1.80E-31,1.26E-30,1.11E-25,4.71E-22,5.29E-21,1.81E-22,2.80E-27,5.20E-29,1.48E-26,7.84E-23,2.79E-21,2.37E-23,6.71E-27,2.05E-28,5.84E-25,1.17E-21,3.47E-21,5.78E-25,7.94E-30,1.08E-31,2.00E-28,1.37E-22,7.87E-19,1.65E-20,5.76E-26,1.08E-31,1.28E-31,1.78E-26,1.40E-20,8.80E-19,5.36E-22,7.55E-27,4.32E-29,1.24E-25,2.71E-23,1.20E-23,2.54E-24,2.76E-28,5.27E-30,1.32E-27,4.00E-23,9.87E-21,1.65E-22,2.13E-26,7.94E-27,9.45E-24,4.19E-18,4.74E-14,2.03E-16,3.40E-22,1.13E-26,1.29E-27,7.24E-24,1.25E-18,1.83E-16,5.38E-19,1.19E-23,3.46E-26,9.76E-25,7.62E-21,3.19E-18,4.98E-19,9.32E-22,6.14E-23,5.70E-21,5.15E-17,5.86E-17,8.47E-22,2.86E-28,1.22E-31,2.23E-29,1.02E-23,4.99E-17,2.38E-17,2.67E-22,1.26E-27,8.17E-29,5.59E-25,3.66E-19,3.51E-16,4.67E-18,1.12E-22,1.08E-25,2.19E-24,2.60E-19,7.19E-18,3.03E-19,2.22E-21,1.38E-20,8.76E-18,4.75E-14,1.21E-13,5.06E-18,3.00E-20,1.86E-24,3.48E-24,1.14E-19,2.47E-14,1.34E-13,5.90E-18,5.26E-24,6.01E-27,1.94E-24,6.64E-19,3.72E-15,7.63E-16,1.06E-19,8.35E-23,3.42E-21,4.98E-18,1.04E-16,1.89E-18,1.54E-21,2.95E-22,2.68E-19,9.13E-15,1.69E-12,2.03E-14,2.28E-18,3.29E-20,4.42E-16,3.58E-09,0.016519738,0.983467638,1.27E-05
Head 3,434,6.43E-19,2.71E-21,3.86E-27,4.46E-31,6.90E-31,5.73E-27,2.29E-22,2.05E-19,8.36E-23,2.39E-27,5.72E-29,9.53E-27,5.63E-23,1.99E-21,1.75E-23,5.77E-27,5.48E-28,4.79E-25,1.08E-21,2.69E-21,3.11E-25,4.78E-30,5.64E-32,5.24E-29,4.24E-23,3.75E-19,9.69E-20,1.39E-26,1.12E-31,1.21E-31,1.60E-26,9.02E-21,5.96E-19,5.10E-22,6.63E-27,1.22E-27,1.08E-25,1.62E-23,3.75E-22,1.54E-24,1.59E-28,3.22E-30,1.01E-27,2.77E-23,6.82E-21,1.47E-22,1.41E-25,8.08E-27,6.88E-24,2.19E-17,1.90E-14,1.83E-16,2.90E-21,1.63E-26,7.77E-28,3.78E-24,5.51E-19,8.07E-17,2.97E-19,9.02E-24,2.32E-26,6.28E-25,4.29E-21,1.82E-18,2.73E-19,5.43E-22,2.67E-25,3.60E-21,4.35E-17,5.62E-17,1.04E-21,3.17E-28,1.50E-31,2.37E-29,5.43E-21,9.62E-17,2.57E-17,2.81E-22,1.27E-27,5.08E-29,2.94E-25,1.81E-19,2.39E-16,3.78E-18,9.11E-23,1.08E-25,1.03E-22,2.05E-19,6.70E-18,2.89E-19,6.11E-19,5.74E-21,1.20E-17,7.22E-14,1.61E-13,7.63E-15,4.08E-20,2.08E-24,1.08E-25,6.34E-20,1.51E-14,9.57E-14,1.20E-17,6.77E-24,7.78E-27,2.13E-24,5.87E-19,3.54E-15,8.31E-16,1.45E-19,5.09E-23,2.88E-21,3.32E-18,7.06E-17,8.37E-19,9.36E-22,2.02E-22,2.04E-19,7.61E-15,1.45E-12,2.37E-14,1.07E-18,1.10E-18,5.24E-16,5.15E-09,0.063175566,0.936814368,1.01E-05
Head 3,435,3.73E-19,1.77E-21,2.39E-26,3.57E-31,1.92E-31,6.21E-27,8.06E-21,1.42E-19,8.68E-23,3.27E-27,5.68E-29,1.01E-26,4.81E-23,1.57E-21,1.76E-23,7.48E-28,6.42E-28,1.16E-25,1.01E-21,4.12E-22,3.04E-25,4.68E-30,3.28E-32,3.00E-29,3.20E-23,2.60E-17,1.12E-20,1.79E-26,1.93E-31,2.34E-31,1.97E-26,8.62E-21,6.86E-19,6.16E-22,2.31E-26,2.21E-27,1.34E-25,1.60E-23,3.50E-22,1.51E-24,1.68E-28,4.40E-30,1.11E-27,2.72E-23,7.65E-21,3.90E-22,2.47E-25,1.08E-26,5.10E-23,1.54E-17,2.37E-14,1.17E-15,9.18E-21,2.26E-26,1.06E-27,3.78E-24,4.39E-19,6.44E-17,2.96E-19,1.09E-23,3.14E-26,4.77E-25,5.08E-21,2.01E-18,3.22E-19,2.34E-26,2.80E-25,4.41E-21,5.22E-17,8.28E-17,1.57E-21,6.56E-28,3.09E-31,2.59E-25,1.99E-20,1.40E-16,3.76E-17,4.62E-22,1.84E-27,6.19E-29,3.30E-25,2.17E-19,2.80E-16,4.27E-18,1.45E-22,9.35E-25,9.40E-23,2.11E-19,6.63E-18,1.89E-16,4.47E-21,8.43E-21,1.81E-17,9.79E-14,1.71E-12,1.27E-14,7.40E-20,2.28E-27,1.10E-25,5.14E-20,1.07E-14,2.51E-13,1.18E-17,1.07E-23,1.39E-26,3.96E-24,8.37E-19,4.60E-15,1.30E-15,1.37E-21,6.17E-23,2.97E-21,3.67E-18,5.65E-17,8.29E-19,1.08E-21,2.46E-22,2.41E-19,7.47E-15,1.89E-12,1.08E-14,2.63E-16,1.99E-18,1.04E-15,1.29E-08,0.064162903,0.935822308,1.48E-05
Head 3,436,4.02E-19,1.33E-20,1.54E-26,9.28E-32,3.82E-31,7.64E-26,9.65E-21,1.92E-19,1.25E-22,4.24E-27,8.53E-29,1.24E-26,5.43E-23,2.09E-21,5.01E-25,1.13E-27,2.96E-29,1.61E-25,4.14E-23,5.28E-22,3.22E-25,3.40E-30,2.45E-32,3.51E-29,1.44E-20,5.13E-19,1.10E-20,2.45E-26,3.12E-31,3.11E-31,2.18E-26,1.16E-20,8.71E-19,1.13E-22,4.13E-26,3.31E-27,6.50E-27,1.77E-23,4.27E-22,1.76E-24,2.40E-28,5.51E-30,1.44E-27,3.68E-23,1.45E-20,5.48E-22,2.65E-25,1.38E-26,4.98E-23,2.13E-17,1.96E-14,3.41E-15,1.02E-20,2.96E-26,1.34E-27,4.69E-24,5.56E-19,7.82E-17,3.93E-19,1.46E-23,1.02E-26,5.85E-25,6.02E-21,2.27E-18,1.24E-24,2.03E-26,3.38E-25,5.40E-21,6.99E-17,9.32E-17,2.03E-21,8.86E-28,4.08E-26,8.77E-25,2.84E-20,1.80E-16,4.76E-17,5.54E-22,1.98E-27,6.87E-29,4.54E-25,3.04E-19,3.50E-16,6.42E-18,1.72E-23,8.98E-25,1.22E-22,2.84E-19,1.77E-16,5.95E-19,5.94E-21,1.24E-20,2.74E-17,2.03E-14,2.42E-12,1.85E-14,7.64E-24,3.12E-27,1.43E-25,6.58E-20,2.07E-14,2.54E-13,1.39E-17,1.39E-23,2.23E-26,5.45E-24,1.13E-18,6.59E-15,1.21E-18,1.41E-21,5.95E-23,3.77E-21,4.03E-18,6.51E-17,1.01E-18,1.36E-21,3.25E-22,2.88E-19,1.22E-14,1.08E-12,1.25E-12,3.98E-16,3.17E-18,3.39E-16,1.39E-08,0.062977709,0.937006414,1.59E-05
Head 3,437,1.31E-18,6.67E-21,1.94E-27,2.03E-31,1.61E-30,8.13E-26,1.14E-20,2.30E-19,1.50E-22,5.66E-27,9.65E-29,1.34E-26,7.21E-23,1.95E-22,8.54E-25,2.22E-29,3.74E-29,7.34E-27,5.19E-23,5.34E-22,2.46E-25,2.43E-30,2.72E-32,8.26E-27,7.20E-23,3.91E-19,1.32E-20,3.12E-26,3.62E-31,2.96E-31,2.64E-26,1.34E-20,5.49E-20,1.55E-22,5.35E-26,1.24E-28,6.10E-27,2.07E-23,4.87E-22,2.32E-24,2.87E-28,7.26E-30,2.03E-27,1.52E-22,1.87E-20,6.08E-22,1.26E-25,1.80E-26,6.23E-23,3.16E-18,5.01E-14,3.52E-15,1.26E-20,3.76E-26,1.68E-27,6.54E-24,7.41E-19,1.07E-16,5.30E-19,2.86E-24,1.23E-26,6.70E-25,6.34E-21,5.86E-23,8.04E-25,1.96E-26,3.33E-25,6.04E-21,6.68E-17,9.97E-17,2.29E-21,2.02E-22,1.26E-25,1.28E-24,3.43E-20,2.23E-16,5.81E-17,6.75E-22,2.10E-27,8.78E-29,5.93E-25,3.82E-19,5.00E-16,3.02E-20,1.24E-23,9.42E-25,1.56E-22,7.35E-20,1.36E-17,6.79E-19,7.52E-21,1.55E-20,5.27E-18,2.73E-14,3.29E-12,4.38E-18,9.52E-24,3.59E-27,1.73E-25,4.57E-20,2.07E-14,2.51E-13,1.61E-17,1.79E-23,2.64E-26,6.54E-24,1.22E-18,1.60E-17,1.03E-18,1.05E-21,6.21E-23,3.96E-21,4.66E-18,7.83E-17,1.22E-18,1.67E-21,3.64E-22,4.49E-19,1.57E-14,1.25E-11,2.03E-12,6.27E-16,8.13E-20,3.82E-16,1.46E-08,0.06384512,0.936137974,1.69E-05
Head 3,438,5.21E-19,7.47E-22,4.02E-27,9.27E-31,1.45E-30,9.96E-26,1.51E-20,2.68E-19,1.63E-22,4.82E-27,6.88E-29,1.11E-26,1.08E-22,3.02E-22,3.08E-26,2.07E-29,1.42E-29,6.01E-27,3.78E-23,3.36E-22,1.46E-25,2.23E-30,6.05E-31,6.90E-29,4.26E-23,3.86E-19,1.21E-20,2.68E-26,2.58E-31,2.74E-31,2.46E-26,2.85E-21,6.00E-20,1.68E-22,1.99E-26,7.74E-29,5.36E-27,2.03E-23,5.66E-22,2.47E-24,3.16E-28,8.31E-30,2.25E-26,1.44E-22,1.64E-20,9.32E-22,1.81E-25,1.84E-26,9.80E-24,5.94E-18,4.55E-14,3.68E-15,1.35E-20,3.72E-26,2.05E-27,8.68E-24,8.81E-19,1.31E-16,1.26E-19,3.32E-24,1.31E-26,6.95E-25,1.57E-23,4.60E-23,9.47E-25,2.21E-26,4.20E-25,5.97E-21,7.06E-17,1.07E-16,2.71E-17,4.56E-22,1.65E-25,1.29E-24,3.69E-20,2.11E-16,6.25E-17,5.63E-22,2.09E-27,9.43E-29,7.03E-25,5.05E-19,2.27E-18,2.11E-20,1.11E-23,9.93E-25,3.57E-24,3.57E-19,1.08E-17,6.14E-19,5.97E-21,6.72E-20,3.88E-18,2.05E-14,3.44E-14,5.04E-18,9.71E-24,3.90E-27,9.43E-26,4.22E-20,1.59E-14,2.16E-13,1.28E-17,1.54E-23,2.62E-26,5.74E-24,3.84E-20,1.29E-17,6.30E-19,8.11E-22,4.61E-23,3.50E-21,4.43E-18,8.12E-17,1.33E-18,1.68E-21,4.63E-22,1.88E-18,1.40E-14,1.54E-11,2.37E-12,2.87E-18,7.53E-20,3.48E-16,1.40E-08,0.063040413,0.936937988,2.16E-05
Head 3,439,1.50E-19,1.39E-21,3.11E-26,6.23E-31,1.65E-30,1.42E-25,1.65E-20,2.85E-19,1.52E-22,3.77E-27,6.12E-29,2.29E-25,2.01E-22,6.54E-23,3.29E-26,2.54E-28,1.46E-29,5.56E-27,2.86E-23,2.14E-22,1.30E-25,5.32E-30,5.41E-32,4.35E-29,4.45E-23,3.43E-19,9.49E-21,1.90E-26,2.29E-31,2.54E-31,3.96E-26,2.65E-21,5.99E-20,1.04E-21,1.20E-26,6.52E-29,5.22E-27,2.35E-23,6.14E-22,2.88E-24,4.22E-28,2.35E-28,2.46E-26,1.33E-22,6.54E-19,1.49E-21,1.70E-25,1.50E-26,1.49E-23,5.32E-18,4.43E-14,3.53E-15,1.17E-20,4.38E-26,3.08E-27,1.04E-23,1.16E-18,7.38E-17,1.67E-19,3.67E-24,1.36E-26,4.11E-26,9.36E-24,4.17E-23,8.70E-25,2.53E-26,3.75E-25,5.78E-21,6.52E-17,6.84E-15,4.28E-17,5.59E-22,1.70E-25,1.53E-24,3.17E-20,2.14E-16,4.98E-17,5.30E-22,2.07E-27,1.01E-28,7.86E-25,1.65E-20,1.46E-18,1.76E-20,1.16E-23,1.60E-25,1.32E-22,2.60E-19,9.19E-18,4.43E-19,1.22E-18,5.19E-20,2.97E-18,3.56E-14,3.23E-14,4.05E-18,8.96E-24,6.52E-27,1.16E-25,4.04E-20,1.46E-14,1.55E-13,9.68E-18,1.28E-23,1.94E-26,4.94E-25,2.65E-20,6.88E-18,4.55E-19,5.50E-22,3.93E-23,3.04E-21,4.04E-18,7.90E-17,1.29E-18,2.15E-21,8.43E-21,1.04E-18,1.96E-14,1.90E-11,2.06E-14,2.33E-18,6.16E-20,3.20E-16,1.32E-08,0.056677014,0.943303585,1.94E-05
Head 3,440,3.99E-19,1.65E-20,2.44E-26,9.52E-31,3.43E-30,1.98E-25,2.51E-20,3.83E-19,1.77E-22,4.98E-27,1.73E-27,7.11E-25,2.07E-22,1.09E-22,3.34E-24,4.19E-28,2.40E-29,7.92E-27,3.32E-23,2.80E-22,2.67E-25,7.16E-30,4.85E-32,6.76E-29,6.34E-23,3.96E-19,1.08E-20,2.40E-26,3.04E-31,1.41E-30,4.46E-26,3.30E-21,1.28E-18,9.25E-22,1.40E-26,8.99E-29,8.46E-27,3.38E-23,9.05E-22,4.84E-24,1.25E-26,3.81E-28,3.25E-26,9.51E-20,1.51E-18,1.86E-21,5.31E-25,2.21E-26,1.76E-23,6.89E-18,5.20E-14,3.66E-15,1.55E-20,7.68E-26,4.45E-27,1.74E-23,1.54E-18,1.35E-16,2.56E-19,5.67E-24,1.14E-27,3.09E-26,9.91E-24,4.22E-23,1.07E-24,2.46E-26,4.32E-25,6.73E-21,1.25E-16,1.08E-14,5.95E-17,6.97E-22,2.52E-25,1.56E-24,3.89E-20,2.44E-16,6.97E-17,7.32E-22,2.77E-27,1.40E-28,1.66E-25,1.49E-20,1.57E-18,2.44E-20,2.05E-22,1.29E-24,1.51E-22,3.44E-19,1.02E-17,2.69E-16,1.49E-18,6.84E-20,2.14E-16,4.92E-14,3.57E-14,4.80E-18,8.28E-23,1.21E-26,1.77E-25,5.85E-20,1.84E-14,1.87E-13,1.15E-17,1.46E-23,5.22E-28,4.47E-25,1.82E-20,6.44E-18,3.83E-19,6.29E-22,4.81E-23,3.78E-21,5.25E-18,9.73E-17,2.00E-18,7.77E-20,2.49E-20,2.36E-18,4.08E-14,2.57E-12,2.08E-14,2.22E-18,6.66E-20,3.69E-16,1.53E-08,0.062989689,0.936995029,1.53E-05
Head 3,441,1.40E-18,7.90E-21,2.44E-26,1.29E-30,3.27E-30,2.51E-25,2.58E-20,3.55E-19,1.62E-22,5.86E-27,2.93E-27,3.25E-25,2.21E-22,1.91E-21,3.27E-24,4.25E-28,2.27E-29,6.82E-27,2.86E-23,1.96E-21,4.08E-25,4.38E-30,5.13E-32,7.39E-29,5.34E-23,3.67E-19,1.06E-20,2.37E-26,9.47E-31,1.12E-30,4.02E-26,1.42E-20,9.84E-19,8.13E-22,1.38E-26,9.67E-29,8.02E-27,3.47E-23,1.07E-21,4.45E-23,1.56E-26,3.51E-28,7.33E-24,1.47E-19,1.48E-18,1.33E-21,4.72E-25,2.22E-26,1.96E-23,6.68E-18,4.80E-14,3.79E-15,1.84E-20,7.85E-26,4.65E-27,1.28E-23,1.76E-18,1.46E-16,3.07E-19,3.83E-26,6.87E-28,2.61E-26,8.37E-24,4.38E-23,9.19E-25,2.53E-26,4.58E-25,1.77E-20,1.59E-16,1.29E-14,6.62E-17,8.46E-22,2.09E-25,1.32E-24,3.41E-20,2.87E-16,7.86E-17,7.11E-22,2.82E-27,1.20E-29,1.32E-25,1.38E-20,1.85E-18,9.99E-18,1.72E-23,1.00E-24,1.25E-22,2.63E-19,1.80E-16,2.39E-16,1.47E-18,3.05E-18,2.19E-16,4.23E-14,3.34E-14,5.14E-17,1.11E-22,1.25E-26,1.68E-25,5.55E-20,1.55E-14,1.53E-13,1.11E-17,2.23E-26,3.66E-28,2.49E-25,1.41E-20,4.57E-18,3.61E-19,6.10E-22,4.34E-23,3.55E-21,4.70E-18,1.12E-16,2.35E-17,1.31E-18,4.66E-20,4.38E-18,4.60E-14,2.18E-12,1.54E-14,1.94E-18,6.86E-20,4.36E-16,1.73E-08,0.080796525,0.919184566,1.89E-05
Head 3,442,9.26E-19,9.65E-21,3.44E-26,1.45E-30,5.37E-30,3.06E-25,3.22E-20,4.19E-19,9.64E-24,1.17E-26,5.86E-28,4.98E-25,1.92E-22,2.15E-21,3.69E-24,4.63E-28,2.69E-29,7.26E-27,1.46E-21,5.61E-22,2.93E-25,5.32E-30,7.08E-32,7.77E-29,6.41E-23,4.69E-19,1.21E-20,7.23E-26,8.04E-31,1.16E-30,2.59E-26,1.56E-20,1.03E-18,9.23E-22,1.60E-26,1.03E-28,9.54E-27,4.54E-23,5.90E-21,6.22E-23,1.66E-26,1.42E-27,1.30E-23,1.91E-19,4.76E-20,9.22E-22,4.72E-25,2.40E-26,1.88E-23,6.70E-18,4.92E-14,3.91E-15,1.97E-20,8.28E-26,1.90E-27,1.54E-23,2.22E-18,2.07E-16,4.39E-22,3.09E-26,7.55E-28,2.74E-26,9.84E-24,4.32E-23,1.06E-24,3.10E-26,1.10E-22,2.39E-20,1.83E-16,1.30E-14,6.65E-17,6.90E-22,1.59E-25,1.10E-24,4.16E-20,3.39E-16,7.59E-17,7.61E-22,2.80E-29,1.17E-29,1.41E-25,1.85E-20,1.02E-15,3.81E-20,1.74E-23,1.10E-24,1.44E-22,6.72E-20,1.82E-16,2.59E-16,6.14E-18,3.93E-18,2.47E-16,5.06E-14,1.49E-13,7.46E-17,1.19E-22,1.47E-26,2.23E-25,6.77E-20,1.77E-14,2.04E-13,7.98E-21,2.08E-26,2.59E-28,2.10E-25,1.10E-20,4.60E-18,3.89E-19,6.30E-22,4.59E-23,3.50E-21,5.67E-18,2.37E-16,9.52E-16,2.35E-18,9.28E-20,9.54E-18,4.40E-14,1.43E-12,1.15E-14,1.79E-18,7.11E-20,4.17E-16,2.06E-08,0.072632015,0.927352905,1.51E-05
Head 3,443,9.38E-19,1.04E-20,3.41E-26,2.02E-30,5.55E-30,3.50E-25,3.49E-20,4.32E-21,1.38E-23,8.19E-28,7.35E-28,2.58E-26,1.78E-22,2.00E-21,3.06E-24,4.84E-28,2.50E-29,2.67E-25,3.91E-23,3.91E-22,3.24E-25,6.51E-30,6.47E-32,7.75E-29,7.77E-23,4.91E-19,1.36E-19,6.52E-26,8.32E-31,2.48E-31,3.15E-26,1.56E-20,1.14E-18,1.00E-21,1.64E-26,1.15E-28,1.13E-26,2.83E-22,7.64E-21,6.75E-23,4.10E-28,1.93E-27,1.52E-23,4.07E-22,2.79E-20,9.61E-22,5.10E-25,2.44E-26,2.08E-23,7.48E-18,5.28E-14,4.74E-15,2.21E-20,1.86E-26,2.05E-27,1.71E-23,2.60E-18,5.51E-19,3.67E-22,3.40E-26,7.67E-28,3.00E-26,9.82E-24,5.14E-23,1.37E-24,1.59E-21,1.96E-22,3.17E-20,1.98E-16,1.41E-14,7.24E-17,6.75E-22,1.48E-25,1.41E-24,5.18E-20,3.57E-16,9.30E-17,1.14E-24,2.59E-29,1.16E-29,1.74E-25,1.10E-18,3.32E-18,3.96E-20,1.88E-23,1.24E-24,4.46E-24,7.17E-20,1.96E-16,9.48E-17,7.07E-18,4.11E-18,2.74E-16,4.54E-14,2.08E-13,7.27E-17,1.44E-22,1.66E-26,2.45E-25,6.91E-20,1.98E-14,1.05E-15,8.92E-21,1.84E-26,2.27E-28,1.73E-25,1.13E-20,5.11E-18,4.34E-19,6.61E-22,4.30E-23,3.71E-21,2.47E-18,3.68E-15,1.46E-15,4.48E-18,5.27E-20,9.73E-18,2.49E-14,9.38E-13,1.11E-14,1.87E-18,7.11E-20,5.24E-16,2.28E-08,0.084574878,0.915408254,1.69E-05
Head 3,444,1.22E-18,1.51E-20,1.56E-25,1.69E-29,3.61E-29,4.37E-25,1.19E-22,1.94E-22,2.48E-26,6.19E-29,1.62E-29,1.40E-26,5.34E-23,2.27E-22,5.19E-25,2.98E-28,3.01E-28,1.60E-25,1.83E-21,3.55E-20,3.76E-23,7.11E-28,6.75E-30,5.03E-27,9.73E-22,2.38E-16,5.30E-19,7.67E-25,2.47E-30,2.83E-30,7.22E-26,6.50E-21,1.73E-19,2.55E-22,2.68E-26,1.31E-27,3.32E-24,5.30E-21,5.78E-20,5.62E-25,1.95E-27,1.21E-26,4.97E-24,2.80E-20,2.68E-18,6.09E-20,2.37E-23,7.77E-25,2.92E-22,2.99E-17,8.09E-14,5.77E-15,8.14E-21,7.45E-26,7.21E-27,1.64E-23,9.20E-21,1.06E-20,9.62E-24,3.73E-27,5.91E-28,7.01E-26,2.57E-23,6.47E-23,3.57E-19,1.60E-21,2.16E-22,4.44E-20,3.06E-16,1.92E-14,9.36E-17,1.17E-21,5.47E-25,6.65E-24,2.13E-19,1.71E-15,7.44E-18,6.65E-22,1.25E-25,1.23E-25,2.45E-22,5.58E-18,6.55E-17,2.56E-19,1.45E-22,4.86E-24,1.08E-22,5.53E-19,4.18E-17,1.10E-17,2.65E-19,1.61E-19,2.01E-17,2.67E-14,2.11E-13,2.06E-16,5.72E-22,8.99E-26,8.14E-25,8.88E-20,5.64E-15,3.25E-15,1.50E-19,2.22E-24,7.13E-26,3.19E-23,3.15E-19,2.26E-17,8.98E-19,2.63E-21,7.45E-22,5.90E-20,1.88E-16,5.29E-14,9.63E-15,8.57E-19,2.15E-19,5.04E-17,4.30E-13,7.56E-11,2.12E-12,5.72E-16,1.73E-17,3.05E-14,1.78E-07,0.110166937,0.889746487,8.64E-05
Head 3,445,4.49E-19,6.73E-21,7.74E-26,8.40E-30,1.77E-29,2.93E-26,5.87E-23,1.18E-23,1.49E-26,5.91E-29,1.07E-29,7.64E-27,1.63E-23,8.57E-23,2.96E-25,2.28E-29,6.49E-29,7.43E-26,1.02E-21,1.72E-20,1.42E-23,2.99E-28,4.17E-30,2.16E-27,3.82E-19,1.51E-16,3.27E-19,7.18E-26,1.73E-30,1.63E-30,4.18E-26,3.89E-21,9.92E-20,1.61E-22,1.82E-26,1.75E-26,1.92E-24,2.49E-21,2.70E-22,2.77E-25,1.02E-27,8.86E-27,1.93E-24,1.53E-20,1.37E-18,3.53E-20,1.55E-23,5.70E-25,2.06E-22,1.83E-17,5.25E-14,9.20E-16,5.75E-21,4.41E-26,3.55E-27,2.48E-24,3.31E-21,4.45E-21,4.19E-24,1.90E-27,3.09E-28,3.91E-26,1.40E-23,2.22E-18,4.15E-19,1.15E-21,1.24E-22,2.70E-20,1.85E-16,1.24E-14,5.75E-17,8.29E-22,4.06E-25,4.67E-24,1.42E-19,1.28E-17,4.32E-18,4.30E-22,8.62E-26,3.51E-26,2.70E-22,2.85E-18,3.61E-17,1.63E-19,1.31E-21,3.84E-24,7.46E-23,5.73E-19,2.64E-17,6.60E-18,1.66E-19,1.93E-19,1.71E-17,1.68E-14,1.58E-13,1.06E-16,3.54E-22,5.36E-26,4.02E-25,2.35E-19,3.63E-15,2.53E-15,1.11E-19,1.37E-24,4.42E-26,1.84E-23,1.85E-19,1.27E-17,5.01E-19,1.72E-21,4.44E-22,2.07E-20,1.37E-16,4.24E-14,1.51E-16,4.77E-19,6.30E-20,1.58E-17,2.62E-13,5.02E-11,1.45E-12,3.91E-16,1.10E-17,1.84E-14,9.60E-08,0.068551555,0.931383491,6.48E-05
Head 3,446,9.06E-19,1.48E-20,1.55E-25,2.01E-29,1.90E-29,7.68E-26,3.22E-23,3.03E-23,1.19E-24,1.27E-28,1.83E-29,7.25E-27,1.68E-23,1.50E-22,1.54E-26,3.95E-28,8.74E-29,1.25E-25,1.72E-21,2.72E-20,2.96E-23,1.09E-27,1.26E-29,5.05E-24,1.34E-18,3.00E-16,4.13E-20,1.15E-25,2.79E-30,2.94E-30,8.55E-26,6.53E-21,1.56E-19,2.46E-22,5.59E-25,3.34E-26,3.81E-24,3.84E-21,7.73E-22,8.70E-25,2.54E-25,2.14E-26,4.39E-24,2.96E-20,2.59E-18,6.77E-20,3.29E-23,1.20E-24,3.19E-22,2.85E-17,2.57E-14,1.49E-15,8.78E-21,8.03E-26,5.40E-27,6.83E-24,1.06E-20,1.26E-20,1.09E-23,4.22E-27,6.89E-28,8.81E-26,3.62E-20,1.37E-17,1.33E-18,2.61E-21,2.69E-22,4.49E-20,2.90E-16,1.80E-14,8.58E-17,1.32E-21,6.29E-25,6.63E-24,1.70E-21,1.34E-17,4.80E-18,5.26E-22,6.65E-25,1.22E-25,5.48E-22,6.15E-18,7.34E-17,5.81E-17,2.54E-21,6.22E-24,1.39E-21,6.54E-19,2.98E-17,7.48E-18,1.02E-18,1.94E-19,1.23E-17,1.27E-14,9.25E-14,9.29E-17,4.27E-22,8.14E-26,4.87E-24,6.63E-19,1.11E-14,6.11E-15,1.76E-19,2.03E-24,6.79E-26,3.09E-23,2.99E-19,1.73E-17,6.78E-19,5.52E-21,3.38E-22,3.12E-20,2.49E-16,5.90E-15,2.81E-16,5.05E-19,5.47E-20,2.28E-17,3.84E-13,6.78E-11,2.17E-12,6.02E-16,1.93E-17,3.00E-14,1.34E-07,0.035877332,0.964065731,5.68E-05
Head 3,447,1.86E-18,2.55E-20,3.32E-25,1.42E-29,5.11E-29,2.61E-26,6.94E-23,9.98E-21,2.76E-24,2.47E-28,2.29E-29,8.30E-27,3.35E-23,3.34E-23,1.96E-24,6.56E-28,1.86E-28,2.53E-25,2.76E-21,4.64E-20,7.45E-23,2.51E-27,2.86E-27,1.87E-23,2.87E-18,6.15E-18,5.91E-20,2.09E-25,5.88E-30,7.56E-30,1.75E-25,1.28E-20,2.73E-19,3.90E-21,1.14E-24,6.20E-26,1.17E-22,8.57E-21,1.73E-21,1.07E-21,7.48E-25,5.05E-26,9.99E-24,5.92E-20,5.14E-18,1.46E-19,7.35E-23,2.22E-24,6.47E-22,1.51E-17,4.66E-14,2.35E-15,1.65E-20,2.51E-26,1.11E-26,1.67E-23,2.41E-20,2.89E-20,2.31E-23,9.60E-27,1.57E-27,1.14E-23,2.12E-19,3.82E-17,2.79E-18,5.86E-21,4.72E-22,7.41E-20,4.93E-16,3.06E-14,1.57E-16,2.45E-21,1.19E-24,1.40E-26,2.31E-21,1.93E-17,7.20E-18,5.60E-20,2.11E-25,2.45E-25,1.11E-21,1.23E-17,1.85E-14,1.23E-16,5.39E-21,2.09E-22,2.32E-21,9.39E-19,4.34E-17,9.35E-17,1.61E-18,2.62E-19,1.60E-17,1.29E-14,1.02E-13,1.15E-16,7.10E-22,1.60E-25,1.07E-23,1.69E-18,2.79E-14,1.10E-14,2.99E-19,3.79E-24,1.33E-25,6.07E-23,4.84E-19,2.90E-17,4.19E-18,1.81E-20,6.89E-22,6.60E-20,2.43E-16,9.81E-15,3.47E-16,5.43E-19,9.90E-20,4.75E-17,6.53E-13,1.26E-10,3.44E-12,1.10E-15,3.61E-17,5.21E-14,3.42E-08,0.052943509,0.947001457,5.51E-05
Head 3,448,2.21E-18,3.60E-20,6.17E-26,2.82E-29,3.83E-30,3.81E-26,7.81E-21,1.60E-20,3.47E-24,2.33E-28,1.76E-29,1.07E-26,1.07E-22,1.11E-21,1.89E-24,9.25E-28,2.72E-28,3.17E-25,3.45E-21,7.27E-20,1.02E-22,2.86E-26,7.13E-27,3.18E-23,7.69E-21,5.76E-18,7.71E-20,2.76E-25,8.82E-30,9.80E-30,2.63E-25,1.81E-20,1.65E-18,5.69E-21,1.39E-24,1.46E-24,2.03E-22,1.27E-20,2.24E-19,2.06E-21,1.04E-24,7.64E-26,1.30E-23,8.40E-20,7.45E-18,1.97E-19,9.24E-23,3.15E-24,1.44E-22,2.16E-17,6.21E-14,3.52E-15,6.64E-22,2.63E-26,1.44E-26,2.12E-23,3.31E-20,3.70E-20,3.15E-23,1.34E-26,1.20E-25,4.00E-23,3.78E-19,5.33E-17,4.19E-18,6.91E-21,5.17E-22,9.29E-20,6.73E-16,4.31E-14,2.06E-16,3.21E-21,9.66E-29,1.50E-26,2.93E-21,2.76E-17,1.48E-15,1.18E-21,2.95E-25,3.47E-25,1.75E-21,1.56E-16,2.84E-14,1.94E-16,2.77E-20,3.54E-22,3.01E-21,1.25E-18,1.46E-16,1.26E-16,1.95E-18,3.31E-19,1.93E-17,1.51E-14,1.17E-13,1.67E-16,2.14E-22,1.94E-25,1.47E-23,2.91E-18,4.16E-14,1.51E-14,4.26E-19,5.07E-24,1.87E-25,7.63E-23,7.01E-19,9.49E-17,3.31E-17,3.29E-20,1.20E-21,1.70E-19,3.10E-16,1.05E-14,3.13E-16,7.08E-19,1.63E-19,6.85E-17,1.22E-12,1.90E-10,5.07E-12,1.54E-15,4.94E-17,1.32E-14,5.33E-08,0.059145298,0.940776348,7.84E-05
Head 3,449,1.92E-18,3.56E-21,9.08E-26,6.57E-31,3.23E-30,4.08E-25,6.73E-21,1.17E-20,2.45E-24,1.35E-28,1.45E-29,2.05E-25,1.26E-22,6.03E-22,1.87E-24,9.91E-28,2.57E-28,2.70E-25,3.39E-21,6.39E-20,3.17E-22,4.13E-26,7.57E-27,5.03E-26,4.04E-21,4.68E-18,6.53E-20,2.64E-25,8.02E-30,1.06E-29,2.64E-25,7.30E-20,1.60E-18,5.00E-21,1.92E-24,1.80E-24,1.77E-22,1.86E-20,2.45E-19,1.82E-21,1.09E-24,6.68E-26,1.25E-23,7.84E-20,6.21E-18,1.76E-19,9.25E-23,3.06E-25,1.36E-22,1.97E-17,6.41E-14,1.04E-16,4.41E-22,2.27E-26,1.13E-26,1.73E-23,2.42E-20,2.93E-20,2.69E-23,5.47E-24,2.71E-25,4.50E-23,3.17E-19,4.91E-17,3.23E-18,5.11E-21,4.18E-22,8.52E-20,6.30E-16,4.00E-14,2.12E-16,5.28E-26,7.74E-29,1.36E-26,3.08E-21,2.81E-15,1.04E-17,1.19E-21,3.00E-25,3.69E-25,1.34E-21,1.56E-16,2.98E-14,7.54E-17,3.68E-20,3.37E-22,2.94E-21,3.71E-19,1.42E-16,1.06E-16,1.90E-18,3.18E-19,1.76E-17,1.30E-14,1.24E-13,5.28E-17,1.79E-22,1.56E-25,1.42E-23,2.66E-18,3.62E-14,1.47E-14,4.04E-19,5.15E-24,1.71E-25,7.61E-23,5.53E-19,5.64E-16,4.69E-17,4.71E-20,1.83E-21,1.57E-19,2.42E-16,7.36E-15,2.85E-16,7.95E-19,1.68E-19,9.53E-17,1.47E-12,1.91E-10,4.99E-12,1.52E-15,2.97E-17,1.40E-14,4.41E-08,0.041053038,0.958862305,8.46E-05
Head 3,450,5.46E-19,6.76E-21,4.10E-27,6.33E-31,1.28E-29,3.94E-25,5.91E-21,1.02E-20,1.73E-24,1.11E-28,2.09E-28,2.53E-26,6.09E-23,5.70E-22,1.78E-24,8.56E-28,2.10E-28,2.70E-25,3.08E-21,6.60E-19,4.10E-22,4.27E-26,8.66E-29,2.60E-26,3.43E-21,4.07E-18,5.92E-20,2.31E-25,7.96E-30,1.08E-29,2.33E-24,7.15E-20,1.41E-18,5.03E-22,2.67E-24,1.66E-24,1.15E-23,1.63E-20,2.06E-19,1.74E-21,8.80E-25,6.08E-26,1.16E-23,6.58E-20,5.29E-18,1.55E-19,8.72E-24,2.43E-25,1.11E-22,1.79E-17,9.85E-15,6.68E-17,3.67E-22,1.70E-26,9.50E-27,1.32E-23,2.02E-20,2.62E-20,5.24E-20,1.01E-23,2.77E-25,3.61E-23,2.86E-19,3.57E-17,2.28E-18,3.53E-21,3.45E-22,7.30E-20,5.44E-16,3.64E-14,1.91E-20,3.63E-26,5.87E-29,1.28E-26,3.29E-19,2.57E-17,9.56E-18,1.11E-21,2.76E-25,2.54E-25,1.18E-21,1.44E-16,4.20E-15,1.08E-16,3.74E-20,3.59E-22,2.45E-22,4.20E-19,1.20E-16,1.03E-16,1.63E-18,2.88E-19,1.60E-17,1.32E-14,1.76E-13,4.33E-17,1.21E-22,1.21E-25,1.15E-23,2.28E-18,3.45E-14,1.33E-14,3.64E-19,4.31E-24,1.50E-25,2.67E-23,1.78E-18,7.44E-16,6.67E-17,1.97E-20,1.64E-21,1.15E-19,1.74E-16,6.28E-15,2.61E-16,7.05E-19,2.03E-19,1.22E-16,1.39E-12,1.85E-10,4.48E-12,2.48E-15,2.45E-17,1.14E-14,3.24E-08,0.038893327,0.961027265,7.94E-05
Head 3,451,1.61E-18,2.22E-21,6.74E-27,5.23E-30,2.21E-29,6.42E-25,8.66E-21,1.24E-20,2.08E-24,1.54E-28,4.47E-29,1.59E-26,7.32E-23,6.60E-22,1.85E-24,8.99E-28,2.72E-28,3.05E-25,1.98E-19,9.66E-19,5.64E-22,8.17E-27,6.96E-29,3.24E-26,4.18E-21,5.09E-18,7.15E-20,2.97E-25,1.17E-29,3.51E-28,3.13E-24,7.68E-20,1.09E-19,8.98E-22,3.24E-24,1.19E-25,1.19E-23,2.03E-20,2.85E-19,2.24E-21,1.24E-24,8.72E-26,1.51E-23,7.27E-20,5.99E-18,4.09E-20,9.93E-24,2.73E-25,1.22E-22,1.65E-17,7.96E-15,6.78E-17,3.64E-22,2.16E-26,1.16E-26,1.84E-23,3.05E-20,3.08E-17,1.23E-19,1.52E-23,3.59E-25,5.32E-23,3.20E-19,4.08E-17,2.45E-18,4.59E-21,4.41E-22,8.59E-20,6.11E-16,2.46E-16,1.78E-20,3.82E-26,7.43E-29,1.22E-23,3.01E-21,2.67E-17,1.03E-17,1.17E-21,2.26E-24,3.33E-25,1.58E-21,7.32E-17,7.45E-15,1.38E-16,4.83E-20,6.39E-23,3.92E-22,4.47E-19,1.40E-16,9.49E-17,1.71E-18,3.04E-19,1.63E-17,2.91E-14,1.75E-13,3.86E-17,1.33E-22,1.43E-25,1.52E-23,3.05E-18,4.22E-14,1.56E-14,4.37E-19,5.35E-24,8.73E-26,9.72E-23,2.89E-18,1.36E-15,1.25E-17,2.16E-20,1.35E-21,1.02E-19,1.97E-16,7.49E-15,3.26E-16,1.12E-18,3.56E-19,1.41E-16,1.68E-12,1.90E-10,9.16E-12,2.52E-15,2.87E-17,1.21E-14,3.46E-08,0.041282993,0.958651304,6.57E-05
Head 3,452,4.36E-18,4.45E-21,5.02E-26,1.77E-30,1.16E-29,1.91E-24,2.44E-19,1.33E-18,1.36E-23,9.11E-27,1.23E-28,5.00E-26,4.16E-22,6.76E-21,1.93E-23,3.18E-27,1.21E-28,1.62E-24,6.66E-21,1.19E-20,2.94E-24,7.60E-29,1.21E-30,1.43E-27,7.90E-22,2.82E-18,5.54E-20,1.56E-25,1.01E-28,1.21E-28,3.03E-24,1.54E-19,3.33E-18,1.67E-20,4.01E-24,2.45E-26,1.30E-24,3.22E-21,1.06E-19,1.29E-21,4.07E-25,8.27E-27,3.55E-25,1.14E-21,6.21E-20,1.28E-21,4.17E-25,1.79E-26,9.43E-23,6.09E-17,8.77E-14,5.24E-16,9.17E-22,1.30E-26,7.64E-27,6.34E-23,2.29E-17,2.72E-15,5.45E-18,1.18E-22,4.69E-25,2.06E-23,1.97E-19,8.67E-17,1.72E-17,3.54E-20,1.61E-21,1.47E-19,3.40E-16,2.92E-16,5.55E-21,2.94E-27,8.39E-25,4.69E-28,1.38E-22,1.38E-18,1.71E-19,3.81E-21,2.47E-26,2.29E-27,4.27E-23,1.62E-17,1.30E-14,5.38E-16,9.62E-20,3.20E-23,5.65E-23,1.65E-19,3.15E-16,2.09E-15,1.16E-16,1.69E-17,1.66E-16,4.93E-13,6.39E-13,3.14E-17,2.25E-23,1.40E-26,2.23E-24,1.28E-18,3.92E-14,1.01E-14,5.10E-20,1.58E-25,6.10E-27,3.30E-24,9.86E-19,3.97E-16,3.22E-17,1.09E-20,1.32E-22,4.39E-21,1.10E-17,1.63E-15,3.25E-16,2.09E-18,3.13E-19,4.64E-17,1.28E-13,1.14E-12,3.73E-14,1.16E-17,2.15E-19,3.04E-16,5.07E-09,0.027867224,0.97204268,9.00E-05
Head 3,453,2.14E-19,3.27E-21,3.48E-27,1.16E-31,5.32E-31,7.46E-26,8.98E-21,8.20E-22,4.43E-23,5.11E-28,1.20E-29,4.64E-27,2.71E-23,5.55E-22,2.29E-24,3.65E-28,4.43E-29,1.46E-25,6.30E-22,1.49E-22,1.24E-25,3.18E-30,4.73E-32,6.03E-29,3.17E-23,1.44E-19,4.28E-21,4.04E-25,1.40E-29,9.64E-30,4.63E-25,1.29E-20,2.46E-19,1.06E-20,3.53E-25,2.46E-27,9.38E-26,1.76E-22,5.27E-21,6.93E-23,2.60E-26,4.50E-28,2.39E-26,5.25E-23,5.95E-21,1.38E-22,4.72E-26,1.65E-27,1.10E-23,7.84E-18,1.13E-14,8.31E-17,1.08E-22,1.23E-27,4.62E-28,8.13E-24,1.54E-18,1.49E-16,3.75E-19,1.03E-23,3.27E-26,1.23E-24,1.09E-20,5.91E-18,1.32E-18,2.68E-21,1.32E-22,4.26E-21,3.67E-17,4.83E-17,1.04E-21,5.57E-22,4.15E-31,5.51E-29,1.72E-23,1.99E-19,6.99E-17,8.24E-22,4.09E-27,6.40E-28,5.97E-24,1.82E-18,1.92E-15,1.43E-15,5.49E-20,1.08E-23,1.57E-23,2.67E-20,4.74E-17,3.15E-16,2.23E-17,2.01E-20,3.34E-17,9.54E-14,1.54E-13,5.46E-18,3.33E-24,1.30E-27,1.29E-25,6.35E-20,2.35E-15,9.04E-16,2.21E-20,6.51E-25,1.52E-27,8.70E-25,3.78E-20,4.65E-17,3.08E-18,1.54E-21,2.43E-23,6.67E-22,1.28E-18,1.66E-16,3.08E-17,1.92E-19,3.86E-20,5.59E-18,2.15E-15,1.91E-13,8.44E-15,1.89E-18,2.72E-20,3.47E-17,6.29E-10,0.003875434,0.996108234,1.64E-05
Head 3,454,6.08E-19,2.37E-21,3.03E-27,8.55E-32,3.81E-31,4.32E-26,1.16E-22,1.66E-19,3.48E-23,6.93E-28,1.80E-29,4.43E-27,2.85E-23,7.88E-22,3.07E-24,3.25E-29,6.03E-29,1.96E-25,1.38E-23,1.11E-22,1.01E-25,2.81E-30,4.45E-32,4.10E-29,2.03E-23,1.06E-19,6.33E-20,5.93E-25,1.53E-29,4.66E-29,4.48E-25,1.04E-20,4.55E-18,1.05E-20,4.77E-25,2.95E-27,9.00E-26,1.39E-22,3.84E-21,5.44E-23,1.92E-26,4.16E-28,5.80E-27,4.93E-23,5.99E-21,1.56E-22,1.97E-26,2.56E-27,1.43E-23,8.80E-18,1.44E-14,1.03E-16,1.57E-22,1.67E-27,1.18E-27,9.47E-24,1.08E-18,1.03E-16,3.14E-19,9.36E-24,2.87E-26,9.40E-25,9.18E-21,4.68E-18,9.33E-19,2.11E-21,3.06E-25,3.85E-21,4.26E-17,6.18E-17,6.80E-17,1.32E-27,6.61E-31,8.35E-29,2.72E-23,4.55E-16,1.34E-16,1.64E-21,4.20E-27,1.18E-27,8.04E-24,2.37E-18,5.35E-14,5.15E-15,1.40E-19,3.17E-23,3.54E-23,4.87E-20,7.15E-17,5.45E-16,1.26E-20,3.32E-20,5.16E-17,1.84E-13,2.43E-13,1.01E-17,5.75E-24,1.58E-27,1.19E-25,4.74E-20,1.99E-15,3.19E-15,1.48E-18,1.41E-24,3.85E-27,2.70E-25,3.99E-20,3.16E-17,3.03E-18,2.57E-21,4.32E-23,1.01E-21,1.60E-18,1.60E-16,2.83E-17,2.10E-19,4.02E-20,1.89E-18,2.55E-15,3.50E-13,1.08E-14,2.35E-18,3.01E-20,3.29E-17,4.67E-10,0.056681391,0.9433043,1.43E-05
Head 3,455,4.61E-19,2.54E-21,6.35E-27,4.55E-31,1.60E-30,6.34E-27,1.55E-21,3.75E-21,1.12E-24,9.46E-29,7.77E-30,3.40E-27,1.64E-23,1.63E-22,1.05E-26,4.63E-29,4.53E-28,1.68E-25,1.11E-21,1.39E-20,1.57E-23,5.11E-28,5.35E-30,2.15E-27,3.09E-22,8.24E-18,3.38E-19,4.33E-24,2.06E-27,1.47E-27,2.52E-24,2.28E-20,6.38E-19,2.78E-21,7.74E-25,3.20E-26,2.44E-24,2.63E-21,2.87E-20,2.55E-22,1.90E-25,1.20E-27,5.78E-25,8.15E-21,8.92E-19,3.89E-21,4.82E-25,3.40E-26,5.25E-23,7.12E-18,4.04E-15,4.04E-17,2.29E-22,7.05E-26,6.49E-27,9.32E-24,1.48E-19,4.54E-18,1.98E-20,3.07E-24,5.71E-26,6.65E-24,4.22E-20,5.26E-18,3.96E-19,4.43E-27,7.34E-26,1.73E-21,3.84E-17,2.22E-14,2.19E-20,4.84E-26,6.21E-29,1.01E-26,3.97E-19,3.33E-15,2.01E-15,1.62E-20,4.87E-24,1.40E-24,2.00E-21,8.03E-17,8.13E-14,2.61E-15,2.67E-19,3.34E-22,8.23E-22,4.42E-19,8.26E-17,5.88E-20,4.01E-22,1.03E-21,3.99E-18,3.60E-14,2.20E-13,4.58E-17,8.64E-23,4.41E-26,2.10E-24,3.32E-19,4.28E-15,2.59E-13,2.45E-17,1.18E-22,5.26E-26,2.10E-23,2.87E-19,4.04E-17,3.58E-18,1.07E-20,1.14E-21,8.79E-20,1.02E-16,2.48E-15,1.13E-16,4.22E-19,4.81E-19,3.47E-17,4.92E-13,1.31E-10,7.55E-12,1.75E-15,1.35E-17,3.78E-15,8.79E-08,0.090356939,0.909535229,0.000107691
Head 3,456,2.51E-19,8.74E-22,3.27E-27,3.86E-31,6.92E-31,6.72E-26,1.03E-21,2.82E-21,9.31E-25,7.48E-29,6.45E-30,3.80E-27,1.32E-23,8.39E-24,1.25E-26,5.15E-29,1.75E-28,1.30E-25,8.60E-22,1.07E-20,1.30E-23,4.13E-28,4.72E-30,2.05E-27,4.40E-21,6.42E-18,2.64E-19,2.95E-23,2.30E-27,1.49E-27,6.90E-25,1.95E-20,5.05E-19,2.42E-21,7.47E-25,3.28E-26,2.36E-24,2.14E-21,2.13E-20,2.18E-22,8.11E-27,1.04E-27,5.05E-25,6.72E-21,2.86E-18,5.15E-21,5.39E-25,3.83E-26,5.94E-23,6.44E-18,3.63E-15,4.08E-17,8.37E-21,1.10E-25,7.90E-27,8.19E-24,1.16E-19,3.38E-18,1.70E-20,2.44E-24,6.31E-26,6.76E-24,3.35E-20,3.98E-18,2.16E-25,3.19E-27,6.39E-26,1.48E-21,2.19E-16,1.66E-16,2.02E-20,5.13E-26,8.04E-29,1.59E-23,4.60E-19,3.16E-15,1.53E-17,1.49E-20,4.78E-24,1.38E-24,4.00E-22,8.94E-17,6.06E-14,2.49E-15,2.72E-19,3.66E-22,8.71E-22,4.27E-19,4.38E-18,4.95E-20,3.45E-22,1.05E-21,3.34E-18,3.18E-14,2.05E-13,3.97E-17,7.99E-23,3.95E-26,1.92E-24,7.57E-20,2.34E-14,1.37E-13,1.44E-17,2.29E-24,5.32E-26,1.61E-23,1.79E-19,3.18E-17,3.13E-18,1.10E-20,1.32E-21,9.55E-20,8.33E-17,2.06E-15,8.96E-17,7.51E-18,3.43E-19,6.18E-17,4.90E-13,1.16E-10,6.46E-12,1.63E-15,1.14E-17,2.22E-14,1.05E-07,0.067199282,0.932706773,9.38E-05
Head 3,457,1.48E-18,4.98E-21,2.92E-26,1.03E-30,3.84E-29,9.62E-25,1.51E-20,2.56E-20,4.66E-24,2.59E-28,3.19E-29,1.71E-26,1.19E-22,5.85E-23,5.91E-26,2.00E-27,4.95E-28,4.59E-25,4.05E-21,6.92E-20,1.10E-22,5.19E-27,9.27E-29,9.01E-25,7.49E-20,6.38E-17,1.75E-17,7.39E-23,5.43E-27,4.48E-28,3.36E-24,8.01E-20,1.72E-18,7.03E-21,2.22E-24,1.44E-25,1.70E-23,2.24E-20,3.07E-19,2.02E-22,9.48E-26,1.02E-26,3.96E-24,1.34E-18,1.49E-17,1.34E-20,1.12E-24,8.91E-26,1.24E-22,1.45E-17,7.70E-15,2.61E-15,3.50E-20,5.73E-25,6.20E-26,1.14E-22,1.76E-18,4.87E-17,1.43E-19,1.88E-23,4.56E-25,5.07E-23,2.98E-19,1.87E-22,1.23E-24,2.05E-26,3.27E-25,9.51E-20,7.69E-17,2.37E-16,2.42E-20,6.81E-26,3.31E-24,4.32E-23,1.03E-18,8.72E-18,2.86E-17,2.33E-20,8.51E-24,3.89E-25,2.22E-21,3.63E-16,1.74E-13,3.05E-15,2.10E-19,2.61E-22,7.65E-22,3.09E-18,8.53E-18,8.37E-20,5.09E-22,9.95E-22,2.74E-18,2.36E-14,1.49E-13,3.93E-17,1.48E-22,1.73E-25,3.57E-24,9.47E-19,7.75E-14,2.50E-13,5.71E-19,6.50E-24,1.50E-25,4.37E-23,6.01E-19,8.84E-17,6.69E-18,1.94E-20,2.54E-21,2.11E-19,3.31E-16,1.09E-14,1.17E-14,2.46E-17,2.21E-18,1.99E-16,1.09E-12,2.40E-10,1.59E-11,4.61E-15,8.83E-17,1.07E-13,3.13E-07,0.051640585,0.948284805,7.42E-05
Head 3,458,2.44E-18,1.48E-20,1.03E-26,2.61E-29,1.01E-28,3.50E-24,5.22E-20,7.20E-20,9.73E-24,6.15E-28,5.65E-29,7.14E-25,3.70E-22,1.33E-22,6.31E-24,2.92E-27,7.45E-28,7.32E-25,7.67E-21,1.45E-19,2.76E-22,1.70E-26,4.96E-27,3.17E-24,2.16E-19,1.90E-14,4.28E-17,1.27E-22,1.13E-27,8.78E-28,5.77E-24,1.44E-19,3.17E-18,1.18E-20,3.94E-24,2.74E-25,3.24E-23,5.71E-20,1.37E-19,6.16E-22,2.53E-25,2.27E-26,1.64E-22,3.76E-18,2.72E-17,2.05E-20,1.81E-24,1.14E-25,1.88E-22,2.41E-17,6.99E-14,5.86E-15,6.41E-20,1.00E-24,1.35E-25,2.34E-22,4.48E-18,1.18E-16,3.67E-19,4.34E-23,8.80E-25,1.00E-22,2.64E-22,3.51E-22,3.33E-24,5.49E-26,8.31E-22,1.12E-20,1.29E-16,3.68E-16,3.23E-20,8.39E-21,5.40E-24,5.98E-23,1.03E-21,1.69E-17,4.31E-17,3.07E-20,3.03E-24,7.21E-25,4.23E-21,7.75E-16,2.95E-13,4.55E-15,2.65E-19,2.68E-22,1.82E-20,3.85E-18,1.09E-17,1.21E-19,5.92E-22,1.14E-21,2.93E-18,2.39E-14,1.53E-13,4.66E-17,2.24E-22,9.69E-26,7.55E-24,1.55E-18,1.07E-13,2.70E-14,9.99E-19,1.17E-23,2.20E-25,7.88E-23,1.23E-18,1.86E-16,1.35E-17,3.38E-20,3.35E-21,3.35E-19,5.49E-16,8.64E-14,1.83E-14,8.19E-17,4.87E-18,3.02E-16,1.43E-12,3.28E-10,2.03E-11,4.33E-15,1.22E-16,1.59E-13,7.41E-08,0.06950783,0.930401921,9.02E-05
Head 3,459,7.49E-18,3.21E-21,1.36E-25,4.54E-30,3.67E-29,7.29E-24,9.18E-19,4.65E-18,6.61E-22,9.30E-27,5.38E-27,4.04E-24,1.83E-21,2.15E-20,4.86E-23,7.44E-27,2.65E-28,4.76E-26,1.60E-22,2.20E-21,4.04E-24,1.30E-27,8.46E-29,9.36E-26,2.06E-17,8.70E-15,1.32E-17,5.97E-24,2.09E-28,1.73E-28,4.66E-24,7.44E-19,4.34E-17,1.02E-19,5.68E-24,5.04E-26,2.53E-24,2.20E-21,4.20E-20,2.44E-22,5.05E-26,4.69E-27,6.25E-23,9.85E-19,5.57E-18,3.38E-21,1.73E-25,1.90E-26,1.15E-22,1.02E-17,1.27E-13,1.29E-14,8.32E-20,7.08E-25,7.75E-26,4.58E-22,6.29E-17,6.51E-15,1.54E-17,2.80E-22,7.48E-25,6.80E-25,1.22E-22,5.64E-22,1.39E-23,4.00E-20,5.47E-24,4.30E-20,2.79E-16,2.49E-16,5.76E-16,1.03E-20,4.57E-24,1.02E-27,1.21E-22,1.78E-18,2.09E-18,9.92E-22,2.36E-26,5.16E-27,1.46E-22,3.34E-16,1.00E-12,2.53E-14,4.27E-19,1.04E-22,2.66E-21,1.57E-18,3.97E-17,2.57E-18,3.41E-20,6.45E-20,8.40E-17,2.29E-13,3.75E-13,2.44E-17,3.43E-23,8.64E-27,4.48E-25,2.89E-19,9.44E-14,3.53E-14,2.59E-19,2.82E-25,1.97E-27,1.74E-24,2.26E-19,2.86E-16,2.99E-17,2.01E-20,3.40E-22,9.42E-21,8.96E-18,1.60E-14,2.52E-14,1.46E-16,3.08E-18,3.40E-17,3.24E-14,2.21E-12,1.27E-13,2.08E-17,1.06E-18,3.26E-16,4.78E-09,0.024806408,0.975094557,9.90E-05
Head 3,460,2.67E-19,1.00E-20,7.39E-27,3.08E-31,2.25E-30,3.87E-25,5.30E-20,4.16E-19,7.03E-23,9.67E-28,9.08E-28,5.37E-25,1.43E-22,1.78E-21,6.02E-24,9.64E-28,3.77E-29,5.73E-27,1.89E-23,2.17E-22,6.85E-25,7.88E-29,2.85E-30,1.72E-24,1.86E-18,8.66E-16,1.52E-19,9.25E-25,2.14E-29,1.70E-29,4.82E-25,8.61E-20,6.45E-18,1.53E-20,7.11E-25,5.03E-27,7.22E-26,1.34E-22,2.24E-21,1.28E-23,2.92E-29,2.32E-28,4.19E-24,1.02E-19,8.93E-19,4.52E-22,2.53E-26,2.64E-27,3.27E-24,2.01E-18,2.16E-14,2.23E-15,1.20E-20,5.62E-26,3.71E-27,2.16E-23,3.59E-18,4.88E-16,1.22E-18,2.58E-23,2.05E-27,3.75E-26,9.45E-24,4.18E-23,1.56E-18,3.25E-26,4.22E-25,5.22E-21,4.31E-17,1.42E-14,1.05E-16,1.91E-21,5.42E-30,2.46E-28,2.17E-23,4.12E-19,5.87E-18,3.35E-22,4.56E-27,6.61E-28,1.82E-23,4.29E-17,1.91E-13,7.44E-15,6.42E-22,1.22E-23,3.02E-22,2.87E-19,7.79E-18,5.34E-19,8.08E-21,1.82E-20,2.88E-17,9.39E-14,1.61E-13,1.07E-17,8.10E-24,1.46E-27,4.83E-26,1.39E-19,7.15E-15,5.44E-15,4.23E-20,4.21E-26,2.75E-28,2.06E-25,3.60E-20,4.97E-17,6.14E-18,4.75E-21,6.85E-23,2.03E-22,1.16E-18,1.90E-15,2.56E-15,1.63E-17,3.83E-19,5.17E-18,5.84E-15,2.07E-12,1.23E-14,2.17E-18,2.53E-20,3.79E-17,8.39E-10,0.004420568,0.995560765,1.86E-05
Head 3,461,1.38E-18,3.76E-21,1.74E-26,1.95E-30,7.59E-30,1.73E-25,2.64E-21,5.24E-21,1.52E-26,5.27E-29,1.85E-28,9.32E-27,2.04E-23,1.91E-22,8.43E-25,6.72E-28,1.77E-28,1.54E-25,1.19E-21,3.72E-20,8.31E-23,7.94E-27,2.45E-26,2.58E-22,2.56E-17,2.19E-17,5.08E-19,5.98E-24,3.03E-28,1.71E-28,1.03E-24,2.84E-20,7.14E-19,3.26E-21,1.02E-24,9.69E-27,1.20E-24,1.42E-21,1.02E-20,2.25E-26,6.62E-29,7.00E-28,1.73E-23,6.04E-19,6.97E-18,7.31E-21,6.99E-25,2.92E-25,8.56E-23,1.05E-17,3.35E-14,2.37E-15,2.17E-20,1.74E-25,9.34E-27,1.33E-23,2.86E-19,1.02E-17,4.67E-20,5.29E-27,7.08E-28,6.91E-26,1.98E-23,8.08E-18,4.20E-25,6.44E-27,1.10E-25,2.15E-21,3.63E-16,3.00E-14,2.35E-16,4.49E-25,4.93E-28,1.21E-26,5.37E-22,3.79E-17,1.15E-16,2.19E-20,1.23E-24,2.34E-25,9.57E-22,1.57E-16,9.27E-14,2.82E-18,1.39E-21,5.66E-23,2.47E-21,7.53E-19,3.18E-18,4.20E-20,2.74E-22,6.80E-22,2.17E-18,2.26E-14,1.55E-13,1.31E-16,3.75E-22,6.11E-26,5.70E-25,8.16E-20,3.84E-15,6.73E-15,4.11E-19,4.44E-24,7.41E-26,2.75E-23,4.98E-19,8.84E-17,7.87E-18,2.10E-20,1.10E-21,1.97E-20,6.48E-17,1.70E-14,5.54E-15,2.54E-17,1.65E-18,1.29E-16,2.25E-12,1.25E-10,2.69E-12,1.85E-15,2.21E-17,8.81E-15,1.65E-08,0.069434948,0.930419564,0.000145491
Head 3,462,4.14E-19,2.51E-21,1.30E-26,1.40E-30,5.30E-30,1.36E-25,1.72E-21,8.00E-24,1.04E-26,4.44E-29,1.38E-29,4.41E-27,1.42E-23,1.43E-22,7.38E-25,5.42E-28,1.60E-28,1.41E-25,3.89E-21,3.01E-20,5.87E-23,5.11E-26,4.91E-26,2.16E-22,1.73E-20,1.06E-17,3.45E-19,4.65E-24,2.58E-28,1.55E-28,9.42E-25,2.19E-20,4.90E-19,2.36E-21,1.20E-25,7.82E-27,9.56E-25,1.11E-21,3.31E-23,1.64E-26,5.02E-29,5.46E-28,1.42E-23,4.22E-19,4.82E-18,5.89E-21,1.10E-23,2.10E-25,7.70E-23,8.22E-18,2.24E-14,1.78E-15,1.73E-20,1.33E-25,8.42E-27,1.17E-23,2.21E-19,8.11E-18,5.30E-24,2.72E-27,4.77E-28,5.66E-26,4.61E-20,2.91E-23,2.43E-25,4.36E-27,7.39E-26,3.25E-20,2.75E-16,2.37E-14,3.15E-20,3.97E-25,4.14E-28,1.02E-26,1.03E-21,3.25E-17,6.96E-17,1.59E-20,1.14E-24,1.99E-25,7.71E-22,1.03E-16,2.57E-16,1.26E-18,4.67E-22,2.89E-23,1.38E-21,5.30E-19,2.32E-18,3.03E-20,2.05E-22,5.05E-22,1.68E-18,2.64E-14,1.07E-13,9.89E-17,2.83E-22,1.23E-26,4.18E-25,8.08E-20,3.17E-15,4.55E-15,2.85E-19,3.13E-24,6.51E-26,2.59E-23,3.63E-19,6.25E-17,5.33E-18,1.12E-19,7.60E-22,1.89E-20,4.92E-17,1.31E-14,4.29E-15,2.02E-17,1.37E-18,1.73E-16,6.10E-13,5.44E-11,3.97E-12,1.60E-15,2.21E-17,6.11E-15,1.09E-07,0.06012363,0.939785302,9.10E-05
Head 3,463,1.83E-17,6.04E-20,9.89E-26,5.58E-30,4.88E-29,7.10E-24,3.81E-21,1.17E-20,1.71E-23,1.97E-26,3.33E-28,9.91E-26,7.35E-22,1.73E-20,6.47E-23,1.22E-26,5.03E-28,1.43E-24,1.03E-21,4.52E-21,7.15E-24,3.51E-27,3.29E-27,1.62E-25,2.28E-20,4.92E-17,1.33E-18,9.16E-24,2.83E-28,3.07E-28,9.10E-24,9.96E-19,5.27E-17,3.46E-20,1.43E-24,1.50E-26,9.08E-25,1.17E-21,2.19E-22,2.05E-25,6.60E-28,5.24E-27,6.58E-23,1.04E-18,6.48E-18,4.08E-21,1.25E-24,7.22E-26,6.23E-23,2.20E-17,1.78E-13,1.98E-14,9.24E-20,5.31E-25,6.15E-26,4.65E-22,7.10E-17,1.54E-17,1.20E-20,9.75E-25,1.89E-26,2.40E-23,1.42E-22,5.52E-22,1.48E-23,3.44E-25,2.60E-21,2.53E-19,1.44E-15,7.32E-17,2.53E-20,1.29E-25,1.16E-28,2.01E-26,3.16E-21,5.62E-17,5.16E-17,2.01E-21,4.53E-26,1.05E-26,2.08E-22,3.69E-18,4.18E-16,2.61E-18,6.39E-22,1.55E-23,1.01E-21,1.38E-18,4.78E-17,3.75E-18,5.98E-20,1.25E-19,1.23E-15,2.25E-14,1.57E-13,7.82E-17,1.12E-22,4.91E-26,3.72E-24,1.89E-18,1.02E-13,4.69E-14,3.22E-19,4.03E-25,4.31E-27,4.13E-24,5.50E-19,5.40E-16,2.80E-15,1.70E-19,2.45E-22,1.93E-21,1.09E-17,2.11E-14,3.80E-14,2.41E-16,2.44E-18,7.14E-17,9.48E-14,8.06E-13,4.02E-14,3.05E-17,7.55E-19,2.12E-14,2.77E-07,0.031494468,0.968356967,0.000148322
Head 3,464,1.26E-18,6.33E-21,3.97E-26,7.17E-30,3.06E-29,3.56E-26,3.96E-23,2.54E-23,3.13E-24,2.44E-28,2.42E-29,1.27E-26,4.90E-23,4.69E-22,2.34E-24,2.32E-27,1.45E-26,6.34E-24,1.31E-20,1.20E-18,1.91E-21,7.48E-25,3.84E-27,7.48E-25,4.54E-20,3.56E-17,1.08E-18,1.56E-23,1.12E-27,8.76E-28,3.54E-24,6.21E-20,4.90E-19,1.39E-21,3.92E-25,2.80E-26,4.53E-23,2.09E-21,1.74E-22,9.19E-26,3.27E-28,3.13E-27,5.86E-23,1.37E-18,6.64E-18,8.16E-20,3.35E-23,1.05E-24,3.15E-22,2.58E-17,7.79E-14,5.56E-15,5.39E-20,5.97E-25,4.32E-26,5.77E-23,9.85E-21,1.19E-20,1.52E-23,1.08E-26,3.63E-25,2.21E-25,4.69E-23,8.66E-23,8.14E-25,5.06E-21,6.24E-22,1.28E-19,6.33E-18,6.70E-17,7.65E-20,1.15E-24,4.80E-27,1.01E-25,4.37E-21,7.03E-17,1.33E-16,3.58E-20,3.52E-24,6.48E-25,6.42E-21,4.95E-17,3.79E-16,1.38E-18,5.37E-22,4.60E-23,2.95E-21,1.09E-18,4.63E-18,6.25E-20,4.50E-22,7.83E-21,2.30E-18,1.04E-14,2.06E-13,4.19E-17,9.86E-23,5.26E-26,2.56E-24,4.36E-19,1.10E-14,1.14E-14,6.38E-19,9.95E-24,2.71E-25,1.03E-22,1.27E-18,1.10E-14,5.74E-16,3.17E-19,3.01E-21,6.00E-20,1.67E-16,5.23E-14,1.74E-14,5.06E-18,4.35E-19,8.40E-17,2.92E-13,9.95E-11,1.94E-11,9.35E-15,1.99E-16,1.82E-13,7.26E-08,0.070877358,0.928911924,0.000210603
Head 3,465,4.44E-19,2.79E-21,2.30E-26,3.25E-30,3.07E-30,1.63E-26,1.88E-23,5.11E-21,1.29E-24,1.07E-28,1.30E-29,7.32E-27,2.39E-23,2.34E-22,1.36E-24,1.80E-26,8.47E-27,2.97E-24,3.63E-19,1.02E-18,9.51E-22,4.99E-26,8.16E-28,3.37E-25,1.90E-20,1.66E-17,5.21E-19,8.68E-24,7.14E-28,3.94E-28,1.73E-24,1.77E-20,2.69E-19,7.07E-22,1.97E-25,1.87E-25,2.59E-23,1.00E-21,7.80E-23,4.50E-26,1.40E-28,1.43E-27,2.79E-23,3.14E-20,1.76E-18,4.19E-20,1.73E-23,5.27E-25,1.44E-22,1.37E-17,4.15E-14,3.19E-15,3.08E-20,2.84E-25,1.88E-26,3.54E-24,3.63E-21,5.03E-21,7.68E-24,8.34E-24,1.10E-27,9.35E-26,2.21E-23,3.68E-23,1.06E-18,2.82E-21,3.34E-22,5.66E-22,3.51E-18,3.73E-17,4.26E-20,5.88E-24,4.38E-27,6.56E-26,2.53E-21,3.71E-17,7.07E-17,1.93E-20,1.69E-24,8.36E-25,2.69E-21,1.66E-17,1.59E-16,4.67E-19,2.77E-22,2.47E-23,1.55E-21,5.70E-19,2.37E-18,3.40E-20,2.11E-21,4.64E-21,1.50E-18,7.03E-15,1.16E-13,2.14E-17,4.82E-23,2.53E-26,1.27E-24,2.03E-19,4.69E-15,4.60E-15,2.86E-19,4.93E-24,1.45E-25,5.05E-23,8.59E-18,4.80E-15,4.70E-16,2.00E-19,1.69E-21,3.09E-20,8.67E-17,2.42E-14,4.25E-16,7.50E-19,1.07E-19,2.13E-17,1.40E-13,1.32E-10,1.24E-11,2.68E-15,7.62E-17,1.56E-14,3.75E-08,0.066713177,0.933165252,0.000121519
Head 3,466,2.11E-18,1.58E-20,1.31E-25,3.70E-30,2.58E-29,1.09E-25,1.45E-20,1.75E-20,4.03E-24,4.64E-28,7.00E-29,3.27E-26,9.52E-23,9.00E-22,2.50E-23,7.88E-26,2.90E-26,3.81E-22,1.39E-18,3.17E-18,1.70E-21,2.02E-25,8.56E-27,2.91E-24,1.14E-19,6.51E-17,1.75E-18,3.49E-23,3.06E-27,2.02E-27,3.88E-24,6.18E-20,7.01E-19,1.92E-21,6.94E-25,9.14E-25,1.21E-22,5.06E-21,5.21E-22,3.30E-25,1.26E-27,1.18E-26,1.80E-23,9.48E-20,7.39E-18,1.83E-19,8.25E-23,2.49E-24,5.79E-22,4.38E-17,9.82E-14,7.43E-15,8.54E-20,1.38E-24,3.24E-26,2.85E-23,2.80E-20,3.36E-20,2.98E-19,3.17E-26,5.01E-27,4.38E-25,9.71E-23,6.89E-17,5.92E-18,1.53E-20,7.24E-25,1.34E-21,5.48E-18,4.78E-17,8.78E-19,2.02E-23,1.66E-26,2.15E-25,6.48E-21,5.86E-17,9.97E-17,3.64E-20,2.01E-24,3.14E-24,9.15E-21,5.41E-17,2.91E-16,9.89E-19,6.00E-22,5.30E-23,3.30E-21,1.08E-18,4.66E-18,2.77E-19,2.53E-20,7.26E-21,1.95E-18,2.53E-14,8.88E-14,2.45E-17,1.13E-22,1.24E-25,7.90E-24,8.91E-19,1.32E-14,9.45E-15,7.41E-19,1.75E-23,6.32E-25,4.78E-22,2.24E-17,1.36E-14,7.60E-16,3.36E-19,3.46E-21,8.55E-20,2.69E-16,2.24E-14,7.21E-16,1.69E-18,9.80E-19,5.23E-17,1.33E-12,3.65E-10,1.47E-11,6.29E-15,1.96E-16,7.22E-14,5.55E-07,0.052027777,0.947891235,8.04E-05
Head 3,467,1.01E-17,5.84E-20,3.41E-26,2.16E-29,1.30E-28,1.01E-23,5.98E-20,6.22E-20,1.65E-23,2.06E-27,2.74E-28,1.34E-25,3.88E-22,7.01E-21,1.09E-22,2.67E-25,2.59E-25,1.65E-21,4.74E-18,1.49E-18,4.08E-21,1.02E-24,4.33E-26,1.44E-23,5.07E-19,2.44E-16,5.78E-18,1.20E-22,1.15E-26,2.05E-27,1.39E-23,2.04E-19,2.22E-18,4.97E-22,2.88E-24,3.51E-24,4.55E-22,2.16E-20,2.09E-21,1.61E-24,6.73E-27,2.46E-25,5.61E-23,3.54E-19,2.60E-17,5.93E-19,2.84E-22,7.78E-24,2.08E-21,1.41E-16,2.98E-13,1.94E-14,2.74E-19,2.61E-25,1.31E-25,1.33E-22,1.33E-19,3.24E-16,2.10E-22,1.15E-25,1.84E-26,1.67E-24,2.47E-18,3.03E-16,2.50E-17,5.04E-25,2.72E-24,3.96E-21,1.38E-17,6.66E-16,2.94E-18,7.03E-23,5.99E-26,9.08E-25,2.00E-20,1.56E-16,2.69E-16,1.05E-20,5.97E-24,9.28E-24,3.21E-20,1.43E-16,8.96E-16,3.15E-18,1.84E-21,1.59E-22,8.76E-21,3.05E-18,1.56E-17,1.07E-17,7.34E-20,2.09E-20,1.96E-17,4.60E-14,1.56E-13,5.19E-17,3.56E-22,5.06E-25,3.16E-23,3.37E-18,3.94E-14,2.97E-14,2.26E-18,6.02E-23,2.44E-24,1.50E-21,1.01E-16,3.95E-14,2.10E-15,8.87E-19,9.66E-21,2.61E-19,1.98E-15,4.38E-14,1.61E-15,7.80E-17,2.89E-18,1.06E-15,5.40E-12,1.15E-09,2.54E-11,3.67E-14,7.05E-16,1.40E-12,2.92E-07,0.120467067,0.879388392,0.000144262
Head 3,468,1.82E-17,7.53E-21,9.08E-26,4.49E-29,1.52E-27,2.06E-23,1.15E-19,1.30E-19,3.28E-23,3.61E-27,5.40E-28,2.70E-25,1.33E-21,1.44E-20,1.77E-22,3.35E-26,5.86E-25,3.13E-21,2.16E-19,1.66E-18,7.32E-21,1.78E-24,8.54E-26,3.12E-23,1.06E-18,4.11E-16,1.00E-17,1.94E-22,2.63E-27,3.10E-27,2.25E-23,3.23E-19,1.95E-19,9.55E-22,5.20E-24,6.05E-24,8.66E-22,3.63E-20,3.98E-21,3.32E-24,3.96E-24,4.12E-25,1.02E-22,5.93E-19,3.78E-17,9.23E-19,3.73E-22,1.20E-23,3.12E-21,2.28E-16,4.32E-13,2.99E-14,4.66E-21,3.60E-25,2.26E-25,2.67E-22,2.54E-17,3.46E-19,3.65E-22,1.97E-25,3.39E-26,9.20E-22,5.05E-18,5.65E-16,1.84E-23,1.02E-24,4.64E-24,6.46E-21,2.92E-17,1.10E-15,4.30E-18,1.07E-22,1.08E-25,1.46E-24,3.23E-20,2.36E-16,7.99E-17,1.41E-20,7.43E-24,1.36E-23,4.37E-20,2.31E-16,1.54E-15,5.25E-18,2.88E-21,2.25E-22,1.37E-20,2.12E-18,1.23E-16,1.74E-17,1.20E-19,3.27E-20,2.58E-17,5.25E-14,1.73E-13,6.84E-17,5.06E-22,7.97E-25,5.65E-23,6.06E-18,7.23E-14,4.74E-14,3.69E-18,1.52E-22,3.35E-24,3.19E-21,1.73E-16,6.35E-14,3.07E-15,1.20E-18,1.39E-20,2.37E-18,2.05E-15,5.21E-14,4.38E-14,1.10E-16,3.27E-17,2.65E-15,2.37E-11,8.77E-10,6.62E-11,5.07E-14,2.14E-15,4.20E-13,4.50E-07,0.08531899,0.914495051,0.000185527
Head 3,469,6.16E-18,1.57E-20,1.26E-25,3.87E-28,1.52E-27,2.25E-23,1.55E-19,1.86E-19,4.43E-23,5.23E-27,7.61E-28,1.19E-24,1.93E-21,1.86E-20,2.65E-24,5.61E-26,7.50E-25,1.04E-22,1.93E-19,1.99E-18,7.81E-21,2.06E-24,1.01E-25,3.95E-23,1.21E-18,5.29E-16,1.27E-17,3.19E-23,2.65E-27,3.03E-27,2.10E-23,1.14E-19,2.45E-19,1.18E-21,5.84E-24,7.15E-24,8.62E-22,3.96E-20,4.59E-21,7.31E-21,4.80E-24,4.78E-25,1.07E-22,5.94E-19,4.28E-17,9.20E-19,3.77E-22,1.03E-23,3.06E-21,2.42E-16,5.21E-13,5.48E-16,4.23E-21,3.70E-25,2.52E-25,1.78E-21,3.71E-19,4.16E-19,4.53E-22,2.46E-25,1.02E-23,1.20E-21,5.74E-18,2.67E-22,2.63E-23,1.19E-24,5.54E-24,5.48E-21,4.05E-17,1.31E-15,5.32E-18,1.22E-22,1.16E-25,1.67E-24,3.32E-20,4.62E-16,9.32E-17,1.43E-20,7.50E-24,1.20E-23,4.32E-20,2.57E-16,1.91E-15,6.36E-18,3.23E-21,2.74E-22,7.52E-21,1.85E-18,1.84E-16,2.60E-17,2.61E-20,4.00E-20,2.81E-17,5.59E-14,2.16E-13,7.64E-17,5.63E-22,8.19E-25,6.35E-23,7.13E-18,9.02E-14,6.55E-14,1.58E-17,1.58E-22,3.91E-24,3.55E-21,1.87E-16,7.40E-14,3.47E-15,1.36E-18,3.13E-20,1.51E-18,1.81E-15,2.16E-13,4.62E-14,6.45E-16,6.22E-17,5.66E-15,9.71E-12,5.11E-10,6.08E-11,3.05E-14,1.08E-15,3.56E-13,2.89E-07,0.066606119,0.933211386,0.00018222
Head 3,470,1.57E-17,1.47E-20,7.33E-25,4.36E-29,3.00E-28,3.16E-23,2.55E-18,1.25E-17,2.47E-21,6.28E-26,1.57E-26,2.83E-24,9.13E-21,6.60E-21,2.87E-23,1.29E-25,1.01E-25,5.38E-24,3.05E-21,1.53E-20,4.95E-23,1.07E-26,7.54E-28,6.88E-25,8.02E-20,1.20E-16,1.15E-18,6.25E-24,2.39E-28,3.04E-28,1.54E-23,3.56E-19,4.36E-18,1.77E-20,1.84E-23,2.28E-24,8.61E-23,3.89E-21,1.83E-19,1.57E-21,4.70E-25,1.07E-26,7.58E-25,2.92E-21,2.50E-19,8.26E-21,3.69E-24,1.92E-25,1.74E-22,5.84E-17,4.87E-13,2.37E-15,4.69E-21,9.33E-26,2.10E-25,4.13E-22,5.97E-18,4.61E-17,4.64E-20,1.71E-21,5.19E-24,1.70E-22,2.85E-23,5.09E-22,1.31E-22,1.11E-23,5.71E-23,1.78E-20,5.20E-17,1.14E-15,2.20E-18,3.45E-23,2.64E-26,3.24E-25,1.38E-20,2.58E-17,1.05E-18,1.46E-23,6.91E-28,6.29E-28,1.03E-23,1.27E-18,1.42E-16,1.61E-18,6.84E-22,3.56E-23,6.33E-23,4.48E-19,4.22E-16,9.07E-17,4.51E-18,5.82E-18,1.61E-15,1.10E-12,8.98E-13,7.80E-17,1.46E-22,1.41E-25,1.73E-23,6.82E-18,1.93E-13,1.25E-13,1.39E-18,2.11E-24,3.20E-26,7.73E-23,4.04E-17,1.07E-13,6.78E-15,1.23E-19,1.03E-21,2.62E-20,2.08E-17,3.36E-14,8.44E-14,9.88E-16,9.75E-18,2.36E-16,1.88E-14,1.62E-12,2.54E-13,7.84E-17,2.07E-18,3.48E-15,1.89E-08,0.031316057,0.968526125,0.000157887
Head 3,471,4.22E-19,1.11E-20,1.77E-26,1.15E-30,6.80E-30,7.61E-25,6.02E-20,4.12E-19,1.07E-22,2.97E-26,8.18E-28,1.02E-25,3.82E-22,4.85E-22,1.36E-24,1.42E-25,6.65E-27,2.71E-25,1.35E-22,6.23E-22,1.47E-24,2.74E-28,1.43E-29,9.24E-27,1.43E-21,1.96E-18,5.68E-20,3.60E-25,1.26E-29,5.14E-29,6.90E-25,1.60E-20,2.11E-19,1.20E-21,1.01E-24,1.26E-25,3.97E-24,2.88E-22,4.80E-21,4.17E-23,1.21E-26,2.97E-28,2.07E-26,9.62E-23,1.26E-20,3.97E-22,2.30E-25,1.30E-26,1.06E-23,3.43E-17,3.81E-14,2.72E-16,4.42E-22,9.00E-26,1.76E-27,6.47E-24,9.21E-20,8.10E-19,3.07E-18,9.29E-23,2.73E-25,6.16E-26,3.14E-24,3.20E-23,7.43E-24,6.28E-24,4.84E-24,1.47E-21,5.65E-18,1.11E-16,3.29E-19,5.69E-24,3.03E-27,9.85E-27,6.81E-22,1.23E-18,9.02E-20,1.29E-24,6.08E-29,3.76E-29,4.88E-25,5.54E-20,7.04E-18,1.21E-19,6.60E-22,6.06E-25,1.30E-23,7.87E-20,1.60E-17,7.90E-18,3.90E-19,6.93E-19,3.22E-16,2.71E-13,2.69E-13,1.54E-17,1.56E-23,6.95E-27,5.35E-25,1.57E-19,4.82E-15,5.98E-15,7.07E-20,1.51E-25,2.12E-27,5.21E-24,3.23E-18,1.28E-14,2.32E-17,7.61E-21,9.68E-23,2.80E-22,1.45E-18,2.53E-15,6.39E-15,2.44E-18,1.65E-19,1.98E-18,2.02E-15,1.93E-12,1.50E-14,6.84E-18,2.44E-19,2.72E-16,1.70E-09,0.004125289,0.9958359,3.88E-05
Head 3,472,1.54E-18,4.34E-21,1.22E-26,9.08E-31,5.83E-30,4.36E-25,3.36E-20,2.47E-19,4.93E-22,3.15E-26,7.30E-28,1.78E-24,7.03E-22,4.30E-22,2.54E-22,1.79E-25,7.73E-27,3.06E-25,1.29E-22,4.95E-22,1.26E-24,2.23E-28,8.25E-30,5.33E-27,5.41E-22,1.23E-18,3.86E-20,3.07E-25,3.46E-29,4.32E-29,5.45E-25,1.07E-20,1.74E-19,8.46E-22,8.88E-25,1.18E-25,1.79E-25,1.80E-22,3.27E-21,2.88E-23,9.51E-27,2.09E-28,1.45E-26,8.24E-23,8.62E-21,3.39E-22,2.34E-25,1.16E-26,4.84E-23,2.47E-17,3.38E-14,2.73E-16,1.95E-20,6.70E-27,1.32E-27,4.14E-24,4.57E-20,6.01E-16,2.65E-18,9.88E-23,1.24E-25,9.46E-26,2.91E-24,2.84E-23,2.28E-22,8.57E-24,5.41E-24,1.60E-21,4.67E-18,1.15E-16,4.09E-19,7.62E-24,8.56E-29,6.29E-27,3.02E-22,9.19E-19,7.71E-20,1.71E-24,8.37E-29,4.42E-29,4.58E-25,3.81E-20,5.64E-18,3.66E-18,3.95E-22,1.67E-24,3.46E-23,1.69E-19,1.56E-17,7.04E-18,4.37E-19,9.88E-19,4.96E-16,4.63E-13,4.09E-13,2.00E-17,2.01E-23,8.25E-27,4.40E-25,8.20E-20,3.57E-15,3.01E-15,5.44E-20,1.64E-25,2.36E-27,5.00E-24,2.91E-18,1.67E-16,8.48E-18,5.80E-21,4.76E-23,3.40E-22,1.59E-18,2.42E-15,1.35E-16,7.11E-19,2.12E-19,2.23E-18,5.97E-14,2.69E-13,1.38E-14,9.00E-18,2.77E-19,2.55E-16,1.26E-09,0.0642303,0.935740829,2.89E-05
Head 3,473,1.03E-18,6.40E-21,5.60E-26,1.11E-29,4.02E-29,5.81E-25,4.49E-21,2.48E-20,1.88E-23,3.66E-27,2.50E-27,2.02E-24,2.61E-22,2.55E-21,2.44E-23,6.74E-26,2.72E-26,8.23E-24,1.50E-20,1.25E-19,3.77E-22,6.02E-26,1.83E-27,2.75E-25,1.50E-20,9.87E-18,2.34E-19,2.26E-23,2.06E-27,2.27E-27,4.13E-24,7.04E-21,1.54E-20,9.17E-23,5.72E-25,5.92E-26,5.27E-24,5.55E-21,4.21E-20,2.56E-22,1.44E-25,1.24E-26,3.82E-24,3.21E-20,3.02E-18,7.65E-20,2.86E-23,1.07E-25,1.94E-22,1.95E-17,9.45E-15,6.91E-15,9.05E-22,3.39E-26,8.43E-27,5.13E-24,8.64E-19,3.21E-17,2.07E-19,5.18E-24,9.59E-26,3.16E-25,1.35E-23,8.12E-22,1.12E-22,1.48E-24,1.33E-24,9.91E-22,7.81E-18,3.44E-16,1.79E-18,1.04E-24,2.63E-27,1.93E-25,1.32E-20,5.03E-17,1.95E-17,4.13E-21,1.59E-24,1.71E-24,3.73E-21,2.15E-17,1.61E-15,1.58E-17,3.51E-21,4.60E-23,4.03E-21,8.18E-19,5.91E-18,2.84E-19,4.87E-21,1.12E-20,1.41E-17,4.79E-14,1.55E-13,3.54E-17,1.11E-22,6.41E-26,5.25E-24,3.07E-19,5.26E-15,8.15E-15,1.02E-18,1.93E-23,5.45E-25,4.27E-22,2.06E-18,1.19E-16,6.25E-18,1.52E-19,1.65E-21,6.85E-20,1.74E-16,9.92E-15,3.34E-16,1.90E-17,1.04E-18,4.92E-16,7.21E-13,1.85E-10,1.91E-11,1.22E-14,1.92E-16,4.24E-14,3.28E-07,0.128023058,0.871737301,0.000239278
Head 3,474,4.03E-18,1.85E-20,5.99E-26,4.75E-30,3.24E-29,3.16E-24,6.31E-19,5.26E-18,2.54E-21,5.90E-26,9.46E-26,1.94E-23,3.17E-21,4.88E-20,7.57E-22,6.09E-25,2.62E-26,1.04E-24,4.90E-22,2.02E-21,4.91E-24,7.89E-28,1.10E-29,1.14E-26,2.67E-21,6.04E-18,3.88E-18,3.69E-24,1.13E-28,1.59E-28,2.49E-24,4.40E-20,6.04E-19,3.60E-21,1.82E-24,1.24E-26,5.94E-25,8.34E-22,1.48E-20,1.14E-22,2.86E-26,6.48E-28,4.93E-26,2.36E-22,2.61E-20,8.58E-22,1.19E-25,2.25E-26,1.48E-22,9.04E-17,1.17E-13,1.48E-15,1.94E-21,1.95E-26,4.70E-27,1.35E-22,1.88E-17,2.79E-15,7.71E-18,1.02E-21,9.72E-25,6.14E-25,5.33E-23,6.40E-21,2.38E-21,5.67E-23,2.44E-23,6.08E-21,1.85E-17,5.13E-16,4.64E-20,8.16E-26,5.13E-29,4.11E-27,4.08E-22,1.99E-18,2.46E-19,5.22E-24,2.65E-28,1.50E-28,2.02E-24,1.65E-18,1.56E-15,5.45E-17,7.40E-21,8.38E-23,8.52E-22,4.09E-19,3.90E-17,2.16E-17,1.41E-18,3.94E-18,2.38E-15,1.97E-12,1.58E-12,8.62E-17,9.15E-23,3.87E-25,3.33E-24,3.52E-19,9.04E-15,9.48E-15,2.14E-19,5.89E-25,8.92E-27,8.99E-24,3.19E-19,1.49E-16,9.42E-16,1.01E-19,2.98E-22,1.91E-21,1.48E-17,1.19E-15,8.14E-15,3.98E-17,1.27E-18,1.48E-17,1.07E-14,1.08E-12,6.15E-14,4.18E-17,1.10E-18,2.49E-14,2.64E-07,0.289705664,0.710163176,0.000130871
Head 3,475,2.52E-18,1.09E-20,3.10E-26,2.71E-30,2.12E-29,7.71E-24,3.98E-19,2.74E-18,1.31E-23,5.97E-26,5.16E-26,6.14E-25,9.49E-22,2.76E-20,4.28E-22,3.12E-25,1.38E-26,5.73E-25,2.63E-22,1.10E-21,2.68E-24,1.58E-28,6.04E-30,6.69E-27,1.59E-21,9.99E-16,1.44E-18,1.38E-24,3.77E-29,6.80E-29,8.32E-25,1.92E-20,2.97E-19,1.52E-20,5.79E-25,6.48E-27,2.89E-25,4.43E-22,7.84E-21,5.95E-23,1.51E-26,3.23E-28,2.48E-26,1.23E-22,1.13E-20,4.40E-22,5.38E-26,8.25E-27,5.28E-23,5.19E-18,7.13E-14,4.76E-16,7.72E-22,7.65E-27,1.25E-26,8.29E-23,1.26E-17,2.47E-16,5.49E-18,4.69E-22,4.69E-25,1.36E-25,4.90E-23,3.24E-21,1.31E-21,2.16E-23,1.13E-23,2.85E-21,9.00E-18,2.00E-16,1.22E-20,1.31E-26,1.04E-29,1.04E-27,1.64E-22,9.07E-19,1.10E-19,2.27E-24,1.03E-28,7.28E-29,1.99E-24,9.98E-19,1.39E-15,5.43E-17,6.55E-21,3.62E-23,1.95E-22,1.52E-19,1.81E-17,9.75E-18,7.32E-19,1.92E-18,1.04E-15,8.33E-13,6.57E-13,3.69E-17,1.54E-21,1.40E-25,2.22E-24,1.91E-19,5.54E-15,5.75E-15,1.13E-19,2.73E-25,3.76E-27,1.42E-24,7.04E-20,3.84E-15,3.15E-16,9.58E-20,1.51E-22,5.87E-21,5.30E-18,3.15E-15,3.63E-15,2.20E-18,6.52E-19,5.27E-18,7.78E-15,5.26E-13,2.93E-14,1.71E-17,1.99E-18,6.69E-15,9.29E-08,0.006233243,0.993728757,3.79E-05
Head 3,476,8.11E-19,6.09E-21,6.69E-26,1.77E-29,5.55E-28,4.11E-24,1.49E-20,3.35E-23,1.43E-25,1.37E-27,7.92E-28,7.99E-26,1.08E-22,1.17E-21,2.08E-23,6.82E-26,2.89E-26,8.30E-24,1.18E-20,9.28E-20,2.43E-22,2.66E-26,7.26E-28,2.43E-25,2.88E-17,3.51E-15,7.13E-18,2.82E-23,2.99E-27,2.60E-27,4.23E-24,6.17E-21,4.53E-19,1.57E-21,7.05E-25,5.41E-26,5.76E-24,5.43E-21,4.21E-20,2.59E-22,1.50E-25,1.38E-26,3.44E-24,2.32E-20,4.12E-18,9.38E-21,1.65E-24,1.51E-25,3.64E-22,2.12E-17,8.93E-15,1.01E-16,6.97E-22,8.62E-25,6.04E-26,6.41E-23,7.74E-21,4.57E-19,1.22E-20,1.15E-23,1.43E-25,1.08E-24,1.80E-22,2.84E-21,1.70E-22,2.06E-24,1.70E-24,9.37E-22,6.18E-17,2.87E-16,7.49E-20,5.18E-25,1.18E-27,1.23E-25,8.70E-21,3.86E-17,1.55E-17,3.53E-21,1.76E-24,8.19E-25,1.65E-21,5.56E-17,5.38E-15,3.95E-17,1.55E-20,1.59E-22,1.54E-21,3.87E-19,3.68E-18,2.23E-19,4.28E-21,1.06E-20,1.18E-17,3.46E-14,1.29E-13,1.61E-15,5.15E-21,9.51E-25,5.81E-24,1.67E-19,3.11E-15,7.10E-15,9.09E-19,1.34E-23,5.29E-25,1.27E-22,1.08E-17,4.36E-15,8.51E-16,7.01E-19,9.61E-21,2.94E-19,9.10E-17,1.92E-14,5.28E-16,4.05E-17,2.11E-18,3.33E-16,1.48E-12,3.01E-10,2.89E-11,8.69E-15,3.77E-16,4.59E-13,8.74E-08,0.138273925,0.861433268,0.00029271
Head 3,477,5.83E-19,4.22E-21,6.95E-26,1.66E-28,7.43E-28,3.63E-24,4.48E-23,2.70E-23,9.90E-26,5.21E-27,4.32E-28,7.23E-26,8.09E-23,9.20E-22,1.78E-23,7.03E-26,3.07E-26,6.87E-24,9.31E-21,9.72E-20,2.26E-22,2.79E-26,7.76E-28,4.62E-22,3.48E-17,2.72E-15,5.31E-18,2.95E-23,2.99E-27,3.21E-27,4.80E-24,2.26E-20,3.01E-19,1.35E-21,6.59E-25,5.72E-26,5.75E-24,5.06E-21,3.93E-20,2.50E-22,1.71E-25,1.62E-26,3.30E-24,2.99E-19,4.23E-18,8.95E-21,1.61E-24,1.51E-24,2.44E-22,1.63E-17,6.05E-15,5.77E-17,6.69E-20,1.06E-24,8.35E-26,9.45E-25,7.95E-21,3.60E-19,1.00E-20,3.02E-23,3.25E-25,1.48E-24,2.30E-22,2.24E-21,1.61E-22,2.08E-24,1.48E-24,5.18E-21,3.91E-17,1.70E-16,5.34E-20,4.43E-25,1.29E-27,1.24E-25,7.20E-21,2.44E-17,9.05E-18,2.63E-21,9.24E-25,6.09E-25,1.65E-21,5.36E-17,2.49E-15,2.36E-17,5.39E-21,7.17E-23,1.12E-21,2.62E-19,2.62E-18,1.52E-19,3.06E-21,7.09E-21,7.59E-18,1.88E-14,8.70E-13,9.31E-16,4.83E-21,1.02E-24,5.75E-24,1.39E-19,1.98E-15,3.48E-15,1.94E-19,1.36E-23,6.11E-25,2.72E-22,8.92E-18,8.50E-15,9.61E-16,6.96E-20,4.17E-21,3.56E-20,7.52E-17,6.41E-15,6.82E-15,3.10E-17,5.85E-18,5.00E-16,1.73E-12,2.80E-10,1.08E-11,6.69E-15,4.76E-16,8.07E-14,5.83E-07,0.078503579,0.92131865,0.000177287
Head 3,478,3.20E-18,2.40E-20,1.79E-24,1.31E-27,5.14E-27,9.00E-25,3.26E-22,1.55E-22,6.84E-23,1.60E-26,1.77E-27,2.99E-25,3.82E-22,4.26E-21,8.29E-23,3.01E-25,1.02E-25,2.49E-23,5.39E-20,4.99E-19,1.38E-21,2.18E-25,1.10E-24,6.04E-21,2.42E-16,1.16E-14,1.76E-17,6.77E-23,9.07E-27,1.28E-26,6.68E-24,8.20E-20,1.05E-18,4.01E-21,2.07E-24,2.09E-25,2.62E-23,3.30E-20,2.80E-19,2.00E-21,1.24E-24,9.39E-26,1.23E-22,1.64E-18,1.40E-17,2.00E-20,1.55E-22,5.29E-25,6.53E-22,3.99E-17,1.10E-14,1.12E-14,1.81E-19,4.47E-24,7.24E-27,8.75E-24,6.94E-20,2.47E-18,4.88E-19,2.03E-22,1.26E-24,5.82E-24,7.77E-22,9.90E-21,7.93E-22,9.24E-24,3.45E-24,1.54E-20,9.02E-17,3.42E-16,9.35E-20,9.22E-25,3.35E-27,3.86E-25,2.04E-20,5.34E-17,1.85E-17,5.39E-21,3.98E-24,2.07E-24,7.45E-21,3.31E-16,8.74E-15,3.56E-17,6.88E-21,1.43E-22,2.53E-21,6.80E-19,6.96E-18,3.68E-19,6.81E-21,1.38E-20,1.08E-17,5.61E-14,9.11E-13,1.55E-15,1.25E-20,4.46E-24,3.50E-23,8.65E-19,8.69E-15,3.97E-15,1.00E-18,5.18E-23,1.97E-24,9.80E-22,7.28E-17,3.30E-14,4.03E-17,6.58E-20,3.44E-21,8.96E-20,9.54E-16,8.58E-14,2.63E-14,2.90E-16,3.49E-17,2.06E-15,4.78E-12,6.99E-10,1.63E-11,1.78E-14,1.01E-15,1.75E-12,1.41E-06,0.070370749,0.929431379,0.000196445
Head 3,479,2.52E-17,1.75E-19,2.06E-24,4.77E-28,1.03E-28,1.86E-24,1.23E-20,2.91E-17,1.70E-20,8.31E-25,1.99E-26,2.77E-24,9.17E-21,3.24E-19,6.04E-21,4.76E-24,1.86E-25,3.49E-24,3.01E-21,1.47E-20,2.77E-23,3.66E-27,5.02E-27,1.28E-22,4.83E-17,1.08E-14,1.01E-17,1.02E-23,4.02E-28,3.58E-28,1.24E-23,1.53E-18,5.53E-17,1.01E-19,6.22E-24,5.76E-26,3.05E-24,5.44E-21,1.40E-19,1.37E-21,3.44E-25,1.20E-26,8.72E-23,8.33E-19,3.82E-18,4.85E-21,5.28E-25,9.31E-26,5.31E-22,2.26E-16,3.12E-13,3.13E-14,3.03E-19,1.09E-25,2.81E-26,1.86E-22,2.25E-17,7.79E-14,1.80E-15,4.06E-20,1.07E-23,6.03E-24,8.99E-22,5.17E-20,1.96E-20,5.52E-24,3.05E-23,9.88E-20,3.80E-16,4.99E-16,2.76E-20,5.43E-26,8.19E-29,1.02E-26,9.55E-22,3.43E-18,1.28E-18,6.43E-23,3.90E-27,2.16E-27,5.88E-23,2.68E-17,5.79E-15,5.02E-17,6.74E-21,4.38E-23,6.79E-22,9.06E-19,1.11E-16,7.81E-17,5.88E-18,1.22E-17,1.74E-15,1.39E-12,1.05E-11,6.32E-15,2.41E-20,4.95E-24,4.79E-23,2.51E-18,5.89E-14,3.37E-14,5.51E-19,1.98E-24,1.87E-26,1.06E-22,6.63E-17,2.22E-15,9.05E-17,3.39E-19,4.47E-22,4.31E-20,2.24E-17,3.86E-14,9.31E-14,1.40E-15,4.95E-17,3.74E-16,1.25E-12,8.50E-12,1.41E-13,1.04E-16,1.80E-17,1.04E-13,1.83E-08,0.028195471,0.971570969,0.000233546
Head 3,480,1.49E-18,1.89E-20,6.89E-25,3.38E-29,2.36E-28,2.83E-25,1.98E-20,3.95E-20,2.96E-23,7.81E-27,8.42E-28,1.42E-25,1.93E-22,2.24E-21,4.48E-23,1.77E-25,2.10E-26,1.22E-23,3.13E-20,2.42E-19,2.18E-21,1.01E-24,5.29E-25,2.00E-21,1.05E-16,6.48E-15,1.25E-17,6.64E-23,6.67E-28,6.91E-28,4.07E-24,4.85E-20,6.29E-19,2.71E-21,1.21E-24,9.99E-26,1.04E-23,1.07E-20,8.62E-20,5.58E-22,5.04E-28,4.08E-27,5.02E-23,7.60E-19,5.91E-18,1.79E-20,3.96E-24,4.47E-25,5.24E-22,7.37E-17,1.45E-13,1.32E-14,2.82E-22,1.49E-26,2.17E-27,1.70E-24,2.55E-20,9.64E-18,3.95E-19,1.76E-22,1.15E-24,4.16E-24,4.84E-22,5.20E-21,9.65E-24,1.01E-25,7.43E-25,6.76E-21,8.04E-17,3.92E-16,1.25E-19,1.20E-24,3.69E-27,3.22E-25,1.85E-20,7.06E-17,4.90E-17,2.12E-20,4.44E-24,2.47E-24,9.22E-21,1.19E-16,2.33E-15,1.73E-17,7.61E-21,1.93E-22,3.35E-21,6.83E-19,5.22E-18,2.98E-19,6.51E-21,7.32E-20,2.74E-17,1.12E-13,1.59E-12,2.22E-15,1.24E-20,2.42E-24,1.19E-23,1.42E-19,2.70E-15,5.94E-15,3.72E-18,7.03E-23,1.94E-24,1.63E-21,5.49E-18,2.30E-16,7.33E-16,3.77E-19,1.63E-20,1.11E-19,2.09E-16,5.26E-14,2.97E-14,3.89E-16,4.59E-17,3.03E-15,3.05E-12,2.37E-10,4.19E-11,1.85E-14,1.35E-15,2.23E-13,2.15E-07,0.056682363,0.942601144,0.000716291
Head 3,481,7.39E-19,9.37E-21,1.37E-26,3.16E-29,1.26E-28,3.74E-24,1.16E-20,1.74E-20,1.37E-23,3.65E-27,3.97E-28,7.17E-26,8.37E-23,9.07E-22,1.98E-23,1.43E-26,8.74E-27,5.01E-24,1.33E-20,1.30E-18,1.28E-21,5.41E-25,2.86E-25,1.18E-21,4.40E-17,2.75E-15,5.41E-18,2.75E-24,3.13E-28,3.90E-28,1.74E-24,1.96E-20,2.50E-19,1.03E-21,4.91E-25,3.92E-26,4.63E-24,4.99E-21,4.00E-20,7.83E-26,2.70E-28,2.06E-27,2.22E-23,2.57E-20,3.26E-18,6.87E-21,1.57E-24,1.64E-25,4.50E-22,2.73E-17,6.12E-14,5.23E-18,1.26E-22,6.35E-27,1.04E-27,2.08E-25,1.78E-20,4.78E-18,2.04E-19,8.00E-23,5.36E-25,2.04E-24,2.16E-22,5.35E-22,2.82E-24,2.68E-26,2.77E-25,2.82E-21,3.02E-17,1.46E-16,4.92E-20,4.86E-25,1.43E-27,1.44E-25,6.72E-21,1.03E-17,2.09E-17,8.47E-21,1.09E-24,1.12E-24,3.80E-21,4.12E-17,9.59E-16,7.65E-18,3.56E-21,9.88E-23,1.61E-21,2.74E-19,2.17E-18,1.22E-19,4.51E-20,2.43E-20,1.03E-17,3.40E-14,5.74E-13,8.33E-16,5.11E-21,1.13E-24,1.94E-24,1.11E-19,2.05E-15,1.18E-14,1.73E-18,2.13E-23,9.83E-25,3.54E-22,1.14E-18,4.29E-15,2.54E-16,4.69E-20,2.39E-21,4.17E-20,1.03E-16,2.68E-14,1.68E-14,2.03E-16,4.72E-18,2.08E-16,8.09E-13,1.05E-10,6.39E-12,7.76E-15,3.47E-16,1.09E-13,6.75E-08,0.048551604,0.951218665,0.0002296
Head 3,482,3.11E-17,5.47E-21,6.62E-26,2.47E-29,5.42E-27,2.02E-22,5.51E-18,3.31E-17,1.90E-20,1.08E-24,3.17E-26,3.84E-24,9.02E-21,2.92E-19,1.25E-21,8.63E-25,5.22E-26,3.55E-24,1.15E-19,5.34E-20,1.80E-23,5.74E-27,8.33E-27,1.47E-22,4.46E-17,9.16E-15,6.54E-19,6.91E-24,6.83E-28,9.57E-28,2.05E-23,1.38E-18,4.69E-17,9.97E-20,5.25E-24,5.53E-26,2.80E-24,4.65E-21,4.45E-22,6.79E-25,2.92E-27,1.47E-26,3.29E-25,5.75E-19,3.13E-18,3.69E-21,5.58E-25,2.87E-25,2.10E-22,5.49E-17,2.31E-13,2.97E-15,1.13E-20,1.68E-25,4.26E-27,1.09E-22,9.85E-17,1.37E-13,2.19E-15,6.81E-20,2.22E-23,1.10E-23,4.30E-21,7.11E-21,9.28E-23,2.10E-24,2.12E-23,9.79E-20,3.48E-16,4.94E-16,3.47E-20,8.15E-26,1.17E-28,6.10E-26,7.58E-23,1.71E-18,2.05E-18,5.69E-23,2.89E-27,1.58E-27,2.61E-23,7.54E-18,2.79E-15,6.62E-17,1.59E-20,1.25E-22,1.30E-21,1.11E-18,1.27E-16,1.47E-15,5.65E-17,2.86E-17,2.73E-15,2.13E-12,1.09E-11,7.79E-15,3.63E-20,7.73E-25,2.14E-23,3.62E-18,5.72E-14,5.18E-14,7.26E-19,4.83E-24,1.10E-25,3.32E-23,2.03E-17,4.69E-14,1.77E-16,6.27E-19,7.55E-22,7.08E-21,2.87E-17,5.33E-14,1.87E-13,1.12E-16,4.78E-18,2.07E-16,2.24E-14,6.95E-12,1.94E-13,1.34E-16,6.55E-18,9.73E-15,1.38E-06,0.032671507,0.967033327,0.00029381
Head 3,483,1.84E-19,6.71E-22,5.34E-27,6.38E-29,3.16E-28,9.25E-24,2.86E-19,2.18E-18,1.55E-21,1.19E-25,3.21E-27,2.64E-25,5.95E-22,9.93E-21,1.16E-22,8.62E-26,5.37E-27,1.44E-23,9.34E-21,4.15E-21,1.20E-24,4.17E-28,3.57E-28,6.75E-24,2.54E-18,1.28E-18,3.85E-20,8.30E-25,7.25E-29,1.05E-28,1.54E-24,1.00E-19,4.47E-18,9.63E-21,5.91E-25,5.33E-27,1.67E-25,1.09E-22,2.24E-23,3.30E-26,1.43E-28,3.93E-28,4.30E-24,3.85E-20,2.97E-19,3.67E-22,3.79E-25,2.79E-26,2.46E-23,1.42E-16,5.57E-14,5.28E-16,1.80E-21,4.36E-27,4.93E-28,5.67E-24,4.33E-18,5.14E-15,1.65E-16,8.70E-21,2.96E-24,3.29E-24,1.87E-22,2.35E-22,4.97E-24,1.66E-25,1.98E-24,1.03E-20,5.03E-17,7.98E-17,6.66E-21,1.61E-26,1.45E-28,2.17E-28,2.07E-23,4.58E-19,5.51E-19,9.78E-24,2.73E-28,1.16E-28,1.95E-24,5.80E-19,2.95E-16,1.13E-17,3.59E-21,2.39E-23,2.38E-22,1.48E-19,7.16E-17,1.70E-16,1.38E-17,7.20E-18,7.26E-16,5.26E-13,2.62E-12,1.67E-15,1.40E-22,2.74E-26,1.03E-24,1.19E-19,2.96E-15,1.47E-15,6.39E-20,4.36E-25,5.79E-27,6.19E-24,2.26E-18,2.34E-16,1.07E-15,1.20E-19,2.51E-22,1.22E-21,3.05E-18,4.22E-15,3.48E-16,2.12E-18,3.24E-19,6.13E-18,3.02E-14,1.10E-12,1.50E-14,1.75E-17,1.28E-18,3.02E-14,2.97E-09,0.004796776,0.995142579,6.06E-05
Head 3,484,3.68E-19,7.31E-22,3.05E-25,5.89E-29,3.32E-28,1.06E-23,3.21E-19,2.40E-18,1.97E-21,1.49E-25,3.21E-27,2.80E-25,6.33E-22,1.19E-20,1.27E-22,9.85E-26,1.07E-26,1.57E-23,1.06E-20,4.47E-21,1.58E-24,3.75E-28,3.54E-28,7.31E-24,9.58E-22,9.43E-19,4.76E-20,9.04E-25,8.28E-29,8.72E-29,1.15E-24,1.00E-19,4.14E-18,1.01E-20,5.98E-25,4.79E-27,3.40E-24,1.24E-22,2.38E-23,3.35E-26,2.05E-26,7.58E-28,4.48E-24,4.21E-20,2.59E-19,3.37E-22,3.31E-25,3.17E-26,6.38E-21,2.13E-16,6.54E-14,6.23E-16,2.33E-21,8.85E-27,6.88E-28,7.12E-24,3.99E-18,5.58E-15,1.92E-16,9.62E-21,2.37E-25,1.85E-24,8.05E-23,1.65E-22,4.53E-24,1.70E-25,2.03E-24,1.22E-20,5.52E-17,8.95E-17,7.06E-21,1.19E-25,1.80E-29,5.15E-28,5.74E-23,8.17E-18,6.37E-19,7.21E-24,2.28E-28,1.28E-28,2.40E-24,7.29E-19,4.61E-16,1.71E-17,4.57E-21,3.45E-23,2.89E-22,9.84E-20,6.88E-17,2.64E-16,1.72E-17,8.74E-18,8.13E-16,6.19E-13,3.17E-12,7.68E-17,5.65E-23,2.10E-26,2.18E-24,1.30E-19,1.64E-15,1.54E-15,4.24E-20,3.32E-25,4.38E-27,7.24E-24,4.52E-19,1.28E-14,1.08E-15,2.40E-19,3.75E-22,1.53E-21,3.47E-18,7.31E-16,1.58E-16,1.69E-18,1.00E-18,2.81E-17,4.85E-14,1.90E-13,1.61E-14,3.39E-17,7.47E-18,7.90E-16,3.12E-09,0.106654376,0.893278718,6.69E-05
Head 3,485,3.24E-19,4.19E-20,1.11E-24,7.00E-28,2.19E-27,7.22E-24,1.59E-20,2.87E-20,3.29E-23,1.15E-26,1.23E-27,1.34E-25,1.40E-22,9.27E-22,1.18E-23,1.60E-27,4.77E-26,4.50E-22,1.58E-18,3.72E-18,3.65E-21,1.68E-24,8.28E-25,1.05E-24,1.08E-20,4.55E-18,1.79E-19,7.18E-24,1.27E-27,8.81E-28,2.88E-24,2.63E-20,3.73E-19,1.89E-21,1.11E-24,8.31E-25,9.18E-23,2.64E-21,2.10E-22,5.47E-22,6.35E-28,4.28E-27,3.68E-23,4.34E-19,4.46E-18,1.38E-19,1.30E-22,4.98E-24,4.26E-22,2.74E-18,4.51E-16,4.08E-17,5.30E-22,7.58E-27,5.51E-28,7.09E-25,2.41E-20,5.46E-18,3.02E-19,3.23E-25,6.69E-26,1.89E-24,1.41E-22,1.33E-22,1.60E-24,4.01E-26,6.17E-25,5.77E-21,5.74E-17,3.37E-16,3.20E-19,9.09E-24,9.55E-27,2.26E-25,4.01E-20,9.74E-17,3.50E-17,1.00E-20,4.97E-24,4.66E-24,9.62E-21,9.53E-17,2.50E-15,2.75E-17,1.92E-20,4.86E-22,1.58E-21,5.71E-19,3.32E-17,6.50E-18,1.30E-19,8.79E-20,2.83E-17,7.96E-14,9.48E-14,3.52E-17,2.50E-22,3.30E-24,2.21E-23,2.08E-19,1.32E-15,7.32E-16,5.08E-19,8.52E-23,2.79E-24,1.05E-21,4.51E-17,1.25E-14,1.46E-15,1.69E-18,2.62E-20,3.54E-19,7.54E-16,8.09E-15,4.27E-16,6.98E-17,1.39E-18,6.35E-16,8.37E-13,2.17E-10,6.64E-11,3.71E-14,2.05E-15,4.39E-13,1.10E-06,0.134213865,0.865139842,0.000645113
Head 3,486,4.27E-18,2.84E-20,1.55E-24,1.14E-27,3.77E-27,1.31E-23,2.70E-20,3.75E-20,3.51E-23,1.25E-26,6.60E-28,1.59E-25,1.57E-22,9.99E-22,8.07E-26,2.02E-27,5.11E-26,4.58E-22,1.77E-18,3.35E-18,3.82E-21,2.33E-24,8.40E-27,8.65E-25,1.67E-20,6.05E-18,1.80E-19,7.26E-24,1.10E-27,9.65E-28,3.07E-24,2.74E-20,3.15E-19,1.46E-21,6.27E-25,1.05E-24,1.11E-22,3.26E-21,9.78E-20,2.45E-25,9.54E-28,6.31E-27,4.82E-23,6.24E-20,3.78E-18,1.49E-19,1.00E-22,3.76E-24,3.69E-22,2.02E-18,8.76E-16,3.89E-17,4.52E-22,8.67E-27,8.20E-28,1.22E-24,4.08E-20,7.48E-18,1.54E-22,2.43E-25,3.43E-26,1.50E-24,1.35E-22,1.67E-22,2.02E-24,5.31E-26,7.38E-25,5.78E-21,4.96E-17,3.47E-16,3.87E-19,7.65E-24,1.11E-26,1.20E-24,3.26E-20,5.52E-17,1.99E-17,6.96E-21,4.33E-24,4.58E-24,1.28E-20,1.22E-16,2.51E-15,2.56E-17,1.50E-20,2.05E-22,1.11E-21,7.10E-19,2.89E-17,5.35E-18,9.14E-20,5.60E-20,1.69E-17,1.49E-14,4.35E-14,1.98E-17,9.07E-21,3.35E-24,1.96E-23,2.19E-19,6.57E-16,1.60E-15,2.48E-18,8.66E-23,4.51E-24,1.99E-21,4.18E-17,1.53E-14,1.37E-15,1.38E-18,2.08E-20,1.40E-18,4.22E-16,7.43E-15,1.08E-14,3.76E-18,2.32E-18,2.00E-16,6.92E-13,3.47E-10,2.05E-11,7.38E-14,2.09E-15,2.50E-12,1.39E-06,0.091131955,0.908608973,0.000257613
Head 3,487,3.02E-17,3.95E-19,2.67E-23,2.82E-26,1.25E-25,4.28E-22,5.78E-19,5.14E-19,3.98E-22,3.66E-26,7.98E-27,1.81E-24,1.59E-21,3.12E-22,1.21E-24,2.57E-26,5.40E-25,4.15E-21,1.05E-17,2.24E-17,4.44E-20,5.87E-24,1.54E-25,3.28E-23,3.93E-19,7.38E-17,1.87E-18,6.13E-23,1.14E-26,1.07E-26,3.33E-23,2.15E-19,1.77E-18,6.60E-22,6.85E-24,1.11E-23,1.26E-21,2.00E-19,6.78E-21,7.01E-24,3.12E-26,1.66E-25,1.71E-22,4.75E-19,2.81E-17,7.31E-19,5.40E-22,3.05E-23,2.57E-21,9.34E-18,4.45E-15,1.37E-16,2.69E-21,9.22E-26,1.88E-26,3.96E-23,1.07E-18,9.40E-19,2.19E-21,1.87E-24,3.06E-25,1.44E-23,1.78E-21,2.50E-21,3.85E-23,9.74E-25,9.84E-24,4.71E-20,2.38E-16,4.28E-16,1.24E-18,4.59E-23,1.61E-25,1.00E-23,1.26E-19,1.56E-16,5.54E-17,2.32E-20,2.31E-23,4.72E-23,1.80E-19,1.39E-15,2.19E-14,1.53E-16,2.20E-19,7.05E-22,8.72E-21,3.74E-18,1.39E-16,2.27E-17,3.30E-19,1.63E-19,2.18E-17,2.04E-14,6.27E-14,2.13E-15,4.42E-20,4.58E-23,3.69E-22,3.07E-18,1.79E-14,8.16E-14,1.55E-17,4.64E-22,4.38E-23,2.00E-20,5.48E-16,1.06E-13,6.25E-15,5.08E-18,1.36E-19,3.94E-18,2.94E-15,2.82E-13,6.11E-15,7.09E-17,3.07E-17,1.21E-15,7.96E-12,1.36E-09,1.73E-10,4.39E-13,2.96E-14,2.01E-11,5.92E-06,0.111107349,0.888604045,0.000282632
Head 3,488,1.06E-16,1.32E-18,1.05E-22,1.33E-25,7.08E-25,2.24E-21,2.36E-18,1.98E-18,3.37E-22,1.32E-25,2.65E-26,5.46E-24,4.06E-21,1.31E-21,4.35E-24,8.81E-26,2.00E-24,1.11E-20,2.80E-17,6.88E-17,5.52E-20,1.38E-23,8.28E-25,1.45E-22,1.39E-18,2.75E-16,5.96E-18,1.89E-22,3.30E-26,3.48E-26,1.04E-22,5.48E-19,3.30E-19,2.38E-21,2.32E-23,3.43E-23,5.74E-22,2.02E-19,2.66E-20,3.18E-23,1.40E-25,4.29E-24,4.87E-22,1.35E-18,1.15E-16,1.40E-18,1.42E-21,7.92E-23,2.45E-21,3.34E-17,1.10E-14,3.87E-16,6.19E-21,3.22E-25,8.31E-26,1.63E-22,3.02E-18,2.98E-18,4.71E-21,4.73E-24,8.22E-25,5.09E-23,6.29E-21,1.04E-20,1.56E-22,3.73E-24,3.55E-23,1.72E-19,4.23E-17,1.01E-15,3.80E-18,9.57E-23,5.45E-25,1.90E-23,2.48E-19,3.50E-16,1.16E-16,5.36E-20,6.42E-23,1.66E-22,6.00E-19,4.84E-15,6.95E-14,5.67E-15,4.15E-19,3.50E-21,2.79E-20,9.57E-18,3.27E-16,5.26E-17,7.72E-19,1.04E-19,3.09E-17,3.07E-14,1.22E-12,3.86E-15,1.64E-19,1.93E-22,7.14E-22,1.69E-17,1.72E-13,2.01E-13,8.88E-18,2.35E-21,1.33E-22,1.22E-19,2.27E-15,3.52E-13,1.64E-14,1.93E-18,1.31E-19,9.65E-18,3.55E-15,2.42E-13,2.56E-14,1.56E-15,9.15E-17,1.15E-14,6.32E-11,1.47E-09,4.05E-10,5.66E-13,6.97E-14,5.33E-11,2.49E-06,0.154463306,0.845063567,0.000470583
Head 3,489,1.32E-16,1.88E-18,1.58E-22,2.31E-25,1.23E-24,3.07E-21,3.60E-18,9.98E-19,5.43E-22,1.81E-25,3.14E-26,5.44E-23,6.75E-21,1.84E-21,5.94E-24,1.38E-25,2.34E-24,1.36E-20,3.66E-17,1.09E-17,4.71E-20,2.35E-23,1.14E-24,1.82E-22,1.91E-18,3.80E-16,8.53E-18,2.28E-22,4.33E-26,4.44E-26,1.11E-22,3.09E-19,4.78E-19,3.44E-21,2.86E-23,4.13E-24,6.06E-21,2.63E-19,3.88E-20,4.31E-23,6.99E-23,5.42E-24,6.12E-22,8.18E-18,1.00E-16,1.54E-18,1.45E-21,3.06E-23,3.94E-21,4.75E-17,1.75E-14,4.18E-16,8.91E-21,4.93E-25,1.06E-25,7.56E-21,3.37E-18,2.77E-18,5.25E-21,5.20E-24,1.13E-24,6.63E-23,9.49E-21,1.49E-20,2.17E-22,5.29E-24,9.53E-23,7.61E-21,5.87E-17,1.72E-15,4.33E-18,1.52E-22,4.91E-25,1.90E-23,3.28E-19,4.67E-16,1.61E-16,7.18E-20,9.08E-23,2.13E-22,8.57E-19,6.99E-15,1.37E-12,6.30E-15,1.21E-18,6.63E-21,3.80E-20,1.17E-17,4.18E-16,7.20E-17,8.88E-20,8.96E-20,3.29E-17,8.62E-14,1.40E-12,7.30E-15,3.40E-19,3.35E-23,9.83E-22,3.54E-17,2.16E-13,4.11E-14,5.21E-17,3.18E-21,3.22E-22,2.42E-19,4.09E-15,5.59E-13,5.87E-16,9.20E-19,1.52E-19,1.96E-18,1.18E-14,3.86E-13,3.85E-13,2.26E-15,5.18E-16,4.80E-14,8.35E-12,2.00E-09,2.42E-10,5.21E-13,8.80E-14,1.37E-11,2.65E-06,0.103526667,0.895810723,0.00065993
Head 3,490,9.95E-17,1.38E-18,1.15E-22,1.53E-25,6.18E-25,1.87E-21,1.15E-18,7.90E-19,3.77E-22,1.17E-25,9.78E-26,5.57E-23,5.83E-21,1.47E-21,5.20E-24,8.90E-26,1.76E-24,1.20E-20,7.74E-19,6.10E-18,4.01E-20,1.46E-23,6.32E-25,1.06E-22,1.23E-18,3.18E-16,5.68E-18,1.55E-22,2.58E-26,2.16E-26,2.93E-22,2.18E-19,3.68E-19,2.24E-21,1.85E-23,3.26E-23,4.00E-21,1.78E-19,2.19E-20,5.48E-20,4.40E-23,3.71E-24,3.23E-21,5.51E-18,8.06E-17,9.90E-19,5.42E-22,2.18E-23,3.16E-21,4.30E-17,1.25E-14,3.65E-16,7.27E-21,3.19E-25,7.58E-24,3.48E-21,1.44E-18,1.47E-18,2.57E-21,2.96E-24,6.09E-25,4.07E-23,5.47E-21,7.88E-21,1.16E-22,8.65E-24,4.34E-24,6.86E-21,6.67E-17,4.39E-15,3.51E-18,7.03E-23,2.31E-25,1.27E-23,2.83E-19,4.65E-16,1.64E-16,6.52E-20,6.86E-23,1.59E-22,5.95E-19,1.69E-14,8.37E-13,8.90E-15,1.21E-18,5.06E-21,2.59E-20,8.73E-18,3.50E-16,3.39E-18,4.75E-20,6.51E-20,4.11E-17,8.15E-14,1.77E-12,8.66E-15,6.59E-21,1.41E-23,1.31E-21,2.48E-17,4.81E-14,1.77E-13,4.10E-17,2.48E-21,2.60E-22,1.81E-19,2.92E-15,8.16E-15,1.53E-16,5.62E-19,5.49E-20,1.05E-17,1.04E-14,8.10E-13,2.77E-13,5.57E-15,2.50E-16,3.25E-15,8.22E-12,2.90E-09,1.25E-10,4.01E-13,4.83E-14,1.03E-11,1.62E-06,0.078620046,0.920595407,0.000782939
Head 3,491,4.71E-17,7.15E-19,5.92E-23,6.64E-26,2.86E-25,3.93E-22,5.60E-19,3.71E-19,1.92E-22,8.91E-27,5.37E-26,2.67E-23,2.77E-21,8.64E-22,2.39E-24,4.62E-26,9.61E-25,1.90E-22,3.17E-19,3.68E-18,2.09E-20,6.98E-24,2.72E-25,3.83E-23,6.12E-19,1.32E-16,2.90E-18,8.11E-23,1.18E-26,1.28E-25,1.40E-22,1.08E-19,1.60E-19,1.38E-20,1.15E-23,1.60E-23,1.94E-21,7.54E-20,3.11E-18,2.79E-20,2.60E-23,3.02E-24,1.27E-21,2.35E-18,3.05E-17,3.29E-19,2.49E-22,1.35E-23,1.89E-21,2.30E-17,7.43E-15,2.32E-16,4.76E-21,6.25E-24,2.63E-24,1.00E-21,5.25E-19,5.37E-19,1.13E-21,1.33E-24,2.98E-25,1.85E-23,2.21E-21,3.46E-21,1.47E-22,1.34E-24,2.92E-24,5.11E-21,5.35E-16,2.61E-15,1.75E-18,3.83E-23,1.48E-25,9.09E-24,1.87E-19,3.39E-16,1.10E-16,4.34E-20,4.55E-23,9.08E-23,2.18E-19,7.72E-15,7.40E-13,6.63E-15,8.51E-19,3.05E-21,1.51E-20,5.50E-18,3.42E-17,1.34E-18,2.48E-20,1.43E-19,2.77E-17,7.67E-14,1.66E-12,1.41E-16,2.79E-21,7.88E-23,7.54E-22,7.11E-18,7.13E-14,1.07E-13,1.66E-17,1.73E-21,1.79E-22,1.10E-19,1.35E-16,1.88E-15,7.57E-17,2.29E-18,8.31E-20,7.31E-18,2.04E-15,4.56E-13,4.07E-13,3.79E-16,7.01E-17,2.65E-15,3.32E-11,8.36E-10,7.61E-11,7.18E-13,3.34E-14,7.00E-12,8.53E-07,0.050150827,0.949076593,0.000771728
Head 3,492,8.58E-17,6.58E-19,1.53E-23,7.30E-27,1.55E-26,5.67E-22,1.21E-17,4.71E-17,1.27E-22,4.77E-25,6.72E-25,1.72E-22,2.72E-20,8.49E-21,1.76E-23,1.05E-25,1.75E-25,9.40E-24,6.00E-21,3.15E-20,1.06E-22,2.25E-26,7.82E-28,4.42E-25,3.15E-20,3.33E-17,9.57E-19,1.05E-23,1.13E-27,1.58E-27,1.65E-23,2.10E-19,4.48E-17,2.00E-20,2.43E-23,3.44E-24,9.36E-23,9.97E-21,2.68E-19,4.18E-21,5.61E-24,5.16E-24,1.72E-21,2.62E-18,4.21E-18,2.09E-19,5.84E-22,1.09E-22,7.52E-20,4.13E-15,2.59E-12,4.00E-14,8.56E-20,1.53E-24,3.89E-25,1.27E-21,1.35E-17,1.18E-16,2.42E-19,4.24E-23,7.10E-25,7.84E-24,9.05E-22,5.96E-21,5.57E-22,1.43E-23,2.36E-23,7.70E-19,1.61E-15,2.14E-15,3.63E-19,2.00E-24,4.40E-27,3.96E-25,2.52E-20,4.93E-17,3.64E-18,1.05E-22,8.89E-27,1.54E-26,3.87E-22,8.58E-16,1.25E-12,2.39E-14,7.40E-19,4.36E-22,1.63E-21,5.22E-18,2.25E-16,1.18E-16,7.08E-17,2.02E-17,3.06E-15,2.50E-12,3.06E-12,2.25E-16,3.25E-20,1.15E-23,1.60E-22,6.39E-18,7.33E-14,3.18E-14,1.65E-18,2.67E-23,1.20E-24,7.46E-22,6.60E-18,1.55E-15,8.76E-15,2.39E-19,6.13E-21,1.37E-20,5.94E-17,1.21E-13,1.10E-14,1.69E-15,3.10E-17,2.29E-15,4.07E-13,8.68E-12,2.10E-13,5.10E-16,6.92E-17,4.45E-14,4.32E-08,0.026895216,0.972581089,0.000523666
Head 3,493,2.03E-18,2.06E-20,4.93E-25,4.17E-29,2.83E-28,9.67E-24,2.58E-19,9.48E-22,3.79E-24,1.89E-26,2.72E-26,8.56E-24,9.77E-22,3.52E-22,8.93E-25,2.37E-25,1.29E-26,6.73E-25,3.10E-22,1.23E-21,2.88E-24,3.28E-28,1.08E-29,4.68E-27,4.75E-22,8.23E-19,3.75E-20,2.72E-24,9.18E-29,9.70E-29,6.19E-25,6.07E-20,1.51E-19,1.10E-21,1.59E-24,1.79E-25,2.13E-25,2.65E-22,7.06E-21,2.05E-23,1.90E-25,1.76E-25,6.36E-23,3.04E-21,1.66E-19,1.13E-20,3.09E-23,5.83E-24,4.62E-21,3.58E-16,3.58E-13,3.04E-15,5.73E-21,4.43E-26,7.44E-27,1.66E-23,1.50E-19,1.70E-18,5.85E-21,1.45E-24,2.82E-26,3.48E-25,3.52E-23,2.09E-22,4.30E-23,1.40E-24,2.18E-23,5.11E-20,1.10E-16,2.73E-16,5.14E-20,2.84E-25,5.79E-28,5.60E-26,3.47E-21,6.80E-18,6.42E-19,1.61E-23,3.19E-27,5.24E-28,2.22E-23,3.17E-17,5.80E-14,1.70E-15,8.08E-20,7.20E-23,1.46E-21,2.20E-19,1.26E-17,1.64E-16,1.01E-17,9.77E-18,1.15E-15,1.01E-12,4.06E-13,1.02E-15,3.26E-21,1.06E-25,5.90E-24,1.61E-19,1.37E-15,1.16E-15,9.12E-20,1.53E-24,5.35E-26,1.12E-23,2.87E-19,1.30E-14,2.10E-17,3.52E-20,2.93E-22,1.47E-21,4.75E-18,8.61E-16,9.49E-15,1.00E-16,2.13E-18,3.50E-17,2.98E-14,1.58E-13,2.11E-14,7.39E-17,4.33E-18,1.97E-15,3.26E-09,0.003074716,0.996847689,7.76E-05
Head 3,494,1.36E-18,1.57E-20,1.35E-25,3.76E-29,2.27E-28,6.22E-24,2.06E-22,5.87E-22,3.31E-24,1.86E-26,3.50E-26,7.34E-24,8.35E-22,3.61E-22,3.62E-22,2.99E-25,2.00E-26,8.14E-25,3.01E-22,1.02E-21,1.89E-24,2.38E-28,6.15E-30,2.64E-27,2.66E-22,4.63E-19,1.54E-18,3.58E-24,1.42E-28,1.15E-28,6.78E-25,8.88E-21,1.21E-19,1.17E-21,1.60E-24,7.63E-27,1.94E-25,2.15E-22,1.09E-21,1.93E-23,1.82E-25,1.61E-25,1.17E-24,2.30E-21,1.47E-19,1.12E-20,3.31E-23,7.13E-24,5.96E-21,4.21E-16,3.58E-13,2.60E-15,3.95E-21,3.81E-26,6.23E-27,1.03E-23,7.47E-20,9.71E-19,4.06E-21,1.30E-24,3.14E-26,5.57E-25,9.49E-24,3.74E-22,9.81E-23,3.11E-24,2.45E-23,3.78E-20,1.23E-16,3.17E-16,7.44E-20,6.28E-25,1.55E-27,1.38E-25,5.37E-21,1.07E-17,9.95E-19,4.14E-22,3.54E-27,1.17E-27,2.65E-23,2.36E-17,4.17E-14,1.60E-15,1.31E-19,4.15E-22,6.21E-22,1.53E-19,5.77E-17,1.90E-16,3.05E-17,2.50E-17,4.33E-15,1.05E-12,2.78E-12,1.36E-15,2.14E-22,1.20E-24,5.04E-24,1.17E-19,7.96E-16,8.23E-16,8.73E-20,1.44E-24,2.60E-26,1.04E-23,5.95E-18,1.68E-16,3.07E-17,3.49E-19,5.18E-22,3.00E-21,9.27E-18,3.76E-15,7.99E-15,6.05E-18,5.34E-19,3.27E-17,2.55E-15,1.92E-13,4.06E-14,8.96E-17,4.04E-18,1.98E-15,2.80E-09,0.080580659,0.919351697,6.76E-05
Head 3,495,1.26E-18,1.06E-20,1.34E-25,3.44E-29,1.85E-28,4.67E-26,1.80E-22,5.84E-22,3.29E-24,2.47E-26,3.43E-26,7.49E-24,9.62E-22,2.82E-20,3.10E-22,3.68E-25,2.27E-26,9.15E-25,3.18E-22,9.81E-22,1.74E-24,1.71E-28,4.55E-30,2.09E-27,1.92E-22,5.13E-16,1.99E-18,4.79E-24,1.61E-28,4.41E-29,8.00E-25,8.10E-21,1.31E-19,1.00E-21,9.21E-25,7.35E-27,1.99E-25,9.26E-22,1.16E-21,2.01E-23,1.74E-25,1.35E-26,1.24E-24,2.58E-21,1.62E-19,1.08E-20,3.52E-23,8.30E-24,6.06E-21,3.80E-16,3.27E-13,1.83E-15,3.46E-21,3.60E-26,5.56E-27,7.79E-24,5.89E-20,7.41E-19,3.40E-21,1.28E-24,2.16E-25,5.73E-26,2.09E-23,1.05E-21,6.14E-23,3.56E-24,1.64E-23,4.34E-20,1.51E-16,4.04E-16,1.32E-19,1.12E-24,2.89E-27,1.95E-25,8.47E-21,1.53E-17,5.60E-17,4.04E-22,7.60E-27,1.76E-27,2.62E-23,2.19E-17,4.18E-14,2.07E-15,7.97E-20,1.18E-22,3.86E-22,8.02E-20,6.17E-17,4.32E-16,5.50E-17,1.83E-17,3.76E-15,9.85E-13,3.47E-12,1.12E-16,8.89E-21,1.07E-24,8.05E-24,1.12E-19,7.26E-16,8.37E-16,5.47E-20,1.12E-24,2.68E-26,2.68E-23,3.94E-19,2.43E-16,2.49E-15,4.70E-19,1.29E-21,2.41E-20,4.11E-18,3.76E-15,2.31E-16,2.09E-18,5.07E-19,7.71E-18,3.97E-15,4.94E-13,5.56E-14,9.71E-17,4.41E-18,1.99E-15,2.28E-07,0.107876845,0.892031014,9.19E-05
Head 3,496,7.69E-19,9.09E-21,4.33E-25,3.06E-28,9.88E-29,7.92E-26,1.12E-23,3.60E-24,2.02E-26,4.57E-28,3.31E-27,1.69E-24,2.83E-22,1.25E-21,2.35E-23,1.15E-25,6.86E-26,1.97E-23,2.42E-20,1.49E-19,3.31E-22,4.45E-26,1.02E-27,1.34E-25,1.64E-17,2.06E-15,9.53E-18,1.10E-22,1.05E-27,1.43E-26,7.14E-24,3.88E-21,6.60E-21,1.98E-21,1.60E-24,1.72E-25,4.79E-22,8.86E-21,3.19E-21,1.35E-23,6.90E-26,1.70E-26,3.69E-24,9.97E-21,4.23E-19,1.48E-20,1.99E-23,1.15E-24,1.28E-21,6.02E-17,1.41E-14,1.84E-16,2.49E-21,1.76E-25,2.92E-26,5.66E-24,1.96E-21,2.79E-21,1.44E-23,8.72E-25,7.63E-27,2.79E-25,1.20E-22,6.87E-22,1.29E-23,2.01E-25,1.75E-24,9.88E-21,8.20E-17,7.51E-16,7.73E-19,2.19E-23,8.63E-26,4.22E-24,7.37E-20,1.91E-15,6.53E-16,9.64E-20,1.18E-23,3.29E-24,7.34E-21,2.38E-16,3.02E-14,8.17E-17,2.79E-20,4.92E-22,1.35E-21,4.78E-19,3.50E-17,1.03E-17,1.16E-20,2.72E-20,5.61E-17,1.34E-13,1.08E-13,3.38E-15,2.91E-20,9.09E-24,2.84E-23,1.40E-19,5.67E-16,3.03E-16,5.66E-19,1.45E-22,8.56E-24,1.55E-21,4.54E-18,1.36E-14,1.10E-15,2.74E-18,5.68E-20,2.13E-19,2.08E-16,7.72E-15,2.91E-16,2.77E-18,5.32E-18,3.82E-16,2.54E-12,3.97E-10,6.61E-11,1.46E-13,3.78E-15,2.98E-12,1.38E-06,0.104057126,0.895244539,0.000696897
Head 3,497,1.21E-18,1.16E-20,5.13E-25,2.34E-29,1.38E-28,1.18E-25,1.72E-23,6.14E-24,2.21E-26,4.17E-28,3.19E-27,2.90E-25,1.69E-22,1.33E-21,2.08E-23,8.65E-26,4.39E-26,1.32E-23,2.19E-20,1.33E-19,3.52E-22,5.43E-26,1.13E-27,7.01E-22,3.61E-17,2.77E-15,7.53E-18,4.60E-24,1.36E-26,9.64E-27,6.63E-24,3.50E-21,2.19E-19,1.27E-21,1.12E-24,2.32E-23,3.66E-22,9.25E-21,3.51E-21,4.80E-23,9.43E-26,2.02E-26,3.54E-24,9.52E-21,3.85E-19,1.40E-20,1.81E-23,5.52E-25,9.53E-22,4.25E-17,1.09E-14,1.14E-16,1.68E-21,1.40E-25,3.38E-26,9.62E-24,3.81E-21,5.60E-21,6.46E-22,1.63E-25,1.12E-26,5.48E-25,6.05E-22,9.45E-22,8.55E-24,1.85E-25,1.83E-24,9.44E-21,7.46E-17,5.74E-16,5.13E-19,1.52E-23,6.55E-26,3.19E-24,6.20E-19,1.22E-15,5.09E-16,6.32E-20,8.56E-24,3.16E-24,9.72E-21,3.77E-16,5.25E-15,2.83E-17,1.07E-20,1.22E-22,7.68E-22,8.04E-19,3.90E-17,2.81E-19,6.14E-21,8.82E-20,2.55E-17,2.10E-14,1.04E-12,2.10E-15,2.70E-20,1.19E-23,3.98E-23,2.15E-19,3.40E-16,1.18E-15,7.77E-19,1.57E-22,7.97E-24,1.71E-21,5.64E-17,1.27E-14,2.07E-15,2.36E-19,1.11E-20,1.78E-19,6.44E-16,6.48E-15,4.15E-16,7.46E-17,8.34E-18,1.50E-15,3.01E-12,3.71E-10,7.78E-11,1.57E-13,5.97E-15,3.51E-12,1.53E-06,0.107367866,0.892018199,0.000612441
Head 3,498,6.62E-18,5.79E-20,5.05E-26,1.11E-28,6.82E-28,7.02E-25,1.30E-22,3.19E-23,9.24E-26,1.67E-27,3.75E-27,5.78E-25,6.03E-22,3.91E-21,4.87E-23,1.59E-25,7.07E-26,2.80E-23,4.96E-20,3.90E-19,1.30E-21,2.25E-25,1.41E-24,6.45E-21,1.96E-16,7.47E-15,3.84E-19,1.24E-22,1.90E-26,1.89E-26,1.60E-23,3.58E-20,3.76E-19,2.21E-21,1.62E-22,3.98E-23,8.26E-22,2.41E-20,2.43E-20,2.16E-22,3.88E-25,6.68E-26,1.21E-23,2.77E-20,1.10E-18,4.02E-20,2.81E-24,9.92E-25,1.59E-21,7.19E-17,1.37E-14,1.36E-16,2.42E-21,3.28E-25,1.51E-25,6.73E-23,3.65E-20,5.97E-19,9.72E-22,7.40E-25,5.42E-26,2.48E-23,2.16E-21,1.63E-21,2.35E-23,6.44E-25,5.72E-24,2.43E-20,1.40E-16,7.18E-16,6.25E-19,1.82E-23,8.57E-26,5.32E-23,6.76E-19,1.98E-15,5.56E-16,7.75E-20,1.44E-23,8.55E-24,4.12E-20,7.21E-16,7.06E-15,2.99E-17,3.29E-20,1.31E-22,3.86E-21,1.87E-18,8.82E-18,3.51E-19,1.42E-19,7.03E-20,1.35E-17,4.46E-14,7.21E-13,1.86E-15,4.96E-20,3.27E-23,1.52E-22,6.97E-19,4.80E-15,5.97E-15,6.06E-18,1.98E-22,1.70E-23,6.80E-21,1.24E-16,4.57E-14,5.13E-17,8.32E-19,1.38E-20,3.04E-18,1.12E-15,2.10E-14,3.05E-14,2.53E-16,8.50E-17,3.89E-15,4.78E-12,7.21E-10,1.37E-10,1.05E-13,8.99E-15,7.00E-12,2.61E-06,0.053480335,0.946129978,0.000387081
Head 3,499,1.58E-17,3.13E-21,1.38E-25,2.41E-28,1.42E-27,1.74E-24,2.60E-22,6.71E-23,2.29E-25,3.72E-26,6.04E-27,1.46E-24,1.28E-21,7.72E-21,9.36E-23,2.67E-25,1.38E-25,5.06E-23,9.45E-20,7.51E-19,2.43E-21,5.02E-24,5.07E-24,1.62E-20,3.41E-16,3.26E-17,2.79E-17,1.83E-22,3.00E-26,2.99E-26,7.69E-24,5.71E-20,6.95E-19,2.90E-20,2.37E-22,6.59E-23,1.31E-21,1.64E-20,5.38E-20,4.83E-22,8.39E-25,1.62E-25,2.59E-23,5.86E-20,2.38E-18,6.96E-21,5.49E-24,1.81E-24,2.84E-21,1.07E-16,1.87E-14,2.00E-16,4.07E-21,6.28E-25,3.03E-25,1.63E-22,2.64E-19,3.25E-19,3.14E-21,2.87E-24,1.99E-24,4.80E-23,1.58E-21,1.87E-21,4.07E-23,1.23E-24,1.19E-23,4.85E-20,2.22E-16,1.14E-15,9.08E-19,2.73E-23,3.52E-24,6.13E-23,1.66E-18,3.10E-15,8.53E-16,1.24E-19,2.47E-23,1.73E-23,1.51E-19,7.59E-16,7.17E-15,4.72E-16,4.19E-20,1.02E-21,9.79E-21,2.86E-18,9.92E-18,1.39E-17,2.01E-19,3.37E-20,2.56E-17,5.29E-14,7.50E-13,2.72E-15,8.24E-20,5.61E-23,1.01E-22,2.41E-18,1.38E-14,4.60E-14,2.87E-18,3.21E-22,2.61E-23,1.25E-20,3.94E-16,1.15E-15,1.74E-15,1.32E-18,8.09E-20,3.06E-18,1.93E-15,1.52E-13,6.16E-14,1.70E-15,2.20E-16,6.11E-15,8.51E-12,1.05E-09,6.32E-11,9.86E-14,1.35E-14,1.12E-11,6.67E-07,0.088548094,0.911052525,0.000398747
Head 3,500,2.72E-18,7.36E-21,2.18E-25,3.31E-28,2.37E-27,2.60E-24,4.57E-22,1.38E-22,1.39E-22,4.43E-26,8.99E-27,1.74E-24,1.55E-21,9.88E-21,1.04E-22,3.05E-25,1.40E-25,5.63E-23,1.15E-19,9.36E-19,1.18E-20,1.09E-23,8.63E-24,2.25E-20,1.69E-19,2.53E-14,3.80E-17,2.16E-22,2.89E-26,2.38E-27,8.01E-24,7.26E-20,8.06E-19,3.34E-20,2.75E-22,6.79E-23,9.68E-23,2.29E-20,8.34E-20,7.89E-22,1.32E-24,2.28E-25,3.62E-23,7.75E-20,3.18E-18,1.02E-20,7.37E-24,2.16E-24,3.25E-21,1.18E-16,2.25E-14,2.55E-16,4.65E-21,6.59E-25,3.66E-25,1.61E-22,2.98E-20,7.66E-19,8.85E-21,3.14E-23,2.63E-24,2.26E-23,1.19E-21,2.42E-21,5.84E-23,2.08E-24,1.98E-23,7.06E-20,3.02E-16,1.39E-15,1.07E-18,1.82E-21,2.50E-24,1.19E-22,2.22E-18,3.70E-15,9.92E-16,1.33E-19,2.76E-23,5.53E-23,1.38E-19,8.48E-16,1.22E-13,5.72E-16,2.77E-19,2.05E-21,3.43E-20,1.88E-18,7.84E-17,1.43E-17,1.76E-20,1.11E-19,2.16E-17,4.67E-14,7.71E-13,3.15E-15,9.29E-20,4.93E-24,1.36E-22,5.32E-18,4.81E-14,1.70E-14,3.37E-18,6.78E-22,3.20E-23,2.85E-20,4.20E-17,4.76E-14,2.45E-15,4.54E-19,4.72E-20,3.49E-18,8.67E-16,2.05E-13,2.04E-13,3.19E-15,2.61E-16,7.42E-15,8.39E-12,1.14E-09,3.77E-11,9.20E-14,1.48E-14,2.73E-12,9.49E-07,0.083896019,0.915612102,0.000490898
Head 3,501,1.37E-17,1.14E-20,4.55E-26,1.82E-29,1.47E-28,2.01E-24,1.03E-20,4.58E-17,2.26E-20,1.78E-24,5.85E-26,7.64E-24,1.65E-20,3.10E-19,4.00E-21,2.56E-24,1.21E-25,5.10E-24,2.42E-21,4.36E-20,1.55E-23,5.99E-27,6.80E-27,1.51E-25,5.01E-17,9.69E-15,1.30E-17,1.22E-23,2.41E-28,2.49E-28,4.65E-24,1.42E-19,1.80E-17,7.87E-19,9.00E-22,5.25E-25,5.29E-24,2.70E-21,6.23E-20,2.36E-21,5.54E-24,4.54E-25,2.18E-23,1.68E-19,6.34E-19,1.46E-21,7.28E-25,3.58E-25,2.17E-21,5.96E-16,4.88E-13,3.42E-15,1.01E-20,2.44E-25,1.24E-25,1.31E-23,3.54E-18,1.19E-15,4.38E-17,3.94E-21,5.33E-24,8.83E-24,6.89E-22,5.24E-21,7.06E-22,5.25E-23,3.77E-22,6.40E-19,1.21E-15,2.44E-15,1.06E-16,1.34E-21,6.16E-24,2.81E-22,4.80E-18,4.89E-15,2.57E-16,3.12E-21,1.50E-26,5.40E-27,6.87E-23,1.22E-16,8.59E-14,1.06E-14,9.16E-19,1.60E-21,2.75E-21,5.82E-19,5.70E-16,1.80E-16,1.18E-16,3.06E-17,2.48E-15,1.28E-12,8.00E-12,1.28E-14,2.45E-21,1.06E-24,6.39E-23,3.92E-18,7.07E-14,2.41E-14,1.59E-18,9.76E-24,5.25E-25,3.99E-22,8.17E-17,1.62E-13,3.13E-16,2.20E-19,5.92E-21,1.18E-20,4.53E-17,9.41E-14,3.55E-13,6.36E-15,1.55E-16,4.65E-16,1.12E-12,5.57E-12,1.38E-13,2.78E-16,1.64E-17,1.72E-14,4.36E-08,0.026963048,0.972608268,0.000428682
Head 3,502,4.07E-19,5.15E-22,3.13E-27,9.27E-31,6.01E-30,6.52E-26,3.07E-19,2.05E-18,1.63E-21,1.35E-25,4.51E-27,4.83E-25,9.06E-22,2.26E-20,3.22E-22,2.84E-25,1.34E-26,4.79E-25,9.76E-21,3.56E-21,1.02E-24,2.41E-28,6.72E-30,4.47E-24,1.70E-18,5.65E-16,1.01E-18,4.01E-25,2.43E-29,2.57E-29,2.25E-25,5.82E-21,8.06E-19,4.14E-20,6.20E-24,4.04E-26,4.22E-25,1.56E-22,2.84E-21,1.24E-22,3.49E-25,2.42E-26,3.36E-24,1.07E-20,7.65E-20,2.38E-22,1.45E-25,5.21E-26,2.75E-22,9.21E-17,7.07E-14,5.21E-16,1.24E-21,3.15E-26,4.26E-29,4.41E-25,1.29E-19,2.25E-16,1.67E-18,1.04E-22,2.29E-25,5.88E-25,4.27E-23,3.63E-22,4.86E-23,3.48E-24,2.84E-23,5.83E-20,1.50E-16,6.94E-15,1.31E-17,7.24E-22,2.11E-24,5.27E-23,7.52E-19,8.29E-16,5.58E-17,3.31E-23,7.14E-28,3.03E-28,6.55E-24,4.37E-18,3.36E-14,2.33E-15,4.11E-20,5.58E-23,3.33E-23,7.13E-20,2.67E-17,3.48E-16,2.17E-17,1.31E-17,9.05E-16,4.54E-13,2.32E-12,5.85E-17,7.73E-23,4.87E-26,5.43E-24,1.82E-19,1.87E-15,2.32E-15,1.10E-19,1.42E-24,5.69E-26,3.35E-23,9.39E-18,3.39E-16,1.90E-17,3.39E-20,3.57E-22,1.76E-21,5.61E-18,6.55E-15,2.27E-14,5.03E-16,1.31E-17,1.91E-16,2.28E-14,3.68E-13,1.52E-14,3.02E-17,2.59E-18,2.52E-15,4.66E-09,0.003932707,0.995985329,8.19E-05
Head 3,503,4.12E-19,6.45E-22,3.30E-27,9.04E-31,5.32E-30,9.69E-24,2.77E-19,2.16E-18,1.90E-21,1.87E-25,6.18E-27,5.99E-25,1.49E-21,3.25E-20,5.77E-22,5.37E-25,2.61E-26,3.50E-23,1.72E-20,5.55E-21,1.11E-24,1.99E-28,1.85E-28,3.31E-24,1.39E-18,4.44E-16,3.01E-20,4.79E-25,3.57E-29,1.57E-28,2.13E-25,5.40E-21,7.66E-19,3.44E-20,8.78E-24,7.64E-26,6.03E-25,1.82E-22,2.90E-21,1.31E-22,3.29E-25,1.80E-27,4.11E-24,2.20E-20,1.95E-19,6.45E-22,2.54E-25,7.88E-26,4.81E-22,1.46E-16,1.17E-13,8.57E-16,8.35E-21,5.00E-28,7.16E-29,7.07E-25,2.49E-18,1.72E-16,8.01E-19,6.50E-23,2.35E-25,6.39E-25,4.60E-23,3.68E-22,4.00E-23,3.07E-24,2.93E-23,7.18E-20,4.69E-16,7.90E-15,3.45E-17,1.48E-21,3.04E-24,6.94E-23,1.10E-18,1.68E-15,2.85E-18,2.42E-23,8.82E-28,4.57E-28,6.00E-24,2.12E-17,6.79E-14,1.36E-16,1.28E-20,1.39E-23,5.78E-23,6.53E-19,1.66E-16,5.79E-16,6.55E-17,3.83E-17,2.72E-15,1.25E-12,8.67E-13,4.06E-17,7.20E-23,1.03E-24,1.99E-24,1.59E-19,2.07E-15,2.17E-15,1.17E-19,1.57E-24,2.62E-26,3.71E-23,7.92E-19,1.31E-16,2.07E-17,3.69E-19,6.57E-22,4.42E-21,6.73E-18,6.11E-15,2.20E-14,4.43E-16,3.00E-18,2.81E-17,1.33E-14,3.72E-13,1.37E-14,4.50E-17,3.39E-18,2.25E-15,3.59E-09,0.090551466,0.909381807,6.67E-05
Head 3,504,3.41E-19,1.27E-21,5.40E-26,8.65E-29,6.01E-27,1.51E-23,2.41E-20,2.83E-20,3.10E-23,1.55E-26,2.40E-27,4.28E-25,3.32E-22,2.42E-21,3.96E-23,1.61E-25,1.06E-25,1.02E-21,3.00E-18,4.62E-18,9.94E-22,2.37E-24,1.02E-24,2.12E-21,5.03E-17,4.65E-18,1.72E-19,9.42E-24,2.01E-25,1.83E-26,3.29E-24,3.64E-21,6.41E-20,2.68E-21,9.77E-24,1.22E-24,3.97E-23,5.38E-21,1.36E-20,1.18E-22,2.84E-27,1.17E-26,4.93E-23,4.38E-19,6.22E-18,2.73E-20,1.59E-23,3.10E-24,2.81E-21,7.60E-17,1.40E-14,3.42E-16,7.61E-23,2.85E-27,5.07E-28,1.91E-23,2.94E-20,1.37E-19,9.01E-22,1.50E-24,1.75E-25,4.07E-24,3.73E-22,6.73E-22,1.52E-23,5.53E-25,5.31E-24,7.68E-20,4.98E-16,1.49E-14,6.73E-17,3.83E-21,9.62E-24,1.81E-22,2.11E-18,2.43E-16,6.87E-17,3.45E-20,2.29E-23,7.84E-24,2.16E-20,6.60E-16,6.18E-15,3.95E-17,6.07E-20,3.64E-22,2.22E-20,1.26E-18,4.82E-17,1.25E-17,3.64E-19,2.89E-19,6.43E-17,2.26E-14,6.33E-14,3.63E-17,4.26E-20,7.53E-25,1.41E-23,6.98E-19,4.52E-15,5.14E-15,7.82E-19,5.66E-22,2.57E-23,5.94E-21,6.06E-18,1.94E-16,1.34E-15,1.69E-18,8.03E-20,1.11E-18,7.65E-16,1.13E-13,6.04E-14,2.84E-17,2.28E-18,2.53E-16,8.22E-13,1.68E-10,1.03E-10,3.81E-13,1.25E-14,1.49E-12,1.77E-06,0.140416354,0.858587444,0.000994464
Head 3,505,9.96E-19,2.53E-21,1.20E-25,6.72E-27,2.16E-26,6.92E-23,7.78E-20,6.51E-20,5.34E-23,2.26E-26,4.21E-27,7.10E-25,5.80E-22,3.89E-21,5.40E-23,6.71E-27,2.04E-25,1.51E-21,3.53E-18,6.25E-19,9.27E-21,6.45E-24,3.73E-24,6.68E-21,3.37E-20,8.22E-18,3.00E-19,2.59E-21,1.73E-25,2.44E-26,5.85E-24,2.45E-21,1.01E-19,3.87E-21,1.36E-23,2.10E-24,7.59E-23,1.22E-20,3.13E-20,2.10E-24,8.79E-27,3.61E-26,1.49E-22,1.01E-18,8.19E-18,3.19E-20,2.10E-23,4.51E-24,3.67E-21,8.22E-17,2.11E-14,5.66E-18,1.11E-22,8.01E-27,1.51E-25,9.31E-23,9.98E-20,3.80E-19,2.35E-21,3.49E-24,3.87E-25,1.19E-23,1.08E-21,1.80E-21,4.49E-23,1.42E-24,1.66E-22,1.13E-19,7.45E-16,1.62E-14,7.52E-17,4.60E-21,1.22E-23,2.53E-22,2.20E-19,1.40E-16,4.93E-17,1.34E-19,3.38E-23,2.34E-23,7.64E-20,6.99E-16,5.18E-15,3.82E-16,5.90E-20,2.31E-21,4.07E-21,1.32E-18,6.27E-17,1.44E-17,3.54E-19,2.19E-19,1.48E-17,1.13E-14,3.15E-14,2.24E-15,7.57E-22,1.89E-24,1.89E-22,1.96E-18,5.34E-15,1.84E-15,1.16E-17,8.91E-22,6.54E-23,6.95E-21,9.44E-18,1.98E-14,1.28E-15,3.86E-18,1.03E-19,1.45E-18,1.45E-15,2.31E-13,4.58E-15,1.22E-17,2.22E-18,2.91E-16,5.72E-13,3.45E-10,2.00E-10,6.33E-13,2.36E-14,1.44E-11,3.70E-06,0.11589881,0.883675158,0.000422319
Head 3,506,1.54E-17,3.42E-20,1.20E-22,1.06E-25,6.36E-25,1.71E-21,1.50E-18,8.98E-19,5.61E-22,2.20E-25,3.75E-26,6.64E-24,5.23E-21,3.00E-20,2.61E-24,7.82E-26,1.73E-24,9.38E-21,5.44E-19,4.35E-17,8.11E-20,9.46E-23,6.14E-23,5.70E-23,4.91E-19,1.04E-16,4.26E-16,7.24E-21,7.08E-25,1.60E-25,3.44E-24,2.68E-20,9.33E-19,3.10E-20,9.92E-23,1.68E-23,7.33E-22,1.30E-19,2.72E-20,3.89E-23,1.70E-25,7.48E-25,2.42E-21,8.43E-18,4.63E-17,1.67E-19,1.17E-22,2.55E-23,1.94E-20,4.40E-16,1.12E-15,2.74E-17,9.27E-22,4.48E-24,2.73E-24,1.75E-21,2.34E-18,8.56E-18,4.08E-20,4.93E-23,5.91E-24,1.75E-22,1.37E-20,2.84E-20,7.21E-22,2.16E-21,1.45E-21,1.24E-18,4.26E-15,7.15E-14,3.12E-16,2.05E-20,7.03E-23,1.10E-22,5.05E-19,3.91E-16,1.67E-15,4.69E-19,2.41E-22,2.71E-22,1.57E-18,4.04E-15,3.82E-13,1.99E-15,2.86E-19,2.47E-21,1.50E-20,8.57E-18,3.10E-16,6.37E-17,1.23E-18,1.12E-19,2.36E-17,1.80E-14,1.11E-12,8.78E-17,4.60E-21,2.84E-22,2.72E-21,1.90E-17,2.49E-14,2.20E-13,6.96E-17,3.69E-21,3.79E-22,5.05E-20,9.03E-16,9.28E-14,1.05E-14,1.58E-17,3.73E-19,6.81E-18,8.84E-15,4.12E-13,1.34E-14,6.28E-17,1.27E-17,9.51E-16,4.47E-12,2.52E-09,8.28E-10,3.48E-12,1.73E-13,8.49E-11,1.32E-05,0.13443163,0.865172863,0.000382294
Head 3,507,3.38E-17,3.96E-18,1.36E-22,1.82E-25,9.20E-25,2.78E-21,2.63E-18,1.75E-18,9.81E-22,3.22E-25,5.29E-26,9.73E-24,7.86E-21,1.17E-21,5.21E-24,1.23E-25,2.60E-24,5.23E-22,4.24E-17,8.42E-17,1.58E-19,1.24E-22,5.27E-25,7.42E-23,9.48E-19,9.77E-14,6.66E-16,1.03E-20,8.44E-25,4.02E-27,5.44E-24,4.85E-20,1.95E-18,5.49E-20,1.80E-22,2.87E-23,1.08E-21,2.61E-19,4.19E-20,5.25E-23,2.61E-25,1.35E-24,4.39E-21,1.65E-17,9.76E-17,3.06E-19,1.77E-22,3.45E-23,3.03E-20,1.02E-17,2.59E-15,8.00E-17,4.93E-20,6.85E-24,2.53E-24,2.17E-21,3.89E-18,1.61E-17,8.24E-20,1.04E-22,1.18E-23,2.54E-22,2.30E-20,4.43E-20,3.80E-19,2.39E-21,3.82E-21,2.37E-18,7.45E-15,1.24E-13,4.85E-16,2.97E-20,2.81E-24,5.45E-23,5.53E-19,7.78E-15,3.07E-15,8.90E-19,4.00E-22,9.20E-22,1.54E-18,1.88E-14,6.82E-13,7.58E-16,7.60E-19,3.06E-21,4.33E-20,1.53E-17,5.31E-16,1.01E-16,8.80E-20,8.97E-20,3.23E-17,1.07E-13,1.07E-13,1.36E-16,3.44E-19,3.93E-22,3.76E-21,2.23E-17,3.09E-13,3.89E-13,1.97E-17,5.54E-21,4.63E-22,1.52E-19,1.48E-15,3.38E-13,2.25E-14,2.55E-17,4.83E-19,8.56E-18,2.98E-14,2.94E-13,1.29E-14,6.80E-17,4.56E-17,3.26E-15,2.27E-11,5.10E-09,1.64E-09,1.52E-12,1.96E-13,1.30E-10,4.68E-06,0.187949255,0.811288595,0.000757537
Head 3,508,9.24E-16,3.03E-18,4.81E-23,1.93E-26,1.53E-25,3.37E-21,5.80E-17,2.40E-16,1.03E-19,5.87E-24,1.59E-25,1.79E-23,2.61E-20,1.73E-20,5.47E-23,3.58E-25,7.26E-25,1.08E-21,3.97E-19,1.49E-19,4.41E-23,2.65E-26,1.10E-27,5.70E-25,9.39E-16,2.20E-13,8.06E-16,1.44E-21,5.32E-28,1.03E-28,9.77E-25,1.59E-19,3.27E-17,8.01E-19,2.79E-22,2.93E-24,1.40E-22,8.48E-21,3.57E-21,1.12E-23,6.88E-26,2.55E-25,5.79E-22,1.97E-18,8.69E-18,1.73E-20,7.27E-24,2.30E-23,2.48E-21,2.03E-16,2.94E-13,2.59E-13,5.07E-19,3.79E-24,1.29E-24,1.12E-20,5.76E-16,2.96E-14,1.43E-16,1.42E-20,4.98E-23,1.53E-22,1.08E-20,1.63E-17,2.26E-18,8.37E-20,5.55E-20,1.14E-17,1.99E-14,2.72E-13,1.03E-15,1.19E-22,6.83E-26,1.50E-24,1.31E-18,1.42E-15,5.29E-16,1.52E-20,8.41E-26,3.31E-26,9.96E-22,7.13E-16,6.44E-14,1.68E-14,4.29E-19,1.31E-21,6.86E-21,1.01E-17,5.58E-15,8.97E-16,5.90E-17,8.43E-17,4.51E-15,2.76E-12,1.68E-12,9.37E-15,1.08E-19,1.51E-22,7.32E-22,1.82E-17,1.57E-13,6.00E-14,3.72E-18,5.17E-23,1.47E-24,2.37E-21,1.12E-15,1.46E-12,1.12E-13,1.67E-17,2.44E-20,8.81E-19,4.38E-16,3.20E-14,7.69E-15,1.79E-15,4.72E-17,6.30E-16,1.90E-13,1.04E-11,1.42E-12,1.93E-15,5.73E-16,8.27E-14,1.22E-07,0.032813899,0.966458082,0.000727858
Head 3,509,1.85E-17,1.08E-19,1.69E-24,5.80E-28,2.92E-27,6.03E-23,1.38E-18,7.67E-18,4.77E-21,2.90E-25,7.37E-27,8.39E-24,1.70E-21,9.28E-22,2.80E-24,1.51E-24,8.53E-26,7.54E-23,3.00E-20,7.82E-21,4.60E-24,6.19E-28,2.38E-29,1.97E-22,3.36E-17,1.55E-14,8.62E-17,1.46E-23,7.63E-29,1.04E-29,5.90E-26,6.02E-21,1.71E-18,5.27E-20,2.10E-23,2.11E-25,6.79E-24,3.06E-22,1.04E-22,2.79E-25,1.64E-27,6.71E-27,2.23E-23,1.10E-19,6.95E-19,1.62E-21,2.93E-24,5.35E-25,2.97E-22,4.21E-17,7.15E-12,4.30E-14,3.06E-20,1.97E-25,4.37E-26,2.43E-22,1.22E-17,8.26E-16,5.63E-18,7.29E-22,3.32E-24,8.10E-24,1.14E-20,3.76E-19,2.13E-19,5.20E-21,2.95E-21,6.79E-19,1.52E-15,2.88E-14,8.25E-19,2.97E-24,2.64E-27,9.44E-24,1.26E-19,1.41E-15,1.60E-16,8.80E-23,2.76E-27,2.01E-27,3.72E-23,9.67E-18,5.52E-14,9.78E-16,1.76E-19,2.95E-22,1.06E-21,1.03E-18,9.90E-17,5.21E-17,5.72E-18,2.55E-17,2.86E-15,7.27E-13,1.81E-12,1.41E-15,2.67E-20,5.37E-25,2.71E-23,6.06E-19,4.73E-15,4.01E-15,2.34E-19,4.80E-24,1.26E-25,5.53E-22,1.08E-16,1.51E-13,1.39E-14,2.47E-18,6.19E-21,4.20E-20,2.43E-17,1.47E-15,1.63E-14,2.34E-16,1.51E-17,9.35E-17,2.70E-14,3.69E-12,5.84E-14,1.37E-16,9.28E-18,8.98E-15,9.41E-09,0.003996591,0.99588722,0.000116188
Head 3,510,9.95E-18,6.64E-20,1.02E-24,2.89E-28,1.20E-27,2.90E-23,6.95E-19,4.62E-18,2.88E-21,1.97E-25,3.09E-26,9.45E-24,1.37E-21,5.85E-22,1.43E-21,1.86E-26,7.07E-26,6.70E-23,2.32E-20,1.57E-21,2.53E-24,3.71E-28,9.46E-27,7.89E-23,1.92E-17,1.03E-14,9.31E-18,1.78E-23,1.05E-28,1.06E-29,4.16E-26,4.24E-21,1.22E-18,4.67E-20,1.04E-24,1.81E-25,5.63E-24,2.12E-22,6.05E-23,1.40E-25,8.31E-28,4.03E-27,1.54E-23,8.47E-20,5.77E-19,2.23E-21,8.58E-24,4.62E-25,4.14E-22,7.90E-15,7.10E-12,2.16E-14,2.13E-20,1.54E-25,2.89E-26,1.40E-22,6.98E-18,4.36E-16,3.46E-18,5.93E-22,2.56E-24,2.06E-23,4.44E-21,5.86E-19,1.76E-19,3.29E-21,1.79E-21,4.54E-19,1.27E-15,1.67E-15,2.80E-19,1.19E-24,4.45E-25,6.88E-24,1.51E-18,3.00E-15,3.07E-18,3.60E-23,7.17E-27,1.54E-27,3.88E-23,2.86E-17,2.81E-14,2.23E-15,3.03E-19,4.37E-22,1.12E-21,1.59E-18,4.78E-17,3.71E-17,7.64E-17,1.74E-17,4.04E-15,6.37E-13,1.91E-12,3.01E-15,3.39E-22,3.01E-24,1.87E-23,4.14E-19,3.85E-15,2.60E-15,3.73E-19,3.66E-24,2.85E-25,5.57E-22,7.90E-17,1.14E-13,1.22E-14,2.28E-19,2.41E-21,3.22E-20,1.67E-17,6.91E-15,1.67E-14,4.46E-16,1.75E-17,1.08E-16,1.60E-13,1.01E-12,3.75E-14,8.84E-17,9.74E-18,7.27E-15,5.93E-09,0.108202077,0.891704917,9.29E-05
Head 3,511,7.87E-18,9.83E-20,7.42E-24,6.18E-27,2.01E-26,4.83E-23,6.19E-20,5.54E-20,4.90E-23,1.07E-27,9.59E-27,4.79E-24,3.86E-22,6.04E-21,4.40E-25,1.31E-26,3.64E-25,2.54E-21,1.25E-19,5.78E-19,1.76E-21,3.64E-24,1.29E-24,1.57E-21,3.65E-17,4.68E-16,1.55E-17,3.25E-22,1.28E-26,1.57E-27,8.02E-25,3.62E-21,1.33E-19,1.42E-22,2.29E-24,4.92E-24,5.74E-22,1.71E-20,1.51E-21,1.53E-24,8.14E-27,5.35E-26,2.67E-22,1.87E-18,6.85E-18,2.15E-19,6.36E-23,1.99E-24,7.38E-21,3.12E-16,6.59E-14,7.37E-16,1.01E-20,6.54E-25,1.38E-25,6.49E-23,8.75E-20,4.97E-19,6.00E-21,1.47E-23,1.04E-23,1.74E-22,1.27E-19,1.43E-18,5.55E-20,4.92E-22,4.51E-22,3.17E-19,3.35E-16,1.84E-15,1.73E-18,3.48E-21,6.68E-24,4.95E-22,5.86E-18,4.75E-16,1.35E-16,3.67E-19,7.32E-23,1.48E-22,6.97E-20,1.20E-15,9.64E-14,2.21E-15,1.02E-18,8.04E-21,8.40E-20,2.01E-18,7.39E-18,1.87E-17,1.54E-20,4.27E-20,7.14E-17,1.16E-13,1.60E-12,5.95E-17,1.22E-19,6.26E-23,6.25E-23,1.19E-18,4.39E-15,4.77E-14,1.52E-17,1.74E-21,1.98E-22,7.38E-20,7.48E-16,1.18E-13,1.01E-16,3.08E-19,6.72E-20,3.59E-18,6.66E-16,1.07E-13,7.61E-14,1.29E-15,2.25E-16,7.64E-15,4.66E-12,3.79E-10,2.17E-10,1.06E-12,4.67E-14,4.58E-12,3.66E-06,0.171087533,0.827628732,0.001280134
Head 3,512,4.44E-17,5.85E-19,4.82E-23,6.09E-26,2.42E-25,5.88E-22,4.73E-19,2.87E-19,3.06E-25,6.23E-27,4.35E-26,1.67E-23,2.73E-21,3.87E-22,1.67E-24,4.83E-26,1.05E-24,1.98E-22,2.20E-19,1.62E-18,6.48E-21,1.43E-23,9.47E-24,8.23E-21,2.01E-18,6.96E-16,1.93E-17,4.33E-22,2.79E-26,5.70E-27,3.93E-24,1.56E-20,4.15E-20,3.75E-22,6.62E-24,1.72E-23,2.63E-21,9.30E-20,1.17E-20,1.75E-23,1.05E-25,5.25E-25,1.57E-21,2.21E-18,2.24E-17,2.40E-19,1.22E-22,2.25E-23,2.36E-20,4.46E-16,5.66E-14,6.28E-16,1.47E-20,2.62E-24,1.52E-24,1.16E-21,1.41E-18,6.17E-18,4.58E-20,1.04E-21,3.36E-23,2.86E-21,1.34E-18,1.16E-17,3.92E-19,3.14E-21,2.72E-21,2.78E-19,4.60E-16,1.67E-15,1.10E-16,5.40E-21,6.33E-23,1.68E-21,9.76E-19,3.73E-16,1.58E-15,4.49E-19,2.56E-22,1.83E-22,4.74E-19,9.55E-15,4.64E-13,6.31E-15,1.83E-18,1.55E-20,3.61E-20,2.61E-18,1.26E-16,8.25E-19,2.32E-20,2.27E-19,3.50E-17,5.72E-14,4.33E-14,4.73E-15,2.38E-19,2.36E-23,8.35E-22,1.16E-17,8.51E-14,7.51E-14,2.51E-17,7.28E-21,9.82E-22,3.39E-19,2.23E-15,2.61E-15,5.34E-17,3.41E-19,1.02E-19,1.34E-18,2.61E-15,6.67E-13,3.79E-13,6.84E-15,1.70E-16,4.30E-15,6.98E-12,8.40E-10,5.45E-10,3.56E-12,1.82E-13,9.60E-11,1.16E-05,0.145788521,0.853790343,0.000409571
Head 3,513,2.43E-16,3.01E-18,2.56E-22,3.12E-25,1.49E-24,3.54E-21,2.73E-18,6.49E-22,1.87E-24,3.34E-26,1.93E-25,1.42E-23,6.11E-21,1.65E-21,7.20E-24,1.80E-25,2.05E-24,5.54E-22,7.43E-19,2.72E-18,1.73E-20,5.81E-23,3.64E-23,2.28E-22,6.49E-18,2.50E-15,6.34E-17,1.29E-21,9.92E-26,2.49E-26,1.64E-23,1.74E-19,1.68E-19,1.58E-21,2.83E-23,8.10E-23,1.12E-20,4.38E-19,6.91E-20,1.10E-22,6.45E-25,2.99E-24,4.29E-21,1.91E-18,4.86E-17,6.15E-19,2.63E-22,9.37E-23,7.66E-20,1.26E-15,1.47E-13,1.66E-15,5.41E-20,1.29E-23,9.72E-24,7.63E-21,1.03E-17,4.07E-17,7.08E-18,3.18E-21,4.29E-22,2.22E-20,7.11E-18,5.57E-17,1.92E-18,1.90E-20,9.14E-22,6.70E-19,1.18E-15,8.65E-14,2.83E-16,5.34E-20,3.21E-22,4.72E-22,1.44E-18,1.09E-14,3.69E-15,3.16E-19,7.48E-22,7.04E-22,3.27E-18,5.57E-14,2.41E-12,2.56E-14,1.39E-18,1.03E-20,8.47E-20,1.07E-17,4.74E-17,2.75E-18,1.28E-18,5.29E-19,9.80E-17,3.38E-14,1.83E-12,1.18E-14,1.65E-20,1.06E-22,4.75E-21,1.04E-16,2.21E-13,1.21E-13,9.07E-17,2.99E-20,3.85E-21,1.28E-18,4.93E-16,3.06E-15,1.13E-16,8.52E-19,1.40E-19,5.62E-18,1.45E-14,2.89E-12,2.01E-12,1.46E-15,1.11E-16,1.07E-14,9.65E-12,4.24E-09,2.19E-09,1.17E-11,7.56E-13,3.42E-10,3.25E-05,0.200851619,0.798472941,0.000642903
Head 3,514,3.30E-16,4.15E-18,2.50E-22,2.84E-25,1.28E-24,3.27E-21,3.73E-21,7.94E-22,2.34E-24,3.67E-26,8.39E-26,8.40E-23,7.38E-21,2.08E-21,7.20E-24,4.57E-24,2.20E-24,6.86E-22,1.24E-18,2.37E-18,1.68E-20,4.27E-23,2.06E-25,1.55E-22,7.69E-18,3.58E-15,8.12E-17,1.64E-21,1.11E-25,2.03E-26,6.45E-22,1.86E-19,2.22E-19,2.21E-21,3.92E-23,8.76E-23,1.17E-20,5.22E-19,7.88E-20,1.15E-22,6.29E-25,4.06E-24,3.26E-22,1.83E-18,5.36E-17,2.48E-19,2.96E-22,9.70E-23,8.05E-20,1.50E-15,2.12E-13,3.00E-15,8.29E-20,1.59E-23,9.02E-24,7.85E-21,1.14E-17,1.11E-15,6.38E-18,8.96E-21,7.13E-22,2.21E-20,6.28E-18,5.39E-17,2.44E-18,1.94E-22,3.93E-22,5.55E-19,7.22E-15,1.12E-13,7.81E-16,9.08E-20,1.03E-23,1.63E-22,1.06E-17,1.47E-14,5.42E-16,1.87E-18,7.73E-22,1.07E-21,4.08E-18,7.75E-14,3.66E-12,2.05E-15,3.60E-19,8.26E-21,3.38E-20,1.14E-17,6.09E-17,1.05E-16,1.61E-18,9.36E-19,6.41E-17,1.45E-13,2.69E-12,2.23E-16,1.44E-20,9.78E-23,1.26E-20,8.61E-17,1.16E-13,1.33E-13,1.17E-16,3.09E-20,3.44E-21,4.17E-19,1.83E-16,2.39E-15,1.17E-16,5.63E-18,2.31E-19,1.08E-17,1.89E-14,4.42E-12,1.03E-13,3.17E-16,8.18E-17,6.64E-15,3.19E-11,1.02E-08,3.16E-09,3.79E-12,6.40E-13,3.54E-10,7.36E-06,0.132670298,0.866248369,0.001073953
Head 3,515,2.37E-16,2.32E-18,1.43E-22,1.50E-25,6.14E-25,1.64E-23,2.15E-21,5.03E-22,1.43E-24,3.07E-25,1.27E-25,5.12E-23,4.81E-21,1.12E-21,8.09E-22,2.84E-24,1.54E-24,2.23E-21,6.14E-19,1.29E-18,7.42E-21,4.14E-25,7.33E-26,9.17E-23,4.80E-18,2.32E-15,6.02E-17,1.27E-21,6.83E-26,7.41E-25,3.52E-22,1.22E-19,1.75E-19,1.89E-21,2.72E-23,5.54E-23,7.75E-21,3.34E-19,4.85E-20,6.83E-23,1.25E-24,1.92E-25,1.69E-22,1.00E-18,2.81E-17,1.68E-19,2.48E-22,7.49E-23,5.50E-20,1.18E-15,2.09E-13,3.00E-15,7.12E-20,1.09E-23,6.08E-24,4.76E-21,3.97E-17,6.03E-16,9.43E-18,9.88E-21,5.06E-22,1.28E-20,3.74E-18,4.25E-17,5.02E-21,4.04E-23,1.68E-22,1.38E-18,5.17E-15,1.33E-13,8.32E-16,8.80E-22,2.40E-24,8.50E-22,8.42E-18,1.43E-15,5.22E-15,1.35E-18,7.38E-22,8.36E-22,2.89E-18,5.56E-14,1.67E-13,4.13E-16,1.81E-19,3.55E-21,7.54E-20,8.85E-18,3.90E-16,7.60E-17,1.75E-18,1.53E-19,8.13E-17,1.25E-13,1.03E-13,1.44E-16,9.69E-21,9.53E-22,7.28E-21,3.42E-17,6.31E-14,9.83E-14,8.98E-17,2.24E-20,1.64E-21,1.09E-19,8.82E-17,1.48E-15,4.12E-15,7.20E-18,3.59E-19,9.24E-18,1.51E-14,6.33E-13,2.21E-14,1.65E-16,1.74E-16,1.78E-14,7.03E-11,9.27E-09,5.31E-10,1.87E-12,3.91E-13,4.95E-11,3.24E-06,0.070977278,0.927953243,0.001066342
Head 3,516,2.17E-16,2.22E-18,1.26E-22,1.20E-25,1.55E-26,1.62E-23,2.16E-21,4.89E-22,8.75E-22,2.38E-26,1.34E-25,5.80E-23,4.43E-21,5.72E-20,7.06E-22,2.93E-24,8.24E-24,1.73E-21,5.40E-19,9.74E-19,3.52E-22,2.40E-25,6.91E-26,8.11E-23,4.81E-18,2.29E-15,5.95E-17,1.12E-21,5.17E-25,5.12E-25,2.79E-22,1.23E-19,1.97E-19,1.78E-21,2.46E-23,5.34E-23,7.66E-21,3.16E-19,4.41E-20,2.83E-22,2.23E-25,1.65E-25,1.55E-22,4.67E-18,2.98E-17,2.46E-19,3.06E-22,6.47E-23,5.20E-20,1.24E-15,2.48E-13,3.06E-15,6.85E-20,1.07E-23,5.56E-24,4.89E-21,3.28E-17,1.03E-15,1.26E-17,9.86E-21,4.19E-22,1.06E-20,4.05E-18,1.96E-19,1.09E-21,1.84E-23,1.88E-21,1.24E-18,7.66E-15,1.49E-13,1.01E-17,2.70E-22,3.55E-23,7.21E-22,1.69E-18,1.43E-14,4.56E-15,1.34E-18,7.34E-22,7.53E-22,2.55E-18,1.39E-14,5.62E-14,2.50E-16,6.09E-19,6.13E-21,9.14E-20,8.55E-18,3.62E-16,9.10E-17,7.68E-20,5.36E-19,7.97E-17,3.21E-14,8.51E-14,1.24E-16,5.72E-19,7.33E-22,6.26E-21,2.66E-17,6.02E-14,1.11E-13,9.96E-17,8.55E-21,6.94E-22,6.81E-20,5.98E-17,7.53E-14,6.10E-15,1.34E-17,3.64E-19,8.63E-18,2.57E-14,2.40E-13,1.45E-14,2.31E-15,5.33E-16,6.50E-14,7.23E-11,5.26E-09,2.85E-10,1.30E-12,2.48E-13,3.49E-11,1.89E-06,0.069901638,0.929383934,0.000712548
Head 3,517,2.36E-16,2.36E-18,1.35E-22,3.11E-27,2.51E-26,2.46E-23,3.15E-21,1.96E-18,2.15E-24,2.95E-26,1.65E-25,5.88E-23,8.25E-21,4.71E-20,7.35E-22,6.18E-24,9.02E-24,2.02E-21,5.49E-19,7.36E-20,2.81E-22,3.09E-25,8.60E-26,1.21E-22,6.27E-18,2.96E-15,7.96E-17,1.68E-21,5.03E-25,5.09E-25,3.44E-22,1.80E-19,2.46E-19,2.16E-21,3.11E-23,7.03E-23,9.96E-21,4.26E-19,2.17E-19,1.39E-22,2.86E-25,2.11E-25,2.86E-21,5.68E-18,5.10E-17,4.00E-19,3.37E-22,7.85E-23,6.60E-20,1.94E-15,3.32E-13,4.08E-15,9.07E-20,1.41E-23,4.32E-24,5.45E-21,6.87E-17,1.70E-15,1.77E-17,1.21E-20,5.03E-22,1.78E-20,1.95E-19,6.94E-20,7.66E-22,2.36E-21,2.33E-21,3.50E-18,1.12E-14,9.52E-15,6.83E-18,1.80E-20,4.46E-23,2.28E-22,1.34E-17,1.50E-14,5.17E-15,1.63E-18,8.73E-22,8.97E-22,4.88E-18,9.54E-15,6.04E-14,5.96E-15,2.47E-19,1.09E-20,2.48E-20,1.02E-17,5.58E-16,3.52E-18,1.52E-18,6.22E-19,5.85E-17,3.45E-14,1.06E-13,1.24E-14,6.71E-19,1.48E-21,9.29E-21,3.74E-17,9.64E-14,1.84E-13,2.90E-17,1.01E-20,8.67E-22,7.89E-20,1.12E-15,1.71E-13,1.75E-14,2.03E-17,5.17E-19,6.27E-17,1.73E-14,2.80E-13,3.95E-13,8.48E-15,3.19E-15,9.33E-14,1.67E-10,3.03E-09,2.52E-10,4.59E-12,3.54E-13,3.53E-11,2.32E-06,0.096289538,0.902881622,0.000826446
Head 3,518,9.18E-16,4.51E-18,1.65E-25,6.73E-29,6.23E-28,8.66E-24,7.79E-17,1.38E-19,4.71E-22,1.64E-24,1.37E-24,2.23E-23,5.26E-20,1.68E-18,3.24E-21,2.58E-23,7.82E-24,2.30E-22,3.86E-22,4.50E-22,1.70E-24,2.63E-27,2.57E-27,2.32E-23,9.57E-18,1.39E-14,2.89E-17,6.07E-23,2.49E-27,2.83E-27,2.78E-23,3.60E-19,4.65E-18,3.89E-20,6.68E-23,1.14E-23,3.61E-22,5.37E-20,6.34E-21,6.49E-23,1.81E-25,1.84E-24,1.13E-21,1.99E-18,1.62E-17,7.06E-20,7.20E-23,5.37E-23,5.25E-19,1.61E-13,9.31E-11,4.80E-13,1.01E-18,2.08E-23,3.22E-24,8.95E-20,2.29E-14,4.06E-12,2.22E-14,7.56E-19,1.30E-21,1.62E-21,1.84E-20,4.36E-20,1.70E-18,2.76E-20,7.98E-20,2.26E-17,1.54E-14,1.20E-14,4.87E-16,1.10E-20,4.71E-25,9.99E-22,9.33E-18,2.36E-14,1.67E-15,3.61E-20,1.52E-24,3.12E-25,1.05E-21,1.01E-16,1.11E-12,5.73E-16,2.66E-19,3.80E-22,2.11E-21,1.11E-17,1.56E-15,1.93E-14,1.14E-15,3.41E-16,2.58E-14,3.96E-12,8.17E-12,1.50E-14,8.86E-19,8.60E-22,4.58E-21,3.47E-17,1.49E-13,8.77E-14,6.19E-18,8.17E-23,1.40E-24,1.30E-21,3.13E-16,1.10E-12,9.28E-14,1.92E-17,7.25E-20,7.42E-19,5.67E-16,3.23E-13,1.19E-12,4.75E-14,1.58E-15,1.94E-14,2.02E-12,2.21E-11,6.08E-13,4.60E-15,4.46E-16,1.72E-13,1.16E-07,0.032144707,0.967037797,0.000817445
Head 3,519,4.24E-17,2.18E-21,1.06E-26,3.02E-30,2.15E-29,9.98E-23,1.53E-21,4.78E-21,2.15E-23,6.91E-26,1.04E-26,1.13E-24,3.55E-21,4.43E-21,1.59E-22,1.62E-24,5.35E-25,4.77E-25,3.26E-23,3.03E-23,8.70E-26,9.35E-29,8.10E-29,8.38E-25,4.80E-19,7.78E-16,2.28E-18,4.74E-24,1.70E-28,2.17E-28,1.53E-24,1.96E-20,3.17E-19,2.84E-21,5.10E-24,7.50E-25,5.44E-23,8.17E-23,3.01E-22,3.47E-24,5.10E-26,7.16E-26,5.58E-23,1.67E-19,1.21E-18,5.36E-21,5.63E-24,4.87E-24,5.30E-20,1.92E-14,1.35E-11,7.76E-14,4.28E-19,1.01E-24,2.88E-25,3.73E-21,6.90E-16,1.39E-13,9.35E-16,4.78E-20,3.26E-23,1.43E-23,2.86E-22,2.83E-19,5.70E-20,7.65E-21,6.80E-21,9.33E-19,7.76E-16,2.54E-14,5.19E-17,1.09E-23,4.61E-24,6.93E-23,4.24E-18,4.66E-15,2.82E-16,4.26E-21,1.74E-26,3.60E-27,3.76E-23,6.56E-17,1.61E-15,7.34E-17,4.73E-20,4.57E-23,7.16E-22,2.22E-18,5.45E-16,2.45E-15,1.82E-17,2.75E-17,4.28E-15,4.34E-13,1.90E-12,5.37E-15,1.15E-19,5.00E-23,1.65E-22,1.35E-18,9.17E-15,8.12E-15,4.94E-19,5.68E-24,9.89E-26,1.35E-22,6.43E-17,1.26E-13,1.62E-14,2.72E-19,3.40E-21,5.64E-20,1.67E-17,2.51E-14,1.29E-13,4.06E-15,2.59E-17,3.15E-16,1.09E-13,3.66E-13,1.10E-13,3.96E-16,2.43E-17,1.04E-14,8.36E-09,0.003775679,0.99610424,0.000120096
Head 3,520,8.41E-19,1.20E-21,5.37E-27,1.40E-30,1.09E-27,9.51E-26,4.64E-22,1.73E-21,7.17E-24,2.07E-25,4.63E-27,5.71E-25,2.08E-22,1.45E-21,7.51E-23,8.03E-25,2.52E-26,3.40E-25,1.88E-23,1.63E-23,3.49E-26,3.87E-29,3.23E-29,2.79E-25,8.34E-19,3.77E-16,1.40E-18,3.12E-24,1.40E-28,1.31E-28,7.30E-25,9.95E-21,1.57E-19,1.64E-21,2.83E-24,2.32E-24,1.77E-25,3.34E-23,1.47E-22,4.05E-24,2.17E-26,2.66E-26,2.77E-23,7.87E-20,6.01E-19,3.24E-21,3.90E-24,3.69E-24,3.77E-20,1.36E-14,1.08E-11,2.88E-13,2.24E-19,1.47E-24,2.05E-25,1.29E-21,1.93E-16,4.05E-14,3.96E-16,3.30E-21,2.92E-24,2.38E-24,2.00E-21,8.82E-20,1.93E-19,6.66E-21,3.67E-22,2.43E-19,9.96E-16,1.55E-14,5.65E-19,2.24E-21,2.68E-24,3.36E-22,5.64E-18,4.52E-15,2.32E-16,1.12E-22,2.71E-27,1.63E-27,3.77E-23,2.46E-18,1.13E-15,6.08E-16,3.16E-20,1.52E-22,4.47E-21,2.85E-19,3.70E-16,8.26E-17,8.98E-18,2.20E-17,1.42E-15,4.82E-13,3.03E-12,5.68E-15,8.46E-20,2.21E-23,6.16E-23,5.90E-19,5.14E-15,4.45E-15,3.05E-19,3.90E-24,7.43E-26,1.94E-22,4.64E-17,1.12E-13,9.25E-17,7.15E-20,1.98E-21,3.86E-21,1.03E-17,1.47E-14,7.74E-14,3.13E-17,3.03E-18,9.96E-17,4.25E-15,5.15E-13,7.85E-14,2.23E-16,1.30E-17,5.09E-15,4.37E-09,0.102081157,0.897827327,9.15E-05
Head 3,521,6.29E-19,2.60E-21,1.24E-25,6.63E-27,7.73E-28,4.75E-25,5.72E-23,1.41E-23,6.93E-23,2.89E-26,5.07E-27,1.47E-24,2.44E-22,6.30E-22,1.43E-23,8.02E-26,4.69E-26,6.79E-24,2.38E-21,4.79E-21,1.54E-23,1.13E-26,2.27E-27,9.65E-22,3.36E-17,3.98E-15,2.33E-17,4.15E-22,9.12E-26,6.43E-26,3.15E-23,1.25E-20,2.01E-20,2.32E-22,4.26E-23,2.12E-25,1.77E-23,2.60E-21,7.95E-21,1.24E-23,4.17E-26,1.04E-25,2.23E-22,1.01E-18,1.05E-17,6.26E-20,5.47E-23,1.45E-23,1.44E-20,4.85E-16,6.72E-13,1.43E-14,1.91E-19,4.82E-24,4.18E-25,2.32E-22,1.23E-18,3.67E-17,1.74E-20,1.18E-23,6.24E-25,6.49E-23,1.45E-20,1.18E-18,9.35E-20,5.69E-24,1.71E-23,2.15E-19,1.32E-15,2.07E-15,1.80E-16,8.68E-21,5.85E-23,1.50E-21,1.05E-17,9.71E-15,1.77E-16,9.83E-20,1.53E-22,4.38E-23,1.90E-19,5.99E-16,6.11E-14,5.92E-16,4.33E-19,7.13E-21,6.40E-21,2.55E-18,1.07E-17,5.27E-19,1.72E-20,4.26E-19,7.66E-17,1.07E-13,1.41E-12,6.81E-15,2.34E-19,1.29E-22,7.51E-23,1.34E-18,8.43E-15,1.71E-14,4.94E-17,2.89E-21,1.40E-22,5.28E-20,6.39E-16,8.25E-16,2.41E-17,2.24E-19,5.14E-20,1.47E-18,2.16E-15,3.52E-13,5.49E-15,3.01E-17,1.03E-17,1.90E-15,1.24E-11,2.04E-09,5.12E-10,1.57E-12,4.67E-14,4.19E-12,3.36E-06,0.146347195,0.852152407,0.001497056
Head 3,522,3.18E-17,2.16E-20,2.16E-23,2.00E-29,1.57E-28,2.17E-24,1.03E-20,1.18E-16,4.48E-20,2.45E-24,6.20E-26,3.82E-24,1.85E-21,1.59E-20,1.28E-21,4.38E-24,2.85E-25,3.16E-24,1.66E-22,1.58E-22,5.68E-25,8.89E-28,2.47E-27,6.43E-23,3.04E-17,8.78E-15,1.66E-17,2.41E-23,9.13E-28,1.22E-27,1.01E-23,1.39E-19,1.84E-18,5.12E-19,2.62E-24,6.80E-26,1.78E-24,1.82E-20,1.89E-20,9.92E-23,4.57E-25,6.93E-25,6.81E-22,1.41E-18,8.41E-18,3.48E-20,4.73E-23,4.32E-23,3.91E-19,7.45E-14,1.06E-10,2.35E-12,4.49E-18,2.48E-23,3.91E-24,3.88E-20,8.37E-15,7.39E-14,1.30E-16,4.75E-21,2.45E-23,6.09E-23,3.46E-19,3.85E-17,1.41E-20,2.41E-22,1.22E-20,3.71E-18,5.72E-15,1.73E-13,3.90E-16,5.10E-20,2.71E-22,7.52E-21,5.53E-17,4.04E-16,5.10E-18,1.32E-22,8.78E-26,1.86E-26,3.98E-22,4.59E-16,3.43E-13,2.31E-14,4.05E-19,1.67E-22,1.02E-21,1.08E-17,5.34E-16,4.90E-16,6.88E-16,1.87E-16,1.15E-14,3.51E-12,1.65E-11,3.11E-14,4.88E-19,9.23E-24,2.05E-22,1.73E-17,1.82E-13,1.11E-13,4.75E-18,5.19E-23,2.17E-24,3.85E-21,1.83E-17,1.36E-15,1.21E-16,2.19E-18,7.49E-21,6.74E-20,1.56E-16,2.65E-14,7.03E-15,9.57E-17,5.41E-17,7.74E-16,1.62E-13,5.32E-12,6.87E-13,1.89E-15,1.31E-16,2.54E-12,4.46E-06,0.606163859,0.393423975,0.000407733
Head 3,523,2.32E-18,2.42E-19,7.82E-27,2.02E-30,1.27E-29,1.46E-25,1.97E-18,1.05E-17,6.04E-21,3.12E-26,4.46E-27,3.51E-25,1.40E-22,1.42E-21,1.31E-22,6.27E-25,4.36E-26,4.99E-25,2.39E-23,1.92E-23,5.78E-26,1.52E-28,1.87E-28,5.98E-24,3.36E-18,1.31E-15,2.63E-18,4.36E-24,1.69E-28,1.78E-28,1.15E-24,1.42E-20,5.72E-18,5.90E-22,2.60E-25,7.23E-27,3.03E-23,1.72E-21,1.34E-21,6.46E-24,3.15E-26,5.86E-26,5.96E-23,1.55E-19,9.46E-19,5.19E-21,6.50E-24,6.27E-24,2.08E-20,9.92E-15,4.15E-11,6.61E-13,9.51E-19,3.16E-24,3.07E-25,2.75E-21,8.04E-17,1.79E-15,5.01E-18,3.01E-21,2.32E-24,1.01E-22,7.87E-20,1.41E-20,3.02E-22,2.02E-21,1.49E-21,6.05E-19,1.97E-15,2.89E-14,1.91E-16,1.78E-20,6.97E-23,1.36E-21,1.25E-19,1.38E-17,6.45E-19,6.56E-22,2.70E-27,3.00E-27,5.46E-23,3.65E-17,1.23E-13,1.39E-16,3.42E-20,4.11E-23,4.80E-21,8.76E-19,8.05E-17,2.21E-15,1.73E-16,9.95E-17,4.00E-15,1.05E-12,4.38E-12,6.03E-15,5.50E-22,2.34E-25,1.18E-23,1.12E-18,1.03E-14,9.68E-15,4.52E-19,7.27E-24,3.03E-25,1.09E-22,6.11E-19,1.25E-16,2.28E-15,9.19E-19,3.28E-21,1.03E-20,3.84E-17,1.92E-15,4.97E-16,4.40E-16,3.74E-17,1.91E-16,2.74E-14,8.78E-13,9.62E-14,2.62E-16,9.76E-17,2.91E-13,7.60E-07,0.003915852,0.995993495,8.99E-05
Head 3,524,3.23E-17,1.63E-21,6.62E-27,1.60E-30,9.39E-30,4.71E-23,1.27E-18,8.52E-18,1.10E-23,1.76E-26,3.19E-27,2.13E-25,1.14E-23,8.00E-22,1.07E-22,5.67E-25,4.51E-26,4.84E-25,2.20E-23,1.78E-23,5.06E-25,1.24E-28,1.75E-28,5.39E-24,3.19E-18,1.01E-15,2.32E-18,4.55E-24,1.70E-28,1.53E-28,8.49E-25,9.40E-20,2.34E-20,3.67E-22,1.79E-25,1.83E-24,2.69E-23,1.42E-21,9.60E-22,4.29E-24,2.39E-26,4.08E-26,4.82E-23,1.15E-19,8.06E-19,4.03E-21,5.83E-24,2.44E-24,1.47E-20,1.57E-14,4.68E-11,7.06E-13,8.73E-19,2.48E-24,2.80E-25,1.50E-21,2.13E-17,6.10E-16,7.88E-17,1.92E-21,2.60E-23,1.92E-22,2.33E-21,2.16E-21,7.46E-20,1.58E-21,3.19E-22,6.41E-19,1.62E-15,4.28E-14,2.61E-16,2.31E-20,6.83E-23,7.57E-24,1.26E-20,7.62E-18,4.88E-17,2.88E-23,3.47E-27,2.61E-27,4.63E-23,8.52E-17,2.76E-15,6.47E-16,4.40E-20,6.18E-22,1.51E-21,7.77E-19,4.19E-16,2.25E-15,3.13E-16,1.32E-16,4.58E-15,1.22E-12,4.49E-12,7.72E-17,1.39E-22,1.36E-25,7.49E-24,5.59E-19,5.96E-15,4.14E-15,3.43E-19,7.23E-24,2.10E-25,2.89E-23,3.49E-19,1.99E-14,4.69E-15,2.34E-18,3.38E-21,7.92E-20,2.60E-17,1.29E-15,3.11E-14,1.20E-15,5.32E-17,1.78E-16,2.40E-14,7.55E-13,8.80E-14,2.74E-16,5.83E-17,2.30E-13,6.06E-09,0.152623445,0.847293258,8.34E-05
Head 3,525,1.69E-18,2.06E-21,8.98E-27,2.20E-30,2.19E-27,5.57E-23,1.50E-18,1.06E-21,1.07E-23,2.15E-26,3.48E-27,4.16E-27,9.65E-24,9.66E-22,1.49E-22,8.87E-25,6.97E-26,6.88E-25,2.77E-23,4.19E-21,7.16E-25,2.19E-28,2.99E-28,8.92E-24,3.34E-18,1.03E-15,2.87E-18,6.30E-24,2.48E-28,1.99E-28,3.24E-24,1.95E-22,2.34E-20,4.17E-22,5.50E-23,2.88E-24,4.27E-23,1.88E-21,1.07E-21,5.59E-24,3.19E-26,6.36E-26,6.89E-23,1.45E-19,9.31E-19,6.03E-21,6.03E-24,3.57E-24,3.69E-20,2.63E-14,6.22E-11,8.91E-13,1.16E-18,4.94E-24,6.67E-25,7.51E-22,1.42E-17,1.61E-14,8.11E-17,2.46E-20,8.73E-23,6.46E-23,4.74E-22,3.28E-19,8.60E-20,4.87E-23,2.75E-21,7.42E-19,3.03E-15,6.11E-14,4.19E-16,3.52E-20,2.05E-25,8.39E-25,9.22E-21,8.73E-16,1.07E-18,5.52E-23,1.83E-26,4.74E-27,1.90E-22,9.87E-18,2.94E-14,9.55E-16,6.66E-20,1.82E-22,1.84E-21,4.05E-19,6.35E-16,5.10E-15,5.83E-16,2.20E-16,7.05E-15,1.57E-12,6.90E-13,3.58E-17,1.26E-22,1.60E-25,2.65E-23,5.93E-19,3.79E-15,3.65E-15,4.75E-19,7.30E-24,1.28E-25,2.84E-23,1.44E-17,5.16E-14,1.39E-14,3.61E-18,9.55E-21,7.18E-20,2.94E-17,1.52E-14,7.08E-14,2.31E-15,8.03E-17,2.25E-16,3.00E-14,9.36E-13,1.36E-13,2.47E-16,7.29E-17,6.02E-15,8.89E-07,0.159196004,0.840724111,7.90E-05
Head 3,526,8.81E-19,3.74E-21,1.92E-25,1.34E-26,3.84E-26,9.53E-23,5.68E-24,7.77E-24,1.16E-25,1.87E-27,6.94E-29,1.31E-26,1.32E-23,1.87E-22,9.94E-24,1.34E-25,9.84E-26,1.08E-23,3.51E-18,4.39E-18,6.83E-21,6.35E-24,5.32E-24,1.04E-20,1.99E-16,1.14E-14,4.53E-17,7.67E-22,1.72E-25,1.98E-25,9.81E-26,2.51E-22,3.19E-21,4.57E-21,5.76E-23,5.98E-23,3.73E-21,9.81E-20,1.40E-20,2.05E-23,8.87E-26,2.67E-25,4.23E-22,1.27E-18,1.19E-17,1.47E-19,1.87E-22,2.82E-23,2.69E-20,1.56E-15,1.12E-12,2.95E-14,3.80E-19,7.00E-24,5.30E-25,1.17E-22,5.79E-19,1.01E-17,5.98E-19,1.71E-21,1.52E-23,5.56E-23,5.46E-20,4.85E-19,1.57E-22,5.51E-22,5.69E-22,7.87E-19,2.86E-15,6.26E-14,4.56E-16,5.22E-22,1.09E-24,3.59E-23,4.73E-18,4.11E-16,2.17E-16,9.02E-19,2.33E-22,1.28E-22,5.65E-19,1.84E-15,8.95E-14,1.26E-16,5.89E-20,2.81E-21,8.34E-21,3.52E-18,1.95E-16,5.36E-17,1.56E-18,8.86E-19,1.20E-16,2.18E-14,6.06E-14,6.53E-17,2.57E-21,1.78E-22,7.29E-22,2.69E-18,8.21E-15,1.82E-14,3.55E-18,2.48E-21,2.58E-22,5.18E-20,5.64E-16,1.44E-13,1.58E-14,1.60E-18,2.36E-19,1.16E-17,1.62E-15,3.50E-13,2.72E-13,6.09E-15,7.30E-16,2.36E-14,2.86E-11,2.09E-09,1.55E-10,6.84E-13,1.06E-13,6.44E-11,1.05E-05,0.234372586,0.763691306,0.001925572
Head 3,527,4.50E-18,1.08E-20,6.53E-23,6.36E-26,2.68E-25,1.09E-25,1.74E-23,2.15E-23,2.46E-25,3.27E-28,1.51E-28,4.36E-26,4.81E-23,6.37E-22,2.97E-23,3.36E-25,1.62E-25,4.68E-21,6.21E-18,1.09E-17,2.54E-20,4.33E-23,3.47E-23,6.22E-20,8.51E-16,2.52E-14,6.36E-17,8.50E-22,6.91E-25,3.25E-28,3.17E-25,9.78E-22,5.61E-19,9.08E-21,1.22E-22,1.44E-22,9.92E-21,3.45E-19,6.85E-20,1.42E-22,7.48E-25,1.72E-24,1.96E-21,4.11E-18,2.58E-17,4.88E-19,5.03E-22,1.04E-22,7.09E-20,2.60E-15,9.98E-13,2.45E-14,9.19E-20,6.65E-24,2.12E-24,1.11E-21,5.31E-18,2.46E-16,5.47E-18,3.19E-22,8.17E-24,6.24E-22,1.91E-19,2.63E-20,1.80E-19,1.69E-21,4.48E-21,2.14E-18,4.74E-15,7.62E-14,5.37E-18,1.88E-22,1.20E-24,7.46E-22,4.79E-19,4.76E-16,2.69E-15,9.29E-19,5.80E-22,1.51E-21,6.60E-19,7.66E-15,2.00E-14,6.39E-17,5.93E-20,1.32E-21,1.39E-20,8.44E-18,2.75E-16,6.31E-17,1.41E-18,6.16E-19,2.04E-17,9.34E-15,2.67E-14,4.96E-17,2.80E-19,3.83E-22,2.20E-21,1.08E-17,2.70E-14,8.24E-15,1.45E-17,5.63E-21,5.57E-22,1.77E-19,1.91E-15,1.93E-13,1.19E-16,6.46E-19,2.32E-19,2.51E-18,5.51E-15,1.05E-12,8.08E-13,1.36E-14,1.35E-15,3.47E-14,5.45E-11,1.53E-09,1.55E-10,3.52E-12,2.75E-13,1.27E-10,1.22E-05,0.114161178,0.885396063,0.000430535
Head 3,528,9.03E-17,9.08E-18,1.02E-22,3.40E-26,4.97E-28,8.92E-25,3.37E-21,2.35E-20,1.35E-22,1.65E-26,6.37E-28,7.43E-26,2.81E-22,3.04E-20,4.71E-21,2.38E-23,6.31E-24,2.97E-21,4.84E-19,1.08E-19,4.46E-23,2.49E-26,4.33E-26,9.23E-22,2.20E-16,3.70E-14,5.20E-17,9.03E-22,3.09E-29,1.04E-29,1.22E-25,4.00E-18,1.40E-16,1.92E-18,2.56E-21,1.37E-22,1.93E-21,9.70E-20,9.43E-20,7.77E-22,5.52E-24,7.92E-24,4.31E-21,1.51E-19,3.67E-18,8.72E-20,3.80E-22,3.72E-22,2.26E-18,6.14E-13,8.41E-10,3.13E-12,2.17E-18,2.10E-23,5.09E-24,6.31E-20,3.76E-14,9.10E-12,2.27E-15,7.44E-20,3.05E-22,9.90E-22,7.88E-20,6.00E-17,1.26E-17,8.85E-19,5.78E-19,8.27E-17,8.60E-14,3.91E-14,5.67E-18,4.92E-23,8.54E-23,1.22E-23,3.49E-19,1.02E-14,6.76E-16,3.77E-20,3.00E-25,2.48E-25,5.32E-21,3.60E-16,1.55E-14,3.63E-16,4.87E-19,1.01E-21,2.58E-20,4.46E-17,2.77E-14,9.52E-14,6.90E-15,9.37E-16,3.78E-14,2.79E-12,8.89E-13,7.20E-15,2.46E-19,4.24E-22,3.65E-21,4.04E-17,2.30E-13,1.37E-13,8.36E-18,1.90E-22,1.02E-23,4.21E-20,4.05E-15,1.68E-14,7.06E-16,1.52E-18,2.42E-20,2.62E-19,6.24E-16,9.44E-13,4.77E-12,9.84E-14,2.41E-15,2.76E-14,3.47E-12,3.39E-11,9.51E-13,1.08E-14,3.39E-15,1.23E-11,1.83E-05,0.043874484,0.95505023,0.001056949
Head 3,529,5.77E-17,2.91E-19,3.67E-24,2.41E-29,1.23E-29,2.12E-26,7.90E-23,3.03E-21,6.06E-24,9.81E-28,3.15E-29,3.17E-27,1.05E-23,1.13E-21,1.92E-22,6.17E-26,2.84E-25,1.65E-22,3.82E-20,8.52E-21,2.12E-24,7.18E-28,8.93E-28,1.89E-23,6.18E-18,1.57E-15,6.84E-17,2.91E-25,2.06E-30,5.94E-31,5.36E-24,1.65E-19,7.64E-18,1.57E-19,1.61E-22,7.38E-24,7.39E-23,2.75E-21,1.94E-21,1.31E-23,9.08E-26,1.50E-25,3.25E-24,5.96E-21,1.17E-19,3.61E-21,1.45E-23,1.47E-23,9.04E-20,4.12E-14,5.23E-11,9.90E-14,7.91E-20,8.51E-25,1.08E-25,3.90E-21,8.13E-16,5.11E-15,1.43E-17,9.80E-21,1.07E-23,4.83E-23,2.42E-20,1.03E-18,1.04E-18,3.44E-20,2.02E-20,2.95E-18,1.53E-15,1.59E-15,2.93E-19,3.24E-21,1.13E-26,1.06E-24,8.60E-19,8.60E-16,1.60E-16,1.14E-22,2.82E-26,8.59E-27,1.09E-22,2.51E-18,4.60E-16,4.87E-16,5.53E-20,5.48E-22,2.88E-21,2.96E-18,1.75E-15,7.23E-15,3.38E-17,3.77E-17,3.39E-15,3.75E-13,7.90E-13,1.38E-15,3.37E-20,1.61E-23,8.47E-23,8.72E-19,6.82E-15,5.73E-15,6.83E-19,1.06E-23,1.08E-24,1.41E-21,3.24E-18,2.41E-16,2.67E-17,9.19E-19,4.34E-21,1.77E-20,2.50E-17,3.31E-14,1.34E-13,3.49E-15,2.20E-17,3.85E-16,1.17E-13,3.75E-13,1.93E-13,4.24E-16,1.59E-16,7.68E-13,1.15E-08,0.003920282,0.995966315,0.000113348
Head 3,530,4.10E-17,2.64E-19,2.29E-25,1.68E-29,9.54E-30,1.46E-26,1.76E-22,2.69E-21,6.11E-24,1.03E-27,3.37E-29,3.13E-27,9.63E-24,1.05E-21,2.73E-24,5.19E-26,2.26E-25,1.66E-22,4.15E-20,8.61E-21,1.97E-24,5.71E-28,6.81E-28,1.33E-23,4.50E-18,2.37E-14,2.56E-19,3.04E-25,2.68E-30,6.75E-28,4.73E-24,1.29E-19,8.43E-18,1.43E-19,1.48E-22,6.49E-24,6.13E-23,2.06E-21,1.36E-21,8.62E-24,5.97E-26,2.21E-26,2.60E-24,3.83E-21,8.94E-20,2.99E-21,1.28E-23,1.07E-23,7.71E-20,7.42E-14,1.84E-11,4.54E-14,1.88E-19,6.54E-25,4.24E-25,3.82E-21,5.98E-17,1.27E-15,2.14E-16,7.74E-21,1.77E-23,5.31E-23,1.26E-20,2.58E-18,1.05E-18,2.65E-20,1.22E-20,1.02E-18,8.60E-16,1.06E-15,9.24E-17,3.69E-24,1.66E-26,7.25E-23,8.75E-19,2.65E-15,2.44E-18,1.19E-21,3.00E-26,1.07E-26,2.46E-23,1.60E-18,1.59E-14,6.49E-16,4.01E-19,9.63E-22,2.77E-21,2.37E-18,1.44E-15,1.78E-16,1.68E-17,3.03E-17,3.37E-15,3.51E-13,1.55E-12,3.03E-15,3.71E-20,1.60E-23,1.60E-23,5.41E-19,6.61E-15,6.67E-15,4.36E-19,1.53E-23,8.69E-25,1.85E-22,7.23E-19,1.17E-16,3.26E-15,2.34E-18,5.45E-21,1.36E-20,1.92E-17,2.07E-14,9.17E-14,3.46E-17,5.02E-18,1.54E-16,6.45E-15,4.63E-12,1.04E-13,3.00E-16,1.33E-16,8.54E-15,8.72E-09,0.149657145,0.850259006,8.39E-05
Head 3,531,6.18E-17,2.46E-20,2.53E-25,2.58E-29,1.47E-29,1.55E-26,3.06E-22,3.88E-21,9.14E-24,1.46E-27,5.33E-29,5.03E-27,1.54E-23,4.22E-22,4.40E-24,7.37E-26,3.38E-25,2.35E-22,5.66E-20,1.19E-20,2.80E-24,9.73E-28,1.18E-27,2.24E-23,6.36E-17,5.24E-17,2.93E-19,5.04E-25,2.19E-27,1.29E-27,6.42E-24,2.38E-19,1.21E-17,1.90E-19,2.22E-22,9.88E-24,9.99E-23,3.44E-21,2.24E-21,1.53E-23,3.39E-25,3.51E-26,4.24E-24,5.73E-21,1.30E-19,4.95E-21,1.93E-23,1.88E-23,4.28E-19,4.86E-14,1.16E-11,1.77E-13,2.25E-19,6.83E-24,1.39E-24,4.88E-21,4.74E-17,5.33E-14,3.33E-16,6.26E-21,3.53E-23,7.21E-23,1.02E-19,7.36E-18,2.18E-18,3.86E-20,1.40E-21,8.19E-19,9.32E-16,4.18E-14,4.55E-19,8.11E-24,7.84E-24,1.53E-22,6.36E-18,5.00E-17,9.23E-17,2.00E-21,2.22E-26,6.33E-27,3.82E-23,3.19E-17,3.47E-14,5.58E-15,1.09E-18,1.55E-21,3.49E-21,2.88E-18,2.57E-16,1.51E-16,2.03E-17,4.00E-17,2.34E-15,7.09E-13,3.80E-12,4.91E-15,8.56E-20,9.27E-25,1.68E-23,1.22E-18,7.82E-15,5.21E-15,5.63E-19,2.81E-23,9.23E-25,1.01E-22,7.30E-19,3.65E-14,1.22E-14,4.70E-18,7.39E-21,1.99E-20,2.73E-17,3.16E-14,1.39E-15,2.34E-17,4.38E-18,4.82E-17,4.68E-13,3.50E-12,1.21E-13,4.45E-16,2.37E-17,1.91E-14,1.74E-06,0.229399219,0.770504832,9.42E-05
Head 3,532,2.76E-18,2.19E-20,2.86E-25,2.93E-29,3.80E-30,2.76E-26,4.67E-22,5.57E-21,8.94E-24,1.56E-27,5.71E-29,5.40E-27,5.05E-22,5.75E-22,5.53E-24,8.74E-26,3.69E-25,2.54E-22,5.91E-20,1.21E-20,3.25E-24,1.25E-27,1.71E-27,1.53E-22,6.97E-20,5.02E-17,3.50E-19,1.36E-22,3.12E-27,1.24E-27,9.77E-24,3.17E-19,1.40E-17,2.48E-19,2.53E-22,1.23E-23,1.39E-22,5.19E-21,3.91E-21,4.04E-22,4.64E-25,7.04E-26,6.93E-24,7.16E-21,1.66E-19,5.48E-21,2.37E-23,6.24E-23,3.13E-19,3.32E-14,1.70E-11,1.52E-13,1.54E-18,1.80E-23,3.08E-24,3.35E-21,5.03E-16,8.35E-14,5.44E-17,4.16E-20,4.12E-23,6.60E-22,3.32E-19,1.79E-17,3.56E-18,3.49E-22,8.21E-22,9.59E-19,3.59E-15,1.95E-15,6.46E-19,6.37E-21,1.38E-23,1.38E-21,1.22E-19,1.34E-15,1.16E-16,1.59E-22,1.04E-26,8.38E-27,1.54E-22,8.15E-17,2.60E-13,1.41E-14,1.62E-18,1.59E-21,3.19E-21,5.22E-18,1.57E-16,1.47E-16,2.23E-17,8.35E-17,3.26E-15,1.29E-12,4.43E-12,8.69E-15,9.52E-22,5.76E-25,3.33E-23,1.49E-18,7.12E-15,4.05E-15,9.12E-19,2.61E-23,5.80E-25,1.09E-22,4.15E-17,1.61E-13,2.31E-14,5.67E-18,8.23E-21,2.38E-20,3.80E-17,4.39E-15,1.35E-15,2.39E-17,2.12E-17,1.71E-15,2.78E-13,3.44E-12,1.34E-13,3.39E-16,5.82E-17,1.94E-12,2.78E-06,0.238801852,0.761070549,0.000124786
Head 3,533,2.18E-18,2.15E-20,2.61E-25,5.97E-30,5.05E-30,3.53E-26,5.59E-22,4.88E-21,9.77E-24,1.80E-27,6.48E-29,4.11E-24,7.24E-22,8.93E-22,7.79E-24,1.08E-25,4.30E-25,2.77E-22,6.06E-20,1.28E-20,3.48E-24,1.39E-27,4.59E-27,1.85E-25,5.35E-20,4.83E-17,9.43E-17,1.61E-22,2.46E-27,1.45E-27,1.05E-23,3.19E-19,1.72E-17,2.62E-19,2.68E-22,1.40E-23,1.54E-22,6.05E-21,3.88E-20,4.12E-22,8.82E-25,1.16E-25,8.11E-24,8.50E-21,1.76E-19,5.95E-21,4.97E-23,5.35E-23,2.35E-19,1.47E-14,1.50E-11,8.63E-13,3.71E-18,1.76E-23,1.17E-24,4.10E-21,6.28E-16,8.32E-15,1.18E-15,4.06E-20,2.74E-22,1.54E-21,5.32E-19,1.86E-17,4.72E-21,9.62E-23,6.73E-22,1.98E-18,1.38E-15,2.02E-15,1.98E-16,9.19E-21,1.10E-22,1.23E-23,1.79E-18,1.78E-15,3.06E-18,7.07E-23,1.14E-26,1.73E-26,2.95E-22,3.99E-16,4.34E-13,1.64E-14,1.45E-18,1.20E-21,1.83E-20,1.64E-18,1.22E-16,1.48E-16,3.20E-16,1.24E-16,6.39E-15,1.47E-12,6.43E-12,1.12E-16,3.22E-22,5.76E-25,1.08E-22,1.66E-18,4.82E-15,5.38E-15,5.17E-19,1.87E-23,4.87E-25,4.61E-22,1.70E-16,2.40E-13,2.51E-14,5.55E-18,8.32E-21,2.79E-20,8.17E-17,3.82E-15,1.18E-15,1.32E-15,3.94E-17,6.75E-16,2.13E-13,3.17E-12,8.66E-14,7.13E-16,6.03E-16,1.86E-12,2.50E-06,0.207254782,0.792624116,0.000118646
Head 3,534,2.53E-18,2.12E-20,1.38E-25,6.18E-30,6.06E-30,3.93E-26,5.68E-22,5.79E-21,1.19E-23,2.21E-27,3.42E-26,6.47E-24,1.44E-21,1.53E-21,1.07E-23,1.24E-25,4.92E-25,3.26E-22,7.51E-20,1.46E-20,3.65E-24,1.77E-27,2.15E-29,1.33E-25,5.02E-20,3.51E-14,1.06E-16,1.25E-22,2.32E-27,1.26E-27,9.76E-24,3.75E-19,1.85E-17,2.53E-19,2.87E-22,1.43E-23,1.62E-22,5.80E-21,3.52E-20,6.08E-22,1.18E-24,1.18E-25,9.03E-24,9.10E-21,1.84E-19,1.95E-20,5.48E-23,4.45E-23,5.97E-20,1.44E-14,7.69E-11,1.86E-12,1.19E-18,4.72E-24,4.84E-25,4.38E-21,2.15E-16,1.95E-13,1.07E-15,1.61E-19,5.04E-22,2.00E-21,4.52E-19,3.99E-20,7.89E-22,5.55E-23,7.31E-21,1.10E-18,1.41E-15,6.27E-14,2.19E-16,3.80E-20,2.10E-25,2.03E-22,2.35E-18,5.13E-17,1.25E-18,7.22E-23,5.95E-26,2.59E-26,1.33E-21,5.88E-16,4.64E-13,1.52E-14,1.03E-18,2.49E-21,3.14E-21,1.16E-18,1.24E-16,4.10E-15,4.68E-16,2.39E-16,8.16E-15,2.17E-12,7.42E-13,3.79E-17,2.21E-22,1.38E-23,1.61E-22,1.78E-18,6.16E-15,4.05E-15,5.90E-19,1.54E-23,4.92E-25,1.72E-21,2.32E-16,2.39E-13,2.25E-14,4.61E-18,8.27E-21,2.14E-19,6.68E-17,3.44E-15,9.56E-14,8.82E-17,1.27E-17,4.55E-16,2.06E-13,4.89E-13,1.61E-13,1.12E-15,3.93E-16,1.58E-12,2.46E-06,0.221512824,0.778378904,0.000105821
Head 3,535,2.55E-18,2.73E-20,1.27E-25,7.81E-30,6.88E-30,4.93E-26,6.86E-22,6.86E-21,1.47E-23,5.08E-26,4.61E-26,1.19E-23,2.47E-21,2.28E-21,1.18E-23,1.35E-25,5.33E-25,3.72E-22,7.89E-20,1.52E-20,2.72E-24,3.80E-29,1.52E-29,1.13E-25,7.77E-17,4.03E-14,1.09E-16,1.38E-22,2.17E-27,1.27E-27,1.14E-23,4.38E-19,1.79E-17,2.83E-19,2.97E-22,1.57E-23,1.94E-23,6.10E-21,5.03E-20,8.54E-22,1.37E-24,1.40E-25,9.59E-24,9.73E-21,2.70E-18,3.34E-20,6.16E-23,1.65E-23,6.31E-20,6.38E-14,1.47E-10,5.20E-13,3.57E-19,3.38E-24,5.45E-25,1.05E-20,1.34E-15,2.03E-13,3.07E-15,3.11E-19,7.76E-22,2.14E-21,1.16E-20,6.74E-21,4.84E-22,1.06E-20,7.43E-22,1.25E-18,4.80E-15,7.33E-14,5.91E-16,4.06E-23,1.35E-23,2.88E-22,1.02E-19,1.55E-17,1.26E-18,2.00E-21,8.84E-26,1.36E-25,2.24E-21,6.65E-16,5.25E-13,1.32E-14,1.86E-19,2.70E-22,1.82E-21,1.03E-18,7.64E-16,5.81E-15,7.72E-16,2.87E-16,1.07E-14,2.37E-12,3.04E-13,2.62E-17,2.56E-20,2.90E-23,3.58E-22,2.24E-18,9.80E-15,7.61E-15,6.81E-19,1.99E-23,1.71E-24,2.84E-21,2.44E-16,2.39E-13,2.02E-14,5.06E-18,1.81E-20,1.59E-19,6.91E-17,3.68E-14,2.42E-15,3.88E-17,9.37E-18,4.87E-16,1.17E-14,1.24E-12,2.87E-13,7.30E-16,3.53E-16,1.73E-12,2.58E-06,0.228819072,0.771078825,9.95E-05
Head 3,536,2.69E-18,2.03E-20,1.39E-25,8.15E-30,9.00E-30,5.46E-26,7.39E-22,7.76E-21,1.66E-23,5.70E-26,6.85E-26,1.78E-23,3.73E-21,2.41E-21,1.27E-23,1.44E-25,5.81E-25,3.57E-22,7.78E-20,7.61E-21,6.55E-26,2.63E-29,1.15E-29,1.09E-22,8.17E-17,4.73E-14,1.30E-16,1.31E-22,2.16E-27,1.41E-27,1.34E-23,4.27E-19,1.98E-17,2.82E-19,3.29E-22,1.10E-24,2.06E-23,7.13E-21,6.23E-20,9.81E-22,1.61E-24,1.41E-25,1.02E-23,4.99E-19,5.50E-18,4.70E-20,3.67E-23,1.93E-23,2.19E-19,1.03E-13,9.82E-11,1.81E-13,7.16E-19,3.69E-24,3.29E-24,9.61E-21,1.33E-15,4.26E-13,5.10E-15,4.75E-19,8.81E-22,3.93E-22,1.44E-21,3.61E-21,4.45E-19,7.30E-23,8.93E-22,2.52E-18,6.01E-15,1.34E-13,1.69E-18,9.02E-21,2.09E-23,8.95E-24,2.06E-20,1.50E-17,9.62E-17,2.84E-21,4.29E-25,2.42E-25,2.40E-21,7.15E-16,4.61E-13,2.48E-16,1.66E-20,1.24E-22,1.32E-21,5.07E-19,1.11E-15,9.08E-15,9.14E-16,3.84E-16,2.13E-14,1.05E-12,2.17E-13,1.88E-15,5.64E-20,9.69E-23,4.24E-22,3.23E-18,1.65E-14,9.73E-15,1.36E-18,3.78E-23,2.76E-24,2.71E-21,2.29E-16,2.14E-13,2.26E-14,5.01E-19,1.08E-20,1.51E-19,3.13E-17,5.19E-15,1.46E-15,3.10E-17,1.01E-17,7.77E-17,4.80E-14,8.74E-12,1.78E-13,6.64E-16,4.04E-16,1.83E-12,2.79E-06,0.239302441,0.760591507,0.000103233
Head 3,537,2.06E-18,2.06E-20,1.41E-25,1.00E-29,9.57E-30,5.95E-26,7.83E-22,4.77E-21,1.76E-23,7.36E-26,9.56E-26,2.86E-23,4.12E-21,2.64E-21,1.34E-23,1.52E-25,5.54E-25,3.69E-22,5.19E-20,4.24E-23,4.88E-26,1.90E-29,2.36E-27,1.16E-22,1.13E-16,6.49E-14,1.27E-16,1.21E-22,2.25E-27,1.54E-27,1.35E-23,4.57E-19,1.92E-17,3.10E-19,7.96E-23,1.14E-24,2.01E-23,7.82E-21,6.44E-20,1.06E-21,1.47E-24,1.44E-25,4.08E-22,9.05E-19,8.53E-18,1.67E-20,4.17E-23,3.69E-23,2.87E-19,2.21E-13,3.71E-11,4.74E-13,6.68E-19,1.22E-23,1.07E-24,8.18E-21,2.70E-15,5.84E-13,6.74E-15,5.00E-19,2.01E-22,3.59E-23,6.75E-22,1.45E-18,6.00E-22,8.47E-23,9.55E-21,3.27E-18,9.20E-15,3.91E-15,2.47E-16,1.13E-20,1.55E-25,1.19E-24,1.79E-20,1.19E-15,1.30E-16,9.72E-21,6.53E-25,2.25E-25,2.07E-21,5.59E-16,5.36E-15,2.42E-17,6.37E-21,7.69E-23,1.44E-22,7.80E-19,1.86E-15,9.77E-15,1.15E-15,1.73E-16,9.54E-15,8.12E-13,1.58E-12,3.31E-15,1.63E-19,1.05E-22,1.19E-22,3.21E-18,2.04E-14,1.53E-14,1.07E-18,4.60E-23,2.30E-24,2.17E-21,1.95E-16,2.23E-13,1.48E-16,2.39E-19,8.38E-21,1.26E-20,8.15E-17,3.76E-15,1.17E-15,2.90E-17,2.92E-17,4.44E-16,8.20E-13,4.40E-12,1.48E-13,6.72E-16,3.94E-16,1.87E-12,2.80E-06,0.231568858,0.768332005,9.63E-05
Head 3,538,1.51E-18,1.67E-20,1.40E-25,1.04E-29,1.05E-29,5.08E-26,1.74E-21,3.97E-21,1.66E-23,8.04E-26,1.27E-25,2.71E-23,3.77E-21,2.44E-21,1.30E-23,1.41E-25,5.32E-25,5.93E-22,2.83E-23,3.01E-23,3.44E-26,9.00E-28,2.59E-27,1.61E-22,1.44E-16,5.68E-14,1.10E-16,1.39E-22,2.76E-27,1.90E-27,1.50E-23,4.31E-19,1.96E-17,4.27E-19,8.30E-23,1.05E-24,2.19E-23,7.50E-21,6.58E-20,9.59E-22,1.52E-24,7.01E-25,4.62E-22,1.18E-18,6.31E-19,1.96E-20,4.21E-23,4.60E-23,1.10E-18,8.19E-14,4.00E-11,4.09E-13,8.04E-19,7.26E-24,9.47E-25,2.23E-20,3.35E-15,6.50E-13,6.69E-15,3.67E-20,1.99E-23,1.79E-23,2.70E-20,4.43E-21,7.81E-22,1.42E-20,1.38E-20,5.98E-18,2.60E-15,7.98E-14,3.08E-16,3.52E-23,2.51E-26,1.11E-24,1.39E-18,1.80E-15,4.00E-16,1.49E-20,7.18E-25,1.97E-25,1.58E-21,2.33E-17,6.14E-16,8.34E-18,3.65E-21,1.91E-23,2.63E-22,1.80E-18,1.97E-15,1.17E-14,6.55E-17,7.85E-17,7.23E-15,5.38E-13,2.30E-12,7.30E-15,2.06E-19,2.82E-24,6.21E-23,2.97E-18,1.29E-14,6.04E-15,9.91E-19,4.62E-23,2.13E-24,2.08E-21,2.01E-16,9.21E-16,6.75E-17,1.71E-19,2.62E-21,1.92E-19,6.65E-17,3.32E-15,1.12E-15,1.67E-15,1.87E-16,2.67E-15,3.10E-13,3.58E-12,1.56E-13,7.91E-16,4.86E-16,2.11E-12,2.87E-06,0.237710014,0.762191236,9.58E-05
Head 3,539,1.83E-18,2.07E-20,1.79E-25,1.37E-29,1.03E-29,5.73E-25,1.80E-21,4.44E-21,2.30E-23,1.37E-25,1.77E-25,3.65E-23,5.01E-21,3.26E-21,1.62E-23,1.74E-25,4.67E-24,1.35E-25,3.18E-23,3.18E-23,1.79E-24,1.17E-27,4.53E-27,2.76E-22,1.70E-16,6.18E-14,1.44E-16,1.69E-22,3.42E-27,2.23E-27,1.68E-23,5.17E-19,7.29E-17,5.41E-19,8.80E-23,1.38E-24,2.54E-23,9.39E-21,7.48E-20,1.17E-21,5.41E-25,6.58E-25,6.98E-22,2.96E-20,9.59E-19,1.19E-20,4.91E-23,1.43E-22,5.05E-19,3.36E-14,4.32E-11,4.01E-13,1.51E-18,7.11E-24,4.08E-24,3.89E-20,4.75E-15,7.97E-13,1.72E-16,5.60E-21,1.11E-23,9.62E-23,9.00E-22,6.29E-21,5.85E-19,2.06E-20,3.48E-20,2.94E-18,6.57E-15,1.02E-13,1.64E-18,8.40E-24,2.46E-26,2.05E-22,3.22E-18,8.76E-15,6.78E-16,1.91E-20,6.84E-25,1.72E-25,4.08E-22,4.04E-18,2.83E-16,6.01E-18,1.35E-20,5.08E-23,1.19E-21,2.69E-18,2.86E-15,4.29E-16,4.22E-17,7.78E-17,3.78E-15,1.02E-12,5.06E-12,1.18E-14,1.29E-21,1.16E-24,6.24E-23,2.46E-18,7.69E-15,6.07E-15,1.35E-18,5.10E-23,2.17E-24,2.23E-21,4.54E-18,4.31E-16,4.83E-17,1.40E-18,1.56E-20,1.71E-19,7.30E-17,3.83E-15,1.37E-13,8.02E-15,6.27E-17,8.57E-16,2.79E-13,4.29E-12,2.01E-13,9.58E-16,5.34E-16,2.22E-12,3.13E-06,0.247708857,0.752185762,0.000102236
Head 3,540,1.47E-18,1.76E-20,1.76E-25,1.20E-29,5.58E-29,4.56E-25,1.36E-21,4.15E-21,2.49E-23,1.38E-25,1.74E-25,3.41E-23,4.81E-21,3.05E-21,1.58E-23,3.40E-24,1.64E-27,1.26E-25,2.74E-23,5.80E-21,1.85E-24,1.80E-27,7.20E-27,2.88E-22,1.53E-16,6.01E-14,1.37E-16,1.78E-22,4.17E-27,2.68E-27,1.89E-23,8.26E-19,7.21E-17,4.60E-19,9.39E-23,1.41E-24,2.71E-23,9.05E-21,7.32E-20,6.99E-23,3.50E-25,6.99E-25,1.60E-23,3.45E-20,3.41E-19,1.01E-20,1.04E-22,8.50E-23,1.28E-19,3.49E-14,7.46E-11,8.58E-13,1.33E-18,2.96E-23,7.65E-24,4.97E-20,4.54E-15,1.78E-14,3.75E-17,3.16E-21,4.39E-23,2.46E-23,1.37E-21,1.91E-18,8.02E-19,6.57E-20,2.69E-21,3.63E-18,7.24E-15,4.03E-15,6.40E-19,8.60E-24,1.90E-23,5.78E-22,2.52E-17,1.33E-14,7.44E-16,1.72E-20,6.07E-25,6.31E-26,6.93E-23,1.81E-18,1.71E-16,1.80E-16,3.59E-20,3.03E-22,1.86E-21,3.34E-18,3.75E-16,2.39E-16,3.30E-17,1.62E-16,6.19E-15,1.72E-12,6.41E-12,9.99E-17,4.16E-22,8.55E-25,1.73E-22,2.10E-18,5.60E-15,6.58E-15,1.37E-18,4.75E-23,2.32E-24,4.29E-22,1.86E-18,2.62E-16,5.32E-15,3.82E-19,1.08E-20,1.64E-19,7.79E-17,4.35E-14,3.04E-13,1.40E-16,1.77E-17,6.84E-16,3.07E-13,5.00E-12,2.25E-13,1.08E-15,6.07E-16,2.59E-12,3.21E-06,0.232935518,0.766960263,0.000101
Head 3,541,1.30E-18,1.60E-20,1.58E-25,5.93E-30,4.44E-29,3.40E-25,1.27E-21,4.14E-21,2.43E-23,1.36E-25,1.63E-25,3.40E-23,4.55E-21,2.88E-21,2.58E-22,8.26E-27,1.61E-27,1.24E-25,4.61E-20,5.59E-21,2.47E-24,2.60E-27,7.24E-27,2.71E-22,1.42E-16,5.57E-14,1.22E-16,1.95E-22,4.44E-27,2.80E-27,7.38E-24,7.69E-19,6.41E-17,4.28E-19,8.90E-23,1.38E-24,2.48E-23,8.43E-21,7.62E-21,4.19E-23,3.00E-25,1.18E-25,1.75E-23,1.48E-20,2.41E-19,3.34E-20,8.32E-23,3.31E-23,1.43E-19,1.98E-13,7.47E-11,7.41E-13,3.86E-18,5.08E-23,9.34E-24,4.50E-20,4.32E-16,5.63E-15,2.18E-17,4.05E-20,1.37E-23,3.78E-23,3.20E-20,2.43E-18,2.77E-18,2.96E-22,1.54E-20,4.02E-18,2.86E-15,2.36E-15,6.11E-19,1.27E-20,4.82E-23,7.23E-21,4.41E-17,1.43E-14,6.78E-16,1.49E-20,6.73E-26,1.15E-26,3.82E-23,1.21E-18,9.12E-15,5.03E-16,2.42E-19,5.21E-22,2.52E-21,5.34E-18,1.90E-16,1.77E-16,5.97E-16,2.72E-16,1.20E-14,2.18E-12,5.86E-13,3.75E-17,2.77E-22,2.54E-23,3.42E-22,2.00E-18,6.11E-15,6.94E-15,1.15E-18,4.61E-23,1.34E-24,1.66E-22,1.12E-18,4.83E-14,1.07E-16,2.13E-19,9.44E-21,1.78E-19,3.35E-17,6.04E-14,2.90E-15,4.61E-17,1.36E-17,7.82E-16,3.71E-13,5.49E-12,2.38E-13,1.10E-15,6.51E-16,2.59E-12,3.22E-06,0.251019806,0.74887234,0.000104668
Head 3,542,1.57E-18,2.08E-20,1.37E-26,6.84E-30,4.45E-29,3.73E-25,1.39E-21,4.66E-21,3.08E-23,1.78E-25,2.40E-25,4.67E-23,6.03E-21,1.81E-20,5.22E-24,1.07E-26,2.28E-27,9.71E-22,5.80E-20,8.61E-21,4.34E-24,3.42E-27,8.91E-27,2.91E-22,1.50E-16,5.15E-14,1.42E-16,2.25E-22,5.68E-27,5.75E-28,8.11E-24,1.01E-18,7.26E-17,5.22E-19,1.17E-22,1.74E-24,3.15E-23,9.99E-21,6.38E-21,4.01E-23,1.06E-24,1.65E-25,1.82E-23,1.42E-20,4.63E-18,5.39E-20,8.10E-23,5.05E-23,1.53E-18,7.62E-14,7.46E-11,1.78E-12,7.19E-18,8.00E-23,1.13E-23,2.97E-20,1.83E-16,4.23E-15,1.30E-15,4.10E-21,2.49E-23,1.19E-22,4.65E-20,1.01E-17,2.65E-21,2.40E-20,2.05E-20,3.40E-18,2.18E-15,2.44E-15,3.65E-16,2.94E-20,7.37E-22,1.72E-20,5.39E-17,1.49E-14,6.87E-16,4.04E-22,1.89E-26,9.32E-27,3.10E-23,2.07E-17,2.44E-14,3.24E-15,4.69E-19,9.60E-22,1.95E-20,2.29E-18,1.63E-16,7.95E-15,1.16E-15,6.88E-16,1.85E-14,2.53E-12,3.04E-13,2.87E-17,5.18E-20,1.00E-22,5.26E-22,2.39E-18,7.38E-15,6.87E-15,1.32E-18,3.05E-23,6.85E-25,1.15E-22,4.31E-17,6.89E-16,5.61E-17,2.00E-19,1.20E-20,1.86E-20,5.19E-17,5.90E-15,1.59E-15,4.13E-17,1.76E-17,1.12E-15,4.82E-13,6.83E-12,2.80E-13,1.36E-15,7.67E-16,3.06E-12,3.79E-06,0.250366747,0.749532819,9.67E-05
Head 3,543,1.92E-18,2.05E-21,1.73E-26,7.70E-30,4.93E-29,4.13E-25,1.50E-21,5.43E-21,3.67E-23,2.31E-25,2.96E-25,5.53E-23,6.50E-21,5.20E-22,5.34E-24,1.32E-26,9.04E-24,1.21E-21,7.26E-20,1.22E-20,5.15E-24,3.87E-27,9.55E-27,3.26E-22,1.52E-16,5.76E-14,1.45E-16,2.68E-22,1.14E-27,5.61E-28,1.31E-23,1.23E-18,8.32E-17,6.35E-19,1.38E-22,2.20E-24,3.24E-22,1.13E-20,6.68E-21,7.50E-22,1.31E-24,2.94E-25,1.93E-23,9.88E-19,8.95E-18,3.41E-20,1.12E-22,2.95E-22,4.17E-19,8.05E-14,1.63E-10,2.84E-12,1.06E-17,9.65E-23,1.53E-23,1.15E-20,1.66E-16,2.56E-13,3.43E-17,7.43E-21,6.03E-23,1.83E-22,2.44E-19,2.23E-20,9.15E-19,3.40E-20,3.56E-21,2.56E-18,2.38E-15,1.14E-13,6.14E-16,2.70E-19,1.85E-21,2.19E-20,5.31E-17,1.36E-14,6.67E-18,1.28E-22,1.62E-26,8.30E-27,1.18E-22,4.85E-17,1.31E-13,5.79E-15,9.31E-19,2.75E-21,4.81E-21,1.75E-18,1.43E-15,1.30E-14,2.41E-15,1.01E-15,3.95E-14,1.53E-12,2.49E-13,3.31E-15,1.99E-19,1.87E-22,6.02E-22,2.68E-18,7.44E-15,7.29E-15,6.52E-19,2.30E-23,5.68E-25,5.23E-22,3.75E-18,3.39E-16,4.91E-17,2.22E-19,4.40E-21,3.31E-20,1.27E-16,4.82E-15,1.57E-15,5.21E-17,2.62E-17,1.55E-15,6.19E-13,7.78E-12,3.19E-13,1.55E-15,9.35E-16,3.94E-12,4.42E-06,0.274024069,0.725861967,0.00010952
Head 3,544,1.94E-18,2.58E-21,2.06E-26,8.21E-30,5.39E-29,4.36E-25,1.61E-21,5.82E-21,3.88E-23,2.32E-25,2.81E-25,1.82E-23,6.47E-23,3.70E-22,4.71E-24,6.13E-24,1.00E-23,1.20E-21,8.01E-20,1.27E-20,4.85E-24,3.75E-27,9.62E-27,3.42E-22,1.62E-16,5.45E-14,1.56E-16,6.79E-23,9.66E-28,9.80E-28,1.78E-23,1.28E-18,8.61E-17,6.07E-19,1.41E-22,3.24E-23,3.94E-22,1.24E-20,6.50E-20,8.05E-22,2.88E-24,3.44E-25,9.64E-22,1.49E-18,1.07E-18,3.69E-20,2.21E-22,1.11E-22,3.90E-19,1.84E-13,2.20E-10,3.49E-12,1.07E-17,6.16E-23,3.89E-24,9.73E-21,1.90E-15,6.51E-15,5.07E-17,6.27E-20,8.21E-23,1.10E-21,6.10E-21,2.82E-18,1.28E-18,3.83E-22,1.90E-21,2.56E-18,8.93E-15,1.47E-13,2.34E-15,5.10E-19,2.06E-21,1.73E-20,3.95E-17,9.86E-17,1.68E-18,8.56E-23,1.28E-26,1.83E-26,2.24E-22,2.22E-16,2.22E-13,1.14E-14,1.69E-19,3.63E-22,2.90E-21,1.02E-18,2.25E-15,2.01E-14,2.85E-15,3.98E-16,1.99E-14,1.12E-12,2.40E-12,8.43E-15,3.34E-19,1.96E-22,5.89E-22,2.78E-18,7.74E-15,5.01E-15,7.25E-19,2.19E-23,7.75E-25,4.11E-22,1.75E-18,2.71E-16,4.45E-17,1.91E-18,9.00E-21,3.85E-19,1.07E-16,4.72E-15,1.71E-15,6.88E-17,3.39E-17,1.92E-15,6.87E-13,8.18E-12,3.25E-13,1.58E-15,1.02E-15,4.28E-12,4.47E-06,0.261326373,0.738560379,0.000108751
Head 3,545,2.20E-18,3.24E-21,2.22E-26,8.46E-30,5.01E-29,3.83E-25,1.44E-21,5.00E-21,3.27E-23,1.85E-25,9.63E-26,4.88E-26,3.50E-23,2.36E-22,3.00E-22,5.72E-24,8.23E-24,1.04E-21,7.58E-20,1.08E-20,4.35E-24,3.11E-27,8.62E-27,2.97E-22,1.33E-16,5.16E-14,2.92E-17,5.78E-23,1.57E-27,1.39E-27,1.64E-23,1.15E-18,7.34E-17,5.53E-19,5.47E-22,3.84E-23,4.25E-22,1.08E-20,5.83E-20,1.37E-21,3.14E-24,1.60E-24,8.62E-22,3.62E-20,1.07E-18,7.08E-20,1.46E-22,9.66E-23,9.22E-19,2.27E-13,2.36E-10,3.13E-12,2.29E-18,1.13E-23,2.44E-24,1.31E-20,1.74E-16,6.82E-15,1.56E-15,6.54E-20,4.24E-22,2.02E-22,4.59E-20,3.51E-18,2.61E-21,1.33E-22,1.62E-21,5.39E-18,1.08E-14,2.91E-13,3.24E-15,5.08E-19,1.34E-21,1.02E-20,1.98E-19,1.41E-17,8.32E-19,5.98E-23,6.71E-26,2.49E-26,7.31E-22,3.06E-16,3.39E-13,1.49E-16,1.41E-20,1.66E-22,3.45E-22,1.94E-18,3.46E-15,2.03E-14,1.14E-16,1.65E-16,1.22E-14,8.37E-13,4.00E-12,1.03E-14,2.90E-19,1.37E-22,4.51E-22,2.17E-18,8.31E-15,6.26E-15,7.33E-19,2.89E-23,1.26E-24,1.67E-22,1.14E-18,2.03E-16,5.84E-15,4.00E-18,2.50E-20,2.42E-19,9.32E-17,4.21E-15,1.73E-15,7.01E-17,3.48E-17,1.88E-15,6.69E-13,7.95E-12,3.01E-13,1.63E-15,1.06E-15,4.15E-12,4.58E-06,0.275812984,0.724085927,9.65E-05
Head 3,546,2.69E-18,3.77E-21,2.45E-26,8.42E-30,4.58E-29,3.45E-25,1.24E-21,4.13E-21,2.57E-23,1.80E-25,1.64E-28,2.31E-26,1.81E-23,9.18E-21,2.84E-22,5.57E-24,7.24E-24,9.83E-22,6.39E-20,9.42E-21,3.45E-24,2.64E-27,7.30E-27,2.41E-22,1.15E-16,2.86E-15,2.58E-17,7.91E-23,2.38E-27,1.42E-27,1.56E-23,1.01E-18,6.95E-17,4.28E-19,7.76E-22,5.04E-23,4.42E-23,1.03E-20,7.75E-20,1.64E-21,9.12E-25,1.04E-24,1.94E-23,3.36E-20,7.38E-18,3.37E-20,1.43E-22,2.30E-22,1.35E-18,2.70E-13,2.33E-10,6.74E-13,5.79E-19,7.69E-24,1.67E-24,8.06E-21,1.83E-16,2.31E-13,1.47E-15,2.80E-19,1.27E-22,1.59E-22,6.19E-20,1.91E-20,8.37E-22,1.30E-22,2.61E-20,7.87E-18,1.97E-14,3.71E-13,3.77E-15,4.42E-19,1.08E-21,2.63E-23,1.92E-20,6.55E-18,6.25E-19,1.72E-21,9.92E-26,8.17E-26,1.14E-21,4.38E-16,2.94E-15,1.55E-17,7.34E-21,5.85E-23,1.12E-21,5.25E-18,3.70E-15,4.92E-16,6.53E-17,1.31E-16,6.36E-15,1.58E-12,5.32E-12,1.20E-14,2.66E-19,1.28E-22,4.18E-22,2.39E-18,1.07E-14,7.69E-15,1.54E-18,2.76E-23,7.38E-25,1.32E-22,1.09E-18,5.15E-14,1.50E-14,4.95E-19,1.36E-20,2.27E-19,9.15E-17,4.33E-15,1.88E-15,7.98E-17,3.84E-17,2.03E-15,6.75E-13,7.07E-12,3.18E-13,1.71E-15,1.11E-15,4.88E-12,5.44E-06,0.289225131,0.710666776,0.000102661
Head 3,547,3.91E-18,4.94E-21,2.92E-26,9.85E-30,5.25E-29,3.84E-25,1.21E-21,3.93E-21,8.94E-23,7.46E-28,1.20E-28,1.65E-26,2.25E-21,1.06E-20,4.15E-22,6.73E-24,9.03E-24,1.16E-21,7.14E-20,9.52E-21,3.41E-24,2.94E-27,8.21E-27,2.72E-22,2.30E-18,3.22E-15,2.85E-17,1.10E-22,2.86E-27,1.64E-27,1.68E-23,1.19E-18,3.02E-17,7.05E-19,1.26E-21,4.00E-24,5.94E-23,1.28E-20,1.03E-19,1.06E-22,5.91E-25,2.15E-25,2.59E-23,1.44E-18,9.37E-19,4.17E-20,2.68E-22,3.97E-22,1.93E-18,3.01E-13,1.36E-10,2.24E-13,4.07E-19,1.22E-23,3.18E-24,1.18E-20,1.79E-15,2.59E-13,5.01E-15,2.77E-20,8.37E-23,2.62E-22,5.23E-21,5.23E-21,8.58E-22,4.05E-20,5.04E-20,2.16E-17,2.69E-14,4.42E-13,3.71E-15,4.19E-19,7.91E-25,1.94E-24,9.01E-21,5.18E-18,5.70E-17,3.18E-21,3.51E-25,1.63E-25,1.86E-21,1.75E-17,4.00E-16,8.58E-18,4.00E-20,3.07E-22,6.73E-21,6.27E-18,4.80E-16,3.36E-16,6.01E-17,3.84E-16,1.55E-14,2.32E-12,6.83E-12,1.25E-14,2.67E-19,1.50E-22,1.26E-22,2.72E-18,1.53E-14,1.40E-14,5.96E-19,2.52E-23,7.13E-25,1.59E-22,5.17E-17,1.58E-13,1.17E-16,2.32E-19,1.43E-20,2.88E-19,1.11E-16,5.23E-15,2.31E-15,9.74E-17,4.93E-17,2.46E-15,6.81E-13,8.62E-12,3.47E-13,1.99E-15,1.51E-15,6.99E-12,6.28E-06,0.284828573,0.715054393,0.000110667
Head 3,548,4.94E-18,5.65E-21,3.50E-26,1.15E-29,6.37E-29,3.89E-25,1.20E-21,1.82E-20,8.74E-25,6.31E-28,9.41E-29,6.73E-24,2.64E-21,1.88E-20,5.73E-22,8.28E-24,1.14E-23,1.34E-21,7.90E-20,9.22E-21,3.69E-24,3.23E-27,9.42E-27,4.25E-24,2.75E-18,2.71E-15,2.98E-17,1.23E-22,3.23E-27,1.78E-27,2.16E-23,1.01E-18,4.32E-17,1.04E-18,3.49E-22,5.68E-24,5.89E-23,1.47E-20,1.15E-20,6.48E-23,1.90E-24,2.84E-25,1.38E-21,4.01E-20,1.18E-18,4.55E-20,3.88E-22,5.46E-22,2.18E-18,5.87E-13,5.05E-11,1.44E-13,1.76E-18,1.31E-23,4.87E-24,1.86E-20,2.22E-15,6.30E-13,1.16E-16,8.72E-20,1.37E-22,2.17E-22,1.14E-21,4.99E-21,1.24E-18,7.90E-20,1.94E-19,3.09E-17,2.99E-14,4.39E-13,3.62E-15,1.55E-22,5.59E-26,8.10E-25,6.09E-21,5.73E-16,1.16E-16,9.65E-21,6.24E-25,2.54E-25,4.19E-22,2.95E-18,2.31E-16,4.68E-16,2.15E-19,2.74E-21,7.94E-21,9.75E-18,2.80E-16,2.96E-16,1.51E-15,9.56E-16,2.34E-14,2.86E-12,7.06E-12,1.15E-14,2.99E-19,3.69E-24,8.40E-23,3.10E-18,1.29E-14,4.33E-15,7.14E-19,2.54E-23,8.89E-25,7.52E-22,1.98E-16,7.00E-16,4.34E-17,2.11E-19,1.79E-20,3.52E-19,1.29E-16,5.80E-15,2.48E-15,1.13E-16,5.59E-17,2.34E-15,8.30E-13,8.45E-12,3.68E-13,2.40E-15,2.09E-15,8.17E-12,6.38E-06,0.2817083,0.718177319,0.000108048
Head 3,549,4.86E-18,5.83E-21,3.52E-26,1.32E-29,6.49E-29,3.98E-25,3.26E-21,2.11E-22,6.62E-25,4.26E-28,4.41E-26,6.55E-24,4.25E-21,2.44E-20,5.56E-22,8.39E-24,1.10E-23,1.35E-21,6.93E-20,8.16E-21,3.33E-24,3.35E-27,3.59E-28,4.89E-24,1.98E-18,2.24E-15,2.78E-17,1.20E-22,3.15E-27,2.30E-27,6.80E-23,1.07E-18,4.94E-17,1.32E-18,4.02E-22,4.02E-24,5.69E-23,1.61E-20,8.13E-21,1.11E-21,2.22E-24,2.52E-24,3.41E-23,4.29E-20,8.32E-19,4.53E-20,4.27E-22,5.63E-22,6.97E-18,2.21E-13,3.17E-11,6.97E-13,6.07E-19,1.83E-23,3.31E-24,2.69E-20,5.04E-15,1.38E-14,2.15E-15,1.30E-19,1.62E-22,4.44E-23,1.17E-21,3.32E-18,2.63E-18,4.20E-19,3.26E-19,3.54E-17,2.97E-14,4.32E-13,4.19E-18,1.74E-23,2.34E-26,4.94E-25,7.60E-19,1.27E-15,3.32E-16,1.35E-20,9.26E-25,9.67E-26,9.17E-23,2.11E-18,2.15E-14,2.19E-15,1.96E-18,3.44E-21,4.47E-20,3.66E-18,2.10E-16,1.28E-14,2.92E-15,1.30E-15,2.51E-14,2.72E-12,6.15E-12,1.22E-14,1.41E-21,1.76E-24,7.79E-23,2.44E-18,8.49E-15,6.10E-15,7.47E-19,3.06E-23,1.30E-24,3.64E-21,5.27E-18,2.48E-16,3.50E-17,2.39E-19,2.22E-20,4.03E-19,1.38E-16,6.00E-15,2.79E-15,1.29E-16,5.49E-17,3.04E-15,7.95E-13,8.30E-12,3.91E-13,3.06E-15,2.48E-15,9.05E-12,6.91E-06,0.30742684,0.692450941,0.000115293
Head 3,550,9.19E-23,1.08E-25,2.16E-31,1.70E-35,4.16E-35,1.17E-30,2.36E-29,3.07E-28,8.09E-31,8.52E-31,1.57E-31,3.64E-29,5.06E-26,4.74E-25,2.05E-26,5.35E-28,1.46E-27,3.53E-25,2.48E-23,1.99E-24,3.25E-28,1.31E-32,1.01E-32,3.55E-28,1.65E-21,1.35E-17,2.54E-19,2.36E-25,8.62E-31,8.96E-31,1.34E-27,4.25E-23,2.05E-20,2.63E-22,1.82E-26,1.14E-28,1.32E-26,3.22E-25,6.06E-24,8.67E-26,1.34E-29,1.21E-29,7.30E-28,9.88E-25,1.84E-23,6.60E-25,3.60E-27,7.64E-27,9.32E-23,4.30E-17,1.57E-13,1.70E-16,1.13E-22,6.73E-28,3.65E-29,7.91E-25,1.37E-20,7.36E-17,1.29E-18,7.60E-24,2.56E-27,1.42E-27,2.85E-24,6.10E-22,3.68E-21,1.96E-22,1.04E-22,1.26E-20,2.45E-17,5.59E-18,4.15E-22,7.82E-28,3.31E-31,1.31E-26,4.26E-22,2.61E-18,1.61E-19,1.67E-24,7.62E-31,9.37E-32,6.31E-28,6.10E-21,7.09E-17,3.10E-17,2.58E-21,4.25E-25,1.11E-25,1.23E-23,3.87E-20,1.51E-18,4.72E-19,2.96E-19,1.31E-17,3.60E-15,1.80E-14,2.84E-20,2.61E-26,1.49E-29,2.25E-26,2.61E-22,6.55E-18,1.26E-17,1.34E-21,3.94E-26,2.11E-27,3.30E-25,1.13E-21,2.44E-19,6.14E-20,3.46E-22,1.33E-23,1.51E-22,6.90E-20,6.45E-18,5.53E-18,3.35E-19,2.63E-19,1.58E-17,5.31E-15,4.52E-14,1.01E-15,2.60E-18,1.41E-18,1.75E-14,1.71E-07,0.087069452,0.800452888,0.112477414
Head 3,551,4.16E-26,5.17E-29,1.05E-34,8.09E-39,4.05E-38,5.91E-37,1.13E-32,1.76E-31,5.76E-31,5.19E-34,1.37E-34,3.79E-32,2.77E-29,2.18E-28,1.07E-29,3.20E-31,9.39E-31,1.87E-28,1.18E-26,9.80E-28,3.58E-32,6.92E-36,3.73E-36,1.62E-31,6.84E-25,6.00E-21,9.92E-23,1.15E-28,4.31E-33,1.97E-34,4.31E-31,3.84E-26,1.05E-23,7.13E-26,8.60E-30,9.44E-31,5.99E-30,3.05E-28,2.70E-27,8.88E-31,9.08E-32,5.53E-33,6.32E-31,4.62E-28,7.14E-27,2.35E-28,1.35E-30,2.76E-30,4.32E-26,2.19E-20,1.85E-17,8.70E-20,4.35E-25,5.01E-31,7.71E-32,1.25E-28,4.75E-23,4.03E-20,1.58E-23,6.57E-28,1.00E-30,5.16E-30,3.38E-27,3.50E-24,2.85E-24,8.52E-26,2.99E-26,4.59E-24,1.05E-21,9.76E-22,9.49E-26,2.12E-31,8.06E-31,2.27E-29,1.69E-24,1.81E-21,1.18E-22,6.34E-30,1.04E-34,3.47E-35,2.34E-30,9.42E-24,1.71E-19,1.90E-20,3.46E-26,1.60E-29,2.30E-29,1.01E-26,6.80E-23,9.75E-22,2.22E-22,1.42E-22,5.81E-21,1.95E-18,1.60E-19,4.02E-24,6.13E-30,1.82E-30,1.13E-30,9.82E-26,2.94E-21,5.61E-21,2.09E-24,3.09E-29,4.94E-31,3.49E-29,2.85E-25,1.05E-22,3.97E-23,1.73E-25,5.88E-27,6.80E-26,3.02E-23,2.53E-21,2.00E-21,1.60E-22,1.03E-22,6.33E-21,2.31E-18,2.17E-17,4.25E-19,9.43E-22,5.93E-22,8.29E-18,6.77E-11,3.11E-05,0.999933958,3.49E-05
Head 3,552,2.72E-26,3.64E-29,7.16E-35,1.66E-38,6.51E-41,3.83E-37,9.58E-33,1.04E-28,4.50E-31,4.50E-34,1.57E-34,2.68E-32,1.60E-29,1.41E-28,7.33E-30,2.52E-31,6.96E-31,1.43E-28,9.22E-27,1.01E-28,2.53E-32,3.48E-36,2.35E-36,8.94E-32,4.47E-25,3.74E-21,7.01E-23,9.98E-28,1.76E-33,9.95E-35,1.15E-31,2.95E-26,5.99E-24,5.22E-26,2.40E-29,7.98E-31,7.24E-31,2.13E-28,8.86E-29,4.92E-29,5.21E-32,9.85E-33,5.09E-31,2.73E-28,3.74E-27,2.90E-28,1.47E-30,2.61E-30,1.76E-26,1.71E-20,1.77E-17,8.18E-19,4.44E-25,1.72E-30,3.63E-32,7.03E-29,3.57E-23,5.40E-22,3.30E-24,4.39E-28,3.91E-30,1.17E-29,4.82E-26,5.86E-24,2.47E-24,4.38E-26,1.85E-26,4.07E-25,4.31E-22,5.81E-22,6.18E-26,1.26E-27,2.26E-30,2.14E-28,2.64E-24,2.61E-21,1.90E-25,1.33E-30,5.94E-35,1.21E-34,5.51E-30,3.37E-23,1.86E-19,4.02E-23,2.26E-27,5.14E-30,6.27E-30,5.78E-26,8.46E-23,7.53E-22,1.74E-22,1.03E-22,5.63E-21,5.10E-19,6.26E-20,1.97E-24,6.34E-27,1.60E-32,4.15E-31,6.17E-26,2.19E-21,1.39E-20,1.07E-24,1.31E-29,1.50E-31,1.95E-29,2.58E-25,1.33E-22,3.74E-23,1.39E-25,4.82E-27,5.40E-26,2.15E-23,1.72E-21,1.60E-21,1.10E-22,7.47E-23,5.46E-21,2.33E-18,1.86E-17,2.93E-19,7.43E-22,5.46E-22,7.39E-18,5.96E-11,0.062594436,0.937366605,3.89E-05
Head 3,553,3.77E-26,4.68E-29,5.31E-34,1.74E-40,6.84E-41,5.44E-37,9.68E-30,1.26E-28,5.61E-31,8.71E-34,2.48E-34,3.65E-32,2.28E-29,1.85E-28,9.68E-30,3.43E-31,9.51E-31,1.91E-28,7.13E-28,1.38E-28,2.71E-32,4.65E-36,2.83E-36,1.20E-31,5.15E-25,4.01E-21,1.43E-21,7.37E-28,1.24E-33,1.15E-35,1.43E-31,4.78E-26,7.53E-24,3.01E-26,3.61E-29,1.05E-31,1.01E-30,1.64E-28,3.49E-27,5.09E-29,1.88E-31,1.80E-32,6.36E-31,2.88E-28,4.68E-26,1.03E-27,2.76E-30,2.03E-30,3.50E-26,2.02E-20,8.42E-17,9.89E-19,1.99E-24,6.74E-31,1.40E-32,1.16E-28,4.73E-24,2.58E-22,3.30E-24,1.10E-26,1.18E-29,2.56E-28,1.07E-25,5.95E-24,1.50E-24,3.14E-26,1.51E-28,1.41E-25,3.38E-22,4.93E-22,9.66E-23,3.63E-27,2.37E-29,4.82E-28,5.01E-24,3.33E-24,4.51E-26,1.09E-30,1.23E-33,4.56E-34,3.34E-29,4.74E-23,3.70E-22,3.81E-24,8.13E-28,5.36E-30,1.00E-28,1.24E-25,8.58E-23,8.25E-22,1.69E-22,1.35E-22,3.08E-21,2.75E-19,4.14E-20,1.19E-21,1.68E-29,6.53E-33,3.77E-31,8.10E-26,6.16E-21,7.16E-21,3.94E-25,9.63E-30,1.22E-31,2.17E-29,3.42E-25,1.39E-22,3.49E-23,1.47E-25,5.50E-27,5.94E-26,2.38E-23,2.02E-21,1.63E-21,1.13E-22,8.66E-23,7.73E-21,2.71E-18,1.69E-17,3.07E-19,9.33E-22,6.84E-22,8.73E-18,3.91E-08,0.058253296,0.941711187,3.55E-05
Head 3,554,5.59E-26,5.66E-28,1.27E-35,1.75E-40,9.94E-41,6.91E-34,1.62E-29,1.69E-28,9.67E-31,1.28E-33,3.22E-34,4.98E-32,2.92E-29,2.25E-28,1.41E-29,4.82E-31,1.35E-30,1.65E-29,9.29E-28,1.61E-28,3.65E-32,6.55E-36,4.64E-36,1.76E-31,7.07E-25,3.45E-19,2.21E-21,6.87E-28,1.21E-34,1.54E-35,4.87E-31,7.69E-26,2.05E-24,4.91E-26,2.35E-29,1.50E-31,1.01E-29,5.29E-28,4.92E-27,1.96E-28,4.72E-31,3.01E-32,8.05E-31,1.35E-26,2.12E-25,2.23E-27,3.02E-30,3.40E-30,4.92E-26,3.35E-20,1.19E-16,3.88E-18,2.81E-25,5.40E-31,2.79E-32,1.90E-28,3.81E-24,3.99E-22,5.71E-22,3.24E-26,2.83E-28,8.58E-28,1.67E-25,5.87E-24,1.58E-24,1.25E-29,4.18E-29,1.42E-25,3.72E-22,5.28E-20,2.41E-22,2.58E-26,6.04E-29,1.10E-27,5.86E-27,5.77E-25,3.35E-26,1.62E-28,4.32E-33,3.44E-33,5.48E-29,8.01E-25,7.79E-23,2.05E-24,2.03E-26,1.45E-28,3.12E-28,1.30E-25,9.84E-23,8.27E-22,2.27E-22,1.31E-23,1.96E-21,2.33E-19,1.73E-18,7.01E-24,8.15E-30,7.07E-33,6.84E-31,4.27E-25,4.87E-21,3.18E-21,6.89E-25,1.17E-29,1.80E-31,3.79E-29,5.41E-25,1.80E-22,4.60E-23,1.92E-25,6.70E-27,7.53E-26,3.32E-23,2.72E-21,2.25E-21,1.65E-22,1.60E-22,1.11E-20,2.80E-18,1.83E-17,3.92E-19,1.19E-21,9.23E-22,3.00E-15,4.71E-08,0.068225592,0.931737304,3.71E-05
Head 3,555,6.42E-25,8.01E-30,1.27E-35,2.18E-40,5.98E-38,1.10E-33,1.89E-29,2.41E-28,1.35E-30,1.75E-33,4.95E-34,7.08E-32,3.73E-29,3.54E-28,1.98E-29,7.30E-31,6.31E-31,2.21E-29,1.31E-27,2.16E-28,5.26E-32,1.07E-35,6.79E-36,2.54E-31,1.75E-22,8.04E-19,2.53E-21,8.18E-29,1.72E-34,7.76E-35,9.01E-31,4.65E-26,2.71E-24,2.69E-25,3.52E-29,2.37E-30,2.45E-30,7.71E-28,1.34E-26,4.41E-28,8.13E-31,4.02E-32,1.92E-29,4.35E-26,5.22E-25,1.45E-27,4.16E-30,4.37E-30,5.29E-26,5.60E-20,3.95E-16,3.93E-19,7.94E-25,1.08E-30,1.21E-31,1.22E-28,5.43E-24,7.13E-20,1.38E-21,4.76E-25,9.07E-28,1.27E-27,1.52E-25,5.22E-24,9.45E-29,1.78E-30,3.25E-29,1.36E-25,3.65E-21,1.07E-19,8.92E-22,5.40E-26,1.37E-28,5.25E-31,5.67E-28,3.66E-25,2.17E-23,5.68E-28,3.00E-32,5.34E-33,6.60E-30,2.00E-25,4.15E-23,6.47E-22,5.10E-25,5.21E-28,3.11E-28,1.38E-25,1.05E-22,1.20E-21,2.14E-24,7.68E-24,1.62E-21,6.56E-19,1.26E-19,3.21E-24,7.07E-30,9.80E-33,2.13E-29,7.20E-25,2.89E-21,7.41E-21,9.37E-25,1.55E-29,2.65E-31,5.50E-29,6.24E-25,2.13E-22,5.55E-23,2.21E-25,7.93E-27,1.01E-25,4.40E-23,3.58E-21,2.95E-21,2.80E-22,2.18E-22,1.10E-20,2.88E-18,2.35E-17,4.94E-19,1.65E-21,3.65E-19,4.15E-15,5.51E-08,0.073544823,0.926422954,3.22E-05
Head 3,556,1.04E-27,6.08E-30,1.11E-35,3.76E-38,1.06E-37,1.49E-33,2.69E-29,3.21E-28,1.65E-30,2.44E-33,6.02E-34,7.75E-32,4.81E-29,4.14E-28,2.82E-29,3.00E-30,7.22E-31,3.24E-29,1.63E-27,2.69E-28,7.40E-32,1.45E-35,1.02E-35,6.88E-29,5.96E-22,1.32E-18,2.06E-22,1.10E-28,7.39E-34,1.70E-34,3.07E-30,4.57E-26,3.19E-23,3.39E-25,1.05E-28,3.18E-31,3.57E-30,1.76E-27,2.88E-26,8.33E-28,1.23E-30,6.51E-32,2.95E-29,9.25E-26,5.88E-26,3.59E-27,4.56E-30,8.94E-30,1.17E-25,1.97E-19,1.12E-16,1.98E-18,1.49E-24,2.32E-30,6.80E-32,1.95E-28,2.01E-22,1.59E-19,1.12E-20,1.48E-24,1.61E-27,1.43E-27,1.63E-25,1.20E-27,1.20E-29,1.42E-30,3.52E-29,1.43E-24,7.19E-21,2.68E-19,1.65E-21,1.35E-25,2.45E-32,4.68E-32,3.52E-28,4.17E-22,8.16E-23,3.10E-27,4.91E-32,1.23E-33,2.42E-30,1.63E-25,2.55E-20,1.29E-20,2.10E-24,6.25E-28,3.39E-28,1.67E-25,1.64E-22,6.32E-24,1.44E-24,7.55E-24,2.97E-21,6.78E-19,7.53E-20,3.10E-24,9.57E-30,5.53E-30,1.02E-28,3.47E-25,6.88E-21,1.20E-20,1.24E-24,2.43E-29,4.80E-31,8.38E-29,9.74E-25,3.25E-22,7.50E-23,2.76E-25,1.13E-26,1.42E-25,6.29E-23,5.27E-21,5.68E-21,4.66E-22,2.68E-22,1.36E-20,4.25E-18,3.06E-17,6.75E-19,9.73E-19,5.60E-19,5.52E-15,8.23E-08,0.090956539,0.909000456,4.28E-05
Head 3,557,1.00E-27,5.67E-30,1.02E-33,6.57E-38,1.57E-37,2.07E-33,3.55E-29,4.22E-28,2.82E-30,3.80E-33,8.96E-34,1.23E-31,6.74E-29,6.88E-28,4.57E-28,4.38E-30,1.43E-30,5.48E-29,2.33E-27,3.92E-28,1.01E-31,2.15E-35,7.32E-34,2.16E-28,1.18E-21,3.49E-20,3.00E-22,2.47E-28,1.51E-33,1.62E-33,1.73E-30,1.87E-25,4.22E-23,1.30E-25,6.58E-29,4.79E-31,7.08E-30,2.99E-27,4.39E-26,1.08E-27,6.32E-32,4.56E-32,5.72E-29,3.18E-27,8.19E-25,3.44E-27,1.59E-29,2.00E-29,3.50E-25,1.89E-19,2.47E-16,3.28E-18,6.88E-25,9.65E-31,9.17E-32,8.43E-28,4.49E-22,7.82E-19,2.54E-20,2.27E-24,1.49E-27,1.12E-27,4.90E-28,7.79E-29,5.62E-30,1.11E-30,3.52E-27,2.65E-24,1.45E-20,3.56E-19,2.90E-21,1.36E-29,1.96E-33,2.23E-32,5.80E-25,2.23E-21,4.08E-22,4.97E-27,2.75E-33,4.19E-34,1.86E-30,1.56E-23,2.83E-19,3.90E-20,2.52E-24,6.05E-28,3.98E-28,2.56E-25,5.02E-24,4.18E-24,1.51E-24,9.44E-23,5.64E-21,4.55E-19,7.04E-20,3.25E-24,2.59E-26,3.85E-29,6.52E-30,4.19E-25,1.06E-20,1.45E-20,1.62E-24,3.45E-29,5.79E-31,1.02E-28,1.20E-24,3.59E-22,7.73E-23,3.49E-25,1.40E-26,1.81E-25,8.19E-23,8.05E-21,7.44E-21,4.63E-22,2.85E-22,1.79E-20,5.04E-18,3.56E-17,2.49E-16,1.23E-18,6.16E-19,7.62E-15,9.15E-08,0.078126334,0.921836317,3.73E-05
Head 3,558,9.97E-28,1.09E-27,1.85E-33,1.34E-37,2.64E-37,2.92E-33,4.80E-29,7.00E-28,4.57E-30,6.28E-33,1.58E-33,2.05E-31,1.29E-28,5.44E-27,8.41E-28,9.29E-30,3.06E-30,9.19E-29,3.75E-27,5.77E-28,1.58E-31,3.44E-34,2.45E-33,5.99E-28,1.23E-23,5.96E-20,3.17E-22,4.75E-28,1.95E-32,8.09E-34,1.22E-30,2.84E-25,8.43E-24,7.54E-25,1.15E-28,1.01E-30,1.32E-29,4.81E-27,6.06E-26,1.06E-29,3.45E-32,8.47E-32,4.08E-30,1.87E-25,9.10E-25,8.28E-27,4.07E-29,5.47E-29,7.18E-25,1.51E-19,4.22E-16,8.70E-19,3.09E-25,1.41E-30,1.96E-31,2.49E-27,2.48E-21,1.66E-18,4.26E-20,2.56E-24,1.43E-27,4.58E-29,2.62E-29,3.18E-29,4.26E-30,2.98E-27,8.53E-27,7.60E-24,2.13E-20,5.87E-19,1.49E-24,2.15E-30,9.90E-34,1.15E-28,5.53E-24,1.65E-20,7.35E-22,4.24E-29,1.22E-33,4.19E-34,2.68E-29,1.50E-22,7.36E-19,5.29E-20,2.59E-24,7.33E-28,6.53E-28,1.38E-25,3.15E-24,4.88E-24,2.40E-22,3.09E-23,4.63E-21,4.87E-19,7.65E-20,4.21E-21,1.75E-25,1.70E-31,4.11E-30,6.35E-25,1.41E-20,1.91E-20,2.28E-24,4.61E-29,7.81E-31,1.41E-28,1.41E-24,3.80E-22,1.00E-22,4.35E-25,1.97E-26,2.73E-25,1.39E-22,1.16E-20,8.22E-21,5.75E-22,4.29E-22,2.50E-20,6.61E-18,4.14E-15,3.51E-16,1.62E-18,1.11E-18,1.19E-14,1.15E-07,0.095448427,0.90450877,4.27E-05
Head 3,559,9.94E-25,1.29E-27,3.42E-33,2.05E-37,3.26E-37,3.64E-33,6.34E-29,9.10E-28,5.19E-30,7.00E-33,1.68E-33,2.42E-31,5.97E-29,6.94E-27,8.75E-28,1.18E-29,3.36E-30,9.91E-29,3.70E-27,6.09E-28,8.77E-31,7.32E-34,5.48E-33,4.61E-30,1.80E-23,2.60E-20,3.59E-22,4.26E-27,8.18E-33,1.15E-34,1.53E-30,1.52E-25,7.78E-23,8.55E-25,1.33E-28,1.23E-30,1.50E-29,5.25E-27,1.49E-27,5.63E-30,4.47E-32,6.67E-32,9.47E-29,1.60E-25,2.60E-25,1.29E-26,4.91E-29,6.14E-29,3.18E-25,2.05E-19,2.04E-16,3.36E-19,3.26E-25,4.36E-30,5.07E-31,1.70E-26,4.52E-21,2.33E-18,4.53E-20,2.42E-24,9.25E-29,2.24E-30,1.01E-29,2.24E-29,5.59E-26,8.16E-27,3.19E-26,1.05E-23,2.65E-20,5.05E-21,4.24E-25,9.02E-31,1.54E-29,1.22E-27,5.95E-23,2.28E-20,1.10E-24,1.35E-29,8.98E-34,2.70E-33,2.28E-28,3.34E-22,9.43E-19,5.12E-20,2.49E-24,9.66E-28,1.17E-27,4.71E-26,2.50E-24,1.04E-21,4.70E-24,2.00E-23,3.96E-21,4.55E-19,4.42E-18,1.61E-20,1.24E-28,5.31E-32,4.59E-30,7.96E-25,1.60E-20,2.12E-20,2.55E-24,5.18E-29,9.93E-31,1.62E-28,1.51E-24,4.53E-22,1.00E-22,4.66E-25,2.16E-26,3.55E-25,1.61E-22,1.11E-20,9.36E-21,7.47E-22,5.24E-22,2.85E-20,1.30E-16,4.47E-15,3.27E-16,2.04E-18,1.36E-18,1.36E-14,1.25E-07,0.087060645,0.912893057,4.62E-05
Head 3,560,9.53E-25,2.40E-27,5.52E-33,2.44E-37,3.86E-37,3.82E-33,7.12E-29,8.89E-28,5.31E-30,7.27E-33,1.93E-33,1.50E-32,7.93E-29,5.38E-27,9.68E-28,1.40E-29,4.10E-30,1.01E-28,3.82E-27,5.03E-27,1.39E-30,1.40E-33,1.32E-34,6.92E-30,5.34E-24,1.96E-20,4.83E-21,2.52E-27,9.96E-34,1.63E-34,7.19E-30,4.64E-25,8.28E-23,8.51E-25,1.52E-28,1.34E-30,1.53E-29,2.18E-27,9.54E-28,5.92E-30,9.83E-31,1.00E-31,9.24E-29,9.43E-27,3.63E-25,9.54E-27,3.80E-29,6.21E-29,4.52E-25,3.68E-19,8.14E-17,3.14E-19,3.12E-24,1.12E-29,5.32E-30,3.33E-26,5.47E-21,2.25E-18,4.37E-20,4.13E-26,4.81E-30,7.58E-31,5.58E-30,8.77E-26,1.74E-25,4.35E-26,4.98E-26,1.30E-23,2.69E-21,2.41E-21,1.96E-25,2.24E-26,1.80E-28,2.49E-26,8.80E-23,1.95E-23,2.99E-25,9.69E-30,2.26E-32,2.38E-32,5.01E-28,3.56E-22,8.44E-19,4.35E-20,3.19E-24,4.91E-28,2.41E-28,2.74E-26,7.70E-23,9.98E-24,3.09E-24,1.76E-23,4.02E-21,1.60E-18,1.24E-17,2.22E-23,2.88E-29,4.64E-32,5.62E-30,8.45E-25,1.49E-20,2.03E-20,2.50E-24,6.28E-29,1.15E-30,1.81E-28,1.72E-24,4.29E-22,1.02E-22,4.80E-25,2.81E-26,4.00E-25,1.45E-22,1.16E-20,1.07E-20,8.53E-22,6.09E-22,2.67E-19,1.46E-16,3.74E-15,3.90E-16,2.60E-18,1.72E-18,1.63E-14,1.26E-07,0.092053428,0.907903314,4.31E-05
Head 3,561,1.76E-24,3.89E-27,6.05E-33,2.61E-37,3.50E-37,4.05E-33,6.84E-29,8.41E-28,5.14E-30,8.25E-33,1.30E-34,2.07E-32,5.38E-29,5.08E-27,1.10E-27,1.77E-29,4.41E-30,1.16E-28,7.44E-26,6.38E-27,2.17E-30,1.49E-34,1.89E-34,2.03E-30,3.38E-24,9.24E-19,4.43E-21,3.69E-28,1.20E-33,3.21E-33,3.17E-30,4.64E-25,8.75E-23,8.85E-25,1.56E-28,1.35E-30,9.22E-29,1.98E-27,9.31E-28,6.81E-28,4.48E-32,1.13E-31,7.65E-30,1.33E-26,2.12E-25,1.35E-26,9.54E-29,8.23E-29,1.54E-24,1.90E-19,7.82E-17,3.95E-18,6.22E-24,1.18E-28,1.11E-29,3.81E-26,4.67E-21,2.05E-18,1.69E-22,3.07E-27,1.58E-30,3.63E-31,1.14E-27,2.70E-25,1.07E-24,6.46E-26,6.33E-26,1.57E-24,1.60E-21,1.27E-21,9.02E-22,1.43E-25,3.25E-27,3.46E-26,4.64E-26,3.67E-24,1.93E-25,1.80E-27,1.53E-31,5.11E-32,4.60E-28,3.00E-22,6.52E-19,4.75E-20,7.22E-26,7.16E-29,1.09E-28,4.44E-26,5.51E-24,6.49E-24,2.87E-24,2.05E-23,9.14E-21,4.52E-18,2.67E-19,5.66E-24,2.07E-29,5.33E-32,6.50E-30,8.23E-25,1.40E-20,1.79E-20,2.58E-24,6.43E-29,1.22E-30,1.90E-28,1.58E-24,3.87E-22,9.06E-23,5.75E-25,3.15E-26,3.68E-25,1.52E-22,1.23E-20,1.08E-20,9.03E-22,9.24E-21,3.16E-19,1.16E-16,4.77E-15,5.10E-16,3.23E-18,2.28E-18,2.04E-14,1.77E-07,0.103437319,0.896512091,5.04E-05
Head 3,562,4.05E-24,5.97E-27,8.27E-33,3.09E-37,4.90E-37,5.86E-33,8.59E-29,1.03E-27,7.26E-30,6.35E-33,2.33E-34,2.10E-32,7.06E-29,7.53E-27,1.78E-27,2.33E-29,6.27E-30,2.29E-27,9.28E-26,1.08E-26,6.23E-31,2.76E-34,8.33E-35,1.76E-30,6.81E-22,1.50E-18,6.14E-22,4.64E-28,2.86E-32,4.11E-34,3.54E-30,8.48E-25,1.03E-22,9.66E-25,1.74E-28,1.82E-29,1.40E-28,2.68E-27,4.89E-26,5.88E-30,6.10E-32,1.41E-31,1.42E-29,1.22E-26,1.99E-24,3.25E-26,1.28E-28,1.71E-28,1.08E-24,1.87E-19,4.15E-16,6.84E-18,4.95E-23,2.69E-28,1.49E-29,3.49E-26,5.06E-21,1.06E-20,2.73E-23,1.34E-27,9.16E-31,7.85E-30,4.51E-27,2.43E-24,1.78E-24,9.57E-26,6.78E-28,7.95E-25,1.02E-21,2.93E-19,3.00E-21,1.31E-24,4.14E-27,5.86E-30,5.26E-27,2.10E-24,1.58E-22,1.02E-26,3.52E-31,5.23E-32,4.57E-28,2.91E-22,7.69E-19,8.87E-23,1.02E-26,2.86E-29,4.08E-29,1.13E-25,3.60E-24,6.56E-24,3.45E-24,3.22E-22,2.87E-20,1.51E-18,9.62E-20,4.22E-24,2.41E-29,7.79E-32,8.16E-30,9.82E-25,1.55E-20,2.12E-20,2.97E-24,7.49E-29,1.37E-30,2.02E-28,1.49E-24,3.52E-22,1.04E-22,6.48E-25,3.04E-26,4.38E-25,1.89E-22,1.40E-20,1.20E-20,4.44E-20,1.09E-20,2.45E-19,1.72E-16,6.83E-15,6.24E-16,4.22E-18,2.82E-18,2.98E-14,1.89E-07,0.09454637,0.905412495,4.09E-05
Head 3,563,5.98E-24,7.46E-27,9.53E-33,3.84E-37,7.20E-37,6.96E-33,9.84E-29,1.26E-27,8.07E-29,8.50E-33,2.32E-34,2.59E-32,9.26E-29,1.14E-26,2.26E-27,3.09E-29,2.13E-29,2.15E-27,1.28E-25,1.74E-27,9.78E-31,1.18E-34,7.40E-35,3.71E-28,1.34E-21,7.38E-20,6.78E-22,5.77E-27,3.07E-33,4.30E-34,1.09E-29,1.11E-24,1.10E-22,1.01E-24,5.71E-28,3.78E-29,2.34E-28,7.72E-27,1.14E-27,7.91E-30,2.03E-30,2.44E-31,1.98E-29,4.50E-25,9.95E-25,4.04E-26,1.37E-28,2.17E-28,1.25E-24,3.18E-19,6.87E-16,3.61E-17,1.04E-22,3.85E-28,1.25E-29,3.56E-26,1.49E-22,3.03E-21,1.51E-23,8.93E-28,1.29E-29,3.16E-29,5.31E-26,4.64E-24,3.07E-24,3.79E-29,2.31E-28,5.44E-25,1.91E-20,6.44E-19,1.27E-20,1.85E-24,2.05E-31,4.95E-31,2.61E-27,2.83E-21,8.87E-22,2.23E-26,4.01E-31,5.57E-32,5.11E-28,3.61E-22,1.11E-21,1.62E-23,3.86E-27,3.25E-29,9.31E-28,5.81E-26,3.68E-24,8.22E-24,6.84E-22,1.05E-21,1.89E-20,7.56E-19,8.27E-20,4.99E-24,4.06E-29,1.08E-31,1.03E-29,1.18E-24,1.89E-20,2.55E-20,3.58E-24,8.90E-29,1.67E-30,2.15E-28,1.57E-24,4.21E-22,1.18E-22,6.04E-25,3.62E-26,5.72E-25,2.38E-22,1.71E-20,1.27E-18,5.59E-20,9.23E-21,4.13E-19,2.69E-16,8.90E-15,8.60E-16,5.71E-18,4.81E-18,4.00E-14,2.37E-07,0.127906755,0.872042477,5.06E-05
Head 3,564,7.12E-24,8.70E-27,1.14E-32,5.84E-37,8.74E-37,7.61E-33,9.73E-29,6.29E-26,8.69E-29,1.01E-32,3.34E-34,3.62E-32,1.43E-28,1.51E-26,2.94E-27,1.07E-29,1.81E-29,2.64E-27,8.83E-27,2.58E-27,4.57E-31,1.21E-34,4.52E-33,6.64E-28,1.98E-23,7.35E-20,6.36E-21,8.84E-28,3.43E-33,1.94E-33,1.70E-29,1.14E-24,9.85E-23,4.22E-25,1.45E-27,7.11E-29,4.61E-29,3.19E-27,1.24E-27,1.50E-27,3.10E-30,5.26E-31,4.21E-28,4.09E-26,1.22E-24,6.12E-26,3.28E-28,2.77E-28,1.33E-24,4.85E-19,2.36E-15,5.50E-17,1.38E-22,3.05E-28,1.20E-29,6.63E-27,4.24E-23,1.70E-21,1.01E-23,4.81E-26,5.09E-29,4.20E-28,1.04E-25,7.22E-24,1.64E-28,6.75E-30,1.23E-28,8.00E-24,3.51E-20,1.33E-18,1.61E-20,6.38E-29,1.69E-32,1.99E-31,4.63E-24,2.18E-20,1.71E-21,2.77E-26,4.67E-31,6.75E-32,6.18E-28,2.50E-24,2.10E-22,5.15E-24,8.36E-26,3.31E-28,3.01E-28,4.86E-26,4.07E-24,2.89E-21,1.84E-21,1.08E-22,9.21E-21,5.98E-19,8.05E-20,7.19E-24,4.86E-29,1.19E-31,1.11E-29,1.20E-24,1.84E-20,2.48E-20,3.78E-24,1.05E-28,1.81E-30,2.27E-28,1.64E-24,3.81E-22,8.76E-23,6.10E-25,4.34E-26,7.06E-25,2.77E-22,9.51E-19,1.38E-18,4.54E-20,1.40E-20,5.90E-19,3.33E-16,1.08E-14,1.06E-15,9.13E-18,6.74E-18,5.36E-14,3.13E-07,0.108474426,0.891480446,4.48E-05
Head 3,565,7.22E-24,9.13E-27,1.97E-32,1.32E-36,2.12E-36,1.40E-32,5.53E-27,6.65E-26,1.24E-28,1.74E-32,5.88E-34,6.56E-32,2.12E-28,2.09E-26,4.38E-28,1.75E-29,3.47E-29,2.98E-28,1.37E-26,1.74E-27,7.15E-31,2.71E-33,1.60E-32,1.63E-29,2.74E-23,1.63E-18,9.52E-22,1.50E-27,2.84E-32,8.73E-33,4.13E-29,1.59E-24,2.36E-23,1.56E-24,4.04E-27,1.24E-29,4.92E-28,5.72E-27,1.74E-25,3.92E-27,1.70E-29,1.41E-30,6.08E-29,6.62E-26,9.86E-24,3.28E-25,8.53E-28,1.15E-27,4.64E-24,2.93E-18,4.79E-15,1.05E-16,2.15E-22,7.35E-28,1.16E-29,3.63E-27,5.10E-23,2.08E-21,3.79E-21,3.21E-25,1.47E-27,2.39E-27,4.23E-25,2.26E-27,4.37E-29,6.42E-30,4.64E-26,3.37E-23,1.02E-19,2.33E-18,5.47E-24,2.10E-29,1.99E-32,2.88E-27,1.57E-22,7.42E-20,3.16E-21,5.46E-26,1.19E-30,2.14E-31,7.20E-29,1.09E-24,1.24E-22,2.51E-21,6.43E-26,1.22E-28,3.19E-28,7.03E-26,2.74E-22,9.52E-21,2.69E-23,8.64E-23,1.12E-20,7.75E-19,1.45E-19,1.29E-23,1.08E-28,3.19E-31,2.64E-29,2.00E-24,2.24E-20,3.08E-20,6.19E-24,2.44E-28,5.26E-30,6.74E-28,3.38E-24,5.25E-22,1.39E-22,1.16E-24,8.92E-26,1.44E-24,5.84E-21,1.62E-18,2.15E-18,1.27E-19,4.03E-20,1.40E-18,5.75E-16,1.60E-14,1.93E-15,1.85E-17,1.64E-17,1.35E-13,4.44E-07,0.136904046,0.863041699,5.39E-05
Head 3,566,7.60E-24,9.85E-27,2.41E-32,1.72E-36,2.76E-36,1.93E-31,6.20E-27,1.06E-25,1.65E-28,2.15E-32,7.51E-34,7.72E-32,2.42E-28,5.81E-27,6.51E-28,2.44E-29,1.65E-29,4.06E-28,1.33E-26,2.12E-27,4.16E-30,4.96E-33,8.56E-34,2.37E-29,2.12E-21,8.92E-20,1.21E-21,3.46E-27,5.55E-32,1.25E-32,4.28E-29,6.87E-25,5.46E-23,2.61E-24,1.66E-27,1.59E-28,5.46E-28,3.19E-26,2.69E-25,1.07E-26,8.71E-31,1.21E-30,8.04E-29,1.92E-24,3.98E-23,4.26E-25,2.19E-27,1.67E-27,1.80E-23,4.87E-18,6.84E-15,1.06E-16,2.32E-22,1.33E-28,2.42E-30,3.12E-27,5.02E-23,5.22E-19,1.21E-20,3.00E-24,3.89E-27,5.44E-27,1.24E-27,2.58E-28,1.99E-29,4.16E-26,1.88E-25,1.03E-22,1.22E-19,1.18E-20,1.72E-24,1.12E-29,5.06E-28,9.76E-26,4.67E-22,9.38E-20,3.55E-21,5.82E-26,1.59E-30,2.29E-32,2.65E-29,7.10E-25,8.77E-20,8.59E-23,1.52E-26,8.87E-29,3.92E-28,2.08E-25,8.87E-22,5.33E-23,1.56E-23,8.78E-23,1.46E-20,1.28E-18,1.93E-19,1.62E-23,1.43E-28,4.39E-31,3.47E-29,2.52E-24,2.93E-20,3.85E-20,8.36E-24,3.30E-28,8.47E-30,9.07E-28,3.75E-24,6.14E-22,1.74E-22,1.41E-24,1.19E-25,5.90E-24,7.80E-21,1.92E-18,3.33E-18,2.09E-19,6.80E-20,2.18E-18,8.81E-16,2.55E-14,2.59E-15,2.43E-17,2.50E-17,1.72E-13,6.42E-07,0.162139475,0.837796807,6.31E-05
Head 3,567,7.04E-24,1.06E-26,2.78E-32,2.31E-36,1.21E-35,2.28E-31,1.12E-26,1.41E-25,2.05E-28,2.64E-32,8.16E-34,8.45E-32,6.33E-28,1.20E-26,1.02E-27,1.02E-28,2.10E-29,5.74E-28,1.61E-26,1.72E-26,6.79E-30,1.21E-33,1.27E-33,2.20E-27,3.53E-23,1.09E-19,1.34E-21,5.51E-27,8.49E-32,1.47E-32,8.97E-29,1.01E-24,7.83E-23,7.22E-24,5.43E-27,1.58E-28,2.16E-28,5.11E-26,5.89E-25,9.64E-29,1.79E-29,1.84E-30,2.04E-27,5.45E-24,4.62E-23,4.91E-25,2.44E-27,4.93E-27,3.11E-23,6.67E-18,7.32E-15,1.20E-16,1.43E-23,2.44E-29,2.07E-30,3.03E-27,2.47E-21,1.38E-18,6.82E-20,7.17E-24,9.79E-27,2.01E-28,1.26E-28,1.18E-28,8.55E-25,2.69E-25,1.05E-24,1.23E-22,8.70E-21,6.49E-21,1.17E-24,4.79E-25,1.98E-26,3.90E-25,5.71E-22,1.00E-19,3.65E-21,7.91E-26,5.25E-32,8.99E-33,2.02E-29,1.02E-22,1.42E-21,2.22E-23,1.07E-26,1.06E-28,2.42E-28,1.26E-24,3.11E-23,2.91E-23,1.52E-23,1.12E-22,2.21E-20,1.58E-18,2.30E-19,2.08E-23,2.04E-28,6.27E-31,4.68E-29,3.43E-24,3.46E-20,4.89E-20,1.03E-23,5.49E-28,1.24E-29,1.21E-27,4.89E-24,8.37E-22,2.11E-22,1.90E-24,3.28E-25,7.53E-24,8.74E-21,2.58E-18,5.02E-18,3.36E-19,1.12E-19,3.64E-18,1.47E-15,3.19E-14,2.89E-15,3.25E-17,3.08E-17,2.42E-13,7.92E-07,0.15054594,0.849390984,6.23E-05
Head 3,568,1.08E-23,1.42E-26,3.65E-32,6.12E-36,1.22E-35,4.24E-31,1.88E-26,2.24E-25,3.05E-28,3.16E-32,1.05E-33,1.88E-30,2.08E-27,2.68E-26,1.53E-26,1.39E-28,3.81E-29,8.70E-28,3.43E-25,2.78E-26,3.21E-30,1.47E-33,3.46E-32,3.36E-29,5.71E-23,1.09E-19,1.85E-21,6.75E-27,7.42E-32,6.34E-32,5.99E-29,1.29E-24,5.82E-22,3.77E-24,4.95E-27,3.00E-29,3.28E-28,7.78E-26,1.13E-26,1.13E-26,2.44E-29,4.27E-30,3.82E-27,7.72E-24,9.89E-24,3.91E-25,2.98E-27,5.81E-27,3.34E-23,6.83E-18,8.62E-15,5.72E-18,2.31E-24,1.39E-29,1.43E-30,1.82E-26,5.65E-21,5.34E-18,1.25E-19,1.40E-23,4.40E-28,1.35E-29,4.35E-29,1.45E-24,5.41E-24,1.67E-24,9.97E-25,1.02E-23,6.03E-21,5.29E-21,8.28E-21,6.41E-24,4.81E-26,3.00E-25,4.69E-22,1.02E-19,4.74E-21,3.51E-28,1.79E-32,5.86E-33,3.26E-28,6.32E-24,4.73E-22,1.66E-23,1.19E-26,1.88E-28,2.61E-27,8.16E-25,1.53E-23,2.90E-23,1.96E-23,1.76E-22,3.07E-20,2.18E-18,3.09E-19,2.58E-23,2.20E-28,6.21E-31,5.67E-29,4.48E-24,5.36E-20,6.80E-20,1.56E-23,5.85E-28,1.17E-29,1.17E-27,5.62E-24,8.99E-22,2.52E-22,7.40E-24,3.82E-25,8.01E-24,1.12E-20,3.51E-18,6.36E-18,4.48E-19,1.58E-19,6.22E-18,2.02E-15,3.69E-14,3.56E-15,3.32E-17,3.55E-17,2.98E-13,9.45E-07,0.171516538,0.828416765,6.57E-05
Head 3,569,8.16E-24,1.34E-26,1.35E-31,7.88E-36,2.27E-35,6.39E-31,1.93E-26,2.12E-25,2.60E-28,3.46E-32,1.86E-32,4.29E-30,3.77E-27,1.23E-25,1.80E-26,1.80E-28,5.52E-29,1.22E-26,3.00E-25,5.23E-27,3.19E-30,9.38E-33,1.67E-33,4.15E-29,3.57E-23,7.79E-20,1.65E-21,7.09E-27,6.01E-31,4.08E-32,7.87E-29,3.58E-24,1.15E-22,3.22E-24,4.34E-27,5.36E-29,4.47E-28,2.78E-26,6.94E-25,1.68E-26,2.61E-30,4.95E-30,4.61E-27,3.23E-25,7.12E-24,3.21E-25,4.73E-27,9.91E-27,4.32E-23,8.21E-18,1.02E-15,1.14E-18,1.44E-24,1.27E-29,5.03E-30,4.46E-26,1.75E-20,7.74E-18,2.47E-19,2.46E-25,4.60E-29,6.36E-30,3.72E-26,1.41E-23,6.04E-23,2.43E-24,8.53E-27,5.59E-24,4.82E-21,1.77E-18,6.21E-20,2.31E-23,7.12E-26,3.77E-25,6.01E-22,1.35E-19,5.67E-24,1.52E-28,1.63E-32,6.84E-32,1.34E-28,2.20E-24,2.98E-22,1.49E-23,4.74E-25,4.05E-27,8.41E-27,2.28E-25,1.20E-23,3.37E-23,3.03E-23,2.33E-22,3.57E-20,2.27E-18,3.19E-19,2.87E-23,2.61E-28,9.12E-31,7.28E-29,4.98E-24,4.90E-20,7.36E-20,1.63E-23,7.37E-28,1.78E-29,1.88E-27,7.16E-24,1.09E-21,1.51E-21,8.42E-24,4.16E-25,1.00E-23,1.38E-20,3.86E-18,8.53E-18,6.98E-19,3.22E-19,9.23E-18,2.17E-15,4.06E-14,3.82E-15,4.87E-17,6.12E-17,5.27E-13,1.07E-06,0.146440953,0.853485942,7.19E-05
Head 3,570,1.18E-23,7.36E-26,1.74E-31,8.90E-36,2.93E-35,6.72E-31,2.27E-26,2.27E-25,3.26E-28,8.62E-32,4.19E-32,1.18E-29,2.41E-27,2.09E-25,1.44E-26,2.59E-28,1.58E-28,1.05E-26,2.82E-26,6.18E-27,9.50E-30,1.65E-33,1.80E-33,3.75E-29,3.46E-23,8.50E-20,1.72E-21,3.73E-26,2.18E-31,2.92E-32,3.16E-29,1.60E-24,9.48E-23,1.88E-23,5.98E-27,4.85E-29,1.97E-27,9.50E-26,7.74E-25,1.64E-28,1.44E-30,4.73E-30,3.19E-28,2.85E-25,4.13E-24,3.02E-25,4.69E-27,7.27E-27,3.76E-23,3.23E-18,2.35E-16,5.82E-19,9.45E-25,4.80E-29,8.15E-30,1.20E-25,2.28E-20,1.20E-17,8.15E-22,2.24E-26,1.43E-29,2.61E-28,2.63E-25,1.16E-22,4.90E-23,3.49E-28,2.01E-27,3.72E-24,1.03E-19,5.00E-18,9.26E-20,1.62E-23,3.95E-26,2.60E-25,5.68E-22,8.60E-23,2.24E-24,1.12E-28,3.86E-31,3.06E-32,4.74E-29,1.47E-24,2.76E-22,7.82E-21,8.10E-24,3.13E-27,1.41E-27,1.87E-25,1.59E-23,5.27E-23,3.75E-23,2.73E-22,4.41E-20,2.94E-18,3.86E-19,2.77E-23,2.57E-28,8.05E-31,7.02E-29,5.63E-24,6.93E-20,8.44E-20,1.61E-23,7.53E-28,1.67E-29,1.64E-27,6.36E-24,4.10E-21,1.36E-21,7.41E-24,4.54E-25,1.22E-23,1.52E-20,4.52E-18,9.35E-18,9.21E-19,3.53E-19,8.88E-18,2.42E-15,4.53E-14,4.73E-15,5.64E-17,8.09E-17,5.01E-13,9.61E-07,0.159056649,0.840866625,7.57E-05
Head 3,571,2.63E-23,7.10E-26,1.38E-31,1.29E-35,3.70E-35,7.77E-31,1.88E-26,1.95E-25,3.75E-29,9.43E-32,6.73E-32,6.28E-31,2.64E-27,5.77E-26,1.36E-26,7.11E-29,9.95E-29,6.90E-28,2.24E-26,2.70E-26,3.25E-30,2.00E-33,2.17E-33,3.56E-29,2.52E-23,5.72E-20,1.46E-20,2.92E-26,2.43E-31,5.41E-33,8.76E-29,1.39E-24,9.90E-22,2.07E-23,4.69E-27,4.92E-28,5.81E-28,1.11E-25,1.98E-26,1.28E-28,1.79E-30,5.87E-30,3.47E-28,1.94E-25,3.54E-24,3.68E-25,5.41E-27,1.09E-26,3.60E-23,8.82E-19,1.10E-16,3.66E-19,1.22E-23,1.43E-28,4.47E-29,2.24E-25,3.26E-20,4.84E-20,1.55E-22,1.16E-26,5.47E-28,3.53E-27,5.09E-24,1.70E-22,1.84E-27,8.25E-29,1.45E-27,6.54E-23,2.66E-19,7.00E-18,1.05E-19,1.90E-23,5.43E-26,4.21E-25,2.58E-25,2.24E-23,1.24E-24,1.96E-26,6.29E-32,1.62E-32,4.04E-29,1.56E-24,2.11E-19,1.06E-19,3.13E-25,3.39E-28,9.02E-28,2.08E-25,2.05E-23,5.59E-23,3.83E-23,2.86E-22,4.46E-20,2.64E-18,3.12E-19,2.94E-23,3.01E-28,1.08E-30,9.20E-29,6.82E-24,5.74E-20,6.43E-20,1.89E-23,1.04E-27,2.71E-29,2.53E-27,1.62E-23,4.19E-21,1.21E-21,8.16E-24,5.73E-25,1.33E-23,1.66E-20,4.83E-18,1.34E-17,1.32E-18,4.55E-19,1.13E-17,2.68E-15,5.01E-14,4.99E-15,8.01E-17,9.90E-17,5.35E-13,9.12E-07,0.134474233,0.865450382,7.45E-05
Head 3,572,2.21E-23,2.94E-26,1.00E-31,1.12E-35,3.92E-35,7.40E-31,1.98E-26,4.81E-27,2.77E-29,1.03E-31,2.70E-33,5.36E-31,3.88E-28,3.20E-26,9.59E-28,4.08E-29,2.79E-29,5.15E-28,3.01E-25,3.76E-27,2.73E-30,1.80E-33,2.09E-33,2.93E-29,1.95E-23,2.32E-18,2.24E-20,2.89E-26,2.93E-32,4.88E-32,9.67E-29,5.98E-24,1.14E-21,1.30E-23,1.00E-26,6.32E-29,5.48E-28,4.54E-26,1.78E-26,1.47E-28,6.51E-29,7.40E-30,4.59E-28,1.63E-25,3.31E-24,3.07E-25,6.24E-27,6.69E-27,1.31E-23,5.51E-19,7.32E-17,5.28E-18,2.96E-23,6.40E-28,7.10E-29,2.77E-25,7.80E-22,1.36E-20,8.23E-23,1.16E-24,5.47E-27,7.92E-26,7.79E-24,1.73E-26,3.20E-28,5.51E-29,3.45E-25,2.86E-22,3.75E-19,7.01E-18,1.04E-19,1.85E-23,7.46E-26,6.03E-29,4.76E-26,9.79E-24,7.26E-22,2.63E-28,2.38E-32,1.13E-32,4.76E-29,2.38E-22,2.24E-18,2.80E-22,2.92E-26,1.93E-28,1.03E-27,2.62E-25,1.84E-23,4.34E-23,3.21E-23,2.61E-22,3.85E-20,2.06E-18,2.77E-19,2.47E-23,2.95E-28,1.14E-30,1.14E-28,6.47E-24,4.46E-20,6.47E-20,1.83E-23,1.24E-27,3.77E-29,4.68E-27,2.08E-23,4.21E-21,1.37E-21,9.67E-24,5.54E-25,1.29E-23,1.51E-20,5.39E-18,1.57E-17,1.57E-18,6.27E-19,1.55E-17,3.60E-15,5.19E-14,5.08E-15,7.54E-17,9.12E-17,4.90E-13,1.00E-06,0.16171281,0.838206887,7.92E-05
Head 3,573,1.25E-23,2.24E-26,8.54E-32,9.39E-36,2.72E-35,6.32E-31,4.99E-28,2.91E-27,2.83E-29,4.11E-32,3.05E-33,1.14E-31,2.48E-28,7.03E-27,7.76E-28,1.26E-28,2.42E-29,1.01E-26,1.65E-26,3.46E-27,1.97E-30,1.35E-33,1.29E-33,1.87E-29,2.71E-21,5.77E-18,2.25E-20,2.94E-27,2.26E-31,3.72E-32,5.08E-29,7.41E-24,8.72E-22,3.92E-24,5.46E-27,5.17E-29,2.83E-27,4.01E-26,1.37E-26,2.36E-26,6.40E-29,1.44E-29,3.97E-28,1.42E-25,2.69E-24,3.20E-25,2.34E-27,2.77E-27,7.77E-24,3.30E-19,4.62E-16,1.36E-17,1.08E-22,6.95E-28,5.98E-29,3.62E-26,2.02E-22,6.54E-21,2.34E-20,5.89E-24,6.52E-26,6.60E-26,7.13E-27,1.22E-27,1.03E-28,2.43E-25,1.84E-24,3.37E-22,2.80E-19,5.88E-18,7.00E-20,1.54E-23,1.52E-30,5.22E-30,1.44E-26,1.06E-20,3.02E-24,9.94E-29,1.43E-32,1.04E-32,6.15E-28,1.58E-21,3.12E-21,2.71E-23,1.47E-26,2.23E-28,1.50E-27,2.75E-25,1.59E-23,3.92E-23,3.06E-23,2.40E-22,3.52E-20,2.17E-18,2.49E-19,2.16E-23,2.14E-28,9.76E-31,8.62E-29,4.68E-24,4.56E-20,6.17E-20,1.74E-23,1.15E-27,7.88E-29,3.84E-27,1.38E-23,4.03E-21,1.52E-21,9.05E-24,5.55E-25,1.17E-23,1.53E-20,5.15E-18,1.38E-17,1.53E-18,6.26E-19,1.89E-17,4.08E-15,5.11E-14,4.70E-15,6.01E-17,6.70E-17,4.86E-13,1.08E-06,0.164607972,0.835313916,7.71E-05
Head 3,574,7.01E-24,1.78E-26,8.92E-32,9.19E-36,2.84E-35,5.19E-32,2.06E-28,1.85E-27,1.51E-28,4.40E-32,1.05E-33,7.97E-32,5.93E-28,9.02E-27,1.20E-26,1.34E-28,1.17E-28,5.86E-28,1.47E-26,2.54E-27,1.78E-30,1.17E-33,1.05E-33,2.75E-27,6.32E-21,5.44E-18,1.26E-21,2.63E-26,2.70E-31,8.20E-33,8.87E-29,8.09E-24,1.10E-22,2.00E-23,6.03E-27,7.64E-28,4.36E-27,3.85E-26,9.93E-25,2.70E-26,2.21E-28,2.02E-29,4.32E-28,1.29E-25,3.34E-24,4.40E-25,3.57E-27,3.90E-27,6.94E-24,6.83E-19,1.09E-15,5.00E-17,1.66E-22,1.19E-27,2.99E-29,1.08E-26,1.04E-22,1.61E-18,8.48E-20,6.01E-23,8.84E-26,1.03E-27,4.87E-28,4.04E-28,3.44E-24,2.72E-24,3.40E-24,2.76E-22,2.56E-19,4.77E-18,8.38E-20,4.12E-28,2.41E-31,2.10E-30,2.98E-23,4.39E-23,1.19E-24,8.68E-29,2.09E-32,1.13E-31,4.88E-27,1.17E-23,3.81E-22,1.32E-23,1.74E-26,3.96E-28,1.83E-27,2.52E-25,1.51E-23,4.09E-23,3.25E-23,2.56E-22,3.84E-20,1.93E-18,2.27E-19,1.85E-23,2.62E-28,1.11E-30,7.57E-29,4.21E-24,3.54E-20,5.05E-20,1.82E-23,1.51E-26,1.04E-28,3.51E-27,1.59E-23,4.51E-21,1.50E-21,1.14E-23,6.64E-25,1.46E-23,1.65E-20,5.00E-18,1.55E-17,1.78E-18,9.78E-19,2.70E-17,4.19E-15,4.98E-14,4.49E-15,6.79E-17,1.04E-16,6.61E-13,1.25E-06,0.144874468,0.855029643,9.46E-05
Head 3,575,6.38E-24,1.85E-26,7.73E-32,8.11E-36,7.10E-36,2.38E-32,1.43E-28,6.01E-26,1.46E-28,2.27E-32,7.92E-34,1.32E-30,9.44E-28,6.65E-26,1.04E-26,4.15E-29,3.34E-29,5.08E-28,1.39E-26,2.25E-27,1.37E-30,8.17E-34,3.84E-32,5.79E-27,8.04E-21,8.46E-20,1.57E-20,1.97E-26,3.34E-32,1.19E-32,1.37E-28,2.11E-24,1.01E-21,1.78E-23,1.43E-26,1.15E-27,3.65E-27,1.20E-25,8.89E-25,6.31E-26,2.43E-28,1.72E-29,3.04E-28,1.28E-25,2.25E-23,8.80E-25,4.26E-27,2.65E-27,6.59E-24,1.19E-18,3.04E-15,5.43E-17,2.05E-22,1.97E-28,5.32E-30,4.91E-27,4.84E-21,3.94E-18,3.55E-19,6.22E-23,1.75E-27,5.36E-29,1.33E-28,4.30E-24,4.39E-23,4.40E-24,2.03E-24,1.95E-22,1.87E-19,4.49E-18,8.16E-24,5.48E-29,6.07E-32,9.13E-27,1.14E-25,1.11E-23,7.71E-25,7.94E-29,5.69E-31,6.29E-31,2.61E-28,1.90E-24,1.94E-22,1.30E-23,2.65E-26,4.29E-28,1.60E-27,2.34E-25,1.41E-23,3.56E-23,2.82E-23,2.35E-22,3.33E-20,1.73E-18,1.78E-19,1.79E-23,2.28E-28,7.86E-31,6.16E-29,3.59E-24,3.06E-20,4.68E-20,5.67E-22,1.37E-26,7.57E-29,3.61E-27,1.62E-23,4.12E-21,1.59E-21,1.07E-23,6.65E-25,1.44E-23,1.50E-20,4.90E-18,1.34E-17,2.08E-18,1.18E-18,2.62E-17,3.73E-15,4.01E-14,4.20E-15,6.83E-17,9.58E-17,6.55E-13,9.32E-07,0.128340468,0.871581554,7.71E-05
Head 3,576,4.40E-24,1.10E-26,4.37E-32,2.06E-36,3.11E-36,1.49E-32,3.36E-27,4.22E-26,8.71E-29,1.41E-32,8.02E-33,1.28E-30,4.19E-28,3.39E-26,4.13E-28,9.22E-29,1.78E-29,4.31E-28,9.16E-27,1.28E-27,7.11E-31,4.46E-33,5.32E-32,6.83E-27,2.45E-23,3.31E-18,9.81E-21,2.56E-27,3.65E-32,2.08E-32,1.76E-28,4.67E-24,7.44E-22,4.30E-24,2.13E-26,8.52E-28,5.09E-28,8.20E-26,1.31E-24,5.99E-26,1.86E-28,9.26E-30,2.08E-28,2.55E-24,4.50E-23,1.04E-24,2.87E-27,2.62E-27,7.28E-24,2.52E-18,3.10E-15,6.54E-17,1.03E-23,2.49E-29,1.72E-30,2.42E-26,8.86E-21,8.63E-18,3.24E-19,3.83E-25,1.10E-28,1.56E-29,7.66E-26,8.27E-23,9.28E-23,2.95E-24,1.39E-24,1.43E-22,1.68E-19,1.08E-20,2.00E-24,1.70E-29,9.75E-28,1.59E-29,1.77E-26,5.28E-24,4.88E-25,1.30E-26,1.89E-30,5.10E-32,4.39E-29,1.00E-24,1.83E-22,1.91E-23,2.73E-26,3.45E-28,1.29E-27,1.79E-25,9.88E-24,2.53E-23,2.05E-23,1.74E-22,2.62E-20,1.27E-18,1.60E-19,1.44E-23,1.44E-28,5.38E-31,4.44E-29,2.59E-24,2.28E-20,8.65E-19,4.02E-22,9.82E-27,7.07E-29,3.42E-27,1.57E-23,4.30E-21,1.35E-21,8.69E-24,5.26E-25,1.00E-23,1.12E-20,3.33E-18,1.28E-17,2.20E-18,1.14E-18,2.20E-17,2.73E-15,3.64E-14,3.35E-15,5.50E-17,8.41E-17,4.49E-13,7.78E-07,0.155837491,0.84407717,8.45E-05
Head 3,577,3.39E-24,8.10E-27,1.26E-32,1.85E-36,3.10E-36,1.09E-31,2.54E-27,4.25E-26,8.94E-29,2.62E-32,1.03E-32,1.24E-31,3.67E-28,3.40E-27,6.35E-27,8.96E-29,3.22E-29,5.26E-28,8.30E-27,1.03E-27,2.87E-30,8.51E-33,9.11E-32,2.00E-29,3.68E-21,1.71E-18,8.81E-22,3.20E-27,9.61E-32,1.45E-31,5.34E-29,4.73E-24,1.05E-22,8.48E-24,2.27E-26,8.02E-29,5.21E-28,1.22E-25,1.42E-24,5.97E-26,1.41E-28,9.02E-30,2.86E-27,4.73E-24,7.72E-23,1.22E-24,5.49E-27,3.39E-27,1.59E-23,3.09E-18,3.77E-15,2.86E-18,1.75E-24,1.11E-29,6.25E-30,7.95E-26,2.33E-20,8.41E-18,6.40E-22,3.83E-26,3.72E-29,7.29E-28,2.15E-24,1.91E-22,6.48E-23,2.18E-24,1.22E-24,1.53E-22,6.27E-21,4.52E-21,1.05E-24,6.18E-25,6.28E-31,2.90E-30,1.04E-26,4.40E-24,5.58E-22,5.95E-26,7.64E-32,1.41E-32,3.15E-29,9.84E-25,2.30E-22,1.92E-23,2.59E-26,3.62E-28,1.30E-27,1.59E-25,8.73E-24,2.27E-23,2.02E-23,1.77E-22,2.40E-20,1.31E-18,1.41E-19,1.09E-23,1.33E-28,5.39E-31,4.22E-29,2.19E-24,6.94E-20,6.37E-19,3.92E-22,1.14E-26,8.52E-29,4.37E-27,1.80E-23,4.03E-21,1.35E-21,1.02E-23,5.72E-25,1.10E-23,1.01E-20,3.51E-18,1.42E-17,2.58E-18,1.16E-18,1.88E-17,2.99E-15,3.20E-14,3.70E-15,6.57E-17,8.51E-17,4.46E-13,1.08E-06,0.137366116,0.862552285,8.06E-05
Head 3,578,2.58E-24,1.80E-27,1.45E-32,1.97E-36,6.83E-36,1.00E-31,4.28E-27,5.65E-26,9.70E-30,2.32E-32,7.80E-34,1.01E-31,3.08E-28,2.39E-26,5.26E-27,1.11E-28,3.65E-29,4.95E-28,7.25E-27,6.68E-27,4.55E-30,1.14E-32,7.91E-34,3.78E-27,2.35E-21,5.27E-20,9.12E-22,4.49E-27,6.85E-31,6.95E-33,5.29E-29,2.12E-24,1.60E-22,7.54E-24,6.87E-27,6.00E-29,5.59E-28,1.17E-25,1.32E-24,4.17E-26,1.12E-28,5.63E-30,2.44E-27,6.84E-24,8.00E-23,7.44E-25,3.41E-27,3.19E-27,1.66E-23,3.34E-18,4.44E-16,5.30E-19,5.86E-25,5.71E-29,1.98E-29,2.64E-25,1.97E-20,2.04E-20,1.05E-22,1.34E-26,8.49E-28,2.07E-26,5.41E-24,1.33E-22,4.39E-23,1.62E-24,1.15E-24,6.73E-24,3.19E-21,2.94E-21,6.25E-21,1.07E-28,8.62E-32,1.29E-30,8.25E-27,8.42E-21,2.17E-21,2.19E-28,1.59E-32,8.78E-33,3.23E-29,1.29E-24,2.66E-22,1.99E-23,2.69E-26,3.64E-28,1.17E-27,1.41E-25,7.50E-24,2.01E-23,1.80E-23,1.52E-22,2.66E-20,1.29E-18,1.15E-19,9.59E-24,1.12E-28,4.55E-31,3.79E-29,7.75E-25,6.25E-20,7.00E-19,3.63E-22,1.00E-26,9.01E-29,4.65E-27,1.84E-23,4.37E-21,1.50E-21,9.17E-24,5.07E-25,9.03E-24,9.62E-21,3.39E-18,1.50E-17,2.29E-18,8.93E-19,2.03E-17,2.63E-15,3.66E-14,3.37E-15,5.05E-17,6.25E-17,5.56E-13,9.62E-07,0.145398527,0.854519606,8.09E-05
Head 3,579,6.83E-25,3.09E-27,2.23E-32,4.06E-36,6.88E-36,1.51E-31,4.07E-27,7.87E-28,5.75E-30,1.44E-32,8.21E-34,7.95E-31,2.34E-28,2.32E-26,5.14E-27,1.47E-28,4.28E-29,4.98E-28,9.99E-26,8.43E-27,5.65E-30,5.76E-34,4.66E-32,2.08E-27,1.57E-23,3.98E-20,6.57E-22,3.23E-26,3.15E-32,8.93E-33,2.26E-28,2.33E-24,1.50E-22,2.22E-23,6.78E-27,7.81E-29,6.41E-28,1.10E-25,9.05E-25,3.26E-26,2.12E-30,2.54E-30,3.15E-27,7.50E-24,1.08E-23,4.84E-25,2.39E-27,3.97E-27,1.78E-23,1.45E-18,9.04E-17,1.79E-19,1.02E-23,2.57E-28,1.18E-28,2.09E-25,2.38E-22,4.00E-21,3.64E-23,1.17E-24,2.25E-26,5.73E-26,3.23E-24,7.07E-23,2.66E-23,1.43E-24,3.90E-27,2.61E-24,2.08E-21,7.83E-19,2.78E-24,2.47E-29,4.87E-32,1.25E-30,2.70E-23,5.76E-20,2.10E-24,6.24E-29,1.45E-32,1.17E-32,3.91E-29,1.20E-24,2.04E-22,1.61E-23,2.50E-26,3.38E-28,1.06E-27,1.27E-25,6.88E-24,1.92E-23,1.72E-23,1.94E-22,2.74E-20,1.01E-18,9.32E-20,7.45E-24,9.01E-29,4.09E-31,2.96E-30,6.10E-25,5.14E-20,5.09E-19,2.86E-22,1.04E-26,9.77E-29,4.54E-27,1.76E-23,3.89E-21,1.20E-21,8.69E-24,5.21E-25,1.03E-23,9.87E-21,3.58E-18,1.24E-17,1.68E-18,9.26E-19,1.82E-17,3.17E-15,3.21E-14,2.91E-15,5.02E-17,1.05E-16,6.27E-13,1.00E-06,0.14780806,0.852109492,8.14E-05
Head 3,580,1.48E-24,5.63E-27,6.34E-32,3.65E-36,7.78E-36,1.46E-31,6.93E-29,3.76E-28,4.94E-29,1.24E-32,7.55E-33,7.61E-32,2.45E-28,1.52E-26,5.12E-27,1.41E-28,3.94E-29,5.13E-27,9.48E-26,9.56E-27,6.31E-31,5.80E-33,2.35E-32,1.24E-29,1.46E-23,2.11E-20,7.11E-21,1.90E-27,2.67E-32,1.28E-31,1.30E-28,1.75E-24,8.82E-22,1.61E-23,5.42E-27,7.06E-29,5.44E-28,7.42E-26,6.68E-25,7.91E-29,4.94E-31,1.98E-30,2.59E-27,2.53E-25,5.48E-24,1.53E-25,1.70E-27,2.66E-27,1.38E-23,3.93E-19,3.58E-17,3.58E-18,3.20E-23,1.21E-27,6.82E-29,1.70E-26,5.53E-23,1.62E-21,1.28E-20,1.34E-23,4.58E-26,2.82E-26,1.43E-24,3.60E-23,1.76E-23,1.08E-28,8.16E-28,1.41E-24,3.67E-20,3.94E-21,8.10E-25,1.06E-29,3.12E-32,8.38E-27,2.91E-22,2.63E-23,4.49E-25,4.51E-29,1.53E-32,1.24E-32,3.78E-29,9.99E-25,1.70E-22,1.42E-23,2.08E-26,2.63E-28,9.63E-28,1.17E-25,6.27E-24,1.62E-23,1.90E-23,1.90E-22,2.38E-20,9.83E-19,8.22E-20,5.76E-24,7.15E-29,3.01E-32,2.30E-30,5.03E-25,4.54E-20,4.28E-19,2.45E-22,8.89E-27,7.72E-29,3.99E-27,1.38E-23,2.70E-21,8.99E-22,6.79E-24,4.94E-25,9.76E-24,1.09E-20,2.89E-18,8.23E-18,1.36E-18,6.89E-19,1.92E-17,2.39E-15,2.15E-14,2.33E-15,5.43E-17,8.26E-17,4.81E-13,1.03E-06,0.143144518,0.85677284,8.17E-05
Head 3,581,1.89E-24,1.47E-26,4.96E-32,2.55E-36,8.68E-36,1.27E-32,3.31E-29,1.56E-26,3.23E-29,1.38E-32,3.92E-34,4.88E-32,9.00E-29,8.70E-27,3.24E-27,9.43E-29,5.46E-29,2.44E-27,7.25E-26,5.85E-28,2.86E-30,3.37E-33,5.20E-34,1.34E-29,6.33E-24,8.66E-19,4.61E-22,1.74E-27,7.20E-31,8.23E-32,1.27E-28,4.25E-24,6.27E-22,1.02E-23,4.39E-27,6.18E-29,3.99E-28,6.97E-26,7.60E-27,3.15E-29,4.38E-31,1.48E-30,1.32E-28,1.09E-25,1.25E-24,8.96E-26,1.17E-27,2.50E-27,6.96E-24,2.06E-19,2.82E-16,1.05E-17,1.58E-22,1.07E-27,1.94E-29,4.65E-27,3.18E-23,6.07E-19,8.52E-20,3.09E-23,3.77E-26,2.23E-26,1.52E-24,5.09E-23,4.25E-28,2.80E-29,5.09E-28,2.12E-23,2.56E-21,1.92E-21,5.12E-25,9.29E-30,1.23E-27,2.08E-25,9.85E-26,3.34E-24,2.24E-25,3.54E-29,1.53E-32,1.29E-32,3.65E-29,9.93E-25,1.78E-22,1.35E-23,1.63E-26,2.38E-28,7.63E-28,8.57E-26,4.24E-24,1.39E-23,1.49E-23,1.31E-22,1.84E-20,7.22E-19,5.84E-20,5.03E-24,1.81E-29,2.76E-32,1.83E-30,4.26E-25,3.12E-20,2.67E-19,1.86E-22,7.84E-27,9.65E-29,4.84E-27,1.51E-23,2.68E-21,7.64E-22,6.20E-24,3.95E-25,9.53E-24,7.94E-21,2.06E-18,7.47E-18,1.35E-18,8.98E-19,1.63E-17,1.37E-15,1.56E-14,2.02E-15,3.90E-17,5.97E-17,4.95E-13,8.34E-07,0.136025503,0.863899171,7.45E-05
Head 3,582,7.29E-24,2.01E-26,2.45E-32,3.35E-36,3.32E-36,7.06E-33,1.52E-27,1.66E-26,4.79E-30,9.07E-33,4.66E-34,4.12E-32,8.94E-29,8.85E-27,3.47E-27,2.11E-29,3.21E-29,2.87E-27,3.49E-27,6.65E-27,2.40E-30,5.29E-34,8.95E-34,9.96E-30,1.43E-21,3.10E-20,5.15E-22,3.48E-26,4.84E-31,8.69E-32,5.97E-29,5.46E-24,6.80E-22,1.12E-23,5.36E-27,5.71E-29,4.80E-28,2.22E-26,4.61E-27,3.02E-29,4.01E-31,1.76E-30,1.21E-28,5.57E-26,1.05E-24,7.64E-26,1.21E-27,2.46E-27,5.06E-24,5.51E-19,9.53E-16,4.39E-17,1.74E-22,1.82E-28,4.65E-30,3.23E-27,2.56E-21,3.41E-18,1.89E-19,3.19E-23,3.22E-26,2.42E-26,2.06E-24,2.87E-27,7.92E-29,1.48E-29,1.02E-25,3.20E-24,1.76E-21,1.60E-21,4.67E-25,5.88E-25,3.15E-26,3.07E-29,1.03E-26,2.28E-24,2.65E-25,5.34E-29,2.03E-32,1.51E-32,4.38E-29,1.25E-24,2.04E-22,1.27E-23,1.95E-26,2.49E-28,7.89E-28,8.82E-26,5.19E-24,1.54E-23,1.44E-23,1.46E-22,1.94E-20,7.09E-19,6.27E-20,3.80E-24,1.86E-29,2.67E-32,2.40E-30,5.16E-25,3.22E-20,2.93E-19,1.94E-22,1.02E-26,1.23E-28,6.02E-27,1.78E-23,2.88E-21,9.49E-22,6.95E-24,5.77E-25,1.05E-23,8.52E-21,2.30E-18,9.16E-18,1.95E-18,9.65E-19,1.10E-17,1.33E-15,1.74E-14,1.92E-15,3.70E-17,7.66E-17,4.74E-13,1.09E-06,0.168721735,0.831206441,7.07E-05
Head 3,583,9.64E-24,5.37E-27,2.86E-32,1.99E-36,2.44E-36,9.21E-32,1.90E-27,5.80E-28,5.40E-29,1.12E-32,5.38E-34,4.26E-32,8.15E-29,8.49E-27,2.47E-28,1.63E-29,4.08E-29,1.81E-28,8.09E-26,5.51E-27,7.71E-31,8.38E-34,7.63E-34,2.54E-27,1.66E-23,3.16E-20,1.10E-20,3.86E-26,6.55E-31,1.44E-32,1.29E-28,1.18E-23,8.77E-22,1.56E-23,5.49E-27,7.80E-29,3.01E-27,2.15E-26,5.16E-27,3.12E-29,1.54E-29,2.45E-30,1.21E-28,5.41E-26,8.66E-25,1.83E-25,2.53E-27,2.52E-27,8.72E-24,1.98E-18,3.41E-15,5.64E-17,1.05E-23,3.89E-29,3.04E-30,3.32E-26,1.42E-20,6.28E-18,2.25E-19,3.40E-23,4.26E-26,4.07E-26,2.44E-27,5.57E-28,4.40E-29,1.13E-25,2.63E-27,2.32E-24,1.73E-21,1.66E-21,7.01E-21,1.00E-23,1.65E-30,2.82E-30,7.29E-27,2.99E-24,4.39E-25,7.07E-29,2.46E-32,1.93E-32,5.89E-29,1.52E-24,2.10E-22,1.73E-23,2.27E-26,2.97E-28,9.45E-28,1.17E-25,6.04E-24,1.58E-23,1.80E-23,1.76E-22,2.21E-20,8.22E-19,5.95E-20,3.82E-24,1.92E-29,3.74E-32,3.29E-30,5.73E-25,3.30E-20,2.75E-19,2.32E-22,1.45E-26,1.98E-28,9.79E-27,2.60E-23,4.49E-21,1.25E-21,1.09E-23,7.12E-25,1.24E-23,9.09E-21,2.86E-18,1.27E-17,2.42E-18,7.49E-19,1.22E-17,1.67E-15,1.76E-14,1.89E-15,4.69E-17,7.95E-17,7.37E-13,1.46E-06,0.16625908,0.833681941,5.74E-05
Head 3,584,2.51E-24,5.33E-27,1.13E-32,1.85E-36,8.53E-36,1.14E-31,8.77E-29,3.43E-26,6.42E-29,1.68E-32,7.21E-34,4.70E-32,8.96E-29,1.84E-27,3.57E-28,2.47E-29,1.82E-29,4.08E-27,9.56E-26,1.11E-27,1.05E-30,7.07E-34,5.71E-32,2.64E-29,1.83E-23,1.98E-18,1.93E-20,4.78E-26,6.95E-32,3.27E-32,5.51E-28,1.86E-23,1.34E-21,1.81E-23,8.89E-27,1.29E-27,4.54E-27,2.87E-26,5.23E-27,6.22E-27,2.46E-29,4.36E-30,1.61E-28,5.26E-26,1.28E-23,7.18E-25,3.19E-27,5.37E-27,2.79E-23,7.04E-18,4.55E-15,2.74E-18,2.32E-24,2.23E-29,1.24E-29,2.57E-25,2.49E-20,7.02E-18,2.33E-19,3.67E-23,5.84E-26,4.90E-28,3.23E-28,2.07E-28,1.64E-24,1.31E-28,1.44E-27,2.51E-24,2.23E-21,1.04E-18,4.31E-20,3.25E-28,1.44E-31,1.96E-30,1.23E-26,6.63E-24,6.91E-25,9.75E-29,3.45E-32,2.79E-32,7.55E-29,1.68E-24,2.84E-22,1.91E-23,2.74E-26,3.88E-28,1.47E-27,1.58E-25,6.98E-24,2.17E-23,2.46E-23,2.49E-22,3.32E-20,6.75E-19,6.47E-20,3.93E-24,2.31E-29,5.14E-32,4.30E-30,7.13E-25,3.71E-20,3.34E-19,3.04E-22,2.00E-26,2.88E-28,1.33E-26,3.78E-23,5.82E-21,1.79E-21,1.43E-23,9.77E-25,1.55E-23,1.34E-20,3.82E-18,1.56E-17,1.92E-18,8.44E-19,1.78E-17,2.00E-15,1.94E-14,2.52E-15,5.76E-17,1.49E-16,1.26E-12,1.93E-06,0.223230436,0.776690722,7.69E-05
Head 3,585,2.00E-24,1.48E-27,1.63E-32,5.54E-36,1.03E-35,1.76E-32,3.09E-27,2.85E-26,8.00E-29,2.11E-32,7.75E-34,4.94E-32,2.01E-28,4.18E-27,5.17E-28,1.08E-28,5.51E-29,4.56E-27,6.55E-27,1.27E-27,8.11E-31,8.53E-33,1.55E-33,2.34E-29,2.70E-21,3.42E-18,1.68E-20,4.43E-27,1.24E-31,1.82E-31,8.18E-28,2.06E-23,1.15E-21,2.40E-23,3.09E-26,2.19E-27,6.34E-27,2.57E-26,3.08E-25,8.07E-27,4.40E-29,5.45E-30,1.45E-28,2.22E-24,5.14E-23,9.53E-25,6.90E-27,1.04E-26,7.18E-23,6.71E-18,4.55E-16,5.98E-19,1.13E-24,1.65E-28,1.36E-28,4.42E-25,2.02E-20,5.90E-18,1.95E-19,4.23E-23,1.00E-27,4.86E-29,8.32E-29,2.14E-24,2.97E-28,3.53E-29,9.90E-28,2.47E-24,6.77E-20,2.71E-18,5.98E-24,3.65E-29,8.19E-32,2.81E-30,2.27E-26,8.49E-24,8.22E-25,1.28E-28,4.86E-32,3.46E-32,7.72E-29,1.76E-24,2.28E-22,1.65E-23,2.67E-26,5.21E-28,1.77E-27,1.61E-25,7.96E-24,2.47E-23,2.89E-23,3.27E-22,2.15E-20,6.81E-19,6.26E-20,4.14E-24,2.98E-29,6.37E-32,4.98E-30,7.16E-25,3.73E-20,3.50E-19,3.44E-22,2.75E-26,3.68E-28,1.76E-26,4.42E-23,6.27E-21,1.80E-21,1.59E-23,1.14E-24,2.22E-23,1.58E-20,4.30E-18,1.15E-17,1.72E-18,1.00E-18,1.67E-17,1.59E-15,1.98E-14,2.72E-15,8.75E-17,2.20E-16,1.43E-12,2.11E-06,0.157550454,0.842371643,7.58E-05
Head 3,586,7.70E-25,3.47E-27,7.47E-32,4.70E-36,3.90E-36,1.55E-31,2.86E-27,4.26E-26,9.80E-29,1.88E-32,6.33E-34,7.70E-31,6.85E-28,7.13E-27,7.12E-27,2.14E-29,5.45E-29,3.20E-28,7.17E-27,1.06E-27,3.78E-30,9.84E-34,1.12E-33,4.28E-27,7.01E-21,3.66E-18,9.84E-22,4.22E-27,3.68E-31,1.84E-31,6.19E-28,1.35E-23,1.22E-21,8.18E-24,4.81E-26,2.74E-27,5.27E-27,7.25E-26,3.24E-25,1.13E-26,4.26E-29,4.02E-30,2.52E-27,6.57E-24,7.14E-23,5.99E-25,4.82E-27,1.17E-26,4.56E-23,2.63E-18,1.38E-16,2.96E-19,1.89E-23,1.24E-27,1.79E-28,2.53E-25,1.61E-20,5.01E-18,1.98E-19,1.72E-25,8.99E-29,1.01E-29,3.95E-26,1.13E-27,4.87E-29,1.63E-29,7.52E-28,4.28E-23,1.23E-19,7.66E-21,1.02E-24,1.36E-29,6.57E-32,3.39E-30,2.38E-26,8.88E-24,9.03E-25,1.29E-28,4.10E-32,2.71E-32,7.32E-29,1.61E-24,2.21E-22,1.59E-23,3.21E-26,5.28E-28,1.59E-27,1.68E-25,8.80E-24,2.61E-23,3.34E-23,3.43E-22,2.28E-20,7.52E-19,7.31E-20,5.09E-24,2.91E-29,6.09E-32,4.81E-30,8.59E-25,4.88E-20,4.36E-19,4.38E-22,2.49E-26,3.48E-28,1.76E-26,4.37E-23,5.31E-21,1.51E-21,1.40E-23,1.15E-24,2.02E-23,1.68E-20,3.42E-18,9.52E-18,1.70E-18,7.08E-19,9.69E-18,1.34E-15,1.77E-14,2.76E-15,8.41E-17,1.62E-16,1.13E-12,1.37E-06,0.177838236,0.822077274,8.31E-05
Head 3,587,1.32E-24,1.72E-26,5.20E-32,1.87E-36,1.10E-35,1.38E-31,4.76E-27,4.80E-26,7.89E-29,1.24E-32,6.87E-33,1.49E-30,7.74E-28,2.17E-26,2.93E-28,1.57E-29,1.54E-29,2.27E-28,4.97E-27,6.21E-27,7.95E-31,6.64E-34,7.14E-32,1.12E-26,6.95E-21,4.83E-20,6.62E-22,8.65E-27,5.48E-31,2.07E-31,4.67E-28,1.41E-23,1.81E-22,1.51E-23,7.15E-26,2.72E-27,8.56E-28,6.40E-26,3.95E-25,1.29E-26,4.49E-29,4.72E-30,3.46E-27,6.67E-24,5.24E-24,2.51E-25,3.51E-27,8.24E-27,4.34E-23,9.13E-19,6.27E-17,5.61E-18,1.26E-22,2.15E-27,1.09E-28,1.84E-25,1.23E-20,4.47E-18,2.64E-22,2.84E-26,2.89E-29,4.80E-28,8.32E-28,2.63E-28,3.53E-29,1.81E-29,1.95E-25,1.24E-22,6.34E-21,2.59E-21,5.25E-25,1.41E-29,1.09E-31,4.34E-30,2.26E-26,7.74E-24,6.86E-25,8.97E-29,2.88E-32,2.33E-32,6.53E-29,1.44E-24,2.04E-22,1.86E-23,3.10E-26,4.01E-28,1.22E-27,1.34E-25,6.60E-24,2.23E-23,5.84E-23,2.38E-22,1.56E-20,5.52E-19,5.90E-20,3.68E-24,2.60E-29,5.47E-32,4.75E-30,7.44E-25,3.52E-20,3.48E-19,2.89E-22,2.34E-26,4.27E-28,2.33E-26,4.12E-23,4.59E-21,1.36E-21,1.24E-23,8.77E-25,1.70E-23,1.11E-20,2.40E-18,9.49E-18,1.34E-18,4.68E-19,8.61E-18,1.03E-15,1.44E-14,2.37E-15,6.11E-17,1.30E-16,7.39E-13,1.32E-06,0.14891246,0.851022601,6.37E-05
Head 3,588,1.03E-23,2.18E-26,1.35E-32,6.21E-36,1.30E-35,3.72E-31,7.68E-27,5.97E-26,8.81E-29,2.57E-32,1.75E-32,3.39E-30,3.64E-28,4.65E-27,3.06E-28,9.98E-29,2.13E-29,4.05E-28,1.21E-25,1.15E-27,9.25E-31,1.10E-32,2.05E-31,1.27E-26,3.21E-23,3.95E-20,8.47E-22,1.37E-26,7.29E-31,1.61E-31,4.97E-28,5.27E-24,3.31E-22,2.81E-23,9.94E-26,2.60E-28,8.89E-28,7.64E-26,5.25E-25,1.76E-26,1.87E-30,4.11E-30,4.79E-27,2.25E-25,3.30E-24,1.59E-25,3.33E-27,9.08E-27,2.29E-23,5.71E-19,6.30E-16,3.74E-17,2.75E-22,1.79E-27,9.82E-29,1.92E-25,1.49E-20,9.18E-21,7.28E-23,1.15E-26,8.46E-28,1.63E-28,1.51E-28,1.57E-28,3.24E-29,1.62E-25,1.10E-24,1.04E-23,3.21E-21,1.92E-21,6.18E-25,2.57E-29,1.60E-31,4.98E-30,2.87E-26,9.62E-24,8.39E-25,1.04E-28,3.81E-32,3.00E-32,7.46E-29,1.69E-24,2.86E-22,2.20E-23,2.96E-26,4.20E-28,1.49E-27,1.61E-25,8.70E-24,8.61E-23,6.69E-23,2.76E-22,1.98E-20,7.33E-19,6.60E-20,4.90E-24,3.18E-29,7.52E-32,6.36E-30,8.77E-25,4.65E-20,3.70E-19,4.16E-22,3.89E-26,7.46E-28,2.56E-26,4.18E-23,5.27E-21,1.63E-21,1.54E-23,1.24E-24,1.92E-23,1.20E-20,3.43E-18,9.61E-18,1.15E-18,5.19E-19,7.99E-18,1.19E-15,1.93E-14,2.62E-15,7.25E-17,1.22E-16,9.47E-13,1.56E-06,0.198161691,0.801779926,5.68E-05
Head 3,589,7.72E-24,1.74E-27,5.50E-32,5.13E-36,2.60E-35,4.93E-31,7.59E-27,4.97E-26,6.84E-30,3.09E-32,2.59E-32,1.21E-31,6.73E-28,3.00E-27,6.34E-27,9.61E-29,3.28E-29,6.70E-27,5.45E-27,9.83E-28,4.71E-30,2.45E-32,2.01E-31,4.25E-29,1.97E-23,2.24E-20,8.49E-22,1.53E-26,4.94E-31,1.37E-31,7.87E-28,4.85E-24,4.22E-22,3.11E-23,2.79E-26,1.80E-28,6.35E-28,7.43E-26,5.19E-25,8.84E-29,8.91E-31,3.76E-30,2.35E-28,1.27E-25,1.21E-24,1.12E-25,3.08E-27,7.10E-27,1.66E-23,1.35E-18,2.92E-15,6.41E-17,2.28E-22,1.37E-27,8.28E-29,1.85E-25,1.38E-22,2.88E-21,3.06E-23,1.07E-24,3.70E-28,2.59E-29,7.68E-29,1.21E-28,1.77E-24,1.24E-24,7.04E-27,4.18E-24,2.45E-21,2.08E-21,9.78E-25,3.41E-29,1.64E-31,5.78E-30,3.17E-26,9.69E-24,7.36E-25,1.06E-28,3.80E-32,2.89E-32,8.07E-29,2.13E-24,2.99E-22,1.80E-23,2.66E-26,4.39E-28,1.51E-27,1.69E-25,1.25E-23,7.15E-23,6.20E-23,2.90E-22,2.29E-20,7.48E-19,7.58E-20,4.83E-24,3.36E-29,8.32E-32,6.05E-30,8.73E-25,3.82E-20,3.89E-19,4.83E-22,5.18E-26,7.29E-28,2.41E-26,4.20E-23,5.42E-21,1.71E-21,1.65E-23,1.09E-24,1.63E-23,1.37E-20,2.87E-18,7.77E-18,1.19E-18,4.39E-19,9.48E-18,1.54E-15,1.76E-14,2.72E-15,5.94E-17,1.44E-16,1.17E-12,2.00E-06,0.196612626,0.803312838,7.26E-05
Head 3,590,1.01E-24,1.60E-26,6.90E-32,1.02E-35,4.57E-35,6.16E-31,7.43E-27,7.01E-28,6.76E-30,5.17E-32,1.32E-33,3.04E-30,5.59E-28,4.02E-26,7.92E-27,1.66E-28,1.08E-28,3.32E-28,6.48E-27,1.01E-26,1.11E-29,2.83E-32,2.94E-33,3.58E-29,1.19E-23,2.08E-20,9.66E-22,1.20E-26,4.53E-31,7.32E-31,3.98E-28,5.60E-24,4.92E-22,7.77E-23,2.38E-26,1.35E-28,7.43E-28,7.95E-26,8.31E-27,4.53E-29,7.93E-31,4.38E-30,2.88E-28,8.07E-26,1.05E-24,3.44E-25,4.72E-27,6.47E-27,1.88E-23,5.52E-18,4.14E-15,5.62E-17,1.90E-22,1.25E-27,9.98E-29,1.60E-26,5.54E-23,1.66E-21,1.47E-20,8.69E-26,6.56E-29,1.30E-29,5.90E-29,2.34E-24,1.83E-23,2.26E-28,1.75E-27,3.16E-24,2.69E-21,2.84E-21,1.11E-24,3.12E-29,1.84E-31,6.79E-30,3.47E-26,9.45E-24,8.91E-25,1.22E-28,4.64E-32,3.92E-32,1.20E-28,2.36E-24,2.43E-22,1.57E-23,2.79E-26,4.88E-28,1.89E-27,7.50E-26,1.34E-23,8.30E-23,7.46E-23,3.87E-22,2.75E-20,9.26E-19,7.77E-20,5.17E-24,4.26E-29,9.52E-32,7.46E-30,9.94E-25,4.92E-20,4.80E-19,5.95E-22,5.29E-26,6.90E-28,2.24E-26,4.34E-23,5.47E-21,1.75E-21,1.53E-23,1.09E-24,2.26E-23,1.42E-20,2.82E-18,8.44E-18,9.98E-19,5.41E-19,1.25E-17,1.27E-15,1.87E-14,2.14E-15,7.00E-17,1.80E-16,1.34E-12,1.75E-06,0.1628481,0.837085009,6.51E-05
Head 3,591,8.18E-24,2.16E-26,7.32E-32,1.57E-35,5.65E-35,6.20E-31,1.08E-28,4.77E-28,8.75E-30,2.49E-32,3.35E-32,2.51E-30,6.64E-28,4.97E-26,8.80E-27,3.87E-29,3.16E-29,4.17E-28,1.73E-25,1.87E-26,1.18E-29,2.15E-33,2.32E-33,2.45E-29,1.03E-23,2.27E-20,8.98E-22,1.21E-26,2.97E-30,2.27E-31,3.66E-28,5.53E-24,3.22E-21,6.91E-23,1.46E-26,1.40E-28,6.86E-28,2.69E-26,5.22E-27,3.28E-29,3.02E-29,7.54E-30,3.15E-28,6.64E-26,2.00E-23,8.73E-25,5.14E-27,8.22E-27,6.25E-23,7.14E-18,3.66E-15,4.79E-17,1.48E-22,1.34E-27,1.72E-29,4.85E-27,3.15E-23,7.66E-19,1.33E-22,1.84E-26,3.27E-29,1.04E-29,5.46E-26,3.15E-23,4.32E-28,3.24E-29,1.15E-27,3.64E-24,3.52E-21,3.03E-21,9.39E-25,3.03E-29,1.92E-31,6.58E-30,3.13E-26,1.10E-23,9.13E-25,1.39E-28,5.63E-32,5.59E-32,1.31E-28,1.97E-24,2.07E-22,1.55E-23,2.84E-26,5.85E-28,2.92E-28,8.34E-26,1.47E-23,9.30E-23,9.57E-23,4.74E-22,3.57E-20,1.03E-18,8.53E-20,6.28E-24,4.19E-29,9.88E-32,8.15E-30,1.22E-24,5.86E-20,5.09E-19,5.98E-22,4.81E-26,6.17E-28,2.51E-26,4.24E-23,5.23E-21,1.45E-21,1.43E-23,1.36E-24,2.30E-23,1.42E-20,3.06E-18,7.15E-18,1.19E-18,6.97E-19,9.25E-18,1.36E-15,1.33E-14,2.33E-15,7.75E-17,1.91E-16,1.18E-12,1.61E-06,0.188812464,0.811131477,5.44E-05
Head 3,592,9.70E-24,1.13E-26,8.16E-32,1.72E-35,5.64E-35,3.33E-32,5.44E-29,5.08E-28,8.30E-29,5.89E-32,2.63E-32,2.92E-31,7.83E-28,3.30E-26,4.59E-28,1.83E-28,3.80E-29,1.03E-26,2.32E-25,1.96E-26,1.99E-30,1.56E-33,1.88E-33,2.21E-29,1.06E-23,2.36E-20,1.05E-21,8.45E-26,9.96E-31,1.90E-31,3.14E-28,1.68E-23,3.10E-21,3.92E-23,1.32E-26,1.21E-28,4.82E-27,2.79E-26,4.22E-27,8.81E-27,6.28E-29,1.45E-29,2.55E-28,4.47E-24,6.38E-23,1.19E-24,7.61E-27,1.80E-26,8.06E-23,6.44E-18,3.53E-15,3.98E-17,1.72E-22,1.31E-28,4.28E-30,2.72E-27,2.52E-21,4.47E-21,4.01E-23,1.03E-26,2.83E-29,6.83E-28,1.08E-24,2.10E-27,4.62E-29,1.95E-29,1.42E-27,5.01E-24,3.93E-21,2.76E-21,9.43E-25,3.31E-29,1.92E-31,6.24E-30,3.72E-26,1.08E-23,9.78E-25,1.49E-28,7.59E-32,6.19E-32,1.20E-28,1.84E-24,2.20E-22,1.57E-23,3.33E-26,9.31E-29,3.12E-28,7.72E-26,1.53E-23,1.11E-22,1.09E-22,6.14E-22,4.17E-20,1.23E-18,1.08E-19,6.03E-24,4.21E-29,1.07E-31,9.82E-30,1.47E-24,5.92E-20,4.99E-19,5.28E-22,4.50E-26,7.92E-28,2.61E-26,4.47E-23,4.37E-21,1.36E-21,1.62E-23,1.32E-24,2.24E-23,1.56E-20,2.80E-18,8.80E-18,1.62E-18,5.32E-19,1.03E-17,9.19E-16,1.38E-14,2.33E-15,8.51E-17,1.76E-16,1.21E-12,2.01E-06,0.21569173,0.784250557,5.57E-05
Head 3,593,4.63E-24,1.14E-26,9.89E-32,2.23E-35,1.27E-35,1.51E-32,5.66E-29,3.43E-26,1.01E-29,5.81E-32,3.23E-33,4.62E-31,4.83E-28,4.48E-27,1.65E-26,2.53E-28,1.74E-28,1.12E-26,2.66E-25,2.33E-27,1.70E-30,1.68E-33,2.31E-33,2.60E-29,1.19E-23,3.03E-20,1.50E-20,5.17E-26,9.90E-31,1.82E-31,2.14E-28,2.12E-23,2.28E-21,3.76E-23,1.42E-26,2.56E-27,8.53E-27,2.91E-26,4.54E-25,1.96E-26,1.84E-28,1.53E-29,8.26E-27,1.26E-23,1.08E-22,8.37E-25,9.85E-27,2.47E-26,7.71E-23,6.56E-18,3.01E-15,4.73E-17,6.42E-24,3.42E-29,2.57E-30,2.83E-26,7.84E-23,1.75E-21,2.55E-23,9.53E-27,1.32E-27,2.00E-26,1.53E-27,1.90E-28,2.71E-29,2.70E-29,2.32E-27,6.18E-24,3.84E-21,2.88E-21,1.11E-24,3.82E-29,2.24E-31,8.54E-30,4.10E-26,1.20E-23,1.10E-24,2.28E-28,1.06E-31,7.29E-32,1.35E-28,2.11E-24,2.19E-22,1.75E-23,1.57E-26,1.09E-28,2.89E-28,9.27E-26,2.00E-23,1.28E-22,1.49E-22,7.51E-22,5.35E-20,1.55E-18,9.94E-20,6.09E-24,4.80E-29,1.48E-31,1.42E-29,1.77E-24,5.87E-20,4.36E-19,5.45E-22,6.58E-26,9.59E-28,3.26E-26,3.82E-23,4.04E-21,1.53E-21,1.73E-23,1.54E-24,2.96E-23,1.69E-20,3.65E-18,1.24E-17,1.41E-18,6.42E-19,7.31E-18,1.00E-15,1.44E-14,3.21E-15,9.45E-17,2.23E-16,1.69E-12,2.57E-06,0.208634943,0.791312516,5.00E-05
Head 3,594,7.25E-24,2.07E-26,2.00E-31,9.65E-36,7.85E-36,2.05E-32,4.63E-27,7.47E-28,1.47E-29,9.36E-32,8.84E-33,5.19E-31,1.30E-27,1.83E-25,3.29E-26,9.05E-29,2.18E-28,1.79E-26,2.29E-26,3.10E-27,2.21E-30,2.57E-33,3.35E-33,3.50E-29,2.01E-23,1.95E-18,1.87E-20,5.42E-26,9.29E-31,3.91E-32,3.67E-28,2.75E-23,2.75E-21,5.28E-23,8.78E-26,7.43E-27,1.28E-26,1.70E-25,8.96E-25,5.21E-26,2.22E-28,2.07E-29,1.68E-26,2.88E-23,1.72E-23,6.37E-25,1.21E-26,2.53E-26,8.65E-23,6.44E-18,3.74E-15,1.45E-18,1.99E-24,2.17E-29,1.16E-29,9.84E-27,3.96E-23,1.35E-21,2.44E-23,2.31E-24,3.58E-26,3.38E-28,1.10E-28,9.28E-29,3.25E-29,4.27E-29,2.90E-27,6.76E-24,4.65E-21,3.68E-21,1.29E-24,4.32E-29,2.84E-31,1.02E-29,5.23E-26,1.77E-23,2.23E-24,4.51E-28,1.74E-31,1.17E-31,2.10E-28,2.69E-24,2.67E-22,2.86E-23,2.16E-26,1.28E-28,5.94E-28,2.15E-25,3.88E-23,2.75E-22,2.72E-22,1.52E-21,1.08E-19,2.23E-18,1.43E-19,8.31E-24,7.73E-29,2.58E-31,2.51E-29,2.53E-24,7.65E-20,6.69E-19,9.70E-22,9.93E-26,1.35E-27,2.78E-26,3.40E-23,4.55E-21,1.70E-21,2.37E-23,2.59E-24,4.54E-23,3.01E-20,6.20E-18,1.29E-17,1.65E-18,4.40E-19,8.15E-18,1.18E-15,2.62E-14,4.02E-15,1.38E-16,3.53E-16,2.68E-12,3.14E-06,0.249168143,0.750786245,4.26E-05
Head 3,595,4.64E-24,1.60E-26,3.06E-32,5.36E-36,7.60E-36,2.38E-31,5.51E-29,5.83E-28,1.77E-28,8.52E-32,4.38E-33,5.14E-30,2.15E-27,1.32E-25,9.21E-28,7.52E-29,1.97E-28,1.16E-27,1.64E-26,2.13E-27,1.84E-30,2.20E-33,2.37E-33,3.21E-29,3.24E-21,3.55E-18,1.91E-20,4.55E-26,1.02E-31,4.80E-32,4.92E-28,2.32E-23,2.19E-21,2.19E-23,1.95E-25,8.37E-27,2.51E-27,1.66E-25,1.18E-24,4.50E-26,4.24E-30,1.41E-29,1.71E-26,5.57E-25,4.68E-24,3.72E-25,8.82E-27,2.24E-26,7.04E-23,6.42E-18,2.69E-16,4.76E-19,9.48E-25,1.11E-28,9.62E-30,3.47E-27,2.27E-23,9.41E-22,2.11E-20,2.53E-23,7.69E-28,2.24E-29,4.87E-29,9.94E-29,4.75E-29,4.53E-29,2.53E-27,6.49E-24,4.68E-21,3.53E-21,1.30E-24,4.59E-29,2.96E-31,9.84E-30,5.23E-26,1.98E-23,2.28E-24,3.74E-28,1.68E-31,1.25E-31,2.18E-28,2.64E-24,4.43E-22,2.69E-23,1.54E-26,1.58E-28,7.56E-28,2.20E-25,4.04E-23,2.44E-22,2.83E-22,1.81E-21,1.05E-19,2.29E-18,1.34E-19,9.10E-24,8.21E-29,2.88E-31,2.12E-29,1.86E-24,6.31E-20,6.11E-19,9.84E-22,1.01E-25,1.02E-27,2.34E-26,3.62E-23,3.87E-21,1.50E-21,2.20E-23,2.24E-24,4.62E-23,3.04E-20,5.03E-18,1.19E-17,1.01E-18,4.41E-19,8.58E-18,1.76E-15,2.11E-14,3.94E-15,1.54E-16,4.45E-16,3.02E-12,3.74E-06,0.268964112,0.730975211,5.69E-05
Head 3,596,6.17E-24,3.41E-27,4.51E-32,7.00E-36,2.72E-35,1.47E-32,6.59E-29,6.20E-26,2.12E-28,7.40E-32,7.08E-32,1.14E-30,2.30E-27,9.89E-27,1.34E-27,7.02E-29,1.04E-28,1.14E-27,1.95E-26,2.39E-27,2.11E-30,1.83E-33,2.54E-33,7.19E-27,8.77E-21,5.14E-18,1.88E-20,4.83E-27,1.13E-31,7.54E-32,4.48E-28,1.85E-23,3.29E-22,4.56E-23,1.99E-25,6.19E-28,2.09E-27,1.91E-25,1.19E-24,1.22E-28,1.95E-30,1.20E-29,7.51E-28,2.46E-25,2.99E-24,3.09E-25,7.69E-27,1.45E-26,5.40E-23,1.63E-18,1.02E-16,2.40E-19,1.42E-23,6.33E-29,3.28E-30,2.55E-27,2.45E-23,1.08E-18,1.46E-19,1.30E-25,5.72E-29,1.04E-29,5.71E-29,1.56E-28,4.79E-29,3.44E-29,2.18E-27,6.10E-24,4.40E-21,3.44E-21,1.11E-24,3.57E-29,1.99E-31,7.61E-30,5.23E-26,2.07E-23,1.89E-24,3.53E-28,1.62E-31,1.26E-31,2.21E-28,2.24E-24,4.57E-22,1.99E-23,1.94E-26,2.15E-28,9.70E-28,2.90E-25,4.54E-23,2.86E-22,3.52E-22,1.80E-21,1.14E-19,2.39E-18,1.65E-19,9.61E-24,8.55E-29,2.59E-31,1.88E-29,2.04E-24,7.99E-20,8.88E-19,1.08E-21,7.34E-26,7.47E-28,2.25E-26,2.74E-23,3.03E-21,1.26E-21,1.82E-23,2.18E-24,4.85E-23,3.03E-20,5.14E-18,7.81E-18,9.18E-19,4.01E-19,1.11E-17,1.18E-15,1.97E-14,4.02E-15,1.58E-16,3.82E-16,2.64E-12,3.28E-06,0.213737056,0.786214113,4.56E-05
Head 3,597,1.33E-24,8.50E-27,6.75E-32,1.78E-35,5.77E-36,1.66E-32,4.72E-27,5.86E-26,2.07E-28,1.22E-31,8.51E-33,9.71E-31,1.87E-27,2.22E-26,1.32E-27,6.07E-28,1.02E-28,1.79E-27,2.07E-26,2.61E-27,1.85E-30,2.06E-33,1.61E-31,1.85E-26,1.44E-20,5.60E-18,1.39E-21,5.96E-27,2.25E-31,9.37E-32,3.97E-28,6.23E-24,6.06E-22,4.66E-23,6.60E-26,4.55E-28,1.98E-27,1.76E-25,1.02E-26,6.36E-29,1.54E-30,1.14E-29,6.40E-28,1.64E-25,2.57E-24,3.30E-25,5.95E-27,1.30E-26,3.29E-23,7.41E-19,5.85E-17,5.65E-18,2.97E-24,2.22E-29,2.34E-30,2.72E-27,3.42E-21,4.04E-18,1.56E-22,1.56E-26,3.14E-29,1.36E-29,1.00E-28,1.85E-28,4.31E-29,3.48E-29,2.22E-27,5.78E-24,4.46E-21,3.26E-21,1.12E-24,3.42E-29,2.01E-31,8.90E-30,5.65E-26,1.66E-23,1.74E-24,3.50E-28,1.77E-31,1.39E-31,6.74E-29,2.37E-24,3.42E-22,2.62E-23,2.79E-26,2.93E-28,1.21E-27,3.04E-25,4.73E-23,3.32E-22,3.51E-22,1.97E-21,1.15E-19,2.82E-18,1.66E-19,9.12E-24,8.60E-29,2.45E-31,1.89E-29,2.14E-24,9.57E-20,8.36E-19,8.65E-22,7.24E-26,9.74E-28,2.10E-26,2.26E-23,2.82E-21,1.14E-21,1.80E-23,2.30E-24,4.78E-23,2.98E-20,3.76E-18,8.19E-18,1.00E-18,5.97E-19,7.45E-18,1.15E-15,1.97E-14,4.48E-15,1.58E-16,4.01E-16,2.83E-12,3.18E-06,0.260843158,0.739109457,4.42E-05
Head 3,598,4.30E-24,1.35E-26,2.19E-31,5.05E-36,6.69E-36,2.94E-31,5.66E-27,8.44E-26,1.81E-29,8.97E-32,6.25E-33,8.42E-30,5.15E-27,2.03E-26,4.18E-26,4.51E-28,1.75E-28,1.89E-27,2.07E-26,2.20E-27,1.93E-30,2.45E-32,3.99E-31,4.09E-26,2.04E-20,1.26E-19,1.46E-21,8.13E-27,2.64E-31,8.94E-32,9.05E-28,9.23E-24,6.25E-22,1.36E-22,3.92E-26,3.30E-28,1.59E-27,5.11E-26,8.39E-27,5.88E-29,7.23E-29,2.19E-29,5.69E-28,1.35E-25,2.64E-24,2.32E-25,4.92E-27,7.79E-27,1.90E-23,5.58E-19,6.41E-16,7.89E-19,1.03E-24,1.44E-29,2.49E-30,3.35E-26,1.25E-20,5.78E-21,3.68E-23,1.09E-26,4.74E-29,2.88E-29,1.54E-28,2.16E-28,5.68E-29,4.52E-29,2.59E-27,7.13E-24,4.85E-21,3.62E-21,1.12E-24,3.21E-29,2.34E-31,1.02E-29,4.97E-26,1.46E-23,1.53E-24,3.00E-28,1.63E-31,2.27E-32,7.44E-29,2.00E-24,5.32E-22,4.22E-23,4.04E-26,3.74E-28,1.29E-27,3.02E-25,4.93E-23,2.95E-22,3.48E-22,1.87E-21,1.36E-19,2.91E-18,1.39E-19,8.64E-24,7.60E-29,2.43E-31,2.10E-29,2.61E-24,9.31E-20,6.61E-19,8.68E-22,8.82E-26,9.00E-28,1.80E-26,2.60E-23,2.88E-21,1.17E-21,1.86E-23,2.09E-24,4.26E-23,2.23E-20,3.87E-18,9.00E-18,1.53E-18,4.44E-19,8.48E-18,1.15E-15,2.23E-14,3.99E-15,1.44E-16,3.86E-16,2.84E-12,3.85E-06,0.249188483,0.750758708,4.89E-05
Head 3,599,8.58E-24,7.49E-26,5.14E-32,5.22E-36,2.84E-35,3.55E-31,9.91E-27,1.16E-27,2.71E-28,9.68E-32,1.08E-31,2.90E-29,5.55E-27,2.76E-25,3.13E-26,7.62E-28,2.20E-28,2.09E-27,1.99E-26,2.51E-27,1.11E-29,5.45E-32,8.19E-31,4.84E-26,1.16E-22,1.10E-19,1.27E-21,8.40E-27,2.53E-31,6.66E-31,6.78E-28,7.50E-24,5.75E-21,9.66E-23,2.68E-26,2.73E-28,1.15E-26,4.90E-26,6.89E-27,1.89E-26,1.95E-28,2.42E-29,4.63E-28,1.46E-25,2.19E-24,2.09E-25,2.86E-27,4.75E-27,1.30E-23,1.36E-18,1.72E-16,2.67E-19,6.06E-25,1.23E-29,7.73E-30,1.28E-25,9.88E-23,1.48E-21,2.15E-23,1.17E-26,7.10E-29,3.20E-29,1.32E-28,2.13E-28,5.59E-29,4.17E-29,2.67E-27,7.03E-24,5.18E-21,3.48E-21,9.10E-25,3.11E-29,2.24E-31,8.24E-30,4.09E-26,1.46E-23,1.52E-24,3.27E-28,3.76E-32,2.59E-32,5.65E-29,2.70E-24,7.36E-22,5.66E-23,5.47E-26,4.68E-28,1.59E-27,3.77E-25,5.03E-23,3.19E-22,3.43E-22,2.32E-21,1.55E-19,2.49E-18,1.29E-19,7.13E-24,7.26E-29,2.42E-31,2.23E-29,2.59E-24,7.43E-20,7.35E-19,1.05E-21,7.65E-26,6.58E-28,1.72E-26,1.98E-23,2.67E-21,1.25E-21,1.91E-23,2.16E-24,3.74E-23,2.26E-20,3.78E-18,1.09E-17,9.88E-19,4.33E-19,7.21E-18,1.39E-15,2.19E-14,4.14E-15,1.48E-16,4.14E-16,3.20E-12,3.32E-06,0.236059308,0.763897657,3.97E-05
Head 3,600,2.95E-23,1.09E-26,4.31E-32,1.65E-35,2.99E-35,5.39E-31,1.08E-28,7.91E-26,2.77E-28,1.87E-31,2.89E-31,2.93E-29,4.34E-27,1.58E-25,2.98E-26,9.12E-28,2.52E-28,2.02E-27,2.09E-26,2.18E-26,2.27E-29,9.92E-32,8.12E-31,1.82E-28,5.80E-23,4.77E-20,1.02E-21,8.74E-27,2.74E-30,3.57E-31,4.27E-28,2.97E-23,4.37E-21,5.63E-23,2.44E-26,5.19E-27,1.34E-26,3.80E-26,6.03E-25,3.48E-26,1.89E-28,1.64E-29,3.92E-28,1.12E-25,1.78E-24,3.52E-25,2.93E-27,4.45E-27,1.71E-23,1.09E-18,6.36E-17,1.64E-19,4.82E-25,6.97E-29,3.40E-29,7.33E-27,1.80E-23,5.92E-22,1.49E-23,1.30E-26,6.63E-29,2.42E-29,1.08E-28,1.66E-28,4.15E-29,3.50E-29,2.34E-27,7.07E-24,4.97E-21,3.03E-21,9.74E-25,3.39E-29,2.09E-31,6.85E-30,4.11E-26,1.39E-23,1.67E-24,1.17E-28,4.79E-32,2.17E-32,7.35E-29,3.16E-24,8.54E-22,7.38E-23,7.62E-26,7.08E-28,2.30E-27,3.97E-25,5.11E-23,2.93E-22,4.15E-22,2.86E-21,1.56E-19,2.47E-18,1.11E-19,7.56E-24,6.77E-29,2.25E-31,1.84E-29,1.46E-24,6.09E-20,7.39E-19,9.41E-22,7.01E-26,7.55E-28,1.28E-26,1.94E-23,2.70E-21,1.23E-21,2.10E-23,2.04E-24,3.69E-23,2.00E-20,3.65E-18,6.51E-18,8.52E-19,3.40E-19,8.97E-18,1.41E-15,2.32E-14,4.31E-15,1.72E-16,5.02E-16,2.92E-12,3.35E-06,0.24708882,0.752877593,3.03E-05
Head 3,601,7.25E-24,1.16E-26,3.74E-31,2.53E-35,6.54E-35,3.35E-32,6.16E-27,9.08E-26,2.70E-29,4.94E-31,4.65E-31,3.51E-30,3.96E-27,1.35E-25,4.53E-26,1.52E-27,3.58E-28,3.06E-27,5.33E-25,5.63E-26,5.90E-29,1.64E-31,1.59E-32,1.11E-28,2.54E-23,4.09E-20,1.14E-21,9.22E-26,1.76E-30,2.59E-31,3.83E-28,3.69E-23,3.16E-21,6.58E-23,1.42E-25,1.18E-26,1.90E-26,1.93E-25,1.13E-24,4.46E-26,1.85E-28,1.82E-29,4.56E-28,1.34E-25,3.28E-23,9.11E-25,5.87E-27,1.04E-26,2.67E-23,6.07E-19,5.06E-17,1.64E-19,1.47E-23,5.37E-28,1.12E-29,2.20E-27,1.25E-23,5.66E-22,2.02E-23,1.52E-26,6.85E-29,2.64E-29,1.05E-28,1.42E-28,3.69E-29,3.35E-29,2.64E-27,7.93E-24,5.47E-21,3.93E-21,1.30E-24,4.24E-29,2.39E-31,9.41E-30,5.17E-26,1.92E-23,5.05E-25,2.20E-28,7.50E-32,4.98E-32,1.37E-28,5.08E-24,1.24E-21,1.13E-22,1.43E-25,1.47E-27,3.79E-27,6.44E-25,7.69E-23,5.34E-22,7.77E-22,4.96E-21,2.40E-19,3.20E-18,1.82E-19,9.96E-24,1.03E-28,3.12E-31,1.69E-29,1.75E-24,8.82E-20,9.44E-19,1.38E-21,1.19E-25,8.00E-28,1.97E-26,2.32E-23,2.72E-21,1.52E-21,2.39E-23,2.96E-24,5.61E-23,3.13E-20,3.73E-18,7.70E-18,8.96E-19,5.29E-19,1.14E-17,1.78E-15,2.90E-14,6.48E-15,2.94E-16,6.92E-16,4.30E-12,4.21E-06,0.2886585,0.711298466,3.88E-05
Head 3,602,9.31E-26,1.05E-24,1.36E-27,1.07E-30,1.03E-31,2.62E-29,1.97E-26,4.61E-27,3.69E-28,1.91E-29,1.95E-29,8.26E-28,1.64E-25,2.49E-24,3.31E-25,6.62E-27,4.29E-27,5.01E-24,2.22E-19,1.17E-16,3.40E-17,5.06E-21,1.15E-23,1.00E-23,9.89E-21,3.10E-18,3.30E-18,9.30E-22,6.66E-26,1.95E-28,4.22E-27,2.29E-24,1.13E-22,5.10E-25,4.30E-26,3.67E-26,3.39E-24,1.62E-22,4.44E-22,8.13E-24,1.24E-26,3.87E-28,8.00E-27,6.10E-24,3.04E-21,1.33E-21,1.51E-22,8.68E-27,6.26E-26,3.45E-23,7.59E-21,8.62E-19,4.41E-22,8.52E-28,8.65E-30,3.93E-29,1.46E-27,3.25E-27,8.95E-29,5.67E-31,7.44E-32,9.12E-31,6.97E-29,5.03E-28,9.51E-29,6.83E-30,1.84E-29,9.68E-27,3.30E-23,1.46E-21,3.56E-23,8.08E-27,8.59E-30,7.53E-30,3.39E-27,1.19E-24,8.90E-23,1.22E-23,1.01E-25,1.18E-26,1.69E-25,1.73E-23,9.10E-23,2.57E-24,5.28E-27,8.67E-29,2.42E-28,1.63E-26,3.12E-25,9.77E-26,3.23E-27,8.02E-28,2.31E-26,1.49E-23,1.04E-21,2.24E-22,3.35E-25,8.59E-28,1.24E-27,2.13E-24,1.36E-20,9.04E-19,6.57E-20,6.50E-23,5.97E-25,7.47E-25,2.69E-23,8.28E-22,6.41E-22,9.53E-23,9.73E-23,9.94E-21,4.98E-18,4.88E-16,3.18E-16,8.00E-18,6.02E-19,7.59E-18,9.91E-15,1.46E-11,2.39E-10,2.66E-11,1.49E-12,4.56E-12,2.09E-09,2.57E-06,3.41E-05,0.999963284
Head 3,603,4.68E-27,5.05E-27,5.52E-30,1.51E-33,1.32E-33,1.62E-31,7.52E-30,3.37E-29,2.41E-30,5.16E-31,8.85E-32,2.72E-30,8.23E-28,1.63E-26,2.52E-27,5.90E-29,3.37E-29,1.33E-25,4.15E-21,1.38E-18,2.45E-20,8.69E-24,7.11E-27,3.35E-26,3.45E-23,3.32E-19,8.84E-20,1.03E-23,1.61E-28,1.40E-30,2.63E-29,1.41E-26,2.67E-26,7.65E-27,4.44E-28,2.00E-27,1.48E-26,8.01E-25,2.78E-24,5.21E-26,6.53E-29,2.05E-30,1.34E-29,1.44E-25,6.34E-23,4.19E-22,4.30E-27,1.08E-28,5.59E-28,3.77E-25,9.11E-21,7.25E-21,2.10E-26,3.17E-30,5.16E-32,2.64E-31,9.68E-30,2.17E-29,6.05E-31,4.16E-33,5.48E-34,6.19E-33,4.24E-31,3.45E-30,6.05E-31,4.59E-32,1.41E-31,8.95E-29,2.63E-25,1.05E-23,3.22E-25,7.20E-29,7.89E-32,6.25E-32,1.87E-30,1.06E-26,7.89E-25,1.04E-25,8.14E-28,9.11E-29,1.33E-27,1.51E-25,8.93E-25,2.78E-26,4.67E-29,8.14E-31,2.25E-30,1.58E-28,2.69E-27,8.41E-28,2.66E-29,6.42E-30,2.16E-28,1.40E-25,1.19E-23,1.88E-24,1.97E-27,5.73E-30,1.18E-29,1.37E-26,8.92E-23,8.26E-21,4.78E-22,8.32E-25,6.42E-27,4.94E-27,2.28E-25,4.54E-24,4.80E-24,7.43E-25,1.15E-24,5.02E-23,3.59E-20,3.57E-18,3.21E-18,7.14E-20,5.33E-21,6.99E-20,1.14E-16,1.46E-13,2.18E-12,2.41E-13,1.22E-14,3.55E-14,1.83E-11,3.65E-08,0.985219479,0.014780463
Head 3,604,1.84E-22,2.61E-25,4.74E-31,2.41E-34,3.40E-34,2.50E-31,5.48E-28,7.39E-27,4.73E-27,2.29E-30,1.32E-31,8.13E-30,1.18E-26,9.85E-25,4.80E-25,1.20E-27,2.78E-27,2.97E-25,9.26E-24,8.51E-26,4.33E-29,1.34E-32,1.29E-32,1.20E-28,1.91E-20,3.11E-17,1.72E-19,6.48E-26,3.36E-30,3.74E-30,8.44E-27,7.12E-23,5.33E-21,6.39E-22,1.29E-24,7.73E-27,2.40E-26,1.39E-24,7.02E-24,2.06E-25,8.78E-28,8.79E-29,8.61E-26,2.11E-22,1.20E-22,5.06E-24,5.08E-26,6.68E-26,2.01E-22,1.81E-17,2.25E-14,9.47E-18,8.92E-24,1.20E-28,1.72E-29,1.49E-26,1.00E-22,4.64E-21,1.69E-22,1.61E-25,8.26E-28,2.62E-28,9.04E-28,1.14E-27,2.92E-28,2.94E-28,2.82E-26,9.42E-23,7.00E-20,5.28E-20,1.80E-23,6.14E-28,4.09E-30,7.60E-31,5.82E-27,7.44E-24,5.37E-24,3.29E-27,1.82E-30,1.17E-30,3.07E-27,1.24E-22,3.53E-20,3.13E-21,3.64E-24,3.36E-26,8.34E-26,1.07E-23,1.14E-21,7.15E-21,9.70E-21,6.47E-20,3.71E-18,7.13E-17,2.88E-18,1.25E-22,9.29E-28,2.32E-30,1.38E-28,1.34E-23,7.52E-19,1.05E-17,2.89E-20,3.12E-24,1.92E-26,2.78E-25,2.08E-22,2.40E-20,1.21E-20,3.06E-22,3.28E-23,5.19E-22,2.32E-19,3.49E-17,8.28E-17,1.31E-17,6.88E-18,1.94E-16,2.39E-14,4.27E-13,8.14E-14,2.94E-15,6.80E-15,4.11E-11,5.68E-05,0.015679706,0.983670473,0.000593045
Head 3,605,2.38E-26,3.85E-27,2.90E-28,2.01E-31,1.67E-32,9.58E-31,1.48E-28,3.98E-26,1.44E-27,9.64E-30,1.74E-30,6.13E-29,2.22E-26,5.83E-25,1.01E-26,6.85E-28,4.42E-27,1.04E-23,1.65E-20,1.28E-18,1.57E-20,8.61E-24,3.86E-26,7.36E-23,5.33E-19,7.40E-17,1.06E-18,9.83E-23,3.94E-27,3.57E-29,1.27E-27,1.57E-25,1.67E-24,2.67E-23,2.70E-25,3.03E-26,2.67E-25,1.69E-23,4.79E-23,7.58E-25,5.42E-30,2.74E-30,1.58E-27,3.87E-23,2.36E-22,1.44E-22,4.23E-25,6.34E-27,5.69E-25,3.58E-22,1.44E-21,5.02E-22,3.98E-25,1.01E-28,1.71E-30,6.95E-30,2.12E-28,4.50E-28,1.48E-29,1.12E-31,1.33E-32,1.63E-31,1.04E-29,7.02E-29,1.29E-29,1.26E-30,4.26E-30,2.07E-27,6.67E-24,3.49E-22,1.17E-23,2.90E-27,3.12E-31,1.24E-31,6.55E-29,3.67E-25,2.57E-23,3.16E-24,2.70E-26,3.41E-27,5.55E-26,5.89E-24,2.89E-23,9.08E-25,1.97E-27,4.66E-29,1.28E-28,6.40E-27,8.59E-26,2.38E-26,8.14E-28,2.58E-28,1.05E-26,6.36E-24,2.96E-22,4.84E-23,7.65E-26,2.07E-28,2.50E-28,3.43E-25,2.27E-21,2.97E-19,3.31E-20,3.27E-23,1.82E-25,1.24E-25,4.60E-24,1.12E-22,1.82E-22,2.22E-23,2.22E-23,1.28E-21,1.08E-18,1.09E-16,8.73E-17,2.01E-18,2.43E-19,2.78E-18,3.89E-15,4.65E-12,6.29E-11,6.30E-12,2.99E-13,1.30E-12,1.24E-05,0.380099893,2.31E-05,0.619864643
Head 3,606,1.20E-28,3.67E-27,5.55E-30,9.60E-34,3.79E-34,2.28E-32,6.98E-29,6.94E-28,3.16E-29,1.91E-31,3.37E-32,1.23E-30,5.68E-28,5.54E-27,6.02E-28,2.60E-29,1.05E-28,4.04E-26,1.28E-22,3.08E-21,1.69E-22,1.07E-25,1.25E-25,2.07E-23,3.09E-20,9.56E-20,9.54E-21,1.05E-24,6.54E-29,4.19E-30,4.05E-29,4.80E-27,1.67E-24,2.84E-25,4.41E-27,5.86E-28,6.28E-27,3.83E-25,1.21E-24,5.56E-29,2.10E-31,1.28E-31,2.40E-28,3.99E-26,1.80E-23,4.51E-24,1.29E-26,4.62E-27,8.82E-27,1.79E-25,2.87E-23,9.94E-24,8.42E-27,2.54E-30,4.84E-32,2.12E-31,6.64E-30,1.41E-29,4.01E-31,2.47E-33,3.46E-34,3.59E-33,2.31E-31,1.67E-30,3.47E-31,3.10E-32,8.56E-32,4.65E-29,1.45E-25,7.11E-24,2.27E-25,1.66E-29,6.58E-33,2.20E-33,1.58E-30,7.28E-27,4.35E-25,5.60E-26,5.45E-28,8.43E-29,1.38E-27,1.30E-25,6.72E-25,1.83E-26,4.62E-29,9.79E-31,2.43E-30,1.16E-28,1.54E-27,4.80E-28,1.80E-29,5.89E-30,2.02E-28,8.23E-26,5.41E-24,1.07E-24,1.43E-27,4.28E-30,7.44E-30,7.89E-27,8.33E-23,9.78E-21,5.61E-22,6.01E-25,2.78E-27,2.62E-27,9.83E-26,3.11E-24,2.55E-24,4.08E-25,3.98E-25,3.21E-23,2.40E-20,2.71E-18,2.04E-18,6.75E-20,4.83E-21,6.89E-20,7.54E-17,8.20E-14,1.08E-12,1.04E-13,7.41E-15,7.62E-11,3.27E-07,3.34E-08,0.987521946,0.012477674
Head 3,607,1.63E-22,4.63E-25,4.13E-31,8.68E-35,6.89E-35,2.13E-30,3.11E-26,6.84E-25,3.50E-27,1.91E-30,8.80E-32,6.49E-30,1.35E-26,1.52E-25,1.33E-26,6.89E-28,1.37E-27,1.65E-26,1.91E-25,1.65E-26,7.57E-30,1.08E-31,1.81E-30,1.22E-25,1.87E-22,1.90E-19,5.61E-21,1.18E-25,7.12E-29,6.64E-30,5.56E-27,2.46E-22,3.33E-20,7.92E-22,4.62E-25,4.94E-27,1.48E-26,7.75E-25,2.79E-26,1.72E-28,5.32E-30,5.87E-29,5.25E-26,1.06E-22,8.56E-22,1.46E-23,8.84E-26,1.40E-25,4.25E-22,5.71E-18,3.32E-16,1.27E-18,8.40E-24,2.00E-28,1.86E-29,1.01E-26,5.67E-23,2.69E-21,9.65E-23,1.05E-25,5.65E-28,1.76E-28,5.39E-28,6.86E-28,2.07E-28,2.27E-28,2.08E-26,7.49E-23,5.76E-20,4.67E-20,1.33E-23,8.80E-29,4.89E-32,6.24E-31,6.15E-27,1.09E-23,8.02E-24,5.09E-27,3.52E-30,2.60E-30,5.51E-27,1.54E-22,3.83E-20,5.40E-21,8.94E-24,7.27E-26,1.23E-25,1.14E-23,9.52E-22,6.59E-21,1.11E-20,7.98E-20,2.99E-18,4.57E-17,2.02E-18,9.75E-23,6.83E-28,1.53E-30,8.26E-29,1.20E-23,9.55E-19,1.53E-17,2.85E-20,2.29E-24,1.86E-26,2.44E-25,1.89E-22,1.84E-20,1.03E-20,2.15E-22,2.90E-23,4.48E-22,1.97E-19,2.69E-17,7.96E-17,1.34E-17,8.58E-18,1.69E-16,2.17E-14,3.51E-13,6.07E-14,3.06E-15,6.60E-17,4.74E-14,4.93E-05,0.016376359,0.982919574,0.000654807
Head 3,608,1.36E-23,3.33E-27,6.30E-32,7.43E-36,2.91E-35,1.98E-31,5.08E-27,6.85E-26,3.46E-28,1.41E-31,8.96E-33,9.38E-30,4.53E-27,2.42E-26,1.26E-27,6.22E-28,1.25E-28,1.55E-27,1.62E-26,1.30E-27,5.48E-30,2.73E-32,2.57E-31,3.32E-29,8.61E-24,8.71E-21,4.54E-22,9.89E-26,2.30E-30,3.67E-31,2.92E-28,2.46E-23,2.34E-21,6.48E-23,4.30E-26,3.92E-28,1.20E-27,1.50E-26,1.63E-27,1.20E-29,2.41E-29,4.87E-30,6.85E-27,1.25E-23,1.07E-22,6.44E-25,4.86E-27,9.60E-27,1.78E-23,3.22E-19,2.73E-17,1.52E-19,7.29E-25,1.44E-29,1.49E-30,8.08E-28,4.38E-24,1.93E-22,7.94E-24,7.57E-27,3.94E-29,1.33E-29,4.34E-29,5.56E-29,1.52E-29,1.71E-29,1.77E-27,6.45E-24,5.23E-21,4.55E-21,9.74E-25,5.06E-30,4.81E-33,7.22E-32,6.77E-28,1.24E-24,8.80E-25,5.93E-28,4.09E-31,2.66E-31,5.78E-28,1.63E-23,4.89E-21,6.51E-22,8.19E-25,6.45E-27,1.08E-26,1.06E-24,9.80E-23,6.34E-22,1.05E-21,5.16E-21,2.57E-19,3.79E-18,1.51E-19,7.65E-24,5.17E-29,1.07E-31,8.59E-30,1.39E-24,7.57E-20,1.23E-18,2.14E-21,2.19E-25,1.75E-27,1.85E-26,1.22E-23,1.38E-21,7.80E-22,1.94E-23,2.46E-24,4.06E-23,1.71E-20,2.50E-18,6.63E-18,1.19E-18,6.47E-19,1.17E-17,1.78E-15,2.23E-14,5.97E-15,3.54E-17,6.20E-18,3.95E-12,3.58E-09,0.001713996,0.998238564,4.75E-05
Head 3,609,5.39E-27,1.02E-26,1.55E-29,1.34E-31,1.50E-32,3.09E-30,2.49E-27,3.20E-26,1.13E-27,6.36E-30,2.88E-30,9.92E-28,4.26E-25,1.62E-24,4.75E-25,3.48E-27,8.26E-28,1.63E-25,3.23E-22,3.28E-19,3.64E-19,2.07E-21,5.18E-25,9.55E-25,3.35E-22,1.91E-19,4.02E-19,1.22E-22,8.58E-27,2.22E-29,5.38E-28,4.08E-25,2.90E-23,1.05E-23,1.46E-25,1.53E-26,3.36E-26,8.71E-25,4.61E-25,1.28E-24,2.76E-30,1.98E-30,1.03E-27,1.07E-23,1.47E-20,9.29E-22,6.06E-26,2.31E-27,1.36E-26,7.14E-24,1.22E-21,4.14E-22,2.78E-25,5.16E-29,7.54E-31,3.18E-30,1.06E-28,2.72E-28,7.52E-30,4.74E-32,6.13E-33,7.28E-32,4.90E-30,2.87E-29,5.21E-30,5.48E-31,2.48E-30,1.86E-27,8.05E-25,1.10E-22,4.41E-24,5.30E-28,1.78E-31,8.88E-32,6.55E-29,3.81E-25,2.82E-23,3.36E-24,2.54E-26,3.32E-27,4.87E-26,6.45E-24,4.19E-23,1.29E-24,2.81E-27,4.70E-29,1.18E-28,5.89E-27,1.01E-25,3.17E-26,8.50E-28,2.30E-28,9.39E-27,5.02E-24,2.64E-22,3.17E-23,3.14E-26,1.04E-28,2.44E-28,3.58E-25,3.32E-21,2.26E-19,1.62E-20,1.88E-23,9.51E-26,5.64E-26,2.35E-24,6.92E-23,1.07E-22,1.87E-23,2.03E-23,1.22E-21,1.09E-18,1.14E-16,1.07E-16,2.51E-18,1.76E-19,2.58E-18,2.58E-15,4.69E-12,7.26E-08,1.69E-08,5.11E-13,7.04E-09,3.29E-05,5.10E-06,6.08E-05,0.999901056
Head 3,610,1.09E-28,5.40E-29,1.27E-30,4.01E-34,1.03E-34,1.68E-32,1.36E-29,1.62E-28,6.99E-30,8.27E-33,3.27E-32,1.12E-29,2.97E-27,2.79E-26,1.38E-27,7.76E-30,4.13E-30,6.28E-28,2.24E-23,1.85E-20,4.35E-21,2.68E-25,3.92E-28,6.24E-28,1.24E-24,2.79E-20,8.01E-21,9.44E-25,1.28E-29,1.27E-31,2.83E-30,2.36E-27,2.09E-25,6.13E-26,8.81E-28,1.35E-29,2.80E-28,6.89E-27,4.03E-25,4.53E-30,2.04E-32,1.31E-32,9.62E-30,1.75E-25,7.90E-24,1.19E-25,1.14E-27,1.69E-29,8.52E-29,4.59E-26,8.63E-24,2.82E-24,1.53E-27,2.53E-31,3.18E-33,1.21E-32,4.90E-31,1.14E-30,3.43E-32,2.55E-34,3.67E-35,3.88E-34,2.05E-32,1.24E-31,2.63E-32,3.01E-33,1.54E-32,7.01E-31,6.19E-27,8.13E-25,3.27E-26,3.43E-30,1.27E-33,5.88E-34,5.18E-31,3.29E-27,2.04E-25,2.11E-26,1.74E-28,1.91E-29,3.52E-28,4.67E-26,2.73E-25,9.17E-27,1.85E-29,3.78E-31,8.28E-31,4.70E-29,6.43E-28,1.61E-28,5.73E-30,2.08E-30,6.79E-29,3.44E-26,1.73E-24,1.88E-25,1.89E-28,6.55E-31,1.00E-30,1.65E-27,1.36E-23,1.52E-21,1.22E-22,1.25E-25,4.01E-28,3.41E-28,1.37E-26,5.27E-25,6.83E-25,1.25E-25,1.17E-25,8.83E-24,6.05E-21,7.54E-19,6.11E-19,1.36E-20,1.26E-21,1.30E-20,2.59E-17,6.57E-12,5.42E-10,5.72E-14,6.69E-12,4.67E-11,2.05E-11,4.63E-08,0.990559757,0.009440195
Head 3,611,8.39E-29,1.07E-27,6.86E-31,4.47E-34,1.07E-34,1.26E-32,8.06E-30,1.31E-28,1.73E-31,1.60E-32,8.75E-32,1.80E-29,1.51E-27,1.40E-26,5.07E-28,8.70E-30,4.33E-30,3.91E-27,1.53E-22,4.16E-20,2.36E-22,2.96E-26,3.20E-29,2.45E-28,1.24E-22,8.83E-20,1.04E-20,4.85E-25,1.42E-29,1.49E-31,2.38E-30,2.03E-27,1.57E-25,5.93E-26,2.80E-29,2.14E-29,3.93E-28,9.18E-26,7.32E-28,4.35E-30,1.85E-32,1.82E-32,4.21E-29,2.27E-26,7.90E-25,8.20E-25,2.32E-27,2.31E-29,9.52E-29,5.58E-26,1.07E-23,3.58E-24,2.25E-27,3.44E-31,3.15E-33,1.02E-32,2.88E-31,6.98E-31,2.94E-32,3.28E-34,4.77E-35,3.75E-34,1.63E-32,1.01E-31,2.08E-32,2.78E-33,9.66E-34,1.01E-30,8.93E-27,1.39E-24,5.83E-26,7.38E-30,2.65E-33,1.25E-33,1.03E-30,4.81E-27,2.97E-25,4.17E-26,3.07E-28,3.78E-29,5.41E-28,5.10E-26,2.96E-25,1.12E-26,4.02E-29,8.48E-31,2.19E-30,8.01E-29,7.46E-28,2.38E-28,1.12E-29,3.59E-30,1.13E-28,6.00E-26,2.80E-24,3.01E-25,3.49E-28,6.94E-31,8.79E-31,1.01E-27,1.18E-23,1.76E-21,1.79E-22,1.43E-25,6.81E-28,4.26E-28,1.77E-26,5.03E-25,7.38E-25,1.37E-25,1.77E-25,9.27E-24,6.25E-21,5.54E-19,4.04E-19,1.18E-20,8.16E-22,1.87E-20,7.49E-16,6.37E-12,4.76E-13,1.10E-10,6.38E-12,2.30E-14,1.90E-11,0.006105053,0.985242307,0.008652703
Head 3,612,2.18E-22,4.53E-25,2.39E-30,5.62E-34,1.03E-33,4.38E-30,4.15E-26,4.28E-27,2.49E-28,1.19E-29,2.10E-29,1.50E-28,7.40E-26,1.13E-24,3.00E-25,1.07E-26,2.84E-27,2.21E-25,7.65E-24,4.56E-26,1.61E-29,8.05E-33,6.04E-33,1.92E-26,1.66E-20,1.07E-17,5.50E-21,1.28E-25,1.31E-29,3.14E-30,6.66E-27,1.70E-22,2.17E-20,1.96E-22,2.24E-24,1.35E-25,2.46E-26,1.18E-25,1.12E-26,8.52E-29,4.98E-30,7.28E-29,3.29E-27,5.91E-23,1.18E-21,2.12E-23,9.34E-26,9.58E-26,1.89E-22,3.80E-18,3.25E-16,1.53E-18,7.56E-24,1.45E-28,1.09E-29,3.68E-27,1.36E-23,5.93E-22,3.52E-23,5.68E-26,3.77E-28,1.05E-28,2.84E-28,3.14E-28,1.13E-28,3.58E-29,3.77E-27,2.05E-23,4.29E-20,6.99E-20,2.22E-23,2.78E-28,3.71E-31,5.29E-30,3.57E-26,4.21E-23,2.93E-23,2.60E-26,2.51E-29,2.19E-29,3.69E-26,5.11E-22,7.02E-20,1.09E-20,2.05E-23,2.55E-25,3.86E-25,2.43E-23,1.61E-21,1.01E-20,1.41E-20,9.03E-20,3.92E-18,4.67E-17,1.78E-18,1.10E-22,7.67E-28,1.71E-30,7.68E-29,8.14E-24,5.90E-19,1.76E-17,4.67E-20,5.43E-24,2.75E-26,2.55E-25,1.38E-22,1.34E-20,8.34E-21,2.63E-22,4.10E-23,6.35E-22,2.08E-19,2.18E-17,5.05E-17,6.49E-18,5.09E-18,7.50E-18,1.76E-15,2.35E-13,5.27E-14,6.85E-16,1.18E-14,5.94E-11,7.70E-08,0.043053865,0.956639826,0.000306267
Head 3,613,3.14E-23,4.79E-26,7.18E-31,1.99E-34,3.33E-34,1.62E-30,1.32E-28,1.35E-27,1.27E-28,4.75E-30,4.67E-31,1.88E-29,5.63E-27,2.37E-25,7.58E-26,1.72E-28,6.15E-28,9.02E-26,1.04E-25,7.33E-27,2.84E-30,2.20E-33,2.56E-31,1.89E-26,8.16E-21,5.03E-20,1.34E-21,4.48E-26,3.04E-30,9.14E-31,2.30E-27,6.70E-23,6.51E-22,1.16E-22,1.24E-24,4.57E-27,2.57E-26,4.57E-26,3.86E-27,3.80E-29,1.02E-28,3.18E-29,2.30E-26,5.67E-23,4.17E-22,4.61E-24,1.86E-26,2.42E-26,4.21E-23,8.25E-19,6.78E-17,2.81E-19,1.30E-24,2.88E-29,2.36E-30,8.05E-28,3.09E-24,1.50E-22,8.19E-24,1.20E-26,8.13E-29,3.03E-29,8.58E-29,1.11E-28,9.31E-30,1.29E-29,1.17E-27,6.98E-24,1.26E-20,1.79E-20,6.21E-24,7.87E-29,1.37E-31,2.04E-30,1.09E-26,1.22E-23,8.61E-24,8.87E-27,9.78E-30,8.59E-30,1.09E-26,1.23E-22,2.46E-20,2.80E-21,7.40E-24,6.52E-26,8.00E-26,5.83E-24,4.24E-22,2.20E-21,3.33E-21,1.96E-20,7.76E-19,9.15E-18,4.39E-19,2.15E-23,1.84E-28,3.77E-31,2.27E-29,2.70E-24,1.98E-19,3.72E-18,1.19E-20,1.17E-24,8.08E-27,7.25E-26,3.79E-23,3.54E-21,2.42E-21,7.25E-23,1.24E-23,1.84E-22,5.80E-20,6.09E-18,1.13E-17,2.49E-18,2.75E-19,1.56E-18,2.87E-15,2.96E-14,1.63E-14,1.25E-15,3.32E-15,2.76E-14,2.74E-08,0.006680108,0.993270814,4.91E-05
Head 3,614,3.95E-24,2.06E-26,4.63E-31,1.04E-34,1.51E-34,2.61E-32,3.19E-29,6.79E-28,7.57E-29,2.33E-30,1.70E-31,3.74E-30,2.68E-27,1.24E-25,8.11E-28,9.96E-29,5.67E-28,6.37E-27,5.47E-26,2.89E-27,1.46E-30,2.49E-32,2.64E-31,1.04E-26,1.16E-23,9.85E-21,6.87E-22,2.69E-26,1.87E-30,5.13E-31,1.17E-27,4.96E-24,3.79E-22,8.24E-23,3.68E-25,1.41E-26,1.83E-26,2.14E-26,1.85E-27,6.70E-27,8.25E-29,1.14E-29,2.14E-26,4.41E-23,2.54E-22,2.72E-24,1.43E-26,1.54E-26,2.48E-23,5.14E-19,4.41E-17,1.98E-19,1.14E-24,2.25E-29,1.39E-30,3.74E-28,1.29E-24,5.94E-23,3.30E-24,5.89E-27,5.14E-29,1.79E-29,4.73E-29,8.76E-30,4.42E-30,5.50E-30,7.23E-28,4.77E-24,9.74E-21,1.79E-20,6.58E-24,1.02E-28,1.65E-31,1.72E-30,7.82E-27,1.01E-23,9.37E-24,1.12E-26,1.30E-29,7.81E-30,6.83E-27,9.30E-23,1.56E-20,3.40E-21,6.81E-24,4.94E-26,7.87E-26,5.67E-24,3.33E-22,1.91E-21,2.83E-21,1.60E-20,7.82E-19,1.20E-17,4.31E-19,2.27E-23,1.35E-28,2.70E-31,1.48E-29,1.69E-24,8.83E-20,2.75E-18,1.07E-20,1.39E-24,8.67E-27,5.57E-26,2.39E-23,2.19E-21,1.43E-21,5.48E-23,8.96E-24,1.22E-22,3.32E-20,2.80E-18,7.26E-18,2.02E-18,1.39E-19,8.92E-18,2.35E-16,2.76E-14,1.71E-14,9.72E-16,2.89E-17,2.18E-14,1.48E-08,0.277236134,0.722731411,3.25E-05
Head 3,615,2.90E-23,2.34E-25,6.80E-30,2.28E-33,7.70E-34,4.55E-31,1.03E-27,1.84E-26,2.42E-26,2.43E-29,9.26E-31,3.42E-29,1.81E-26,5.42E-26,9.59E-27,1.37E-27,5.99E-27,6.48E-26,4.41E-25,3.15E-26,1.98E-28,1.07E-30,8.13E-30,6.11E-28,5.99E-23,7.16E-20,6.12E-21,2.87E-25,2.80E-29,1.18E-29,2.87E-26,1.12E-22,9.94E-21,7.55E-21,4.91E-24,3.85E-25,3.42E-25,4.34E-25,3.41E-24,1.48E-25,2.54E-29,2.40E-28,3.78E-25,3.55E-22,1.12E-21,1.36E-23,7.03E-26,8.12E-26,1.31E-22,1.94E-18,1.19E-16,5.74E-19,3.52E-24,9.26E-29,7.11E-30,1.99E-27,5.55E-24,2.05E-22,1.34E-23,3.56E-26,4.40E-28,2.14E-28,6.16E-29,1.80E-28,8.38E-29,1.45E-28,1.56E-26,6.54E-23,8.14E-20,1.01E-19,4.42E-23,1.03E-27,2.11E-30,2.39E-29,1.17E-25,1.24E-22,8.84E-23,1.05E-25,1.30E-28,7.58E-29,7.86E-26,8.06E-22,1.80E-19,2.22E-20,3.48E-23,4.20E-25,6.53E-25,3.59E-23,1.86E-21,8.50E-21,1.06E-20,6.53E-20,3.19E-18,3.08E-17,1.35E-18,7.38E-23,8.74E-28,2.84E-30,1.84E-28,1.07E-23,5.02E-19,1.15E-17,4.61E-20,7.86E-24,6.07E-26,5.26E-25,2.68E-22,2.01E-20,1.64E-20,5.85E-22,9.29E-23,1.06E-21,2.25E-19,2.20E-17,1.80E-16,9.86E-18,3.40E-18,4.81E-18,1.99E-15,3.55E-13,1.20E-13,1.10E-15,2.45E-16,1.41E-13,1.48E-05,0.337501645,0.662469506,1.41E-05
Head 3,616,5.26E-23,6.46E-25,2.85E-29,3.45E-33,2.30E-33,1.64E-30,2.55E-27,4.07E-24,6.17E-26,5.93E-29,3.99E-30,1.03E-28,5.92E-26,4.20E-25,5.10E-26,8.72E-26,3.32E-26,3.33E-25,1.78E-24,1.42E-24,1.73E-27,5.89E-30,2.25E-31,5.02E-28,6.40E-23,1.28E-19,1.74E-20,1.15E-24,1.77E-28,2.97E-28,7.72E-26,3.17E-22,3.55E-19,1.64E-21,3.07E-23,1.75E-24,1.47E-24,3.68E-24,6.99E-24,1.07E-27,5.59E-29,7.71E-28,9.96E-25,6.93E-22,3.09E-21,4.58E-23,2.80E-25,3.68E-25,4.55E-22,5.43E-18,3.78E-16,1.96E-18,1.65E-23,4.33E-28,2.58E-29,3.94E-27,6.44E-24,2.45E-22,2.45E-23,1.05E-25,1.88E-27,6.02E-29,2.85E-28,5.44E-28,3.55E-28,6.79E-28,7.32E-26,2.84E-22,3.29E-19,5.22E-19,3.40E-22,9.32E-27,1.87E-29,2.06E-28,7.26E-25,5.84E-22,3.98E-22,6.55E-25,8.34E-28,4.98E-28,3.58E-25,3.89E-21,5.27E-19,5.98E-20,2.35E-22,3.41E-24,4.54E-24,1.86E-22,7.14E-21,2.89E-20,4.41E-20,3.44E-19,1.27E-17,1.46E-16,5.07E-18,4.07E-22,5.29E-27,1.71E-29,4.79E-28,2.57E-23,1.02E-18,3.05E-17,2.08E-19,5.14E-23,4.80E-25,3.97E-24,1.01E-21,7.72E-20,5.90E-20,2.50E-21,3.81E-22,3.28E-21,6.61E-19,6.10E-17,3.10E-16,1.32E-17,1.83E-18,2.34E-17,5.29E-14,1.34E-12,2.74E-13,4.59E-15,9.43E-16,1.10E-10,2.38E-05,0.635911047,0.364043623,2.16E-05
Head 3,617,7.11E-23,1.60E-24,2.19E-29,7.68E-33,2.33E-33,4.36E-31,2.46E-26,8.19E-25,2.91E-26,9.45E-29,1.03E-29,5.91E-27,1.42E-24,5.01E-24,1.45E-23,4.78E-25,2.21E-25,1.34E-24,7.00E-23,6.60E-24,6.06E-27,4.10E-31,8.41E-32,1.57E-28,2.38E-23,8.60E-20,1.93E-20,2.58E-24,2.41E-27,1.12E-28,1.65E-26,2.16E-22,1.78E-21,6.69E-22,1.62E-23,1.44E-24,2.18E-25,2.96E-24,6.66E-26,5.21E-28,3.47E-29,5.65E-28,8.86E-25,1.59E-21,1.79E-20,5.43E-22,5.26E-24,5.08E-24,4.18E-21,4.27E-17,3.78E-15,4.61E-17,7.28E-22,2.71E-26,9.87E-28,6.37E-26,6.25E-23,2.18E-21,2.44E-22,1.19E-24,9.98E-28,1.83E-28,2.61E-28,4.06E-28,2.05E-28,3.73E-28,4.79E-26,2.70E-22,6.96E-19,2.84E-18,3.49E-21,1.17E-25,1.67E-28,8.28E-28,1.53E-24,1.05E-21,1.40E-21,4.16E-24,8.44E-27,3.87E-27,1.77E-24,7.38E-21,5.60E-19,1.60E-19,1.05E-21,2.11E-23,3.00E-23,1.37E-21,5.90E-20,3.55E-19,8.08E-19,5.70E-18,2.43E-16,2.18E-15,1.14E-16,9.35E-21,1.18E-25,1.24E-28,2.22E-27,7.21E-23,3.98E-18,2.68E-16,4.34E-18,1.53E-21,1.14E-23,2.09E-23,2.02E-21,7.57E-20,5.86E-20,3.20E-21,5.58E-22,7.17E-21,1.26E-19,8.25E-17,9.24E-17,3.63E-17,6.51E-18,1.67E-16,3.30E-14,6.94E-13,4.30E-13,7.46E-15,9.34E-14,1.57E-10,4.25E-05,0.264371961,0.735471785,0.000113816
Head 3,618,1.70E-22,2.71E-25,1.29E-29,1.96E-33,5.10E-34,3.60E-30,3.65E-26,1.10E-24,1.47E-26,1.86E-29,3.21E-29,8.42E-27,1.55E-24,3.94E-23,5.77E-24,2.09E-25,6.47E-26,2.94E-24,5.01E-23,4.52E-24,2.70E-28,8.85E-32,4.23E-32,1.71E-28,5.94E-23,1.72E-19,2.11E-20,6.53E-24,1.74E-28,1.49E-29,4.58E-27,3.35E-23,2.57E-21,5.78E-22,8.71E-24,5.27E-26,9.58E-26,7.56E-25,5.87E-26,4.75E-28,2.68E-29,3.59E-28,7.47E-25,1.40E-21,1.13E-20,2.43E-22,1.48E-24,1.72E-24,2.32E-21,4.10E-17,4.11E-15,2.77E-17,2.78E-22,8.13E-27,4.69E-28,9.45E-26,2.37E-22,9.00E-21,5.81E-22,1.33E-25,3.14E-28,3.37E-29,1.09E-28,2.40E-28,1.16E-28,1.79E-28,1.95E-26,1.33E-22,3.80E-19,1.13E-18,7.87E-22,1.44E-26,1.93E-29,1.49E-28,4.56E-25,3.89E-22,3.68E-22,7.46E-25,1.09E-27,7.41E-28,5.92E-25,3.01E-21,4.51E-19,7.39E-20,1.90E-22,2.10E-24,4.01E-24,3.26E-22,2.94E-20,2.38E-19,4.23E-19,2.55E-18,8.05E-17,9.91E-16,4.40E-17,3.74E-21,2.28E-26,3.64E-29,1.16E-27,1.11E-22,9.84E-18,5.24E-16,3.40E-18,6.73E-22,2.41E-24,6.26E-24,1.11E-21,5.88E-20,3.65E-20,9.51E-22,1.99E-22,6.81E-23,1.32E-19,1.04E-16,9.86E-16,7.74E-17,7.20E-18,1.48E-16,6.84E-15,6.48E-13,2.98E-13,2.28E-14,5.01E-14,1.54E-10,1.29E-05,0.210649595,0.78860414,0.000733359
Head 3,619,5.27E-22,5.40E-24,6.00E-29,5.04E-33,1.33E-32,5.58E-29,8.39E-25,9.74E-24,4.90E-26,6.48E-29,2.01E-28,4.36E-26,3.49E-24,9.15E-23,1.72E-23,4.60E-25,9.38E-26,3.99E-24,8.68E-23,9.55E-25,7.28E-28,9.02E-31,8.32E-31,5.91E-27,1.35E-21,1.86E-18,5.57E-19,2.93E-24,7.79E-29,2.81E-30,2.80E-26,1.62E-22,1.22E-20,1.65E-21,5.72E-24,6.49E-26,1.77E-24,4.97E-24,6.54E-25,7.47E-27,4.03E-28,4.32E-27,5.18E-24,5.24E-21,2.79E-20,3.78E-22,2.30E-24,2.59E-24,4.23E-21,6.31E-17,4.03E-15,2.27E-17,2.44E-22,1.44E-26,3.65E-27,3.09E-24,1.49E-20,4.73E-19,2.76E-21,5.93E-25,4.36E-28,7.34E-29,3.57E-28,1.04E-27,5.57E-28,5.76E-28,4.14E-26,1.63E-22,2.35E-19,4.16E-19,1.93E-22,4.16E-27,8.74E-30,1.11E-28,3.32E-25,2.40E-22,1.88E-22,2.78E-25,5.14E-28,5.77E-28,5.35E-25,5.40E-21,5.75E-19,3.21E-20,3.08E-23,2.83E-25,7.20E-25,1.47E-22,2.69E-20,2.70E-19,3.59E-19,1.07E-18,2.72E-17,2.45E-16,1.55E-17,1.19E-21,1.82E-26,7.08E-29,7.37E-27,1.06E-21,7.57E-17,1.58E-15,4.76E-18,3.83E-22,1.23E-24,5.27E-24,1.46E-21,9.06E-20,2.97E-20,8.71E-22,7.75E-24,1.11E-22,3.46E-18,1.27E-15,1.05E-14,6.19E-17,1.40E-17,2.54E-17,5.04E-15,3.27E-13,1.28E-13,1.05E-14,2.79E-14,2.62E-11,2.65E-06,0.087740511,0.911929429,0.000327422
Head 3,620,1.60E-20,6.48E-23,4.70E-28,1.85E-31,1.52E-31,1.00E-27,7.99E-24,6.95E-23,2.29E-26,7.56E-28,2.01E-27,1.16E-26,8.94E-24,2.79E-22,9.00E-23,1.78E-25,2.41E-25,1.26E-23,1.57E-23,2.87E-24,4.98E-27,9.53E-30,1.25E-29,6.35E-26,9.78E-21,1.99E-16,1.16E-18,5.32E-24,3.71E-29,1.20E-28,8.32E-26,5.85E-22,4.01E-20,1.60E-20,9.05E-24,2.58E-24,7.47E-24,2.47E-23,4.75E-24,7.47E-26,4.21E-27,3.29E-26,2.75E-23,2.20E-20,9.33E-20,1.44E-21,7.65E-24,9.28E-24,1.04E-20,1.09E-16,6.34E-15,3.79E-17,5.44E-22,6.81E-26,3.22E-26,3.57E-23,1.76E-19,1.11E-18,1.79E-20,2.37E-24,2.59E-27,4.73E-28,2.32E-27,7.21E-27,3.21E-27,2.97E-27,1.62E-25,3.74E-22,3.76E-19,5.24E-19,3.24E-22,1.03E-26,3.22E-29,2.93E-28,7.55E-25,5.45E-22,3.80E-22,7.43E-25,1.70E-27,1.42E-27,1.70E-24,1.69E-20,1.05E-18,4.07E-20,3.92E-23,3.59E-25,1.33E-24,3.31E-22,6.98E-20,6.36E-19,5.95E-19,1.70E-18,3.35E-17,3.50E-16,1.68E-17,2.25E-21,5.80E-26,4.50E-28,5.23E-26,6.42E-21,2.95E-16,5.05E-15,1.20E-17,7.67E-22,2.82E-24,1.16E-23,3.57E-21,1.38E-19,6.44E-20,2.06E-21,1.87E-23,1.48E-20,2.12E-18,5.97E-15,2.62E-15,1.66E-16,1.51E-17,3.37E-17,4.24E-15,2.28E-13,1.19E-13,1.04E-14,1.45E-14,1.36E-11,4.87E-06,0.218627393,0.78131175,5.61E-05
Head 3,621,3.86E-20,1.05E-22,3.66E-27,2.00E-31,2.83E-31,1.42E-27,9.85E-24,6.84E-25,3.13E-26,1.36E-27,1.08E-28,7.18E-27,5.18E-24,3.78E-22,2.99E-24,1.58E-25,2.66E-25,1.35E-24,1.83E-23,3.20E-24,5.89E-27,1.30E-29,1.44E-29,7.43E-26,1.08E-18,2.87E-16,1.25E-18,1.61E-24,4.88E-28,8.88E-29,9.18E-26,7.73E-22,5.17E-19,1.05E-20,3.24E-23,4.08E-24,9.18E-24,2.90E-23,5.76E-24,9.17E-26,4.64E-27,3.74E-26,3.41E-23,2.65E-20,1.31E-19,1.73E-21,1.11E-23,1.14E-23,1.21E-20,1.26E-16,6.30E-15,3.15E-17,5.51E-22,7.54E-26,3.65E-26,4.01E-23,1.53E-20,1.00E-18,1.39E-20,2.71E-24,3.37E-27,6.33E-28,2.96E-27,7.97E-27,3.79E-27,4.06E-27,2.10E-25,4.90E-22,4.51E-19,7.04E-19,4.63E-22,1.81E-26,4.06E-29,3.63E-28,1.05E-24,7.03E-22,6.23E-22,1.17E-24,1.87E-27,1.80E-27,2.61E-24,1.74E-20,8.60E-19,3.64E-20,3.44E-23,4.26E-25,1.71E-24,4.32E-22,8.88E-20,6.67E-19,7.50E-19,2.17E-18,4.94E-17,3.22E-16,1.66E-17,2.19E-21,6.82E-26,5.30E-28,6.25E-26,7.66E-21,3.99E-16,7.26E-15,1.28E-17,8.56E-22,2.75E-24,1.35E-23,2.83E-21,1.57E-19,4.28E-18,2.47E-21,6.10E-22,5.70E-22,3.61E-18,2.44E-15,3.61E-15,8.47E-16,1.66E-17,3.07E-17,1.16E-14,2.61E-13,1.49E-13,9.52E-15,1.79E-14,8.83E-11,3.30E-05,0.64187783,0.358025521,6.37E-05
Head 3,622,7.13E-20,1.12E-21,3.93E-27,3.37E-31,5.33E-31,2.02E-27,9.87E-26,6.72E-25,5.18E-26,9.27E-28,9.12E-29,5.15E-27,7.24E-24,5.68E-23,5.82E-24,2.54E-25,3.44E-25,3.32E-24,2.95E-23,4.93E-24,9.68E-27,1.63E-29,1.78E-29,1.20E-23,2.28E-18,4.94E-16,3.65E-19,1.43E-23,5.36E-28,1.25E-28,1.49E-25,4.11E-21,3.45E-19,4.45E-21,7.62E-23,7.17E-24,1.48E-23,4.38E-23,8.87E-24,1.22E-25,6.27E-27,5.47E-26,4.85E-23,4.49E-20,2.17E-19,3.92E-21,2.50E-23,2.58E-23,2.76E-20,2.28E-16,9.56E-15,5.88E-17,1.13E-21,1.58E-25,7.44E-26,1.29E-24,2.03E-20,1.19E-18,2.31E-20,5.76E-24,8.17E-27,1.40E-27,5.34E-27,1.32E-26,6.60E-27,6.47E-27,3.45E-25,8.24E-22,8.77E-19,1.53E-18,1.28E-21,4.19E-26,8.84E-29,7.52E-28,1.89E-24,1.45E-21,1.17E-21,1.87E-24,3.80E-27,4.69E-27,4.50E-24,2.22E-20,1.29E-18,5.36E-20,7.23E-23,1.01E-24,3.51E-24,8.95E-22,1.46E-19,1.32E-18,1.62E-18,5.62E-18,8.78E-17,6.62E-16,3.38E-17,4.94E-21,1.43E-25,1.01E-27,1.09E-25,1.39E-20,7.29E-16,1.13E-14,2.46E-17,1.72E-21,6.92E-24,2.30E-23,5.44E-21,1.31E-16,6.05E-18,3.43E-21,4.76E-23,1.08E-21,2.99E-17,4.08E-15,5.33E-14,1.14E-15,1.80E-17,1.89E-16,1.41E-14,3.49E-13,1.23E-13,1.34E-14,9.84E-14,3.60E-10,7.99E-05,0.331437826,0.66836679,0.000115477
Head 3,623,2.19E-19,3.75E-22,1.38E-27,2.34E-31,3.52E-31,4.06E-29,3.39E-26,4.23E-25,3.76E-25,3.39E-28,2.85E-29,2.22E-27,8.08E-24,6.41E-23,3.68E-24,1.82E-24,3.95E-25,2.33E-24,1.73E-23,3.10E-24,4.76E-27,9.07E-30,4.88E-28,1.39E-23,2.51E-18,1.69E-17,1.16E-18,7.51E-24,3.17E-28,1.03E-28,7.20E-26,2.62E-21,3.13E-20,5.65E-21,6.68E-23,5.59E-24,1.06E-23,3.45E-23,5.98E-24,8.19E-26,4.51E-27,3.61E-26,3.39E-23,2.87E-20,1.61E-19,2.85E-21,1.83E-23,2.22E-23,2.00E-20,1.44E-16,6.43E-15,3.81E-17,6.83E-22,1.06E-25,4.30E-28,7.67E-25,1.10E-20,7.98E-19,1.83E-20,5.04E-24,7.22E-27,1.16E-27,4.35E-27,1.11E-26,4.93E-27,4.83E-27,2.73E-25,6.94E-22,7.40E-19,1.35E-18,9.42E-22,2.99E-26,6.56E-29,6.03E-28,1.57E-24,1.02E-21,6.21E-22,1.21E-24,3.07E-27,2.97E-27,2.33E-24,1.56E-20,7.70E-19,4.19E-20,6.16E-23,6.17E-25,2.43E-24,4.93E-22,9.20E-20,8.73E-19,1.28E-18,3.32E-18,6.06E-17,4.25E-16,2.30E-17,3.01E-21,8.58E-26,6.20E-28,8.16E-26,9.50E-21,4.35E-16,7.18E-15,1.59E-17,1.40E-21,4.91E-24,2.02E-23,1.07E-18,8.12E-17,5.89E-20,2.70E-21,3.92E-23,3.17E-20,2.18E-17,7.22E-15,3.71E-14,5.67E-16,2.39E-17,1.14E-16,8.68E-15,8.67E-14,5.62E-14,2.20E-14,1.24E-13,3.65E-10,2.77E-05,0.355279714,0.644551754,0.000140777
Head 3,624,2.75E-20,2.65E-23,2.12E-28,3.90E-32,8.05E-33,5.02E-30,1.05E-26,1.57E-23,7.82E-26,4.51E-29,3.09E-30,7.86E-27,3.26E-24,1.25E-23,2.98E-23,5.05E-25,8.89E-26,4.22E-25,3.44E-24,4.90E-25,7.93E-28,1.46E-29,1.72E-28,7.33E-24,9.22E-21,8.49E-17,4.40E-19,1.89E-24,9.03E-29,5.62E-30,4.95E-26,4.02E-22,2.44E-20,3.00E-21,2.61E-23,1.77E-24,3.66E-24,1.03E-23,1.75E-24,2.48E-26,1.20E-27,9.75E-27,8.79E-24,7.51E-21,3.48E-20,4.90E-22,3.45E-24,4.01E-24,4.42E-21,4.08E-17,1.79E-15,7.30E-18,1.08E-22,1.62E-28,4.51E-29,8.70E-26,2.03E-21,1.98E-19,4.75E-21,1.35E-24,1.88E-27,3.39E-28,1.46E-27,3.53E-27,1.58E-27,1.75E-27,1.09E-25,2.93E-22,3.00E-19,3.75E-19,2.06E-22,5.87E-27,1.56E-29,1.57E-28,4.56E-25,2.14E-22,1.38E-22,2.32E-25,4.24E-28,3.68E-28,5.34E-25,3.69E-21,2.96E-19,1.73E-20,1.35E-23,1.42E-25,3.90E-25,8.63E-23,1.65E-20,1.88E-19,2.29E-19,7.08E-19,1.27E-17,1.00E-16,4.30E-18,4.75E-22,1.15E-26,1.06E-28,1.38E-26,2.01E-21,1.05E-16,1.65E-15,3.60E-18,2.69E-22,1.17E-24,7.84E-23,2.84E-19,3.73E-20,1.27E-18,1.06E-21,2.22E-22,7.84E-21,9.14E-19,2.43E-15,9.24E-15,7.46E-17,8.51E-18,4.21E-17,1.04E-15,1.69E-14,5.13E-14,1.33E-14,6.02E-14,1.05E-10,2.43E-05,0.334040612,0.665770173,0.000164955
Head 3,625,1.01E-21,2.56E-24,2.23E-29,6.40E-34,4.30E-34,5.84E-31,2.15E-25,2.92E-24,1.18E-26,5.02E-30,1.04E-29,2.60E-27,5.53E-25,2.51E-23,3.46E-24,7.61E-26,1.18E-26,6.12E-26,4.66E-25,6.74E-26,4.04E-28,2.23E-30,3.02E-29,5.11E-27,7.52E-20,2.64E-17,9.48E-20,3.73E-25,2.27E-30,2.51E-30,1.60E-26,8.27E-23,5.76E-21,6.48E-22,4.92E-24,3.29E-25,5.38E-25,1.36E-24,2.26E-25,2.69E-27,1.28E-28,1.17E-27,1.28E-24,1.19E-21,5.21E-21,7.29E-23,3.86E-25,4.60E-25,6.43E-22,7.59E-18,3.18E-16,1.29E-18,5.15E-25,1.26E-29,2.36E-30,5.70E-27,1.72E-22,1.96E-20,6.15E-22,1.84E-25,2.92E-28,5.51E-29,2.06E-28,4.79E-28,2.53E-28,3.22E-28,2.48E-26,8.48E-23,7.15E-20,8.45E-20,4.05E-23,1.15E-27,2.40E-30,2.72E-29,5.94E-26,4.04E-23,2.79E-23,3.69E-26,4.97E-29,5.36E-29,6.13E-26,8.10E-22,9.04E-20,3.43E-21,3.46E-24,2.35E-26,6.68E-26,1.39E-23,3.00E-21,2.90E-20,3.80E-20,1.21E-19,2.81E-18,2.08E-17,8.37E-19,6.73E-23,1.54E-27,9.94E-30,1.48E-27,2.53E-22,1.63E-17,3.33E-16,7.50E-19,5.70E-23,1.19E-25,9.37E-24,1.15E-22,5.37E-18,4.42E-19,1.68E-22,4.22E-23,2.42E-23,1.66E-19,3.97E-16,2.61E-16,1.33E-17,1.56E-18,2.77E-18,1.15E-16,2.95E-14,4.90E-14,5.97E-15,1.05E-14,3.81E-11,1.13E-05,0.212346166,0.787542462,1.00E-04
Head 3,626,9.76E-23,3.49E-25,5.30E-31,1.26E-34,1.43E-34,6.21E-30,1.05E-25,1.32E-24,4.64E-27,3.58E-30,6.10E-30,6.85E-28,6.27E-26,1.36E-24,4.13E-25,1.35E-26,2.83E-27,1.73E-26,1.35E-25,1.34E-25,1.25E-28,6.07E-31,6.73E-32,6.38E-26,3.21E-20,9.73E-18,4.38E-20,3.26E-26,3.12E-30,9.92E-30,6.27E-27,5.22E-23,3.88E-21,4.37E-22,3.19E-24,1.56E-25,1.73E-25,3.16E-25,3.70E-26,4.07E-28,2.27E-29,2.42E-28,2.71E-25,2.25E-22,8.02E-22,7.37E-24,3.76E-26,5.52E-26,9.41E-23,1.15E-18,5.09E-17,1.69E-20,4.12E-26,5.06E-31,6.76E-32,1.26E-28,3.41E-24,5.76E-22,3.14E-23,2.09E-26,6.03E-29,1.38E-29,5.84E-29,1.86E-28,1.20E-28,2.04E-28,2.12E-26,5.19E-23,3.80E-20,3.72E-20,1.74E-23,4.10E-28,1.03E-30,8.36E-30,2.61E-26,2.03E-23,1.23E-23,1.24E-26,1.51E-29,1.01E-29,1.86E-26,3.15E-22,2.84E-20,2.22E-21,1.88E-24,1.58E-26,3.40E-26,5.08E-24,5.98E-22,4.32E-21,5.62E-21,2.39E-20,6.08E-19,4.95E-18,1.61E-19,1.30E-23,2.20E-28,1.45E-30,1.80E-28,2.72E-23,2.14E-18,5.34E-17,1.51E-19,6.28E-25,1.22E-26,1.02E-25,1.02E-20,3.03E-18,2.58E-21,9.26E-23,5.82E-25,8.01E-24,3.96E-20,3.00E-17,4.84E-17,3.53E-18,2.70E-19,9.04E-19,1.35E-15,1.27E-13,8.33E-14,2.00E-15,5.14E-15,1.96E-11,6.20E-06,0.202514142,0.797459126,2.06E-05
Head 3,627,6.03E-24,5.59E-27,2.38E-31,5.49E-35,1.19E-34,6.46E-31,1.01E-26,1.45E-25,4.45E-29,1.64E-30,2.86E-30,1.19E-29,3.60E-27,1.69E-25,9.69E-26,4.72E-27,1.25E-27,8.33E-27,9.12E-25,6.44E-26,4.97E-29,4.77E-33,1.44E-31,7.34E-27,2.66E-21,1.53E-18,1.00E-21,2.53E-26,2.45E-29,2.08E-30,1.06E-27,6.07E-24,4.55E-22,7.64E-23,8.13E-25,4.25E-26,3.81E-26,4.20E-26,3.42E-27,3.44E-29,2.02E-30,2.51E-29,3.99E-26,4.89E-23,2.26E-22,3.40E-24,2.70E-26,3.70E-26,5.23E-23,6.45E-19,5.00E-18,1.53E-20,3.59E-26,2.98E-31,1.68E-32,1.02E-29,1.59E-25,3.21E-23,4.38E-24,7.56E-27,3.07E-29,6.58E-30,2.42E-29,5.29E-29,3.14E-29,7.02E-29,6.63E-27,2.29E-23,2.56E-20,5.03E-20,3.24E-23,9.36E-28,1.18E-30,6.46E-30,1.60E-26,1.13E-23,8.53E-24,1.27E-26,1.40E-29,1.08E-29,1.32E-26,1.05E-22,1.86E-20,1.72E-21,3.94E-24,4.38E-26,8.31E-26,5.79E-24,4.16E-22,2.76E-21,4.50E-21,2.49E-20,8.98E-19,8.01E-18,3.31E-19,2.29E-23,2.90E-28,7.61E-31,3.62E-29,4.13E-24,4.27E-19,2.60E-17,5.68E-21,5.82E-25,3.59E-26,7.23E-25,5.79E-21,1.52E-21,1.18E-21,5.12E-23,3.13E-25,3.32E-24,5.06E-20,4.63E-18,8.31E-18,3.58E-19,3.71E-20,8.08E-18,6.16E-15,5.41E-13,4.76E-14,1.35E-15,2.74E-15,7.88E-12,3.23E-06,0.261465698,0.738497615,3.34E-05
Head 3,628,2.64E-24,9.70E-26,4.66E-30,1.18E-33,6.60E-34,2.38E-30,1.18E-26,1.17E-27,1.26E-28,1.14E-29,1.57E-30,4.09E-29,2.17E-26,1.48E-24,9.56E-25,4.20E-26,1.18E-26,3.95E-25,5.88E-24,5.88E-25,4.03E-29,1.88E-31,8.81E-31,1.26E-26,2.92E-21,2.59E-20,1.93E-21,1.39E-24,5.26E-29,4.27E-30,1.20E-27,3.41E-24,2.14E-22,5.24E-23,1.03E-24,9.12E-26,9.09E-26,9.95E-26,8.19E-27,8.59E-29,5.21E-30,7.57E-29,1.47E-25,2.17E-22,2.11E-21,8.48E-23,8.37E-25,9.40E-25,7.67E-22,9.66E-19,5.90E-17,3.62E-19,2.09E-24,3.16E-29,1.21E-30,3.29E-28,2.27E-24,3.66E-22,6.25E-23,1.19E-25,4.71E-28,8.13E-29,1.53E-28,1.97E-28,9.58E-29,1.35E-28,1.22E-26,4.40E-23,1.01E-19,3.48E-19,5.08E-22,1.59E-26,1.59E-29,5.76E-29,6.61E-26,3.83E-23,5.28E-23,1.68E-25,4.18E-28,2.81E-28,1.03E-25,5.92E-22,5.05E-20,1.00E-20,4.21E-23,8.76E-25,1.36E-24,9.37E-23,6.73E-21,4.93E-20,8.77E-20,5.37E-19,1.77E-17,1.95E-16,1.03E-17,1.06E-21,1.11E-26,1.67E-29,4.28E-28,2.66E-23,3.06E-18,6.30E-17,2.02E-19,4.72E-22,2.54E-25,9.28E-24,1.05E-22,4.05E-21,1.53E-19,1.36E-22,1.34E-24,5.36E-22,1.24E-19,1.05E-17,6.33E-18,2.18E-19,8.44E-19,5.82E-17,8.77E-14,8.19E-13,8.14E-14,2.62E-15,4.19E-15,7.38E-12,3.18E-06,0.119061582,0.880918026,1.72E-05
Head 3,629,4.99E-21,3.21E-23,1.22E-27,7.17E-32,1.43E-31,4.00E-28,1.24E-26,7.43E-26,5.04E-27,1.19E-28,9.21E-30,7.05E-28,1.20E-24,1.25E-22,3.36E-23,6.96E-25,9.17E-26,4.90E-24,1.57E-22,2.31E-24,5.40E-27,2.00E-29,9.28E-29,2.33E-24,2.40E-21,1.78E-18,6.10E-19,3.90E-24,1.27E-28,3.26E-29,3.27E-26,2.07E-22,1.22E-20,1.73E-21,2.15E-23,1.91E-24,4.14E-24,1.06E-23,1.44E-24,1.34E-26,5.89E-28,6.83E-27,9.39E-24,1.31E-20,1.19E-19,2.19E-21,1.20E-23,1.04E-23,1.07E-21,7.26E-18,4.86E-16,2.93E-18,2.25E-23,6.55E-28,1.18E-28,1.57E-25,3.03E-21,3.92E-19,1.49E-20,5.79E-24,9.96E-27,1.54E-27,4.49E-27,8.88E-27,3.15E-27,2.92E-27,1.50E-25,5.77E-22,8.40E-19,2.17E-18,1.45E-21,2.58E-26,3.23E-29,1.62E-28,3.52E-25,3.93E-22,5.46E-22,1.44E-24,3.30E-27,2.04E-27,1.85E-24,9.26E-21,7.29E-19,4.77E-20,9.62E-23,9.43E-25,3.45E-24,7.57E-22,1.59E-19,1.47E-18,1.89E-18,5.96E-18,1.51E-16,1.41E-15,9.05E-17,9.00E-21,1.33E-25,4.22E-28,2.63E-26,4.81E-21,6.89E-16,7.21E-15,5.76E-17,2.90E-22,2.58E-24,7.48E-24,1.43E-21,3.57E-17,1.84E-18,1.09E-21,4.96E-22,1.43E-20,1.03E-17,5.27E-16,2.41E-16,6.41E-17,4.97E-17,1.41E-14,2.02E-12,9.99E-12,1.15E-12,4.15E-14,6.78E-14,1.65E-10,2.46E-05,0.731679499,0.268210471,8.55E-05
Head 3,630,1.31E-19,2.37E-21,1.07E-26,2.52E-30,3.60E-30,2.41E-28,1.36E-25,1.12E-24,1.17E-24,9.69E-28,9.24E-29,8.02E-27,1.70E-23,1.18E-21,3.53E-22,4.37E-25,6.23E-25,3.94E-23,6.43E-23,6.60E-23,1.11E-25,4.88E-28,3.76E-27,3.24E-25,2.48E-20,5.36E-16,3.59E-18,1.98E-23,1.22E-27,4.52E-28,4.52E-25,2.08E-21,1.08E-19,1.46E-20,1.71E-22,1.85E-23,4.27E-23,1.47E-22,2.47E-23,3.04E-25,1.72E-26,1.44E-25,1.35E-22,1.56E-19,9.89E-19,1.89E-20,1.27E-22,3.83E-23,8.42E-21,3.50E-17,2.00E-15,1.39E-17,1.39E-22,9.03E-27,2.67E-27,4.98E-24,9.31E-20,7.83E-18,2.23E-19,7.70E-23,1.26E-25,1.88E-26,5.62E-26,9.68E-26,3.86E-26,3.22E-26,1.90E-24,3.68E-21,3.94E-18,6.43E-18,4.28E-21,1.27E-25,1.77E-28,8.35E-28,1.99E-24,1.71E-21,2.10E-21,7.41E-24,1.70E-26,1.61E-26,1.09E-23,6.00E-20,3.43E-18,2.53E-19,2.42E-22,3.14E-24,1.05E-23,3.08E-21,6.53E-19,6.93E-18,8.36E-18,2.53E-17,4.20E-16,3.44E-15,1.79E-16,2.69E-20,6.91E-25,3.27E-27,3.91E-25,4.66E-19,5.87E-15,1.07E-13,3.74E-17,1.97E-21,2.21E-23,5.22E-23,1.86E-18,1.47E-16,6.30E-18,9.12E-21,2.64E-21,1.11E-19,3.60E-17,2.44E-15,1.06E-14,1.91E-15,9.31E-15,2.45E-13,7.12E-12,2.93E-11,3.75E-12,1.66E-13,3.29E-13,3.10E-10,5.92E-05,0.300581515,0.69920367,0.000155575
Head 3,631,5.98E-19,9.73E-22,1.21E-26,4.63E-30,7.44E-31,2.34E-28,2.15E-25,2.89E-22,2.05E-24,1.87E-27,1.71E-28,1.70E-26,2.42E-23,1.82E-21,1.29E-23,6.94E-25,1.25E-24,6.04E-24,9.79E-22,1.21E-22,2.08E-25,1.55E-27,1.99E-28,4.90E-25,6.37E-18,1.43E-15,5.26E-18,4.00E-23,3.55E-27,1.27E-27,8.41E-25,3.37E-21,1.62E-19,2.09E-20,2.92E-22,2.87E-23,7.19E-23,2.20E-22,4.08E-23,7.32E-25,4.41E-26,3.47E-25,3.13E-22,2.60E-19,1.46E-18,3.30E-20,4.52E-22,1.06E-22,1.88E-20,7.40E-17,3.27E-15,1.73E-17,2.46E-22,1.78E-26,6.29E-27,1.15E-23,1.62E-19,1.24E-17,3.72E-19,1.70E-22,3.03E-25,4.11E-26,8.69E-26,1.51E-25,6.35E-26,8.19E-26,3.68E-24,7.33E-21,4.65E-18,6.41E-18,5.59E-21,1.76E-25,2.64E-28,1.61E-27,2.67E-24,1.68E-21,2.25E-21,7.23E-24,2.25E-26,2.00E-26,1.67E-23,8.59E-20,6.29E-18,2.38E-19,3.35E-22,3.34E-24,1.33E-23,2.81E-21,5.63E-19,6.03E-18,8.97E-18,2.67E-17,4.27E-16,2.41E-15,1.22E-16,1.88E-20,5.00E-25,4.85E-27,1.00E-22,7.17E-19,4.65E-15,4.14E-14,4.16E-17,1.75E-20,4.13E-23,1.15E-21,2.16E-18,1.14E-16,2.42E-19,1.01E-20,3.72E-21,7.48E-20,3.37E-17,1.52E-14,4.35E-14,4.71E-14,6.29E-14,4.09E-13,8.76E-12,2.81E-11,3.48E-12,1.89E-13,2.47E-13,4.89E-10,5.47E-05,0.38286227,0.616824746,0.00025832
Head 3,632,2.68E-19,5.42E-22,1.80E-26,1.04E-30,5.80E-31,2.95E-28,4.52E-23,5.24E-22,2.72E-24,2.15E-27,2.33E-28,1.98E-26,3.03E-23,1.85E-22,1.64E-23,8.82E-25,1.13E-24,8.96E-23,1.27E-21,1.62E-22,3.46E-25,2.43E-28,1.79E-28,1.28E-22,1.80E-17,1.66E-15,5.46E-18,5.37E-23,5.00E-27,1.45E-27,1.05E-24,4.16E-21,1.79E-19,2.55E-20,3.23E-22,3.90E-23,9.33E-23,2.96E-22,6.50E-23,1.11E-24,6.37E-26,5.60E-25,4.68E-22,3.48E-19,1.85E-18,1.42E-19,5.53E-22,1.21E-22,2.52E-20,8.79E-17,3.15E-15,2.03E-17,2.78E-22,2.46E-26,1.10E-26,1.89E-23,2.49E-19,1.71E-17,6.11E-19,2.89E-22,5.01E-25,5.39E-26,1.15E-25,1.95E-25,1.01E-25,1.00E-25,5.55E-24,7.29E-21,4.13E-18,6.54E-18,4.72E-21,1.54E-25,3.07E-28,1.54E-27,2.62E-24,1.87E-21,2.16E-21,7.73E-24,2.21E-26,2.49E-26,2.26E-23,1.31E-19,4.78E-18,2.45E-19,2.60E-22,3.80E-24,1.27E-23,2.65E-21,5.16E-19,5.66E-18,9.03E-18,2.63E-17,3.62E-16,2.07E-15,9.97E-17,1.21E-20,5.56E-25,2.80E-23,1.11E-22,9.42E-20,8.08E-15,4.29E-14,3.08E-16,2.04E-20,3.55E-23,1.15E-21,1.59E-18,4.45E-19,2.28E-19,1.07E-20,2.51E-21,8.38E-20,2.43E-16,3.14E-14,2.59E-13,1.36E-13,7.21E-14,4.06E-13,6.88E-12,1.75E-11,2.64E-12,8.82E-14,2.23E-13,4.89E-10,3.52E-05,0.243573755,0.756222188,0.00016889
Head 3,633,9.88E-20,6.93E-22,2.64E-27,8.82E-31,6.01E-31,1.24E-26,1.08E-22,6.79E-22,2.92E-24,2.41E-27,2.32E-28,2.20E-26,5.66E-23,3.04E-22,2.23E-23,1.10E-23,2.51E-24,8.50E-23,1.44E-21,2.10E-22,9.84E-26,1.46E-28,1.15E-26,3.47E-22,2.34E-17,1.67E-15,6.24E-18,6.20E-23,4.73E-27,1.58E-27,1.20E-24,4.32E-21,2.07E-19,2.56E-20,3.91E-22,4.55E-23,1.11E-22,3.86E-22,7.73E-23,1.25E-24,8.08E-26,7.45E-25,6.06E-22,4.28E-19,4.01E-18,1.56E-19,6.39E-22,1.52E-22,2.97E-20,9.81E-17,3.85E-15,2.10E-17,2.99E-22,3.35E-26,1.42E-26,2.38E-23,3.00E-19,2.42E-17,8.71E-19,4.02E-22,5.91E-25,6.33E-26,1.37E-25,2.57E-25,1.08E-25,1.40E-25,5.57E-24,6.87E-21,4.87E-18,5.98E-18,4.51E-21,1.65E-25,2.64E-28,1.60E-27,2.92E-24,1.85E-21,2.35E-21,6.97E-24,2.44E-26,3.23E-26,3.05E-23,1.07E-19,5.36E-18,2.11E-19,3.27E-22,3.97E-24,1.23E-23,2.56E-21,4.83E-19,6.13E-18,9.24E-18,2.60E-17,3.60E-16,1.99E-15,6.64E-17,1.19E-20,3.16E-20,2.51E-23,7.98E-25,1.05E-18,8.77E-15,1.48E-13,3.58E-16,3.86E-21,3.79E-23,9.96E-22,1.26E-20,4.49E-19,2.11E-19,6.97E-21,2.63E-21,6.97E-19,2.98E-16,7.36E-14,4.34E-13,1.57E-13,7.91E-14,3.54E-13,3.52E-12,1.16E-11,8.28E-13,6.73E-14,2.53E-13,3.51E-10,3.14E-05,0.424499452,0.575329006,0.000140231
