Head,step,Key 0,Key 1,Key 2,Key 3,Key 4,Key 5,Key 6,Key 7,Key 8,Key 9,Key 10,Key 11,Key 12,Key 13,Key 14,Key 15,Key 16,Key 17,Key 18,Key 19,Key 20,Key 21,Key 22,Key 23,Key 24,Key 25,Key 26,Key 27,Key 28,Key 29,Key 30,Key 31,Key 32,Key 33,Key 34,Key 35,Key 36,Key 37,Key 38,Key 39,Key 40,Key 41,Key 42,Key 43,Key 44,Key 45,Key 46,Key 47,Key 48,Key 49,Key 50,Key 51,Key 52,Key 53,Key 54,Key 55,Key 56,Key 57,Key 58,Key 59,Key 60,Key 61,Key 62,Key 63,Key 64,Key 65,Key 66,Key 67,Key 68,Key 69,Key 70,Key 71,Key 72,Key 73,Key 74,Key 75,Key 76,Key 77,Key 78,Key 79,Key 80,Key 81,Key 82,Key 83,Key 84,Key 85,Key 86,Key 87,Key 88,Key 89,Key 90,Key 91,Key 92,Key 93,Key 94,Key 95,Key 96,Key 97,Key 98,Key 99,Key 100,Key 101,Key 102,Key 103,Key 104,Key 105,Key 106,Key 107,Key 108,Key 109,Key 110,Key 111,Key 112,Key 113,Key 114,Key 115,Key 116,Key 117,Key 118,Key 119,Key 120,Key 121,Key 122,Key 123,Key 124,Key 125,Key 126,Key 127
Head 0,0,1,0,0,0,0,0,0,0,0,0,0,0,0,0,0,0,0,0,0,0,0,0,0,0,0,0,0,0,0,0,0,0,0,0,0,0,0,0,0,0,0,0,0,0,0,0,0,0,0,0,0,0,0,0,0,0,0,0,0,0,0,0,0,0,0,0,0,0,0,0,0,0,0,0,0,0,0,0,0,0,0,0,0,0,0,0,0,0,0,0,0,0,0,0,0,0,0,0,0,0,0,0,0,0,0,0,0,0,0,0,0,0,0,0,0,0,0,0,0,0,0,0,0,0,0,0,0,0
Head 0,1,0.577966273,0.422033697,0,0,0,0,0,0,0,0,0,0,0,0,0,0,0,0,0,0,0,0,0,0,0,0,0,0,0,0,0,0,0,0,0,0,0,0,0,0,0,0,0,0,0,0,0,0,0,0,0,0,0,0,0,0,0,0,0,0,0,0,0,0,0,0,0,0,0,0,0,0,0,0,0,0,0,0,0,0,0,0,0,0,0,0,0,0,0,0,0,0,0,0,0,0,0,0,0,0,0,0,0,0,0,0,0,0,0,0,0,0,0,0,0,0,0,0,0,0,0,0,0,0,0,0,0,0
Head 0,2,0.498746753,0.314201415,0.187051833,0,0,0,0,0,0,0,0,0,0,0,0,0,0,0,0,0,0,0,0,0,0,0,0,0,0,0,0,0,0,0,0,0,0,0,0,0,0,0,0,0,0,0,0,0,0,0,0,0,0,0,0,0,0,0,0,0,0,0,0,0,0,0,0,0,0,0,0,0,0,0,0,0,0,0,0,0,0,0,0,0,0,0,0,0,0,0,0,0,0,0,0,0,0,0,0,0,0,0,0,0,0,0,0,0,0,0,0,0,0,0,0,0,0,0,0,0,0,0,0,0,0,0,0,0
Head 0,3,0.459830463,0.258106649,0.146673605,0.135389313,0,0,0,0,0,0,0,0,0,0,0,0,0,0,0,0,0,0,0,0,0,0,0,0,0,0,0,0,0,0,0,0,0,0,0,0,0,0,0,0,0,0,0,0,0,0,0,0,0,0,0,0,0,0,0,0,0,0,0,0,0,0,0,0,0,0,0,0,0,0,0,0,0,0,0,0,0,0,0,0,0,0,0,0,0,0,0,0,0,0,0,0,0,0,0,0,0,0,0,0,0,0,0,0,0,0,0,0,0,0,0,0,0,0,0,0,0,0,0,0,0,0,0,0
Head 0,4,0.440760791,0.234582037,0.124635249,0.10595943,0.09406247,0,0,0,0,0,0,0,0,0,0,0,0,0,0,0,0,0,0,0,0,0,0,0,0,0,0,0,0,0,0,0,0,0,0,0,0,0,0,0,0,0,0,0,0,0,0,0,0,0,0,0,0,0,0,0,0,0,0,0,0,0,0,0,0,0,0,0,0,0,0,0,0,0,0,0,0,0,0,0,0,0,0,0,0,0,0,0,0,0,0,0,0,0,0,0,0,0,0,0,0,0,0,0,0,0,0,0,0,0,0,0,0,0,0,0,0,0,0,0,0,0,0,0
Head 0,5,0.408743471,0.227077648,0.120537564,0.093119323,0.075924657,0.074597321,0,0,0,0,0,0,0,0,0,0,0,0,0,0,0,0,0,0,0,0,0,0,0,0,0,0,0,0,0,0,0,0,0,0,0,0,0,0,0,0,0,0,0,0,0,0,0,0,0,0,0,0,0,0,0,0,0,0,0,0,0,0,0,0,0,0,0,0,0,0,0,0,0,0,0,0,0,0,0,0,0,0,0,0,0,0,0,0,0,0,0,0,0,0,0,0,0,0,0,0,0,0,0,0,0,0,0,0,0,0,0,0,0,0,0,0,0,0,0,0,0,0
Head 0,6,0.366843373,0.216977835,0.124851577,0.094726287,0.071037672,0.063363723,0.062199522,0,0,0,0,0,0,0,0,0,0,0,0,0,0,0,0,0,0,0,0,0,0,0,0,0,0,0,0,0,0,0,0,0,0,0,0,0,0,0,0,0,0,0,0,0,0,0,0,0,0,0,0,0,0,0,0,0,0,0,0,0,0,0,0,0,0,0,0,0,0,0,0,0,0,0,0,0,0,0,0,0,0,0,0,0,0,0,0,0,0,0,0,0,0,0,0,0,0,0,0,0,0,0,0,0,0,0,0,0,0,0,0,0,0,0,0,0,0,0,0,0
Head 0,7,0.330117434,0.196477056,0.124853469,0.100928947,0.075182408,0.061313853,0.055038802,0.056088027,0,0,0,0,0,0,0,0,0,0,0,0,0,0,0,0,0,0,0,0,0,0,0,0,0,0,0,0,0,0,0,0,0,0,0,0,0,0,0,0,0,0,0,0,0,0,0,0,0,0,0,0,0,0,0,0,0,0,0,0,0,0,0,0,0,0,0,0,0,0,0,0,0,0,0,0,0,0,0,0,0,0,0,0,0,0,0,0,0,0,0,0,0,0,0,0,0,0,0,0,0,0,0,0,0,0,0,0,0,0,0,0,0,0,0,0,0,0,0,0
Head 0,8,0.308615357,0.174431384,0.115296207,0.101039,0.080497786,0.064700775,0.053916715,0.050881706,0.05062107,0,0,0,0,0,0,0,0,0,0,0,0,0,0,0,0,0,0,0,0,0,0,0,0,0,0,0,0,0,0,0,0,0,0,0,0,0,0,0,0,0,0,0,0,0,0,0,0,0,0,0,0,0,0,0,0,0,0,0,0,0,0,0,0,0,0,0,0,0,0,0,0,0,0,0,0,0,0,0,0,0,0,0,0,0,0,0,0,0,0,0,0,0,0,0,0,0,0,0,0,0,0,0,0,0,0,0,0,0,0,0,0,0,0,0,0,0,0,0
Head 0,9,0.296117276,0.158323094,0.100724518,0.091667265,0.080094114,0.069191247,0.057581767,0.05024761,0.045844585,0.050208539,0,0,0,0,0,0,0,0,0,0,0,0,0,0,0,0,0,0,0,0,0,0,0,0,0,0,0,0,0,0,0,0,0,0,0,0,0,0,0,0,0,0,0,0,0,0,0,0,0,0,0,0,0,0,0,0,0,0,0,0,0,0,0,0,0,0,0,0,0,0,0,0,0,0,0,0,0,0,0,0,0,0,0,0,0,0,0,0,0,0,0,0,0,0,0,0,0,0,0,0,0,0,0,0,0,0,0,0,0,0,0,0,0,0,0,0,0,0
Head 0,10,0.298247606,0.155796811,0.090420112,0.077215813,0.069099866,0.065303341,0.059102368,0.05182144,0.044114169,0.044540007,0.044338491,0,0,0,0,0,0,0,0,0,0,0,0,0,0,0,0,0,0,0,0,0,0,0,0,0,0,0,0,0,0,0,0,0,0,0,0,0,0,0,0,0,0,0,0,0,0,0,0,0,0,0,0,0,0,0,0,0,0,0,0,0,0,0,0,0,0,0,0,0,0,0,0,0,0,0,0,0,0,0,0,0,0,0,0,0,0,0,0,0,0,0,0,0,0,0,0,0,0,0,0,0,0,0,0,0,0,0,0,0,0,0,0,0,0,0,0,0
Head 0,11,0.296941429,0.163399026,0.091138855,0.069060989,0.057202086,0.054526798,0.053781915,0.051166203,0.043941017,0.041482199,0.03806046,0.039299004,0,0,0,0,0,0,0,0,0,0,0,0,0,0,0,0,0,0,0,0,0,0,0,0,0,0,0,0,0,0,0,0,0,0,0,0,0,0,0,0,0,0,0,0,0,0,0,0,0,0,0,0,0,0,0,0,0,0,0,0,0,0,0,0,0,0,0,0,0,0,0,0,0,0,0,0,0,0,0,0,0,0,0,0,0,0,0,0,0,0,0,0,0,0,0,0,0,0,0,0,0,0,0,0,0,0,0,0,0,0,0,0,0,0,0,0
Head 0,12,0.284537911,0.171199813,0.099713407,0.069711924,0.051209863,0.044793632,0.044784013,0.046862468,0.043882601,0.041646838,0.035592847,0.033891838,0.032172825,0,0,0,0,0,0,0,0,0,0,0,0,0,0,0,0,0,0,0,0,0,0,0,0,0,0,0,0,0,0,0,0,0,0,0,0,0,0,0,0,0,0,0,0,0,0,0,0,0,0,0,0,0,0,0,0,0,0,0,0,0,0,0,0,0,0,0,0,0,0,0,0,0,0,0,0,0,0,0,0,0,0,0,0,0,0,0,0,0,0,0,0,0,0,0,0,0,0,0,0,0,0,0,0,0,0,0,0,0,0,0,0,0,0,0
Head 0,13,0.259035051,0.167256221,0.109338596,0.078444578,0.053832702,0.041551583,0.038063776,0.040601999,0.041763399,0.043081738,0.03720421,0.032931261,0.028834889,0.028059987,0,0,0,0,0,0,0,0,0,0,0,0,0,0,0,0,0,0,0,0,0,0,0,0,0,0,0,0,0,0,0,0,0,0,0,0,0,0,0,0,0,0,0,0,0,0,0,0,0,0,0,0,0,0,0,0,0,0,0,0,0,0,0,0,0,0,0,0,0,0,0,0,0,0,0,0,0,0,0,0,0,0,0,0,0,0,0,0,0,0,0,0,0,0,0,0,0,0,0,0,0,0,0,0,0,0,0,0,0,0,0,0,0,0
Head 0,14,0.232855722,0.151943624,0.110296644,0.087991036,0.062658466,0.045140173,0.036595069,0.035990696,0.037735187,0.042537179,0.040023211,0.035352003,0.028730324,0.025839508,0.026311204,0,0,0,0,0,0,0,0,0,0,0,0,0,0,0,0,0,0,0,0,0,0,0,0,0,0,0,0,0,0,0,0,0,0,0,0,0,0,0,0,0,0,0,0,0,0,0,0,0,0,0,0,0,0,0,0,0,0,0,0,0,0,0,0,0,0,0,0,0,0,0,0,0,0,0,0,0,0,0,0,0,0,0,0,0,0,0,0,0,0,0,0,0,0,0,0,0,0,0,0,0,0,0,0,0,0,0,0,0,0,0,0,0
Head 0,15,0.215557769,0.1350573,0.100991353,0.088853858,0.070610836,0.052659422,0.040053833,0.034815397,0.033909682,0.039040368,0.0406968,0.0391628,0.031774893,0.026436271,0.024828635,0.025550729,0,0,0,0,0,0,0,0,0,0,0,0,0,0,0,0,0,0,0,0,0,0,0,0,0,0,0,0,0,0,0,0,0,0,0,0,0,0,0,0,0,0,0,0,0,0,0,0,0,0,0,0,0,0,0,0,0,0,0,0,0,0,0,0,0,0,0,0,0,0,0,0,0,0,0,0,0,0,0,0,0,0,0,0,0,0,0,0,0,0,0,0,0,0,0,0,0,0,0,0,0,0,0,0,0,0,0,0,0,0,0,0
Head 0,16,0.212612152,0.127268597,0.089852817,0.080554724,0.070522957,0.058639973,0.046582542,0.03755318,0.03234233,0.034203563,0.036380399,0.038938228,0.034523226,0.028862031,0.02522799,0.024034532,0.021900818,0,0,0,0,0,0,0,0,0,0,0,0,0,0,0,0,0,0,0,0,0,0,0,0,0,0,0,0,0,0,0,0,0,0,0,0,0,0,0,0,0,0,0,0,0,0,0,0,0,0,0,0,0,0,0,0,0,0,0,0,0,0,0,0,0,0,0,0,0,0,0,0,0,0,0,0,0,0,0,0,0,0,0,0,0,0,0,0,0,0,0,0,0,0,0,0,0,0,0,0,0,0,0,0,0,0,0,0,0,0,0
Head 0,17,0.214535251,0.128461584,0.084183596,0.070884928,0.062779546,0.057173833,0.050955933,0.042724449,0.034608535,0.032433853,0.031581897,0.034548059,0.033538289,0.030376749,0.026586134,0.023662847,0.020062359,0.020902129,0,0,0,0,0,0,0,0,0,0,0,0,0,0,0,0,0,0,0,0,0,0,0,0,0,0,0,0,0,0,0,0,0,0,0,0,0,0,0,0,0,0,0,0,0,0,0,0,0,0,0,0,0,0,0,0,0,0,0,0,0,0,0,0,0,0,0,0,0,0,0,0,0,0,0,0,0,0,0,0,0,0,0,0,0,0,0,0,0,0,0,0,0,0,0,0,0,0,0,0,0,0,0,0,0,0,0,0,0,0
Head 0,18,0.215139419,0.134388104,0.085794166,0.06640631,0.054715488,0.049825523,0.048610527,0.045547817,0.038635883,0.034210272,0.029624088,0.029938236,0.029540224,0.029122148,0.027265916,0.024031978,0.019108713,0.018776836,0.019318406,0,0,0,0,0,0,0,0,0,0,0,0,0,0,0,0,0,0,0,0,0,0,0,0,0,0,0,0,0,0,0,0,0,0,0,0,0,0,0,0,0,0,0,0,0,0,0,0,0,0,0,0,0,0,0,0,0,0,0,0,0,0,0,0,0,0,0,0,0,0,0,0,0,0,0,0,0,0,0,0,0,0,0,0,0,0,0,0,0,0,0,0,0,0,0,0,0,0,0,0,0,0,0,0,0,0,0,0,0
Head 0,19,0.205876827,0.134238765,0.089401446,0.068051808,0.051931325,0.043858882,0.042668398,0.043815915,0.041531038,0.038653314,0.031762097,0.028611835,0.026368206,0.02664526,0.027195103,0.025451135,0.020037076,0.018468495,0.017879345,0.017553769,0,0,0,0,0,0,0,0,0,0,0,0,0,0,0,0,0,0,0,0,0,0,0,0,0,0,0,0,0,0,0,0,0,0,0,0,0,0,0,0,0,0,0,0,0,0,0,0,0,0,0,0,0,0,0,0,0,0,0,0,0,0,0,0,0,0,0,0,0,0,0,0,0,0,0,0,0,0,0,0,0,0,0,0,0,0,0,0,0,0,0,0,0,0,0,0,0,0,0,0,0,0,0,0,0,0,0,0
Head 0,20,0.197164759,0.127158031,0.090569548,0.07309375,0.055106092,0.042714771,0.037986055,0.038601562,0.039714556,0.041536171,0.036318306,0.03071353,0.025369622,0.023903945,0.025034405,0.025447691,0.021399964,0.019704496,0.018008344,0.016581958,0.013872399,0,0,0,0,0,0,0,0,0,0,0,0,0,0,0,0,0,0,0,0,0,0,0,0,0,0,0,0,0,0,0,0,0,0,0,0,0,0,0,0,0,0,0,0,0,0,0,0,0,0,0,0,0,0,0,0,0,0,0,0,0,0,0,0,0,0,0,0,0,0,0,0,0,0,0,0,0,0,0,0,0,0,0,0,0,0,0,0,0,0,0,0,0,0,0,0,0,0,0,0,0,0,0,0,0,0,0
Head 0,21,0.110110871,0.083118878,0.073625751,0.072708942,0.064536043,0.054181088,0.045981579,0.042345736,0.041304495,0.043356963,0.041404087,0.037248854,0.030901818,0.028725814,0.030194007,0.03239331,0.030192245,0.028227372,0.025017835,0.022500189,0.019908244,0.042015877,0,0,0,0,0,0,0,0,0,0,0,0,0,0,0,0,0,0,0,0,0,0,0,0,0,0,0,0,0,0,0,0,0,0,0,0,0,0,0,0,0,0,0,0,0,0,0,0,0,0,0,0,0,0,0,0,0,0,0,0,0,0,0,0,0,0,0,0,0,0,0,0,0,0,0,0,0,0,0,0,0,0,0,0,0,0,0,0,0,0,0,0,0,0,0,0,0,0,0,0,0,0,0,0,0,0
Head 0,22,0.18160446,0.109239072,0.076122642,0.069029815,0.059997328,0.050163861,0.04141077,0.03600435,0.033602051,0.037341084,0.039856527,0.039276469,0.032314993,0.025711725,0.022241754,0.021183414,0.019012311,0.019376412,0.018273713,0.015838504,0.012003528,0.029969553,0.010425723,0,0,0,0,0,0,0,0,0,0,0,0,0,0,0,0,0,0,0,0,0,0,0,0,0,0,0,0,0,0,0,0,0,0,0,0,0,0,0,0,0,0,0,0,0,0,0,0,0,0,0,0,0,0,0,0,0,0,0,0,0,0,0,0,0,0,0,0,0,0,0,0,0,0,0,0,0,0,0,0,0,0,0,0,0,0,0,0,0,0,0,0,0,0,0,0,0,0,0,0,0,0,0,0,0
Head 0,23,0.169043332,0.104112692,0.068882048,0.059864566,0.053292327,0.049402181,0.0448565,0.039360389,0.033756979,0.033586688,0.034314744,0.036933653,0.034389611,0.029282764,0.024747005,0.022251677,0.019759228,0.021551482,0.022486784,0.020201614,0.014320934,0.037980378,0.011015628,0.014606802,0,0,0,0,0,0,0,0,0,0,0,0,0,0,0,0,0,0,0,0,0,0,0,0,0,0,0,0,0,0,0,0,0,0,0,0,0,0,0,0,0,0,0,0,0,0,0,0,0,0,0,0,0,0,0,0,0,0,0,0,0,0,0,0,0,0,0,0,0,0,0,0,0,0,0,0,0,0,0,0,0,0,0,0,0,0,0,0,0,0,0,0,0,0,0,0,0,0,0,0,0,0,0,0
Head 0,24,0.112490192,0.077876613,0.055860255,0.04641366,0.04152735,0.043337848,0.04792485,0.049972001,0.045447905,0.040802538,0.036771428,0.037228178,0.035800211,0.033625487,0.030009409,0.026882814,0.02409767,0.025899775,0.028059313,0.028057475,0.022616489,0.042580936,0.017809104,0.018415295,0.030493291,0,0,0,0,0,0,0,0,0,0,0,0,0,0,0,0,0,0,0,0,0,0,0,0,0,0,0,0,0,0,0,0,0,0,0,0,0,0,0,0,0,0,0,0,0,0,0,0,0,0,0,0,0,0,0,0,0,0,0,0,0,0,0,0,0,0,0,0,0,0,0,0,0,0,0,0,0,0,0,0,0,0,0,0,0,0,0,0,0,0,0,0,0,0,0,0,0,0,0,0,0,0,0
Head 0,25,0.14378114,0.102363333,0.07457222,0.060236078,0.046829678,0.041238952,0.040855497,0.042993587,0.040914021,0.03810012,0.032826867,0.031719554,0.03114284,0.032011386,0.031338956,0.027628761,0.021090506,0.019326335,0.019100675,0.018519558,0.014874178,0.030316623,0.011697581,0.013504499,0.02405737,0.008959761,0,0,0,0,0,0,0,0,0,0,0,0,0,0,0,0,0,0,0,0,0,0,0,0,0,0,0,0,0,0,0,0,0,0,0,0,0,0,0,0,0,0,0,0,0,0,0,0,0,0,0,0,0,0,0,0,0,0,0,0,0,0,0,0,0,0,0,0,0,0,0,0,0,0,0,0,0,0,0,0,0,0,0,0,0,0,0,0,0,0,0,0,0,0,0,0,0,0,0,0,0,0
Head 0,26,0.116847277,0.079777472,0.066921286,0.061315119,0.048883818,0.039894633,0.036337432,0.038653478,0.040435743,0.041917682,0.037191339,0.033366911,0.029729549,0.029634552,0.031239595,0.030654712,0.024942897,0.022526337,0.021429069,0.020732885,0.017921541,0.041649107,0.016797021,0.016879793,0.032668669,0.010007504,0.011644585,0,0,0,0,0,0,0,0,0,0,0,0,0,0,0,0,0,0,0,0,0,0,0,0,0,0,0,0,0,0,0,0,0,0,0,0,0,0,0,0,0,0,0,0,0,0,0,0,0,0,0,0,0,0,0,0,0,0,0,0,0,0,0,0,0,0,0,0,0,0,0,0,0,0,0,0,0,0,0,0,0,0,0,0,0,0,0,0,0,0,0,0,0,0,0,0,0,0,0,0,0
Head 0,27,0.10498073,0.064789049,0.057634626,0.059233617,0.051999744,0.043042339,0.036760747,0.036370683,0.037783965,0.041953828,0.040747438,0.037399765,0.031230493,0.028637853,0.029631423,0.031132784,0.027874541,0.026170639,0.023715267,0.02095286,0.017145775,0.042226255,0.01890645,0.020076511,0.03675887,0.011785331,0.011708782,0.009349632,0,0,0,0,0,0,0,0,0,0,0,0,0,0,0,0,0,0,0,0,0,0,0,0,0,0,0,0,0,0,0,0,0,0,0,0,0,0,0,0,0,0,0,0,0,0,0,0,0,0,0,0,0,0,0,0,0,0,0,0,0,0,0,0,0,0,0,0,0,0,0,0,0,0,0,0,0,0,0,0,0,0,0,0,0,0,0,0,0,0,0,0,0,0,0,0,0,0,0,0
Head 0,28,0.067940079,0.049528249,0.045666531,0.049581036,0.047463801,0.041917868,0.035389923,0.033211872,0.033888068,0.039191619,0.044909559,0.048343636,0.04238566,0.036160897,0.032637652,0.031910453,0.03007484,0.029279472,0.026623471,0.023925662,0.020290548,0.041809503,0.023781573,0.024100622,0.035756439,0.016586417,0.014385413,0.012200219,0.021058921,0,0,0,0,0,0,0,0,0,0,0,0,0,0,0,0,0,0,0,0,0,0,0,0,0,0,0,0,0,0,0,0,0,0,0,0,0,0,0,0,0,0,0,0,0,0,0,0,0,0,0,0,0,0,0,0,0,0,0,0,0,0,0,0,0,0,0,0,0,0,0,0,0,0,0,0,0,0,0,0,0,0,0,0,0,0,0,0,0,0,0,0,0,0,0,0,0,0,0
Head 0,29,0.056720309,0.041678432,0.037071194,0.041379821,0.044235688,0.045316461,0.042171411,0.038144257,0.034445714,0.035822723,0.040946353,0.049041953,0.048204102,0.04292025,0.03673796,0.033315122,0.030890927,0.031639997,0.030392148,0.027454138,0.021717513,0.038748048,0.021997686,0.022263475,0.028771317,0.016205508,0.014480723,0.011642911,0.017532574,0.018111287,0,0,0,0,0,0,0,0,0,0,0,0,0,0,0,0,0,0,0,0,0,0,0,0,0,0,0,0,0,0,0,0,0,0,0,0,0,0,0,0,0,0,0,0,0,0,0,0,0,0,0,0,0,0,0,0,0,0,0,0,0,0,0,0,0,0,0,0,0,0,0,0,0,0,0,0,0,0,0,0,0,0,0,0,0,0,0,0,0,0,0,0,0,0,0,0,0,0
Head 0,30,0.049515713,0.037984282,0.030891031,0.031454738,0.033409603,0.03852002,0.042677794,0.043248601,0.037884414,0.03447441,0.034722246,0.042056113,0.046782501,0.048019696,0.043315873,0.037265357,0.031955678,0.031927489,0.032036331,0.030782485,0.024875907,0.044395756,0.02334659,0.022173272,0.02775169,0.017349828,0.015907492,0.011963982,0.017309105,0.017581023,0.01842095,0,0,0,0,0,0,0,0,0,0,0,0,0,0,0,0,0,0,0,0,0,0,0,0,0,0,0,0,0,0,0,0,0,0,0,0,0,0,0,0,0,0,0,0,0,0,0,0,0,0,0,0,0,0,0,0,0,0,0,0,0,0,0,0,0,0,0,0,0,0,0,0,0,0,0,0,0,0,0,0,0,0,0,0,0,0,0,0,0,0,0,0,0,0,0,0,0
Head 0,31,0.044049185,0.037229132,0.030444631,0.027954249,0.026249167,0.029221451,0.035606902,0.043401536,0.04295855,0.038169634,0.033117212,0.035212707,0.038728889,0.044762298,0.046548154,0.042237982,0.034708399,0.032136209,0.031354386,0.03107346,0.026685916,0.048661843,0.024303978,0.021609992,0.028554292,0.018634247,0.01771966,0.013727478,0.018602563,0.018508237,0.018914662,0.018912965,0,0,0,0,0,0,0,0,0,0,0,0,0,0,0,0,0,0,0,0,0,0,0,0,0,0,0,0,0,0,0,0,0,0,0,0,0,0,0,0,0,0,0,0,0,0,0,0,0,0,0,0,0,0,0,0,0,0,0,0,0,0,0,0,0,0,0,0,0,0,0,0,0,0,0,0,0,0,0,0,0,0,0,0,0,0,0,0,0,0,0,0,0,0,0,0
Head 0,32,0.036259402,0.032452203,0.029383069,0.027351568,0.023585035,0.023444137,0.027360091,0.037049353,0.043647718,0.0439132,0.037393663,0.034577243,0.033382032,0.038254701,0.044629857,0.046217896,0.0403166,0.035967167,0.032768615,0.031293791,0.027869863,0.048609994,0.025550218,0.022591559,0.030493505,0.018792756,0.018096134,0.015448942,0.019337453,0.01892904,0.019002665,0.018486479,0.017544106,0,0,0,0,0,0,0,0,0,0,0,0,0,0,0,0,0,0,0,0,0,0,0,0,0,0,0,0,0,0,0,0,0,0,0,0,0,0,0,0,0,0,0,0,0,0,0,0,0,0,0,0,0,0,0,0,0,0,0,0,0,0,0,0,0,0,0,0,0,0,0,0,0,0,0,0,0,0,0,0,0,0,0,0,0,0,0,0,0,0,0,0,0,0,0
Head 0,33,0.048090331,0.024915563,0.02282943,0.023663256,0.021584217,0.019828331,0.020712471,0.02709079,0.03551377,0.04544282,0.047103908,0.044125501,0.037027165,0.034869459,0.037193201,0.039768729,0.036972139,0.036159508,0.034648892,0.03262642,0.028459854,0.049153846,0.031621471,0.028203512,0.035955675,0.019024944,0.016272256,0.013116188,0.017805299,0.018304456,0.020598955,0.021569075,0.021766027,0.007982473,0,0,0,0,0,0,0,0,0,0,0,0,0,0,0,0,0,0,0,0,0,0,0,0,0,0,0,0,0,0,0,0,0,0,0,0,0,0,0,0,0,0,0,0,0,0,0,0,0,0,0,0,0,0,0,0,0,0,0,0,0,0,0,0,0,0,0,0,0,0,0,0,0,0,0,0,0,0,0,0,0,0,0,0,0,0,0,0,0,0,0,0,0,0
Head 0,34,0.047922894,0.022983847,0.021284832,0.023626486,0.02362239,0.021534549,0.019794272,0.021141348,0.023941195,0.030491104,0.036370482,0.040602207,0.036723934,0.032899257,0.032050442,0.033019364,0.032034971,0.033862647,0.033777848,0.031049728,0.02574707,0.058707122,0.03152011,0.027719587,0.045742959,0.020536939,0.015711911,0.012972862,0.023528645,0.028060818,0.031883202,0.03197014,0.030440884,0.008315539,0.008408433,0,0,0,0,0,0,0,0,0,0,0,0,0,0,0,0,0,0,0,0,0,0,0,0,0,0,0,0,0,0,0,0,0,0,0,0,0,0,0,0,0,0,0,0,0,0,0,0,0,0,0,0,0,0,0,0,0,0,0,0,0,0,0,0,0,0,0,0,0,0,0,0,0,0,0,0,0,0,0,0,0,0,0,0,0,0,0,0,0,0,0,0,0
Head 0,35,0.051555153,0.022816408,0.019014476,0.019900465,0.020484783,0.020353302,0.020029422,0.021237185,0.022372326,0.026618918,0.032119825,0.039741348,0.039597962,0.03649278,0.033771284,0.032421701,0.03056467,0.033446249,0.03481558,0.032159023,0.025297606,0.060272701,0.031386271,0.028679362,0.046743739,0.02301457,0.016277974,0.011941554,0.021745853,0.02670747,0.031395372,0.03277595,0.031769235,0.008739876,0.007609017,0.006130558,0,0,0,0,0,0,0,0,0,0,0,0,0,0,0,0,0,0,0,0,0,0,0,0,0,0,0,0,0,0,0,0,0,0,0,0,0,0,0,0,0,0,0,0,0,0,0,0,0,0,0,0,0,0,0,0,0,0,0,0,0,0,0,0,0,0,0,0,0,0,0,0,0,0,0,0,0,0,0,0,0,0,0,0,0,0,0,0,0,0,0,0
Head 0,36,0.055370513,0.024526943,0.019043574,0.017766794,0.017213717,0.017615244,0.018991882,0.021538116,0.022170616,0.02384891,0.026280591,0.03322966,0.036604237,0.037626158,0.035979223,0.032805365,0.028844079,0.031102609,0.033819988,0.032943778,0.025981361,0.064893603,0.030272085,0.02703956,0.047552083,0.025403699,0.018422553,0.012697889,0.023195187,0.028088363,0.032520145,0.034581993,0.034811385,0.009743664,0.007365579,0.005590579,0.00451827,0,0,0,0,0,0,0,0,0,0,0,0,0,0,0,0,0,0,0,0,0,0,0,0,0,0,0,0,0,0,0,0,0,0,0,0,0,0,0,0,0,0,0,0,0,0,0,0,0,0,0,0,0,0,0,0,0,0,0,0,0,0,0,0,0,0,0,0,0,0,0,0,0,0,0,0,0,0,0,0,0,0,0,0,0,0,0,0,0,0,0
Head 0,37,0.054922286,0.025603045,0.020474594,0.017700031,0.015302029,0.014493532,0.015906962,0.019794002,0.021872636,0.023095679,0.023233254,0.027511854,0.030779714,0.034942456,0.036953483,0.0345231,0.029015318,0.029618366,0.031948995,0.032451469,0.026795032,0.067902841,0.029789424,0.02512409,0.048942156,0.0265423,0.020664597,0.014865599,0.026839452,0.031737145,0.034917489,0.03611102,0.03720811,0.011108886,0.007900571,0.005556569,0.004095759,0.003756112,0,0,0,0,0,0,0,0,0,0,0,0,0,0,0,0,0,0,0,0,0,0,0,0,0,0,0,0,0,0,0,0,0,0,0,0,0,0,0,0,0,0,0,0,0,0,0,0,0,0,0,0,0,0,0,0,0,0,0,0,0,0,0,0,0,0,0,0,0,0,0,0,0,0,0,0,0,0,0,0,0,0,0,0,0,0,0,0,0,0
Head 0,38,0.031252921,0.023067718,0.020891728,0.018859891,0.016209887,0.015511969,0.017530376,0.02327395,0.027673528,0.029584415,0.027940163,0.029517232,0.031014057,0.036421482,0.041148171,0.039027587,0.031900842,0.029349165,0.029748,0.031554323,0.030737706,0.073344819,0.033378705,0.024376355,0.045691352,0.021241847,0.018343681,0.015278065,0.028087309,0.030526742,0.029523846,0.026727382,0.025331995,0.010965867,0.008468349,0.006607012,0.005126298,0.004825374,0.009939853,0,0,0,0,0,0,0,0,0,0,0,0,0,0,0,0,0,0,0,0,0,0,0,0,0,0,0,0,0,0,0,0,0,0,0,0,0,0,0,0,0,0,0,0,0,0,0,0,0,0,0,0,0,0,0,0,0,0,0,0,0,0,0,0,0,0,0,0,0,0,0,0,0,0,0,0,0,0,0,0,0,0,0,0,0,0,0,0,0
Head 0,39,0.027318535,0.018195912,0.01743711,0.017243603,0.01509942,0.013438568,0.013622499,0.017370876,0.021919223,0.026111681,0.026550971,0.027692555,0.027561242,0.032370675,0.040270939,0.043719485,0.0386752,0.034563594,0.031563383,0.030797763,0.030026734,0.070136003,0.038789377,0.028486606,0.048902716,0.023923608,0.019749917,0.017835187,0.029496938,0.032228105,0.031274095,0.027036216,0.024154464,0.011116935,0.009330404,0.007386241,0.005420972,0.004651119,0.008749158,0.009781946,0,0,0,0,0,0,0,0,0,0,0,0,0,0,0,0,0,0,0,0,0,0,0,0,0,0,0,0,0,0,0,0,0,0,0,0,0,0,0,0,0,0,0,0,0,0,0,0,0,0,0,0,0,0,0,0,0,0,0,0,0,0,0,0,0,0,0,0,0,0,0,0,0,0,0,0,0,0,0,0,0,0,0,0,0,0,0,0
Head 0,40,0.03255415,0.013872209,0.013093897,0.014753886,0.014417636,0.012414578,0.010969711,0.011919427,0.013701966,0.016772572,0.018986458,0.021970237,0.021917291,0.024060432,0.02980548,0.036486361,0.038037136,0.040194806,0.038013134,0.034026414,0.027810711,0.061929636,0.037466753,0.031777337,0.05421422,0.028945161,0.021501519,0.019458657,0.03164921,0.041422192,0.045394611,0.04160849,0.037456874,0.012742501,0.009715815,0.007600585,0.005152815,0.003825559,0.008701602,0.009945054,0.003712898,0,0,0,0,0,0,0,0,0,0,0,0,0,0,0,0,0,0,0,0,0,0,0,0,0,0,0,0,0,0,0,0,0,0,0,0,0,0,0,0,0,0,0,0,0,0,0,0,0,0,0,0,0,0,0,0,0,0,0,0,0,0,0,0,0,0,0,0,0,0,0,0,0,0,0,0,0,0,0,0,0,0,0,0,0,0,0
Head 0,41,0.035808358,0.014831872,0.013178475,0.01455202,0.015219954,0.01420821,0.012941963,0.012971205,0.013296416,0.015230779,0.017866094,0.022506487,0.023085894,0.023105718,0.024488058,0.02705292,0.0288091,0.034552574,0.037057254,0.034221977,0.02615401,0.061565291,0.033209357,0.02814897,0.056823421,0.027617132,0.018688807,0.015542277,0.032446913,0.046025679,0.051837858,0.049868677,0.046671584,0.012715186,0.00831062,0.007679448,0.005979534,0.004729462,0.011399305,0.01271248,0.003494788,0.003393873,0,0,0,0,0,0,0,0,0,0,0,0,0,0,0,0,0,0,0,0,0,0,0,0,0,0,0,0,0,0,0,0,0,0,0,0,0,0,0,0,0,0,0,0,0,0,0,0,0,0,0,0,0,0,0,0,0,0,0,0,0,0,0,0,0,0,0,0,0,0,0,0,0,0,0,0,0,0,0,0,0,0,0,0,0,0
Head 0,42,0.034403004,0.018791832,0.014618229,0.013677063,0.01351053,0.013994593,0.014469581,0.014947104,0.014893109,0.016339555,0.019261846,0.025551669,0.028248351,0.029181758,0.029100932,0.029500276,0.03075764,0.037331458,0.041855115,0.039389558,0.029936284,0.067967564,0.032909185,0.024151741,0.054530099,0.029438891,0.019475086,0.01556112,0.029749136,0.035683781,0.03593602,0.03470818,0.033021986,0.010252903,0.006942703,0.007079664,0.00663323,0.006269672,0.011362029,0.012110058,0.004523096,0.004067276,0.00786704,0,0,0,0,0,0,0,0,0,0,0,0,0,0,0,0,0,0,0,0,0,0,0,0,0,0,0,0,0,0,0,0,0,0,0,0,0,0,0,0,0,0,0,0,0,0,0,0,0,0,0,0,0,0,0,0,0,0,0,0,0,0,0,0,0,0,0,0,0,0,0,0,0,0,0,0,0,0,0,0,0,0,0,0,0
Head 0,43,0.034705378,0.019150456,0.014102344,0.01174055,0.010432965,0.010703466,0.012141525,0.014066874,0.01449513,0.014875296,0.015642073,0.019710127,0.022898391,0.026150092,0.027649239,0.027623178,0.027628049,0.033960208,0.04164936,0.044495948,0.036408585,0.072172336,0.036100809,0.023606924,0.052266188,0.031802423,0.022783436,0.018936245,0.032523047,0.038329501,0.036351357,0.034680363,0.03437344,0.012062991,0.007861525,0.007078969,0.006314307,0.006290071,0.010665717,0.011830591,0.004705545,0.003860069,0.006974167,0.008200701,0,0,0,0,0,0,0,0,0,0,0,0,0,0,0,0,0,0,0,0,0,0,0,0,0,0,0,0,0,0,0,0,0,0,0,0,0,0,0,0,0,0,0,0,0,0,0,0,0,0,0,0,0,0,0,0,0,0,0,0,0,0,0,0,0,0,0,0,0,0,0,0,0,0,0,0,0,0,0,0,0,0,0,0
Head 0,44,0.0309508,0.01366858,0.010694065,0.009269972,0.007789995,0.007256398,0.00832728,0.011638019,0.014262224,0.01537118,0.014296731,0.015238615,0.015829295,0.018346684,0.021701463,0.023386739,0.022581376,0.026771406,0.033202179,0.038658772,0.035428964,0.062708639,0.041515749,0.031224249,0.053591523,0.03257535,0.02555407,0.021552021,0.0364138,0.048486419,0.050858472,0.04902349,0.049919836,0.020287806,0.012064515,0.008973693,0.006162386,0.005224347,0.010358357,0.012741934,0.004562766,0.003373002,0.006924179,0.008084043,0.003148606,0,0,0,0,0,0,0,0,0,0,0,0,0,0,0,0,0,0,0,0,0,0,0,0,0,0,0,0,0,0,0,0,0,0,0,0,0,0,0,0,0,0,0,0,0,0,0,0,0,0,0,0,0,0,0,0,0,0,0,0,0,0,0,0,0,0,0,0,0,0,0,0,0,0,0,0,0,0,0,0,0,0,0
Head 0,45,0.03166122,0.014462451,0.012410299,0.011621077,0.009794796,0.008228597,0.008328998,0.011101736,0.014491417,0.01726521,0.016857648,0.016727738,0.015552549,0.016956527,0.020825641,0.024052167,0.02359717,0.025633447,0.02775022,0.029135477,0.027058803,0.052206051,0.040282983,0.029988378,0.053080525,0.028677974,0.020664964,0.018690642,0.038107298,0.054463673,0.059458304,0.055381052,0.053646274,0.018565355,0.011200892,0.009010891,0.006016097,0.004742653,0.011772571,0.015698355,0.00584295,0.004118226,0.00896473,0.010111387,0.002873193,0.002921352,0,0,0,0,0,0,0,0,0,0,0,0,0,0,0,0,0,0,0,0,0,0,0,0,0,0,0,0,0,0,0,0,0,0,0,0,0,0,0,0,0,0,0,0,0,0,0,0,0,0,0,0,0,0,0,0,0,0,0,0,0,0,0,0,0,0,0,0,0,0,0,0,0,0,0,0,0,0,0,0,0,0
Head 0,46,0.030155994,0.017681219,0.01619532,0.016368708,0.014520429,0.011962848,0.01045748,0.011077919,0.012610745,0.015002309,0.016329193,0.01708569,0.016106583,0.017132701,0.020792324,0.025343824,0.027339574,0.02984512,0.030458543,0.030711442,0.029576045,0.058517501,0.048876468,0.028190302,0.053321205,0.026189227,0.015289642,0.015863622,0.037508637,0.054935578,0.053823493,0.04453114,0.038508475,0.012549352,0.009027727,0.008176548,0.006203888,0.004976675,0.0107412,0.013003876,0.006354495,0.00504206,0.008714285,0.00965473,0.003617531,0.003152501,0.006475854,0,0,0,0,0,0,0,0,0,0,0,0,0,0,0,0,0,0,0,0,0,0,0,0,0,0,0,0,0,0,0,0,0,0,0,0,0,0,0,0,0,0,0,0,0,0,0,0,0,0,0,0,0,0,0,0,0,0,0,0,0,0,0,0,0,0,0,0,0,0,0,0,0,0,0,0,0,0,0,0,0
Head 0,47,0.02855299,0.011375061,0.009320957,0.009430267,0.008937689,0.007813147,0.007079712,0.007690752,0.009004497,0.011910724,0.015269616,0.019256411,0.018779552,0.017800339,0.01792405,0.018943572,0.019522831,0.023824813,0.027771497,0.028630989,0.025164329,0.046388481,0.045617323,0.037852839,0.05466665,0.035219755,0.022212928,0.018029593,0.035878185,0.054201316,0.061889011,0.058597099,0.055569854,0.017907074,0.011578339,0.011637809,0.009203542,0.007144151,0.01355503,0.015945714,0.005604165,0.004240547,0.008518533,0.010360782,0.003301443,0.002582762,0.006222634,0.0020706,0,0,0,0,0,0,0,0,0,0,0,0,0,0,0,0,0,0,0,0,0,0,0,0,0,0,0,0,0,0,0,0,0,0,0,0,0,0,0,0,0,0,0,0,0,0,0,0,0,0,0,0,0,0,0,0,0,0,0,0,0,0,0,0,0,0,0,0,0,0,0,0,0,0,0,0,0,0,0,0
Head 0,48,0.033080399,0.013844884,0.010285916,0.009425796,0.008885607,0.008427094,0.008403154,0.009077769,0.009662308,0.011385992,0.013903908,0.018675085,0.02033167,0.020410243,0.019645754,0.018849324,0.018279124,0.022699188,0.028014429,0.029207941,0.024050521,0.043549493,0.039341625,0.031066038,0.047680791,0.03568013,0.022445189,0.016916491,0.034470595,0.052577302,0.061155535,0.061471555,0.061273817,0.016117539,0.009251791,0.009481282,0.008301049,0.007428683,0.016589606,0.020105887,0.005667685,0.003804761,0.009257304,0.012411586,0.004108143,0.002787258,0.006910951,0.001851267,0.001750513,0,0,0,0,0,0,0,0,0,0,0,0,0,0,0,0,0,0,0,0,0,0,0,0,0,0,0,0,0,0,0,0,0,0,0,0,0,0,0,0,0,0,0,0,0,0,0,0,0,0,0,0,0,0,0,0,0,0,0,0,0,0,0,0,0,0,0,0,0,0,0,0,0,0,0,0,0,0,0
Head 0,49,0.033794977,0.014934961,0.010926398,0.009166389,0.008033229,0.007563398,0.008059302,0.009277401,0.009832377,0.010701908,0.011880271,0.015760222,0.018808544,0.021731315,0.022567738,0.020790333,0.018213358,0.020920478,0.025826348,0.028343128,0.024538163,0.043109454,0.040555172,0.028054347,0.041547984,0.037352983,0.024464501,0.018572187,0.035463341,0.054467142,0.061927602,0.061438527,0.062594093,0.016073506,0.008575984,0.00820919,0.007200799,0.007111202,0.017565055,0.023058508,0.006186817,0.003512402,0.008992932,0.012439664,0.004445134,0.003130857,0.007469783,0.001898839,0.001528667,0.001383116,0,0,0,0,0,0,0,0,0,0,0,0,0,0,0,0,0,0,0,0,0,0,0,0,0,0,0,0,0,0,0,0,0,0,0,0,0,0,0,0,0,0,0,0,0,0,0,0,0,0,0,0,0,0,0,0,0,0,0,0,0,0,0,0,0,0,0,0,0,0,0,0,0,0,0,0,0,0
Head 0,50,0.026185477,0.018636994,0.016128251,0.013019525,0.010462435,0.009730711,0.011042269,0.013730419,0.015010683,0.014737954,0.01350324,0.013993413,0.014673307,0.016793437,0.018390315,0.018456876,0.017577449,0.019906569,0.024141613,0.028027494,0.027132239,0.048337575,0.040896878,0.024987429,0.043384179,0.040378716,0.023090141,0.020047393,0.037671592,0.057323292,0.055940982,0.051593747,0.052599829,0.016364565,0.008959479,0.008298871,0.00691378,0.006651056,0.015710941,0.019613391,0.006341001,0.003966372,0.008749111,0.010883071,0.005313314,0.004082691,0.007396708,0.003022881,0.002269228,0.002255493,0.005675529,0,0,0,0,0,0,0,0,0,0,0,0,0,0,0,0,0,0,0,0,0,0,0,0,0,0,0,0,0,0,0,0,0,0,0,0,0,0,0,0,0,0,0,0,0,0,0,0,0,0,0,0,0,0,0,0,0,0,0,0,0,0,0,0,0,0,0,0,0,0,0,0,0,0,0,0,0
Head 0,51,0.021072177,0.015342982,0.01502333,0.012856604,0.009924028,0.008255447,0.008639001,0.011014448,0.01346462,0.014791469,0.013865079,0.013168286,0.012413301,0.013830884,0.016140383,0.017631322,0.017316874,0.018694442,0.021086378,0.023710042,0.023949444,0.043545999,0.03775325,0.023868749,0.042232905,0.039836187,0.024922857,0.024931485,0.041425299,0.063656129,0.060988169,0.054011118,0.054676563,0.019250048,0.011246861,0.010626557,0.008265785,0.007331026,0.015665974,0.020331405,0.008158642,0.005358727,0.010248008,0.011664972,0.005419666,0.004391829,0.007362809,0.003608856,0.002586236,0.00228552,0.005472729,0.006685047,0,0,0,0,0,0,0,0,0,0,0,0,0,0,0,0,0,0,0,0,0,0,0,0,0,0,0,0,0,0,0,0,0,0,0,0,0,0,0,0,0,0,0,0,0,0,0,0,0,0,0,0,0,0,0,0,0,0,0,0,0,0,0,0,0,0,0,0,0,0,0,0,0,0,0,0
Head 0,52,0.016851397,0.012056502,0.013117922,0.012929758,0.010738808,0.008443788,0.007741623,0.008926182,0.011133073,0.013933973,0.015019907,0.014545017,0.012503449,0.012342961,0.013699678,0.015575401,0.016368827,0.018056825,0.019574607,0.02083436,0.020950409,0.039295338,0.034803562,0.023310788,0.041548435,0.034882568,0.022372466,0.025086988,0.042085927,0.068398371,0.066347227,0.056770064,0.055281475,0.019827118,0.012678154,0.013523918,0.010784774,0.00885321,0.016917035,0.0211583,0.009639049,0.00716777,0.01273744,0.013877391,0.005819258,0.004441756,0.007283265,0.004410787,0.003246285,0.002602002,0.005660088,0.006717068,0.007127647,0,0,0,0,0,0,0,0,0,0,0,0,0,0,0,0,0,0,0,0,0,0,0,0,0,0,0,0,0,0,0,0,0,0,0,0,0,0,0,0,0,0,0,0,0,0,0,0,0,0,0,0,0,0,0,0,0,0,0,0,0,0,0,0,0,0,0,0,0,0,0,0,0,0,0
Head 0,53,0.025802482,0.010708717,0.008661762,0.00823133,0.007395722,0.006121284,0.005354972,0.005353595,0.005859104,0.007508005,0.009229217,0.010974055,0.010791139,0.01126799,0.013216862,0.016172661,0.018517409,0.02372916,0.027308749,0.026039051,0.02132299,0.032111894,0.037171632,0.02433357,0.03532254,0.034438353,0.021292744,0.021597221,0.031866845,0.055959444,0.068575695,0.069071375,0.069863006,0.02466934,0.01466485,0.014472383,0.011516914,0.009524208,0.018479532,0.024550874,0.011399552,0.008415516,0.014493405,0.0181152,0.007041552,0.004248304,0.007549197,0.003578339,0.002781405,0.002080104,0.005277908,0.006252275,0.007294548,0.002424004,0,0,0,0,0,0,0,0,0,0,0,0,0,0,0,0,0,0,0,0,0,0,0,0,0,0,0,0,0,0,0,0,0,0,0,0,0,0,0,0,0,0,0,0,0,0,0,0,0,0,0,0,0,0,0,0,0,0,0,0,0,0,0,0,0,0,0,0,0,0,0,0,0,0
Head 0,54,0.029327337,0.012646882,0.009661177,0.008817595,0.008460999,0.007979331,0.007768512,0.007546093,0.007224493,0.008001727,0.009297109,0.011646719,0.012617854,0.013583084,0.01492038,0.016476549,0.018022582,0.023957033,0.029677877,0.029306995,0.023225045,0.03156697,0.040175654,0.024460757,0.031107131,0.036273152,0.019305877,0.01688033,0.025861951,0.048243161,0.061788622,0.065807685,0.069099799,0.022175087,0.011463433,0.011501767,0.009962005,0.009134262,0.021457504,0.028258746,0.009204711,0.006152414,0.01432167,0.019759294,0.007111754,0.003965798,0.008711079,0.003387252,0.002672968,0.002336098,0.006553304,0.008121374,0.009143286,0.002176289,0.001693475,0,0,0,0,0,0,0,0,0,0,0,0,0,0,0,0,0,0,0,0,0,0,0,0,0,0,0,0,0,0,0,0,0,0,0,0,0,0,0,0,0,0,0,0,0,0,0,0,0,0,0,0,0,0,0,0,0,0,0,0,0,0,0,0,0,0,0,0,0,0,0,0,0
Head 0,55,0.030911105,0.013378698,0.00996499,0.008272871,0.007394607,0.007014676,0.007452183,0.007883629,0.007598933,0.00783173,0.008289419,0.010031966,0.011336169,0.012986999,0.014405613,0.015029809,0.015489754,0.02086585,0.028369792,0.031457227,0.026495706,0.032538474,0.043121438,0.023074575,0.028625818,0.037312731,0.019854873,0.017150013,0.024937578,0.047717541,0.059229307,0.063431822,0.070521452,0.025496896,0.012079263,0.011281744,0.009552676,0.009244934,0.022232659,0.030592075,0.009114755,0.005483687,0.013814021,0.019966314,0.008030062,0.004680353,0.009858565,0.003357163,0.002377786,0.002167951,0.006493801,0.008712633,0.010137169,0.002321643,0.001525321,0.001501188,0,0,0,0,0,0,0,0,0,0,0,0,0,0,0,0,0,0,0,0,0,0,0,0,0,0,0,0,0,0,0,0,0,0,0,0,0,0,0,0,0,0,0,0,0,0,0,0,0,0,0,0,0,0,0,0,0,0,0,0,0,0,0,0,0,0,0,0,0,0,0,0
Head 0,56,0.013345074,0.00982216,0.009186964,0.008058549,0.007669799,0.008135846,0.010265117,0.012904748,0.01363893,0.01301644,0.012286839,0.013394181,0.015046085,0.018280504,0.02016307,0.018847633,0.016376358,0.016704731,0.018257154,0.019543437,0.018816222,0.04008368,0.029827666,0.018893631,0.03120604,0.031930916,0.019454107,0.018534938,0.03127664,0.056874149,0.062306937,0.058709789,0.059984546,0.021693338,0.008875505,0.009312279,0.008673703,0.00969026,0.026534988,0.037490238,0.011789419,0.006462196,0.014802709,0.018088413,0.006948329,0.005024631,0.010940302,0.004159337,0.002978623,0.003069482,0.007095791,0.009349249,0.009997414,0.003385301,0.002204173,0.002424392,0.006166977,0,0,0,0,0,0,0,0,0,0,0,0,0,0,0,0,0,0,0,0,0,0,0,0,0,0,0,0,0,0,0,0,0,0,0,0,0,0,0,0,0,0,0,0,0,0,0,0,0,0,0,0,0,0,0,0,0,0,0,0,0,0,0,0,0,0,0,0,0,0,0
Head 0,57,0.028136393,0.013092848,0.011255424,0.009140404,0.007117588,0.005684103,0.005703913,0.006691569,0.007502974,0.00818443,0.007910422,0.007859572,0.007945689,0.009501862,0.011968887,0.013348611,0.01302014,0.015388098,0.019526467,0.023537878,0.02424407,0.029613489,0.049474124,0.025218379,0.027702335,0.035286888,0.018643349,0.017562376,0.025572989,0.050304722,0.060571082,0.060820911,0.068165123,0.035569057,0.018218575,0.015340718,0.01087512,0.009374304,0.022418655,0.033998724,0.012208001,0.006899422,0.015093411,0.019930325,0.008376768,0.006186914,0.012240603,0.005149321,0.003083451,0.002302872,0.006114934,0.008228335,0.009974079,0.003030149,0.001746585,0.001474461,0.00494187,0.001526217,0,0,0,0,0,0,0,0,0,0,0,0,0,0,0,0,0,0,0,0,0,0,0,0,0,0,0,0,0,0,0,0,0,0,0,0,0,0,0,0,0,0,0,0,0,0,0,0,0,0,0,0,0,0,0,0,0,0,0,0,0,0,0,0,0,0,0,0,0,0
Head 0,58,0.025036186,0.011528972,0.011185601,0.010375256,0.008626852,0.006567518,0.005923457,0.006501226,0.007622137,0.009406872,0.010175246,0.009975388,0.009027935,0.009479597,0.011374439,0.013237276,0.013873254,0.016619006,0.020033371,0.022606611,0.022830147,0.025742695,0.051905259,0.027635824,0.027704883,0.037645161,0.018114157,0.01767803,0.023705019,0.048349768,0.057808686,0.056203227,0.061311293,0.032718789,0.01751668,0.016721118,0.011927272,0.009366324,0.021538222,0.032486808,0.012149075,0.007654018,0.018025486,0.023243519,0.007647342,0.005236414,0.012436518,0.005485619,0.003487993,0.002487081,0.007253562,0.009552609,0.011424295,0.003697215,0.00212562,0.001699863,0.005541221,0.00143866,0.001328328,0,0,0,0,0,0,0,0,0,0,0,0,0,0,0,0,0,0,0,0,0,0,0,0,0,0,0,0,0,0,0,0,0,0,0,0,0,0,0,0,0,0,0,0,0,0,0,0,0,0,0,0,0,0,0,0,0,0,0,0,0,0,0,0,0,0,0,0,0
Head 0,59,0.010166909,0.007011069,0.008134351,0.008533872,0.008117874,0.006817847,0.006391998,0.007188916,0.009263869,0.012883087,0.016611313,0.017765841,0.015469127,0.014508189,0.015444503,0.017422955,0.019405793,0.022285286,0.022769967,0.020716071,0.017719749,0.031555176,0.025418427,0.018127449,0.033683099,0.026012015,0.015162265,0.016928514,0.02744611,0.049920946,0.054341029,0.050814021,0.05273002,0.024954641,0.012451339,0.015917016,0.013244642,0.010535562,0.024317777,0.035550069,0.013535872,0.00970049,0.024492312,0.03007729,0.008850046,0.005201275,0.012266105,0.00552823,0.004091321,0.003380357,0.008892085,0.01070074,0.010891904,0.004765525,0.003123942,0.00300166,0.006972383,0.002795369,0.002387232,0.005607169,0,0,0,0,0,0,0,0,0,0,0,0,0,0,0,0,0,0,0,0,0,0,0,0,0,0,0,0,0,0,0,0,0,0,0,0,0,0,0,0,0,0,0,0,0,0,0,0,0,0,0,0,0,0,0,0,0,0,0,0,0,0,0,0,0,0,0,0
Head 0,60,0.009627428,0.006136168,0.006777959,0.007256518,0.007486696,0.006796906,0.006368466,0.006384404,0.007175396,0.009372156,0.013012876,0.016275326,0.015754104,0.01454825,0.013881887,0.014325289,0.01606133,0.020313645,0.022987109,0.021789482,0.017722961,0.031000599,0.023555858,0.017054964,0.031914346,0.024948303,0.014516125,0.014945951,0.025647236,0.046761762,0.050930995,0.048818201,0.051574051,0.023237752,0.011847572,0.01740641,0.017017635,0.01477806,0.028453823,0.039350286,0.013724249,0.009591931,0.026213268,0.035931803,0.012009378,0.006344051,0.01344466,0.006320295,0.004935888,0.004482718,0.010737734,0.012682376,0.012357114,0.00496072,0.003347913,0.003594244,0.007233717,0.003160596,0.00248045,0.005808761,0.006823859,0,0,0,0,0,0,0,0,0,0,0,0,0,0,0,0,0,0,0,0,0,0,0,0,0,0,0,0,0,0,0,0,0,0,0,0,0,0,0,0,0,0,0,0,0,0,0,0,0,0,0,0,0,0,0,0,0,0,0,0,0,0,0,0,0,0,0
Head 0,61,0.009088548,0.005814218,0.006175929,0.006352519,0.006735725,0.006615333,0.006704247,0.006559809,0.006552264,0.007406038,0.009805351,0.013519938,0.015360804,0.015599081,0.014184936,0.01275638,0.012908307,0.016414119,0.020567479,0.022076797,0.018888261,0.032628778,0.022928575,0.014817858,0.027790679,0.022479001,0.014215171,0.01408385,0.025643967,0.04606054,0.047490198,0.044464473,0.047466498,0.020085089,0.01005257,0.015634865,0.017959515,0.018899178,0.032744098,0.045702968,0.015052671,0.008881774,0.025996925,0.039724007,0.016044773,0.008436298,0.016167549,0.007493107,0.00534909,0.005266035,0.011907387,0.014854001,0.014834201,0.005553245,0.003455625,0.003990365,0.007063737,0.003794156,0.002744111,0.006074648,0.007243244,0.008839176,0,0,0,0,0,0,0,0,0,0,0,0,0,0,0,0,0,0,0,0,0,0,0,0,0,0,0,0,0,0,0,0,0,0,0,0,0,0,0,0,0,0,0,0,0,0,0,0,0,0,0,0,0,0,0,0,0,0,0,0,0,0,0,0,0,0
Head 0,62,0.01708406,0.008332932,0.007775014,0.007202158,0.006884182,0.006510997,0.007089459,0.007582657,0.00733154,0.007069507,0.007030721,0.007832498,0.008539889,0.009519182,0.009780669,0.008979416,0.00809644,0.009494273,0.012242662,0.015065285,0.015104195,0.019526238,0.032072514,0.018707527,0.019148927,0.038933113,0.021779669,0.020201134,0.022063322,0.046001557,0.05184539,0.050039597,0.056119211,0.0292878,0.012993554,0.016178381,0.016488701,0.018893145,0.029054709,0.046321314,0.021734986,0.011333073,0.022526147,0.032873273,0.01535142,0.009730431,0.017383356,0.008049455,0.005359201,0.005038356,0.011092477,0.015796011,0.018452249,0.00657446,0.003242034,0.003075805,0.006224813,0.00307618,0.002298135,0.005003914,0.005832523,0.007529482,0.002218586,0,0,0,0,0,0,0,0,0,0,0,0,0,0,0,0,0,0,0,0,0,0,0,0,0,0,0,0,0,0,0,0,0,0,0,0,0,0,0,0,0,0,0,0,0,0,0,0,0,0,0,0,0,0,0,0,0,0,0,0,0,0,0,0,0
Head 0,63,0.016210411,0.008733916,0.008619645,0.008059737,0.007267369,0.006372309,0.00685627,0.008213569,0.009262574,0.009687043,0.009238714,0.009071991,0.009195475,0.01071158,0.012642249,0.012884175,0.011551472,0.011935627,0.01317504,0.014864093,0.015121935,0.01725591,0.035209984,0.020183502,0.018216982,0.04066997,0.021764843,0.02203973,0.02109245,0.045606755,0.051694799,0.047964964,0.052137051,0.03208435,0.012785412,0.014140398,0.012039755,0.012337715,0.022864001,0.041430544,0.02232489,0.011294472,0.022289129,0.031203702,0.01200237,0.008165482,0.019067528,0.007556629,0.004662704,0.00381867,0.011208165,0.015914109,0.019178614,0.005879911,0.002814687,0.002535904,0.007178596,0.003170617,0.002499712,0.006002853,0.007261339,0.009378505,0.001985257,0.001411782,0,0,0,0,0,0,0,0,0,0,0,0,0,0,0,0,0,0,0,0,0,0,0,0,0,0,0,0,0,0,0,0,0,0,0,0,0,0,0,0,0,0,0,0,0,0,0,0,0,0,0,0,0,0,0,0,0,0,0,0,0,0,0,0
Head 0,64,0.007377754,0.004904809,0.005505131,0.005726659,0.005577826,0.005057706,0.005365959,0.006607707,0.00812051,0.008974898,0.009099896,0.009121148,0.00948165,0.012063854,0.016335417,0.018980892,0.018683674,0.018271584,0.017508732,0.017764531,0.01802903,0.030320561,0.032685388,0.019047499,0.028026426,0.022021549,0.013123361,0.014087222,0.026624046,0.046677548,0.049312849,0.042317282,0.040720638,0.020169437,0.010248044,0.012572156,0.011359558,0.011439417,0.025545679,0.046252064,0.025344821,0.011938457,0.026216676,0.035988986,0.011726699,0.007827785,0.02294194,0.011466136,0.006850358,0.005302568,0.012610776,0.014682442,0.014894322,0.004924296,0.002975747,0.002895536,0.007431939,0.003990815,0.003321191,0.006291185,0.008010126,0.010336734,0.003376843,0.002304707,0.005238885,0,0,0,0,0,0,0,0,0,0,0,0,0,0,0,0,0,0,0,0,0,0,0,0,0,0,0,0,0,0,0,0,0,0,0,0,0,0,0,0,0,0,0,0,0,0,0,0,0,0,0,0,0,0,0,0,0,0,0,0,0,0,0
Head 0,65,0.006804652,0.004072535,0.004452872,0.004865238,0.005077939,0.004738789,0.004863577,0.005679488,0.007014179,0.008340192,0.009215111,0.009164169,0.008585609,0.009558816,0.012268336,0.01541518,0.017525209,0.018918056,0.017802471,0.016290434,0.014936272,0.025975782,0.029142909,0.019488145,0.029295515,0.022836627,0.012179876,0.012733495,0.023835422,0.042440731,0.04785198,0.043362141,0.041540854,0.019119022,0.010011066,0.01334527,0.01232352,0.011662731,0.024830889,0.043898601,0.027644623,0.015363345,0.03029006,0.041835621,0.013319739,0.007484951,0.022702863,0.012999554,0.008965441,0.007443259,0.015958186,0.017462226,0.016161352,0.00566974,0.003705086,0.003635266,0.008702422,0.004194288,0.003373095,0.006097195,0.007779466,0.009903409,0.003636017,0.002349992,0.005472046,0.006387021,0,0,0,0,0,0,0,0,0,0,0,0,0,0,0,0,0,0,0,0,0,0,0,0,0,0,0,0,0,0,0,0,0,0,0,0,0,0,0,0,0,0,0,0,0,0,0,0,0,0,0,0,0,0,0,0,0,0,0,0,0,0
Head 0,66,0.0112786,0.005695643,0.005274386,0.005496779,0.005770466,0.005478919,0.005584469,0.006048341,0.006722577,0.008088794,0.009699002,0.010548448,0.009721964,0.009056553,0.009034544,0.009398552,0.009874343,0.011686406,0.012486505,0.011826277,0.009865188,0.012806933,0.021640627,0.015781904,0.016389471,0.028204544,0.014131413,0.014857541,0.015854936,0.038808201,0.049791008,0.049731396,0.053049404,0.033117957,0.012446223,0.016007185,0.014367619,0.01354702,0.022327021,0.038890917,0.027693158,0.018301303,0.028037785,0.043021992,0.021524437,0.011250391,0.021458337,0.011720777,0.008717573,0.007572797,0.016473841,0.020928523,0.022509027,0.009107979,0.005589769,0.005616031,0.010628107,0.004995574,0.003368763,0.006128742,0.007394346,0.009517166,0.003292518,0.002000117,0.004871113,0.005811071,0.002080704,0,0,0,0,0,0,0,0,0,0,0,0,0,0,0,0,0,0,0,0,0,0,0,0,0,0,0,0,0,0,0,0,0,0,0,0,0,0,0,0,0,0,0,0,0,0,0,0,0,0,0,0,0,0,0,0,0,0,0,0,0
Head 0,67,0.010219649,0.005770171,0.005232835,0.005279115,0.005557604,0.005656698,0.006238518,0.006909741,0.00726861,0.008042331,0.00943426,0.011369848,0.012076777,0.012097884,0.011523595,0.010729113,0.010542941,0.012926559,0.015446009,0.016045855,0.013223872,0.01286646,0.023380224,0.015957832,0.014196878,0.030535523,0.016122276,0.016024902,0.014975737,0.03662343,0.044671331,0.044538524,0.049453259,0.034230143,0.011525178,0.015075651,0.014348296,0.014551278,0.021489864,0.03698837,0.021893855,0.012263175,0.022884712,0.039710142,0.022567635,0.011392986,0.021686155,0.009702841,0.006737359,0.006319015,0.017837102,0.02467417,0.027526092,0.007548513,0.004160581,0.004398267,0.011115891,0.004640094,0.003075488,0.007507206,0.009153697,0.012013974,0.003871655,0.00212191,0.005750248,0.007046781,0.001857948,0.001395331,0,0,0,0,0,0,0,0,0,0,0,0,0,0,0,0,0,0,0,0,0,0,0,0,0,0,0,0,0,0,0,0,0,0,0,0,0,0,0,0,0,0,0,0,0,0,0,0,0,0,0,0,0,0,0,0,0,0,0,0
Head 0,68,0.006408304,0.003908854,0.003627357,0.003326741,0.003283436,0.003496569,0.004312785,0.005366004,0.006077079,0.006475877,0.007227875,0.00873568,0.009905751,0.010817314,0.010667729,0.010005623,0.010390393,0.013786795,0.018788537,0.022412932,0.020341231,0.023953987,0.027777512,0.016699553,0.023136891,0.028692657,0.017269479,0.015977485,0.023269458,0.038971804,0.038473055,0.036292974,0.038985796,0.015129625,0.007442907,0.010406393,0.01202237,0.014513132,0.025143327,0.040258002,0.019256786,0.009904571,0.024269138,0.043273054,0.023548257,0.010623449,0.024309617,0.010629027,0.0064947,0.007402957,0.023178007,0.032272805,0.031190783,0.007350214,0.00364384,0.003698069,0.009654575,0.003979799,0.002981995,0.007682625,0.009102937,0.010892334,0.004596397,0.002738568,0.005791844,0.007434725,0.00307877,0.002191967,0.005048906,0,0,0,0,0,0,0,0,0,0,0,0,0,0,0,0,0,0,0,0,0,0,0,0,0,0,0,0,0,0,0,0,0,0,0,0,0,0,0,0,0,0,0,0,0,0,0,0,0,0,0,0,0,0,0,0,0,0,0
Head 0,69,0.006110673,0.003946425,0.003896365,0.003421349,0.002996338,0.002808378,0.003302547,0.004366906,0.005407117,0.006020136,0.006534649,0.007451002,0.008422997,0.009838236,0.010353743,0.009539838,0.008991987,0.010662906,0.014069377,0.017999768,0.018615117,0.022718096,0.02755842,0.015010469,0.020620292,0.024841541,0.01654328,0.016938182,0.024919676,0.041913386,0.03930635,0.034529962,0.036527395,0.014950174,0.007897248,0.00994494,0.010580358,0.012607734,0.023367967,0.039250039,0.020305837,0.010106658,0.023431674,0.041012261,0.025707249,0.013699831,0.02787292,0.014232995,0.007285572,0.007260156,0.023363087,0.035017982,0.037360333,0.010212593,0.004707763,0.00439664,0.010531884,0.004667897,0.003717709,0.008973308,0.010662368,0.012495569,0.004907163,0.002949336,0.005605079,0.007193279,0.003356064,0.002288292,0.005461292,0.00643582,0,0,0,0,0,0,0,0,0,0,0,0,0,0,0,0,0,0,0,0,0,0,0,0,0,0,0,0,0,0,0,0,0,0,0,0,0,0,0,0,0,0,0,0,0,0,0,0,0,0,0,0,0,0,0,0,0,0
Head 0,70,0.00649693,0.004556352,0.005080431,0.0051667,0.004619125,0.003806503,0.00375654,0.004560952,0.005727448,0.007044206,0.008032662,0.00873501,0.009072265,0.010469413,0.012024358,0.011921215,0.010711852,0.010904802,0.011582226,0.012248917,0.011509402,0.01186312,0.019663624,0.012828771,0.011701009,0.01893785,0.012149972,0.01318981,0.013837532,0.031411089,0.036823407,0.034193419,0.038169604,0.035191532,0.014663451,0.017976139,0.014670892,0.013334331,0.01889764,0.036503479,0.026293496,0.012792058,0.021963071,0.037926491,0.0287231,0.018652564,0.026816621,0.021360086,0.011692687,0.00847753,0.019601641,0.028613439,0.035327855,0.012715987,0.006314581,0.005636077,0.012248897,0.006541521,0.005419312,0.010348944,0.013195132,0.016728513,0.005623795,0.002818993,0.005497192,0.006909044,0.003049373,0.001938413,0.00487973,0.005925783,0.001934101,0,0,0,0,0,0,0,0,0,0,0,0,0,0,0,0,0,0,0,0,0,0,0,0,0,0,0,0,0,0,0,0,0,0,0,0,0,0,0,0,0,0,0,0,0,0,0,0,0,0,0,0,0,0,0,0,0
Head 0,71,0.004914384,0.003219213,0.003667794,0.004299452,0.004478682,0.004027958,0.003911862,0.004501506,0.005591355,0.007259559,0.008897881,0.009917173,0.009825818,0.010614811,0.012279473,0.013373474,0.01346996,0.014384857,0.014541998,0.013923742,0.012353602,0.011219719,0.024189938,0.017631799,0.012341706,0.022396343,0.012653816,0.012968489,0.012137033,0.028248541,0.035775747,0.033858042,0.036107544,0.035906319,0.014591803,0.01989026,0.016783608,0.014486971,0.017871253,0.033941109,0.028232217,0.013763892,0.021040268,0.035670239,0.022520093,0.012419608,0.021824501,0.019619953,0.012104816,0.008964636,0.020033842,0.027952857,0.033341512,0.010661726,0.005869132,0.005316741,0.014511212,0.005326577,0.004026194,0.010121503,0.013382934,0.017835969,0.005091703,0.002365125,0.006463313,0.008288887,0.003494459,0.002019564,0.005570438,0.006951294,0.001684779,0.001075409,0,0,0,0,0,0,0,0,0,0,0,0,0,0,0,0,0,0,0,0,0,0,0,0,0,0,0,0,0,0,0,0,0,0,0,0,0,0,0,0,0,0,0,0,0,0,0,0,0,0,0,0,0,0,0,0
Head 0,72,0.004347072,0.002545902,0.002768005,0.003357826,0.003857139,0.003838833,0.003833561,0.004113927,0.004672573,0.005897365,0.007654693,0.009471603,0.00989847,0.01044611,0.011374824,0.012124461,0.012840531,0.01501481,0.016067181,0.015070592,0.01237822,0.011370394,0.023662735,0.018021017,0.012399364,0.024082249,0.012951081,0.01200019,0.010921927,0.025045749,0.032790132,0.032419417,0.034980558,0.032226846,0.012933017,0.019776396,0.018837512,0.017311562,0.018807566,0.03435218,0.027572943,0.01338217,0.020698003,0.03723995,0.024363369,0.011605415,0.019724919,0.019481711,0.013243927,0.011155632,0.022122778,0.031105736,0.035817444,0.011161431,0.006236499,0.006078275,0.015844176,0.005685343,0.003985418,0.010216815,0.013266172,0.017624613,0.005502013,0.002527125,0.006876178,0.008600526,0.003607107,0.00220502,0.005501762,0.00716315,0.001896436,0.001064706,0.000979624,0,0,0,0,0,0,0,0,0,0,0,0,0,0,0,0,0,0,0,0,0,0,0,0,0,0,0,0,0,0,0,0,0,0,0,0,0,0,0,0,0,0,0,0,0,0,0,0,0,0,0,0,0,0,0
Head 0,73,0.004054202,0.002172669,0.002185508,0.002541109,0.003041293,0.003389942,0.003789019,0.004164618,0.004428797,0.005093189,0.006327128,0.00832559,0.009572932,0.010684531,0.011396147,0.011461372,0.011864253,0.014566233,0.016959207,0.016757006,0.013544415,0.012124445,0.024126554,0.017758841,0.011842287,0.026010983,0.014209969,0.01200843,0.010157987,0.022356436,0.029243667,0.029862905,0.033148553,0.029679013,0.011193892,0.017638011,0.018694615,0.019697065,0.019611645,0.035972074,0.028232446,0.012376057,0.019066734,0.036353052,0.02634564,0.011673181,0.019110873,0.017984286,0.012386084,0.012050094,0.023008829,0.034340702,0.039878029,0.011698689,0.006171717,0.006338155,0.017115258,0.006328105,0.004202842,0.011291432,0.013988625,0.018231789,0.005829357,0.002835967,0.007892572,0.009800374,0.003654227,0.002157299,0.005469896,0.007383278,0.002151477,0.001091231,0.000933468,0.000971647,0,0,0,0,0,0,0,0,0,0,0,0,0,0,0,0,0,0,0,0,0,0,0,0,0,0,0,0,0,0,0,0,0,0,0,0,0,0,0,0,0,0,0,0,0,0,0,0,0,0,0,0,0,0
Head 0,74,0.003928549,0.002008965,0.001899162,0.002004473,0.00227195,0.002624723,0.003300898,0.004067393,0.00447463,0.00487191,0.005489511,0.006967365,0.008443933,0.010379604,0.011725955,0.011573877,0.011387547,0.013794069,0.016848234,0.01790479,0.015120534,0.013138071,0.024885105,0.017159272,0.011463167,0.027348543,0.016419085,0.01362801,0.010322304,0.020904154,0.026430693,0.027257655,0.031208765,0.028410848,0.010517752,0.015324151,0.016435675,0.019348342,0.019089466,0.037237298,0.031527761,0.012524018,0.017974466,0.034715813,0.028338233,0.012900516,0.019897968,0.017262328,0.010925305,0.011289879,0.021919288,0.035578307,0.043426417,0.013162362,0.006172568,0.006133651,0.017260015,0.006946504,0.0047737,0.012753357,0.015175326,0.019067936,0.005717588,0.00300886,0.008464028,0.010717552,0.003714487,0.002030592,0.005365921,0.007254629,0.002440755,0.001209451,0.000976888,0.000937497,0.000819659,0,0,0,0,0,0,0,0,0,0,0,0,0,0,0,0,0,0,0,0,0,0,0,0,0,0,0,0,0,0,0,0,0,0,0,0,0,0,0,0,0,0,0,0,0,0,0,0,0,0,0,0,0
Head 0,75,0.003868622,0.001875649,0.001767682,0.001758278,0.001819656,0.001971534,0.002538873,0.00348752,0.004288984,0.004882858,0.005198065,0.005994586,0.006988485,0.009021693,0.011168108,0.011601828,0.011251555,0.013080002,0.015794333,0.017460361,0.015827991,0.0134756,0.02598203,0.016814539,0.011483707,0.026799247,0.017560193,0.015568607,0.01087902,0.020630645,0.0251384,0.025361054,0.029221758,0.028106764,0.010911069,0.014310188,0.014238366,0.016855516,0.017093603,0.036021683,0.036447771,0.014174942,0.018030662,0.033710722,0.028853685,0.013905739,0.020734373,0.018207913,0.010274095,0.010023948,0.02005983,0.034565289,0.045054961,0.016240183,0.006978419,0.006230825,0.017461352,0.007275883,0.005429832,0.014374828,0.017229073,0.021200137,0.005661564,0.003060679,0.008725413,0.011247545,0.003970662,0.00204869,0.005653808,0.007375418,0.002679653,0.001379001,0.001118229,0.000996643,0.000798937,0.000720682,0,0,0,0,0,0,0,0,0,0,0,0,0,0,0,0,0,0,0,0,0,0,0,0,0,0,0,0,0,0,0,0,0,0,0,0,0,0,0,0,0,0,0,0,0,0,0,0,0,0,0,0
Head 0,76,0.003873172,0.001690038,0.001633392,0.001642155,0.001618351,0.001589961,0.001900235,0.002668538,0.003638005,0.004653538,0.005163725,0.005584491,0.005952806,0.007415261,0.009685919,0.010971474,0.011169366,0.012824588,0.014866291,0.016161555,0.015277867,0.012806538,0.027540736,0.017355138,0.01182174,0.025857439,0.016958218,0.016382046,0.010988591,0.020559859,0.024763934,0.024188502,0.027199535,0.027852574,0.011610731,0.014506653,0.013278982,0.014526381,0.014736532,0.03241552,0.040506456,0.016902948,0.018722028,0.033784401,0.028567623,0.013633121,0.020171905,0.020304909,0.010755496,0.009478915,0.01873683,0.032638725,0.0441924,0.020259207,0.00867478,0.007112169,0.018445661,0.007472475,0.005791893,0.01542385,0.019419769,0.024157429,0.005851457,0.003022391,0.008988458,0.011555914,0.004381572,0.002256916,0.006385086,0.00801825,0.002824679,0.001498334,0.001306166,0.001159085,0.000856472,0.000704824,0.000707017,0,0,0,0,0,0,0,0,0,0,0,0,0,0,0,0,0,0,0,0,0,0,0,0,0,0,0,0,0,0,0,0,0,0,0,0,0,0,0,0,0,0,0,0,0,0,0,0,0,0,0
Head 0,77,0.004019559,0.001512127,0.00144537,0.001508775,0.001513711,0.001412541,0.001524778,0.001990164,0.002767115,0.003942988,0.004937983,0.005515521,0.005547945,0.006310176,0.007989857,0.009537932,0.010546961,0.012742302,0.014617581,0.015234379,0.014155872,0.01183208,0.028485123,0.018328082,0.012337596,0.025701201,0.015617873,0.015604522,0.010490259,0.02005267,0.02453021,0.023720885,0.025835857,0.026603479,0.011703273,0.01495065,0.013427529,0.013538732,0.013238306,0.028482433,0.04001921,0.019030951,0.01927045,0.03499005,0.029626973,0.012829512,0.018650288,0.021966279,0.011914453,0.010055112,0.018826932,0.031929962,0.042720776,0.023412503,0.010766332,0.008971178,0.020258598,0.007941582,0.005852216,0.015719851,0.020782057,0.026549105,0.006325774,0.003047945,0.009486325,0.011845865,0.004688228,0.00257788,0.007275061,0.009031707,0.002906535,0.001499768,0.001423284,0.00136014,0.000997876,0.000761643,0.000693016,0.000740182,0,0,0,0,0,0,0,0,0,0,0,0,0,0,0,0,0,0,0,0,0,0,0,0,0,0,0,0,0,0,0,0,0,0,0,0,0,0,0,0,0,0,0,0,0,0,0,0,0,0
Head 0,78,0.00444158,0.001421967,0.0012611,0.001307058,0.001357486,0.001283478,0.001317655,0.001563266,0.00204204,0.002993095,0.004202498,0.00526774,0.005477629,0.005837601,0.00674967,0.007810094,0.009015727,0.011860019,0.014409396,0.01499794,0.013384561,0.011012187,0.028837815,0.01877719,0.012331193,0.026798291,0.014799234,0.014169194,0.009657048,0.019111374,0.023822609,0.023412663,0.025291495,0.02515929,0.010979095,0.014599354,0.013761177,0.013721202,0.012695618,0.025957884,0.035568319,0.018399974,0.018422719,0.035889618,0.033638112,0.012875133,0.017447544,0.022043241,0.0124894,0.011032857,0.019826708,0.03323609,0.043174833,0.024664385,0.012076787,0.011285482,0.022041516,0.009139987,0.006041717,0.01610535,0.021714075,0.028463233,0.007167913,0.00331583,0.010532246,0.012754709,0.004859996,0.002870267,0.008084278,0.01027855,0.003110957,0.001458097,0.001410857,0.001455665,0.001135693,0.000869256,0.000739635,0.000721294,0.000762189,0,0,0,0,0,0,0,0,0,0,0,0,0,0,0,0,0,0,0,0,0,0,0,0,0,0,0,0,0,0,0,0,0,0,0,0,0,0,0,0,0,0,0,0,0,0,0,0,0
Head 0,79,0.005086844,0.00152019,0.00121625,0.001164237,0.001203263,0.001180272,0.001228734,0.001365999,0.001603298,0.002179955,0.003137682,0.004433548,0.005240324,0.005842597,0.006399979,0.006809207,0.007538275,0.010243148,0.013365669,0.014695426,0.01311697,0.011039069,0.02867086,0.018349061,0.011902745,0.028069794,0.015177287,0.013599233,0.009527463,0.018836323,0.023399845,0.023347149,0.025320314,0.024094924,0.010312398,0.013300835,0.013297897,0.014171053,0.012893889,0.025027175,0.030629359,0.015874974,0.016258141,0.034124207,0.039325427,0.014987312,0.017677415,0.022547502,0.012760177,0.012073531,0.020559391,0.034836423,0.044656053,0.023835396,0.011848017,0.012880808,0.022653867,0.011376203,0.006863884,0.016820287,0.022168413,0.029181631,0.007825579,0.003782793,0.011878523,0.013961097,0.004659933,0.002808451,0.008243518,0.010906831,0.003381915,0.001497053,0.00140542,0.001480334,0.001233555,0.000998199,0.000849101,0.000768998,0.000740305,0.000730856,0,0,0,0,0,0,0,0,0,0,0,0,0,0,0,0,0,0,0,0,0,0,0,0,0,0,0,0,0,0,0,0,0,0,0,0,0,0,0,0,0,0,0,0,0,0,0,0
Head 0,80,0.004621011,0.001940433,0.001851011,0.001804711,0.002014173,0.002094051,0.002182707,0.002062162,0.001864243,0.001792104,0.002049667,0.002721245,0.003496169,0.004198126,0.004538785,0.00444491,0.004551754,0.005736585,0.007428437,0.008707134,0.008837012,0.011619799,0.019222647,0.009880515,0.010396336,0.01675736,0.008405864,0.008580754,0.011415111,0.025937127,0.030695826,0.028934836,0.030447125,0.019875139,0.008656207,0.011689447,0.013234814,0.015674762,0.023298454,0.036266699,0.019000504,0.010436715,0.019942792,0.032967605,0.019562081,0.011374344,0.022208136,0.017992072,0.012357217,0.014037315,0.024428321,0.03773595,0.043555282,0.018811168,0.009820963,0.013935564,0.030758141,0.017816238,0.008867421,0.023541372,0.030411946,0.038548402,0.010589592,0.00552146,0.01686831,0.01663179,0.0041457,0.002284354,0.007205289,0.009097024,0.00309037,0.001797479,0.002030513,0.002390844,0.002413477,0.002235868,0.002033407,0.001879673,0.001878722,0.001995863,0.007875505,0,0,0,0,0,0,0,0,0,0,0,0,0,0,0,0,0,0,0,0,0,0,0,0,0,0,0,0,0,0,0,0,0,0,0,0,0,0,0,0,0,0,0,0,0,0,0
Head 0,81,0.005390226,0.002343342,0.002127131,0.001833735,0.001826936,0.00186514,0.002129058,0.002312677,0.002228939,0.001977093,0.001906119,0.002227862,0.002851072,0.003782634,0.004513472,0.004465622,0.00422634,0.004795387,0.005886813,0.007041288,0.007530619,0.010339377,0.017379694,0.008752584,0.009382595,0.016261695,0.008170995,0.008018256,0.01064779,0.02346837,0.027788116,0.026566032,0.028967883,0.020741757,0.008337229,0.010053431,0.010465472,0.012811809,0.021257618,0.037105843,0.020936983,0.010070203,0.017868435,0.028887184,0.01814981,0.011873905,0.023469439,0.016937738,0.011035459,0.012652605,0.022747599,0.035879783,0.041681845,0.018033719,0.008828887,0.012629244,0.029456655,0.023483878,0.012898101,0.02727394,0.034338009,0.042416997,0.011533223,0.00651086,0.020314638,0.021981135,0.006136823,0.002913279,0.00791446,0.009269646,0.003390382,0.002075905,0.002225442,0.002467517,0.002479947,0.002434188,0.002416857,0.002330547,0.002205175,0.00209414,0.008454194,0.009523243,0,0,0,0,0,0,0,0,0,0,0,0,0,0,0,0,0,0,0,0,0,0,0,0,0,0,0,0,0,0,0,0,0,0,0,0,0,0,0,0,0,0,0,0,0,0
Head 0,82,0.008066094,0.002702819,0.002191177,0.001763282,0.001446535,0.001201623,0.001187211,0.001364817,0.001559518,0.001739651,0.001901852,0.002320396,0.002988087,0.004361789,0.006144287,0.006954989,0.006681163,0.007092147,0.007896891,0.008810152,0.008967373,0.008928122,0.023591647,0.013277018,0.009559315,0.024973426,0.013734408,0.012836259,0.010342045,0.020160655,0.024108354,0.022715695,0.024180029,0.022110306,0.009503578,0.00927781,0.007622608,0.007940698,0.009766914,0.020338973,0.02300868,0.010441232,0.011176495,0.022158394,0.02923933,0.01643303,0.01797612,0.029173831,0.014566307,0.012833139,0.019342978,0.034392651,0.04592628,0.025493497,0.011082916,0.012903575,0.022296144,0.023591174,0.017193342,0.022140982,0.029024892,0.036748242,0.012880807,0.006808237,0.01606811,0.02024959,0.009158373,0.0045698,0.009484988,0.011715678,0.006183246,0.003344369,0.003106779,0.002828914,0.002096882,0.001650196,0.001519617,0.001507268,0.001420457,0.001178435,0.005598312,0.00701951,0.002157479,0,0,0,0,0,0,0,0,0,0,0,0,0,0,0,0,0,0,0,0,0,0,0,0,0,0,0,0,0,0,0,0,0,0,0,0,0,0,0,0,0,0,0,0,0
Head 0,83,0.007153552,0.002345337,0.002120945,0.001860053,0.001532558,0.00115711,0.00100309,0.001073679,0.00127879,0.001581215,0.001826818,0.002079805,0.002305586,0.002962629,0.004223152,0.005591977,0.006497637,0.007856852,0.009048386,0.009827009,0.009749815,0.008083379,0.024163878,0.01509472,0.010285176,0.027306866,0.014957412,0.015190097,0.010441661,0.019992486,0.023878627,0.022866754,0.024609014,0.02786942,0.013742927,0.013871687,0.010551983,0.009196374,0.008715289,0.016887184,0.023123497,0.012516602,0.011997587,0.022472227,0.029103592,0.015214794,0.015393737,0.03198861,0.017058704,0.014366594,0.0192453,0.033407234,0.043387581,0.02813885,0.011406709,0.01132102,0.020024462,0.016529145,0.012684758,0.01984882,0.028484652,0.037198704,0.011973364,0.005449011,0.014817255,0.019030696,0.00759666,0.004105036,0.011141091,0.013201012,0.004581959,0.002357493,0.002367391,0.002313034,0.001782462,0.001420971,0.001322809,0.001386377,0.001430902,0.001218743,0.006207648,0.007811861,0.001726571,0.001063538,0,0,0,0,0,0,0,0,0,0,0,0,0,0,0,0,0,0,0,0,0,0,0,0,0,0,0,0,0,0,0,0,0,0,0,0,0,0,0,0,0,0,0,0
Head 0,84,0.006719402,0.002073832,0.001928827,0.001830031,0.001653089,0.001289719,0.001057176,0.000999024,0.001075775,0.001289213,0.001547425,0.001828368,0.001967787,0.00231039,0.003072128,0.004165401,0.005339312,0.007161428,0.008580894,0.009063553,0.008486283,0.007097082,0.021557184,0.014168552,0.009934871,0.027387647,0.013701902,0.013920741,0.009894688,0.020560442,0.025260614,0.024527175,0.026278621,0.028106727,0.013437893,0.015170053,0.012208923,0.010261982,0.00856413,0.015373985,0.020014174,0.011598188,0.011506133,0.02188478,0.026665995,0.012620988,0.01300003,0.030881111,0.018769553,0.01737755,0.020695044,0.035750888,0.044715449,0.029879134,0.012182155,0.01262245,0.021125345,0.016818831,0.011914531,0.018818501,0.028246885,0.038256999,0.015049827,0.006206522,0.01562264,0.019696513,0.007900562,0.00449651,0.01195444,0.014417306,0.004520693,0.002189579,0.002268068,0.002386382,0.001948693,0.001550499,0.001356912,0.001338495,0.001405821,0.001303848,0.006119445,0.008064042,0.001924539,0.001024532,0.001057114,0,0,0,0,0,0,0,0,0,0,0,0,0,0,0,0,0,0,0,0,0,0,0,0,0,0,0,0,0,0,0,0,0,0,0,0,0,0,0,0,0,0,0
Head 0,85,0.004081881,0.001839282,0.002019567,0.002126361,0.0021751,0.00187143,0.001619955,0.001499915,0.001625043,0.001937981,0.002457111,0.002844253,0.0026982,0.002366457,0.002227069,0.002428659,0.003012579,0.004195734,0.005303083,0.005615624,0.005105577,0.005304251,0.010180003,0.006486224,0.007662797,0.013949501,0.006709833,0.007416354,0.008313934,0.018354762,0.020114193,0.018978223,0.021328026,0.015233929,0.007614276,0.012863489,0.014019918,0.013336696,0.014388341,0.023587799,0.01738989,0.011891941,0.021085283,0.035491709,0.020660376,0.009738189,0.017493675,0.014749327,0.011479385,0.012636534,0.027466396,0.039666455,0.041215189,0.020352926,0.010540714,0.012677798,0.024153044,0.015546634,0.01067654,0.02608007,0.041784033,0.056400791,0.020855626,0.007136935,0.022747379,0.028145619,0.009807973,0.006076849,0.019011291,0.02119422,0.005337624,0.00223175,0.002129411,0.002255013,0.002176651,0.002083429,0.002093893,0.00224403,0.002597593,0.002752334,0.00789517,0.010096114,0.003973424,0.002043528,0.002470148,0.008573664,0,0,0,0,0,0,0,0,0,0,0,0,0,0,0,0,0,0,0,0,0,0,0,0,0,0,0,0,0,0,0,0,0,0,0,0,0,0,0,0,0,0
Head 0,86,0.004134104,0.001921175,0.00195154,0.001991102,0.002102032,0.001990129,0.001875388,0.001707981,0.001636666,0.001699428,0.002062187,0.002661426,0.002956189,0.00280229,0.002449344,0.002273831,0.002473678,0.003389321,0.004658038,0.005469169,0.00512846,0.004979962,0.009365568,0.005385893,0.005881282,0.011939786,0.006249493,0.006714838,0.007598156,0.017379992,0.018517755,0.017102871,0.019217016,0.012397358,0.005761457,0.009761973,0.012093122,0.013764347,0.014334731,0.023263395,0.015632348,0.009333945,0.017387904,0.032453887,0.023082092,0.011039155,0.017849948,0.013866096,0.010010877,0.011745614,0.026143355,0.04014929,0.04406105,0.019070027,0.009835377,0.012817681,0.022946864,0.016390523,0.010559836,0.025106872,0.039815214,0.05663434,0.02727326,0.010018167,0.025974378,0.032070462,0.010410722,0.006139465,0.020810161,0.025997307,0.007937846,0.003157862,0.00272842,0.002611071,0.002423096,0.0023349,0.002385497,0.002468141,0.002635383,0.002727979,0.007522862,0.009407058,0.004430892,0.002202527,0.002434114,0.009189586,0.00973409,0,0,0,0,0,0,0,0,0,0,0,0,0,0,0,0,0,0,0,0,0,0,0,0,0,0,0,0,0,0,0,0,0,0,0,0,0,0,0,0,0
Head 0,87,0.008099107,0.002679399,0.002332279,0.002006296,0.001834652,0.001658831,0.00167164,0.001676226,0.001546261,0.001400531,0.001329152,0.0014806,0.001689752,0.001962721,0.002206234,0.002369589,0.002638907,0.003775603,0.005686621,0.007686144,0.008021573,0.00576861,0.015772315,0.008865492,0.006377723,0.018578844,0.010499519,0.010757362,0.008432135,0.01916858,0.022370938,0.021935612,0.025486793,0.02517019,0.010342989,0.011258021,0.010226559,0.010664703,0.00886248,0.014701372,0.013857086,0.006993478,0.008063006,0.015741786,0.021214096,0.011236603,0.011270369,0.019082574,0.01157508,0.0139998,0.017322181,0.036103997,0.050648898,0.038248714,0.013559586,0.014657471,0.021641497,0.021374544,0.0133251,0.021050831,0.031057553,0.044057056,0.030392019,0.01427096,0.019855831,0.025399406,0.012258525,0.006287121,0.014229693,0.018808892,0.008327717,0.003842613,0.003443135,0.00328724,0.002900177,0.002774042,0.002896546,0.002917714,0.002666993,0.002149468,0.006681312,0.008007372,0.003328814,0.001614031,0.0014735,0.006692177,0.008240174,0.002180868,0,0,0,0,0,0,0,0,0,0,0,0,0,0,0,0,0,0,0,0,0,0,0,0,0,0,0,0,0,0,0,0,0,0,0,0,0,0,0,0
Head 0,88,0.007261026,0.002557496,0.002392879,0.002047238,0.001762711,0.001477446,0.001479868,0.001641725,0.00170121,0.00158225,0.00137935,0.001341013,0.001409119,0.001669498,0.002037959,0.002281856,0.002391427,0.002990931,0.004072348,0.005541216,0.006555022,0.005044912,0.016260192,0.009826019,0.006212761,0.019027358,0.0111425,0.011945445,0.008852143,0.020066505,0.02360601,0.022374462,0.025233822,0.030826539,0.012841861,0.013058654,0.010798459,0.010864843,0.008859429,0.015537945,0.019236652,0.00930713,0.008080272,0.013935648,0.019124703,0.011647886,0.011357917,0.021353081,0.012277694,0.013277423,0.01506944,0.031311151,0.045749262,0.042621147,0.015047623,0.015314612,0.02108057,0.023720037,0.014748788,0.020210305,0.02967496,0.042157128,0.024806568,0.01168762,0.018595157,0.025217943,0.013623908,0.006124804,0.013932383,0.017891269,0.006918932,0.00355951,0.003303276,0.002957589,0.002374339,0.002105107,0.002191612,0.002399142,0.002410281,0.002015031,0.008013466,0.009542899,0.003678831,0.00168713,0.001565814,0.007127591,0.008893374,0.001823026,0.001296481,0,0,0,0,0,0,0,0,0,0,0,0,0,0,0,0,0,0,0,0,0,0,0,0,0,0,0,0,0,0,0,0,0,0,0,0,0,0,0
Head 0,89,0.002656956,0.001338846,0.001541095,0.001654022,0.001583341,0.001345954,0.001337042,0.001603562,0.001952665,0.002107694,0.002086951,0.002100881,0.002199543,0.002608517,0.003152861,0.003314665,0.003074683,0.003076989,0.003327609,0.003776445,0.004221757,0.003667964,0.01089524,0.004511619,0.003531673,0.008335889,0.004243327,0.005633344,0.005689163,0.01683539,0.019087052,0.015354509,0.015915522,0.012396827,0.004414296,0.005665774,0.005308257,0.005923533,0.008559119,0.019847931,0.021184802,0.009017634,0.012744454,0.024183283,0.017505828,0.009900344,0.018706735,0.018132053,0.008803447,0.007304296,0.018104661,0.031844482,0.044053905,0.019067025,0.008818877,0.008958719,0.021984929,0.013790062,0.010099052,0.022227544,0.037672516,0.06041884,0.028709499,0.01126055,0.027214186,0.041249618,0.020175865,0.007230642,0.026984418,0.038339127,0.014374565,0.007011831,0.0075281,0.006225643,0.004153891,0.002954634,0.002705335,0.003062672,0.003500469,0.003295955,0.010836381,0.01156486,0.005330269,0.002752315,0.003426795,0.01049355,0.013522623,0.005400958,0.003362994,0.00693034,0,0,0,0,0,0,0,0,0,0,0,0,0,0,0,0,0,0,0,0,0,0,0,0,0,0,0,0,0,0,0,0,0,0,0,0,0,0
Head 0,90,0.002314937,0.001111027,0.001262583,0.001480972,0.001574825,0.001405674,0.001330811,0.001486822,0.001783642,0.002065228,0.002252935,0.002308362,0.002237412,0.002401651,0.002841106,0.003249738,0.003375689,0.003524225,0.003545336,0.003510661,0.003611479,0.003336567,0.010978054,0.005173766,0.003652566,0.008052503,0.003374566,0.004199366,0.004520466,0.014498503,0.018610695,0.015763171,0.015830874,0.012921258,0.004456296,0.005950089,0.005368377,0.005314195,0.00803891,0.017966865,0.019810755,0.009522371,0.012304639,0.022966404,0.015404172,0.007837578,0.016185062,0.019262025,0.010895576,0.009116906,0.019056525,0.030595029,0.039098915,0.017320169,0.009562037,0.010434587,0.025933685,0.013758641,0.009121882,0.020068901,0.033319253,0.053630147,0.025697069,0.010483043,0.027365781,0.041828208,0.026575662,0.009688512,0.029005151,0.041981027,0.013708143,0.006654921,0.008503083,0.008672306,0.006326611,0.004174303,0.00316696,0.003079885,0.003489313,0.003616548,0.012572588,0.014167145,0.005784391,0.002579088,0.003169881,0.009008856,0.012353056,0.005621401,0.003568816,0.007465281,0.007805481,0,0,0,0,0,0,0,0,0,0,0,0,0,0,0,0,0,0,0,0,0,0,0,0,0,0,0,0,0,0,0,0,0,0,0,0,0
Head 0,91,0.007295016,0.002052824,0.001878848,0.001923313,0.001975596,0.001730913,0.001544953,0.001503256,0.001517167,0.001659622,0.001886678,0.002141548,0.002083101,0.00196607,0.001945915,0.001977238,0.002033933,0.002509879,0.003109913,0.003606814,0.003857654,0.00252787,0.01401447,0.009164458,0.00390071,0.013831368,0.005909873,0.005788839,0.004537854,0.014557987,0.021412488,0.021105111,0.023303831,0.031878266,0.010395841,0.012270076,0.010051707,0.008780329,0.008219904,0.014877883,0.016029796,0.007953189,0.007175838,0.013550132,0.014307031,0.006742656,0.008116212,0.014319018,0.009082852,0.008808577,0.011484572,0.023082241,0.035142612,0.032197706,0.015137178,0.019388234,0.024853282,0.025193417,0.011758544,0.01770677,0.029034534,0.050954591,0.030514728,0.012408279,0.021422906,0.031038856,0.025652887,0.011529727,0.018230807,0.027391875,0.010739336,0.005007917,0.005388582,0.006007231,0.005060204,0.003937498,0.003244598,0.003103133,0.003364636,0.003682185,0.01403373,0.017695811,0.006028034,0.00215037,0.001873717,0.007186226,0.010089235,0.003428394,0.002377219,0.00858393,0.008512585,0.001567291,0,0,0,0,0,0,0,0,0,0,0,0,0,0,0,0,0,0,0,0,0,0,0,0,0,0,0,0,0,0,0,0,0,0,0,0
Head 0,92,0.007042895,0.002207287,0.001902634,0.001731341,0.00171003,0.001600073,0.001595823,0.001644525,0.001603137,0.001583327,0.001687247,0.002018634,0.002174799,0.002206808,0.00212814,0.001975333,0.001882952,0.00228364,0.002909588,0.003365787,0.003391326,0.002152264,0.011060114,0.007867601,0.003215782,0.014851958,0.0065913,0.005719906,0.003808924,0.011701934,0.017590901,0.018763419,0.022256151,0.03638966,0.010554299,0.012520231,0.010753817,0.010258543,0.008697366,0.01598208,0.017148616,0.007745082,0.006514288,0.012782831,0.01798138,0.00833281,0.007873631,0.01317524,0.008580372,0.009354755,0.011287184,0.023284035,0.034313992,0.028549936,0.012479148,0.018144641,0.023111492,0.033246163,0.01536938,0.019040875,0.028972747,0.048006006,0.029754825,0.01198596,0.02164688,0.033462018,0.027088908,0.011250384,0.016418518,0.025373789,0.011201093,0.004611047,0.004448581,0.004865232,0.004620655,0.004197215,0.003714768,0.003293604,0.003002262,0.002943981,0.013732796,0.018757284,0.007003475,0.002472789,0.001959567,0.00814257,0.010392018,0.00338098,0.002376447,0.010027735,0.010413935,0.001638813,0.001145728,0,0,0,0,0,0,0,0,0,0,0,0,0,0,0,0,0,0,0,0,0,0,0,0,0,0,0,0,0,0,0,0,0,0,0
Head 0,93,0.001721251,0.000958816,0.000932553,0.000849427,0.000835733,0.000893204,0.001092893,0.001383962,0.001575708,0.001631945,0.001735271,0.002086022,0.002376685,0.002637818,0.002658951,0.002538202,0.002596102,0.003303738,0.004346922,0.004631395,0.003994188,0.0030881,0.007444274,0.004194229,0.002889991,0.009692268,0.004106856,0.003504372,0.002617633,0.007177402,0.009518415,0.010121382,0.012829231,0.015260361,0.004385223,0.006071235,0.005966821,0.006437324,0.007371225,0.015553103,0.012411552,0.005412115,0.007858397,0.017755898,0.022939198,0.009607121,0.011661734,0.013536953,0.008525433,0.010785646,0.020630527,0.039463352,0.047293831,0.016996391,0.007245596,0.009346185,0.025322519,0.017789902,0.011875683,0.026241332,0.034878995,0.04552912,0.020481402,0.009334919,0.024257448,0.041473623,0.029858001,0.012492863,0.027379682,0.044031572,0.020466736,0.006473252,0.006211262,0.006694571,0.007399878,0.008132529,0.008147125,0.006916047,0.005120663,0.003647682,0.01376222,0.016564727,0.006480583,0.002979438,0.002970232,0.010569749,0.011397774,0.005221101,0.003477778,0.009491477,0.011489938,0.002972873,0.00202889,0.005956246,0,0,0,0,0,0,0,0,0,0,0,0,0,0,0,0,0,0,0,0,0,0,0,0,0,0,0,0,0,0,0,0,0,0
Head 0,94,0.001519588,0.000933698,0.0010287,0.000921362,0.000804645,0.000754285,0.000886445,0.001207874,0.001547319,0.001723218,0.001794712,0.002023029,0.002255042,0.002647321,0.002845849,0.002704544,0.00258094,0.003020254,0.003942357,0.004507639,0.004293802,0.00321716,0.007188137,0.003754898,0.002713692,0.008958421,0.004512016,0.004154033,0.002777839,0.006826317,0.008094783,0.008021935,0.010377343,0.013670541,0.004422422,0.006006263,0.005633605,0.005984755,0.006388095,0.014244515,0.01178928,0.004765809,0.0072901,0.015914762,0.020735774,0.00981632,0.010770318,0.013292353,0.007144903,0.008104022,0.017109584,0.036170948,0.048295595,0.020370806,0.007372293,0.008148384,0.021414939,0.015923051,0.012569461,0.028948287,0.039856315,0.050839402,0.019475603,0.008436254,0.020861315,0.035628971,0.026584746,0.011964768,0.027183503,0.043705534,0.027927639,0.009046838,0.007833075,0.006952797,0.006677339,0.007452433,0.008906334,0.009546216,0.008083464,0.005368244,0.016497348,0.017447894,0.00665055,0.003438621,0.003616196,0.012680697,0.013050784,0.00512929,0.003239096,0.008212213,0.010806242,0.003341365,0.002196178,0.006512571,0.008013761,0,0,0,0,0,0,0,0,0,0,0,0,0,0,0,0,0,0,0,0,0,0,0,0,0,0,0,0,0,0,0,0,0
Head 0,95,0.001157519,0.000718891,0.000943319,0.000969347,0.000855205,0.00070798,0.000720262,0.00093333,0.001282729,0.001614843,0.001815128,0.001999167,0.002104372,0.002454225,0.002800025,0.002811797,0.002677283,0.002909944,0.003542729,0.004071638,0.004279501,0.003245658,0.007781958,0.003694046,0.002594179,0.007635457,0.004158576,0.004407153,0.002860098,0.006905713,0.007595391,0.006676773,0.008066674,0.011106544,0.004152039,0.006011956,0.005582254,0.005616779,0.005322892,0.012232961,0.012028367,0.004818496,0.007132467,0.014738523,0.016355919,0.008249423,0.009347886,0.014796866,0.007156327,0.006752561,0.013813815,0.03020712,0.044778265,0.02490277,0.008778884,0.008444958,0.01950028,0.013307656,0.011007943,0.027331602,0.042244691,0.057632249,0.020383345,0.00775097,0.01840587,0.029485885,0.02271584,0.010816852,0.026650039,0.043970153,0.034007527,0.011912948,0.010874816,0.008614488,0.006740016,0.006432978,0.007700022,0.009986243,0.011083128,0.008488282,0.022198912,0.02112022,0.007270157,0.003553057,0.004043813,0.01425925,0.015545063,0.00553321,0.003081763,0.007069367,0.009256149,0.003627894,0.002428686,0.007021229,0.008691265,0.008937122,0,0,0,0,0,0,0,0,0,0,0,0,0,0,0,0,0,0,0,0,0,0,0,0,0,0,0,0,0,0,0,0
Head 0,96,0.00093166,0.000507708,0.000716066,0.000887459,0.000912358,0.000758078,0.000680794,0.000759837,0.000989474,0.001335011,0.001703719,0.002012247,0.002079176,0.002312631,0.002652282,0.002819153,0.002832736,0.003045991,0.00343675,0.003705146,0.00397073,0.003282043,0.008927004,0.004105314,0.002623793,0.006967385,0.003569118,0.004026605,0.002698787,0.006833917,0.007619721,0.006201752,0.006710422,0.0088216,0.003528828,0.005755481,0.005750461,0.005703905,0.004760435,0.010704945,0.012744136,0.00535715,0.007042704,0.014066769,0.01274991,0.006092044,0.007736878,0.016073678,0.00813497,0.007003061,0.011797665,0.024652828,0.037774052,0.026807658,0.010811162,0.010539015,0.020082455,0.012505627,0.009076235,0.022793239,0.038805161,0.058784399,0.021856984,0.007645931,0.018218974,0.026310902,0.019906105,0.009938598,0.024769675,0.042794049,0.034590896,0.013258539,0.014259471,0.01191867,0.00833232,0.006444843,0.006414155,0.008235889,0.011190566,0.011258487,0.030003574,0.028663622,0.009142034,0.003613928,0.004082897,0.014438706,0.017248169,0.006046647,0.003067077,0.006873992,0.008118238,0.003570228,0.002601662,0.007281983,0.009448396,0.009975598,0.009406874,0,0,0,0,0,0,0,0,0,0,0,0,0,0,0,0,0,0,0,0,0,0,0,0,0,0,0,0,0,0,0
Head 0,97,0.000886644,0.000405216,0.000517894,0.000697553,0.00086665,0.00083845,0.000764527,0.000745729,0.000830213,0.001052662,0.001437133,0.001920499,0.002129672,0.002334181,0.002578314,0.002753492,0.002917905,0.003301213,0.003645577,0.003647406,0.003652653,0.003511154,0.009503936,0.004507573,0.002760257,0.007047637,0.003191376,0.003354764,0.002398379,0.0063007,0.007546681,0.006230544,0.006253753,0.007298454,0.002732773,0.004866505,0.00556499,0.006013988,0.004730732,0.010163516,0.013120286,0.005688496,0.006615721,0.013446163,0.011259238,0.004724881,0.006583796,0.015080409,0.008869241,0.008387489,0.010938131,0.021338297,0.03121623,0.023966685,0.011446112,0.013279771,0.021800704,0.014432249,0.008414027,0.019068129,0.032607619,0.052592281,0.022949435,0.008354584,0.020319773,0.02692638,0.018673193,0.009324018,0.021365935,0.038525537,0.030990217,0.012444987,0.015698217,0.015609961,0.01166911,0.008213528,0.00654566,0.006850391,0.009095398,0.011166186,0.035896149,0.03838646,0.013044125,0.004056503,0.004077351,0.014070429,0.017308313,0.006436862,0.003272765,0.007970389,0.008315234,0.003359084,0.002636735,0.007204222,0.010276075,0.011532489,0.011117722,0.009539357,0,0,0,0,0,0,0,0,0,0,0,0,0,0,0,0,0,0,0,0,0,0,0,0,0,0,0,0,0,0
Head 0,98,0.000978523,0.000385264,0.000400434,0.000490755,0.000656343,0.000762049,0.000816238,0.000804512,0.000789899,0.000855748,0.001087661,0.001559571,0.001954054,0.002312413,0.002553559,0.002645112,0.002805089,0.003349291,0.003854899,0.003810531,0.003555575,0.003844959,0.009439433,0.00445639,0.002827578,0.007851677,0.003234301,0.002993069,0.002140065,0.00560654,0.007124076,0.006310227,0.006346118,0.006936231,0.002152015,0.003690634,0.00460005,0.005782864,0.004701965,0.010264245,0.013475042,0.005485919,0.005776033,0.012429035,0.011490794,0.004360226,0.006182631,0.012320974,0.007944799,0.009130799,0.010266501,0.019785849,0.027327852,0.01971343,0.009803372,0.01378567,0.022352649,0.01879536,0.009419003,0.018011505,0.028632564,0.045803253,0.022446627,0.009429253,0.023875169,0.031218406,0.018444713,0.008494338,0.01805651,0.032612458,0.026431644,0.010857999,0.014670942,0.017048858,0.015137686,0.011505672,0.008384618,0.006994537,0.007513238,0.009091824,0.037431974,0.045955509,0.019135363,0.005301309,0.00462667,0.014607496,0.01671561,0.006487435,0.003557213,0.009482539,0.00939914,0.003088942,0.002334008,0.006235587,0.009684541,0.011926156,0.012353717,0.010868819,0.009570207,0,0,0,0,0,0,0,0,0,0,0,0,0,0,0,0,0,0,0,0,0,0,0,0,0,0,0,0,0
Head 0,99,0.001176697,0.000441256,0.000383787,0.000382758,0.000460836,0.000569156,0.000727872,0.000839831,0.000842298,0.000811915,0.000878173,0.001184423,0.001578071,0.00209911,0.002498975,0.002585096,0.002655554,0.003195431,0.003851299,0.003971043,0.003655119,0.004058392,0.008962248,0.00399539,0.002820783,0.00872959,0.003559166,0.003081252,0.002030872,0.005037798,0.006395444,0.006025885,0.006416014,0.007557846,0.001965743,0.002847346,0.003347785,0.00459453,0.004098865,0.0097905,0.013710167,0.005067333,0.004855814,0.010862221,0.012299471,0.004651732,0.006176605,0.009785757,0.006028911,0.007864771,0.009025798,0.018269802,0.024808615,0.017207878,0.007652383,0.011405289,0.020132961,0.02306715,0.011861128,0.019082299,0.02812992,0.042371362,0.020532431,0.009867782,0.025853809,0.036062032,0.019149521,0.007782722,0.016114958,0.027315443,0.02269436,0.009601681,0.012804229,0.015757469,0.016251765,0.014677769,0.011705834,0.009000673,0.007718309,0.007670758,0.036845405,0.049011499,0.024829088,0.007411494,0.006268681,0.017341547,0.017505743,0.00651763,0.003804337,0.010391878,0.010944108,0.003112314,0.002056654,0.005384204,0.008372529,0.010969207,0.012501226,0.011776789,0.010691493,0.009281126,0,0,0,0,0,0,0,0,0,0,0,0,0,0,0,0,0,0,0,0,0,0,0,0,0,0,0,0
Head 0,100,0.001262761,0.000486405,0.000408009,0.000339242,0.00033051,0.000362471,0.000487309,0.000676727,0.000805486,0.000805146,0.000776798,0.000891201,0.001106624,0.00155767,0.002086267,0.002346068,0.002457065,0.002935632,0.003594698,0.003858573,0.003676368,0.003974007,0.008229423,0.003380709,0.0028659,0.008771282,0.00364925,0.003352731,0.002060445,0.004801989,0.005752329,0.005481974,0.006213821,0.008620936,0.002123764,0.002580337,0.002536738,0.003251597,0.003170407,0.008539653,0.01380138,0.004952148,0.004417181,0.009895803,0.013308229,0.00520436,0.006235296,0.009058372,0.004834783,0.006143202,0.007844101,0.016842116,0.023038151,0.017605681,0.006510178,0.008715255,0.016523935,0.023485605,0.014392563,0.020892853,0.030766964,0.043320142,0.018890485,0.009142278,0.024304694,0.037404686,0.02104141,0.007830071,0.016419042,0.024889342,0.020391749,0.008719792,0.011423462,0.013871015,0.015227891,0.015989551,0.015284044,0.01290914,0.010189309,0.007960586,0.036269598,0.048283499,0.025678547,0.008936061,0.008716082,0.021591395,0.019802434,0.006664908,0.003653532,0.009460964,0.011320197,0.003424064,0.002001907,0.005066108,0.007210531,0.009206558,0.011058278,0.011352219,0.011124867,0.010062473,0.008830609,0,0,0,0,0,0,0,0,0,0,0,0,0,0,0,0,0,0,0,0,0,0,0,0,0,0,0
Head 0,101,0.001321189,0.000525574,0.00047722,0.000382293,0.00031482,0.000277968,0.000325705,0.000474071,0.000670956,0.000792327,0.000796593,0.000812943,0.000869843,0.001142822,0.001611214,0.002016524,0.002280189,0.002767822,0.003365207,0.003657031,0.003635888,0.00356151,0.007979286,0.003119277,0.002960159,0.0081774,0.003422384,0.003590888,0.002142494,0.004883654,0.005437799,0.004960094,0.005706538,0.009374832,0.002548048,0.002861654,0.002342612,0.002461141,0.002334886,0.006537558,0.01242575,0.004939639,0.004236873,0.009333075,0.013466072,0.005338933,0.005787996,0.009452222,0.004467243,0.004849307,0.006908627,0.015059459,0.02101838,0.019625114,0.006580336,0.007445739,0.013393957,0.019444654,0.014117151,0.020785809,0.03366873,0.047432888,0.019138701,0.008026219,0.020782439,0.033805776,0.02157617,0.008338946,0.018587548,0.02573237,0.018933939,0.008009022,0.010498401,0.012380011,0.013186323,0.014460031,0.01592318,0.016253434,0.014395931,0.010384285,0.037943881,0.048579264,0.022642974,0.008781261,0.010730193,0.027245784,0.025098788,0.007873564,0.003668605,0.00831065,0.010430034,0.003678505,0.002156954,0.005516371,0.007039108,0.008139446,0.009423477,0.010108429,0.010784594,0.010496829,0.009856501,0.008383648,0,0,0,0,0,0,0,0,0,0,0,0,0,0,0,0,0,0,0,0,0,0,0,0,0,0
Head 0,102,0.001436602,0.000564411,0.000551833,0.000485935,0.000391426,0.000296697,0.000278796,0.000355738,0.000518827,0.00071781,0.000847308,0.000883324,0.000848024,0.000964687,0.001286549,0.001707763,0.002126905,0.002732885,0.003306293,0.003518192,0.003496054,0.002962415,0.008173883,0.003281408,0.002947284,0.007556344,0.003030972,0.00347243,0.002081386,0.004912917,0.005331952,0.00463734,0.005146516,0.009536589,0.003013006,0.003504969,0.002649681,0.002273445,0.001829735,0.004725181,0.010061129,0.004780862,0.003949328,0.008718709,0.012953702,0.00494824,0.00489267,0.010183232,0.004820271,0.004476424,0.006392221,0.013227914,0.01845683,0.020189982,0.007258789,0.007603936,0.011632273,0.015294941,0.011515796,0.01801179,0.033091649,0.05040504,0.021751203,0.007614199,0.018513788,0.029810803,0.020633463,0.009033295,0.021333344,0.028814649,0.01741945,0.007133499,0.009532712,0.011474115,0.011705979,0.012226872,0.01363119,0.01570921,0.016747393,0.01366163,0.040254734,0.051431011,0.019929634,0.007613805,0.010789,0.032291122,0.032637428,0.010543291,0.004268066,0.008509059,0.009752712,0.00372755,0.002454647,0.006519931,0.007853456,0.008146995,0.008513731,0.008903822,0.00994146,0.010472517,0.010528609,0.009515477,0.007405918,0,0,0,0,0,0,0,0,0,0,0,0,0,0,0,0,0,0,0,0,0,0,0,0,0
Head 0,103,0.001372358,0.000523732,0.000526917,0.000513482,0.000450838,0.000334473,0.000267735,0.000272915,0.000346876,0.00049397,0.000694668,0.000854092,0.000847979,0.000859258,0.000983865,0.001231042,0.001619864,0.002319392,0.003044095,0.003329673,0.003249967,0.002690706,0.008040703,0.003271771,0.002879358,0.006847975,0.002518439,0.002852089,0.001999871,0.005052212,0.005366997,0.004492318,0.004776669,0.008193815,0.00283017,0.003835249,0.003207572,0.002594411,0.001725398,0.003857921,0.007253414,0.003765337,0.003433689,0.008233063,0.01311643,0.004510642,0.004068722,0.010689517,0.005363845,0.004936635,0.006439342,0.012764302,0.017212916,0.018759418,0.007412968,0.008463055,0.010294772,0.013112776,0.008807009,0.014517488,0.029403225,0.049267057,0.027021214,0.008247474,0.017564919,0.026820198,0.018873498,0.009494382,0.022948151,0.032984782,0.018049518,0.006537704,0.008508303,0.010523428,0.0109236,0.011254135,0.012284108,0.014573923,0.017696431,0.01729936,0.040097654,0.053316768,0.020624328,0.006471353,0.009103784,0.034581695,0.038640056,0.01477846,0.005381147,0.009961192,0.009607595,0.00342988,0.002511246,0.007125318,0.009193799,0.009237706,0.008606411,0.008062292,0.008675059,0.009614859,0.01033606,0.010348793,0.008380361,0.007312537,0,0,0,0,0,0,0,0,0,0,0,0,0,0,0,0,0,0,0,0,0,0,0,0
Head 0,104,0.001426803,0.000542212,0.000511825,0.000510437,0.000492624,0.000403196,0.00032138,0.000280671,0.000286674,0.000350647,0.000502973,0.000733801,0.000855961,0.000890729,0.000911426,0.000993519,0.001229638,0.001844049,0.0026727,0.003191406,0.003166043,0.002613006,0.008310813,0.003313765,0.0026125,0.006804233,0.002389863,0.002448207,0.001935583,0.005167072,0.00546802,0.004511762,0.00466403,0.007367415,0.002487685,0.003668427,0.003582276,0.003216843,0.001834995,0.003641193,0.005759703,0.00276001,0.002684028,0.00706267,0.013336566,0.004514327,0.003675987,0.010710462,0.005617872,0.005668825,0.006445006,0.012687578,0.016815148,0.015769366,0.006596649,0.008843185,0.009299799,0.013402446,0.007664512,0.011958824,0.024457246,0.044230692,0.032090683,0.010020074,0.018477978,0.027220065,0.017509645,0.008989307,0.021849325,0.034489002,0.019017402,0.006416505,0.007655442,0.009253925,0.009929281,0.010506934,0.011377848,0.01301345,0.015881259,0.017647855,0.037619874,0.053118501,0.025240147,0.006585904,0.007800817,0.035741843,0.042219609,0.018553885,0.007205011,0.013835265,0.011530806,0.003285958,0.002317883,0.006892139,0.009896892,0.010603952,0.009603796,0.008144435,0.00792479,0.00853411,0.009308634,0.010132259,0.009061127,0.008344783,0.00703429,0,0,0,0,0,0,0,0,0,0,0,0,0,0,0,0,0,0,0,0,0,0,0
Head 0,105,0.001397822,0.000569468,0.000511329,0.000485034,0.000479891,0.000433787,0.000382601,0.000330321,0.000288534,0.000279216,0.000341894,0.000518292,0.000715964,0.0008732,0.000913821,0.00089124,0.000957447,0.001336034,0.002010293,0.002682519,0.002921989,0.002752413,0.008514038,0.003121809,0.002365246,0.006709218,0.002366849,0.002232331,0.002049949,0.005625927,0.005849196,0.004680272,0.004729829,0.006687803,0.002057642,0.002986752,0.003227269,0.003458223,0.001983538,0.003885743,0.005387967,0.002037045,0.002036209,0.00555892,0.011865878,0.004494147,0.003587235,0.010722923,0.0053758,0.005929002,0.005943175,0.012188959,0.016482566,0.013102361,0.005223595,0.007806886,0.008067535,0.014839489,0.007743096,0.010223292,0.020132944,0.037595917,0.033419896,0.011817068,0.019365408,0.028896347,0.017808814,0.007998484,0.018848432,0.031860892,0.020298515,0.007109422,0.007800667,0.00850371,0.008895671,0.009592338,0.010744224,0.01227921,0.014583397,0.01672986,0.035346743,0.051449418,0.035785913,0.008281419,0.008002514,0.036855176,0.043930233,0.019667549,0.008805862,0.019327294,0.015830526,0.003817006,0.002165757,0.006159639,0.009322092,0.011125111,0.010862749,0.009024183,0.007968727,0.007809724,0.008122874,0.009057391,0.009092373,0.009066418,0.008074223,0.007546994,0,0,0,0,0,0,0,0,0,0,0,0,0,0,0,0,0,0,0,0,0,0
Head 0,106,0.001590104,0.000669838,0.000614038,0.000543081,0.000524201,0.000500889,0.000519405,0.000530876,0.000486827,0.000408983,0.000391585,0.000493006,0.00065639,0.000866585,0.000983922,0.000933519,0.000881969,0.001044786,0.001419574,0.001854423,0.002144529,0.002142554,0.007229938,0.002522166,0.001777326,0.006116048,0.002178191,0.002030377,0.001760556,0.004804069,0.005066831,0.004076531,0.004122877,0.00604957,0.001589652,0.002223194,0.002430596,0.003022175,0.001828867,0.004018582,0.007420048,0.002248475,0.001636903,0.004006529,0.009319781,0.003664016,0.002801514,0.009156537,0.004350417,0.005148295,0.00398396,0.008783583,0.012479384,0.01416575,0.005006032,0.007434458,0.006285282,0.020407211,0.010196027,0.00807644,0.015419038,0.028647972,0.038995065,0.013588709,0.016721612,0.028669275,0.032540813,0.010143938,0.01426706,0.024934215,0.029420469,0.010003392,0.010917147,0.010386537,0.009902244,0.009911462,0.010317573,0.010942063,0.01187695,0.012975816,0.027123658,0.041595209,0.053221688,0.012235573,0.011344807,0.031620957,0.037647657,0.019417534,0.008655741,0.020573996,0.020328311,0.004986792,0.002220351,0.006097943,0.00899916,0.011433778,0.012452236,0.011115544,0.009787031,0.008871257,0.008585377,0.008858541,0.008919907,0.009270864,0.00876159,0.008770142,0.006903792,0,0,0,0,0,0,0,0,0,0,0,0,0,0,0,0,0,0,0,0,0
Head 0,107,0.001550593,0.000722356,0.000693598,0.000592729,0.000518023,0.000456391,0.000476504,0.000547486,0.000570158,0.000491369,0.000415126,0.000429601,0.000508568,0.000698507,0.000917872,0.000985326,0.000941279,0.001006056,0.001207478,0.001485054,0.001773127,0.001845699,0.006422946,0.002349867,0.001685165,0.005976667,0.002201881,0.002194176,0.001774035,0.004693341,0.005009713,0.004030654,0.004086972,0.00653499,0.001737066,0.002169817,0.002037537,0.00234451,0.001561111,0.003704732,0.008339464,0.002514084,0.001559958,0.003409801,0.007591917,0.00332365,0.002596087,0.009150538,0.004193309,0.004583085,0.003459291,0.007609914,0.010897947,0.013381891,0.004432693,0.005759718,0.005507571,0.018478002,0.010760771,0.00744819,0.014004779,0.024862712,0.031397495,0.011262729,0.014482054,0.027262146,0.038010601,0.010779284,0.013831379,0.02281845,0.027875884,0.010650244,0.012196825,0.011283689,0.010046737,0.009543107,0.009963062,0.01108104,0.012214402,0.012302736,0.026181811,0.039544139,0.055877652,0.014903226,0.015210085,0.033237573,0.039634243,0.018599955,0.00835699,0.021458268,0.025035063,0.007588342,0.003065142,0.007184695,0.009152047,0.010826245,0.012208341,0.011920451,0.011126271,0.009902053,0.009098882,0.008701156,0.008582083,0.009110029,0.009185371,0.009742865,0.007207246,0.007144401,0,0,0,0,0,0,0,0,0,0,0,0,0,0,0,0,0,0,0,0
Head 0,108,0.001465633,0.000719236,0.000749044,0.000678158,0.000577426,0.000464087,0.000441729,0.000509015,0.000591184,0.000581765,0.000506434,0.000458265,0.00044679,0.000544284,0.000741011,0.000919728,0.000997072,0.001075417,0.001170818,0.001271804,0.001434111,0.001496623,0.005347464,0.002223181,0.001684712,0.005769517,0.00207147,0.002233928,0.001688391,0.004436634,0.004878433,0.004001628,0.004057754,0.006737647,0.001928545,0.002437128,0.002046708,0.001994807,0.001330606,0.003148768,0.008417002,0.002997298,0.001661209,0.003280905,0.006481686,0.002720075,0.002166167,0.008970437,0.00442742,0.004543141,0.003284256,0.006932436,0.009590134,0.013808932,0.004599534,0.005216686,0.00512513,0.014988969,0.009783176,0.00659833,0.012749181,0.021936771,0.027327614,0.008931724,0.011802614,0.023564981,0.042612243,0.012729879,0.014569429,0.0229866,0.026782347,0.010430792,0.012977475,0.012731937,0.011080376,0.009817153,0.009616236,0.010739433,0.012503111,0.012572218,0.02510675,0.037999198,0.051029976,0.015221111,0.018464513,0.033567611,0.041604821,0.019534241,0.00776501,0.020635985,0.026546305,0.010142937,0.004596693,0.009853485,0.011073486,0.011311649,0.011800174,0.011872735,0.012025593,0.011288124,0.010359173,0.009406732,0.008552637,0.008871997,0.009209161,0.010191899,0.007539224,0.007590245,0.006926475,0,0,0,0,0,0,0,0,0,0,0,0,0,0,0,0,0,0,0
Head 0,109,0.001381211,0.000672815,0.000726013,0.00070969,0.000639702,0.000506753,0.00044227,0.000465287,0.000544385,0.00060301,0.000601678,0.000551668,0.000471873,0.000472115,0.000570142,0.000737348,0.000920938,0.001121388,0.001235455,0.001216716,0.001214735,0.001263278,0.004242864,0.002008719,0.001696987,0.005580047,0.001891867,0.002100909,0.001560208,0.004212091,0.004754829,0.004062783,0.004175637,0.006292566,0.001870538,0.002691902,0.002316532,0.002030941,0.001275831,0.00278803,0.00734821,0.003224859,0.001836442,0.003573395,0.006441568,0.00224336,0.001775518,0.007911753,0.004482851,0.004834221,0.003470393,0.00711513,0.009285002,0.014657166,0.005081752,0.005591554,0.005136975,0.012478579,0.008074445,0.00589049,0.011691135,0.019795267,0.027337292,0.007762509,0.009867325,0.019809399,0.042275578,0.014761244,0.015522193,0.024929505,0.028113097,0.009813415,0.012685615,0.013792974,0.012776208,0.011197269,0.010133431,0.010522076,0.012271975,0.012831358,0.022953635,0.03566324,0.045336615,0.013917038,0.019436052,0.032439899,0.042067289,0.024244651,0.008070915,0.019901281,0.025241986,0.010359881,0.005928973,0.013194694,0.014645512,0.013169958,0.01176892,0.0109796,0.011424281,0.011588451,0.011138956,0.010231272,0.008655913,0.008529086,0.008641161,0.009693468,0.0077713,0.007652467,0.007091413,0.007297831,0,0,0,0,0,0,0,0,0,0,0,0,0,0,0,0,0,0
Head 0,110,0.001382143,0.000673564,0.000695596,0.000695736,0.000676771,0.000576415,0.000501623,0.000477151,0.000507332,0.00056739,0.000637835,0.000665717,0.000581802,0.000511464,0.000508202,0.000587738,0.000756541,0.001050292,0.001300159,0.001296735,0.001181055,0.00116308,0.003456918,0.001730505,0.001550273,0.005155507,0.001775001,0.001911403,0.001415926,0.003897385,0.004386409,0.003899348,0.004130034,0.005513531,0.001631418,0.002660306,0.00261112,0.002376175,0.001350641,0.002625913,0.005811217,0.00284208,0.001804329,0.003736385,0.007247837,0.002153941,0.001531143,0.006403304,0.003968029,0.004830853,0.00353622,0.007381855,0.009428394,0.014720469,0.005265696,0.006185118,0.005023455,0.011150585,0.006555651,0.005351611,0.010546571,0.017896837,0.02961796,0.007884461,0.00869651,0.016839817,0.03599672,0.014587733,0.015190756,0.026604898,0.032348368,0.009664307,0.011752333,0.013361304,0.013557537,0.012707368,0.011351829,0.010834915,0.011763949,0.01248028,0.020323653,0.031803917,0.040084101,0.012139549,0.017326405,0.03061611,0.040965248,0.032573704,0.010010968,0.021027394,0.024621284,0.008826025,0.006009057,0.015786279,0.019677576,0.017465124,0.013765107,0.011128109,0.010777411,0.011163172,0.011224916,0.010930756,0.009279487,0.008762115,0.008377329,0.009161028,0.008180013,0.007964859,0.007206646,0.007598767,0.00753916,0,0,0,0,0,0,0,0,0,0,0,0,0,0,0,0,0
Head 0,111,0.001413361,0.000720477,0.000692398,0.00065013,0.000637196,0.00058589,0.000553014,0.000521226,0.000505142,0.000519101,0.000587379,0.000689494,0.00068398,0.00061224,0.000533756,0.00051193,0.000588104,0.000843743,0.001191856,0.001333833,0.001230587,0.0011701,0.003025297,0.001400818,0.001294522,0.004459904,0.001689499,0.00176962,0.001342037,0.003749934,0.004055187,0.003619259,0.003969931,0.004919065,0.001363891,0.002272779,0.002518619,0.002648912,0.001469516,0.002716718,0.004913928,0.002242432,0.001588208,0.003574125,0.008449197,0.002465464,0.001495363,0.005390196,0.003140651,0.004186269,0.003222652,0.007293286,0.009804307,0.014718038,0.00504406,0.006398417,0.004641234,0.011243125,0.006004024,0.005132688,0.009752898,0.016617604,0.031659685,0.008714598,0.007885884,0.014733258,0.029065097,0.012078228,0.013223071,0.025755476,0.038588475,0.010513512,0.011368963,0.012103221,0.012743646,0.013154083,0.012727041,0.011959437,0.011789664,0.011774773,0.018470822,0.027600449,0.036404494,0.010981828,0.014758135,0.028911894,0.038954593,0.041053172,0.013243515,0.022641445,0.025410047,0.007399251,0.004912983,0.015924374,0.02319121,0.02277199,0.017636469,0.012653925,0.010765698,0.010425964,0.010482324,0.010731643,0.009774379,0.009185561,0.008353652,0.008737156,0.008006867,0.008100163,0.007274869,0.007487764,0.007643014,0.007893643,0,0,0,0,0,0,0,0,0,0,0,0,0,0,0,0
Head 0,112,0.001447471,0.000816298,0.000765199,0.000660972,0.000604847,0.000559729,0.000574605,0.00059007,0.000569884,0.000538955,0.000558597,0.000665126,0.00074184,0.000755097,0.000667251,0.000558318,0.000530639,0.000680734,0.000991896,0.001254916,0.001297751,0.001249947,0.00301719,0.001201847,0.001089526,0.0037167,0.001605448,0.001723501,0.001364,0.003829542,0.003938284,0.003360593,0.003713849,0.004731363,0.001242878,0.001878812,0.002105885,0.002516709,0.001529964,0.002942759,0.004892783,0.00189123,0.001367496,0.003131312,0.00874057,0.002980056,0.001606993,0.005199811,0.002534749,0.003223287,0.00258689,0.006335312,0.009429503,0.014555676,0.00470421,0.006035027,0.004098856,0.011904835,0.006217286,0.005030051,0.009201871,0.015734401,0.030214397,0.009185986,0.007071119,0.012981589,0.025052899,0.009419069,0.010684016,0.022257973,0.043473892,0.012463915,0.012488241,0.01158861,0.011368044,0.01208414,0.012987952,0.013224918,0.012698473,0.011674913,0.018400123,0.024908327,0.033965245,0.010534788,0.013225839,0.027017672,0.036580473,0.044027172,0.016403316,0.022845587,0.026857341,0.007417767,0.00404893,0.014771163,0.023599103,0.026746415,0.02280435,0.016051874,0.012307379,0.010541542,0.009975987,0.01012142,0.009957151,0.009703978,0.00881342,0.008933853,0.00743186,0.00804741,0.007521338,0.007596,0.00763987,0.008158487,0.008133522,0,0,0,0,0,0,0,0,0,0,0,0,0,0,0
Head 0,113,0.00138522,0.000860205,0.000852501,0.000719416,0.000606954,0.000517393,0.000527545,0.000589242,0.000615048,0.000580863,0.000553197,0.000603844,0.000683689,0.00078872,0.00079411,0.000667345,0.000556248,0.000593848,0.000777208,0.001008824,0.001189816,0.00124851,0.003110056,0.001108502,0.000965649,0.002947008,0.001368049,0.001597961,0.001378899,0.003951788,0.004019829,0.00320973,0.003424272,0.004803268,0.001266666,0.001682112,0.001699947,0.002037869,0.001475829,0.003097836,0.005499519,0.001887065,0.001275527,0.002729737,0.007601058,0.003219304,0.001742961,0.005984752,0.002466576,0.00262159,0.002043313,0.00506787,0.008226656,0.014370592,0.004623532,0.005651055,0.003763377,0.01253522,0.006778999,0.004864053,0.008884283,0.015343569,0.026417127,0.008642311,0.006306824,0.011490443,0.024701037,0.008018605,0.008779772,0.018343993,0.042373233,0.014356285,0.015229998,0.012955946,0.011117634,0.010856644,0.012014316,0.013740589,0.014420582,0.01301972,0.02090509,0.025584463,0.033169355,0.010345832,0.012778328,0.02468971,0.034403536,0.04094328,0.017510068,0.021030407,0.027381884,0.009450391,0.004153624,0.014143487,0.022246711,0.027577331,0.026840705,0.020428082,0.015390313,0.011863233,0.010209017,0.009582885,0.009524453,0.009713983,0.009250266,0.009382384,0.006583119,0.007433983,0.007401763,0.007685883,0.007658637,0.008078332,0.008365171,0.008463522,0,0,0,0,0,0,0,0,0,0,0,0,0,0
Head 0,114,0.001318668,0.000853336,0.00092104,0.00082971,0.00069518,0.000544864,0.000507273,0.00056502,0.000634602,0.000644826,0.000613826,0.000610266,0.000637011,0.000751725,0.000859698,0.000812393,0.000682074,0.000638427,0.00069675,0.000806456,0.000980861,0.001204342,0.003160156,0.001148913,0.000995679,0.002531396,0.001100039,0.001361624,0.001345377,0.00401879,0.004341829,0.003374037,0.003408975,0.005034931,0.001367254,0.001726849,0.001538009,0.001636839,0.001439972,0.003196784,0.006148249,0.002141227,0.001363668,0.002627423,0.005963103,0.002811286,0.001754574,0.00709013,0.002888161,0.002577346,0.001814429,0.004143432,0.006699919,0.013165459,0.004658796,0.005543117,0.003777214,0.012712842,0.007030825,0.004491346,0.008366683,0.014573245,0.021961557,0.007219438,0.005711911,0.010321631,0.026997043,0.008055787,0.007599221,0.015239599,0.03549166,0.014079771,0.01768218,0.015942931,0.012709999,0.01082425,0.010862706,0.012798022,0.015194789,0.01487338,0.024424033,0.029159483,0.034257557,0.010142663,0.012696589,0.021525366,0.031082384,0.035031002,0.016074575,0.018101485,0.025605347,0.013149734,0.005403545,0.014758187,0.021569077,0.026701119,0.028197287,0.024032088,0.01945038,0.0146558,0.011714111,0.009890949,0.0090162,0.00928174,0.009332902,0.009791733,0.006013743,0.006669533,0.006871973,0.007588602,0.007800325,0.008139633,0.008348839,0.008863363,0.009214475,0,0,0,0,0,0,0,0,0,0,0,0,0
Head 0,115,0.001273933,0.000796761,0.000889358,0.000876425,0.000793336,0.00061994,0.000528325,0.0005383,0.000601785,0.000656797,0.000674438,0.000659648,0.000627647,0.000686973,0.000812121,0.00087355,0.000829062,0.000781003,0.000748234,0.000719521,0.000781905,0.001091688,0.002849529,0.001196561,0.001072846,0.002430379,0.000904077,0.001078673,0.001168139,0.003606017,0.004340852,0.003560123,0.003523453,0.00515035,0.001415198,0.001904667,0.001614888,0.001499084,0.00145677,0.003191558,0.006092633,0.002400659,0.001538849,0.002779327,0.004958974,0.002181806,0.001586252,0.007316692,0.003525228,0.003056979,0.001867773,0.003757399,0.00549781,0.011012349,0.004466834,0.0055953,0.003974733,0.012679249,0.006892721,0.004082945,0.007656067,0.013216429,0.018877668,0.005951988,0.005411275,0.009679571,0.02955511,0.009109734,0.006900222,0.013177924,0.028108424,0.011585538,0.017114237,0.018528819,0.015845651,0.012625856,0.010863698,0.011541599,0.014203916,0.015470563,0.026109034,0.033617575,0.036887869,0.010120149,0.01259776,0.01875153,0.027010961,0.029682841,0.013602503,0.015651189,0.022497471,0.016326483,0.007598124,0.015992716,0.02238676,0.026234031,0.027736967,0.025499806,0.022952134,0.018485928,0.014585396,0.011419921,0.009080806,0.008851756,0.008955619,0.009702089,0.005859407,0.00611223,0.00614569,0.007088226,0.007720235,0.008268096,0.008405772,0.008875011,0.009776137,0.009899023,0,0,0,0,0,0,0,0,0,0,0,0
Head 0,116,0.001327576,0.000787991,0.00084112,0.000851315,0.000843995,0.000718403,0.00061084,0.000565892,0.000583336,0.00063512,0.00070214,0.000735259,0.000685628,0.000684126,0.000752753,0.000841334,0.000907814,0.000965134,0.000930801,0.000786284,0.000709846,0.001033675,0.002359907,0.001149049,0.001140582,0.002589011,0.000843056,0.000889512,0.000983094,0.003016131,0.003941373,0.003604162,0.003729725,0.00507228,0.001333884,0.002026891,0.001818177,0.0016117,0.001569207,0.003250643,0.005259625,0.002309527,0.0016939,0.003130712,0.004934154,0.001810442,0.001407008,0.006202396,0.003710241,0.003716406,0.00211268,0.00392309,0.005045154,0.009019948,0.003882884,0.005408732,0.004047738,0.012768159,0.006711572,0.003920079,0.007157823,0.011933324,0.017974533,0.005407396,0.005353381,0.0095372,0.029553758,0.010126415,0.006377302,0.011869302,0.024391532,0.009015012,0.013771079,0.017793829,0.018380422,0.016014123,0.012830654,0.011606016,0.01289908,0.014403313,0.024119509,0.035053231,0.040146913,0.010638351,0.012609124,0.017517058,0.023498794,0.026753388,0.011801145,0.014137503,0.01954175,0.016031334,0.00919539,0.016421506,0.023952892,0.027138771,0.02743558,0.025363345,0.024502823,0.021859288,0.018183392,0.014167392,0.010143138,0.008997295,0.00853531,0.009201046,0.005993264,0.005933577,0.005599465,0.006359424,0.007200871,0.008142711,0.008516651,0.008823877,0.009712779,0.010560879,0.010372541,0,0,0,0,0,0,0,0,0,0,0
Head 0,117,0.001449093,0.000852898,0.000844216,0.000802639,0.000812559,0.000763893,0.000709197,0.000645396,0.000610353,0.00061398,0.000675576,0.000766942,0.000763581,0.000749575,0.000754016,0.000791894,0.00088624,0.001070292,0.001162007,0.000989094,0.000784582,0.001064779,0.001963814,0.000986598,0.001113634,0.0027402,0.000894711,0.000839854,0.000878742,0.002541607,0.003310238,0.003314929,0.003753346,0.004800334,0.00118874,0.001951106,0.001934156,0.001839428,0.001689519,0.003380173,0.004364284,0.001902919,0.001717587,0.003453558,0.005704388,0.001827183,0.001347435,0.004840106,0.003175146,0.003855728,0.002293518,0.00433508,0.005215788,0.007917568,0.003128078,0.004647172,0.003669053,0.012505108,0.006654971,0.004032517,0.007092992,0.011348773,0.018839315,0.005558762,0.005326187,0.00955375,0.025878264,0.009662403,0.005852353,0.010891843,0.024592385,0.007737694,0.010552377,0.014177457,0.017417928,0.018508878,0.016244045,0.013606356,0.01289821,0.013072722,0.020552073,0.032125544,0.041866783,0.011742944,0.013069889,0.018432898,0.022040699,0.025981501,0.011161766,0.013288568,0.017621808,0.013385272,0.008788402,0.01513236,0.024395049,0.028616345,0.028347114,0.025398793,0.024754204,0.023697384,0.02138086,0.017627083,0.012448617,0.010208429,0.008749153,0.008937705,0.006220085,0.006121752,0.005486538,0.005827546,0.006489508,0.007621618,0.008450054,0.008862842,0.009537466,0.010472122,0.011119476,0.010955916,0,0,0,0,0,0,0,0,0,0
Head 0,118,0.00154433,0.000959807,0.000928809,0.000803992,0.000756935,0.000726166,0.000744619,0.00073143,0.000686852,0.000638066,0.000645273,0.000735412,0.000788067,0.000825531,0.000813175,0.000782965,0.000823407,0.001033174,0.001272041,0.001219982,0.000976289,0.001153858,0.001788084,0.00080721,0.001007068,0.002584523,0.0009749,0.000900818,0.000872994,0.00230901,0.002751953,0.002786886,0.003416456,0.004395314,0.001082484,0.001745918,0.001820068,0.001928988,0.001681533,0.003449882,0.003900559,0.001526041,0.00163985,0.00352496,0.006510073,0.002120056,0.001420152,0.00406748,0.002427905,0.003191972,0.002168306,0.004473609,0.005583825,0.007952527,0.002616083,0.003653282,0.002959275,0.011278208,0.006573392,0.00421764,0.00736647,0.011559799,0.020390796,0.006021514,0.005031637,0.009142589,0.021150267,0.007972077,0.005326311,0.009917373,0.027020693,0.007782418,0.0089786,0.010665444,0.013555764,0.017159861,0.018571667,0.017083941,0.01504407,0.013098356,0.018098613,0.027486475,0.040591214,0.012982373,0.014217294,0.021044571,0.022848526,0.02616227,0.011112712,0.012309573,0.016325733,0.011138885,0.007230317,0.012926176,0.022575259,0.02868777,0.029531272,0.026180243,0.024957739,0.024198025,0.023306618,0.020649413,0.015544224,0.012499676,0.009895223,0.009337452,0.00629849,0.006402441,0.005740659,0.00571352,0.005983323,0.006917725,0.0080008,0.008818585,0.009534588,0.010221365,0.01104062,0.011818173,0.011132928,0,0,0,0,0,0,0,0,0
Head 0,119,0.001505038,0.000997,0.001042586,0.000883906,0.000755851,0.000665539,0.0006888,0.000740675,0.000754096,0.000703031,0.00065814,0.000693377,0.000743526,0.000834462,0.000869926,0.000815454,0.000789947,0.000937034,0.001202693,0.001310951,0.001183648,0.001233193,0.001868737,0.000704407,0.000907025,0.00213286,0.000951304,0.000977046,0.000929937,0.002315225,0.002457505,0.002300008,0.002858182,0.003857428,0.001033345,0.00157327,0.001595992,0.001770058,0.001521309,0.003344163,0.003933087,0.001376207,0.001599343,0.003449106,0.00642669,0.002373665,0.001562179,0.004112895,0.002013855,0.00238722,0.001848771,0.004118353,0.005691228,0.009053851,0.002564915,0.003008154,0.002345124,0.009220446,0.006063786,0.0041497,0.007688267,0.012457856,0.022087904,0.006354081,0.004510274,0.008196149,0.017992668,0.006464714,0.004993401,0.009174257,0.029335871,0.008697285,0.009151932,0.009003183,0.01004148,0.013028874,0.016929811,0.019415909,0.019037766,0.015485792,0.017922204,0.024589719,0.037438247,0.013406755,0.015618446,0.023969945,0.025654562,0.026816392,0.01106206,0.01088081,0.014740292,0.010220826,0.006052999,0.011122373,0.019573215,0.026463281,0.029138854,0.02672516,0.025405012,0.024245908,0.024121895,0.022454724,0.018231099,0.015276096,0.011871804,0.010479927,0.006184887,0.006384655,0.005942013,0.005834997,0.005776018,0.006274867,0.007141806,0.008242046,0.009327224,0.009955075,0.010548983,0.011554242,0.011889211,0.011008651,0,0,0,0,0,0,0,0
Head 0,120,0.001371027,0.000894297,0.001057572,0.000992185,0.000839706,0.000665175,0.000628153,0.000681675,0.000754738,0.000764172,0.000722422,0.000703178,0.000702326,0.000785947,0.000873265,0.000856677,0.000812382,0.000896457,0.00109962,0.001261769,0.001297701,0.001293994,0.002251917,0.000728028,0.000897248,0.001720088,0.00080281,0.000947981,0.000991726,0.002510616,0.002495682,0.002082405,0.002427598,0.003259972,0.000985132,0.001484267,0.001440021,0.001540799,0.001355522,0.003157321,0.004279219,0.001446691,0.001677499,0.003491659,0.005493553,0.002227111,0.001682822,0.00482127,0.002042193,0.00199557,0.001618799,0.00360722,0.005412808,0.010544007,0.002981873,0.002958368,0.002074908,0.007281095,0.004972542,0.003645889,0.007515434,0.013308793,0.02371789,0.006435788,0.004106826,0.007254266,0.017015949,0.005809912,0.00491348,0.008905025,0.028986698,0.009440513,0.010418289,0.009197868,0.008469111,0.009562078,0.012693436,0.017585207,0.021791564,0.01969669,0.019568931,0.02475634,0.03565716,0.012645103,0.016105644,0.024984173,0.028964356,0.028030159,0.010985088,0.00963522,0.012772679,0.009954634,0.005602301,0.010095781,0.017017903,0.023228323,0.026722837,0.025846735,0.025445566,0.024363386,0.024593582,0.023515975,0.019815084,0.017825184,0.014402562,0.012417583,0.006294393,0.00618848,0.005837694,0.005916042,0.00579549,0.005929415,0.006317458,0.007253127,0.008597671,0.009491242,0.00997296,0.010769097,0.011415891,0.011615166,0.011540094,0,0,0,0,0,0,0
Head 0,121,0.001263261,0.000734763,0.00091926,0.001010192,0.000956538,0.000747636,0.000636451,0.000632936,0.00070008,0.000767416,0.000795792,0.000776028,0.000725901,0.000756115,0.000840418,0.000870944,0.000859899,0.000923391,0.001047911,0.001157213,0.001255862,0.001313413,0.002812984,0.000875209,0.000964328,0.001511901,0.000632911,0.000786102,0.000974908,0.002643357,0.002685211,0.00208091,0.00218841,0.002657785,0.000869478,0.001391408,0.001371074,0.001401617,0.001299343,0.003029829,0.004591128,0.001630821,0.001811051,0.003662789,0.004475163,0.00178101,0.001719919,0.005577695,0.002394116,0.002065059,0.00158288,0.003229219,0.004830739,0.010736275,0.003597273,0.003489323,0.00213078,0.006305377,0.003869033,0.002921465,0.006523062,0.012792855,0.024036685,0.00634026,0.004023216,0.006757835,0.017765898,0.005940768,0.004851383,0.008816854,0.025562687,0.009039103,0.011532062,0.010683651,0.008811764,0.008166644,0.009289843,0.013102349,0.019817783,0.022630733,0.021328093,0.027455376,0.038651217,0.011738902,0.015341818,0.022975909,0.029959876,0.029968834,0.011418202,0.009417257,0.011388095,0.009886678,0.005710322,0.009524563,0.015506458,0.020718159,0.023902353,0.023885187,0.024647364,0.024426473,0.024899786,0.024261482,0.020391848,0.019553298,0.016854946,0.014940382,0.007103316,0.006312698,0.005640338,0.00584551,0.005891834,0.005953207,0.005969824,0.006486835,0.007719662,0.008932475,0.009625213,0.010316123,0.010770629,0.011315193,0.012427732,0.012181814,0,0,0,0,0,0
Head 0,122,0.001327745,0.000651724,0.000750125,0.000901804,0.000998323,0.000875923,0.00074125,0.00066802,0.000671693,0.000727173,0.000815934,0.000863538,0.000814398,0.00079241,0.000829159,0.000868225,0.000906712,0.001013414,0.001113762,0.001152034,0.001198718,0.001337835,0.003408811,0.00114664,0.001088717,0.001674894,0.000580255,0.000651657,0.000895713,0.002581015,0.002850906,0.00224489,0.002204682,0.002397484,0.000755422,0.001290261,0.001366302,0.001411385,0.001336451,0.002983867,0.004669506,0.001759237,0.001811601,0.003738093,0.004069415,0.001443631,0.00166618,0.005665956,0.002805803,0.002547439,0.001719762,0.003152008,0.004338809,0.009396286,0.003868046,0.004273998,0.00234211,0.006546488,0.003324168,0.002338716,0.005168167,0.0107529,0.022717977,0.006335423,0.004251176,0.00696234,0.019562257,0.006550439,0.004626217,0.008540292,0.021182381,0.007598411,0.010855923,0.011713251,0.010163538,0.00853337,0.007932587,0.009513714,0.014540197,0.020188769,0.020533048,0.030023042,0.047255222,0.01190302,0.014297772,0.020100197,0.028006043,0.030963996,0.012269499,0.010544579,0.011337963,0.00934924,0.005752529,0.008872359,0.014484692,0.019065889,0.021642147,0.021687416,0.023062786,0.024063818,0.025047965,0.025114849,0.020977814,0.020809513,0.018873602,0.01778999,0.009072998,0.007388262,0.005948408,0.005932516,0.006054276,0.006259806,0.006144717,0.006218507,0.007003545,0.008186355,0.009163289,0.010044414,0.010331538,0.010640168,0.012053035,0.013189028,0.012484312,0,0,0,0,0
Head 0,123,0.00151834,0.000667856,0.000643725,0.000723578,0.000864764,0.000896155,0.000860882,0.000774493,0.000703486,0.000682075,0.000749872,0.000857847,0.00087993,0.00086426,0.000849635,0.000840393,0.000872859,0.001012516,0.001132101,0.001133105,0.001093838,0.001315731,0.003444211,0.001271284,0.001133662,0.001971153,0.000588524,0.000550326,0.000792615,0.002293633,0.002730633,0.002324755,0.002287773,0.002162522,0.000594467,0.001016898,0.001171936,0.001338635,0.001429701,0.003147005,0.004388359,0.001624485,0.001691972,0.003701381,0.00409552,0.001301819,0.001696685,0.004768787,0.002686068,0.002920408,0.001954242,0.003382006,0.004178686,0.007169161,0.003264882,0.004414009,0.002498901,0.007754973,0.003398726,0.002108285,0.004220282,0.008550436,0.019325593,0.006128206,0.004601071,0.007761043,0.021717049,0.006985852,0.004201877,0.007838912,0.01834535,0.00627123,0.00910423,0.011228902,0.011393814,0.010124286,0.008489298,0.008207411,0.010523303,0.014877285,0.017184841,0.029422324,0.061686218,0.014072748,0.014821583,0.018200658,0.024619572,0.031339239,0.01371015,0.012641799,0.012874437,0.009260363,0.005590734,0.007873086,0.013128053,0.017582666,0.020108402,0.019974144,0.021161558,0.022693293,0.023995927,0.02480438,0.021247528,0.021340312,0.019840665,0.019936474,0.011505084,0.009256386,0.006790086,0.006127437,0.005967833,0.006283913,0.006362929,0.006276264,0.00659997,0.0074138,0.008405901,0.009621373,0.010133101,0.010223328,0.011318789,0.012833264,0.013455509,0.013231964,0,0,0,0
Head 0,124,0.001802593,0.000787857,0.000652486,0.000617157,0.000682267,0.00076809,0.000872793,0.000897032,0.000820737,0.000717282,0.000703105,0.000795667,0.00087542,0.000928802,0.000917684,0.000862167,0.000850896,0.000987744,0.001151995,0.001187265,0.001107475,0.001307096,0.003330699,0.001300793,0.001145906,0.00254017,0.000739724,0.000599895,0.000767293,0.002083375,0.002501056,0.002294671,0.002404568,0.002272989,0.000543315,0.00083935,0.000954602,0.001186429,0.00138714,0.003187069,0.004157201,0.001428273,0.001483292,0.003415447,0.004531059,0.001412188,0.001763001,0.003918372,0.002227429,0.00284028,0.002102359,0.003754007,0.004383049,0.006071127,0.002553399,0.003750468,0.00237118,0.00906765,0.004065414,0.00215586,0.003812106,0.007060743,0.015646698,0.005638822,0.004529139,0.008375838,0.023276955,0.007129629,0.003853795,0.007030758,0.017455483,0.005657933,0.007402181,0.009197167,0.010613146,0.011032046,0.009925948,0.008709521,0.008947803,0.010662314,0.013172397,0.024796221,0.070271432,0.017601201,0.017352981,0.018332502,0.022636795,0.029851997,0.014310543,0.014128396,0.015218671,0.009497765,0.005231503,0.007055239,0.011501867,0.015583259,0.018373983,0.018496223,0.019430293,0.020870566,0.022391448,0.023712585,0.021505689,0.021829644,0.020537911,0.021669146,0.013849276,0.011977857,0.008702509,0.007157975,0.006320335,0.006394306,0.006581706,0.006591214,0.006660336,0.006974319,0.007622981,0.008861274,0.009760293,0.010003482,0.010785555,0.011864151,0.012994077,0.014361716,0.013394627,0,0,0
Head 0,125,0.002022476,0.000969741,0.000788396,0.000638622,0.000587447,0.000612817,0.000749713,0.000922632,0.000973338,0.000860028,0.000758053,0.00077168,0.000829932,0.000941459,0.000997181,0.000946839,0.000892641,0.000983971,0.001147452,0.001226317,0.00116895,0.00128639,0.003173541,0.001255317,0.001173123,0.003088449,0.000974047,0.000786291,0.000850442,0.002101856,0.002375089,0.002215028,0.002475937,0.002492881,0.000574618,0.0007737,0.000780766,0.00095228,0.001226808,0.003053899,0.004017547,0.001319575,0.001405521,0.00323486,0.004882262,0.001618044,0.001881784,0.003538725,0.00180493,0.00232839,0.002159968,0.004140255,0.004862842,0.006065224,0.002137451,0.002877871,0.002109109,0.00911433,0.004891621,0.002391018,0.003952688,0.006601094,0.012747917,0.004690768,0.003935466,0.008089102,0.023603249,0.007056231,0.003790067,0.006554976,0.018200595,0.005769528,0.006668901,0.007473994,0.0087004,0.010226277,0.010842348,0.010273543,0.009563944,0.009113317,0.010414028,0.019429857,0.066006534,0.020566458,0.022072541,0.019989431,0.022943527,0.02930991,0.014033653,0.013606521,0.016730385,0.010794744,0.005368069,0.006959138,0.010319659,0.01342758,0.016090337,0.016805494,0.017935641,0.019171786,0.0207798,0.022133656,0.021098508,0.021859752,0.020966193,0.022825144,0.015035319,0.014379645,0.011288522,0.00912479,0.007365468,0.006787402,0.006700532,0.00686272,0.007011829,0.007003787,0.007182653,0.00806582,0.009100093,0.00975058,0.010660166,0.011310068,0.012208778,0.013992749,0.014624895,0.013870004,0,0
Head 0,126,0.001986475,0.001070343,0.00098047,0.00077054,0.000602868,0.000519259,0.000576444,0.00076548,0.000965526,0.000987193,0.0008879,0.000813511,0.000781622,0.000863214,0.000966405,0.000983986,0.000947598,0.000998301,0.00111023,0.001168804,0.001137943,0.001132867,0.002851351,0.001122234,0.001142093,0.003114766,0.001071002,0.000975796,0.000934997,0.002192667,0.002285534,0.002045421,0.002343428,0.002424559,0.000612124,0.000778233,0.000681989,0.000725049,0.000999165,0.002625608,0.003588105,0.001259601,0.00147283,0.003309089,0.004863904,0.001676851,0.001913656,0.003638903,0.00163597,0.001859942,0.002234744,0.004508683,0.005470189,0.006804681,0.002068683,0.002338886,0.001908948,0.00756047,0.005017645,0.002600618,0.004459355,0.007029923,0.011624338,0.003684512,0.003177393,0.006964783,0.022482106,0.007043737,0.004140866,0.006899812,0.020693822,0.006337349,0.006941364,0.006941607,0.007363725,0.008720419,0.010449065,0.011698326,0.011779093,0.009929967,0.009100909,0.015732231,0.052565672,0.0196767,0.026144097,0.021939749,0.025489014,0.032482028,0.013635095,0.011800746,0.01614462,0.012860202,0.006383048,0.007978317,0.010493181,0.01225618,0.013916365,0.01474845,0.016345074,0.017819861,0.019656396,0.020957882,0.020175446,0.021296738,0.020922029,0.023142416,0.015241255,0.015365731,0.01332175,0.011555579,0.009140846,0.007676042,0.006848618,0.006835997,0.0071566,0.007152801,0.007018534,0.00740507,0.008139919,0.008960492,0.01025677,0.011004997,0.01164249,0.012871395,0.014082938,0.014942323,0.015680449,0
Head 0,127,0.00250599,0.001746872,0.001702374,0.001527793,0.001278771,0.001061964,0.001010382,0.001078503,0.001223305,0.001348157,0.001371645,0.001274686,0.001183849,0.001161632,0.001155801,0.001127227,0.001074951,0.001090045,0.00114659,0.001188183,0.001144983,0.001085258,0.001558536,0.000966995,0.001025167,0.001332677,0.000889151,0.000896677,0.001037304,0.001526734,0.001495267,0.001377561,0.001501817,0.001220153,0.000738204,0.00087954,0.00085902,0.000894263,0.001233833,0.002173804,0.002353071,0.001380245,0.001885187,0.003207244,0.003910699,0.002080763,0.002209272,0.003366725,0.001865386,0.001706141,0.002047152,0.003051311,0.003517797,0.004072044,0.001851343,0.001786963,0.001292007,0.00299313,0.002512005,0.001671514,0.002761087,0.004184267,0.007481119,0.002949761,0.002189622,0.003870196,0.010344157,0.004755142,0.00365684,0.005843727,0.014658524,0.005666637,0.006194083,0.005899154,0.005495807,0.005800162,0.006923601,0.008690028,0.010463102,0.009744378,0.007012999,0.010182182,0.02457173,0.011345837,0.015895046,0.016582552,0.021146853,0.029992336,0.01406877,0.011858164,0.014356805,0.014739491,0.00895017,0.009505864,0.012267395,0.013788148,0.014321202,0.014026559,0.014987712,0.016725672,0.019084785,0.022113781,0.023331257,0.025749724,0.025937695,0.027548848,0.022462348,0.021395493,0.018555677,0.016882295,0.01429133,0.01218991,0.010483749,0.009751129,0.00970125,0.009647308,0.009605846,0.01021522,0.011259621,0.01265401,0.015023938,0.016835069,0.018269148,0.019271128,0.020451911,0.021559933,0.023005327,0.009969641
Head 0,128,0.001973035,0.0019571,0.001957117,0.001777278,0.001486834,0.001296715,0.001231869,0.001311771,0.001508721,0.001692262,0.001683761,0.00156915,0.001449251,0.001347373,0.001278606,0.001205164,0.00119801,0.001221339,0.001258656,0.001239982,0.001265959,0.001613363,0.001210993,0.001222086,0.001205093,0.000957482,0.000983866,0.001303247,0.001741731,0.001714948,0.00155518,0.001582673,0.001093697,0.000872177,0.001024856,0.001039275,0.001051074,0.001476296,0.002169883,0.00209452,0.001504636,0.002097593,0.003220308,0.003465182,0.002160622,0.00236488,0.003473225,0.002144841,0.001776397,0.002122415,0.002791517,0.003184918,0.00352221,0.002059428,0.001953426,0.001302513,0.002228505,0.001863994,0.001370298,0.002175886,0.003317031,0.005980046,0.002692399,0.001878596,0.002943124,0.007257672,0.004064236,0.003361255,0.005373448,0.011349036,0.005142403,0.005638259,0.005351202,0.004544467,0.004194377,0.004559854,0.005747864,0.00764284,0.008141736,0.005955246,0.008112129,0.015672447,0.007519935,0.010257446,0.012613089,0.017919147,0.025942983,0.013464678,0.011984095,0.013299189,0.012915678,0.0085604,0.009990299,0.012735166,0.013952285,0.013795366,0.012824276,0.013127289,0.014378384,0.016095404,0.019133469,0.021386283,0.024813028,0.026612243,0.029165071,0.026482757,0.024817472,0.021671573,0.020685295,0.018692631,0.016565206,0.014031135,0.012339114,0.011665944,0.011331537,0.011091962,0.011396697,0.011999236,0.013126253,0.015682712,0.01834798,0.020869363,0.022214854,0.02358482,0.025223373,0.028254239,0.013434984,0.011480737
Head 0,129,0.002860212,0.003100404,0.003185569,0.002938079,0.002500826,0.002061253,0.001882962,0.002054073,0.002435963,0.002703596,0.002770155,0.002557609,0.00218759,0.001880448,0.001609078,0.001463499,0.00139612,0.001414372,0.001415921,0.00213396,0.001605502,0.001617824,0.001984963,0.001001487,0.001045547,0.001005012,0.002307825,0.002545005,0.002591307,0.002401738,0.002247163,0.000833878,0.000965446,0.001062809,0.001178615,0.001246383,0.002851512,0.003182231,0.001527882,0.001372765,0.002968612,0.003783099,0.002269986,0.001965629,0.003343919,0.002579489,0.001977338,0.001509211,0.002550937,0.002651518,0.002845992,0.001729439,0.001589554,0.001651384,0.001526089,0.001351696,0.001154474,0.001251884,0.001717952,0.00249561,0.003266984,0.002170878,0.001887772,0.002401681,0.003877712,0.002913605,0.002967027,0.004502563,0.006377102,0.004013901,0.004236624,0.004064957,0.003202231,0.002565718,0.002467914,0.002943633,0.004071987,0.004999831,0.00446326,0.005496216,0.007378361,0.004150913,0.004707121,0.007546276,0.011469579,0.014622914,0.010983243,0.011870218,0.011701092,0.009436411,0.00679816,0.009264968,0.011659766,0.013046605,0.013025532,0.011716943,0.011132592,0.011451783,0.011908948,0.014255161,0.01780045,0.021774866,0.025568811,0.028982185,0.030529352,0.02853962,0.024772683,0.023633981,0.02254522,0.021570619,0.01944994,0.016902495,0.01512135,0.014110988,0.013600862,0.01377738,0.014112906,0.014881096,0.017276507,0.020314669,0.024071999,0.026099974,0.028152093,0.030344017,0.033964861,0.015133947,0.014212245,0.019696349
Head 0,130,0.002242014,0.002545021,0.00275147,0.002670101,0.002212598,0.001842251,0.001749199,0.001873112,0.002018906,0.002182859,0.00217823,0.00199571,0.001820062,0.001647225,0.001530375,0.001419169,0.001350838,0.001276949,0.001567208,0.001458322,0.001542394,0.001375452,0.000939263,0.000869295,0.000741311,0.001396154,0.001483127,0.001615191,0.001609876,0.001499133,0.000543837,0.000606265,0.000623539,0.000709156,0.000795787,0.002119425,0.00230443,0.00093852,0.00086365,0.002153852,0.002713676,0.001363964,0.001221963,0.002908172,0.002035826,0.001796529,0.001653413,0.002793273,0.002858405,0.002820086,0.001194336,0.001053127,0.001205976,0.001577401,0.00112902,0.000858061,0.001017325,0.001264336,0.00169639,0.002039533,0.001499237,0.001587434,0.002057998,0.003315975,0.002123891,0.002080244,0.003394823,0.005159823,0.003084513,0.004001244,0.004643505,0.004322871,0.003663139,0.003238778,0.003295614,0.004137208,0.005007125,0.003982126,0.005433604,0.012833668,0.005170853,0.005269171,0.005401585,0.008176315,0.014896973,0.011039315,0.01191568,0.012814827,0.015658513,0.0103833,0.008560781,0.011219251,0.013008289,0.013398972,0.01210953,0.011399259,0.011446316,0.011281234,0.012802054,0.015372901,0.018709034,0.022569641,0.027580896,0.03135258,0.031651244,0.027279843,0.025671596,0.02463364,0.024451857,0.023221539,0.020363467,0.017692892,0.015851198,0.014662884,0.014507787,0.014464579,0.014614581,0.016441924,0.019329518,0.023855304,0.027197657,0.03035447,0.032732297,0.036117271,0.012584931,0.010920004,0.013885539,0.008851844
Head 0,131,0.001704961,0.001983762,0.002219189,0.002073552,0.00179863,0.001598107,0.001537721,0.001536823,0.001632302,0.001645014,0.001523844,0.001425736,0.001369718,0.00136883,0.001362313,0.001334027,0.001245137,0.001088723,0.001280024,0.001358089,0.000936653,0.001051605,0.00091217,0.000730481,0.000862487,0.000846316,0.000883899,0.000923518,0.000906899,0.000418708,0.000428859,0.000410818,0.000459701,0.000530901,0.001263085,0.001371779,0.00058961,0.000563314,0.001367716,0.001727463,0.000968118,0.000842141,0.002105891,0.001419507,0.001323173,0.001562786,0.002778679,0.003225381,0.003096149,0.001271328,0.000882231,0.001025523,0.001593735,0.001150726,0.00081606,0.001026491,0.001175536,0.001383503,0.001494355,0.001037308,0.001237395,0.001718335,0.002908851,0.001641368,0.001598634,0.002754502,0.004959696,0.002445921,0.003407057,0.004309405,0.004865649,0.005031331,0.004888865,0.004751088,0.005320934,0.005583644,0.003793152,0.005544977,0.022378678,0.006905136,0.007387854,0.005005056,0.007034712,0.01762256,0.010290501,0.010759747,0.013344239,0.019920263,0.012398576,0.008496673,0.011759891,0.01377768,0.013920804,0.012235491,0.011414248,0.01148319,0.011375251,0.012676124,0.014408488,0.016968854,0.019617826,0.024844935,0.02919692,0.03272143,0.029205218,0.027750088,0.026467996,0.026614899,0.026293419,0.023592569,0.02032418,0.017474808,0.015430397,0.014913066,0.014583678,0.014111115,0.014960757,0.016684251,0.020424487,0.024517093,0.02929402,0.033157993,0.036851808,0.011644008,0.009677505,0.010587847,0.006816815,0.005464864
Head 0,132,0.00173212,0.002033622,0.002142118,0.002044454,0.001809222,0.001604027,0.001483463,0.001530118,0.001585135,0.001522468,0.001426884,0.001330101,0.001283744,0.001289594,0.001319003,0.001306694,0.001085706,0.001308926,0.001323076,0.000915937,0.00122056,0.001100169,0.000925521,0.00091207,0.000876245,0.000860975,0.000876186,0.000876106,0.00045248,0.000430273,0.000380066,0.000397193,0.000456423,0.001097955,0.001228207,0.000545323,0.000509588,0.001207003,0.001455835,0.000831215,0.000769917,0.001938963,0.001201121,0.001057615,0.001313041,0.002680782,0.003467885,0.003501878,0.001532834,0.000915425,0.001018569,0.001756764,0.001310847,0.000946476,0.001238612,0.001361538,0.001478342,0.001362487,0.000904076,0.001126975,0.001596,0.002662674,0.001408037,0.001453616,0.002497541,0.00498667,0.00242698,0.003319062,0.003967376,0.004514716,0.005002096,0.005329201,0.005480473,0.005996176,0.005659308,0.003817997,0.005315091,0.024440713,0.00733575,0.008443458,0.00486718,0.006572809,0.017713854,0.00919925,0.009185961,0.012809073,0.019375762,0.011040015,0.008259281,0.011428102,0.013566475,0.013920002,0.012300179,0.011303272,0.010957403,0.010616535,0.011476646,0.01285759,0.015130049,0.017327003,0.022232946,0.024914267,0.030754438,0.029943902,0.029906431,0.028742986,0.028873637,0.02923041,0.027464118,0.024381312,0.020442715,0.017000824,0.015586259,0.014843104,0.014154109,0.014547088,0.015208066,0.017442008,0.020526573,0.025448121,0.030952025,0.036633197,0.012031461,0.010817302,0.01198481,0.007107928,0.006387441,0.009283166
Head 0,133,0.001766063,0.001996869,0.002154248,0.002088857,0.00185394,0.001581139,0.001489531,0.001500668,0.001499939,0.001481955,0.001399337,0.001296953,0.001236651,0.001231393,0.001246871,0.001050074,0.001229271,0.001316809,0.000949751,0.001251194,0.001203228,0.001090043,0.000969899,0.000906505,0.000873648,0.000876663,0.000881834,0.000512792,0.000498194,0.00041686,0.00039104,0.000407665,0.000992482,0.001118183,0.000527328,0.000531026,0.001195027,0.001313998,0.000693927,0.000701576,0.001779134,0.001058862,0.000936629,0.001100488,0.002492205,0.003299857,0.003455032,0.001696208,0.000999101,0.001032135,0.001907642,0.00132695,0.001040385,0.00143146,0.001539221,0.001562773,0.001179821,0.000760384,0.001001305,0.001391626,0.002369251,0.001304732,0.001352636,0.002190259,0.004242828,0.002227997,0.003078292,0.003616191,0.004006948,0.004447016,0.004951836,0.005483292,0.006286509,0.005695084,0.003916254,0.005137679,0.021300292,0.006881074,0.008805884,0.004592134,0.006105447,0.01638918,0.007948235,0.007361597,0.011250778,0.019769887,0.011318266,0.008559232,0.011281653,0.012930374,0.013287919,0.012126732,0.011451563,0.010985736,0.010348852,0.010597124,0.011314685,0.013048264,0.014939022,0.01918943,0.020538023,0.026553228,0.028252762,0.03073898,0.030953635,0.031311117,0.031884033,0.031171203,0.029497311,0.025590738,0.020847633,0.018023552,0.016181335,0.014953159,0.015116917,0.01523863,0.016411085,0.017929507,0.021651644,0.027095051,0.03435545,0.01204043,0.011863573,0.015169445,0.008388392,0.007443131,0.011097692,0.010897527
Head 0,134,0.001662896,0.001905889,0.002078989,0.002036441,0.00175072,0.001531501,0.001426855,0.001403626,0.001449973,0.001444831,0.001356862,0.001249325,0.001181697,0.001174832,0.000964233,0.00117712,0.001358692,0.000967216,0.001273067,0.001240944,0.001199705,0.000969956,0.000922057,0.000889879,0.000878887,0.000872163,0.000577422,0.000573117,0.000494427,0.000437534,0.000403812,0.000891439,0.000966867,0.000483328,0.000542039,0.00115999,0.001205013,0.000587669,0.000593423,0.001474543,0.00093805,0.000873306,0.000968761,0.002267348,0.003003811,0.003227331,0.00182983,0.001130084,0.0011485,0.002082921,0.001324781,0.001047825,0.001556515,0.00171373,0.001711326,0.001154089,0.000671989,0.000904779,0.001185786,0.0020359,0.001228883,0.001252286,0.001959941,0.003618731,0.00195849,0.002803171,0.003399657,0.003724386,0.004022362,0.004420901,0.005107004,0.006391298,0.006148077,0.004100203,0.005215939,0.018979382,0.006004416,0.008430839,0.004198314,0.005695701,0.016962757,0.007353918,0.005801569,0.008980453,0.019228989,0.011972276,0.008828724,0.011661651,0.012914819,0.012825415,0.011690798,0.011326129,0.011046192,0.010318192,0.010177446,0.01012007,0.011228556,0.012596443,0.015934939,0.016642123,0.021319661,0.023715254,0.02829133,0.031168055,0.03312682,0.034165781,0.03387744,0.033775952,0.031343997,0.026363792,0.022266049,0.018746084,0.016340971,0.016028179,0.015910139,0.016433654,0.016647361,0.018659003,0.02252022,0.029501624,0.011441334,0.011875134,0.017682848,0.010237224,0.00893844,0.013534083,0.013562841,0.010719673
Head 0,135,0.001691262,0.001950913,0.002137942,0.002006109,0.001746698,0.00150968,0.001378944,0.00140305,0.001456943,0.001444288,0.001348248,0.001227861,0.001155949,0.000928504,0.001125972,0.001393104,0.000988033,0.001315646,0.001273368,0.001241187,0.000955136,0.000937104,0.000918787,0.000915043,0.000905216,0.000642481,0.000626353,0.000586789,0.000533485,0.000466138,0.000905044,0.000920387,0.000443896,0.00053752,0.001157167,0.001194379,0.000556135,0.000529499,0.001272505,0.000809481,0.000824198,0.00092629,0.002189035,0.002865594,0.003080731,0.001832946,0.001226149,0.001335255,0.002342792,0.001407758,0.001054161,0.001723783,0.001931954,0.001933384,0.001252918,0.000670467,0.000921509,0.001116495,0.001744694,0.001166335,0.001192234,0.001845198,0.003174431,0.001682397,0.002418177,0.003095121,0.003535335,0.00385334,0.00412293,0.004666862,0.006035449,0.006296009,0.004251361,0.005441029,0.017786995,0.005296058,0.007613106,0.003920956,0.005345082,0.018358374,0.007346915,0.004956615,0.007280014,0.017022673,0.011804054,0.008647401,0.012182288,0.013507808,0.012899854,0.011376197,0.011036237,0.011041172,0.010434412,0.010231682,0.009628876,0.010162136,0.010895357,0.013367211,0.014041672,0.017396079,0.019178798,0.023922434,0.028660718,0.033006851,0.035677429,0.035701133,0.036331035,0.035695467,0.031927165,0.027721545,0.022613272,0.018461237,0.017084807,0.016528334,0.016695686,0.016317654,0.017021261,0.01903335,0.023948284,0.010133448,0.010568813,0.016333243,0.010741231,0.009683794,0.015280046,0.016124891,0.013207234,0.01112901
Head 0,136,0.001930698,0.002243968,0.002357363,0.002215722,0.001890084,0.001588493,0.001496471,0.001516299,0.001555108,0.001520405,0.00140817,0.001281088,0.001031423,0.001033293,0.001417565,0.001034536,0.001248511,0.001395928,0.001331324,0.001034416,0.000939359,0.00091181,0.000931389,0.000924758,0.000635296,0.000682945,0.000662688,0.000658497,0.000603064,0.001088992,0.000981483,0.000398398,0.000527109,0.001234402,0.001226543,0.000539635,0.000553666,0.001300065,0.000655676,0.000745496,0.000866316,0.002182436,0.002692283,0.002854755,0.001510338,0.001165212,0.001373309,0.002477054,0.001312658,0.000966971,0.001856892,0.001995276,0.001944533,0.001155517,0.000662483,0.000950212,0.001016101,0.001162429,0.000896983,0.001052787,0.001591282,0.00238863,0.00132586,0.001798148,0.002326875,0.002765529,0.003139815,0.00341208,0.003785496,0.004831134,0.00526249,0.003921187,0.004936778,0.014069931,0.004220098,0.005777061,0.003436124,0.004580072,0.016746784,0.006897733,0.004322526,0.005859855,0.013112761,0.009732613,0.007343334,0.011402145,0.013395926,0.01278404,0.0108307,0.010165793,0.010220498,0.009780774,0.009844859,0.009365267,0.009556863,0.009761794,0.011420594,0.012272558,0.014923948,0.016025899,0.019834084,0.024944162,0.031212637,0.03676058,0.038007934,0.038871065,0.039180491,0.037126951,0.034474872,0.028962519,0.023061674,0.02019101,0.018631438,0.018395806,0.017850777,0.018019618,0.018970519,0.021950658,0.009111151,0.009733009,0.014834628,0.010337382,0.009489373,0.015790883,0.017761113,0.015517355,0.013719383,0.011096417
Head 0,137,0.002019343,0.002295474,0.002417075,0.002230326,0.001857594,0.001615135,0.001509309,0.001517518,0.001537868,0.00149811,0.001383138,0.001113591,0.001049906,0.001396666,0.001002827,0.001240852,0.001490108,0.001379132,0.001067191,0.000962672,0.000927012,0.000946744,0.0009489,0.000684619,0.000693276,0.000670543,0.000702748,0.000701166,0.001197594,0.001079119,0.000406978,0.000485312,0.001161735,0.00118006,0.000540804,0.000585725,0.001324186,0.000568014,0.000637415,0.00075746,0.001988883,0.002486926,0.002729153,0.001325905,0.001059112,0.001369832,0.00255391,0.001482044,0.00105893,0.00211525,0.002237228,0.002201592,0.001250734,0.000755051,0.001098222,0.001101073,0.000999425,0.000757585,0.000955754,0.001424223,0.002124939,0.001216996,0.001541996,0.001912943,0.002291486,0.002718945,0.003091046,0.00344428,0.00427167,0.004691854,0.003887365,0.004900089,0.014066164,0.004140061,0.005219755,0.003370654,0.004328918,0.016380686,0.007205046,0.004049663,0.005269315,0.01135244,0.007862178,0.005786447,0.009822895,0.012790829,0.013080335,0.011117643,0.010089393,0.009863565,0.009363247,0.009519545,0.009323954,0.009398295,0.009266827,0.010359809,0.010713395,0.013042585,0.013679528,0.016189575,0.020240843,0.026570085,0.034203354,0.037922755,0.039920196,0.040826324,0.040045064,0.03967686,0.035417628,0.028674342,0.024258899,0.020961482,0.019633396,0.018723581,0.018530734,0.018703101,0.019832607,0.00781873,0.008576583,0.012157444,0.008811051,0.008636677,0.014969221,0.017700132,0.016407929,0.015400235,0.012858894,0.012041397
Head 0,138,0.001929163,0.002165413,0.00224897,0.00204741,0.001776677,0.001548745,0.001453272,0.001437968,0.00143918,0.001377746,0.001127011,0.001006787,0.001307898,0.000935102,0.001143223,0.001518522,0.001408398,0.001064949,0.000914197,0.000874819,0.000891636,0.000899027,0.000735213,0.000734166,0.000654904,0.000666647,0.000698822,0.001155608,0.001083138,0.000441892,0.00047466,0.001027751,0.001006699,0.00049198,0.000607187,0.001283457,0.000504385,0.000545269,0.00062463,0.001588186,0.001967823,0.002232345,0.001088862,0.000886844,0.001167385,0.002275776,0.001559813,0.00119198,0.002198861,0.002289101,0.002242703,0.001230011,0.000811297,0.001174687,0.001149033,0.000927333,0.000649275,0.00081994,0.001142062,0.00172909,0.00109743,0.001338272,0.001567777,0.001822516,0.002198266,0.002625966,0.003022642,0.003671799,0.00388786,0.003583632,0.004509341,0.013399273,0.004168444,0.005014371,0.003234117,0.00396584,0.013902714,0.006662363,0.003595122,0.004826379,0.011093423,0.006757556,0.004407183,0.007597091,0.010739225,0.012255576,0.01116736,0.010265589,0.009792655,0.00910799,0.009076407,0.009053797,0.009125588,0.008905622,0.00965472,0.009197849,0.011412495,0.01206167,0.013734165,0.016486233,0.021487501,0.029182054,0.035261594,0.039758839,0.041900203,0.041853789,0.04328081,0.041368987,0.03560378,0.03079522,0.025602488,0.02259795,0.020633643,0.020043366,0.019918745,0.020116106,0.00719084,0.00805545,0.011069915,0.007809384,0.00811233,0.014345795,0.017397258,0.016808385,0.016584354,0.014501996,0.013928751,0.011229197
Head 0,139,0.001786791,0.001969954,0.00200805,0.001884338,0.001643406,0.001457916,0.001353952,0.001325801,0.001297315,0.001041908,0.000960794,0.001243167,0.000888179,0.001047237,0.001471682,0.001431295,0.001041579,0.00086684,0.000834918,0.000847424,0.000855394,0.000814511,0.000829598,0.000689501,0.00064192,0.000645255,0.001036766,0.001030602,0.000498945,0.00051502,0.000975823,0.000896957,0.000428542,0.0005802,0.001209528,0.000465399,0.000489236,0.000510741,0.001279869,0.00153338,0.001770935,0.000916348,0.000765509,0.000956251,0.002012202,0.001468194,0.00126207,0.002239541,0.002389877,0.00235082,0.001186903,0.000806238,0.001232219,0.001206771,0.000932798,0.000612746,0.000775815,0.000975092,0.001354935,0.000957269,0.001177985,0.001341279,0.00148031,0.001737617,0.00212222,0.002578356,0.003234701,0.003354534,0.003317206,0.004179992,0.012028851,0.004101443,0.005137818,0.003165318,0.003779917,0.01174785,0.005736126,0.002993822,0.004228549,0.011516354,0.006497801,0.00356871,0.005848258,0.008366666,0.010337193,0.010372289,0.010200311,0.009904454,0.009173694,0.008888073,0.008736155,0.008797271,0.008620031,0.009172478,0.007855148,0.009707077,0.010481451,0.011896174,0.01384123,0.017326254,0.023451617,0.029964866,0.036783606,0.041255344,0.042366546,0.044792406,0.044748005,0.04120579,0.038095232,0.032235552,0.027443269,0.023514712,0.021884892,0.021363582,0.021500463,0.00689201,0.007643369,0.01107313,0.007299894,0.007739922,0.013899779,0.017067406,0.016969219,0.017499562,0.016394764,0.016233286,0.013352289,0.010276295
Head 0,140,0.001733513,0.001847555,0.001892911,0.001764792,0.00158632,0.001422178,0.001335655,0.001292388,0.000920858,0.00099088,0.001265553,0.000865344,0.001017225,0.00140894,0.001465189,0.001004372,0.000851476,0.000825977,0.000828413,0.000830584,0.00096313,0.0010179,0.000868207,0.000762038,0.000694982,0.000945579,0.000959654,0.000590444,0.000619117,0.000996627,0.000883092,0.000424522,0.000555265,0.001076843,0.000473295,0.000494348,0.000465272,0.001074765,0.001227545,0.001414646,0.000859766,0.000743357,0.000869356,0.00175637,0.001319251,0.001220929,0.002151973,0.002519497,0.00261808,0.001387491,0.000847559,0.001292087,0.001279977,0.001045567,0.000664524,0.00082599,0.000963013,0.001210768,0.000852995,0.001069865,0.001210869,0.00127554,0.001425503,0.001716882,0.00218999,0.002982708,0.003255454,0.003074746,0.003949258,0.010848178,0.003809212,0.005240874,0.00318202,0.003848982,0.011831523,0.005220315,0.002438162,0.003427876,0.011308125,0.006474929,0.003045574,0.004813245,0.006642199,0.00820809,0.00864986,0.009175331,0.009484841,0.009155556,0.008920485,0.00841741,0.008442267,0.008199478,0.008575088,0.006728578,0.007894502,0.008481344,0.009825095,0.011468924,0.013918589,0.018052883,0.023074839,0.030090872,0.036698502,0.04009765,0.04392872,0.045096662,0.043546565,0.04336068,0.039164428,0.033449531,0.027373971,0.023808027,0.022116721,0.022352375,0.007109236,0.007342764,0.011171665,0.00743348,0.00807139,0.01442291,0.017739501,0.017922524,0.019185323,0.019537371,0.020450573,0.017292598,0.013421085,0.010773716
Head 0,141,0.001744798,0.001865294,0.001877859,0.001790771,0.001603199,0.001435579,0.001321035,0.000857168,0.001055554,0.001362278,0.000879138,0.001029265,0.00131891,0.001373525,0.000945582,0.000836478,0.000837764,0.000849242,0.000841919,0.00106328,0.001141145,0.001066425,0.000962291,0.000837187,0.000978512,0.000980058,0.000688589,0.000742983,0.001089121,0.000975829,0.000465226,0.000544787,0.001032653,0.000496371,0.000548433,0.00050021,0.001055988,0.001112783,0.001217396,0.000761927,0.000729691,0.000865178,0.001684437,0.001202322,0.00110766,0.002052895,0.0025683,0.002825822,0.001596757,0.000918861,0.001480122,0.001454269,0.001156507,0.000749587,0.000944935,0.001052435,0.001084573,0.000735833,0.000941153,0.00111872,0.001190138,0.001277394,0.001441042,0.00177882,0.002519075,0.003017443,0.002909242,0.003938453,0.009945454,0.003467447,0.00493111,0.003205909,0.003948646,0.012183804,0.005111875,0.002305847,0.003014006,0.010705281,0.006613173,0.002769134,0.004354572,0.005777129,0.006893856,0.007296606,0.008133608,0.009018168,0.009148688,0.009182313,0.008424364,0.008384713,0.008060186,0.008359239,0.006454752,0.006987329,0.007081493,0.00809305,0.009522226,0.011520583,0.014515771,0.017954318,0.023591401,0.030595606,0.036046181,0.041862611,0.044169072,0.043519311,0.045504693,0.044484325,0.04007623,0.033041269,0.027264638,0.023513446,0.022861179,0.007007548,0.006422818,0.009612884,0.006945144,0.007698883,0.013898713,0.017365471,0.017753955,0.019393614,0.020852361,0.023505015,0.021279333,0.017116595,0.01399416,0.01083074
Head 0,142,0.00182153,0.001895682,0.001935704,0.001816216,0.001621581,0.001420296,0.00085924,0.00111959,0.001455453,0.000888231,0.001072672,0.001309085,0.00128388,0.000888551,0.000789322,0.000808387,0.000842549,0.000836359,0.001081965,0.001166911,0.001165591,0.0011398,0.001032237,0.001034129,0.001003103,0.000764269,0.000821971,0.001096495,0.001025783,0.000549835,0.000584081,0.001007771,0.000507225,0.000595568,0.000568807,0.001057661,0.001046585,0.001081251,0.000664549,0.000695943,0.00086948,0.001556114,0.001152583,0.00103498,0.001874507,0.0023807,0.002722434,0.001816535,0.001072198,0.00169028,0.001659826,0.001283133,0.00084603,0.001044326,0.001146185,0.001064323,0.000676676,0.000835805,0.001019207,0.001124368,0.001207559,0.001293141,0.001472216,0.00198742,0.002485427,0.002498749,0.003610629,0.009155551,0.003182348,0.004361575,0.003145666,0.003887364,0.012033674,0.00511168,0.002429242,0.002925109,0.009367245,0.006070415,0.002473659,0.003998123,0.005276622,0.006118442,0.006307538,0.007073307,0.008220183,0.008762403,0.009271095,0.008643146,0.008617996,0.008184328,0.00846881,0.006850705,0.007021509,0.006609286,0.007134631,0.008215118,0.009947515,0.012433602,0.014836433,0.018804606,0.024574049,0.030487223,0.03797093,0.0422079,0.042597663,0.04566519,0.047180507,0.045574971,0.040058021,0.033160146,0.027225286,0.024693916,0.007594774,0.00617872,0.00815274,0.006260931,0.007051351,0.012798424,0.016318824,0.01687202,0.018565217,0.02029275,0.02404874,0.023542939,0.020205937,0.017008098,0.013549408,0.011443734
Head 0,143,0.001833085,0.001930921,0.001928458,0.001805572,0.001570327,0.000874127,0.001210687,0.001515002,0.000862281,0.001153815,0.00139375,0.001273981,0.000857985,0.000749608,0.000768614,0.000820826,0.000829745,0.001110348,0.001176092,0.001174385,0.001220663,0.001205494,0.001081684,0.001047533,0.000859877,0.000862201,0.001038164,0.001019814,0.00067109,0.000686074,0.001029972,0.000518469,0.000604567,0.000610079,0.001029746,0.000997216,0.000997382,0.000587773,0.000626919,0.000808198,0.00135346,0.001134107,0.001024224,0.001708492,0.002129819,0.002476839,0.001944133,0.001247986,0.001853003,0.001878277,0.001439221,0.000923949,0.001106801,0.001206943,0.001121631,0.000677424,0.00076877,0.00090414,0.001015582,0.001125159,0.001209044,0.001300312,0.001597998,0.001926285,0.001985351,0.002995098,0.008348085,0.003060967,0.003934162,0.003022305,0.003673467,0.01123393,0.005116026,0.002594821,0.003007102,0.008267226,0.005175809,0.002099543,0.003462294,0.004677434,0.005457058,0.005520775,0.006072334,0.007127369,0.007851534,0.008747741,0.008626343,0.008791049,0.008345637,0.008675586,0.007319664,0.007451512,0.006684278,0.006676585,0.007233478,0.008558187,0.010680149,0.012581466,0.015339701,0.019413408,0.02433786,0.032026131,0.038246658,0.040575135,0.044656087,0.047382645,0.048333462,0.046224803,0.040578172,0.033648457,0.029041771,0.009233173,0.006944397,0.007626686,0.005815231,0.006651293,0.011906899,0.015265292,0.015931275,0.017676773,0.019430064,0.023446711,0.024475031,0.022751831,0.020094397,0.016562646,0.014490866,0.011422652
Head 0,144,0.001910663,0.001970129,0.001946107,0.001747205,0.0008774,0.001347992,0.001560946,0.000828322,0.001255924,0.00152632,0.001364537,0.000860997,0.000741402,0.00074778,0.000801654,0.000828905,0.00119277,0.001237541,0.001169659,0.001204051,0.00125513,0.001066911,0.001086107,0.001012517,0.0009231,0.000991722,0.00100416,0.000805922,0.000828377,0.001096808,0.000563041,0.000604075,0.000609026,0.000990445,0.000968658,0.000965819,0.000555921,0.000563264,0.000695171,0.001161715,0.001076362,0.00104146,0.001614318,0.001986291,0.002313844,0.001961329,0.001355477,0.001947499,0.002110783,0.00167878,0.001006919,0.001216984,0.001307917,0.001246635,0.000734777,0.000772862,0.000840353,0.000917049,0.001034631,0.00115721,0.001248391,0.001429135,0.001571909,0.001621042,0.002452468,0.007441846,0.003037919,0.003859029,0.002999811,0.003596687,0.010447238,0.005067876,0.002706384,0.003223741,0.008166093,0.00468115,0.001867916,0.002987556,0.004052547,0.004821436,0.004907888,0.005339579,0.006202789,0.006927273,0.007946977,0.008315745,0.008799967,0.008527429,0.00899955,0.007641778,0.007994282,0.007173912,0.006800282,0.006835383,0.007616439,0.009243892,0.010867411,0.013008238,0.015787013,0.019216346,0.025568584,0.03231008,0.036651846,0.04235423,0.045970302,0.048418343,0.04918237,0.046659652,0.04119309,0.036015619,0.011683036,0.008531213,0.008285811,0.005728194,0.006531331,0.011353893,0.014232937,0.014810743,0.016554331,0.018505014,0.022109795,0.023651734,0.023353094,0.022075411,0.019116728,0.017495317,0.01428458,0.01175072
Head 0,145,0.002044154,0.002079231,0.001954206,0.000883856,0.001569974,0.001685116,0.000840939,0.001378665,0.001661751,0.001534155,0.000911241,0.000789309,0.000780439,0.000822214,0.000860245,0.001342986,0.001421289,0.001280826,0.00124334,0.001269664,0.001048864,0.001134834,0.001234456,0.001072219,0.001046562,0.001067179,0.000959717,0.00099371,0.001221349,0.000682237,0.000659766,0.000621057,0.001019575,0.001003614,0.001005585,0.000580569,0.000555406,0.000613625,0.001068363,0.000949176,0.001017927,0.001600869,0.001997005,0.002328118,0.001912573,0.001356783,0.002015874,0.002343734,0.00197595,0.001139058,0.001487069,0.001565645,0.001409189,0.000824227,0.000834437,0.000838766,0.000853262,0.00093763,0.001083543,0.001231935,0.001410762,0.001437094,0.001460161,0.002129741,0.006147024,0.00283743,0.003811465,0.003069819,0.003724476,0.009726252,0.004818821,0.0027297,0.003416137,0.008590218,0.004654455,0.001860921,0.002756478,0.003572365,0.00421231,0.004336019,0.004749555,0.00548022,0.006150469,0.007132963,0.007732375,0.008530281,0.00857402,0.009272641,0.007762424,0.008299249,0.007672351,0.007241454,0.006916365,0.007152306,0.008149256,0.009402247,0.011204453,0.013247754,0.015477477,0.020022526,0.025728995,0.030855607,0.038069196,0.04314439,0.046738911,0.048760802,0.049224101,0.047153477,0.044471826,0.014677194,0.010778533,0.01047887,0.006268793,0.006774686,0.01125422,0.013409087,0.013668115,0.0153047,0.01768643,0.020882037,0.022223204,0.022447702,0.022752356,0.020968795,0.02032687,0.017343229,0.014819554,0.013271212
Head 0,146,0.002147832,0.002073712,0.000861004,0.001823769,0.001895466,0.000869115,0.001486122,0.001715399,0.001650257,0.00093693,0.000830104,0.000815797,0.000837829,0.000865024,0.001424295,0.001611513,0.001455781,0.001349519,0.001288715,0.001001751,0.001103071,0.001409292,0.00126266,0.001111364,0.001124789,0.001074565,0.001084177,0.001253221,0.000853912,0.000783966,0.000677246,0.001061149,0.00102606,0.001022003,0.000634143,0.000604284,0.00059847,0.001007057,0.000797561,0.000913805,0.001469889,0.00188833,0.002229204,0.001836208,0.001283597,0.001930884,0.002349038,0.002265557,0.001336636,0.001796636,0.001890429,0.001610116,0.000929027,0.00094619,0.000912803,0.000856673,0.000870035,0.000976504,0.001152369,0.001392786,0.001415067,0.00134654,0.001888333,0.004932529,0.002435907,0.003509393,0.0029268,0.003739606,0.009171601,0.004464093,0.002671906,0.003423482,0.00898166,0.00497533,0.002018998,0.002771508,0.003328688,0.003732062,0.003803862,0.004213577,0.004888558,0.005503363,0.006401693,0.006971789,0.007961524,0.008350396,0.00935036,0.007965236,0.008492294,0.008055408,0.007862672,0.007467931,0.007324253,0.007700379,0.00843366,0.009889639,0.011574391,0.013131688,0.016237974,0.020321216,0.024803935,0.03236315,0.039151452,0.044322625,0.046907984,0.048864894,0.049730353,0.051731225,0.018260932,0.013554225,0.014446747,0.007932555,0.007793423,0.012090833,0.013412306,0.012936567,0.014074488,0.016615739,0.019581005,0.02064375,0.020728758,0.021927778,0.021433545,0.022118013,0.019887898,0.017627565,0.016596474,0.014560835
Head 0,147,0.002113638,0.000832173,0.002039274,0.002152801,0.000892416,0.001597915,0.001718273,0.00165659,0.000917315,0.000840947,0.000837325,0.000849721,0.000854941,0.001382164,0.001670209,0.001607237,0.001528199,0.001400849,0.000993315,0.001053585,0.001467833,0.001415907,0.001159274,0.001181965,0.001170428,0.001096694,0.001210798,0.001010098,0.000951834,0.000798935,0.001147483,0.001068633,0.001032395,0.000662517,0.000670179,0.000639045,0.001000114,0.000673124,0.00076239,0.001289271,0.0016786,0.002011935,0.00172335,0.001199049,0.001843666,0.002256914,0.002372459,0.001527238,0.002102521,0.002285003,0.001802075,0.001006829,0.001047597,0.001020674,0.000919051,0.000856781,0.000882794,0.001012204,0.00127373,0.001371126,0.001261033,0.001737223,0.00405508,0.001993984,0.002944619,0.002638113,0.003597412,0.00877359,0.004196129,0.002743287,0.003409252,0.008768501,0.005307167,0.00227606,0.003029788,0.00339192,0.00350629,0.003398297,0.003724395,0.004366425,0.004933229,0.005801324,0.006290622,0.007320132,0.007929655,0.009213712,0.008463761,0.008839376,0.008345395,0.008413816,0.008219286,0.008001257,0.007942765,0.008073259,0.009001611,0.01036713,0.011630697,0.013948793,0.016728794,0.019933164,0.026478706,0.034106258,0.041249197,0.045208342,0.047997981,0.05008072,0.05553823,0.021374153,0.015795099,0.018231397,0.01006965,0.00905654,0.013368833,0.014011664,0.012650293,0.013039934,0.015143444,0.017930448,0.019016288,0.018881075,0.020225693,0.020676924,0.022720478,0.021762766,0.02012286,0.019698648,0.018158717,0.015348009
Head 0,148,0.000830608,0.002226698,0.002380423,0.000891814,0.001790692,0.00179594,0.001644863,0.00087929,0.000836192,0.00085176,0.000874277,0.00086999,0.001331513,0.001615472,0.001651521,0.001693262,0.001599423,0.001040181,0.001043869,0.001454594,0.001458584,0.00114377,0.001210588,0.001327341,0.001143408,0.001163414,0.001118829,0.001104344,0.00097758,0.001256061,0.001154562,0.001080498,0.000680566,0.000719245,0.000707683,0.001015624,0.000628967,0.000663917,0.001132012,0.001430153,0.001715802,0.001609918,0.001169168,0.001764492,0.002148296,0.002340406,0.001641593,0.002246098,0.002606997,0.002072234,0.001102281,0.00114046,0.001135878,0.001032933,0.000927295,0.000879262,0.000923527,0.001116337,0.001243171,0.00114028,0.00156618,0.003544562,0.001688509,0.002365288,0.002250836,0.003195982,0.0082726,0.004084347,0.002908093,0.003453734,0.0079476,0.005211225,0.00244319,0.003334239,0.003649597,0.003525896,0.003170084,0.003309526,0.003834193,0.004315293,0.005149936,0.005630356,0.006588182,0.007230843,0.008669324,0.008883127,0.00928568,0.008618022,0.008748687,0.008799446,0.008813864,0.008665317,0.00830537,0.008604235,0.009471551,0.010459615,0.012366149,0.014362534,0.016375259,0.021116747,0.027762393,0.035666712,0.04184442,0.046304159,0.049290638,0.055738036,0.024917562,0.018437278,0.020728195,0.012328929,0.010749797,0.015486499,0.015787384,0.013486123,0.013035147,0.014208949,0.016512813,0.01762085,0.017396867,0.018381607,0.019206179,0.02218214,0.02270988,0.022228507,0.022532156,0.021654317,0.019253051,0.015958276
Head 0,149,0.002376602,0.002467537,0.000849178,0.002016764,0.001956831,0.001681614,0.000847225,0.000829958,0.000856847,0.000893842,0.000898057,0.00132188,0.001512219,0.001552885,0.001702036,0.00175257,0.001099663,0.001080078,0.001446736,0.001395338,0.001065776,0.001182884,0.001516619,0.001262383,0.001159399,0.001188385,0.00117018,0.001128059,0.001329119,0.001265483,0.001179815,0.000708274,0.000728455,0.000748561,0.001026726,0.000645332,0.000635418,0.001048118,0.001240952,0.001458365,0.001456382,0.001161407,0.001687116,0.002063342,0.002216865,0.001610347,0.002210027,0.002762782,0.002415143,0.001255237,0.001256085,0.001241782,0.001155658,0.001049488,0.000965491,0.000935441,0.001026426,0.001102552,0.001048576,0.001410892,0.003285547,0.00155458,0.001975879,0.001930136,0.002743444,0.007426417,0.004009993,0.003096767,0.003639674,0.007167047,0.004740425,0.0024676,0.003519127,0.003960681,0.003757641,0.003177846,0.003088356,0.003406698,0.003741519,0.004473994,0.005028706,0.005906043,0.006508073,0.007966693,0.008896193,0.00970612,0.009029986,0.009054637,0.009169843,0.009484055,0.009596959,0.009063732,0.008819885,0.009045577,0.009577834,0.011125198,0.012739722,0.014041825,0.017192181,0.021888152,0.028756311,0.036110602,0.042785782,0.047685221,0.054227475,0.028179709,0.021776672,0.022413652,0.014051976,0.012502955,0.017980572,0.018190652,0.015040931,0.013805116,0.013875308,0.015343528,0.016160959,0.015908012,0.016490171,0.017244304,0.020468514,0.022135826,0.023176424,0.024639785,0.024612414,0.022893598,0.019951548,0.016330006
Head 0,150,0.002480716,0.000807184,0.002239159,0.002199532,0.001836465,0.000843998,0.000828463,0.000852995,0.000893778,0.000912119,0.001360589,0.001455653,0.0014088,0.001552987,0.001729934,0.001109796,0.001128762,0.001529583,0.001363742,0.000986718,0.001107718,0.001617575,0.001397752,0.001189893,0.001246507,0.001159816,0.001173842,0.001331933,0.001344856,0.001282542,0.000744125,0.000707688,0.000725934,0.001035818,0.000674204,0.000658902,0.001050118,0.00115365,0.001290908,0.001199343,0.001076136,0.001617641,0.002019487,0.002076228,0.001489312,0.002157273,0.002815373,0.002678464,0.001449358,0.001421703,0.001355252,0.001257439,0.001162779,0.001085615,0.001021773,0.001027881,0.001006644,0.001065139,0.001364395,0.003158873,0.001554929,0.001846039,0.001790409,0.002476054,0.006256887,0.00372769,0.003271289,0.004071712,0.007172558,0.004447224,0.002547328,0.003656476,0.004261299,0.004158629,0.003470194,0.003196961,0.003290415,0.003434306,0.003977821,0.0045687,0.005390919,0.006004319,0.007474153,0.008571649,0.010077389,0.009775796,0.009769857,0.009757931,0.010144685,0.010610715,0.010285156,0.009812043,0.009436344,0.009348248,0.010414427,0.011773879,0.012817224,0.015110156,0.018177098,0.023338102,0.029965296,0.037912823,0.045355372,0.05310351,0.028983243,0.024506681,0.024524005,0.014801776,0.013615166,0.020036226,0.020200551,0.016419668,0.014565525,0.013702651,0.014108002,0.014237035,0.013881435,0.014440448,0.015072727,0.018090261,0.02013305,0.022235934,0.025105983,0.02621183,0.025290335,0.023125136,0.019977016,0.017210403
Head 0,151,0.000778342,0.002390866,0.00237362,0.002049616,0.000851903,0.000849319,0.000871969,0.000900892,0.000926584,0.001500694,0.001544923,0.001376718,0.001414873,0.001575434,0.001057106,0.00113419,0.001679754,0.001449701,0.00096052,0.001043343,0.001640467,0.001526252,0.001213334,0.001397756,0.001204461,0.001182006,0.001276375,0.00136069,0.001355854,0.000882556,0.000767355,0.000733506,0.001042413,0.000707644,0.000712932,0.001054525,0.001103397,0.001177192,0.000995063,0.00095028,0.001412015,0.00179332,0.001952064,0.001374949,0.001984828,0.002625606,0.002816579,0.001657377,0.001663296,0.001530768,0.001362628,0.001239041,0.001176512,0.001134961,0.001115265,0.001004489,0.001102819,0.001303243,0.002841281,0.001491302,0.001754099,0.001571168,0.002126973,0.004978975,0.003158547,0.002880296,0.003916318,0.007156515,0.004227457,0.002538201,0.003527713,0.004171553,0.004233006,0.003625992,0.003291809,0.003193177,0.003159723,0.003450856,0.003894831,0.004591417,0.005174497,0.006496591,0.007184963,0.009013541,0.009412539,0.009816808,0.009884738,0.010206515,0.0107864,0.010861063,0.010643782,0.009992401,0.00929946,0.009672606,0.0105168,0.011335519,0.013157124,0.015114742,0.018419601,0.022904716,0.029721932,0.03808267,0.048023041,0.02905841,0.027740611,0.030442426,0.017503666,0.016351236,0.024169425,0.024104217,0.01931005,0.016814645,0.01534682,0.014811111,0.013914502,0.012934868,0.013258215,0.013603481,0.016152736,0.018024139,0.020480838,0.024518995,0.027112521,0.027217258,0.02591696,0.023433166,0.021419071,0.017593239
Head 0,152,0.002482275,0.002399874,0.002184281,0.000835872,0.000854815,0.000891837,0.000910532,0.000928111,0.001669614,0.001725503,0.001464811,0.001374969,0.001419721,0.000973426,0.001066178,0.001781136,0.001643173,0.000977062,0.00099378,0.001556241,0.001533176,0.001163331,0.001568805,0.00134345,0.001238871,0.001214722,0.001301254,0.001323551,0.001064856,0.000912107,0.000809055,0.001073082,0.000732303,0.000757155,0.001023807,0.001040674,0.00106382,0.00083618,0.000812499,0.001171507,0.001468622,0.001805676,0.00131834,0.001760944,0.002294472,0.00264911,0.001723062,0.001864662,0.001758163,0.001519351,0.001317412,0.001215084,0.001191072,0.0012011,0.001059077,0.001149575,0.001267995,0.002447733,0.001330155,0.001604878,0.001287584,0.001727655,0.003844804,0.002468165,0.002226327,0.003226858,0.0067954,0.004137862,0.00248118,0.00329026,0.003816702,0.003932928,0.00350231,0.003260574,0.003099314,0.002954864,0.003020003,0.00319281,0.003696395,0.004188711,0.005293323,0.005594272,0.007176593,0.007979201,0.008961587,0.009447461,0.009822849,0.010322272,0.010625764,0.010902563,0.010483427,0.009502348,0.009235565,0.009384676,0.009783398,0.011242962,0.012710087,0.014818779,0.017343288,0.021837909,0.028593743,0.038913012,0.027065236,0.028429756,0.037333228,0.021750711,0.020253284,0.030026039,0.029902568,0.023601755,0.020221423,0.018292349,0.017057665,0.014999667,0.013018781,0.0128491,0.012810837,0.014849416,0.016250994,0.018317092,0.022562247,0.02641793,0.027973559,0.027843233,0.026160751,0.025030117,0.02164359,0.017149037
Head 0,153,0.00234056,0.002208026,0.000796363,0.000834644,0.000888576,0.000913155,0.000927182,0.001716052,0.001792582,0.00157201,0.001431861,0.00136149,0.000910711,0.000984748,0.001717404,0.001783666,0.001028518,0.001022076,0.001516226,0.001410495,0.001056171,0.001596347,0.001434369,0.001306856,0.001229864,0.001316855,0.001329052,0.001213065,0.001050638,0.000912732,0.001165272,0.000713998,0.000725573,0.001031729,0.001045589,0.001036508,0.000721637,0.000673846,0.001044682,0.001263888,0.001535221,0.001263731,0.001744421,0.002268116,0.002423221,0.001633775,0.001912923,0.001960984,0.00174102,0.001476124,0.001300608,0.001252064,0.001297342,0.001165189,0.00134912,0.001434493,0.002165348,0.001172233,0.001491616,0.001225437,0.001636406,0.003400801,0.00206739,0.001954609,0.002841105,0.006220723,0.004314357,0.002824956,0.003694183,0.004085408,0.004034283,0.003577159,0.003423319,0.003326966,0.003149376,0.003101537,0.0030387,0.003354259,0.00371543,0.004641517,0.004922799,0.00619013,0.007029861,0.008460726,0.009593994,0.010363383,0.010929097,0.011154495,0.011667907,0.011664117,0.010749339,0.01012994,0.009614653,0.009407058,0.010462313,0.011782762,0.01355571,0.015114455,0.01806026,0.022971015,0.032033872,0.022919713,0.025168173,0.038642075,0.022782117,0.020586457,0.031887617,0.032867767,0.026289821,0.022435805,0.019967826,0.018333802,0.015295719,0.012256433,0.011547267,0.011293693,0.013064098,0.014340557,0.016025865,0.019828355,0.024150342,0.027034268,0.02826326,0.027721135,0.027521593,0.025234891,0.02103054,0.018412419
Head 0,154,0.002138637,0.000740163,0.000796845,0.000867561,0.000913501,0.000934071,0.00176504,0.001809818,0.001668067,0.001565945,0.001452117,0.000911961,0.000935097,0.001554375,0.001784061,0.001040147,0.001047732,0.00159446,0.001397289,0.000972901,0.001557068,0.001518389,0.00145195,0.001261958,0.001341085,0.001326804,0.001321724,0.001187953,0.001092889,0.00125581,0.000769173,0.000728636,0.001036197,0.001025944,0.000992905,0.000687367,0.000632952,0.00096651,0.001096625,0.001248083,0.001168426,0.001595484,0.002102665,0.002203549,0.001488362,0.001806557,0.002029372,0.001952395,0.00171021,0.00146101,0.001327003,0.001338251,0.00123138,0.001473946,0.001551465,0.001989262,0.001026832,0.001273756,0.001108312,0.001441622,0.003049118,0.001819806,0.001705248,0.002350187,0.004975362,0.00392968,0.002812079,0.003875847,0.004305185,0.004117656,0.003543902,0.003387463,0.00336523,0.003225351,0.003157503,0.002926874,0.00306244,0.00323051,0.003922923,0.004286351,0.005216093,0.00579687,0.007150198,0.008656134,0.010026672,0.011042955,0.011278241,0.011782521,0.012122178,0.01162648,0.011119623,0.010188592,0.009309296,0.00969381,0.010603528,0.012085701,0.013314569,0.015220379,0.018277898,0.024498759,0.019191189,0.021469366,0.034372676,0.022443285,0.020634785,0.033585001,0.03684973,0.030532431,0.02635611,0.022984734,0.021222835,0.017450159,0.013239905,0.011547868,0.010729046,0.012076055,0.013120652,0.014446162,0.017398775,0.021304877,0.024932146,0.027509965,0.028423849,0.029115722,0.027909102,0.024347614,0.022728045,0.018349009
Head 0,155,0.000702086,0.00077105,0.000839338,0.000900006,0.000940863,0.001828044,0.001752025,0.001647259,0.001629768,0.00158369,0.000943715,0.000941766,0.0014125,0.001617648,0.000994118,0.001052755,0.001761592,0.001508917,0.000955208,0.001483229,0.001478024,0.001524644,0.001273028,0.001399028,0.001392818,0.001412289,0.001243241,0.001250506,0.001327448,0.000903842,0.000788801,0.001108025,0.001062988,0.001010702,0.000696921,0.000650327,0.000959891,0.001025139,0.000987735,0.000992044,0.001417829,0.001913765,0.00204583,0.001378795,0.001643854,0.001926446,0.002020942,0.001929765,0.001710019,0.001503923,0.001429655,0.001295814,0.001659448,0.001726871,0.00200124,0.000983342,0.001130464,0.001096166,0.001348916,0.002828124,0.001737219,0.001612999,0.002096468,0.00390603,0.003231538,0.002592188,0.003898115,0.004609887,0.004466482,0.003737817,0.003464285,0.003422946,0.003313388,0.003281787,0.003010419,0.003022947,0.003008311,0.003490505,0.003853999,0.004623439,0.004969459,0.005992423,0.007438822,0.009203095,0.010939118,0.011560922,0.012057222,0.012457512,0.012315995,0.012269448,0.011378274,0.010007539,0.00968024,0.00989408,0.010910599,0.012028744,0.013535682,0.015566843,0.019360581,0.015567744,0.017960982,0.027393119,0.019252187,0.018691082,0.032236557,0.038070731,0.033578731,0.030226696,0.026135905,0.024394285,0.02018295,0.014968627,0.012161298,0.010547019,0.011313278,0.012009621,0.013112287,0.015374858,0.018474443,0.021983759,0.025303822,0.027641226,0.029646972,0.029711736,0.027154993,0.026671043,0.022875924,0.018666504
Head 0,156,0.000763755,0.000808435,0.00086076,0.000918304,0.001938499,0.001760602,0.001582805,0.001575203,0.001620059,0.000942981,0.000953245,0.001353904,0.001451711,0.000913956,0.00099081,0.001856908,0.001725389,0.000985199,0.001452992,0.001385653,0.001465897,0.001190172,0.0013661,0.001409444,0.001494562,0.001245849,0.001307468,0.001304583,0.001074076,0.000921266,0.001204945,0.001120834,0.001043617,0.00070608,0.000691766,0.000951975,0.000969044,0.000798431,0.000807003,0.001209664,0.001619354,0.001837455,0.001314314,0.001507875,0.001728524,0.001884064,0.001966409,0.001918048,0.001755941,0.001613756,0.001388484,0.001868601,0.001875768,0.002060179,0.001006437,0.001072269,0.001130429,0.001294324,0.002483312,0.001620877,0.001497578,0.00190746,0.003238657,0.002536801,0.002181499,0.00346995,0.004472877,0.004639364,0.003945478,0.003572065,0.003432783,0.003313311,0.00329662,0.003072263,0.003039259,0.00289993,0.003208418,0.003368488,0.004075218,0.004328507,0.005026613,0.006129736,0.007781596,0.009920166,0.011218222,0.012063915,0.012489552,0.012455096,0.012840336,0.012410955,0.011032822,0.010252638,0.009682835,0.0099894,0.010743134,0.012032911,0.013680598,0.016104773,0.012461454,0.015297422,0.022738751,0.015924497,0.016379865,0.029452346,0.036722448,0.034646995,0.033307951,0.029698648,0.028192325,0.02359096,0.017535029,0.013688572,0.011083344,0.011141157,0.011270935,0.012085255,0.013918781,0.016257713,0.019054856,0.022230243,0.02524866,0.028668012,0.030217782,0.029121051,0.02942498,0.026597833,0.023076134,0.018543852
Head 0,157,0.000816187,0.000842012,0.000899681,0.002147976,0.001891813,0.001584066,0.00148628,0.001532738,0.000900421,0.000962884,0.0014271,0.001414931,0.000871545,0.000933026,0.001812799,0.001899703,0.001042984,0.001553534,0.001367958,0.00136812,0.001081801,0.001280637,0.001388203,0.001613724,0.00126677,0.001309773,0.001277512,0.001243122,0.001094469,0.001322761,0.001239027,0.0011514,0.000721458,0.000719535,0.000967357,0.000955966,0.000703686,0.000676402,0.001078893,0.00138438,0.001559553,0.001247687,0.001439725,0.001594488,0.001704165,0.001837468,0.00195504,0.001965762,0.001880235,0.001572179,0.002260486,0.00217296,0.002177968,0.001069095,0.001106224,0.001242512,0.001347492,0.002141745,0.001464485,0.001383278,0.001782964,0.00303094,0.002159503,0.001866349,0.002950703,0.004039623,0.004591069,0.004175923,0.003844642,0.003612954,0.003437279,0.003361971,0.003149881,0.003129111,0.002948028,0.003145298,0.00296755,0.003594407,0.003840647,0.004367843,0.005157247,0.006443708,0.008473451,0.010271436,0.011776524,0.012516866,0.012497705,0.013032339,0.013057255,0.012096033,0.011377188,0.010270368,0.009835131,0.009894114,0.010775127,0.012207824,0.014195128,0.009679309,0.012664143,0.020345427,0.013438855,0.014214627,0.02615447,0.033322539,0.032942228,0.033821158,0.032257326,0.031664997,0.026887255,0.020239398,0.015759345,0.012138685,0.011427838,0.010794964,0.011108975,0.01262733,0.014477516,0.016552908,0.019106247,0.021928843,0.026111415,0.028980441,0.029693889,0.030932257,0.02917623,0.026816385,0.023005037,0.019500639
Head 0,158,0.000826341,0.000865744,0.002349342,0.002100443,0.001701938,0.001473759,0.001420829,0.000820016,0.000915166,0.001523503,0.00149567,0.000864133,0.000883044,0.00161739,0.001857741,0.001034999,0.001689931,0.001456835,0.001329075,0.000980053,0.001138428,0.001261099,0.001709042,0.001340312,0.001326377,0.001232673,0.001331853,0.001222973,0.001349491,0.001314559,0.001240741,0.000747092,0.000723788,0.000957203,0.000921298,0.000670399,0.000625967,0.000989337,0.00118187,0.00124009,0.001118632,0.001360915,0.001513419,0.001562815,0.001648526,0.00180946,0.001992514,0.002108831,0.001834605,0.00268164,0.002533607,0.002317509,0.00113012,0.00118861,0.001343562,0.00141744,0.001856285,0.0012585,0.001226591,0.001582533,0.002988219,0.002051678,0.001635662,0.002451905,0.003368072,0.004073315,0.004037656,0.003959194,0.003790448,0.003607016,0.003453617,0.003153312,0.003150703,0.002984361,0.003128701,0.002664429,0.003129944,0.00334683,0.003823925,0.00443981,0.005369968,0.006955732,0.008725789,0.010728969,0.012110612,0.012379025,0.012968433,0.013178111,0.012687497,0.012489649,0.011392811,0.010422749,0.009655698,0.009852458,0.010827321,0.012692086,0.007558004,0.010052651,0.01876023,0.012093762,0.012813102,0.023700748,0.030300695,0.03051978,0.032761317,0.033881087,0.035164617,0.030645754,0.02343313,0.018564072,0.01399122,0.012578496,0.011072068,0.01064794,0.011688666,0.013130056,0.014630996,0.016443063,0.018538889,0.022465775,0.025949301,0.028250284,0.030872131,0.030254984,0.028897909,0.026260467,0.023844913,0.019341514
Head 0,159,0.000864661,0.002557467,0.002305778,0.001939564,0.001614821,0.001430227,0.000769564,0.000866362,0.001613785,0.001653103,0.000896129,0.000890543,0.001485669,0.001701264,0.000991129,0.00182493,0.001675105,0.00146011,0.000969045,0.001067397,0.001155741,0.001781476,0.001475661,0.001451681,0.001257424,0.001425072,0.001305892,0.001342162,0.001374676,0.001336875,0.000826472,0.000751451,0.000999032,0.000934443,0.0006838,0.000645367,0.000972879,0.00108434,0.000973522,0.000938508,0.001220855,0.001446807,0.001505264,0.001539187,0.001640607,0.001856115,0.002157426,0.002069855,0.003101448,0.003040783,0.002558584,0.001189619,0.001274306,0.001470055,0.001532136,0.001706971,0.001098654,0.001148315,0.001413254,0.002856596,0.002051369,0.001497059,0.00213108,0.002821272,0.003447788,0.003631639,0.003842607,0.003901645,0.003810224,0.003637318,0.003177632,0.003157509,0.002998118,0.003131692,0.002534052,0.002792144,0.002884222,0.003300191,0.003831698,0.004542482,0.005693004,0.00706506,0.009024397,0.010916045,0.011770854,0.01262533,0.012879744,0.01258847,0.012924884,0.012395281,0.011390036,0.010033065,0.009460278,0.009696229,0.011166447,0.005958011,0.007464395,0.015514749,0.010558291,0.011265879,0.021168312,0.027448403,0.027844235,0.030526357,0.033589281,0.037411634,0.034279332,0.02693801,0.021835394,0.01650418,0.014594452,0.012210767,0.010902021,0.011251224,0.012225062,0.013360377,0.014640099,0.016040878,0.019147888,0.022387184,0.025359247,0.029530069,0.030392583,0.030039214,0.028501309,0.027548239,0.023852896,0.01983913
Head 0,160,0.002658057,0.002349109,0.002148137,0.001838034,0.001561805,0.00075976,0.000836195,0.001598203,0.001709226,0.000917803,0.000927861,0.001454638,0.001529681,0.000924133,0.001777569,0.001823047,0.001663735,0.001016,0.001068279,0.001098763,0.001740358,0.001518265,0.001571494,0.001286756,0.001519776,0.001334412,0.001323874,0.001412806,0.001420181,0.000965116,0.000816958,0.00109568,0.001007314,0.000708347,0.000690987,0.000996801,0.00106046,0.000793528,0.000752264,0.000999635,0.001290383,0.001437843,0.001498312,0.001547387,0.001694125,0.002026691,0.002132599,0.003355682,0.003577993,0.002927556,0.001287877,0.00137215,0.001686917,0.001722922,0.001715434,0.001035761,0.001204703,0.001362493,0.002578237,0.002026154,0.001423689,0.001994481,0.002532111,0.003010091,0.003222102,0.003604302,0.003956515,0.004068301,0.004008384,0.003414875,0.003335086,0.0031225,0.003252961,0.002677321,0.002757524,0.002666384,0.00296489,0.003427882,0.004056498,0.004977156,0.005957645,0.007550065,0.00955358,0.011026632,0.012504214,0.013013594,0.012716879,0.013262942,0.013373489,0.012825535,0.011374024,0.010181198,0.009596831,0.01033072,0.005028107,0.005598,0.011227472,0.008357203,0.009169245,0.017826678,0.024037654,0.02486524,0.027575139,0.031090386,0.036768537,0.035894621,0.029471198,0.024548015,0.019003188,0.017042957,0.014033584,0.011863,0.01132882,0.011605829,0.012320133,0.013191824,0.014120854,0.016353766,0.018913746,0.021734765,0.026732262,0.029145055,0.030063652,0.0295777,0.029863175,0.027632147,0.024674837,0.021444503
Head 0,161,0.002234188,0.0022007,0.00202794,0.001792291,0.000777361,0.000836995,0.001550449,0.001629995,0.000896363,0.000957785,0.001550319,0.001494519,0.000891238,0.001611516,0.001788454,0.001820408,0.001077421,0.001127933,0.001116695,0.001692636,0.001480226,0.001637929,0.001279355,0.001654376,0.001389274,0.001344227,0.001458501,0.001500747,0.001176878,0.000961716,0.001240021,0.001137653,0.000729513,0.000724829,0.001035729,0.001075736,0.000711207,0.000633933,0.000793157,0.001057744,0.001279854,0.001439912,0.001523876,0.001610074,0.001858172,0.00202191,0.003376947,0.003916164,0.003361302,0.001457692,0.001504284,0.00204391,0.002008864,0.001831175,0.001062116,0.00140175,0.00145152,0.002203485,0.001825046,0.001341554,0.001910191,0.002389724,0.002758639,0.002895441,0.003272906,0.003800273,0.00414158,0.004338395,0.003790304,0.003666464,0.00334617,0.00344771,0.002965827,0.002945409,0.002662075,0.002777782,0.003108355,0.003673838,0.004508335,0.005235997,0.006379192,0.008056123,0.0097549,0.011897961,0.0130708,0.012956447,0.013477386,0.013858641,0.01389544,0.012979844,0.011638931,0.010398588,0.010183402,0.004574405,0.004526934,0.007666074,0.005970938,0.006896779,0.01397824,0.019861087,0.021458421,0.024400715,0.027736653,0.03403173,0.035301894,0.030671841,0.026341302,0.021018473,0.019468548,0.016319118,0.013626399,0.012265828,0.011666737,0.011747821,0.012151367,0.012716784,0.01431975,0.016165556,0.018461799,0.023270141,0.026798123,0.029250262,0.030067394,0.031218357,0.030200338,0.028782371,0.027113728,0.023153519
Head 0,162,0.002071497,0.002031171,0.001956244,0.000780469,0.00085216,0.001544811,0.001480315,0.000832687,0.00094211,0.001666563,0.00157041,0.000898984,0.001446404,0.001568755,0.001735895,0.001066839,0.001171956,0.00117402,0.001693724,0.001378591,0.001555955,0.001184424,0.001733066,0.001442574,0.001378953,0.001522347,0.001604533,0.001412185,0.001137316,0.001368223,0.001285303,0.000743333,0.000709956,0.001078624,0.001110701,0.000691511,0.000584494,0.000653311,0.000820868,0.001017732,0.001246192,0.001447925,0.001580397,0.001767287,0.001874085,0.00336136,0.004066178,0.003725992,0.001685563,0.001711412,0.002652279,0.002519978,0.002027289,0.001157307,0.001745459,0.001723231,0.001937736,0.001541083,0.001288715,0.001857542,0.002349068,0.00270371,0.002775489,0.003067747,0.003610865,0.004096725,0.004588231,0.004325091,0.004262232,0.003840522,0.003892873,0.003383995,0.003375435,0.002943749,0.002858144,0.00299813,0.003449119,0.004243582,0.004889028,0.005736494,0.006965879,0.0084654,0.010914003,0.012935153,0.013481384,0.014193723,0.014520113,0.014833237,0.01459247,0.013701734,0.012319145,0.011290839,0.004488241,0.004166293,0.005882928,0.004207189,0.004985437,0.010353861,0.015141716,0.017231641,0.020502852,0.023826078,0.029680144,0.032018717,0.029332848,0.026292929,0.021629877,0.020756871,0.018022513,0.015467046,0.013767027,0.012320981,0.01153188,0.011264527,0.011374169,0.012551812,0.013843453,0.015636332,0.019539991,0.023275653,0.026887856,0.029287482,0.031429093,0.03122589,0.031057274,0.031482071,0.029535616,0.026582418
Head 0,163,0.001901946,0.001937559,0.000746517,0.000859916,0.001717237,0.001483909,0.000778938,0.000888451,0.001708097,0.001708788,0.000942808,0.001414853,0.001410533,0.001536897,0.000989301,0.001128867,0.001179055,0.001768718,0.001369057,0.001473624,0.001073781,0.00178241,0.001555572,0.001388698,0.00155783,0.001673051,0.001604082,0.001307911,0.001429903,0.001394185,0.000825736,0.000724572,0.001119237,0.001120654,0.000698081,0.00060022,0.000613761,0.000690431,0.000803601,0.000997634,0.001259791,0.001494759,0.001701633,0.001747282,0.003208314,0.003872623,0.003861392,0.001909059,0.001991871,0.003174444,0.0030027,0.002198606,0.001262166,0.002014231,0.001998094,0.00189813,0.001343277,0.001199996,0.001651961,0.002084384,0.002448545,0.002533908,0.002754022,0.003182371,0.003641447,0.004232272,0.004326212,0.004489613,0.004159,0.004231913,0.003568105,0.003654597,0.003219242,0.003000163,0.002932456,0.003176291,0.003802728,0.004393741,0.005100325,0.005945429,0.006963504,0.009011915,0.011271483,0.01262212,0.013986571,0.014438957,0.014758677,0.014816239,0.014626746,0.013834516,0.012765187,0.004659223,0.004272827,0.005661916,0.003493111,0.004035582,0.008176413,0.01173703,0.01365308,0.016947472,0.020871848,0.026479406,0.029412353,0.028300263,0.026706876,0.022528458,0.022180093,0.019703906,0.017472321,0.016018827,0.014063136,0.012373034,0.011298041,0.010757053,0.011524195,0.012262194,0.013500009,0.016217401,0.019239126,0.022943597,0.026605589,0.030180553,0.031032251,0.03166103,0.033248551,0.033585735,0.03357318,0.026954846
Head 0,164,0.001771679,0.00067778,0.000818677,0.001935065,0.001623964,0.000757326,0.000837019,0.001643359,0.001745375,0.000951845,0.001474259,0.001374652,0.001365721,0.000906154,0.001028252,0.001107226,0.001850827,0.001460222,0.001442015,0.000983181,0.001709988,0.001618873,0.001327793,0.001532934,0.001676651,0.001728922,0.001401141,0.001393559,0.001408671,0.000980911,0.000816861,0.001188167,0.001136642,0.000707569,0.000638872,0.000629734,0.000647183,0.000675568,0.000784937,0.001010672,0.001305385,0.001596447,0.001650227,0.002891496,0.003427385,0.00355081,0.001953521,0.002217551,0.003374323,0.003316976,0.00233815,0.001327127,0.002094724,0.002126274,0.002010087,0.001312275,0.001161756,0.001449839,0.001731034,0.002019749,0.002130519,0.00233693,0.002673032,0.003046442,0.003576507,0.003830367,0.004206312,0.00411553,0.004302213,0.00352794,0.003655149,0.003324388,0.00312429,0.002933267,0.002962264,0.003313657,0.003749992,0.004366682,0.005010611,0.005640851,0.0070446,0.008862128,0.010482946,0.012513814,0.013566593,0.014066206,0.014055443,0.014224558,0.014199322,0.013995034,0.005060418,0.004633069,0.006510816,0.003509385,0.003688081,0.006941396,0.009400948,0.010733001,0.013563615,0.017958265,0.023500701,0.026753686,0.026680356,0.02666568,0.023423284,0.023895042,0.021727372,0.019754861,0.018934386,0.016960999,0.014478463,0.012482783,0.011103888,0.011357243,0.011591004,0.012353396,0.01421084,0.016230647,0.019063611,0.022835186,0.027501117,0.029958451,0.031848252,0.034105808,0.035650782,0.038596235,0.034020063,0.025853936
Head 0,165,0.000664981,0.000786651,0.001389992,0.001401618,0.000985116,0.0010714,0.00115497,0.001150767,0.00109946,0.001474241,0.001317106,0.001066115,0.001069179,0.001106778,0.001197785,0.001605087,0.001575979,0.001595557,0.001297763,0.001242726,0.001109862,0.001451127,0.001931256,0.00229337,0.001661148,0.001156371,0.001802548,0.001706674,0.000991112,0.000851704,0.001973455,0.002042437,0.000885992,0.000770854,0.000928888,0.000973632,0.000826727,0.000699066,0.000710337,0.000913938,0.001388967,0.001753945,0.004224879,0.004567713,0.002127653,0.000996371,0.001279622,0.00375881,0.004389862,0.001813785,0.000945867,0.002824633,0.002586132,0.001380341,0.000995994,0.001946766,0.002315078,0.002551375,0.002716201,0.002743728,0.003018446,0.003485663,0.003848816,0.004479988,0.004713009,0.005320802,0.005452597,0.005629495,0.004868275,0.0043201,0.003702174,0.003672861,0.003662365,0.003621409,0.003639834,0.003670124,0.004132718,0.004899796,0.005562733,0.006616432,0.007780396,0.009132545,0.011831447,0.014611855,0.016000601,0.014960676,0.013708381,0.012977789,0.013783778,0.005101427,0.004783432,0.009691736,0.004732327,0.003503199,0.005460412,0.006406356,0.006688809,0.008212464,0.011563937,0.016611334,0.020195642,0.01958935,0.019509347,0.01716122,0.017735576,0.016890388,0.015982056,0.016265575,0.016258737,0.014801634,0.012585049,0.010396007,0.009451896,0.009584438,0.010957882,0.013847004,0.016600877,0.019053081,0.021855468,0.026191616,0.030061059,0.033918049,0.036498018,0.035974499,0.036363292,0.035702761,0.031558093,0.05190938
Head 0,166,0.000802572,0.001299623,0.001299767,0.000885077,0.001015988,0.001124456,0.00100939,0.001033439,0.001342045,0.001386868,0.001282603,0.00114132,0.001100267,0.001087718,0.001185058,0.001348032,0.001666718,0.00136547,0.001393104,0.001059714,0.001211763,0.001523381,0.001845818,0.001600324,0.001223479,0.001980088,0.001911231,0.001150044,0.000941008,0.0018886,0.002044478,0.000805236,0.000684587,0.000868638,0.001050338,0.000999695,0.000831517,0.000716992,0.000736164,0.000978648,0.001334943,0.00379217,0.004697215,0.00259724,0.001076972,0.001219593,0.003465051,0.004174812,0.001978361,0.001145883,0.003753793,0.003201273,0.001432397,0.001020625,0.00192254,0.00230694,0.00250824,0.002591433,0.002513421,0.002680664,0.003097913,0.003370848,0.00396668,0.004262955,0.004900454,0.005267065,0.00587835,0.005783512,0.005073709,0.004016519,0.003742266,0.003693991,0.003782951,0.003868105,0.003686855,0.003779239,0.004236275,0.004775224,0.005733871,0.006622972,0.007406984,0.009335879,0.012120285,0.014853967,0.015643518,0.014916033,0.013634806,0.013546958,0.005263883,0.004305265,0.007246705,0.004286837,0.00323425,0.005137367,0.006014487,0.005876892,0.00656074,0.00835934,0.01213105,0.016135056,0.01726323,0.017842421,0.016110845,0.017125735,0.016614245,0.015834788,0.015893547,0.016119178,0.015525606,0.013902361,0.011567173,0.00966593,0.008611702,0.008665014,0.010395531,0.012647778,0.015103353,0.017686823,0.021087291,0.024518395,0.028739614,0.03310905,0.034439016,0.034487378,0.034023192,0.032741673,0.064025857,0.062468395
Head 0,167,0.001186144,0.00109284,0.000730578,0.000884908,0.001187567,0.001031659,0.000985343,0.00111098,0.00123163,0.001355956,0.001176989,0.001134339,0.001044379,0.000883891,0.000998726,0.001409655,0.001300947,0.001595454,0.00120105,0.001153969,0.00128069,0.001443533,0.001387427,0.00123672,0.002026322,0.0021003,0.001289229,0.000994185,0.001728081,0.001875278,0.000763863,0.000626771,0.00074391,0.000946332,0.001039305,0.00097446,0.000837332,0.000728023,0.000758093,0.000909724,0.002913282,0.003957582,0.002801051,0.001236104,0.001250333,0.003207701,0.003622483,0.001859511,0.001238796,0.004506105,0.003985449,0.001530693,0.001006398,0.00178366,0.002108969,0.002288034,0.002362592,0.00223449,0.002277549,0.002552785,0.002720959,0.003187379,0.003560382,0.004087015,0.004475221,0.005306362,0.006002073,0.005690744,0.004455002,0.003841702,0.003560928,0.003639859,0.003849698,0.003669696,0.00351294,0.003605796,0.00387552,0.004640728,0.005406203,0.005881368,0.006994703,0.00876543,0.011342212,0.013530198,0.014427328,0.013786992,0.01298951,0.005715514,0.004342951,0.005270364,0.003466792,0.002880789,0.004685041,0.005631158,0.005406387,0.005660531,0.006457635,0.008773088,0.012023252,0.014221031,0.01576926,0.015002077,0.016669407,0.016659122,0.016275918,0.01621535,0.016169785,0.015833884,0.015022436,0.013298074,0.011184063,0.009215568,0.008152585,0.008571812,0.009862455,0.011883413,0.01429136,0.017077977,0.019832641,0.023459956,0.028446006,0.032043438,0.033412885,0.03225429,0.031521954,0.06443277,0.077398077,0.063592844
Head 0,168,0.000912543,0.000604557,0.000733759,0.001213064,0.001129299,0.000932297,0.00094064,0.000991028,0.001174158,0.001098759,0.001124361,0.001025761,0.000759283,0.00074092,0.000996717,0.001087403,0.001567015,0.001401532,0.001183218,0.001188864,0.001198489,0.001154227,0.00114183,0.001777305,0.002034855,0.001360249,0.00100181,0.00159356,0.001655121,0.00077182,0.000629654,0.000659648,0.000780322,0.000905273,0.000980063,0.000967852,0.000847767,0.0007404,0.000695663,0.002175647,0.00291417,0.00243251,0.001361646,0.001387076,0.003128106,0.00323198,0.001608831,0.001167997,0.00456726,0.004650571,0.00177307,0.001050012,0.001755826,0.001923367,0.002020068,0.002103008,0.002002777,0.001987965,0.002126849,0.002208178,0.002518816,0.002919135,0.003336786,0.003683988,0.004501081,0.005418006,0.005841455,0.004971846,0.00419354,0.003607812,0.003485621,0.003683597,0.003636534,0.003452049,0.003288108,0.003262155,0.003740157,0.004387244,0.00481869,0.005553085,0.006475201,0.008208722,0.0103168,0.01244216,0.013405366,0.013071791,0.00634199,0.004971007,0.004777736,0.002913419,0.00262448,0.004242418,0.005109218,0.004942671,0.005065506,0.005439116,0.006611692,0.008543015,0.010494598,0.012677643,0.013012137,0.015390503,0.016084386,0.016397582,0.016813071,0.016542139,0.015786702,0.015302897,0.014414074,0.013065766,0.010828341,0.008939335,0.008119979,0.008290186,0.009478107,0.011485072,0.013978587,0.016283996,0.019114066,0.023488738,0.028349079,0.032601781,0.032157287,0.031051721,0.057499025,0.079122916,0.079975791,0.058174483
Head 0,169,0.000554074,0.000646863,0.001182171,0.001175369,0.000843461,0.000904654,0.000847545,0.000927296,0.000974437,0.001076342,0.001028716,0.000812365,0.000661756,0.000730038,0.000889193,0.001266489,0.001432462,0.001213212,0.001226333,0.001152647,0.001033089,0.000953195,0.00138909,0.001744646,0.001394997,0.001020209,0.001628368,0.001623632,0.000842115,0.000671965,0.000646815,0.000677168,0.00073693,0.000840474,0.000966134,0.000981999,0.00086433,0.000672985,0.001866254,0.002284115,0.001781266,0.001288516,0.001553434,0.003345935,0.003389765,0.001541122,0.001056965,0.004159458,0.004984394,0.00215945,0.001241191,0.0021121,0.002062681,0.001968011,0.001968124,0.001890126,0.001890316,0.001969965,0.002005115,0.002201157,0.002548787,0.002897771,0.003232032,0.003972031,0.004729824,0.005623729,0.005468728,0.00496031,0.004191744,0.003761105,0.003740108,0.003735831,0.003663236,0.003410517,0.003145164,0.003314501,0.003737814,0.004142064,0.004819955,0.005402167,0.006508387,0.007869724,0.010105126,0.012366792,0.01369219,0.006995238,0.006051687,0.005891591,0.002952298,0.002595301,0.00400149,0.004614609,0.004464596,0.004590053,0.004950689,0.005463517,0.006266342,0.007265455,0.009298562,0.010332824,0.013161642,0.014609574,0.015619078,0.016992468,0.01708393,0.015836077,0.015087735,0.014496585,0.014149062,0.012486015,0.010337424,0.008606596,0.007622092,0.007716468,0.008916499,0.010999717,0.01309974,0.015498124,0.018834824,0.023196798,0.029265612,0.031294357,0.030863719,0.050135452,0.068991266,0.081569806,0.072448917,0.057353497
Head 0,170,0.000625607,0.001084514,0.001080169,0.000720366,0.000966151,0.000857908,0.000810241,0.000890377,0.001007127,0.001011853,0.000963697,0.000749821,0.000675758,0.000796641,0.000910387,0.001196031,0.001147091,0.00125128,0.001174092,0.001050745,0.000834227,0.001074937,0.00135635,0.001338974,0.001090667,0.001762461,0.001748388,0.000961249,0.000751496,0.000717385,0.00069422,0.000668572,0.000708563,0.0008469,0.001001176,0.001027689,0.000797618,0.001774345,0.001927748,0.001196281,0.000995682,0.001452637,0.003239952,0.003521089,0.001604563,0.000966739,0.003509521,0.004467822,0.002368768,0.00153001,0.002739974,0.002477426,0.00209549,0.001885035,0.001742975,0.001754848,0.001825525,0.001843192,0.0019664,0.002181898,0.002450602,0.002745344,0.00333675,0.003934615,0.004749147,0.005116394,0.005304753,0.00482899,0.004247219,0.003903316,0.003739455,0.003742152,0.003566887,0.003205493,0.003113369,0.003223349,0.003455067,0.004069164,0.004607172,0.005368124,0.005997091,0.007502754,0.009698682,0.012342433,0.006964449,0.006665921,0.007965297,0.00361562,0.002907473,0.004147239,0.004459631,0.004171777,0.004244878,0.004735794,0.00505687,0.005236736,0.005398783,0.006751785,0.007824667,0.010630137,0.012663584,0.014233206,0.016520126,0.017649708,0.016558671,0.01546585,0.014594655,0.014567327,0.013785805,0.012050274,0.01020404,0.008255379,0.007246725,0.007456589,0.008803213,0.010549418,0.012750892,0.015361789,0.018486165,0.023939146,0.02816578,0.029882839,0.04832821,0.059933044,0.07182689,0.074071541,0.071507849,0.054697242
Head 0,171,0.001024934,0.000925618,0.000592296,0.00103953,0.000945815,0.000822356,0.000846863,0.000955392,0.000994321,0.001093038,0.000910484,0.000776946,0.000787367,0.000693823,0.000862944,0.000989373,0.00119016,0.001199665,0.001211284,0.000811009,0.000911323,0.001078124,0.001195783,0.001104225,0.001845169,0.00199768,0.001130393,0.000809084,0.00079721,0.000764957,0.000674301,0.000632817,0.000698209,0.000860949,0.001039224,0.000939287,0.001831285,0.001854717,0.00088187,0.000684376,0.00108656,0.002947792,0.003645609,0.001866788,0.001003679,0.003363437,0.004003625,0.002208772,0.001709914,0.003602139,0.003415285,0.002719031,0.00214972,0.001784964,0.001718993,0.001780048,0.001788105,0.001909291,0.002034237,0.002241577,0.002482723,0.002955949,0.003618695,0.004164039,0.004563422,0.005281946,0.005466724,0.005149805,0.004616825,0.004122298,0.003989436,0.003881082,0.003551119,0.003334682,0.0031653,0.003129183,0.003565211,0.0041146,0.004812852,0.00513758,0.006024572,0.00756136,0.01020461,0.006321197,0.006397252,0.009132711,0.004446953,0.003305271,0.004455204,0.00452237,0.004020429,0.003953628,0.004405985,0.00478971,0.004763383,0.004378331,0.004971353,0.005669302,0.007955701,0.010152975,0.012085591,0.014769223,0.016969461,0.016867075,0.015911931,0.014707809,0.014228473,0.013907588,0.012838397,0.011859206,0.009548524,0.007601498,0.006767774,0.007119364,0.008150506,0.009982998,0.012282288,0.01461588,0.018456027,0.022833774,0.02640502,0.050383691,0.057116885,0.061629303,0.064230531,0.070800602,0.066678949,0.055332057
Head 0,172,0.000787892,0.000499201,0.000989796,0.000980356,0.000904175,0.00079963,0.000889715,0.000933244,0.001038727,0.000990089,0.000942991,0.000814123,0.000629744,0.000645914,0.000816327,0.000993176,0.001069533,0.001329575,0.000898387,0.000862756,0.000920509,0.001024095,0.001031097,0.001642238,0.001999678,0.001242773,0.000842864,0.000848414,0.000848799,0.000748605,0.000652134,0.000634274,0.000711332,0.000883314,0.000943299,0.00178913,0.001779894,0.000782638,0.000516522,0.000733049,0.002298569,0.003100533,0.001957049,0.001096949,0.003491258,0.003675709,0.001832442,0.001602305,0.003847052,0.004202648,0.003514244,0.002606148,0.001917333,0.001672206,0.001656059,0.001620524,0.001742978,0.001838709,0.001982654,0.002141086,0.00249474,0.003270925,0.003614541,0.003785006,0.004499384,0.005183849,0.005548511,0.005333131,0.004611907,0.004182443,0.003995338,0.003745267,0.003574619,0.003251373,0.002942121,0.003082406,0.00347571,0.004115719,0.004466459,0.005014991,0.005864015,0.007510476,0.005181612,0.005320421,0.007613157,0.004589887,0.003526122,0.004768645,0.00481476,0.00412348,0.003860161,0.004051092,0.004503114,0.00457382,0.003992834,0.003986524,0.004214481,0.005805956,0.007699171,0.009716185,0.01232323,0.015066036,0.016307352,0.016292036,0.015318112,0.014258306,0.013763095,0.012949443,0.012981218,0.011190678,0.008896114,0.007187326,0.00655866,0.006735574,0.007903753,0.009857146,0.011861452,0.014372335,0.01750461,0.021381473,0.051394742,0.060417909,0.059441872,0.0562541,0.061315265,0.066409081,0.068007722,0.051960576
Head 0,173,0.000456787,0.000884989,0.000887796,0.000923951,0.000693865,0.00079817,0.000861147,0.000901698,0.000903609,0.001010574,0.000809005,0.00070029,0.00059231,0.000712884,0.000811968,0.000900005,0.001306977,0.001031001,0.000873116,0.000875962,0.000922321,0.000870731,0.001264497,0.001709197,0.001307953,0.000889123,0.000883093,0.000889575,0.000812852,0.000709995,0.000646851,0.000640492,0.000718556,0.000804105,0.001695486,0.001692048,0.000832388,0.000478149,0.000542784,0.00177067,0.002403944,0.001771393,0.001190563,0.003732858,0.003740204,0.001601482,0.001315837,0.003373196,0.004317841,0.004193891,0.003300982,0.002285776,0.001774483,0.001587365,0.001455837,0.00153369,0.001657067,0.001764713,0.001859169,0.002120915,0.002829976,0.003202784,0.003230643,0.003665603,0.004350778,0.005200991,0.005716169,0.005223864,0.0045777,0.004147534,0.003837604,0.003763195,0.003471409,0.003008441,0.002871769,0.002963101,0.003394568,0.003805533,0.004303849,0.004848595,0.005635572,0.004148446,0.004417929,0.005515215,0.003983693,0.003484858,0.00495285,0.005158832,0.004393471,0.003984088,0.003846507,0.004219346,0.004427483,0.003917921,0.00355701,0.003393187,0.004365383,0.005707105,0.00752265,0.009900142,0.012628386,0.014686533,0.015880391,0.015849525,0.014869413,0.014071926,0.01313088,0.013403453,0.012477021,0.010655059,0.008516575,0.006999138,0.006234879,0.006518878,0.00782543,0.00961478,0.011659863,0.013599802,0.01654526,0.04489867,0.061784863,0.062349673,0.05399641,0.052938245,0.057385549,0.066990741,0.063687213,0.051857509
Head 0,174,0.000839393,0.000788673,0.000876296,0.000580927,0.000702337,0.000791166,0.000807065,0.000773462,0.000930637,0.000795444,0.000864143,0.000686902,0.000707339,0.000732903,0.000791967,0.001123618,0.001099069,0.000915305,0.0009269,0.000973383,0.000760689,0.000978275,0.001351007,0.001268045,0.000954,0.000957093,0.000941574,0.000871093,0.000779404,0.000709963,0.000657213,0.000648776,0.000669297,0.001743094,0.001728323,0.000959995,0.000539681,0.000507578,0.001530168,0.00195468,0.001322494,0.001118794,0.003856182,0.004225949,0.001706049,0.001152966,0.00292781,0.003972396,0.004477512,0.004124851,0.003029069,0.002234936,0.001782754,0.00148179,0.001438489,0.001562847,0.001651291,0.00173434,0.001956777,0.002389419,0.002913071,0.003000155,0.003225707,0.003684512,0.004550751,0.005628977,0.00581301,0.0053379,0.004674022,0.0041142,0.003994284,0.00378985,0.003328052,0.003042027,0.002831971,0.002976989,0.003264375,0.003752335,0.004272364,0.004696822,0.003279473,0.003730347,0.004239872,0.003198656,0.00328213,0.005035133,0.005437248,0.004689835,0.004201341,0.003811772,0.003959483,0.004138352,0.003808005,0.003399775,0.002994227,0.003522499,0.004291038,0.005634588,0.007675717,0.010129064,0.012343546,0.014350778,0.015476231,0.015469716,0.01475391,0.013648659,0.013406143,0.012905037,0.012005244,0.010270534,0.008342494,0.006675061,0.006000517,0.006421498,0.007679766,0.00962653,0.01110495,0.013221586,0.03229899,0.054101385,0.063761741,0.056413364,0.050561212,0.049159046,0.056260511,0.061715804,0.06267871,0.054633494
Head 0,175,0.00069308,0.000747983,0.000479755,0.000593974,0.000684553,0.000770347,0.00068086,0.000766909,0.000752092,0.000954168,0.00083471,0.000738841,0.000712259,0.000714731,0.000823398,0.000935197,0.000858619,0.000924449,0.001112152,0.000748931,0.000811584,0.001033948,0.001100448,0.000954669,0.001013789,0.000997486,0.000919087,0.000836352,0.000787486,0.000736594,0.000677768,0.000606679,0.001812004,0.001756698,0.001005806,0.000637079,0.000582107,0.00138949,0.001614464,0.000880335,0.000852844,0.003216275,0.004224278,0.002031158,0.001197468,0.002717831,0.003433727,0.004052444,0.004324903,0.00366749,0.002873867,0.002182301,0.001678242,0.001448692,0.001479638,0.001518946,0.001600427,0.001793695,0.001886885,0.002448267,0.00271198,0.002921144,0.003191761,0.003797291,0.00490306,0.005722433,0.005929142,0.005387029,0.00457825,0.004243466,0.00401349,0.003639868,0.003385716,0.002981757,0.002850158,0.002866188,0.003232987,0.003773021,0.004225943,0.002667425,0.003213218,0.003858444,0.002688955,0.00303724,0.004986967,0.005593776,0.004982095,0.004522749,0.004053898,0.003930208,0.003870317,0.003578976,0.003306939,0.002818699,0.003081462,0.003409008,0.004210432,0.005781101,0.007823917,0.009802403,0.012027681,0.013966018,0.015397118,0.015509446,0.014611018,0.013706801,0.012878136,0.012440281,0.01162097,0.010206782,0.00806039,0.006511561,0.005996616,0.00643107,0.007979238,0.009288757,0.010900495,0.020470712,0.038660727,0.056219973,0.058733314,0.054732937,0.048611566,0.049293082,0.053119097,0.061597273,0.06726744,0.053878359
Head 0,176,0.000660311,0.000423394,0.000513059,0.00058115,0.000814187,0.000688945,0.000680461,0.000713238,0.000907908,0.000917375,0.000760611,0.000733018,0.000689615,0.000631889,0.000704889,0.000743208,0.000846659,0.001273329,0.00086092,0.000774995,0.000877429,0.000944446,0.000880767,0.001024094,0.001071829,0.000991464,0.000891834,0.000840847,0.000815496,0.000767279,0.000634112,0.001892744,0.001820441,0.000926299,0.000676939,0.000695339,0.00132392,0.001434517,0.000638166,0.000593634,0.00230239,0.003486156,0.002280404,0.001429237,0.002862152,0.00321167,0.003535999,0.003942215,0.003820168,0.003430489,0.002745594,0.0020851,0.001635027,0.001465347,0.001411285,0.001459063,0.001608196,0.001494704,0.001913717,0.002253942,0.002581833,0.002841743,0.003219655,0.004018533,0.004944875,0.005824097,0.005909722,0.005181255,0.004622234,0.004185267,0.003806379,0.003689994,0.003304337,0.002992805,0.002689947,0.002796117,0.00318448,0.00374208,0.00223277,0.002699095,0.003874183,0.002493115,0.00282013,0.004819051,0.005631478,0.005208249,0.004849176,0.004480381,0.004188706,0.003828807,0.003380422,0.003218465,0.002765723,0.002930012,0.002999281,0.003357579,0.004417773,0.006000137,0.007654153,0.009694841,0.011838317,0.014214098,0.015603207,0.01555538,0.014782373,0.013367171,0.012606108,0.012260864,0.011860943,0.010043735,0.008007271,0.006603382,0.006049534,0.006802676,0.007833715,0.009182714,0.013416495,0.024743896,0.040763136,0.052464109,0.057498801,0.05290509,0.049198478,0.046949375,0.053222179,0.065833099,0.066713609,0.053567782
Head 0,177,0.000412982,0.00048317,0.000519606,0.000899323,0.000757919,0.000689142,0.000679374,0.000778617,0.00084316,0.000748235,0.000766373,0.000705987,0.000576099,0.000540741,0.000636641,0.000739471,0.001301738,0.001023469,0.000822046,0.000872395,0.000890354,0.000748716,0.000922903,0.001074986,0.001055703,0.000963232,0.00088791,0.000863079,0.000853375,0.000708698,0.001941613,0.001930968,0.000792549,0.000610334,0.000734828,0.001352106,0.00141804,0.000568347,0.000437948,0.001682705,0.002591194,0.002003834,0.001615393,0.003335198,0.003606527,0.003574525,0.003712781,0.003741048,0.003821625,0.003484664,0.002833019,0.002185475,0.001705584,0.001495191,0.001444198,0.001521936,0.001377262,0.001608925,0.001879677,0.002294865,0.002680483,0.003030597,0.003602094,0.004323842,0.005440899,0.006282049,0.006115514,0.005591583,0.004854617,0.004236498,0.004143785,0.003899628,0.003556264,0.002985777,0.002792129,0.002905561,0.003397662,0.001986096,0.002241323,0.003670846,0.002339371,0.002518602,0.004445061,0.005541767,0.005432588,0.005258325,0.00501956,0.004710808,0.004077431,0.003314079,0.003095714,0.0027066,0.002883021,0.002868997,0.002936702,0.003528072,0.004607627,0.005890459,0.007560188,0.009510535,0.011990449,0.014362577,0.015495767,0.015990525,0.014411147,0.012973097,0.012320661,0.012474092,0.011572117,0.009887988,0.00803111,0.006477294,0.00617415,0.006527339,0.007457481,0.009680937,0.015690848,0.025484456,0.037746821,0.050547235,0.055011597,0.053459007,0.046386242,0.046418358,0.055419013,0.064388424,0.065777339,0.056793354
Head 0,178,0.00014193,0.000152387,0.00075101,0.000773481,0.000757818,0.000204523,0.000777561,0.000758174,0.000195525,0.000188617,0.000187019,0.000739347,0.000751234,0.000233987,0.00025192,0.001224621,0.000920916,0.000235026,0.000237157,0.000594511,0.000532716,0.000566028,0.000612218,0.000564982,0.000483364,0.000418719,0.000385155,0.000381057,0.000385791,0.000487623,0.000545421,0.000781739,0.000640753,0.000645251,0.000454617,0.000491763,0.000549876,0.000512699,0.001356429,0.001651002,0.00291061,0.002327634,0.001246222,0.001243718,0.001196583,0.001205491,0.001121354,0.00105476,0.000939747,0.000779315,0.000657663,0.000622266,0.000581033,0.000600499,0.000620272,0.000809089,0.00093597,0.001014015,0.001071437,0.001140747,0.001244313,0.001366698,0.001459072,0.00150866,0.001495714,0.001375229,0.001274275,0.001148882,0.001028438,0.001002424,0.000937261,0.000930547,0.000832477,0.000805189,0.000786645,0.000794222,0.000347932,0.00034738,0.000588858,0.000351925,0.000317522,0.000482759,0.000609925,0.000574236,0.000558759,0.000592082,0.000680496,0.000786037,0.000804705,0.00077058,0.000678244,0.000810672,0.000901972,0.001021668,0.001236127,0.001604524,0.001988647,0.002454804,0.0028522,0.003232665,0.003502505,0.003698918,0.003947149,0.004125869,0.004224335,0.004435829,0.004725031,0.004772523,0.004607251,0.004542898,0.004500313,0.005047331,0.006141874,0.007774671,0.012371808,0.02595344,0.041367315,0.048579097,0.05330104,0.054881345,0.058254093,0.059296053,0.069221549,0.092694186,0.106870346,0.113396235,0.109241441,0.001338389
Head 0,179,0.00018773,0.00147886,0.001442348,0.00116391,0.000168681,0.000874665,0.000899316,0.000162062,0.00015201,0.000144393,0.000750776,0.000857332,0.000164579,0.000164455,0.000894046,0.000904241,0.000198268,0.000188375,0.000651354,0.000644816,0.000617994,0.000605605,0.000538034,0.00046508,0.000418414,0.000393773,0.000372776,0.00032674,0.000261454,0.000253723,0.000301927,0.00032395,0.000327653,0.000263985,0.000290227,0.000330183,0.000340558,0.000468223,0.000579346,0.001101981,0.001053513,0.000770085,0.000907823,0.001018833,0.001129735,0.001125476,0.001169371,0.001187222,0.001166422,0.001126856,0.001040657,0.000999783,0.000950977,0.000930768,0.000710094,0.000762468,0.000770155,0.000793812,0.000825529,0.000872178,0.000952226,0.001040746,0.001157419,0.001271948,0.001305671,0.001398833,0.001467391,0.001506627,0.001710337,0.001850711,0.001964577,0.001959641,0.002041463,0.002191718,0.002566901,0.001158297,0.00113396,0.002061167,0.001282667,0.001444897,0.002583748,0.003265236,0.003154407,0.003297212,0.003705607,0.004214433,0.004268085,0.003742965,0.003284877,0.002767172,0.003124598,0.003265226,0.003489711,0.004121438,0.004927045,0.005649931,0.006315639,0.006826823,0.008075003,0.008921406,0.009380169,0.011050676,0.011569669,0.011813261,0.012304888,0.01333168,0.013349958,0.013057978,0.012885017,0.012524117,0.013750808,0.01440448,0.014278222,0.020251544,0.032836441,0.041744344,0.044874318,0.050082877,0.051610176,0.05462002,0.05177547,0.05303191,0.063854307,0.068838231,0.069861032,0.069555841,0.002455867,0.000453357
Head 0,180,0.001722326,0.001740404,0.001449503,0.000194537,0.000945079,0.000916466,0.000174988,0.000163908,0.0001555,0.000778044,0.000851299,0.000163967,0.000159353,0.000872068,0.000982979,0.000207917,0.000199717,0.00069391,0.000653851,0.000615374,0.000619327,0.000565648,0.00049789,0.000449557,0.000425283,0.000415082,0.000379724,0.000275341,0.000268768,0.000309799,0.000323384,0.000329138,0.000269531,0.000295059,0.000342415,0.000343168,0.000438263,0.000504538,0.00086326,0.000925863,0.000771167,0.000925291,0.001026541,0.001102872,0.001079537,0.001135969,0.001206083,0.001236675,0.001250603,0.001163913,0.001112697,0.001043804,0.001007865,0.000790092,0.000799564,0.000770633,0.000783825,0.000823111,0.000878341,0.000947941,0.001000787,0.001086202,0.001205588,0.001274765,0.001392154,0.001449929,0.001454175,0.001624514,0.001782844,0.001939967,0.001964549,0.002025139,0.002121159,0.002441589,0.001131481,0.001104105,0.002129147,0.001281902,0.001287088,0.002257402,0.002906952,0.002903241,0.003156522,0.003653114,0.00434765,0.004499679,0.003900142,0.003328552,0.002751384,0.003047945,0.003165146,0.003345725,0.003876632,0.004598059,0.005320919,0.005993292,0.006503787,0.007616241,0.008446771,0.008996841,0.010907389,0.011626638,0.011885018,0.0122698,0.013355251,0.013811876,0.014202234,0.014615704,0.014208247,0.014811576,0.014697486,0.0141507,0.020062706,0.030384982,0.036284599,0.038603626,0.044961631,0.050598662,0.057829093,0.056455415,0.056084126,0.063734889,0.066694073,0.070290849,0.076329798,0.00325541,0.000540557,0.000695859
Head 0,181,0.001842445,0.001664701,0.000207545,0.001120191,0.001016984,0.000184513,0.000169727,0.000161069,0.000823129,0.000888377,0.000167838,0.00016077,0.000831003,0.000975801,0.000202872,0.000200613,0.000760496,0.000693891,0.000629854,0.000636476,0.000602574,0.000553271,0.000508969,0.000472687,0.000448357,0.000414121,0.000284758,0.000283454,0.000362044,0.000362452,0.000351779,0.000280122,0.000298371,0.00036841,0.000372384,0.00044716,0.000482235,0.000736022,0.000803063,0.000707466,0.000881225,0.001009462,0.001092233,0.001056133,0.001098004,0.001182046,0.001244529,0.001311505,0.001264916,0.001214254,0.001127703,0.00108091,0.0008858,0.000878421,0.000811541,0.000790302,0.000813502,0.000875615,0.000956688,0.000998513,0.001048177,0.001139149,0.001218247,0.001368987,0.001455674,0.001450964,0.00157535,0.00169539,0.001860561,0.001943651,0.00203344,0.002101914,0.002316683,0.001068891,0.001041434,0.001928623,0.001188743,0.001147717,0.001975681,0.002588594,0.002644565,0.00294668,0.003431131,0.004200962,0.004510807,0.004009059,0.003382541,0.002741878,0.002976057,0.003051983,0.003197142,0.003597689,0.004133757,0.004721963,0.005339012,0.005864748,0.006899282,0.007643819,0.008167257,0.01003139,0.011030525,0.011624911,0.012161575,0.013236972,0.013787419,0.014553788,0.015691105,0.015879117,0.016514421,0.015673716,0.014492655,0.020635402,0.030914504,0.035528664,0.035854347,0.04040698,0.046101645,0.055386446,0.058043592,0.059981689,0.067885414,0.068570331,0.071413584,0.080177173,0.003719434,0.000613998,0.000796915,0.000632796
Head 0,182,0.001853813,0.000225468,0.00137155,0.001241482,0.000209834,0.000188301,0.000176304,0.000899477,0.000990874,0.000178307,0.000167451,0.000805797,0.000963443,0.000202501,0.000201444,0.00086485,0.000822161,0.000717052,0.0006954,0.000653865,0.000620033,0.000602297,0.000578538,0.000543425,0.000490918,0.000306322,0.000297851,0.000429364,0.000439321,0.000410508,0.00030495,0.000314553,0.000406997,0.000432805,0.000467069,0.000485154,0.000712825,0.000743653,0.000650388,0.000812794,0.000965944,0.001083857,0.00106071,0.001086267,0.001155818,0.001224901,0.00132904,0.001359509,0.001334119,0.00124796,0.001185185,0.000974815,0.000971987,0.000886663,0.000828746,0.000819399,0.000867064,0.000953172,0.00100248,0.001034239,0.001089381,0.001147143,0.001303165,0.0014282,0.001454219,0.001564044,0.001630974,0.001757447,0.001849065,0.001984391,0.002090133,0.002267666,0.000984765,0.000997406,0.001835751,0.00110143,0.001030963,0.001718789,0.002233477,0.002316703,0.002658412,0.003174565,0.003972461,0.004391,0.004030149,0.003432479,0.002739236,0.002906394,0.002926103,0.003051713,0.003397655,0.003795807,0.004204227,0.004681578,0.005146971,0.006144583,0.006862176,0.007395524,0.009088388,0.010170655,0.011031881,0.011846765,0.013061424,0.013625194,0.014507934,0.016141362,0.017219638,0.018792141,0.017704083,0.015722552,0.021250172,0.031521775,0.035567228,0.034541998,0.037497722,0.0418946,0.050921846,0.056487434,0.062198658,0.073072776,0.073041305,0.073415749,0.080517836,0.004497863,0.000749823,0.00097665,0.000762355,0.000624982
Head 0,183,0.000243725,0.001703257,0.001560246,0.00023159,0.000207391,0.000194916,0.00098331,0.001078124,0.000190906,0.000179328,0.000849735,0.000955726,0.000200745,0.000199838,0.000938409,0.000950855,0.000842207,0.000788249,0.000706673,0.000651459,0.000638569,0.000634073,0.000611046,0.000551596,0.000342468,0.000332281,0.00052213,0.000517498,0.000475966,0.000341217,0.000352178,0.000431592,0.000472927,0.000507195,0.000529489,0.000759821,0.00071773,0.000628188,0.000763395,0.000933588,0.001113687,0.001148152,0.001191712,0.001250552,0.00130736,0.001418209,0.001508819,0.00153535,0.001490402,0.001440273,0.001158797,0.001168985,0.001070349,0.00097946,0.000928195,0.000945536,0.001022562,0.001084784,0.001124403,0.001163941,0.001192642,0.001334569,0.001482538,0.001556678,0.001709091,0.00176838,0.001865729,0.00192197,0.002075145,0.002232518,0.002461791,0.000965972,0.001017517,0.002000904,0.001152897,0.00102419,0.00163511,0.002043822,0.002073937,0.002386923,0.002918058,0.003734743,0.004245982,0.004073672,0.003631729,0.002919908,0.003035072,0.00295617,0.003017067,0.003341195,0.003687138,0.003982149,0.004344893,0.00471875,0.00564487,0.006307368,0.006825827,0.008311248,0.009334859,0.010324935,0.011446046,0.012988869,0.013662341,0.014495823,0.016134394,0.017654691,0.020336226,0.019878399,0.017597742,0.022424042,0.032881793,0.036512207,0.034221999,0.035424501,0.037503395,0.044192083,0.050040998,0.058926683,0.074854739,0.078706548,0.078563407,0.081920259,0.005159673,0.000850668,0.001174928,0.000933452,0.000761917,0.000723084
Head 0,184,0.000572538,0.000556063,0.000339159,0.000368168,0.00038958,0.000534663,0.000487817,0.000414721,0.000421571,0.000740916,0.000761098,0.0004353,0.000463283,0.000854716,0.000851033,0.001033805,0.001197686,0.001092611,0.000881995,0.000742891,0.000755674,0.000976108,0.001269927,0.001096549,0.001257641,0.001947765,0.001423361,0.001433579,0.001099982,0.001179073,0.001069438,0.000900199,0.001298737,0.001282875,0.00215892,0.001945723,0.001269795,0.001331998,0.001362631,0.001469568,0.001597277,0.00180603,0.001968498,0.001927605,0.001872401,0.00172096,0.001728509,0.001786284,0.001932197,0.001706231,0.001567754,0.001371256,0.001330278,0.001290201,0.001263122,0.001256972,0.001256908,0.001404143,0.00168224,0.001949779,0.002296263,0.002571514,0.002777095,0.003351886,0.004042882,0.004426412,0.004262594,0.003887092,0.003643846,0.00403341,0.001412724,0.001279168,0.002468042,0.002400625,0.002628869,0.00396406,0.004365033,0.003772621,0.003650547,0.004157508,0.005361405,0.006541496,0.007066553,0.007650521,0.007146802,0.00765823,0.0068282,0.005762192,0.005265674,0.005087931,0.004949939,0.004850443,0.004716211,0.005027716,0.005257344,0.00548783,0.006720383,0.007129661,0.007049698,0.006983902,0.007377969,0.007744151,0.008237374,0.008954518,0.009291095,0.010356502,0.011478261,0.012306193,0.026552496,0.03154587,0.028962106,0.024295717,0.023184184,0.024320055,0.028525272,0.032911811,0.041402742,0.058811363,0.080226839,0.103511013,0.117944486,0.004204348,0.001226061,0.002043829,0.002579217,0.002755778,0.002757047,0.02647162
Head 0,185,0.000586254,0.000375183,0.000380812,0.000383182,0.000580778,0.00056086,0.000473521,0.000484599,0.000697593,0.000759861,0.000467039,0.000494238,0.000828488,0.000778864,0.000916355,0.001171347,0.001253925,0.001142676,0.000951958,0.000819863,0.000852447,0.000996109,0.000961614,0.001189661,0.002005173,0.001602111,0.001609518,0.001206544,0.001229234,0.001190272,0.000996668,0.001568001,0.001499163,0.00194661,0.001989183,0.001396337,0.001500716,0.001489907,0.001517125,0.001577284,0.001780262,0.002056676,0.002141729,0.002194594,0.002063753,0.001980003,0.001953395,0.002082806,0.002077384,0.001950813,0.001666256,0.001550757,0.001490109,0.001486831,0.001497476,0.001427521,0.001454666,0.001630218,0.001890654,0.002314976,0.002666262,0.002836057,0.003288622,0.003977242,0.004672563,0.005017599,0.004842222,0.004438971,0.004435359,0.001574718,0.001254361,0.001833257,0.001788465,0.002165262,0.003649013,0.004469991,0.004113475,0.00391291,0.004038414,0.004823029,0.005657866,0.006083671,0.006693071,0.00672419,0.007933204,0.007871183,0.007107153,0.006421349,0.005879811,0.005489935,0.005271518,0.005094271,0.00526473,0.005322819,0.005355592,0.006531703,0.007189353,0.007475292,0.007562048,0.007824731,0.008073878,0.008583439,0.009599342,0.01012723,0.010822854,0.011119313,0.011856876,0.02870957,0.037892174,0.036475744,0.029471602,0.025653744,0.024393097,0.026491242,0.029262343,0.034964755,0.04675065,0.061833084,0.085219637,0.113784693,0.004299045,0.0010289,0.001580984,0.002050997,0.002555304,0.003062021,0.03232538,0.024338936
Head 0,186,0.000430698,0.000412138,0.000392602,0.000643785,0.000673471,0.000496406,0.000520963,0.000655707,0.00071783,0.000497166,0.000523595,0.000887463,0.000808351,0.00086892,0.001091604,0.001285355,0.00137853,0.001311428,0.001110895,0.00096634,0.000919523,0.000879132,0.001063852,0.001886641,0.001750465,0.001812818,0.001384859,0.001339151,0.001384539,0.001186781,0.001839167,0.001796849,0.001796377,0.001826022,0.001515954,0.001659337,0.001660045,0.001658853,0.001650404,0.001786297,0.002063521,0.002250954,0.002457398,0.002503558,0.002395969,0.002280767,0.00235223,0.002471642,0.002463845,0.002151817,0.001926483,0.00177883,0.001757781,0.001803368,0.001719997,0.001649024,0.001681167,0.001843578,0.002261435,0.002710678,0.002950278,0.003334083,0.003863371,0.004607097,0.005393329,0.00577886,0.005638977,0.005397741,0.001979829,0.001532508,0.001764705,0.001436679,0.001799553,0.003223443,0.00424667,0.004281072,0.004265583,0.004278364,0.004731649,0.005186862,0.005374757,0.005809131,0.005956003,0.007438792,0.008133407,0.008154489,0.007789138,0.007000667,0.00622398,0.005755714,0.005467295,0.005592669,0.005520687,0.005367499,0.006210497,0.006831776,0.007418447,0.007871157,0.008241789,0.008390115,0.008792049,0.009977617,0.010989368,0.012055718,0.011714509,0.011801153,0.02831148,0.040698327,0.043512095,0.036661938,0.030846143,0.026617849,0.025971347,0.026984595,0.030964738,0.039463129,0.048771206,0.064954042,0.09125147,0.00422376,0.001070191,0.001445649,0.001702032,0.002202765,0.003048392,0.03114525,0.031206258,0.024383906
Head 0,187,0.000463775,0.000436925,0.000701788,0.000739937,0.000471921,0.000511737,0.000619705,0.000636305,0.000527167,0.000556231,0.000948425,0.000864101,0.000862691,0.000969604,0.001099633,0.001283586,0.001455198,0.001416128,0.001212349,0.000977598,0.000884512,0.00097892,0.001660211,0.001690169,0.0019493,0.001611665,0.001577605,0.001701465,0.001412908,0.001977992,0.002075941,0.001799648,0.001628671,0.001651548,0.001794331,0.001820779,0.001831774,0.001781358,0.001842445,0.002040973,0.002259554,0.002573191,0.002860789,0.002868843,0.002745022,0.002764413,0.002798778,0.00297553,0.002783246,0.002526092,0.002264583,0.002159614,0.002196595,0.002147094,0.002044515,0.001938776,0.001946785,0.002266185,0.002750548,0.003134602,0.003606227,0.004022843,0.004650526,0.005527583,0.006471434,0.007068153,0.007164179,0.002709702,0.002260572,0.002517301,0.001501143,0.001718573,0.003028031,0.003984942,0.004296147,0.004627878,0.004895182,0.005210885,0.005292423,0.005136568,0.005381013,0.005445499,0.006898764,0.008034384,0.008931774,0.009518307,0.008894464,0.007656815,0.006714036,0.006087734,0.006140708,0.005987226,0.005738226,0.006213772,0.006564566,0.007138476,0.00785538,0.008490899,0.008618033,0.008826652,0.009813846,0.011062989,0.012958838,0.012727921,0.012193851,0.027258158,0.039395593,0.046013445,0.042643119,0.037516158,0.030778902,0.02697647,0.025371887,0.027505586,0.033741683,0.03947537,0.048675619,0.065126106,0.003961819,0.001106668,0.001379618,0.001412912,0.001700368,0.002480958,0.024124656,0.029326815,0.030285528,0.023686353
Head 0,188,0.000479818,0.000696129,0.000726021,0.000419459,0.000450064,0.000599885,0.000609755,0.000552584,0.00056749,0.000899219,0.000902368,0.000915019,0.000953673,0.000969027,0.001082599,0.001339884,0.001564185,0.001538954,0.001212057,0.000945463,0.000918351,0.001318457,0.001440118,0.001879764,0.001573616,0.001645988,0.001883304,0.001570193,0.0018135,0.00200002,0.001979749,0.001688538,0.001795704,0.001819406,0.001783915,0.00178536,0.001744529,0.001779305,0.00188724,0.002046796,0.002329624,0.002703839,0.00288391,0.002900364,0.002914216,0.002725859,0.002932422,0.00293997,0.002850263,0.002596963,0.002393728,0.002331703,0.002295363,0.002246368,0.002097523,0.00195579,0.002071604,0.002388439,0.002772503,0.003340551,0.003766219,0.004227037,0.004771676,0.005700253,0.006811204,0.007837329,0.003042601,0.002835636,0.003928586,0.00181563,0.001729725,0.002826315,0.003487143,0.003791224,0.004324097,0.005055005,0.005525468,0.00538525,0.004871203,0.00487866,0.00473118,0.005852114,0.006903135,0.008133113,0.009742599,0.010073605,0.008968079,0.007696387,0.006640896,0.0065141,0.006282263,0.006002735,0.006292952,0.00630158,0.006581888,0.00728541,0.008234058,0.008608144,0.008828435,0.009482752,0.01042774,0.012704495,0.013379242,0.012974874,0.026218586,0.036124602,0.043464698,0.044748195,0.044144712,0.037842184,0.031719662,0.026598256,0.026219049,0.030487746,0.034813516,0.040899538,0.050766382,0.00380226,0.001175318,0.001476053,0.001374709,0.001436693,0.001928245,0.020464506,0.023787549,0.029072236,0.03011935,0.022615379
Head 0,189,0.000699157,0.000694538,0.000384201,0.000393301,0.000607754,0.000642302,0.000572904,0.000590974,0.000810185,0.000868978,0.000958614,0.001022954,0.000959657,0.000956634,0.001130558,0.001448912,0.001717479,0.001545259,0.001071255,0.000973748,0.001138439,0.001133906,0.001568867,0.001404828,0.001645218,0.002053436,0.001709964,0.00173046,0.001861039,0.002155644,0.001889227,0.002064269,0.002014172,0.001884276,0.001814692,0.001747881,0.001773249,0.001842904,0.001940996,0.002181683,0.002521531,0.002822194,0.003017604,0.003108782,0.002812777,0.002880109,0.002916721,0.003039839,0.002956776,0.002765563,0.002592328,0.002471055,0.00243831,0.002326041,0.002115744,0.002068768,0.002173126,0.002416184,0.002970732,0.003508023,0.003984576,0.004279986,0.004921877,0.005963871,0.007589223,0.003094802,0.003067723,0.005571118,0.002401779,0.001854161,0.002772644,0.003146599,0.003256564,0.003723995,0.004668547,0.00551016,0.005484933,0.004737179,0.004463492,0.004088138,0.00484788,0.005623609,0.006711132,0.008664942,0.010072548,0.009866387,0.008739261,0.007344982,0.006836124,0.006388669,0.006029144,0.006381704,0.006209895,0.006156586,0.006573493,0.007520617,0.008150411,0.008646591,0.009249239,0.009772351,0.011621955,0.01296038,0.013315954,0.026652491,0.034712117,0.039247468,0.041394707,0.04499517,0.043416906,0.038757648,0.030793548,0.02724543,0.028446516,0.030634891,0.035014432,0.041942183,0.003467327,0.001128719,0.001540821,0.001439917,0.001364524,0.00159248,0.021546492,0.020343723,0.023687076,0.029179417,0.028918264,0.022745827
Head 0,190,0.000656723,0.000378425,0.000366758,0.000615974,0.000682129,0.00054527,0.000583136,0.000686031,0.000740015,0.000883017,0.001046163,0.001002015,0.000918433,0.000951548,0.001147005,0.001479532,0.00159835,0.001119771,0.0010548,0.001133156,0.000918665,0.001184056,0.001140708,0.001457426,0.002081314,0.001805452,0.001764505,0.001768081,0.002224703,0.00205825,0.002188899,0.00220066,0.00203484,0.001885956,0.001751137,0.00174053,0.001788258,0.001820587,0.002010846,0.002262231,0.002576966,0.002888985,0.00312964,0.003011957,0.002917643,0.002816218,0.003012748,0.003145905,0.003147671,0.002987779,0.002745376,0.002641395,0.002570689,0.002377354,0.002253032,0.002171241,0.002205626,0.002604846,0.003169204,0.003769394,0.004065545,0.004487947,0.0051956,0.006700897,0.003024428,0.002982907,0.006047275,0.003039938,0.002067056,0.002906747,0.003128018,0.003009645,0.003265132,0.00402928,0.005126314,0.005510158,0.004859461,0.004375902,0.00381418,0.004304413,0.004805346,0.005598271,0.007290835,0.009198368,0.010175692,0.009867942,0.00856743,0.007626691,0.006764595,0.00611266,0.006497361,0.00629684,0.006043964,0.006119851,0.006778482,0.007414038,0.008148317,0.008968999,0.009301709,0.01034948,0.011533109,0.012574187,0.027517231,0.036462981,0.038119126,0.037597466,0.040963102,0.043630879,0.044008281,0.036720842,0.03096297,0.028938102,0.028009668,0.03037966,0.035537124,0.003211272,0.000943414,0.001402214,0.001424361,0.001359217,0.001432386,0.025975183,0.020274093,0.019182265,0.022592142,0.026869122,0.027968327,0.020724589
Head 0,191,0.000376279,0.000352385,0.000576023,0.000662476,0.0004531,0.000502928,0.000580489,0.00060669,0.000711882,0.000920469,0.000980807,0.000927975,0.000888926,0.00093804,0.001128276,0.00133246,0.000981278,0.000992524,0.001194907,0.000857165,0.000924383,0.000870726,0.001095979,0.001807451,0.001782077,0.001742498,0.001639641,0.002128584,0.002054891,0.001933315,0.002082226,0.00200109,0.00184495,0.001646843,0.001562663,0.001565372,0.001541307,0.001673376,0.001858689,0.002076833,0.002340337,0.002626497,0.002831179,0.002722748,0.002479143,0.002544689,0.002718619,0.002932898,0.002973028,0.002726645,0.002513752,0.002415686,0.002287791,0.002210237,0.002063843,0.001922131,0.002061935,0.002408843,0.002942023,0.003341411,0.003702866,0.004094901,0.004944902,0.002526344,0.002439016,0.004390726,0.002876671,0.002036157,0.002832737,0.003061715,0.00282792,0.002888172,0.003286934,0.00427914,0.004985811,0.004731141,0.00419267,0.003533094,0.003824778,0.004096331,0.004615398,0.005770308,0.007368634,0.008878531,0.009627394,0.00918319,0.008351969,0.007204837,0.006189012,0.006448841,0.006280565,0.006014779,0.005853051,0.006118631,0.0064835,0.007181028,0.008288589,0.008904841,0.009554277,0.01006196,0.01102002,0.025892301,0.03826144,0.039744958,0.035972729,0.036451694,0.039850544,0.044927578,0.042830124,0.03808162,0.034077454,0.029262813,0.028725982,0.032022431,0.003037802,0.000831153,0.00124547,0.001346062,0.001385807,0.001451207,0.032683101,0.025422374,0.020124115,0.019292403,0.022040749,0.027388664,0.026550055,0.019286586
Head 0,192,0.000380644,0.000580441,0.000642132,0.000384938,0.000428,0.000537467,0.000552394,0.000593129,0.000769743,0.000913585,0.000974658,0.000972527,0.000943725,0.000978495,0.001073636,0.000872288,0.000938534,0.001398406,0.000986535,0.000892629,0.000789287,0.000907582,0.001462359,0.001652616,0.001811511,0.001782803,0.002222067,0.001993157,0.001724884,0.001948707,0.002011523,0.001976886,0.00178899,0.001639213,0.001569296,0.001478698,0.00155245,0.00174523,0.001901972,0.002131906,0.002455161,0.002824,0.002924704,0.002656316,0.002554402,0.002619081,0.002907912,0.003199647,0.003107637,0.002841768,0.002635379,0.002469338,0.002430044,0.002300671,0.002060282,0.002010724,0.002122673,0.002519316,0.002974367,0.003473302,0.003886294,0.004384084,0.002334362,0.002299085,0.003295731,0.002469133,0.001948877,0.00277986,0.003084861,0.002831192,0.002770636,0.002846392,0.003523255,0.004221077,0.004370697,0.004051791,0.003421581,0.003593615,0.003679173,0.004006142,0.004784301,0.005917454,0.00732284,0.00871181,0.009394677,0.009343947,0.008202693,0.006791914,0.006577012,0.006220709,0.005990413,0.005821317,0.005889805,0.005954279,0.006371654,0.007462522,0.008465852,0.009337553,0.009284794,0.009733378,0.021453906,0.036622971,0.042258181,0.03768307,0.03494978,0.035275485,0.039628185,0.042124204,0.042343941,0.040321339,0.032880999,0.028575866,0.028166078,0.003163849,0.000744707,0.001070751,0.001165466,0.001294114,0.001447466,0.033088863,0.030627044,0.023935759,0.018985789,0.01767786,0.02139969,0.025048232,0.023955464,0.01774247
Head 0,193,0.000574396,0.000594682,0.000339671,0.000364061,0.000529183,0.000552434,0.000532572,0.000628595,0.000752245,0.000887367,0.001001939,0.001019069,0.000976609,0.000927873,0.000800151,0.000857663,0.001494667,0.001198347,0.001036037,0.000816792,0.000846291,0.001171833,0.001389964,0.001699537,0.001904121,0.0025116,0.00204083,0.001621244,0.001801421,0.001935874,0.002058414,0.001979588,0.001822743,0.001674734,0.001515222,0.001506861,0.001691634,0.001790843,0.001977157,0.002271608,0.002550471,0.002935952,0.002872534,0.002717744,0.002636732,0.002838095,0.003237646,0.003401827,0.003264501,0.002986506,0.00272005,0.002657867,0.002580546,0.002345313,0.002193667,0.002083497,0.002263949,0.002585739,0.003133842,0.003695804,0.004151237,0.002147452,0.002280564,0.002872274,0.00213199,0.001906873,0.002768618,0.003119532,0.002914444,0.002828778,0.002747795,0.003111063,0.003541682,0.003795984,0.003778481,0.003306786,0.00345607,0.003426847,0.003623053,0.004201861,0.004950049,0.005902117,0.007216959,0.008503636,0.009593091,0.009154961,0.00778049,0.007108347,0.006365261,0.005997261,0.005846731,0.005883073,0.005717422,0.005785477,0.006549404,0.007641852,0.009085621,0.009043824,0.009049164,0.01662283,0.030526452,0.040836599,0.039786369,0.036709677,0.033924647,0.034995914,0.037732959,0.042065132,0.045554779,0.039508779,0.032409612,0.027984571,0.003239461,0.000733953,0.000990135,0.001018181,0.001142446,0.001370566,0.026870536,0.030930201,0.028644646,0.022472905,0.017433746,0.017549604,0.020054892,0.023229886,0.022294799,0.017281493
Head 0,194,0.000595497,0.000354577,0.000353133,0.000547476,0.000601862,0.000551216,0.000582499,0.000640011,0.000760326,0.000953105,0.001112761,0.001134972,0.000982781,0.000819853,0.000824683,0.001398981,0.001349422,0.001296737,0.00091761,0.000899561,0.001019684,0.00112268,0.001429199,0.001824991,0.002916067,0.002358487,0.001727359,0.001775491,0.00184155,0.002025684,0.002108504,0.002063802,0.001904642,0.001694525,0.001594978,0.001728466,0.001774302,0.00193771,0.002176897,0.002244914,0.00276457,0.003023007,0.003044987,0.002923958,0.002973635,0.003290911,0.00361842,0.003759759,0.00357248,0.003218272,0.003048012,0.002950265,0.00276477,0.002628085,0.002377111,0.002348858,0.002411953,0.002850247,0.003499819,0.004175916,0.001975788,0.002306605,0.003149031,0.002092108,0.001962457,0.002840125,0.00317109,0.003017659,0.00296507,0.002895652,0.00305118,0.003155038,0.003260235,0.003464493,0.003224291,0.00345302,0.003394302,0.003486332,0.003983214,0.00453182,0.005089535,0.006040387,0.007315813,0.009144194,0.009854981,0.009152217,0.008415306,0.007131691,0.006321742,0.006014347,0.006095033,0.005874051,0.005732231,0.006112241,0.006925501,0.008684777,0.009114677,0.00904946,0.013472183,0.023394505,0.034135215,0.038384035,0.039253034,0.035989098,0.033949576,0.03351818,0.037537538,0.04475829,0.044648681,0.038817964,0.031691954,0.00390835,0.000754962,0.000983469,0.000951025,0.001015771,0.001238006,0.0201762,0.025597887,0.029020511,0.02670975,0.020407677,0.017165918,0.016191512,0.018527504,0.021388296,0.021876024,0.015897181
Head 0,195,0.000373406,0.000355081,0.000541146,0.000608953,0.000576398,0.000589793,0.000585023,0.000635422,0.000786672,0.001011471,0.001191943,0.001086622,0.000837519,0.000797203,0.001163713,0.001249515,0.001407681,0.000931705,0.000931326,0.000978386,0.000925903,0.001114579,0.001463742,0.002933913,0.002734072,0.001858106,0.001798482,0.001723098,0.001820727,0.001967573,0.002077234,0.002021534,0.00183132,0.001674528,0.001691683,0.001669209,0.001785063,0.001932767,0.001859038,0.002243354,0.002620734,0.002920198,0.002974333,0.002963764,0.003085565,0.003326124,0.003643602,0.003721972,0.00347153,0.003226756,0.003021426,0.002842986,0.002800695,0.002596042,0.002446562,0.002245955,0.002411016,0.002857699,0.003587745,0.001600969,0.001931623,0.003220432,0.002062253,0.00193795,0.00279092,0.003100083,0.002979106,0.002959052,0.002994438,0.003113118,0.002982298,0.002835016,0.00302382,0.002940341,0.003272361,0.003277914,0.003302885,0.003720679,0.004178839,0.004513237,0.00508253,0.005962656,0.007660598,0.00910319,0.009448482,0.009578779,0.008167245,0.006875362,0.006218775,0.006233494,0.006050542,0.005886661,0.00599453,0.006324308,0.007769065,0.008616733,0.008908513,0.012292888,0.018885171,0.026685284,0.032783214,0.0383875,0.038751967,0.036626063,0.032831479,0.033919804,0.040580548,0.045718879,0.04594589,0.040506244,0.004420521,0.000794259,0.001035284,0.000975037,0.000980607,0.001143113,0.01755096,0.020928793,0.025661262,0.028507544,0.025655389,0.021317568,0.016803781,0.015995836,0.018144418,0.022404114,0.021238521,0.015379695
Head 0,196,0.000596003,0.001993084,0.00222715,0.001791622,0.00161285,0.001424329,0.001367759,0.001456689,0.001568588,0.001525201,0.001398148,0.00061873,0.00057117,0.001816029,0.002130901,0.001807993,0.000456574,0.000432347,0.001353849,0.00161362,0.000416593,0.000500099,0.002215025,0.001842893,0.000419266,0.000482506,0.000570776,0.000710087,0.000786699,0.000790312,0.000717386,0.000645104,0.000585102,0.000601562,0.000586981,0.000613404,0.000633062,0.000448105,0.000554673,0.000670386,0.000749386,0.000823526,0.000961446,0.001207724,0.001517196,0.001781403,0.001873363,0.001866319,0.001874669,0.001860579,0.001784192,0.001670192,0.001412342,0.001229044,0.001105329,0.001115637,0.001194508,0.001277407,0.000875125,0.00110557,0.001361041,0.001119378,0.00131619,0.001928623,0.002351556,0.00242401,0.002559525,0.00262707,0.002790566,0.002758281,0.002677656,0.002508431,0.002201344,0.002209382,0.002077216,0.002097514,0.00240142,0.002714584,0.003027614,0.003503915,0.004172074,0.005368032,0.006266628,0.006715222,0.007283728,0.007257172,0.007230463,0.007106711,0.006913021,0.006062305,0.005349189,0.005133799,0.005501867,0.00693501,0.007692939,0.007907358,0.007040821,0.013316572,0.020576069,0.024717243,0.028074119,0.029466838,0.033311404,0.038209777,0.048095431,0.063045003,0.064246841,0.052774277,0.039219033,0.006202615,0.001624126,0.001764342,0.00127455,0.001029763,0.000992353,0.014045767,0.017804254,0.021806214,0.022900732,0.021487204,0.021677002,0.022613192,0.026252998,0.032820679,0.036449913,0.032174807,0.023769099,0.011828589
Head 0,197,0.002142288,0.002375208,0.002081468,0.001940933,0.0016168,0.001420415,0.00142973,0.001586646,0.001689955,0.001600135,0.000713317,0.000661913,0.001791106,0.002238795,0.002221189,0.000525837,0.000504053,0.001403477,0.001454512,0.000374164,0.000459242,0.002344016,0.002165452,0.000479613,0.000517073,0.000567028,0.000689663,0.000807962,0.00089904,0.000882263,0.000819913,0.000728849,0.000691399,0.000651339,0.000668768,0.000671374,0.000437865,0.000508449,0.000623961,0.000741253,0.000841529,0.000954169,0.001133428,0.001407499,0.001767031,0.002039961,0.002152326,0.002172669,0.00213022,0.002094736,0.002105647,0.001909293,0.001654574,0.001366002,0.001251781,0.00125883,0.001363312,0.00079937,0.000964187,0.001423366,0.001053901,0.001154491,0.001707153,0.002127626,0.002269796,0.002486288,0.0027019,0.002914172,0.002776014,0.002560996,0.002442637,0.002211135,0.002257749,0.002105032,0.002032959,0.002264392,0.002529242,0.002749543,0.003040149,0.003466895,0.004427505,0.005411213,0.006209446,0.007266074,0.007393497,0.007332419,0.007317493,0.007508644,0.006974306,0.006267275,0.005696027,0.005469576,0.00634854,0.007128799,0.00752284,0.006014809,0.010129284,0.015176102,0.019803375,0.025308538,0.028634934,0.031977177,0.033529073,0.040007375,0.055056307,0.066947468,0.067754194,0.057714935,0.008356535,0.001968273,0.002265227,0.001677307,0.001284994,0.00114573,0.013834596,0.014832763,0.017401312,0.020151803,0.021725712,0.022385737,0.020690262,0.020970058,0.025661139,0.032944858,0.036058664,0.030548383,0.014063471,0.011937458
Head 0,198,0.002381232,0.002232963,0.002287927,0.001945054,0.00161753,0.001473881,0.001532256,0.001679497,0.001722284,0.000782935,0.000759402,0.001711275,0.00207651,0.002275177,0.00058399,0.000581054,0.001679251,0.001528515,0.000371037,0.000415575,0.002054367,0.002261707,0.000541149,0.000594694,0.000616139,0.000692797,0.000789681,0.000926246,0.000999855,0.000995986,0.000921844,0.000829817,0.000752786,0.000742469,0.000720818,0.000473644,0.000493664,0.000570531,0.000692142,0.000828327,0.000962133,0.001109428,0.001303709,0.001628031,0.002007944,0.002309797,0.002456676,0.002410671,0.002350018,0.002436155,0.002398991,0.002201297,0.001812052,0.001538017,0.001399513,0.001439882,0.000786813,0.000848009,0.001326128,0.000986642,0.001005452,0.001504434,0.00195104,0.002165759,0.00245171,0.002762759,0.003128272,0.003022231,0.002678152,0.002477389,0.002258331,0.002361135,0.00225031,0.002134708,0.002286212,0.002497908,0.002692318,0.002881629,0.003130164,0.003792179,0.004613983,0.005467108,0.007054141,0.007643179,0.007744511,0.007723948,0.008054323,0.007873058,0.007494668,0.006941279,0.006261023,0.006462255,0.006859013,0.00724989,0.00599933,0.009073406,0.01210627,0.015403009,0.020919235,0.026416311,0.031910464,0.032773059,0.036028929,0.046539791,0.0591124,0.070900589,0.074802577,0.011095059,0.002384106,0.00284842,0.002213586,0.001717168,0.001469778,0.016597541,0.015114467,0.015009411,0.016703624,0.020176826,0.023587154,0.022057265,0.019828411,0.021213373,0.026519312,0.03316991,0.034843005,0.01472871,0.014516174,0.014498952
Head 0,199,0.002224577,0.002447062,0.002252047,0.001935855,0.001683831,0.001580744,0.001617381,0.001722591,0.00079147,0.000816674,0.001754266,0.001969357,0.002114488,0.000631355,0.000636732,0.002106655,0.001861039,0.00041312,0.000401979,0.001635026,0.00199007,0.000534434,0.00064574,0.000683188,0.000726963,0.000768788,0.000882583,0.00100683,0.001079014,0.001085988,0.000994424,0.000886409,0.00083055,0.000776424,0.000546136,0.000518903,0.000538553,0.000616294,0.00074471,0.000904824,0.001065209,0.001201625,0.001421899,0.00176287,0.002176646,0.002530634,0.002609117,0.002539676,0.00260871,0.002670825,0.002630201,0.002336523,0.001970012,0.001658291,0.001531903,0.000826184,0.000792305,0.001099163,0.000852988,0.000830144,0.001245176,0.001696946,0.001985722,0.002352339,0.002707556,0.003253749,0.003352697,0.003006769,0.002653014,0.002362144,0.002478081,0.002425007,0.002330413,0.002412815,0.002536527,0.002701974,0.002843827,0.002996068,0.003425957,0.003982264,0.004658185,0.006354434,0.007460393,0.008062286,0.008218051,0.008547666,0.008552547,0.008606435,0.00853616,0.007834795,0.007450187,0.007083521,0.0070511,0.006362418,0.009149055,0.010853706,0.012432695,0.016300943,0.021912476,0.029557271,0.03300431,0.035951905,0.043096926,0.050954182,0.064080104,0.080075018,0.013949381,0.003045466,0.003641798,0.002898416,0.002356942,0.002044829,0.022021806,0.019039873,0.015913561,0.014974131,0.017504379,0.022577653,0.023749838,0.021649072,0.020776531,0.022578344,0.027418111,0.03321689,0.014009972,0.015432796,0.017752234,0.01608018
Head 0,200,0.00239988,0.002336025,0.002175277,0.00197509,0.001763324,0.001612843,0.001630341,0.000768987,0.000819654,0.001885376,0.001999548,0.001960265,0.000680288,0.000675454,0.002441838,0.002342414,0.00048319,0.000429715,0.00137743,0.001550362,0.000458742,0.000605249,0.000698163,0.000760915,0.000766454,0.000826302,0.000929946,0.001034663,0.001125409,0.001117857,0.001023018,0.000934764,0.000852561,0.00062538,0.000576189,0.000548284,0.000563899,0.000640965,0.000785157,0.000962375,0.001093547,0.001233627,0.001456912,0.001816384,0.002268303,0.00255055,0.002593808,0.002653179,0.002691896,0.002746889,0.002680673,0.0024078,0.002025004,0.001716316,0.000910228,0.000825271,0.000947935,0.000723255,0.000691736,0.001014354,0.001406544,0.00171713,0.002144261,0.002537608,0.003184736,0.003542683,0.003378505,0.002935463,0.00252549,0.002592585,0.00255202,0.002526577,0.002615071,0.002655945,0.002753125,0.002846189,0.002941985,0.003257302,0.003563852,0.003980083,0.005347497,0.006622053,0.007796011,0.008478984,0.008992753,0.009027705,0.009284476,0.009800572,0.009697667,0.009348024,0.008163179,0.007368478,0.006719577,0.009727447,0.010932235,0.011199382,0.013229769,0.017028831,0.02399027,0.030077988,0.035619501,0.042986985,0.046671733,0.054856122,0.070684932,0.015117028,0.004081803,0.004824653,0.003744608,0.003114416,0.002817915,0.028188054,0.025803829,0.020365898,0.01630028,0.016261922,0.020216905,0.023306387,0.023929648,0.02313938,0.022284819,0.023491412,0.027791619,0.013222262,0.014459073,0.018580936,0.019164741,0.018291807
Head 0,201,0.002334892,0.002293043,0.002287209,0.002138156,0.001841363,0.001670236,0.000783034,0.000824792,0.002094359,0.002247237,0.002073611,0.000762768,0.000740287,0.002577343,0.002797701,0.00055558,0.000500198,0.001463045,0.001349924,0.000401211,0.00052902,0.000657408,0.00077952,0.000805349,0.000838009,0.000897875,0.000991978,0.001112597,0.001210282,0.001175295,0.001100406,0.001005576,0.000713658,0.000671134,0.000624682,0.000589134,0.000605896,0.000703389,0.000871948,0.001035146,0.001172117,0.001319989,0.001580415,0.002005034,0.002435543,0.002691554,0.002866133,0.002865004,0.00291099,0.00296441,0.002888862,0.002602856,0.002196202,0.001047051,0.000961301,0.001003554,0.000669502,0.000609686,0.000844801,0.00112745,0.001390508,0.001814968,0.002254165,0.002889063,0.003387,0.003493708,0.003183458,0.002713715,0.002704307,0.0026015,0.002613195,0.002782465,0.002797316,0.002806228,0.002831442,0.002880173,0.003184956,0.003336479,0.003542246,0.00444086,0.005454134,0.006786084,0.008039216,0.009094442,0.009306182,0.009569791,0.010294339,0.010890543,0.011386556,0.009851748,0.008216422,0.006621847,0.009667427,0.011008918,0.010802217,0.01169828,0.013478,0.017881483,0.02353048,0.03107236,0.041311815,0.045008287,0.048856262,0.057988185,0.015616957,0.005213418,0.006384846,0.004808416,0.003913503,0.003627239,0.032602105,0.031442281,0.026011027,0.019741105,0.016730418,0.017843133,0.01997534,0.022996699,0.024910273,0.024195876,0.022812685,0.023379141,0.013625621,0.013565119,0.01759528,0.02030988,0.022023227,0.019796869
Head 0,202,0.002191189,0.00232199,0.002417122,0.002193541,0.00186403,0.000836799,0.000849827,0.002161151,0.002404653,0.002260552,0.000835996,0.000815584,0.002421028,0.002827751,0.000578567,0.000555271,0.001804298,0.001411033,0.000382184,0.000455808,0.00056347,0.00071512,0.000796095,0.000848573,0.000881322,0.000948923,0.001047995,0.001186963,0.001229675,0.001225055,0.001155685,0.000772845,0.000739039,0.000702905,0.000648307,0.000614171,0.000647626,0.000758446,0.000919671,0.001084293,0.001213244,0.001385176,0.001691063,0.00210464,0.002519755,0.002921079,0.003013784,0.003043024,0.003046554,0.003105368,0.003049257,0.002808421,0.001184638,0.001131218,0.001290858,0.000739441,0.000607655,0.000764831,0.000929633,0.00109574,0.001440684,0.001902948,0.002484063,0.002986841,0.003273797,0.003264553,0.002882923,0.002845377,0.002650237,0.002621164,0.002876781,0.002944672,0.002899533,0.002847356,0.002824959,0.003139344,0.003230179,0.003318998,0.003893441,0.004514787,0.005569157,0.006974971,0.008611687,0.009336173,0.009786898,0.010468245,0.011321479,0.012849003,0.011905164,0.009795567,0.006700091,0.009298855,0.010678544,0.010611504,0.011233112,0.011786334,0.013991459,0.017376756,0.023884062,0.03531982,0.042455804,0.0461546,0.050259799,0.015073487,0.005851793,0.00798751,0.00618952,0.004864703,0.004431096,0.039082859,0.035252944,0.030435074,0.024346506,0.019457383,0.017647501,0.016991753,0.019296501,0.02300657,0.025112551,0.024150623,0.022071851,0.014318856,0.013141423,0.015627712,0.01826863,0.022132186,0.022963349,0.020365931
Head 0,203,0.001268438,0.00132468,0.001447549,0.001449648,0.000805754,0.000813275,0.001299636,0.00122825,0.001173536,0.000727876,0.000796253,0.001072509,0.001180883,0.00079916,0.000799347,0.001483432,0.001210909,0.000739042,0.000793403,0.000900132,0.001122473,0.001309411,0.001488905,0.001595508,0.001652795,0.001773072,0.001977798,0.002171381,0.002396937,0.00244987,0.00191489,0.00184267,0.001809949,0.001798213,0.001796784,0.001878539,0.00208374,0.002384443,0.00279915,0.00320989,0.003527283,0.003920522,0.004359133,0.004905425,0.005806589,0.006276601,0.006295458,0.005570911,0.005073563,0.004631194,0.004385419,0.001197817,0.001019367,0.001561655,0.00093081,0.000713148,0.000842638,0.000918723,0.00095165,0.001118525,0.001467731,0.002019421,0.002542731,0.002813353,0.002788769,0.002395547,0.002369501,0.002159091,0.002086556,0.002360014,0.002641464,0.002802646,0.002825021,0.002747048,0.00291324,0.002977302,0.003106341,0.003814119,0.004447218,0.005369677,0.006685653,0.00852236,0.009671507,0.010356179,0.010876507,0.011175195,0.012666296,0.013202289,0.012476302,0.008654293,0.011513475,0.012055574,0.011440194,0.011951816,0.012535885,0.014365359,0.016211769,0.020643963,0.029729133,0.038251266,0.044916004,0.04860032,0.016399613,0.005250396,0.00825601,0.006976024,0.005270022,0.004211002,0.033616558,0.024827115,0.019290956,0.017765002,0.018640364,0.020114187,0.019066082,0.017774913,0.01815505,0.019496152,0.021034008,0.020886112,0.018801931,0.018661631,0.019489283,0.017924992,0.018447174,0.01930801,0.020568611,0.011844138
Head 0,204,0.001261955,0.00130772,0.001338583,0.000712401,0.000785127,0.001371045,0.001254532,0.001170234,0.000668056,0.000723519,0.00097692,0.001058988,0.000794659,0.000783542,0.001568345,0.001411024,0.000744761,0.000758187,0.000790657,0.000926858,0.001077921,0.001277164,0.001446607,0.001530195,0.001636046,0.001746421,0.001885874,0.002114752,0.002281079,0.00197446,0.001857021,0.001759922,0.001728429,0.001715261,0.001763649,0.001866392,0.002013017,0.002290876,0.002667803,0.003028666,0.003395769,0.003693487,0.004040631,0.004810213,0.005559609,0.006091714,0.005756908,0.005330989,0.0047965,0.004548852,0.001336845,0.001014334,0.001411523,0.000970293,0.000755685,0.000872882,0.000932275,0.000909596,0.000988372,0.001215422,0.001645072,0.002128267,0.002472789,0.002607819,0.002411601,0.002514578,0.002325135,0.00217295,0.002333297,0.002568557,0.00279593,0.002923538,0.002920822,0.003074633,0.003030231,0.002962395,0.003532483,0.003948619,0.004587442,0.005598258,0.007270535,0.008786993,0.010153962,0.01132991,0.011754929,0.012814875,0.013232795,0.012996078,0.009276557,0.012412283,0.012685763,0.011592808,0.011673751,0.01187398,0.013116203,0.013939413,0.016512578,0.022810685,0.030178109,0.038781427,0.046057779,0.014263678,0.00462141,0.007964501,0.007950979,0.006994437,0.005968469,0.053050123,0.036693394,0.023773432,0.018454347,0.01805279,0.019927435,0.01970268,0.018170126,0.017760899,0.018078113,0.019529551,0.020183546,0.015599771,0.017657686,0.02070391,0.019580187,0.019045278,0.018409293,0.019276425,0.0122421,0.012039103
Head 0,205,0.001275923,0.001243067,0.000608874,0.000713393,0.001437275,0.001349127,0.001218506,0.000665594,0.000691484,0.000966199,0.001016951,0.000829024,0.00080045,0.001515433,0.001505447,0.000757018,0.000767638,0.000758629,0.000828177,0.000919625,0.001085687,0.001281627,0.001404535,0.001547945,0.001656849,0.001739747,0.001918482,0.002117467,0.00208103,0.001987782,0.00184263,0.001759201,0.001716865,0.001759962,0.001832677,0.001883514,0.002022915,0.002298678,0.002668411,0.003092497,0.003402284,0.003635803,0.004190691,0.004896083,0.00573519,0.005922989,0.005824589,0.005311017,0.00490005,0.001530804,0.001077945,0.001222941,0.000907226,0.000732713,0.000843074,0.000905681,0.000865473,0.000889653,0.001001486,0.001282788,0.001649335,0.001970678,0.002182936,0.002185463,0.002449574,0.002393604,0.002256894,0.00231326,0.002424429,0.002601658,0.002777169,0.002891373,0.003109755,0.003053955,0.002868492,0.00331158,0.003561714,0.003985042,0.004681084,0.005942331,0.007347833,0.009035107,0.010988519,0.012164988,0.0132794,0.013209525,0.012935042,0.009908039,0.013331317,0.013541161,0.011947834,0.011504322,0.011295101,0.01213856,0.012550649,0.014043245,0.018094454,0.022983706,0.030399889,0.039264679,0.013473483,0.003764884,0.006553116,0.007273937,0.007612499,0.007524875,0.071425915,0.054935146,0.033107795,0.021526385,0.017819092,0.018432606,0.018690553,0.017922778,0.017478289,0.016847882,0.017495712,0.018346943,0.012142153,0.01424032,0.019040108,0.020270249,0.020370947,0.018588973,0.018084126,0.012307093,0.01185614,0.011649523
Head 0,206,0.001200258,0.000525066,0.000611814,0.001425669,0.001434915,0.001278455,0.00069188,0.000689305,0.00099005,0.001005781,0.000851332,0.000826208,0.001386465,0.001424874,0.000749503,0.000774167,0.000754598,0.000784921,0.000821835,0.000929003,0.001094501,0.001230387,0.00140972,0.001575496,0.001633629,0.00175337,0.001924785,0.002044499,0.002064363,0.001948125,0.001821968,0.001729932,0.001753502,0.001819603,0.001830605,0.001865485,0.002002836,0.002289582,0.002709737,0.003081059,0.003311963,0.003694388,0.004174193,0.004971104,0.00550994,0.005902739,0.005718672,0.005251404,0.00174184,0.001229596,0.001142047,0.000831999,0.000713884,0.00081781,0.00087833,0.000841643,0.000845006,0.000888447,0.001050588,0.001286368,0.001521823,0.001725177,0.001833114,0.00219979,0.002319111,0.002308544,0.002362738,0.002370256,0.002432242,0.002565125,0.002736188,0.003060213,0.003077384,0.002862521,0.003202293,0.003317065,0.00358576,0.00404804,0.004921112,0.00595692,0.007465628,0.009692122,0.0117526,0.013700278,0.013447091,0.0128185,0.0103548,0.013882057,0.014370449,0.012587341,0.011756722,0.011031659,0.011389617,0.011552356,0.012525399,0.01527407,0.018110301,0.023000389,0.030332651,0.011543245,0.003244656,0.005365293,0.005981761,0.007008907,0.008162129,0.076436833,0.073346734,0.048713531,0.029712968,0.020599425,0.018201839,0.017385345,0.017125268,0.017314427,0.016426403,0.016257741,0.016432412,0.01029256,0.010898088,0.015199946,0.018415127,0.02071383,0.019435756,0.01775153,0.012754076,0.011581188,0.011237534,0.011470743
Head 0,207,0.00048664,0.000526547,0.001371809,0.001498451,0.001376699,0.000721587,0.000715743,0.001063177,0.001038841,0.000843131,0.000847666,0.001338995,0.001329429,0.000749161,0.000776945,0.000761316,0.000778868,0.000783097,0.000839478,0.000950288,0.001067842,0.001253255,0.00148858,0.001569967,0.001673341,0.001804603,0.001908261,0.002064155,0.002065696,0.001957144,0.001820448,0.001798054,0.001842152,0.001852498,0.001842576,0.001864005,0.002026018,0.002359208,0.002752474,0.003064617,0.003422577,0.003729035,0.004333847,0.00490064,0.005656423,0.00601581,0.005812286,0.001959128,0.001490474,0.001299709,0.000840397,0.000738009,0.0008252,0.000858322,0.000822486,0.000825367,0.000848592,0.000932733,0.001058251,0.001192003,0.001346159,0.001469673,0.00184368,0.002083888,0.002239187,0.002412511,0.002408659,0.00235827,0.002387097,0.002514447,0.002895226,0.003013194,0.002853213,0.003131216,0.003131409,0.003271897,0.003574698,0.004183287,0.00485528,0.005959967,0.007871877,0.010252105,0.013268716,0.013610562,0.012825637,0.010705397,0.01392956,0.014736994,0.013228536,0.012392557,0.011202198,0.010958908,0.010694947,0.011340745,0.013451191,0.015158483,0.01793666,0.022615511,0.009100526,0.002942382,0.004624683,0.004845874,0.005784152,0.007530515,0.067164578,0.079048134,0.064856783,0.043759648,0.028078496,0.020765794,0.017005078,0.015954636,0.016582588,0.016250856,0.015884515,0.015113569,0.010588934,0.009316287,0.011890608,0.015165225,0.019471753,0.020656895,0.019208249,0.013996683,0.012214796,0.011185545,0.011278559,0.01118603
Head 0,208,0.000491235,0.001308923,0.001474146,0.001442623,0.000712489,0.000745575,0.001163534,0.001088763,0.000801012,0.000831071,0.001376717,0.001310253,0.000770451,0.000781674,0.000762423,0.000775044,0.000765554,0.000790911,0.000850736,0.000930078,0.001087005,0.001342841,0.001469024,0.001605018,0.00171648,0.001707158,0.001926667,0.00206685,0.002073375,0.001958084,0.001893176,0.001882383,0.001883916,0.00187419,0.001834699,0.001883495,0.002081078,0.002399734,0.002760789,0.00319303,0.003478933,0.003921354,0.004301897,0.005094231,0.005867405,0.006247146,0.002089535,0.001763957,0.001740531,0.000988134,0.000834775,0.000895593,0.000873404,0.000813078,0.000810614,0.000842066,0.000890339,0.000939931,0.000982814,0.001078892,0.001173739,0.001496936,0.001773073,0.002038558,0.002379518,0.002489878,0.002407965,0.002335507,0.002355378,0.002699612,0.002880818,0.002818141,0.00313491,0.003070939,0.003096107,0.003265228,0.003705562,0.004121141,0.004864262,0.006252444,0.008293853,0.011711511,0.013221873,0.012970678,0.011442694,0.014081318,0.014679872,0.013508883,0.013049318,0.011778087,0.011111294,0.010230269,0.010438659,0.012093828,0.013361964,0.015014738,0.01771348,0.006826238,0.00269027,0.00421449,0.004160389,0.004717574,0.006263965,0.056139618,0.070907034,0.070499435,0.058855578,0.041300312,0.028111588,0.019253766,0.015508291,0.015291469,0.015461142,0.015728408,0.014678134,0.012489215,0.009434062,0.010060005,0.011800237,0.015972199,0.01967722,0.020677811,0.014903581,0.013501484,0.011933117,0.011331577,0.011041176,0.011241728
Head 0,209,0.001290791,0.001342352,0.001374029,0.000629275,0.00072266,0.001265196,0.001139694,0.000747166,0.000770618,0.001413123,0.001341191,0.00079735,0.000797277,0.00076759,0.000767964,0.000747666,0.000755637,0.000780044,0.000817649,0.00092953,0.001142144,0.001288238,0.001462368,0.001578691,0.001480462,0.001665347,0.001854898,0.002005642,0.00200841,0.001969801,0.001909237,0.001868492,0.00185827,0.001810625,0.001791985,0.00185762,0.002025756,0.002310482,0.002752345,0.003103561,0.00347465,0.003658966,0.004215324,0.004969871,0.005781789,0.001991413,0.001802573,0.002192393,0.001230282,0.000984766,0.001020883,0.000933568,0.000821717,0.0007929,0.000827565,0.00087427,0.000886509,0.000859449,0.000887357,0.000930157,0.001169595,0.001406893,0.001681505,0.002106074,0.002390738,0.002417176,0.002327212,0.002248259,0.002475352,0.002630583,0.002630055,0.003061329,0.003029342,0.002989345,0.003037337,0.003341754,0.003585614,0.004078363,0.005017519,0.006444358,0.009299527,0.011540365,0.012321038,0.012328343,0.014658111,0.014496575,0.013210027,0.013096473,0.012283891,0.011759431,0.010381645,0.010020352,0.011064345,0.011953328,0.013098545,0.014799847,0.004783951,0.002382022,0.00386068,0.003753142,0.003998983,0.005024752,0.050322261,0.059622247,0.06337522,0.064608514,0.056386661,0.042055499,0.026728299,0.017883398,0.01520727,0.014663438,0.015491226,0.015033318,0.015436921,0.011308082,0.010256186,0.010014122,0.012420577,0.016293949,0.01993132,0.014613676,0.014729242,0.013566336,0.012351993,0.011192305,0.011201845,0.01104471
Head 0,210,0.001323007,0.0013292,0.000553308,0.000682258,0.001398074,0.001262314,0.000770357,0.000766247,0.001471771,0.00144897,0.000852596,0.000863055,0.000824244,0.000807146,0.00076857,0.000764298,0.000773746,0.00077979,0.00086047,0.001030026,0.001168802,0.001368136,0.001513819,0.001399238,0.001541954,0.001704914,0.001931648,0.002076776,0.002153867,0.002116419,0.002022929,0.001976443,0.001930432,0.001896876,0.001895774,0.001944428,0.002118692,0.002517161,0.002959932,0.003430752,0.003614646,0.004034779,0.004642836,0.005533618,0.001973624,0.001784305,0.00242819,0.001486033,0.001157318,0.001222248,0.001100301,0.000925058,0.000846792,0.000843881,0.000893173,0.000897964,0.000831298,0.000804835,0.000804929,0.000985145,0.001183185,0.001433213,0.001854245,0.002261237,0.002468679,0.002467495,0.002359464,0.002458673,0.002515688,0.002481692,0.002996567,0.003061937,0.003047609,0.003028022,0.003226122,0.003354024,0.003698917,0.004389943,0.005354794,0.007376086,0.009482329,0.011058452,0.013638882,0.016746121,0.015844611,0.013771035,0.013337822,0.012817347,0.012689373,0.011123468,0.010239811,0.010552144,0.010858159,0.011701445,0.01312064,0.003779223,0.0020125,0.003364527,0.00340378,0.00360774,0.004297326,0.048890632,0.05311795,0.05297064,0.057499621,0.060781009,0.055228401,0.038172048,0.023203373,0.016572876,0.013709255,0.013762509,0.013900829,0.016620306,0.013294209,0.011645311,0.009780246,0.010242974,0.012426008,0.016225982,0.012234624,0.013682607,0.014085013,0.013399146,0.011648046,0.010949586,0.010654465,0.011028598
Head 0,211,0.001195678,0.000437519,0.000540782,0.001341391,0.001305958,0.00074058,0.000718528,0.001412062,0.001403664,0.000770506,0.00081306,0.00079838,0.000788128,0.000740524,0.000718837,0.000708882,0.000684104,0.000723448,0.00083374,0.000924219,0.001086112,0.001230215,0.001172917,0.001283552,0.001377253,0.001553395,0.001743144,0.001941207,0.002022581,0.001948013,0.001865476,0.001805717,0.00177414,0.001746913,0.001706942,0.001736503,0.001950574,0.00227542,0.002701656,0.002942028,0.00323592,0.003562419,0.004072196,0.001650277,0.001449853,0.001895583,0.00139795,0.001151616,0.001274868,0.001184871,0.000979329,0.00085297,0.000786689,0.000822041,0.000839095,0.000777288,0.000710664,0.00066795,0.00077631,0.000899915,0.001073167,0.001380498,0.001756163,0.002091288,0.002273989,0.002284579,0.002344596,0.002299897,0.002174354,0.002632311,0.002787062,0.002888199,0.002896361,0.003026113,0.00304587,0.003240999,0.003741552,0.004381561,0.005644661,0.007034591,0.008548501,0.011934524,0.016758943,0.016397307,0.013703001,0.012540924,0.011924633,0.012261137,0.011322003,0.010594759,0.01063967,0.010311689,0.010614799,0.011632681,0.002940128,0.001798123,0.002945508,0.003059899,0.003319134,0.003831804,0.047973141,0.05177575,0.047058325,0.047929384,0.054822654,0.061450753,0.053275388,0.035328202,0.023580747,0.016377114,0.014157368,0.013681557,0.017329887,0.015624654,0.014865465,0.011871119,0.010508024,0.010546553,0.012625859,0.010745207,0.012399627,0.014253275,0.015135654,0.013553769,0.012041133,0.010812243,0.011039309,0.010709296
Head 0,212,0.000399416,0.000465394,0.001342848,0.001397492,0.000730979,0.000733542,0.001438594,0.001369468,0.000715429,0.00078794,0.000808796,0.000824499,0.000773266,0.000733343,0.000704486,0.000659823,0.000676514,0.000768199,0.000823662,0.000950718,0.001085565,0.001037184,0.001179847,0.001258978,0.001381153,0.001554172,0.001820436,0.002053328,0.002078757,0.001996959,0.001903037,0.001858776,0.00183817,0.001779236,0.001734368,0.001828491,0.002027842,0.002408861,0.002743036,0.003124249,0.003441957,0.003751026,0.001631692,0.001418766,0.001594989,0.001278041,0.001140939,0.001361549,0.001351836,0.001155664,0.000998597,0.000853151,0.000849462,0.000853676,0.000793385,0.000703147,0.00062933,0.000695841,0.000775761,0.000907623,0.00114288,0.001455266,0.001811887,0.002124032,0.002302129,0.002445011,0.002364815,0.00214579,0.002481722,0.00262798,0.002817929,0.002909651,0.003042071,0.002988313,0.003063013,0.003452074,0.003966379,0.004888273,0.005663351,0.006707022,0.010360945,0.016651591,0.01807042,0.015430314,0.013557442,0.012257044,0.012355388,0.011801656,0.011420899,0.011483489,0.010544233,0.010112983,0.01052025,0.002859888,0.001657537,0.002530527,0.002594192,0.002905752,0.003435052,0.041971773,0.050528679,0.045654353,0.042607814,0.046061311,0.055476468,0.058236156,0.046860259,0.03362035,0.021296959,0.015432634,0.012873444,0.016297443,0.015125815,0.016050629,0.01379435,0.011700979,0.010106078,0.010224571,0.009269667,0.010015138,0.011852738,0.014058541,0.014019788,0.012894365,0.011096795,0.010726617,0.010308526,0.010905175
Head 0,213,0.000419415,0.001272794,0.001373718,0.000646376,0.000712844,0.00153483,0.00135707,0.000655958,0.000723032,0.000764944,0.000821029,0.000799247,0.000762225,0.000716548,0.000656096,0.000645205,0.000717547,0.000739831,0.000828654,0.000934553,0.000854463,0.001029342,0.001138548,0.001228171,0.001345461,0.001578743,0.001876418,0.002047189,0.00206087,0.001969375,0.001899422,0.001867351,0.001812872,0.001744331,0.00175593,0.001805996,0.002044034,0.002327108,0.002746758,0.003130816,0.003374143,0.00155561,0.001405679,0.00140865,0.001129601,0.00109287,0.001366882,0.001433595,0.00129682,0.00115365,0.00095671,0.000897129,0.00086045,0.000796258,0.000706231,0.000614744,0.000647486,0.000682931,0.000767453,0.000935551,0.001159932,0.00144507,0.001776841,0.002085388,0.002409022,0.002418436,0.00217759,0.002370932,0.002417628,0.00260657,0.00278897,0.00301416,0.002966866,0.002957419,0.003227306,0.00364397,0.004444401,0.00483363,0.005352514,0.007812036,0.01371549,0.01725731,0.016373988,0.01481593,0.012805283,0.012141461,0.011482114,0.011506073,0.012183099,0.011319787,0.010366105,0.010004755,0.003065945,0.001704995,0.002372367,0.002287603,0.002531623,0.003061699,0.032725979,0.045171876,0.044841591,0.041154612,0.040456809,0.046225447,0.052591886,0.052160621,0.04584448,0.031456467,0.021047268,0.014587948,0.016797591,0.014669077,0.016382264,0.015745169,0.014272424,0.011782453,0.010175619,0.009471032,0.009112228,0.010065201,0.012355356,0.013756293,0.01402957,0.012396798,0.011358967,0.01019233,0.010748003,0.011092704
Head 0,214,0.001255214,0.001295194,0.000531128,0.000644997,0.00170268,0.001470934,0.000651974,0.000691478,0.000720499,0.000792943,0.00081113,0.000803973,0.000758803,0.000691396,0.000655067,0.000703895,0.000699488,0.000760447,0.000831295,0.000698983,0.00087056,0.001022941,0.001134211,0.001228215,0.001400762,0.001666606,0.00192326,0.002082499,0.002070128,0.001999963,0.001935336,0.001867757,0.001805624,0.001801048,0.001759473,0.001863222,0.002003748,0.00236509,0.002801543,0.003145774,0.001459992,0.001418677,0.001456723,0.001089457,0.001073731,0.001347792,0.001443103,0.001376341,0.001289012,0.001098657,0.000991796,0.000889413,0.000792205,0.000710287,0.000616105,0.000628531,0.000631922,0.000676015,0.000796149,0.000955372,0.001155094,0.001425877,0.001750674,0.002203284,0.002393828,0.002254193,0.002391839,0.002313673,0.002401445,0.002585544,0.002906784,0.002946854,0.002938356,0.003116286,0.003417753,0.004169861,0.004416959,0.004599401,0.00606691,0.010387914,0.014433162,0.015834637,0.016060136,0.014202783,0.012810098,0.011370181,0.011175796,0.012262912,0.012069324,0.011191755,0.01032218,0.003714575,0.00182605,0.002377999,0.002141344,0.002242898,0.002684803,0.024492042,0.035845641,0.040306397,0.040426951,0.039041769,0.040704042,0.0437757,0.047439504,0.050756399,0.042826001,0.031250421,0.019700458,0.019108502,0.01508741,0.016064219,0.016256731,0.016362149,0.014548435,0.012070858,0.01064795,0.009400374,0.009243506,0.010640239,0.012294658,0.014034305,0.013774496,0.012907021,0.011030427,0.010858992,0.011110788,0.010769937
Head 0,215,0.001270964,0.000439384,0.000545605,0.001811569,0.001663818,0.000689866,0.000715407,0.000716712,0.000771637,0.000805505,0.000833826,0.000811956,0.000751852,0.000702764,0.000722901,0.000695671,0.000734282,0.000769702,0.000597514,0.000727629,0.00088541,0.001038185,0.001158581,0.00130378,0.001508858,0.001760866,0.002023187,0.002152737,0.002157977,0.002087368,0.001983228,0.001912597,0.001925863,0.001865639,0.001885032,0.001873961,0.002107106,0.002493828,0.00294718,0.001342438,0.001391607,0.001632937,0.00118217,0.001127638,0.00137766,0.001462667,0.001434716,0.00140963,0.001275277,0.001166389,0.001000816,0.00084079,0.000745754,0.000646436,0.00064696,0.000629972,0.000641598,0.000724686,0.000843767,0.000986268,0.001187643,0.001461603,0.001924796,0.00227158,0.002316185,0.002554983,0.002412397,0.002365533,0.002453977,0.002783556,0.002918527,0.002999398,0.003175056,0.003380808,0.004059054,0.004269196,0.004289994,0.005537144,0.008399784,0.011454659,0.01378265,0.016089147,0.015885478,0.014793096,0.01247333,0.011488211,0.012263415,0.01253553,0.012222416,0.011449576,0.004830522,0.001972498,0.002511349,0.002173828,0.002134658,0.0024318,0.019974813,0.027458621,0.032364722,0.03639048,0.038379531,0.039337002,0.038583159,0.039931729,0.046262585,0.047684133,0.042646062,0.028923197,0.022597766,0.016834315,0.016285909,0.015741644,0.016567782,0.016335873,0.014622616,0.011899424,0.010370998,0.009365337,0.009592708,0.01037498,0.012272122,0.013426883,0.013891384,0.012293913,0.011466227,0.010991763,0.010629782,0.010889053
Head 0,216,0.000387956,0.000445231,0.001714189,0.001770923,0.000695208,0.000749033,0.000737924,0.000758103,0.000772902,0.000813826,0.000825506,0.000789619,0.000752883,0.000750664,0.000702775,0.000715651,0.000714345,0.000535019,0.000608218,0.000724462,0.000882355,0.001040419,0.001201498,0.001367589,0.001555835,0.001813126,0.002051764,0.002198047,0.002204215,0.002085888,0.001982651,0.001995333,0.001960288,0.001951738,0.001837139,0.001916568,0.002144161,0.002535444,0.001133961,0.001201833,0.001588356,0.001237312,0.001155652,0.001373526,0.001444007,0.001430899,0.001449034,0.001380662,0.001334569,0.00115081,0.000924376,0.000786891,0.000672789,0.000663277,0.000636926,0.000626069,0.000671825,0.000754691,0.00085636,0.000995183,0.001192073,0.001560105,0.001943273,0.002156597,0.002608347,0.002556773,0.002440971,0.002396795,0.002625985,0.002776839,0.002963311,0.003235814,0.003423091,0.003986063,0.004128952,0.004073651,0.005644811,0.007488845,0.009068457,0.010729432,0.013632744,0.015587243,0.01642211,0.014240575,0.012473053,0.0123824,0.012376597,0.012574022,0.012566351,0.005928075,0.00215155,0.002736963,0.002337258,0.002197529,0.002355289,0.018378088,0.022541953,0.025146486,0.029622165,0.035301235,0.039291125,0.037616223,0.035426863,0.039275922,0.044179924,0.048333284,0.04039127,0.026876437,0.020342762,0.01850299,0.016311981,0.016464433,0.016911501,0.016791269,0.013179145,0.011959577,0.010671285,0.009981968,0.009581137,0.010637167,0.0120632,0.013904486,0.013709061,0.013038743,0.011845351,0.010743416,0.011004921,0.010855172
Head 0,217,0.000403003,0.001547748,0.001702105,0.000638903,0.000754723,0.000776792,0.000785859,0.000770081,0.000793898,0.000819624,0.000803589,0.000794952,0.000795583,0.000735182,0.000724433,0.000693118,0.000513585,0.000545395,0.000607778,0.000726789,0.000885264,0.001072014,0.001245714,0.001384913,0.001577002,0.001828264,0.002084404,0.002236247,0.002186267,0.002071665,0.002062122,0.00204539,0.002048951,0.00191581,0.001888229,0.001954323,0.002171621,0.000941149,0.000977742,0.001301447,0.001174298,0.001146872,0.001366671,0.001442917,0.001430403,0.001462946,0.001422135,0.001466424,0.001331882,0.001074421,0.000877055,0.000730506,0.000705513,0.000671023,0.000647824,0.000661622,0.000710663,0.000782298,0.000877897,0.001013138,0.001273048,0.001594463,0.001866067,0.002468522,0.002637481,0.002605696,0.002494561,0.002592431,0.002665337,0.0028778,0.003274206,0.003565926,0.004103431,0.004145773,0.004022818,0.006364598,0.007930863,0.008374022,0.008830506,0.010891427,0.01354629,0.016453939,0.016029071,0.014474625,0.013742635,0.01288283,0.012906974,0.013495797,0.006516476,0.002391964,0.003050011,0.00260149,0.002416673,0.002491591,0.01860372,0.021103894,0.021249633,0.023648696,0.029635929,0.036675785,0.037544899,0.03415443,0.034903515,0.037804067,0.045141768,0.04656969,0.030441629,0.024340797,0.022318522,0.018484781,0.01715325,0.016793448,0.017307494,0.013979321,0.013251783,0.012338637,0.011320867,0.009877586,0.009740321,0.010339219,0.012290139,0.013427515,0.013963384,0.01294875,0.011193398,0.010877887,0.010799046,0.011388713
Head 0,218,0.001475264,0.001545355,0.000495158,0.000642577,0.00072562,0.000772597,0.000752057,0.000750526,0.000764811,0.000755325,0.000773408,0.000810124,0.000759702,0.000742473,0.000695217,0.000495465,0.00051316,0.000535794,0.000600405,0.000721454,0.000908017,0.001114369,0.001257149,0.001393842,0.001591542,0.001866194,0.002139311,0.002228233,0.002170425,0.002146513,0.002109236,0.002127438,0.002038198,0.00198571,0.001949556,0.001975424,0.000760335,0.000755366,0.000894014,0.000920339,0.001010821,0.00125952,0.001360944,0.001369793,0.001412652,0.001363191,0.0014694,0.001426636,0.001212329,0.000975381,0.000785177,0.000730077,0.000677059,0.000646721,0.00063804,0.000653694,0.000694869,0.000754606,0.000839659,0.00100551,0.001212451,0.001423867,0.001962234,0.002300123,0.002479272,0.002458753,0.0024877,0.002441119,0.002559919,0.002965672,0.003380845,0.003997868,0.003939675,0.003706722,0.006200304,0.008079489,0.007918117,0.007233516,0.007893365,0.00949682,0.012395569,0.01386005,0.013943481,0.013627656,0.012081415,0.011292568,0.011506362,0.005493181,0.002566454,0.003326348,0.002788961,0.002574371,0.002612938,0.018024992,0.020657348,0.019424256,0.019543324,0.023543729,0.030932331,0.0355253,0.034455784,0.034397807,0.03379596,0.03866094,0.043703534,0.035697684,0.029914035,0.029127315,0.024259822,0.021164952,0.019002769,0.018719748,0.015602418,0.015016296,0.014831969,0.014329641,0.012261176,0.010998414,0.010323838,0.011488777,0.012901309,0.014801365,0.014949043,0.013108156,0.012104477,0.011367016,0.011983867,0.013229622
Head 0,219,0.00134233,0.000376499,0.000500789,0.000617168,0.000725396,0.000739206,0.000726393,0.000711876,0.000689305,0.0007044,0.000769417,0.000742804,0.000734694,0.00068711,0.000460543,0.000482559,0.000487316,0.000503286,0.000564156,0.000697573,0.000887491,0.00104593,0.00116241,0.001286775,0.001483023,0.001750628,0.001949793,0.002018946,0.002045419,0.001983076,0.001972905,0.001924921,0.001901011,0.001843677,0.001748402,0.000617537,0.000589614,0.000618611,0.000668931,0.000834402,0.001078814,0.001186098,0.001211597,0.001260352,0.001219035,0.001330494,0.001360214,0.001252594,0.001039423,0.00082178,0.000735673,0.00065521,0.000618113,0.000604897,0.000600308,0.000614832,0.000646807,0.000696676,0.000807726,0.000922923,0.001050556,0.001415174,0.001754514,0.002088297,0.002268703,0.002373537,0.002274079,0.002271367,0.002570991,0.003021496,0.003793866,0.003793079,0.003503464,0.005391041,0.007787887,0.00786335,0.006660525,0.006390193,0.006808073,0.008601955,0.010530203,0.012312862,0.013754928,0.012612237,0.011131535,0.010470258,0.004230822,0.00297219,0.003929,0.003229782,0.002915353,0.002923878,0.016899593,0.020116583,0.019044938,0.017868461,0.019433228,0.024434293,0.029800776,0.032372694,0.03463199,0.03260047,0.033919621,0.036533471,0.03987531,0.033652015,0.034342505,0.030039407,0.026230212,0.022263285,0.020074245,0.017727919,0.016672159,0.016700281,0.017044699,0.015236198,0.013394604,0.011397109,0.011234563,0.011850898,0.014130023,0.01580801,0.015158575,0.014162797,0.012588987,0.012486386,0.013756723,0.013561868
Head 0,220,0.000322718,0.000395994,0.000493561,0.000635503,0.000715096,0.000737545,0.000714312,0.000675443,0.000664371,0.000726939,0.000716723,0.00073089,0.000694666,0.000429997,0.000459539,0.000470077,0.00046566,0.000483381,0.000557621,0.000697318,0.000856066,0.000992976,0.001097189,0.001225702,0.001422469,0.001635479,0.001811914,0.001956417,0.001932192,0.001896396,0.001821118,0.001810631,0.001784576,0.001690174,0.00055348,0.000513136,0.000533505,0.000538405,0.000704102,0.000931935,0.00103461,0.001070797,0.001124465,0.00110912,0.001195802,0.001233262,0.001208192,0.001081402,0.000874373,0.000768884,0.00065471,0.000597098,0.00058192,0.000568706,0.000562938,0.000573697,0.00060019,0.000684246,0.000753701,0.000830308,0.001056543,0.001307193,0.00164746,0.001980477,0.002267614,0.002247253,0.00218153,0.002331974,0.002666924,0.003467516,0.003636644,0.003409041,0.004447794,0.006958037,0.007745002,0.006799943,0.00620443,0.005803101,0.006475097,0.00767904,0.009816217,0.012919372,0.013676908,0.012551785,0.011130709,0.003775636,0.003202946,0.004418666,0.003704879,0.003260299,0.003199919,0.015692519,0.018306676,0.01797167,0.016976874,0.017239533,0.019612258,0.022913471,0.026644036,0.031816781,0.032012828,0.032207076,0.031239262,0.042022843,0.035766557,0.036927488,0.033740755,0.030844573,0.026455469,0.022658352,0.020018943,0.018395159,0.017864482,0.01840012,0.017266382,0.015846612,0.013257622,0.011873891,0.01129786,0.012685528,0.014792616,0.015839649,0.016277663,0.014796945,0.013993965,0.01431414,0.013915932,0.011539835
Head 0,221,0.000345575,0.000395723,0.000510341,0.000618664,0.000696022,0.000707318,0.00067835,0.000649771,0.000682434,0.00067075,0.00069767,0.000676994,0.000398227,0.000422105,0.000441878,0.000441732,0.000441709,0.000472891,0.000553299,0.000673943,0.000813175,0.00092758,0.001031395,0.00116404,0.001326385,0.001522095,0.001761883,0.001850873,0.001859185,0.001757374,0.001733987,0.001728278,0.001697249,0.000546555,0.000477574,0.000516015,0.00046849,0.000603369,0.000817696,0.000924137,0.0009766,0.001038129,0.001054096,0.001119763,0.001126767,0.00111806,0.001078849,0.000926985,0.000839073,0.000708101,0.000623601,0.000599,0.000578233,0.000556757,0.000547857,0.00055322,0.000616718,0.000662811,0.000707902,0.000858718,0.001016478,0.001269611,0.001611423,0.002026467,0.002185477,0.002191314,0.002275005,0.002464181,0.003152126,0.003433161,0.003331193,0.003783625,0.006015668,0.007258911,0.007018439,0.006724051,0.00596175,0.005877601,0.006092173,0.007426748,0.010466891,0.012914109,0.013554167,0.012637986,0.003515797,0.00308305,0.00453438,0.004080486,0.003659541,0.003587636,0.01619688,0.017501555,0.017080478,0.016664421,0.016843485,0.01777588,0.018783471,0.021036457,0.026531368,0.029534256,0.031719413,0.029613879,0.042080503,0.037318289,0.038851984,0.036244132,0.034538716,0.030953288,0.026831228,0.021887206,0.019973392,0.018773997,0.018842589,0.017957238,0.017361747,0.01513437,0.013240792,0.01159414,0.011494616,0.012541268,0.013823028,0.015642356,0.015605366,0.015240275,0.014817455,0.013552299,0.011116573,0.011158193
Head 0,222,0.00035769,0.000426296,0.000519467,0.000627765,0.000693376,0.000700975,0.000682683,0.000686594,0.000665255,0.000693058,0.000681836,0.000404546,0.00040976,0.000427268,0.000439453,0.000443496,0.000457328,0.000497057,0.000573938,0.000695369,0.000828182,0.000950858,0.001067081,0.001183929,0.001351379,0.001633101,0.001854612,0.001977978,0.001886801,0.001835715,0.00180825,0.001828928,0.000607315,0.000489802,0.000548118,0.00046437,0.000554172,0.000751815,0.000866301,0.000937584,0.001015204,0.001065025,0.001145889,0.001135655,0.00110677,0.001103816,0.001003664,0.000951157,0.000819306,0.000705036,0.000658368,0.000625769,0.000593351,0.0005667,0.000550778,0.000589855,0.000617383,0.000640849,0.000761078,0.000858406,0.001019181,0.001283161,0.001695539,0.002006097,0.002182048,0.002324863,0.002419663,0.00291446,0.003166339,0.003154351,0.003528133,0.005315898,0.006415926,0.006663224,0.00701612,0.006525789,0.006205851,0.005657722,0.006052978,0.008067373,0.010639848,0.012895887,0.013732799,0.003514495,0.002647162,0.004150467,0.00412503,0.003938876,0.003923637,0.018471278,0.017815193,0.015946545,0.015462967,0.016259441,0.017188907,0.016909648,0.017153157,0.020837411,0.024436757,0.029291973,0.029251296,0.039053373,0.037576117,0.040479012,0.037951417,0.036593352,0.033978723,0.031259544,0.023659062,0.021856433,0.020426666,0.019789176,0.018295178,0.017857524,0.016323887,0.01496376,0.013022378,0.011752785,0.01144586,0.011850333,0.013840315,0.015238024,0.016363157,0.016201729,0.014179824,0.010872862,0.010911784,0.011026685
Head 0,223,0.000923752,0.000970871,0.001111639,0.00133867,0.001485012,0.001671082,0.001792218,0.001703181,0.001650534,0.001513696,0.001090653,0.000981471,0.000908195,0.000906379,0.000976431,0.001085946,0.001203704,0.00126039,0.001374245,0.001625145,0.002004665,0.00246326,0.002804677,0.003037511,0.00345469,0.003995632,0.004551389,0.00462964,0.004448303,0.004083963,0.003813672,0.001416136,0.001130336,0.001283664,0.000971802,0.000942051,0.001320192,0.001608214,0.00188965,0.002214605,0.002388668,0.002779651,0.002896423,0.002611042,0.002329196,0.00196039,0.001855616,0.001706845,0.001541211,0.00139888,0.001293376,0.001216526,0.001146725,0.001095899,0.001108015,0.001182227,0.001313866,0.001742259,0.002141851,0.002559794,0.00299355,0.003624431,0.004253359,0.004969616,0.005850149,0.006198083,0.006521148,0.006010569,0.005495808,0.007629686,0.009249746,0.008765962,0.008129874,0.008910161,0.010227247,0.012092031,0.012299286,0.012016716,0.01248741,0.013433593,0.016415469,0.021491595,0.005870936,0.003214507,0.004760423,0.004887342,0.004952833,0.005075971,0.022871446,0.020712003,0.016022222,0.014182661,0.015927466,0.01956805,0.020985769,0.019657161,0.018711027,0.018560939,0.022411224,0.028583767,0.029411646,0.029450379,0.032630097,0.029986875,0.027043903,0.02321413,0.021705495,0.017241057,0.015574474,0.014161717,0.012665384,0.010237,0.008745085,0.008026943,0.008415484,0.009341035,0.009695007,0.009403042,0.008437174,0.008382318,0.008975138,0.010833544,0.012607096,0.012621985,0.009430052,0.007883365,0.006860079,0.01709359
Head 0,224,0.001012365,0.001080403,0.001242138,0.001370193,0.00161382,0.001898729,0.001889293,0.001863389,0.001730054,0.001291019,0.001175991,0.001035857,0.00094475,0.000951857,0.001050837,0.001200966,0.001266812,0.001313472,0.001449709,0.001734309,0.002190294,0.002634218,0.002933944,0.00329923,0.003726226,0.004346703,0.00477963,0.004980101,0.004764892,0.004293118,0.001631268,0.001315173,0.001297237,0.000954153,0.000891248,0.001210084,0.001450714,0.001711616,0.002046677,0.002231469,0.002682445,0.003008832,0.002953456,0.002708419,0.002262762,0.002106843,0.001936077,0.0017974,0.001655513,0.001508782,0.001395388,0.001306135,0.001236235,0.001207625,0.001200781,0.0012453,0.001532921,0.001877195,0.002321447,0.002800687,0.003380953,0.003922583,0.004628211,0.005764541,0.006725514,0.007565209,0.006840536,0.005986595,0.008523261,0.010904936,0.010252031,0.008710405,0.008606886,0.009240624,0.01111229,0.012460466,0.013284063,0.013973671,0.013653363,0.014696005,0.017948125,0.005711198,0.003023548,0.00450081,0.004676664,0.004981279,0.005447742,0.024774753,0.023965782,0.018261049,0.014311244,0.013761334,0.015980298,0.018402791,0.019329714,0.0190148,0.017185371,0.017854746,0.021023108,0.026976844,0.026359014,0.031352177,0.032009054,0.0305249,0.025487056,0.022035364,0.018514471,0.016183496,0.014655406,0.013588196,0.011238493,0.009191602,0.007583321,0.007100699,0.007531703,0.00820996,0.00863923,0.008033411,0.007585753,0.007432432,0.00847861,0.010287532,0.011561922,0.009821918,0.008580898,0.007088917,0.017606288,0.017406685
Head 0,225,0.000407146,0.000456624,0.000507953,0.000585365,0.000660921,0.000615985,0.000578851,0.000506358,0.000464601,0.000453721,0.000443058,0.000443251,0.00047115,0.000514276,0.000515392,0.000487192,0.000457051,0.000472665,0.000529423,0.000597744,0.000623025,0.000613819,0.000621381,0.000648733,0.000736066,0.000812027,0.000877519,0.000897585,0.00091717,0.000596221,0.00053439,0.000641009,0.000482282,0.000388767,0.000412502,0.000467132,0.000497703,0.000560471,0.000621305,0.000715992,0.000733045,0.000655713,0.000518972,0.000451811,0.00045572,0.000467675,0.0004791,0.000460607,0.000449286,0.000447241,0.000454385,0.000468207,0.000500232,0.000548563,0.000607177,0.000717439,0.000788801,0.000804,0.000797619,0.00083932,0.000951091,0.001160273,0.001475459,0.00170163,0.001817798,0.001661584,0.001471966,0.004279698,0.004733768,0.004425405,0.00418859,0.004766421,0.005887495,0.007205386,0.00713877,0.006014584,0.004991618,0.004145902,0.004188381,0.005120026,0.005232294,0.000521578,0.000694681,0.000774163,0.000930042,0.00117443,0.017640976,0.020323714,0.018014545,0.016330814,0.01665394,0.019131213,0.020029457,0.018098116,0.01711324,0.016485812,0.019021414,0.022502575,0.02762273,0.02483671,0.027532021,0.027296184,0.028116586,0.025867313,0.024327567,0.023785636,0.020409936,0.018569782,0.017517833,0.015585573,0.014930168,0.015150115,0.017275441,0.020088522,0.020828353,0.018451877,0.014007035,0.011884538,0.0114111,0.014244798,0.016919525,0.018552653,0.014336124,0.013108075,0.011855654,0.052473709,0.063722014,0.026814774
Head 0,226,0.000218224,0.00023922,0.000285722,0.000345092,0.000338566,0.000315509,0.00027418,0.00024236,0.000229219,0.000214428,0.000199207,0.00019477,0.000203808,0.000201343,0.000186787,0.000162908,0.000150418,0.000158386,0.000178694,0.0001962,0.000202922,0.000205675,0.00020937,0.000238118,0.000286429,0.000345834,0.000391456,0.000406153,0.000263196,0.000246401,0.000223698,0.000185163,0.000167852,0.000160357,0.000168347,0.000186606,0.000222995,0.000257958,0.00029802,0.000312314,0.000295772,0.000248584,0.000228617,0.000239996,0.000266397,0.000305309,0.000325283,0.000319276,0.000303252,0.000286387,0.000273387,0.00027738,0.000275473,0.000271456,0.000296216,0.000307743,0.000308069,0.000302568,0.000309489,0.000342399,0.00043375,0.000624301,0.000897052,0.001221431,0.001242776,0.001122349,0.002181566,0.002702499,0.002656936,0.002499675,0.002936259,0.003719596,0.005074785,0.005597451,0.005104642,0.004345293,0.003209423,0.002792472,0.003280763,0.002285896,0.00107704,0.001439356,0.001415252,0.001693602,0.002382893,0.016963068,0.022630677,0.022864176,0.020636568,0.01817226,0.017650429,0.016974585,0.014916102,0.01429453,0.012679188,0.013447585,0.014800071,0.033944543,0.025512954,0.026568443,0.028087668,0.03207596,0.033050146,0.031786084,0.036752842,0.03009286,0.026371436,0.02444916,0.021779742,0.020736417,0.019522626,0.020551147,0.020990945,0.021163343,0.018043173,0.012943592,0.009841311,0.008344505,0.009413363,0.012361821,0.014858068,0.013358774,0.012611933,0.010570457,0.047463343,0.049915548,0.027845554,0.015729006
Head 0,227,0.000468877,0.000463701,0.000547184,0.000606041,0.000718013,0.000761277,0.000646242,0.000685679,0.000731401,0.000741787,0.000711865,0.000684522,0.000677176,0.000708257,0.000754406,0.000775886,0.00075589,0.00074033,0.000757186,0.000825726,0.000947562,0.001015685,0.00104454,0.000995463,0.001043043,0.001168829,0.001386754,0.000603535,0.00061176,0.000953156,0.000756952,0.000652565,0.000678738,0.000639263,0.000607136,0.000641506,0.000726434,0.000876334,0.000995902,0.00107109,0.001107839,0.000975873,0.000900834,0.000779014,0.000717443,0.000733967,0.0007706,0.000767301,0.000756577,0.000741578,0.000774769,0.000793462,0.000801669,0.000868912,0.000892866,0.00094364,0.001060651,0.001280226,0.001456782,0.00161187,0.00183591,0.002156114,0.002960887,0.003626082,0.003763397,0.00573721,0.007443118,0.007619821,0.006874194,0.006714708,0.006296086,0.006324864,0.006171003,0.00679137,0.008377758,0.009319456,0.009070056,0.007864451,0.003586744,0.001474682,0.002458636,0.00282635,0.002943028,0.003196957,0.021181682,0.020732332,0.020820642,0.023537509,0.02658936,0.027625313,0.025350267,0.023199324,0.024876431,0.027178593,0.029136144,0.025743324,0.031038759,0.025684716,0.021687584,0.017615192,0.017163292,0.017413912,0.017797465,0.017778341,0.018151954,0.01640496,0.014256274,0.011798288,0.010794978,0.010333216,0.010256561,0.010459288,0.010278825,0.010646317,0.011014263,0.012159107,0.012335339,0.012646685,0.011471257,0.011038917,0.009971526,0.012097905,0.013634376,0.056481056,0.060728196,0.006309903,0.002402596,0.006831549
Head 0,228,0.000167432,0.000198759,0.000221321,0.00025069,0.000245889,0.000179976,0.000184883,0.000189218,0.000179579,0.000163379,0.000156303,0.000152342,0.000157221,0.000152366,0.000135371,0.000119043,0.000110074,0.000111459,0.000122448,0.000135871,0.000135265,0.000133066,0.0001331,0.000149641,0.000181044,0.000221481,0.000132704,0.000162301,0.000255977,0.000232626,0.000195841,0.000157926,0.000131791,0.000114804,0.000118182,0.00013742,0.000162423,0.000182005,0.000199131,0.000188065,0.000164865,0.00014849,0.000136357,0.00014459,0.000171579,0.000197984,0.000208576,0.000208176,0.000198603,0.000200712,0.000191419,0.000183273,0.000187356,0.000191662,0.000200749,0.000212075,0.000224066,0.000220236,0.000221482,0.000248655,0.000325075,0.000517109,0.000713449,0.000786649,0.001224135,0.0017984,0.001941292,0.001732665,0.001700858,0.001715857,0.002084163,0.002570075,0.003368923,0.004476128,0.004348003,0.00336328,0.002534703,0.001185926,0.000838983,0.001299289,0.001257772,0.001198698,0.001338772,0.012485594,0.013293144,0.014917516,0.017430408,0.018458446,0.018227067,0.016489532,0.014303301,0.014590764,0.013755132,0.013080765,0.010958245,0.047202021,0.03649148,0.029277399,0.023151046,0.022815268,0.025148159,0.027745863,0.034126509,0.035132013,0.033375662,0.030249733,0.02520177,0.022646343,0.019969635,0.019282147,0.018546622,0.019325562,0.019587617,0.017862814,0.015662406,0.012047856,0.009952095,0.008937742,0.00890315,0.00869532,0.010914503,0.011450522,0.058279749,0.062814437,0.017720489,0.006603221,0.018926373,0.01112505
Head 0,229,0.00012522,0.000132473,0.000157489,0.000168459,0.000128951,0.000131797,0.000139231,0.000142635,0.000137005,0.000130873,0.000122134,0.000123784,0.000126053,0.000121124,0.00010902,9.43E-05,8.54E-05,8.75E-05,9.86E-05,0.000105587,0.000107972,0.000102514,0.000104679,0.000116826,0.000146153,8.85E-05,9.77E-05,0.000173823,0.000201801,0.000178752,0.000147409,0.000123571,9.88E-05,9.00E-05,9.57E-05,0.000109631,0.000121469,0.000137417,0.000140777,0.000132517,0.000121493,0.0001053,0.000100185,0.000111022,0.000130963,0.000147954,0.00015803,0.0001567,0.000157329,0.000146961,0.000134565,0.000135662,0.000133242,0.000134305,0.00014067,0.00015419,0.000158093,0.000156654,0.000159987,0.000178121,0.000247663,0.000357912,0.00045515,0.000713081,0.001161627,0.001364645,0.001287828,0.001266289,0.001210684,0.001329396,0.001445213,0.001806548,0.002614246,0.003147061,0.003010853,0.002424608,0.000931087,0.000495987,0.000819455,0.000925236,0.00093531,0.000979435,0.012357337,0.010900072,0.010139517,0.011355533,0.013709094,0.015955141,0.015688933,0.013311303,0.013135902,0.01255376,0.012521763,0.010571548,0.036539841,0.037730359,0.034040075,0.025002569,0.020949813,0.020570949,0.02320582,0.028798491,0.03344832,0.036811601,0.036332387,0.03032436,0.026125344,0.022182638,0.021337774,0.02046944,0.020650974,0.020711428,0.019773005,0.019513868,0.016972968,0.014630853,0.011501227,0.009511265,0.007735361,0.009317508,0.011125933,0.060664739,0.075676039,0.018200317,0.004936354,0.020259563,0.007534185,0.008480177
Head 0,230,0.000108672,0.000123762,0.000136273,0.00012168,0.000123252,0.000128809,0.000135165,0.000136159,0.000134145,0.0001235,0.000119139,0.000118494,0.000119018,0.000114599,0.00010107,8.65E-05,8.07E-05,8.58E-05,9.46E-05,0.000104377,0.000103236,0.000101905,0.000103676,0.000120461,7.72E-05,7.21E-05,0.000107708,0.000156753,0.000159688,0.000145479,0.000135278,0.00010822,9.05E-05,8.42E-05,8.95E-05,9.54E-05,0.000108607,0.000117742,0.000123877,0.000124491,0.00011163,0.000100732,0.000100625,0.000112481,0.000130038,0.000148252,0.000158807,0.000164261,0.000155441,0.000138214,0.000138279,0.000131765,0.000127268,0.000127532,0.000137448,0.000146075,0.000149849,0.000152599,0.000154944,0.000181573,0.000240365,0.000321761,0.00054469,0.000966273,0.00124228,0.001254438,0.001266163,0.001211717,0.001273522,0.001271108,0.001448033,0.002031157,0.002705094,0.00321326,0.003197912,0.001251036,0.000328278,0.00050983,0.000651095,0.000774965,0.000875853,0.015891997,0.014026224,0.010736748,0.009642879,0.010763277,0.013500387,0.01500327,0.013520037,0.013091607,0.011989233,0.01198477,0.010746188,0.022751331,0.030214418,0.035528515,0.029400112,0.02309403,0.019140262,0.01937745,0.023888843,0.027720986,0.03445616,0.039427917,0.035914782,0.030644227,0.024512157,0.022479832,0.021039965,0.020610513,0.020128712,0.018936018,0.019448681,0.018787608,0.018146895,0.014306205,0.011014982,0.007679939,0.007926104,0.009257371,0.054377805,0.077727467,0.029030925,0.005654678,0.024544099,0.005272045,0.006243707,0.006550291
Head 0,231,9.46E-05,9.90E-05,0.000104547,0.000108463,0.00011355,0.000118224,0.000121924,0.000125364,0.000118749,0.000112367,0.000106944,0.000106889,0.000109081,0.00010262,8.87E-05,7.74E-05,7.38E-05,7.62E-05,8.59E-05,9.15E-05,9.33E-05,9.07E-05,9.36E-05,6.84E-05,5.71E-05,5.99E-05,9.47E-05,0.000114392,0.000115102,0.00012433,0.000110631,9.38E-05,7.93E-05,7.57E-05,7.36E-05,7.92E-05,8.42E-05,9.49E-05,0.000104795,0.000102514,9.43E-05,8.70E-05,8.76E-05,9.64E-05,0.00011193,0.000129307,0.000144094,0.000144925,0.000130401,0.000129301,0.000120562,0.000113055,0.000108327,0.000111795,0.000119487,0.00012715,0.000135727,0.000136684,0.000142425,0.000158783,0.000195363,0.000335922,0.00061728,0.000889334,0.001005191,0.001093815,0.001089779,0.001132442,0.001078178,0.001111792,0.001412279,0.001829358,0.00243807,0.003031686,0.001681167,0.000289442,0.000361495,0.000437354,0.000583446,0.00076607,0.014714524,0.016770417,0.013085377,0.009845489,0.008932859,0.010362613,0.012380742,0.012825534,0.013519916,0.012382501,0.01204026,0.010898264,0.014087214,0.019286828,0.028895466,0.031254422,0.027758719,0.021268928,0.017991874,0.022928996,0.022868797,0.028180279,0.036194339,0.038698114,0.03647472,0.029474119,0.025818706,0.022791456,0.021656595,0.020704128,0.019070594,0.019570014,0.02002701,0.021675436,0.018702211,0.014777329,0.009640823,0.008290253,0.008118438,0.049836874,0.070983157,0.039136428,0.008598137,0.031918373,0.004568558,0.004092763,0.004559983,0.004686733
Head 0,232,7.39E-05,8.18E-05,8.84E-05,9.58E-05,9.92E-05,0.000102849,0.000108775,0.000107628,0.00010434,9.70E-05,9.32E-05,9.64E-05,9.65E-05,8.93E-05,7.86E-05,6.97E-05,6.44E-05,6.88E-05,7.55E-05,8.20E-05,8.22E-05,7.92E-05,6.22E-05,5.37E-05,4.44E-05,5.89E-05,7.69E-05,8.11E-05,9.72E-05,0.000100318,9.53E-05,8.24E-05,7.35E-05,6.42E-05,6.19E-05,6.04E-05,6.79E-05,7.91E-05,8.57E-05,8.67E-05,8.08E-05,7.54E-05,7.52E-05,8.23E-05,9.57E-05,0.000114061,0.000125156,0.000120914,0.000121574,0.000113436,0.000105117,9.73E-05,9.50E-05,9.75E-05,0.000103524,0.000114937,0.000121815,0.000126558,0.000123407,0.000129905,0.000215437,0.000371764,0.000571594,0.00072545,0.000886308,0.000959504,0.001030742,0.000984446,0.000961595,0.001106156,0.00128351,0.001665446,0.00231224,0.002114352,0.000317806,0.00030874,0.000296549,0.000376087,0.000547069,0.009657149,0.015210087,0.015224941,0.011917626,0.009258939,0.008886345,0.009769598,0.01091244,0.01290327,0.012791923,0.01260989,0.011324198,0.011124778,0.012286717,0.019067379,0.025961667,0.029849347,0.025834022,0.020305622,0.026501141,0.022070726,0.023636498,0.029772259,0.035366781,0.03866997,0.034768209,0.030806622,0.02607605,0.023758106,0.021920139,0.019627204,0.019629642,0.020173488,0.02333728,0.022627762,0.01967695,0.013561271,0.010728926,0.008476519,0.053563539,0.065744296,0.036628522,0.011686358,0.03521841,0.005747177,0.003378288,0.00287857,0.003116629,0.003534833
Head 0,233,0.000189435,0.000213924,0.000264809,0.000308364,0.000339157,0.000356816,0.000367054,0.000392685,0.000414348,0.000411579,0.000391258,0.00037352,0.000372674,0.000397344,0.000433638,0.000425796,0.000409914,0.000373419,0.000388652,0.000433929,0.000498526,0.000274123,0.000283252,0.000357596,0.000259017,0.000265942,0.000274105,0.000273658,0.000286257,0.000317217,0.000364089,0.000395517,0.000377526,0.000338961,0.000306051,0.00027814,0.000295387,0.000316036,0.000359878,0.000429642,0.000475072,0.000452874,0.000408133,0.000367155,0.000366714,0.000381671,0.00039615,0.000419514,0.000406524,0.000388096,0.000379533,0.000389955,0.00038991,0.000389691,0.000408982,0.000457412,0.000611754,0.000764383,0.000829984,0.001186804,0.001682301,0.002148564,0.002574045,0.00330391,0.003757488,0.004117318,0.003785527,0.003712215,0.004100183,0.004189151,0.004115725,0.004024645,0.003051736,0.000922788,0.001000103,0.000777758,0.000651676,0.000681743,0.005855402,0.007355641,0.010659311,0.016075235,0.02109585,0.021183981,0.017228125,0.014636844,0.015684506,0.018693559,0.022823492,0.023025014,0.020854684,0.015340863,0.012923418,0.012168983,0.015634876,0.020892534,0.025616381,0.025773911,0.026000967,0.02323208,0.02027427,0.017887695,0.018441876,0.020027148,0.020432895,0.019746253,0.016140474,0.013414307,0.011430388,0.011356941,0.011586616,0.01318121,0.013143859,0.014035935,0.014014862,0.017650278,0.018075734,0.107735299,0.114330299,0.006118937,0.002687321,0.014276851,0.006175883,0.004861242,0.00225455,0.001082691,0.000753025,0.003851078
Head 0,234,0.000209081,0.000237667,0.000276801,0.000320693,0.000355478,0.000370891,0.000385833,0.000405787,0.000420304,0.000413749,0.000391368,0.000369222,0.000373994,0.000412189,0.000437176,0.000448317,0.000408037,0.000394834,0.000403699,0.000452127,0.000257681,0.000253008,0.000371777,0.000287104,0.000260055,0.000271532,0.000269661,0.000270749,0.000290184,0.000333071,0.00039119,0.000404382,0.000370988,0.000324295,0.000280731,0.00028388,0.000291561,0.000322367,0.000390789,0.000470201,0.000503902,0.000486752,0.000437217,0.000402996,0.000388191,0.000385743,0.000421008,0.000426817,0.00042083,0.000415511,0.000430295,0.000436808,0.000438529,0.000447601,0.000460544,0.000548621,0.000678703,0.000794278,0.001125277,0.00166408,0.001997812,0.002263628,0.002889775,0.003557769,0.004357324,0.00428686,0.004262636,0.004638422,0.004754307,0.004882955,0.005007241,0.002967366,0.000962016,0.00116764,0.000987424,0.000800089,0.000720849,0.007423336,0.007014276,0.007793082,0.010967848,0.017352546,0.023239581,0.022683715,0.018397639,0.016584987,0.016797656,0.019830013,0.022047248,0.022661045,0.020827122,0.01840942,0.014845286,0.015208829,0.017712176,0.023230504,0.02286464,0.02628042,0.027127698,0.02471398,0.019846994,0.017598927,0.017400894,0.018374218,0.019912768,0.017613534,0.01466859,0.011600927,0.010594664,0.010379256,0.01172731,0.011563979,0.01213003,0.011376915,0.014010432,0.015531276,0.100173727,0.122236744,0.007140379,0.001785088,0.012654052,0.003843279,0.00444803,0.002949319,0.001507853,0.000801562,0.004238693,0.004177313
Head 0,235,0.000262529,0.000287206,0.00033368,0.000389585,0.000428089,0.000442662,0.000454423,0.000478112,0.000493533,0.000483327,0.000447644,0.000424623,0.000443759,0.000477418,0.000524624,0.000509007,0.000490129,0.000467026,0.000477345,0.000287419,0.00025879,0.000339914,0.000301495,0.000265855,0.000287475,0.000298429,0.000297331,0.000305856,0.000327264,0.000392464,0.000439214,0.000435474,0.000386962,0.000332089,0.000325716,0.000321316,0.000338358,0.00039071,0.000475116,0.000556259,0.00059732,0.000580077,0.000529326,0.000480435,0.000442483,0.000464704,0.000473145,0.000476523,0.000473421,0.000487974,0.000502125,0.00051417,0.000534071,0.000532918,0.000565025,0.000634994,0.000745976,0.001007664,0.001638194,0.001992789,0.002160354,0.002622094,0.003285164,0.004341164,0.004722784,0.004946169,0.005367485,0.005361046,0.005582084,0.006010444,0.003509763,0.00098986,0.00124981,0.001172431,0.001024752,0.000892603,0.010117314,0.008549696,0.007239043,0.007838825,0.011660683,0.018562954,0.023628771,0.022455011,0.019721517,0.017173285,0.017760001,0.019728517,0.019631781,0.02231309,0.024194801,0.020412259,0.018324405,0.017261047,0.02025158,0.020368919,0.023918331,0.028135853,0.029502975,0.0247328,0.020128911,0.017364524,0.017088313,0.019097768,0.018486537,0.01654662,0.012991924,0.011050535,0.010173146,0.01117382,0.010960219,0.011596207,0.010441704,0.011870628,0.012974088,0.083106175,0.116365984,0.011077726,0.001886621,0.013998799,0.002317873,0.002986065,0.002875522,0.002067486,0.001171462,0.00517238,0.004619835,0.004336041
Head 0,236,0.00031793,0.000350224,0.000414627,0.000484322,0.000517274,0.000523893,0.000543496,0.000576922,0.000596155,0.000572572,0.000529807,0.000516488,0.000525497,0.000589195,0.000614787,0.0006289,0.000597746,0.00055818,0.000346507,0.000302518,0.000312085,0.00028988,0.000264267,0.000294542,0.00032429,0.000334773,0.000341526,0.000337521,0.000387974,0.000447884,0.000481383,0.000451748,0.000397815,0.000387406,0.000374821,0.000382736,0.00041673,0.00048339,0.000577063,0.000673091,0.000730739,0.00071647,0.000652998,0.000572817,0.000557597,0.000548399,0.000553747,0.000552418,0.000562313,0.000574439,0.000590363,0.00063102,0.000646019,0.0006547,0.000653862,0.000713422,0.000848978,0.001484394,0.00195029,0.002131379,0.002471956,0.002986868,0.003999511,0.004788946,0.00549798,0.006233555,0.006102277,0.006167597,0.006663808,0.004326964,0.001057226,0.001291054,0.001256682,0.001206652,0.001125262,0.011948073,0.011129766,0.00850853,0.007074444,0.008189654,0.012387875,0.018614314,0.022790516,0.023050984,0.01944156,0.017508917,0.017567301,0.015788523,0.018925278,0.02495956,0.02540024,0.023748862,0.019607639,0.018923096,0.01980965,0.021121776,0.025472559,0.030544108,0.029549623,0.025031548,0.019991372,0.01752574,0.018357053,0.018517904,0.018167209,0.015144455,0.012573737,0.010831881,0.011164174,0.010703406,0.011519643,0.010553219,0.011266796,0.011310327,0.067688145,0.099301577,0.016565194,0.002824005,0.017969137,0.001910408,0.001925758,0.002074806,0.002114528,0.001670892,0.006488625,0.005814468,0.004930106,0.004430397
Head 0,237,0.000379624,0.000431358,0.000517598,0.000584083,0.000605331,0.000616351,0.000651062,0.000694479,0.000708716,0.000677964,0.000640838,0.000600926,0.000643945,0.000682581,0.000751327,0.000761246,0.000696967,0.000418066,0.000391074,0.00034975,0.000290862,0.000271612,0.000302435,0.000342596,0.00037207,0.00039213,0.000377414,0.000405561,0.000454167,0.000506136,0.000507737,0.000465143,0.000455467,0.000438291,0.00044335,0.000469055,0.000512506,0.000585962,0.000698265,0.000824374,0.000908502,0.000890358,0.000793179,0.000725964,0.000674932,0.000666351,0.000664683,0.000673987,0.000676076,0.000681716,0.00073114,0.000779412,0.000818437,0.000766747,0.000755684,0.000719097,0.001235763,0.001770876,0.002077797,0.002434067,0.002812021,0.003606843,0.004514908,0.005707847,0.007108207,0.007216648,0.007071673,0.007311097,0.005256799,0.001228503,0.001412957,0.001311005,0.001288665,0.001308609,0.011784377,0.01307993,0.011041961,0.008349436,0.007431068,0.008895819,0.012737698,0.018622113,0.023450106,0.02254943,0.019559914,0.017128032,0.014004234,0.014934334,0.020680651,0.025364175,0.028260794,0.024391258,0.020692799,0.021660073,0.020138968,0.022076577,0.027272765,0.03035222,0.029567065,0.024677256,0.020144168,0.018882321,0.018298835,0.018789768,0.017106814,0.01479014,0.012340002,0.011729413,0.010561358,0.011134623,0.010657394,0.011348926,0.010501561,0.057028707,0.077840708,0.018296629,0.004186695,0.021781465,0.002321495,0.00154932,0.001331727,0.001494487,0.001686383,0.007068701,0.007286987,0.006099904,0.004942646,0.004576852
Head 0,238,0.00014372,0.000157573,0.00016542,0.000163373,0.000164374,0.000172024,0.000173316,0.000162832,0.000149246,0.000140863,0.000136358,0.000144438,0.000143989,0.000137477,0.000120655,0.000104725,5.61E-05,5.10E-05,6.33E-05,7.47E-05,6.70E-05,6.44E-05,6.96E-05,6.64E-05,6.58E-05,6.74E-05,8.34E-05,0.000103415,0.000125077,0.00011759,0.00010498,9.10E-05,7.70E-05,7.06E-05,7.11E-05,7.93E-05,9.78E-05,0.000119767,0.000135979,0.000140362,0.000130115,0.000119134,0.000121746,0.000133521,0.000151595,0.000164357,0.0001739,0.000176487,0.00017517,0.000178012,0.000173876,0.000164547,0.000155737,0.000156749,0.000149315,0.000233137,0.000270713,0.000255178,0.000252049,0.000285373,0.0003933,0.000569083,0.000817202,0.00114646,0.001319896,0.001435016,0.001574415,0.001494164,0.000659558,0.000922386,0.000929794,0.000836657,0.0007038,0.012381915,0.010208772,0.00649076,0.004611933,0.004555551,0.00659989,0.010328802,0.012587035,0.012807722,0.010108061,0.008459528,0.007958263,0.010561122,0.014934873,0.021238631,0.021315474,0.017947216,0.013978428,0.013429143,0.017303498,0.0192804,0.026545031,0.036036376,0.037378408,0.032024506,0.02397926,0.021445652,0.022489624,0.02690063,0.030508248,0.028488401,0.024727758,0.020393128,0.019259702,0.01722574,0.016562289,0.013813612,0.01359013,0.012497938,0.059035849,0.085225791,0.063890658,0.006304207,0.023292946,0.002745735,0.002409271,0.002692224,0.0027819,0.002243539,0.008088409,0.009187901,0.008286091,0.007658754,0.008399528,0.005937752
Head 0,239,0.000125969,0.000139349,0.000144024,0.000144861,0.000151207,0.000156047,0.000156103,0.000151273,0.000143221,0.000131438,0.000135191,0.000137645,0.000142312,0.000133622,0.000114,5.60E-05,4.94E-05,4.94E-05,5.11E-05,5.08E-05,5.11E-05,5.94E-05,6.10E-05,6.22E-05,6.11E-05,6.75E-05,7.81E-05,9.84E-05,0.000103948,0.000101592,9.24E-05,7.80E-05,6.86E-05,6.43E-05,6.45E-05,7.27E-05,8.87E-05,0.000108585,0.000128004,0.000128128,0.000117401,0.000110132,0.000111603,0.000124534,0.00014193,0.000161186,0.000171439,0.000171532,0.000172866,0.00017029,0.000165105,0.000147629,0.00013486,0.000104432,0.000163096,0.00022077,0.000234881,0.000232017,0.000226606,0.000255625,0.000334144,0.000493972,0.000788188,0.001051427,0.001239202,0.001373976,0.001430469,0.000550707,0.000743668,0.000775538,0.000777472,0.000767779,0.010492777,0.011058312,0.008122396,0.005285963,0.003812376,0.004013835,0.005633169,0.008319163,0.011354471,0.011021983,0.009116461,0.007077964,0.00747171,0.009535825,0.014894851,0.019209096,0.020190176,0.016272418,0.012849284,0.017421616,0.015879631,0.019049125,0.026888119,0.034282368,0.036753856,0.030198514,0.02469375,0.021674534,0.02328586,0.027358267,0.029773856,0.030080564,0.026478978,0.024334708,0.020010337,0.018100083,0.015437089,0.015672401,0.014114793,0.056158341,0.076527849,0.069590509,0.012110344,0.029987313,0.00415106,0.002200656,0.001768286,0.00193107,0.002296493,0.007856647,0.01185489,0.011667807,0.0095156,0.008544596,0.004250584,0.004701786
Head 0,240,0.000148003,0.000158703,0.000162472,0.000168998,0.000172907,0.000176932,0.000180323,0.0001765,0.000158609,0.000155084,0.000149599,0.000158707,0.000160647,0.000147091,6.58E-05,6.22E-05,6.50E-05,5.12E-05,4.79E-05,4.67E-05,5.45E-05,5.93E-05,6.42E-05,6.62E-05,6.82E-05,7.10E-05,8.47E-05,9.68E-05,0.00010537,0.000104811,9.37E-05,8.28E-05,7.59E-05,7.07E-05,7.12E-05,8.02E-05,9.81E-05,0.000127602,0.000144952,0.000144882,0.000136262,0.000127785,0.000130946,0.000145019,0.000170301,0.000191558,0.000201682,0.000207546,0.000208301,0.000213029,0.00019359,0.000167152,0.000109245,0.000141853,0.000196381,0.000239956,0.000269533,0.000263563,0.000261899,0.000289402,0.000388473,0.000625588,0.000939723,0.001254489,0.001498457,0.001903479,0.000525492,0.000685847,0.000707274,0.000737996,0.000828563,0.009602183,0.011827541,0.010915305,0.008198173,0.00532757,0.004144988,0.004265613,0.005791098,0.009230538,0.012043998,0.012240431,0.009335984,0.006676457,0.007164184,0.010233056,0.014733269,0.019771172,0.020036854,0.016498484,0.019996304,0.016124081,0.015899751,0.019583063,0.025934562,0.033481762,0.033807456,0.029701481,0.023939243,0.021765225,0.022844512,0.025576549,0.029539583,0.02985863,0.02924794,0.023273302,0.019330293,0.015873721,0.016328231,0.014647522,0.055865195,0.066689879,0.064232931,0.016349381,0.033480469,0.007775404,0.002881487,0.001413976,0.001125447,0.001429569,0.005611436,0.011179941,0.014485728,0.01309585,0.010799368,0.002777305,0.003227087,0.004450444
Head 0,241,0.000150288,0.000159019,0.000169777,0.000173304,0.000176172,0.000184565,0.000190328,0.000178567,0.000172301,0.000155923,0.000159327,0.000164367,0.000163845,6.93E-05,6.95E-05,8.95E-05,5.78E-05,4.63E-05,4.14E-05,4.64E-05,5.16E-05,5.92E-05,6.72E-05,7.03E-05,6.81E-05,7.25E-05,8.13E-05,9.34E-05,0.000100971,9.87E-05,9.11E-05,8.42E-05,7.61E-05,7.00E-05,7.04E-05,7.90E-05,0.000102606,0.00012779,0.00014331,0.000149498,0.000138844,0.000130589,0.000133121,0.000152944,0.000178893,0.000202786,0.000219063,0.000222553,0.000232543,0.000221333,0.000189908,0.000130545,0.000127593,0.000150965,0.000190629,0.000247899,0.000276456,0.000278548,0.000267691,0.000299896,0.000424393,0.000648644,0.00098027,0.001358417,0.002174059,0.00046472,0.000603819,0.000616999,0.000641649,0.000759673,0.008205663,0.010037635,0.010650282,0.010086355,0.007502931,0.005262876,0.003999266,0.004044306,0.005886002,0.009216052,0.012628501,0.011869384,0.006497339,0.006273912,0.007567932,0.01019379,0.01535862,0.019941224,0.02050559,0.023840709,0.019168999,0.016548777,0.016519787,0.019107275,0.025708558,0.031505097,0.033867132,0.029567512,0.024514325,0.021624371,0.021651607,0.025850937,0.029990843,0.034082208,0.029182093,0.023355376,0.017596936,0.017382063,0.015600486,0.06289544,0.067333646,0.052696303,0.016859891,0.029646611,0.014526145,0.005291696,0.001859959,0.000918969,0.000842086,0.003653756,0.007861492,0.0136903,0.016520495,0.015155039,0.002233289,0.001920058,0.00290825,0.003753459
Head 0,242,0.000132078,0.000144919,0.000151166,0.000153175,0.000161172,0.000171494,0.000171757,0.000171309,0.000153525,0.000149219,0.000148691,0.000152372,6.29E-05,6.47E-05,0.000100373,6.42E-05,4.42E-05,3.58E-05,3.72E-05,4.02E-05,4.72E-05,5.78E-05,6.58E-05,6.51E-05,6.39E-05,6.55E-05,7.41E-05,8.36E-05,8.96E-05,8.97E-05,8.63E-05,7.90E-05,7.01E-05,6.39E-05,6.33E-05,7.43E-05,9.29E-05,0.000113083,0.000136988,0.000138954,0.000129254,0.0001213,0.000128007,0.000145796,0.000172889,0.000200334,0.00021327,0.000226623,0.000226127,0.000200039,0.000185319,0.000143832,0.000127501,0.000136322,0.000177933,0.000227258,0.000263297,0.000254721,0.000251763,0.00029323,0.000391544,0.000594201,0.000926335,0.001727848,0.00037155,0.000495985,0.000507465,0.000524797,0.000626323,0.007178174,0.00811114,0.008595534,0.009510624,0.008903692,0.006988063,0.004715377,0.003463161,0.003767562,0.005420644,0.008807821,0.0112679,0.006381217,0.006152217,0.006488961,0.007382569,0.010463827,0.015282457,0.020143231,0.025692176,0.0229093,0.019947525,0.0172581,0.016065229,0.018840412,0.023973893,0.031102384,0.033065215,0.029575497,0.02384408,0.020207107,0.021774422,0.025964372,0.033739176,0.034033358,0.029611835,0.021531055,0.01978731,0.016935175,0.072404817,0.075303495,0.05084718,0.015748572,0.022487964,0.022250215,0.010330037,0.003627721,0.001300603,0.000738581,0.002929751,0.005177449,0.009816553,0.015944913,0.019663321,0.00304091,0.001606496,0.001884902,0.002574977,0.003517277
Head 0,243,0.000103998,0.000111736,0.000115727,0.000122253,0.000130223,0.000134973,0.000141104,0.000133504,0.000128315,0.000122079,0.000119641,4.82E-05,4.87E-05,7.72E-05,5.93E-05,4.01E-05,3.02E-05,2.91E-05,2.91E-05,3.31E-05,4.11E-05,5.16E-05,5.68E-05,5.65E-05,5.20E-05,5.39E-05,5.94E-05,6.62E-05,7.21E-05,7.33E-05,7.02E-05,6.34E-05,5.53E-05,4.94E-05,5.03E-05,5.71E-05,6.89E-05,9.20E-05,0.000107069,0.000108578,0.000100356,9.67E-05,0.000101123,0.000117432,0.000143678,0.00016652,0.000186262,0.00019471,0.000179901,0.000244465,0.000183628,0.000127255,0.000101502,0.000109989,0.000141394,0.000189923,0.000213822,0.000217821,0.000224741,0.000242005,0.000314166,0.000477915,0.001076914,0.000288354,0.000390977,0.000398891,0.000409695,0.000478377,0.006125316,0.006614808,0.006535738,0.0073436,0.008056221,0.007812629,0.005904717,0.003801952,0.003089821,0.003325129,0.004946793,0.007663381,0.005775964,0.005912208,0.006009731,0.005915368,0.007170273,0.009909468,0.01467856,0.02447726,0.024868572,0.024419572,0.021102013,0.016753044,0.015720997,0.017283291,0.023185432,0.029232638,0.031989668,0.027772201,0.021509508,0.019663798,0.020966297,0.027858838,0.032895148,0.03447894,0.027460042,0.024753435,0.019744478,0.083107166,0.090873092,0.059622474,0.015136838,0.017489944,0.024855407,0.015527453,0.007028438,0.002532471,0.001058291,0.003350377,0.004161643,0.006349944,0.011223041,0.018837841,0.005709478,0.002213995,0.00165824,0.00166155,0.002319385,0.002373888
Head 0,244,8.53E-05,9.06E-05,9.80E-05,0.000104922,0.000108824,0.00011686,0.000117389,0.000116341,0.000109409,0.000100983,3.67E-05,3.57E-05,5.14E-05,4.80E-05,3.65E-05,2.77E-05,2.54E-05,2.32E-05,2.44E-05,2.88E-05,3.74E-05,4.61E-05,5.08E-05,4.53E-05,4.32E-05,4.48E-05,4.86E-05,5.54E-05,6.02E-05,6.16E-05,5.89E-05,5.26E-05,4.50E-05,4.13E-05,4.08E-05,4.52E-05,5.95E-05,7.70E-05,9.02E-05,9.11E-05,8.65E-05,8.29E-05,8.78E-05,0.000104517,0.000127758,0.000154663,0.000173683,0.000171904,0.000296125,0.0002685,0.000178266,0.000111956,9.11E-05,9.71E-05,0.000129351,0.000168708,0.000202248,0.000221666,0.00021346,0.000226326,0.00028739,0.000689268,0.000232253,0.000319514,0.000328873,0.00033265,0.000372773,0.005215724,0.005729293,0.005464894,0.005865646,0.006684167,0.007618557,0.007163529,0.005064367,0.003652636,0.002927044,0.003272434,0.004731127,0.004998889,0.005523154,0.005818506,0.005370416,0.005591323,0.006605663,0.009296967,0.020238295,0.022751182,0.025958275,0.025312172,0.019850392,0.015887661,0.01403027,0.016298655,0.020997338,0.027326917,0.028644595,0.023853336,0.020109607,0.018319875,0.0217463,0.026208542,0.032144167,0.03073775,0.030743631,0.024537159,0.089366987,0.107859969,0.080324791,0.014751316,0.015488081,0.022681013,0.01722974,0.010295504,0.004651324,0.001933015,0.004786857,0.004726547,0.004948863,0.006961321,0.012500513,0.009008905,0.00396804,0.002321428,0.001488688,0.001476879,0.0014606,0.001240512
Head 0,245,0.000300142,0.000361269,0.000438453,0.000475692,0.00052072,0.000512556,0.000571845,0.000633964,0.000655078,0.000181214,0.000176163,0.000247558,0.000148898,0.0001312,0.000145187,0.000155403,0.000163643,0.000176362,0.000189795,0.00020598,0.000226794,0.000254718,0.000285551,0.000279644,0.00028521,0.000281319,0.000289672,0.000316169,0.000338949,0.000340614,0.000339029,0.00033659,0.000355954,0.000365508,0.000370005,0.000397564,0.000435893,0.000522132,0.000648138,0.000801667,0.000861725,0.000824151,0.000784855,0.000762192,0.000850115,0.000911618,0.000884866,0.000774153,0.000979965,0.001094579,0.001028629,0.000918343,0.00073938,0.000643123,0.000640418,0.000836183,0.00131144,0.001921891,0.002463676,0.002819571,0.002646175,0.000853742,0.001142689,0.001108857,0.00096879,0.000963125,0.011056741,0.011611111,0.012075083,0.01285268,0.011989424,0.010417555,0.009147103,0.009257356,0.010081736,0.01054002,0.009697953,0.008333519,0.008116545,0.008241876,0.009064048,0.010226062,0.01284582,0.014763775,0.015896646,0.023977935,0.024714248,0.025466446,0.027052397,0.027431617,0.0280471,0.026135983,0.022332808,0.019981544,0.018146867,0.019219251,0.021149803,0.023859197,0.023825811,0.023534706,0.019198181,0.019317115,0.020009121,0.025519155,0.025089588,0.078168415,0.089695469,0.026340744,0.004708019,0.01163492,0.008354748,0.005689995,0.002924585,0.001767264,0.001422929,0.005890192,0.010434095,0.011725508,0.009440931,0.007715703,0.001805803,0.001831462,0.002170178,0.00174554,0.001051842,0.000495213,0.000251297,0.0009147
Head 0,246,0.000323726,0.000390182,0.000451945,0.000525848,0.000516319,0.000555636,0.000599933,0.00064702,0.000199322,0.000180337,0.000270395,0.00015717,0.000121951,0.000135138,0.000146811,0.000155604,0.000166517,0.00018014,0.000196939,0.000210646,0.0002244,0.000252543,0.000257965,0.000274832,0.000276649,0.000275801,0.000292562,0.000319354,0.000334932,0.000342798,0.000343305,0.000356199,0.000362818,0.000358151,0.000380982,0.000391317,0.000431645,0.000516611,0.000670465,0.00080872,0.000867974,0.000867966,0.00079966,0.000807368,0.000846034,0.00085533,0.00074235,0.00089359,0.000997556,0.001026352,0.001043939,0.000920243,0.000778921,0.000647694,0.000674641,0.000903086,0.001333973,0.001961841,0.002592243,0.002529335,0.000742623,0.001050984,0.00113453,0.001058331,0.00103916,0.012591122,0.011693798,0.010813773,0.011759975,0.012533733,0.012241255,0.010812597,0.00986544,0.010078915,0.010854452,0.01115058,0.010134958,0.007250322,0.008190081,0.009351767,0.010193335,0.012280351,0.014166443,0.016493246,0.022132119,0.024037527,0.025848959,0.027183723,0.026762797,0.027550101,0.027411032,0.025736142,0.023788055,0.019885227,0.018322857,0.018243451,0.020942433,0.023404777,0.025965011,0.021471903,0.019767832,0.017705742,0.021299848,0.022859285,0.073679417,0.089936756,0.029395869,0.004464519,0.012437626,0.007238917,0.005703215,0.003224026,0.001821028,0.001218188,0.004471123,0.008685552,0.012575524,0.012278571,0.009831924,0.001290433,0.001014131,0.001348496,0.001565244,0.00132838,0.000672636,0.00026584,0.001077518,0.000980754
Head 0,247,0.000348602,0.000405875,0.000500113,0.00051748,0.000556146,0.000579017,0.000607326,0.000219358,0.000189629,0.000263855,0.000163523,0.000115578,0.000124974,0.000138389,0.000149236,0.000159729,0.000169073,0.000188127,0.000202262,0.00020755,0.000223707,0.000232015,0.000256727,0.000271486,0.000272458,0.000276798,0.000295906,0.000317441,0.00033558,0.000346627,0.000357342,0.000365988,0.000359204,0.00038752,0.000387554,0.000397143,0.000434273,0.00053608,0.000674247,0.000806865,0.000906593,0.00087074,0.000820605,0.000791531,0.000784467,0.00078463,0.000874787,0.000899095,0.000910647,0.000994013,0.001004666,0.00094151,0.000761413,0.000669546,0.000713908,0.000902693,0.001340894,0.002020583,0.002550353,0.000625088,0.000869312,0.001002745,0.001043064,0.001082531,0.013754428,0.012774048,0.010446482,0.010331924,0.011296352,0.012407899,0.012037897,0.010638027,0.00996709,0.010109807,0.010938368,0.011270822,0.005990019,0.007198588,0.008967295,0.010037735,0.011752708,0.012944149,0.01534465,0.02029684,0.022303339,0.025332803,0.027474741,0.026710238,0.026688002,0.026837047,0.027372817,0.027678467,0.023828661,0.020371055,0.017706098,0.018511645,0.021076417,0.026052603,0.024131743,0.022783237,0.018459065,0.019256214,0.019589106,0.06740585,0.086321048,0.039275855,0.005604011,0.01395928,0.00649618,0.005293208,0.003507818,0.002164761,0.001324918,0.004046079,0.007031634,0.01142587,0.014212782,0.013549501,0.001442198,0.00075818,0.0007997,0.001024453,0.001236317,0.000872991,0.000371939,0.001516795,0.001222408,0.000961566
Head 0,248,0.000333936,0.000416319,0.000464832,0.000526026,0.000548751,0.000540945,0.000221785,0.000194123,0.000221964,0.000150481,0.000107499,0.000113134,0.000126715,0.000140023,0.000152068,0.000156469,0.000175727,0.000194117,0.000199139,0.000202772,0.000205938,0.000230578,0.000256306,0.000269926,0.000269241,0.000276314,0.000291959,0.000311915,0.000330898,0.000343366,0.000352437,0.00034527,0.00037265,0.000375679,0.000375983,0.00038259,0.000429755,0.000518975,0.00064836,0.000819157,0.000890921,0.000869417,0.000780261,0.00072454,0.000870133,0.000945376,0.000898348,0.000830006,0.000877043,0.000945681,0.000999081,0.000888773,0.000754679,0.000680828,0.00068154,0.000872932,0.001320962,0.002166008,0.000548371,0.000706685,0.000796864,0.000900642,0.001031348,0.012568103,0.013721654,0.011207533,0.009924821,0.009856323,0.011058501,0.011964305,0.01129195,0.010309119,0.00943857,0.009635928,0.010521901,0.005101716,0.005788935,0.007689036,0.009348164,0.011272156,0.011869077,0.013296265,0.018950047,0.02000596,0.023333376,0.026865872,0.02715593,0.026765509,0.026029354,0.026820652,0.028777512,0.027229516,0.023858143,0.019200208,0.017615838,0.018437253,0.023316586,0.024519356,0.026081877,0.021813408,0.020596694,0.018215964,0.064385697,0.081990071,0.052111648,0.008611507,0.01622113,0.006982434,0.00488465,0.003470039,0.002549718,0.001725984,0.004400507,0.006230471,0.009336274,0.013154837,0.015876075,0.002260417,0.000918497,0.000668809,0.000683138,0.000907907,0.000880246,0.000515326,0.002137005,0.001859234,0.00126532,0.000945337
Head 0,249,0.000395493,0.000450865,0.000546653,0.000603121,0.000573052,0.000219704,0.000211188,0.000204869,0.000133579,9.99E-05,0.000103172,0.00011333,0.000127386,0.000141487,0.000143714,0.000159314,0.000180791,0.000193717,0.000198493,0.000198301,0.000220732,0.000252511,0.000283907,0.00029351,0.000296825,0.000302835,0.000320171,0.000345096,0.000367321,0.000382451,0.000380613,0.000399125,0.000408933,0.000419518,0.00042541,0.000451264,0.000507073,0.000614881,0.000818374,0.001024222,0.001156324,0.00106518,0.000953127,0.001191732,0.001338201,0.001271024,0.001091682,0.001056634,0.001083167,0.00118085,0.001180263,0.001107826,0.000993085,0.000852833,0.000878336,0.001131136,0.002071246,0.00055954,0.000671965,0.00070439,0.000801922,0.000988812,0.009941278,0.013550754,0.013100061,0.011722122,0.010315795,0.01052447,0.011711706,0.012461696,0.012371797,0.011156521,0.010305409,0.010552937,0.005142116,0.004956995,0.006349547,0.008334477,0.011069597,0.011978347,0.012547233,0.018277977,0.018214704,0.020398716,0.024133949,0.026176995,0.02691297,0.025853319,0.025139058,0.026523648,0.026663909,0.025453253,0.021246614,0.018278008,0.017015407,0.01967771,0.021477066,0.025669867,0.024843747,0.024380809,0.019629363,0.063939154,0.0761078,0.062100288,0.012145574,0.017866949,0.009309896,0.005023865,0.003063901,0.002409523,0.001989229,0.004804052,0.005932058,0.007238856,0.009327262,0.012454849,0.002985564,0.001301589,0.000785866,0.000564195,0.000593976,0.000594737,0.000463843,0.002155196,0.002434596,0.001777483,0.00112138,0.000606267
Head 0,250,0.000376863,0.000468603,0.000558397,0.000559242,0.000193226,0.000213624,0.000218983,0.00013113,0.000100425,9.85E-05,0.000100856,0.000110891,0.000124576,0.000130387,0.000142721,0.000161309,0.000176709,0.000184902,0.000180422,0.000194785,0.000219961,0.000256813,0.000283973,0.000296079,0.000294908,0.000302752,0.000320595,0.000348554,0.000370579,0.000378717,0.00038626,0.000391546,0.000403473,0.000413703,0.00043088,0.000453356,0.000510172,0.000653484,0.000870667,0.001152823,0.001192294,0.001085533,0.001323987,0.001515905,0.001485427,0.00126867,0.001181336,0.00113046,0.001190271,0.001238491,0.001290211,0.001262708,0.00105989,0.000924976,0.000953035,0.001676371,0.000572315,0.000676603,0.000650306,0.000679486,0.000827322,0.006623813,0.010041448,0.012174022,0.013002913,0.011589105,0.010594469,0.010739161,0.011667996,0.012767951,0.012583493,0.011498991,0.010662886,0.006194806,0.004976068,0.00535954,0.006716108,0.009614912,0.011673911,0.012655777,0.018157383,0.017972313,0.018781804,0.021149376,0.023390485,0.025756201,0.026226589,0.02527865,0.025823273,0.025810383,0.025775651,0.02309143,0.020297915,0.017722839,0.01829193,0.018678023,0.022631226,0.024708522,0.02776395,0.022979053,0.071176067,0.078341827,0.05577242,0.013772033,0.019829169,0.015295011,0.007158824,0.003288835,0.002170472,0.001898042,0.005206299,0.006462912,0.006902712,0.007579248,0.009577025,0.003146317,0.001695604,0.001101052,0.000649546,0.000496326,0.000399824,0.000324225,0.001787223,0.002692337,0.002552644,0.00168768,0.000765578,0.000494971
Head 0,251,0.000310048,0.000382419,0.000425853,0.000138542,0.000168793,0.000219437,0.000134874,0.000105127,9.71E-05,9.07E-05,9.24E-05,0.000100542,0.000109679,0.000121782,0.000137132,0.000150581,0.000159242,0.000151361,0.000156945,0.000168962,0.000194886,0.000227446,0.000254409,0.000259863,0.000263562,0.000269284,0.000289908,0.000308794,0.000320526,0.000326141,0.000323167,0.000323612,0.000328876,0.00034152,0.00034557,0.000360334,0.000420513,0.000538834,0.000774982,0.000933758,0.000928925,0.001150434,0.00133452,0.001320905,0.001146454,0.001076335,0.0009991,0.001012799,0.001021943,0.001110276,0.001193724,0.001073086,0.000883865,0.000760204,0.001004142,0.000461008,0.000583193,0.000549076,0.000515237,0.000567436,0.004349883,0.006007839,0.008079773,0.010776406,0.011528005,0.010744762,0.009875933,0.009716476,0.010711445,0.011545849,0.011437817,0.010260564,0.007722172,0.005864599,0.005133478,0.005311008,0.007174445,0.009530789,0.011759953,0.016439851,0.017830824,0.018646838,0.019660113,0.020567512,0.023031544,0.025152201,0.025820227,0.026905905,0.026238622,0.025907673,0.024084114,0.022433152,0.019707013,0.019025588,0.017252792,0.019249381,0.021412695,0.027735073,0.026450742,0.083908066,0.092698909,0.04523433,0.012755198,0.021621969,0.024329655,0.01293854,0.005049582,0.0024748,0.001774431,0.005323798,0.007104913,0.007502264,0.007408857,0.00830827,0.003303984,0.0020289,0.001612543,0.00097784,0.000605938,0.000359383,0.000234657,0.001352927,0.002371324,0.003077746,0.002638751,0.001232355,0.000656612,0.000510323
Head 0,252,0.000283424,0.000328777,0.000102965,0.000121857,0.000191857,0.000140701,0.000113114,0.000103759,9.34E-05,8.77E-05,8.82E-05,9.40E-05,0.00010537,0.000119861,0.000132608,0.000143408,0.000137851,0.000141489,0.000146123,0.000159701,0.00018454,0.000218294,0.000237842,0.000249275,0.000252817,0.000263309,0.000276532,0.000287854,0.00030303,0.000302322,0.000297141,0.000297175,0.000308893,0.000312614,0.000315383,0.000339703,0.000393267,0.000539881,0.000718203,0.000822073,0.001116416,0.001346612,0.00132133,0.001146229,0.001083583,0.001010258,0.001012879,0.000971282,0.001035355,0.001164692,0.001164616,0.001038096,0.000868682,0.000761054,0.000365464,0.000501845,0.000520731,0.000483716,0.000482726,0.003793989,0.004289377,0.005194665,0.007501515,0.01002166,0.011200484,0.010691477,0.009504342,0.009594189,0.010359172,0.011222357,0.010864728,0.008458276,0.007541799,0.006251904,0.005289786,0.005862988,0.007273214,0.009792817,0.013247269,0.016194498,0.018604031,0.019566599,0.019006059,0.019936563,0.02178926,0.023937861,0.026859077,0.026531642,0.025756894,0.023907417,0.023300592,0.021670599,0.02115432,0.01760665,0.017530508,0.01767033,0.02338638,0.025774874,0.085221991,0.104472719,0.046625823,0.011133973,0.022936247,0.027310077,0.02046252,0.009291394,0.003993149,0.002090847,0.005603868,0.007556445,0.008267614,0.007957456,0.008034722,0.003512036,0.002101513,0.001939195,0.00141331,0.000894635,0.000446959,0.000218621,0.001178946,0.001860173,0.002760204,0.003198874,0.001932329,0.001103609,0.000694963,0.000493755
Head 0,253,0.00024529,7.95E-05,8.25E-05,0.000123355,0.000121735,0.000110352,0.000107105,0.000101,9.19E-05,8.49E-05,8.24E-05,9.02E-05,0.000103577,0.000116737,0.000127974,0.000126841,0.000132382,0.000134308,0.000138185,0.000148656,0.0001752,0.000202359,0.000226477,0.000239495,0.00024531,0.000251852,0.000255442,0.000276107,0.000281643,0.000277348,0.000272594,0.000278547,0.000283618,0.000285346,0.000297681,0.000315008,0.00038182,0.000497092,0.000622729,0.000989876,0.001319061,0.001322766,0.001131921,0.001048755,0.000982004,0.000998139,0.000939177,0.000963721,0.001072684,0.001133353,0.001131054,0.001036667,0.000700293,0.000289547,0.000396381,0.000462559,0.000472414,0.000465668,0.003755579,0.003830326,0.003788348,0.004823221,0.006992719,0.009658032,0.011135342,0.010219884,0.009617823,0.009499073,0.010317711,0.010910226,0.00746741,0.008555265,0.008222776,0.006600888,0.005978985,0.006013465,0.007578127,0.010615357,0.013510067,0.017598052,0.02030419,0.019631285,0.01892128,0.019021489,0.020871565,0.024843568,0.026093774,0.026052691,0.024095226,0.023731675,0.023180917,0.023920922,0.019640129,0.018274531,0.01615656,0.019214116,0.02183724,0.075438239,0.106388725,0.061736241,0.011940853,0.02675393,0.02262363,0.022158761,0.014541862,0.007573145,0.003487394,0.006805527,0.008613039,0.009428789,0.009145852,0.008797757,0.004246796,0.002270679,0.002039523,0.001692661,0.001238794,0.000639939,0.000273094,0.00133344,0.001668012,0.002225424,0.002937726,0.002398076,0.001830564,0.001235754,0.000701157,0.000484273
Head 0,254,6.78E-05,6.11E-05,6.77E-05,8.30E-05,9.15E-05,9.86E-05,0.000104675,0.000100626,9.03E-05,7.84E-05,7.96E-05,8.89E-05,0.000101031,0.000111322,0.000114723,0.000124435,0.000128922,0.000129686,0.00012846,0.000141445,0.000163113,0.000191663,0.000217146,0.000229006,0.000235223,0.000232285,0.000248338,0.000257406,0.00025922,0.00025505,0.000254051,0.000255966,0.000256361,0.000267804,0.000273719,0.000297731,0.000344665,0.000424556,0.000755112,0.001146747,0.001266968,0.001113247,0.001007974,0.000918411,0.000925399,0.000876298,0.000883984,0.000962037,0.001011286,0.001078675,0.001112064,0.000708024,0.00025226,0.000304511,0.000363362,0.000418807,0.000453137,0.003277617,0.003785159,0.003411512,0.003522345,0.004503598,0.006614569,0.009301458,0.010182347,0.010128293,0.009243811,0.009248514,0.009794259,0.005711898,0.007557441,0.009248507,0.00861736,0.007438157,0.006093167,0.00623535,0.009212638,0.010584824,0.014460246,0.019025916,0.020480376,0.019770153,0.018256187,0.01851517,0.02153651,0.023834828,0.025440039,0.02436653,0.024094397,0.023970362,0.025963424,0.022160295,0.020712228,0.017192354,0.017716872,0.01816774,0.062695578,0.09479212,0.085385516,0.017090233,0.034352146,0.019076269,0.017693894,0.015283769,0.011672573,0.006617689,0.009043084,0.01080765,0.011226866,0.010622654,0.009981059,0.005492798,0.002840281,0.002286153,0.001861521,0.001489028,0.000861917,0.000388997,0.001769972,0.001885797,0.001974828,0.002298613,0.002139472,0.002224694,0.002053743,0.001264865,0.000692833,0.000542991
Head 0,255,5.53E-05,4.43E-05,5.22E-05,6.70E-05,7.87E-05,9.44E-05,0.000103107,9.88E-05,8.28E-05,7.66E-05,7.89E-05,8.64E-05,9.39E-05,9.92E-05,0.000111984,0.000122112,0.000127083,0.000122329,0.000124449,0.000134447,0.000156259,0.000184771,0.000207133,0.000221672,0.000221095,0.000228008,0.000234768,0.000241529,0.000243638,0.000241723,0.000240402,0.000237302,0.000248205,0.00025558,0.000268724,0.000274347,0.000304418,0.00052893,0.000863792,0.001103545,0.00108623,0.001030248,0.000916714,0.000882488,0.000820647,0.000817892,0.000878765,0.000897658,0.000961858,0.001066257,0.000799123,0.000268171,0.000263637,0.000276949,0.000327153,0.000396141,0.002163114,0.003252085,0.003339293,0.00319598,0.003367995,0.004341279,0.006381598,0.008441396,0.009987369,0.009525473,0.008967757,0.008698856,0.004593126,0.005653727,0.007979168,0.009430232,0.009486812,0.007528615,0.006340354,0.009454077,0.008911842,0.011007915,0.015125729,0.018690486,0.020247443,0.019022575,0.017873481,0.018998839,0.020551231,0.022803411,0.023231139,0.023749374,0.023971474,0.026639972,0.023764774,0.023139387,0.019831078,0.019052172,0.016820313,0.05603407,0.079484396,0.094272561,0.026210168,0.044214062,0.022288991,0.014898329,0.012150739,0.011961346,0.01002507,0.011446878,0.014306125,0.014468944,0.012998628,0.011651656,0.006402301,0.003590793,0.002823204,0.002144206,0.001684236,0.001026489,0.000520468,0.002311564,0.002565473,0.002253674,0.002007951,0.001643586,0.001890755,0.00238581,0.00205864,0.001246517,0.000781975,0.000639504
Head 0,256,4.41E-05,4.05E-05,5.21E-05,6.11E-05,7.63E-05,9.40E-05,0.000102158,9.27E-05,8.24E-05,7.77E-05,7.85E-05,8.21E-05,8.57E-05,9.73E-05,0.000110803,0.000122609,0.000123317,0.000121966,0.000122114,0.000133257,0.000154731,0.000181404,0.000206356,0.000217467,0.000220098,0.000222308,0.000228452,0.000235882,0.000238253,0.000236242,0.000229726,0.00023634,0.000246149,0.000266144,0.000256225,0.000252423,0.000388753,0.000599959,0.000836309,0.00095566,0.001031342,0.000957695,0.000900512,0.000806445,0.000786277,0.000836985,0.000833179,0.000860809,0.000955609,0.00090889,0.000346267,0.00028919,0.000246382,0.000258071,0.000318004,0.001236047,0.002191516,0.002869095,0.003144515,0.0031045,0.003325071,0.004290305,0.005999764,0.00838276,0.009398929,0.009363682,0.008463933,0.004587434,0.004563779,0.006036819,0.008149683,0.010284878,0.009664473,0.007983756,0.011542002,0.009323988,0.009531777,0.01176547,0.015068528,0.018632462,0.019743154,0.018771065,0.018669754,0.018649042,0.020072281,0.021212036,0.022823537,0.02375178,0.026744537,0.024589652,0.024663828,0.0227395,0.022577645,0.018262958,0.05814328,0.070742115,0.073779114,0.031719211,0.049742438,0.034661788,0.017109802,0.010216252,0.009338934,0.010079059,0.012552533,0.017837234,0.019096529,0.016927181,0.014421174,0.006571835,0.003944967,0.003366242,0.002512956,0.00186419,0.001100448,0.000589977,0.002492256,0.003368626,0.003040256,0.002247333,0.001409903,0.001376908,0.001868218,0.002224246,0.001916928,0.001354883,0.000901414,0.000760754
Head 0,257,4.37E-05,4.74E-05,5.10E-05,6.03E-05,7.77E-05,9.43E-05,9.88E-05,9.26E-05,8.50E-05,7.97E-05,7.93E-05,7.90E-05,8.67E-05,9.93E-05,0.000114829,0.000124973,0.000129583,0.000127358,0.000131253,0.00014377,0.000166909,0.00019736,0.000222931,0.000231071,0.000232445,0.000235138,0.000244411,0.000253682,0.000256177,0.000250482,0.000252518,0.000260457,0.000290542,0.000285508,0.000266251,0.000369156,0.000492134,0.000661813,0.000829205,0.001040395,0.001092749,0.001087754,0.000960515,0.000912194,0.000951128,0.000928254,0.000921172,0.000982837,0.001066478,0.000476398,0.000388397,0.00028339,0.000243817,0.000266495,0.000827385,0.001329967,0.001984026,0.00272733,0.00309084,0.003145973,0.003456258,0.004388792,0.006355313,0.00835042,0.009678009,0.009071634,0.005456698,0.004589554,0.004966221,0.006248221,0.00884095,0.010355912,0.010088172,0.013952666,0.011185532,0.009923313,0.010121239,0.011534281,0.014643856,0.017590243,0.018531565,0.019109353,0.017990621,0.018023139,0.018669805,0.020696931,0.02244932,0.025784785,0.024214054,0.024452457,0.023622062,0.025553703,0.021193752,0.067078121,0.072123617,0.05281255,0.026482126,0.046251759,0.051595561,0.02537646,0.011658132,0.007907828,0.007940103,0.012061778,0.018989857,0.022578381,0.02111355,0.017711159,0.006577836,0.003659037,0.003393402,0.002701375,0.002005332,0.001139708,0.000591509,0.002119876,0.003480493,0.003808745,0.002890986,0.001502443,0.001115847,0.001234321,0.001547168,0.001812061,0.001835147,0.001401844,0.000999673,0.000861017
Head 0,258,4.89E-05,4.71E-05,5.05E-05,6.24E-05,7.86E-05,9.31E-05,9.76E-05,9.45E-05,8.66E-05,8.21E-05,7.73E-05,8.01E-05,8.87E-05,0.000102112,0.000116315,0.00012883,0.000130918,0.000131607,0.00013521,0.000148127,0.000173774,0.000204987,0.000225103,0.00023279,0.000233214,0.000238989,0.000250028,0.000257647,0.000257322,0.000257631,0.000259068,0.000286707,0.000294201,0.000276124,0.000374691,0.000429859,0.000501026,0.000610586,0.000828267,0.001001424,0.001130816,0.001044738,0.000984859,0.000998532,0.000957501,0.000933896,0.00097039,0.001049775,0.000590193,0.000525192,0.000368747,0.000270547,0.000246364,0.000741336,0.000892303,0.001218789,0.001895204,0.002657347,0.003009083,0.003098352,0.003359623,0.00440559,0.00608057,0.00826175,0.008992669,0.006288245,0.005263507,0.004807308,0.005000809,0.006671872,0.008800796,0.010684909,0.014860094,0.013411687,0.011837779,0.010456773,0.009851678,0.011252637,0.013892804,0.016410701,0.018895293,0.018015876,0.017019257,0.016539786,0.018059203,0.020222476,0.024160797,0.023482202,0.023805788,0.022957161,0.026299527,0.023570895,0.076107457,0.080177285,0.044102579,0.019199902,0.039466899,0.057804469,0.036655851,0.016594559,0.008615321,0.006452945,0.011258096,0.017885027,0.023451401,0.024783395,0.022340622,0.008134441,0.003652324,0.00327401,0.002764846,0.002197335,0.001282673,0.000634729,0.001779996,0.003108176,0.004126268,0.00372424,0.001947598,0.00122404,0.001024275,0.001052149,0.001305717,0.001824767,0.002004845,0.001629244,0.001188715,0.000945725
Head 0,259,4.61E-05,4.55E-05,5.15E-05,6.25E-05,7.67E-05,9.04E-05,9.82E-05,9.48E-05,8.76E-05,7.87E-05,7.66E-05,7.99E-05,8.83E-05,9.98E-05,0.000115813,0.000125999,0.000130124,0.00013004,0.000132198,0.000146399,0.000170849,0.00019707,0.000215498,0.000221143,0.000224741,0.000232337,0.000241133,0.000246003,0.000249897,0.000247467,0.000262336,0.000273517,0.000266171,0.000383094,0.000414578,0.000410399,0.000436311,0.000564796,0.000740461,0.000967112,0.001007342,0.000996732,0.000999055,0.000928537,0.000888571,0.000911039,0.000879046,0.000636778,0.000647201,0.000486753,0.000337893,0.000262802,0.000870847,0.000765371,0.000797643,0.001139369,0.001826767,0.002528316,0.00289372,0.002908602,0.003283218,0.004093628,0.00583683,0.007501854,0.006165038,0.005986208,0.005336685,0.004665685,0.005175869,0.006415832,0.008823086,0.013295281,0.014040055,0.014074658,0.01232723,0.009994995,0.009470042,0.010467785,0.012821104,0.0165969,0.017454479,0.016775023,0.015451106,0.015902711,0.017576801,0.021611996,0.022029493,0.023137428,0.022110606,0.02552118,0.024390418,0.079549208,0.091729306,0.051257376,0.015776906,0.035494171,0.047196992,0.041708898,0.024500903,0.012486893,0.007121723,0.011945096,0.017168574,0.022358725,0.02599935,0.026619412,0.013005365,0.004674653,0.003490526,0.002782342,0.002327272,0.001490276,0.000763861,0.001681476,0.002739648,0.003959302,0.00428921,0.002635586,0.001695029,0.001198576,0.000920219,0.000922507,0.001375682,0.002128502,0.002495478,0.002072926,0.001393458,0.001176915
Head 0,260,4.50E-05,4.69E-05,5.23E-05,6.03E-05,7.45E-05,9.08E-05,9.87E-05,9.47E-05,8.50E-05,7.97E-05,7.85E-05,8.18E-05,8.74E-05,0.000100898,0.000116062,0.000127976,0.00013272,0.000130726,0.000135635,0.000149817,0.000171619,0.000196382,0.000212344,0.000220526,0.000225972,0.00023349,0.000240037,0.00025053,0.000252019,0.000257569,0.000261584,0.000260581,0.000390318,0.000450932,0.000416684,0.000380651,0.00042563,0.00053646,0.000754373,0.000912206,0.001018312,0.001079242,0.000995433,0.000930683,0.000936165,0.000736267,0.000632933,0.000718489,0.00061225,0.000453761,0.000337075,0.001217388,0.000909033,0.000705202,0.000766424,0.001127676,0.001758514,0.002457743,0.002723698,0.002912243,0.003112036,0.004034665,0.00550008,0.005105591,0.005956449,0.006070078,0.005181832,0.004884574,0.00500856,0.00646225,0.010851481,0.012481247,0.014689827,0.014585527,0.01170964,0.009575812,0.008731606,0.00969003,0.012806022,0.015051256,0.015986677,0.015037164,0.014735367,0.015452852,0.018647308,0.019563694,0.021792188,0.021358695,0.024211474,0.023474552,0.072845742,0.095521614,0.077969909,0.017167952,0.037427802,0.032708485,0.033426277,0.02756107,0.018296443,0.010410324,0.014669443,0.018986134,0.021971826,0.024862088,0.027496777,0.021471759,0.007390516,0.00447895,0.002945066,0.002284951,0.001544853,0.000890021,0.001712276,0.002482659,0.003434816,0.004017476,0.002977058,0.002257982,0.001654605,0.001076492,0.000792962,0.000937942,0.001549736,0.002554832,0.003069568,0.002367647,0.001701724,0.00138784
Head 0,261,4.56E-05,4.72E-05,4.88E-05,5.76E-05,7.37E-05,9.03E-05,9.61E-05,9.17E-05,8.64E-05,8.24E-05,8.15E-05,8.10E-05,8.82E-05,0.000101107,0.00011723,0.000130402,0.000133044,0.000134522,0.000140122,0.000150654,0.0001719,0.00019389,0.000210615,0.000219146,0.000225979,0.000230516,0.000244814,0.000255483,0.000263543,0.000258344,0.000254846,0.000361387,0.000470102,0.000460669,0.00039317,0.000377783,0.000412641,0.000548043,0.000718999,0.000918499,0.001102442,0.00107932,0.001008377,0.000985035,0.000627809,0.000600687,0.000719804,0.000682551,0.000573426,0.000459727,0.001624649,0.001265442,0.000846688,0.000687583,0.000769281,0.001097103,0.001716802,0.00229765,0.002711374,0.002717942,0.0030693,0.003859009,0.003898111,0.00495646,0.006018187,0.005843284,0.005392816,0.004712545,0.005054639,0.009095562,0.010195016,0.01303634,0.015172605,0.013769149,0.011116636,0.008729118,0.008107825,0.009563508,0.011543863,0.013644719,0.014115144,0.014093434,0.014218696,0.01627731,0.016806722,0.019441299,0.020194892,0.022964086,0.021961348,0.062552646,0.08832103,0.114108875,0.023231817,0.045435466,0.025345927,0.022326607,0.021283621,0.019500325,0.014486667,0.017818134,0.023373051,0.024087291,0.023955204,0.025515959,0.027232321,0.011438267,0.006543586,0.003531165,0.002241739,0.001389513,0.00086454,0.001772559,0.002373641,0.002961934,0.003322227,0.002700279,0.002410863,0.002082923,0.001431507,0.000895115,0.000766909,0.001001124,0.001760635,0.002960556,0.003271634,0.002714487,0.001911876,0.001584792
Head 0,262,4.64E-05,4.41E-05,4.67E-05,5.66E-05,7.31E-05,8.76E-05,9.29E-05,9.25E-05,8.91E-05,8.61E-05,8.14E-05,8.21E-05,8.84E-05,0.000102199,0.00011974,0.000131675,0.000137882,0.000141562,0.000141476,0.000153662,0.000173351,0.000195804,0.000211383,0.000221207,0.000223291,0.000235316,0.000251195,0.000270159,0.000262983,0.000254047,0.000309556,0.000428955,0.000479133,0.000435379,0.000396916,0.000374063,0.000426407,0.000537227,0.000735784,0.001010868,0.00113002,0.001123126,0.001094134,0.000575666,0.000570807,0.000682497,0.00067796,0.000630006,0.000574517,0.001819041,0.001650867,0.001158218,0.000818235,0.000683069,0.000747875,0.001072254,0.001617416,0.002270629,0.002484941,0.002671768,0.002948396,0.003069306,0.003716941,0.004931939,0.005706192,0.005957597,0.005138507,0.004725511,0.008200594,0.008403219,0.010444758,0.013277337,0.014175211,0.012901763,0.010009886,0.008070814,0.007917817,0.008638735,0.010404297,0.011874396,0.012916099,0.013336364,0.014707048,0.014396428,0.016436717,0.018088017,0.021470388,0.020587949,0.053901274,0.074992031,0.134072512,0.032827482,0.057516128,0.02780511,0.017760618,0.014545306,0.015162353,0.015522802,0.018830694,0.029019307,0.030161591,0.026603041,0.024893928,0.026690735,0.015135081,0.010192451,0.005272438,0.002729526,0.001357317,0.000780031,0.001819586,0.002398339,0.002776497,0.002865074,0.002293301,0.002197467,0.002199492,0.001836376,0.001240183,0.000897207,0.000837561,0.001159916,0.002077796,0.003157401,0.003731105,0.003005581,0.002189606,0.001712338
Head 0,263,4.47E-05,4.28E-05,4.64E-05,5.73E-05,7.42E-05,8.72E-05,9.41E-05,9.55E-05,9.34E-05,8.74E-05,8.35E-05,8.27E-05,9.01E-05,0.000104899,0.000122014,0.000136652,0.000145348,0.000141208,0.000144129,0.000155384,0.000176335,0.000197963,0.000214859,0.000219423,0.000227844,0.000241799,0.000270508,0.000271138,0.000259796,0.000273793,0.000359975,0.000440094,0.00045633,0.000445671,0.000396368,0.000388866,0.000425217,0.000555128,0.000811231,0.001048215,0.001179519,0.001224227,0.000548788,0.000547004,0.000648051,0.000645365,0.000625463,0.000636436,0.00183469,0.001873298,0.001526056,0.001139882,0.000820504,0.000676476,0.000750314,0.001054091,0.001634747,0.002112086,0.002485218,0.002583739,0.002785834,0.002987285,0.003790476,0.004826841,0.005946387,0.005842997,0.005311238,0.008202324,0.007814764,0.008835797,0.010924437,0.012770953,0.013638468,0.011921253,0.009486454,0.008092388,0.007425045,0.008072834,0.009364508,0.011151433,0.012492961,0.014073587,0.013241912,0.014351106,0.015957683,0.019951386,0.019951509,0.052441087,0.067654997,0.12147548,0.03950116,0.067155451,0.039387364,0.019507188,0.011622502,0.0103765,0.012025075,0.016789721,0.031597454,0.038350601,0.033892471,0.028218104,0.021912819,0.015058504,0.013413575,0.008252981,0.0040885,0.001650697,0.000757709,0.001919348,0.002507592,0.002788421,0.002691488,0.001989292,0.001839883,0.001900552,0.0018767,0.001591875,0.001263786,0.000994984,0.000985274,0.001399828,0.00225567,0.003661913,0.004144788,0.003462231,0.002381834,0.001847453
Head 0,264,4.51E-05,4.39E-05,4.84E-05,6.22E-05,7.78E-05,9.08E-05,0.000100218,0.000102659,9.88E-05,9.35E-05,8.73E-05,8.77E-05,9.58E-05,0.000110697,0.000130672,0.000147668,0.000149452,0.000148199,0.000150131,0.00016339,0.000184291,0.000207272,0.000220105,0.000229929,0.000239566,0.000269816,0.000282561,0.000276547,0.000283908,0.000322704,0.000383059,0.000436221,0.000482816,0.000457337,0.000426326,0.000401606,0.000454635,0.000622472,0.000858222,0.001100688,0.001299227,0.000492586,0.000521987,0.000623938,0.000615553,0.000597015,0.000641864,0.00189712,0.001953633,0.001780381,0.001556875,0.00117149,0.000833654,0.00069938,0.000765148,0.001093457,0.001554532,0.002156598,0.002430087,0.002785978,0.002712699,0.003045001,0.003748074,0.00505016,0.005893994,0.006127748,0.008423947,0.008048296,0.008492145,0.009545023,0.010860351,0.012668563,0.012929949,0.011547096,0.009710075,0.007759307,0.007083723,0.007406239,0.008939773,0.010879441,0.013275859,0.012786129,0.013321312,0.01423347,0.01803102,0.01899812,0.05402004,0.065144718,0.096170053,0.038639944,0.065551043,0.058085542,0.027868368,0.012996411,0.008493948,0.008357598,0.013519803,0.027831785,0.041764144,0.043367103,0.036617462,0.020005012,0.012791882,0.013691535,0.011089814,0.00653371,0.002564607,0.000949296,0.002223465,0.002801448,0.003023428,0.00281983,0.001940218,0.001672758,0.001607584,0.001621971,0.001648716,0.001667619,0.001456241,0.00121426,0.00123572,0.001579864,0.002696737,0.004140354,0.004833269,0.00380468,0.002636816,0.002158663
Head 0,265,4.81E-05,4.73E-05,5.57E-05,6.90E-05,8.38E-05,0.000100272,0.000110068,0.000111349,0.000108825,0.000100941,9.56E-05,9.61E-05,0.000103238,0.000121444,0.00014296,0.000156506,0.000159782,0.00015732,0.000161848,0.000175911,0.000199304,0.000220603,0.000237814,0.00024615,0.000269858,0.000289796,0.000295046,0.000340639,0.000335677,0.000349836,0.000392469,0.000469821,0.000503791,0.000502317,0.000447393,0.000440149,0.000517614,0.000672667,0.000917069,0.001240617,0.000416251,0.00050774,0.000621748,0.000613198,0.000589212,0.000635848,0.00214006,0.002052388,0.001875638,0.001857732,0.001629364,0.001207532,0.000878009,0.000723643,0.000812435,0.001062725,0.001613713,0.002129129,0.002892801,0.002765642,0.002794121,0.003060204,0.003977901,0.005076027,0.006257955,0.008181813,0.008359906,0.008925829,0.009338898,0.009659303,0.010997131,0.012244836,0.01278942,0.011951141,0.00939691,0.007472174,0.00657885,0.007194479,0.008805502,0.011593957,0.012120522,0.012905004,0.013203647,0.016131358,0.017346822,0.054866787,0.065039642,0.07854069,0.032760337,0.054163352,0.070115171,0.040483061,0.018783871,0.009760699,0.007036885,0.012052857,0.02224943,0.036972702,0.047274541,0.046533018,0.023560796,0.011738461,0.012065644,0.01170132,0.009062679,0.004297059,0.00152812,0.002847969,0.003366548,0.003450027,0.003108157,0.002051973,0.001698285,0.001507813,0.001381699,0.00143159,0.001753096,0.002003018,0.0018569,0.001581372,0.001457491,0.00196366,0.003171433,0.004982373,0.005379972,0.004256359,0.003120353,0.002559525
Head 0,266,9.91E-05,9.48E-05,9.55E-05,9.92E-05,0.000106741,0.000112054,0.000106675,0.000100759,9.21E-05,8.27E-05,7.55E-05,7.26E-05,8.09E-05,0.000100608,0.000127735,0.000154207,0.000164815,0.000162396,0.000157208,0.000163416,0.000178677,0.000203274,0.000220414,0.00023247,0.00023666,0.000229219,0.000421491,0.000327008,0.000229422,0.000184285,0.000189058,0.000229756,0.000298225,0.000347631,0.00037303,0.000381665,0.000397421,0.00046782,0.000624257,0.000920669,0.000378994,0.000478959,0.000523143,0.00051653,0.000527814,0.001546778,0.001307339,0.001053652,0.001069114,0.001169707,0.00118545,0.001059191,0.000824851,0.000723555,0.000790023,0.001208926,0.002106803,0.003152594,0.003356301,0.003231162,0.002927492,0.003083788,0.003514135,0.004658522,0.005903658,0.006160666,0.006565602,0.006107719,0.004963371,0.00440986,0.004526001,0.005536192,0.007108672,0.007704449,0.0070422,0.005800093,0.005417772,0.005909522,0.008047452,0.009248817,0.011090962,0.011128196,0.012359101,0.011714562,0.035061654,0.045629364,0.106683485,0.026990019,0.023530459,0.074655406,0.05606043,0.03184554,0.015290414,0.007535894,0.010486352,0.015208513,0.023347775,0.038081821,0.058375917,0.057838988,0.019926803,0.013676811,0.011069995,0.010388771,0.007452397,0.003708565,0.003354639,0.004469403,0.004823077,0.004203437,0.002406425,0.001790615,0.001501434,0.001137931,0.000974661,0.001253244,0.002151817,0.003574422,0.004298957,0.003565371,0.003144785,0.003533268,0.005764612,0.009448619,0.012772184,0.012718628,0.009595372,0.014590688
Head 0,267,6.58E-05,6.85E-05,7.60E-05,9.32E-05,0.000114383,0.000129869,0.000142661,0.000147846,0.000144916,0.000137106,0.000124961,0.000125784,0.000136827,0.000154518,0.000177018,0.000192597,0.000198538,0.000199104,0.000207671,0.000224769,0.00025332,0.000276637,0.000294786,0.000308313,0.000326787,0.000526799,0.000541688,0.000475917,0.000426618,0.000442203,0.000501972,0.000602146,0.000646223,0.00064823,0.000633337,0.000608818,0.000672958,0.000895412,0.000291622,0.000509616,0.000641093,0.000629255,0.000603194,0.000631649,0.003008723,0.002732421,0.002188031,0.002075777,0.002097414,0.002053572,0.001842571,0.001352039,0.00101395,0.000792732,0.000856378,0.001127951,0.002865543,0.002928521,0.002976876,0.002848648,0.002972074,0.003235423,0.004123975,0.006202504,0.007042614,0.008775993,0.010068701,0.009780853,0.009472089,0.009436177,0.010637552,0.012306202,0.012569308,0.010980352,0.008355456,0.006822252,0.00641207,0.007608802,0.008742815,0.010963601,0.012108502,0.014132697,0.014247391,0.048522953,0.062263131,0.071439289,0.024404835,0.035156716,0.051717717,0.044076145,0.032727256,0.021359751,0.012954722,0.018334612,0.0220803,0.026145972,0.033526257,0.04381533,0.047419209,0.019906245,0.013782494,0.010360761,0.009134606,0.006760142,0.003809399,0.004824683,0.005854184,0.005626708,0.004443401,0.002623238,0.002063862,0.001837,0.001484443,0.001216012,0.001294541,0.00182377,0.002770458,0.003416904,0.002952289,0.002426287,0.002250308,0.002956019,0.004387277,0.00616145,0.00698439,0.005873483,0.007838415,0.004183813
Head 0,268,8.77E-05,8.94E-05,0.000102084,0.000123245,0.000142658,0.000161756,0.000176211,0.000184114,0.000183063,0.000167675,0.000159305,0.0001606,0.000166116,0.00018818,0.000215529,0.000236908,0.000245297,0.000251627,0.000261971,0.000289375,0.000322111,0.000351071,0.00036083,0.000376116,0.000604788,0.000705747,0.000669142,0.000582202,0.0005449,0.000557694,0.000644396,0.000746848,0.00084064,0.00088276,0.000816536,0.000794734,0.0009166,0.000308338,0.000559306,0.000716838,0.000713537,0.000692546,0.000729091,0.003579626,0.003398402,0.002697108,0.002364685,0.002180819,0.002155464,0.002214809,0.001926655,0.001526538,0.00106089,0.000894513,0.000934759,0.002974885,0.003023409,0.003223442,0.003234889,0.003289529,0.003228441,0.003591231,0.005820738,0.006423098,0.00809137,0.009998381,0.010466341,0.010202334,0.009483319,0.009760581,0.010946346,0.012148556,0.012252672,0.010384372,0.008400765,0.007039971,0.007198925,0.007580437,0.009531078,0.011237034,0.013666766,0.013650138,0.044922203,0.057912,0.064400151,0.021824189,0.033495262,0.038180858,0.032421451,0.027808338,0.023608778,0.018557478,0.025218304,0.030483119,0.029746071,0.030810688,0.03684216,0.047641814,0.026151054,0.018533049,0.011794572,0.008617746,0.006138134,0.004129023,0.005393584,0.007117598,0.007100244,0.005417588,0.002998133,0.00220885,0.001972671,0.001678912,0.001350754,0.001238359,0.001470457,0.002252847,0.003478175,0.003985306,0.003671298,0.002905815,0.002812463,0.003373689,0.004854682,0.006999356,0.007634228,0.011022573,0.005685032,0.004328045
Head 0,269,0.000110661,0.000116665,0.000133736,0.00015461,0.000177491,0.000197208,0.000216125,0.000228339,0.000221477,0.000210159,0.000201814,0.000188862,0.000198927,0.000225484,0.000259122,0.000284719,0.00029746,0.000302433,0.000321123,0.000354707,0.000400716,0.000419969,0.000433969,0.000611503,0.000773244,0.000831384,0.000773837,0.000707364,0.000650711,0.000671997,0.000759152,0.000916948,0.001079013,0.001071363,0.000997313,0.001000786,0.000353833,0.000591628,0.000770987,0.000780737,0.000761417,0.000813061,0.004102218,0.004059737,0.003421666,0.002991241,0.002507649,0.00225152,0.002317981,0.002298492,0.002118859,0.001560845,0.001169071,0.000947526,0.003050842,0.002967885,0.003155039,0.003346344,0.003571035,0.003488445,0.003527065,0.005709797,0.006059808,0.007281114,0.009143138,0.010343677,0.010878075,0.01022092,0.009812748,0.010034114,0.010903746,0.011922112,0.01162455,0.010363826,0.008563339,0.007804139,0.00710466,0.008163513,0.009771938,0.012714013,0.013277994,0.042020898,0.052768681,0.052842133,0.019777274,0.034242768,0.032908294,0.025657596,0.021029273,0.019760545,0.020117238,0.027553445,0.040286876,0.038490426,0.033283599,0.032902781,0.036147937,0.027320633,0.02433572,0.015720677,0.009700062,0.005737146,0.003777325,0.005524386,0.008055333,0.008903532,0.007138493,0.003824563,0.002556208,0.002120347,0.001887912,0.001653565,0.001479669,0.001456175,0.001843222,0.002857321,0.004123785,0.005066972,0.004474227,0.003691691,0.003296232,0.003854598,0.005798961,0.008039499,0.011937881,0.008422602,0.005914835,0.004573899
Head 0,270,0.000133981,0.000142773,0.000160149,0.000183256,0.000204148,0.000229337,0.000253976,0.000264292,0.000263213,0.000252512,0.000224557,0.000215282,0.000226573,0.000257206,0.000296917,0.000326036,0.000336796,0.000346232,0.000366006,0.000413137,0.00044904,0.000471746,0.000570137,0.000706572,0.000827026,0.000867089,0.00085456,0.000767828,0.000716333,0.000724457,0.000846201,0.001059744,0.001193854,0.001192278,0.001144268,0.000412831,0.0005958,0.000791898,0.000833106,0.00081837,0.000875653,0.004644311,0.004470572,0.003944068,0.003671517,0.00305843,0.002514452,0.002349059,0.002332442,0.002421511,0.002098591,0.001675228,0.001191673,0.002997073,0.002862932,0.002906697,0.003079595,0.003431727,0.003572094,0.003632013,0.00556656,0.005877143,0.006692959,0.008037123,0.009276745,0.010572639,0.010775887,0.010555024,0.010115121,0.010084515,0.010753677,0.011348452,0.011580715,0.010472413,0.009383941,0.007478904,0.007345207,0.008099733,0.010807564,0.012213021,0.038283724,0.046854027,0.041438609,0.01743634,0.034130812,0.031810019,0.024157392,0.01769791,0.01528561,0.016747441,0.022787783,0.043213379,0.049465377,0.042126257,0.035105973,0.025000738,0.021704387,0.025956742,0.021236356,0.013355453,0.006646883,0.003575424,0.005531172,0.008282804,0.010090573,0.009205106,0.00527458,0.003370736,0.002452599,0.002070189,0.001957314,0.001957213,0.001870048,0.001926544,0.002445106,0.003541272,0.005463236,0.006434647,0.005927641,0.004521756,0.003911893,0.004796118,0.006955252,0.010049436,0.011692946,0.008925717,0.006381487,0.00524145
Head 0,271,0.000160216,0.000169845,0.000189678,0.000209303,0.000235481,0.000265949,0.000287415,0.000305233,0.000305099,0.000278402,0.000252526,0.000241962,0.00025514,0.000292482,0.000335508,0.000364732,0.000378548,0.000382983,0.000411068,0.000453715,0.000493808,0.000586966,0.000657453,0.000754231,0.000849078,0.00092755,0.000896825,0.000824543,0.00074927,0.000779841,0.000929508,0.0011315,0.001288133,0.001341821,0.000510974,0.000561582,0.000747144,0.000835203,0.000853827,0.000922891,0.005577582,0.005005857,0.004301483,0.004208825,0.003760019,0.003088582,0.002622845,0.002324023,0.002377025,0.002321872,0.002175527,0.001645403,0.002750501,0.002742391,0.002697448,0.002722153,0.002989627,0.003270045,0.003585536,0.00512834,0.005637781,0.006382304,0.007241108,0.007970323,0.009199515,0.010126888,0.010859782,0.010644039,0.009977827,0.009764264,0.010061314,0.011112671,0.011436023,0.011214091,0.008649662,0.007500959,0.007145594,0.008853256,0.010372733,0.034287147,0.041635379,0.036196508,0.014900763,0.031666134,0.029395252,0.024685135,0.017837258,0.013588973,0.0131404,0.016632592,0.036046747,0.053157106,0.053838462,0.044164408,0.020948026,0.015523038,0.020869436,0.022897271,0.01822101,0.009321509,0.004158247,0.005861575,0.008125328,0.009966232,0.010246201,0.006765202,0.00463212,0.003106,0.00226408,0.002035881,0.002268055,0.002499667,0.002491369,0.00255095,0.003016582,0.004608764,0.006866626,0.008549781,0.007348242,0.005460049,0.004979854,0.005948637,0.007712907,0.013151245,0.012425008,0.009585524,0.007217221,0.005343424
Head 0,272,0.00017088,0.000182655,0.000198288,0.000221728,0.000251958,0.000273362,0.000303844,0.000319028,0.000312758,0.000286999,0.000260418,0.00025015,0.000267243,0.000305585,0.000348842,0.000382399,0.000387611,0.000391261,0.000417491,0.000461943,0.000615482,0.000634278,0.000668297,0.000735675,0.000844093,0.000909485,0.000906195,0.000809878,0.000755665,0.000789028,0.000917168,0.001128025,0.001345358,0.000573077,0.000515872,0.000647661,0.000743792,0.000812056,0.000915025,0.006381472,0.005756787,0.004669605,0.004469196,0.004233581,0.003772919,0.003237699,0.002594432,0.002387951,0.002291318,0.002380915,0.002108377,0.002414894,0.002577405,0.002631003,0.002588978,0.002687811,0.00286405,0.00327596,0.004530027,0.005156276,0.006111317,0.006908119,0.007234144,0.007946655,0.008833557,0.010315474,0.011005574,0.010632395,0.009861974,0.009350644,0.010088719,0.011123575,0.01231429,0.010237036,0.00870504,0.007337181,0.007780996,0.008482161,0.030269004,0.037019368,0.037394866,0.013926798,0.02829377,0.024391439,0.022976458,0.018877836,0.014574246,0.012291636,0.01343104,0.026974777,0.045824587,0.058842305,0.056487098,0.024387972,0.01300314,0.014809093,0.018281894,0.019519927,0.012833347,0.005892675,0.007092117,0.008898572,0.00983216,0.010056587,0.007473931,0.005995716,0.004297304,0.002804208,0.00211986,0.002227867,0.002801368,0.003213522,0.003172341,0.003046338,0.00374044,0.005503261,0.008696268,0.010108225,0.008532423,0.006729865,0.006063537,0.006400392,0.011784029,0.013888733,0.013269028,0.010810091,0.007263439,0.00533511
Head 0,273,0.000187063,0.000197005,0.000217325,0.000247162,0.000264421,0.000298749,0.000325189,0.000335786,0.000326113,0.000299691,0.000272153,0.000264017,0.000283369,0.000323014,0.000374928,0.000402506,0.000401845,0.000404076,0.00043739,0.000685336,0.000709815,0.000706444,0.000719024,0.000793897,0.000900772,0.000991196,0.000963148,0.000885366,0.000825355,0.000835544,0.000978679,0.00124764,0.000676886,0.000496295,0.000554005,0.000604554,0.00068997,0.000831228,0.006246668,0.00651212,0.005378394,0.004871599,0.004497248,0.00426875,0.004020738,0.003260186,0.002768786,0.002377958,0.002372012,0.002321045,0.002294697,0.002452604,0.002686916,0.002774577,0.002825814,0.002812588,0.00306848,0.004026982,0.004541556,0.00563175,0.006716057,0.007100315,0.007423733,0.007837792,0.009152163,0.010426395,0.011023322,0.010562951,0.009498907,0.009416087,0.010063848,0.011848402,0.011113054,0.010428845,0.008774759,0.00814511,0.007593106,0.029596249,0.035453506,0.044151042,0.013724706,0.027029539,0.018719258,0.017709162,0.016744031,0.015451619,0.013635161,0.014434109,0.023164187,0.036384948,0.052488234,0.062050067,0.034250446,0.014682603,0.012020359,0.012531368,0.014922188,0.013186378,0.007902672,0.008930311,0.011044002,0.010751903,0.009570302,0.006985834,0.006330026,0.005484295,0.003751562,0.002459557,0.002088378,0.002479612,0.003246653,0.003692971,0.003458987,0.003448763,0.004047221,0.006287429,0.009235932,0.010577275,0.009536039,0.007532875,0.006515086,0.009641264,0.012155625,0.014379947,0.014561505,0.010427588,0.006866783,0.004187132
Head 0,274,0.000192998,0.000205545,0.000230392,0.000246766,0.000281516,0.000315936,0.000332012,0.000342292,0.000333167,0.000304184,0.000276862,0.000271086,0.000290388,0.000339295,0.000391201,0.000417177,0.000408526,0.000417541,0.000678904,0.000733161,0.00073085,0.000700009,0.00071724,0.000790839,0.000908642,0.000989073,0.000990626,0.000915927,0.000824238,0.000837499,0.000993947,0.000653828,0.00058913,0.000573147,0.000539546,0.00058341,0.000723684,0.004835086,0.006197202,0.005990235,0.005566823,0.004810306,0.004393965,0.004341583,0.003825795,0.003349724,0.002707593,0.002450836,0.002332392,0.00226382,0.002153154,0.002347374,0.002594064,0.002794441,0.002778391,0.00283209,0.003751239,0.004017498,0.004882529,0.006011215,0.006660463,0.007026809,0.00715381,0.007949239,0.009017503,0.010301408,0.010765991,0.010019198,0.009490889,0.009391029,0.010725818,0.010727383,0.011252976,0.010556404,0.009637051,0.007764865,0.028718358,0.031914745,0.042964458,0.014233021,0.024547802,0.01780726,0.014424239,0.013018785,0.013616386,0.014523407,0.016136011,0.02246576,0.029899763,0.041630127,0.056083973,0.047494128,0.020987872,0.013785608,0.010442868,0.010557341,0.010253475,0.008269798,0.00968047,0.014081733,0.014008524,0.010893118,0.006952036,0.00607753,0.006035503,0.005019085,0.003504949,0.002564276,0.00246468,0.003055114,0.003951503,0.00425305,0.004193334,0.00402185,0.00503802,0.00733732,0.010527449,0.012635726,0.011213095,0.007931349,0.0096971,0.010566507,0.013223888,0.016640553,0.014717164,0.010276028,0.005621104,0.004303943
Head 0,275,0.000202234,0.000219146,0.000233745,0.000267847,0.000308939,0.000318255,0.000337439,0.00034774,0.00033496,0.00030561,0.000279962,0.000272815,0.000297746,0.000348548,0.000407361,0.000417296,0.000416363,0.000613839,0.000702143,0.000749642,0.00073054,0.000719429,0.000737683,0.000812626,0.000927669,0.001039332,0.001055482,0.000944073,0.000848443,0.000860103,0.000680194,0.000705091,0.000640618,0.000518621,0.000487359,0.000573302,0.003147236,0.004558281,0.005524745,0.006057781,0.00530433,0.0045025,0.004277771,0.003995358,0.00383713,0.003247725,0.002764236,0.002350472,0.002789214,0.002265122,0.002201781,0.002434318,0.002835559,0.003045111,0.003065747,0.003571484,0.003730144,0.004264019,0.005142847,0.005939717,0.006665803,0.006981933,0.007390649,0.007997453,0.009106274,0.010134537,0.010248,0.009978392,0.009379349,0.009894834,0.009597486,0.010639848,0.011481766,0.011790135,0.009345395,0.033917099,0.03449811,0.03736262,0.012081279,0.02427258,0.018874679,0.01369355,0.010038218,0.009934656,0.012306873,0.019834965,0.026930301,0.030570269,0.036001898,0.046347197,0.047206085,0.027385892,0.018880254,0.011526988,0.008521385,0.006958254,0.006108203,0.0088175,0.015303824,0.017791513,0.013816389,0.007557041,0.0055396,0.005328585,0.005218497,0.004548829,0.00353185,0.002832597,0.002808113,0.003418701,0.004152633,0.004806175,0.004547732,0.004588083,0.005378635,0.007607233,0.011401238,0.013450837,0.009507152,0.011597909,0.00998915,0.010913913,0.014716671,0.016150132,0.013869823,0.007950386,0.005454649,0.003006533
Head 0,276,0.000202534,0.00021026,0.000238393,0.000280139,0.000289773,0.000312303,0.000333982,0.000341601,0.000328609,0.00029838,0.00027154,0.000267363,0.00029348,0.000356386,0.000402474,0.000420009,0.000537571,0.000621428,0.000686333,0.000692886,0.000680351,0.000660719,0.000677275,0.000746693,0.000884101,0.001004755,0.000996819,0.00088616,0.000790438,0.000555675,0.000862499,0.00081095,0.000619637,0.000498599,0.000508029,0.002345166,0.003090764,0.004175527,0.005641742,0.00578827,0.004984185,0.004394045,0.003885574,0.003848996,0.003544145,0.003158427,0.002544834,0.003123098,0.002421245,0.002002813,0.001936766,0.002189105,0.002543611,0.002802522,0.003064208,0.003396415,0.003813287,0.004338599,0.004841889,0.005557951,0.00611777,0.006595879,0.007005569,0.007670015,0.008565288,0.009266802,0.009819917,0.009503807,0.009611527,0.00854201,0.009031351,0.010319549,0.012327667,0.011012224,0.035733871,0.035708874,0.028470933,0.009073555,0.020411205,0.021081081,0.016845256,0.010533643,0.008296983,0.009224871,0.018492075,0.027671114,0.031386923,0.03333132,0.038421374,0.041938927,0.030439576,0.026660442,0.016689261,0.009857838,0.005880825,0.004229169,0.006924154,0.012937853,0.018887803,0.018043244,0.010205421,0.006493927,0.00507074,0.004704718,0.004802064,0.00471954,0.00404758,0.003478897,0.003525027,0.004077193,0.00531528,0.005816279,0.005730112,0.005538174,0.006475898,0.009689475,0.014213721,0.0109828,0.017688122,0.01319318,0.011318574,0.013197263,0.015411481,0.016471686,0.01160265,0.008487527,0.004134745,0.003045025
Head 0,277,0.000211673,0.000232427,0.000270772,0.000283401,0.000306678,0.000330212,0.000349857,0.000358597,0.000342662,0.000311055,0.000284355,0.000277936,0.000313185,0.00037229,0.00042364,0.000498788,0.000587944,0.000665447,0.000710319,0.000730813,0.000717831,0.000704748,0.00071209,0.000806296,0.000948915,0.001063837,0.001056092,0.000951935,0.000553146,0.000921263,0.000940838,0.000769178,0.000584799,0.000518474,0.002175241,0.00232519,0.002900464,0.004341413,0.005522246,0.005581071,0.005055121,0.004159827,0.003944013,0.00377769,0.00366488,0.003067776,0.003407575,0.00299775,0.002373179,0.001981764,0.001964061,0.002212346,0.002632529,0.002503478,0.003024345,0.003565675,0.003971993,0.004198578,0.004681461,0.005289687,0.005996466,0.006592531,0.006951205,0.007445035,0.008091356,0.009179644,0.009664466,0.010147138,0.008489398,0.008229448,0.00884608,0.011203184,0.011691678,0.036672156,0.039468244,0.025304817,0.006396557,0.018127302,0.017374936,0.018295597,0.012419096,0.008585993,0.007554336,0.016652508,0.026389273,0.032559402,0.034434106,0.035578102,0.033414353,0.025836358,0.02868396,0.022888463,0.014105462,0.007015779,0.003717391,0.006429871,0.01027808,0.015885275,0.019034492,0.013159026,0.00882257,0.005897454,0.004410249,0.004224676,0.004918903,0.00528963,0.004779646,0.004128116,0.003941013,0.004828133,0.005968452,0.006752478,0.006383312,0.006167337,0.007581692,0.011034774,0.010410827,0.022404902,0.018656649,0.014281524,0.013329329,0.013477008,0.015122076,0.012992417,0.011836654,0.006232391,0.004092846,0.002815537
Head 0,278,0.000229192,0.000257919,0.00027307,0.000298403,0.000322062,0.000344198,0.000365173,0.000372612,0.000356613,0.000326616,0.000294344,0.000290081,0.000328322,0.000390529,0.00045348,0.000552444,0.000627885,0.000685342,0.000733132,0.000759909,0.000762447,0.000734759,0.000766199,0.000855211,0.0009981,0.001125425,0.001148718,0.000621434,0.000931042,0.000998667,0.000915203,0.000736342,0.000616848,0.002421066,0.002225878,0.002274966,0.003112573,0.004401789,0.005454962,0.005754053,0.004772646,0.004248172,0.003868748,0.003890439,0.003560484,0.003128888,0.00337652,0.003011434,0.002414296,0.002072128,0.002022487,0.002350529,0.002062287,0.002560549,0.003268633,0.0038179,0.00396839,0.004179945,0.004569632,0.005338415,0.006231943,0.006695493,0.00700533,0.007323589,0.008334002,0.009370982,0.010726873,0.009184103,0.008579963,0.008336537,0.009919562,0.011048228,0.035295203,0.042756859,0.02895234,0.00582052,0.017909875,0.011793531,0.01547079,0.013679942,0.010448104,0.00790928,0.015873116,0.023808695,0.031227782,0.035553645,0.0363505,0.029485233,0.020955862,0.024350811,0.024323143,0.018860972,0.010064089,0.004572586,0.007742527,0.009527822,0.012469104,0.015790133,0.013528801,0.011308747,0.008010686,0.005063457,0.003863309,0.004278603,0.005538522,0.006222893,0.005585199,0.004621294,0.004643623,0.005444657,0.006939182,0.007455318,0.007009223,0.00711309,0.008541361,0.009102236,0.02105868,0.022561125,0.01891686,0.015759615,0.012906096,0.012634567,0.011354169,0.012726803,0.008313957,0.005956607,0.003652705,0.00254004
Head 0,279,0.00024805,0.000256905,0.000282009,0.000307973,0.000330299,0.000351113,0.000372669,0.00037913,0.000368564,0.000332693,0.000296567,0.000296696,0.000338626,0.000397191,0.000507354,0.000588994,0.000642862,0.000690325,0.000742047,0.000779614,0.000769018,0.000767487,0.000789869,0.000867308,0.001017555,0.001171266,0.000744131,0.000937205,0.000969669,0.000954774,0.000863364,0.000761094,0.002532445,0.002406734,0.002127968,0.00237445,0.003099849,0.00426849,0.005508282,0.005289159,0.004806466,0.004052075,0.003855005,0.003661851,0.002467317,0.003029249,0.0033177,0.00298918,0.00246391,0.002037215,0.00204567,0.001811598,0.00206434,0.002705493,0.003428249,0.003771362,0.003885838,0.003982708,0.004495199,0.005363593,0.006094359,0.00659189,0.006766681,0.007388616,0.00832778,0.010130112,0.009354426,0.009127855,0.008544414,0.009146078,0.009612418,0.030439809,0.039975777,0.035672933,0.007245252,0.019507352,0.008305345,0.010504145,0.011748624,0.011974597,0.01010086,0.016638711,0.022277234,0.028278889,0.033830799,0.036654901,0.029576529,0.019715931,0.020490037,0.021412756,0.020313935,0.013481048,0.006771221,0.010992862,0.011502046,0.011552988,0.012365307,0.011205113,0.011679726,0.010561718,0.006967352,0.004374708,0.003799368,0.004718916,0.006373954,0.007098653,0.006256867,0.005471873,0.005308147,0.006469812,0.007788559,0.008262571,0.008186202,0.008222125,0.008737287,0.017049724,0.022571689,0.023671271,0.021321628,0.01562795,0.012475978,0.009848525,0.011653866,0.009302202,0.008421542,0.005519503,0.00340701,0.0022678
Head 0,280,0.000232155,0.00025068,0.000277151,0.000301862,0.000320509,0.000343828,0.000362805,0.000377151,0.000364757,0.000324417,0.000288988,0.000294789,0.000321317,0.00041973,0.000513968,0.000574427,0.000618847,0.00066466,0.000711607,0.00073839,0.000749764,0.000745366,0.00074907,0.000832806,0.000992656,0.000876125,0.001033775,0.000970493,0.000924558,0.000899405,0.000879778,0.002170233,0.002487334,0.0022814,0.002199252,0.002351493,0.0029893,0.004251402,0.005001802,0.00524865,0.004467304,0.003940174,0.003521526,0.001985071,0.002320419,0.002927156,0.003238854,0.003008292,0.002365794,0.001998997,0.001865347,0.001785998,0.002141423,0.002792877,0.003376252,0.003686489,0.003701797,0.003906067,0.004443794,0.005198809,0.005962214,0.006345043,0.006785348,0.007392364,0.009017557,0.008876925,0.009358238,0.009256822,0.009425712,0.00880783,0.026636401,0.034224391,0.037858546,0.010695888,0.022470789,0.007934086,0.007383974,0.008064072,0.010404589,0.011982736,0.017748374,0.022597531,0.026577797,0.031046515,0.035025962,0.028479202,0.020485794,0.019419523,0.018500894,0.01832846,0.01439761,0.009107347,0.0149099,0.016464176,0.013865571,0.011228547,0.008679135,0.009455964,0.011001959,0.009392959,0.006124061,0.004296507,0.004158025,0.00537072,0.007153479,0.007847895,0.0073477,0.006225774,0.006397185,0.00743996,0.008770178,0.009702443,0.009416754,0.008928802,0.013809993,0.019001944,0.024278563,0.026805166,0.02094432,0.014836759,0.009583919,0.010025045,0.00843407,0.009615603,0.007886129,0.005239505,0.00305503,0.002098639
Head 0,281,0.000234478,0.000255149,0.000281456,0.000302526,0.000324693,0.000345626,0.000370724,0.000387609,0.000375949,0.000326008,0.000297939,0.000275586,0.000338956,0.000430837,0.000511542,0.000579383,0.000625881,0.000668234,0.000715952,0.000764923,0.00078353,0.000754831,0.000764097,0.000847768,0.001061641,0.001256657,0.001109032,0.000956809,0.00089691,0.000922923,0.001623404,0.00215413,0.002359326,0.002368596,0.0022153,0.002335395,0.003056159,0.004032429,0.005117715,0.005066631,0.004559074,0.003724901,0.001968293,0.001904691,0.002300537,0.002904669,0.003314682,0.002979483,0.002411605,0.002265244,0.001874443,0.001883911,0.002235882,0.002785552,0.003340889,0.003580053,0.003684854,0.003912283,0.00441115,0.005157023,0.005823452,0.006423267,0.006873672,0.00806965,0.007996771,0.008809097,0.009655626,0.010458888,0.009215979,0.02666804,0.030857351,0.030599054,0.013305153,0.025125662,0.01044621,0.006841727,0.005507848,0.006732663,0.009942465,0.017069923,0.023279894,0.026737608,0.029516347,0.032602858,0.023388948,0.019729808,0.019806959,0.017535603,0.015986893,0.012680696,0.009475998,0.016052773,0.02261468,0.0203143,0.013931212,0.008268469,0.007399015,0.008833044,0.00978375,0.008391252,0.006191091,0.004863476,0.00492927,0.006251203,0.008007833,0.009268025,0.008306964,0.007480848,0.007390245,0.00834605,0.010158068,0.010934904,0.009534313,0.013024674,0.015768891,0.021054666,0.027777616,0.026225895,0.019635428,0.011324969,0.009708368,0.00713109,0.008585869,0.008829927,0.007460711,0.004744016,0.002854189,0.002162792
Head 0,282,0.000229338,0.000249746,0.000272675,0.000295213,0.000315986,0.000338368,0.000367712,0.000394567,0.000368319,0.000325401,0.000260431,0.000277124,0.000335486,0.000413228,0.000503879,0.000566732,0.000609403,0.000648281,0.000710732,0.000762828,0.000753047,0.000725832,0.000731238,0.001125876,0.001472081,0.001341878,0.001090512,0.000928338,0.000919303,0.001259161,0.001600722,0.002026392,0.002416906,0.002358853,0.002175768,0.002347862,0.002899616,0.004034029,0.004880693,0.005114945,0.00419883,0.002191182,0.001805335,0.001811426,0.002184229,0.002839393,0.003173807,0.00293669,0.002780887,0.002252302,0.001949953,0.001931689,0.002189571,0.002713568,0.003203441,0.00348912,0.003636744,0.003835112,0.004276221,0.004934043,0.005762128,0.006369454,0.007344565,0.007072348,0.007655437,0.008913654,0.010832045,0.010050341,0.028320456,0.029903643,0.021182146,0.012722444,0.024808746,0.015868844,0.009178941,0.005223491,0.004585212,0.006408674,0.013717356,0.020988937,0.026047159,0.028914545,0.030922543,0.018162394,0.01650334,0.019239368,0.018075904,0.015618564,0.011367727,0.00841647,0.013868726,0.024846314,0.028341224,0.020695986,0.010430457,0.00703337,0.006689389,0.007687809,0.008678654,0.008561057,0.007061339,0.005840639,0.005868224,0.00704618,0.009490123,0.010445083,0.009943479,0.008766143,0.008543897,0.010006254,0.011808936,0.009989607,0.014612456,0.015149328,0.018400894,0.025353497,0.028352216,0.025106095,0.01520641,0.011603053,0.006958158,0.007284839,0.008012512,0.008538943,0.006946909,0.004565273,0.003005692,0.002301908
Head 0,283,0.000256871,0.000278203,0.000303857,0.000328521,0.000346155,0.000369393,0.000408518,0.000424184,0.000400576,0.0003156,0.000291319,0.000310529,0.00036854,0.000466397,0.000560779,0.000633453,0.000671837,0.000738947,0.000816609,0.000861969,0.000864196,0.000843857,0.001386156,0.001468385,0.00151203,0.001304813,0.001055635,0.000957578,0.00128495,0.001302984,0.001576392,0.002125507,0.002464033,0.002369429,0.0022517,0.002345068,0.003036596,0.004105304,0.005225589,0.004985554,0.002629173,0.002222697,0.001921093,0.001953689,0.002439937,0.003101327,0.003540935,0.003187842,0.002893978,0.002461909,0.002106984,0.002004142,0.0022664,0.002751788,0.003254434,0.003608212,0.003685214,0.003837113,0.004264093,0.005119365,0.006007242,0.007134105,0.006757488,0.007026453,0.007989147,0.010365291,0.010777023,0.032312296,0.034474209,0.018234467,0.009317047,0.023494676,0.018341292,0.013019418,0.006732622,0.004222873,0.004231787,0.011625317,0.018067969,0.024473034,0.029024923,0.031061308,0.014710831,0.012280588,0.015481704,0.016917055,0.015730953,0.011190388,0.007496517,0.011604519,0.021659011,0.030748935,0.028711289,0.015468648,0.009095099,0.006480876,0.005883686,0.006791684,0.008854204,0.009754448,0.008449188,0.006945171,0.006547217,0.008213332,0.010466987,0.011992345,0.010998838,0.009500345,0.009491139,0.010729414,0.010206434,0.015605376,0.015326645,0.01643038,0.02077337,0.024207463,0.02500228,0.01797187,0.014673965,0.008001276,0.006866962,0.006601575,0.007365539,0.007432109,0.006270614,0.004523067,0.003030019,0.001958328
Head 0,284,0.000285803,0.000310709,0.000341539,0.000362357,0.000376792,0.000400341,0.000439465,0.000458207,0.000403091,0.000352347,0.000326708,0.000345588,0.000417777,0.000524963,0.000640912,0.000704649,0.000772977,0.000843058,0.000918197,0.000989808,0.001021272,0.001637926,0.001297547,0.001499289,0.001477257,0.001254754,0.001084373,0.001639144,0.001330572,0.00131317,0.001677291,0.002218597,0.002506675,0.002466541,0.002259891,0.002471816,0.003142477,0.004402773,0.005164556,0.002712227,0.002751691,0.00241107,0.002134231,0.002285372,0.002784272,0.003615476,0.003266751,0.003425983,0.003251489,0.002733985,0.00225964,0.002160131,0.002402305,0.002927448,0.003539186,0.00376127,0.003802419,0.003935624,0.004548064,0.005491224,0.006895038,0.00677851,0.007056184,0.007566296,0.009526832,0.01062292,0.034279045,0.040669411,0.021504855,0.007319003,0.02279474,0.015274199,0.014891041,0.009492881,0.005480159,0.003897765,0.01135668,0.015509845,0.02109644,0.027192043,0.031282339,0.014552365,0.010042445,0.011358792,0.013471077,0.014635325,0.011786564,0.007768436,0.011336258,0.018403888,0.027271433,0.031419348,0.020980727,0.013547056,0.008579031,0.005768963,0.005215332,0.006989108,0.010269064,0.011739931,0.009985235,0.007698094,0.00754496,0.009002357,0.01185508,0.012916563,0.011654607,0.010335365,0.010009932,0.010655792,0.0148006,0.01532736,0.015761727,0.018093813,0.019714991,0.021028379,0.017400181,0.016729001,0.009816882,0.007758325,0.006176882,0.006046236,0.006370213,0.006679773,0.006152632,0.004488739,0.002527971,0.00156589
Head 0,285,0.000303583,0.000333916,0.000363981,0.000381706,0.000385841,0.000416341,0.00046044,0.000468281,0.00043392,0.000375051,0.000344944,0.000367295,0.000447484,0.000576816,0.000688426,0.000783459,0.000840765,0.000889516,0.000981612,0.001082484,0.00173867,0.001136292,0.001359451,0.001500488,0.001429964,0.001277664,0.00211656,0.00161452,0.001294864,0.001347051,0.001722683,0.002219854,0.002555921,0.002399646,0.002311487,0.002462027,0.003204035,0.00423283,0.002255586,0.002776419,0.002847709,0.002528446,0.002371435,0.002467855,0.003097105,0.00307409,0.003462699,0.003791541,0.003539514,0.002858128,0.00236142,0.002221122,0.002513021,0.003131425,0.003625734,0.003843374,0.003833696,0.00409833,0.004759509,0.006104261,0.006420911,0.007149369,0.007614055,0.008909275,0.009723783,0.031424753,0.042246379,0.03019456,0.007429758,0.023736164,0.010926195,0.012625949,0.01122186,0.008056203,0.00524137,0.013241341,0.014788831,0.017641213,0.022734625,0.028617468,0.017125618,0.010546473,0.009382099,0.010032211,0.011765713,0.01148432,0.008869711,0.012735502,0.017622376,0.023529436,0.028305991,0.022813078,0.018262498,0.012961635,0.007610317,0.005021371,0.00525402,0.008136113,0.012547087,0.014086183,0.011239808,0.00890091,0.008269405,0.010218672,0.012745075,0.013777835,0.012895678,0.011184977,0.012462276,0.013405318,0.014520551,0.01537184,0.017243613,0.017507281,0.017582875,0.014973133,0.016247466,0.011168967,0.009546296,0.006944348,0.005721089,0.005358435,0.005922198,0.006853867,0.006360787,0.003798826,0.002027133,0.001303252
Head 0,286,0.000311606,0.000342332,0.00037214,0.000376386,0.000389215,0.000430231,0.000457266,0.000485597,0.000445246,0.000381555,0.000351787,0.000378752,0.000469989,0.000601648,0.00074668,0.000838465,0.000864632,0.000918121,0.001010074,0.001694131,0.001059736,0.001205466,0.001368359,0.001445342,0.001422104,0.002292566,0.002002181,0.001528309,0.001292529,0.001359349,0.001696637,0.002229403,0.002456706,0.002428302,0.002253769,0.0024426,0.003032714,0.001699853,0.002234641,0.002737939,0.002801226,0.002622099,0.002381981,0.002554002,0.002848591,0.003101914,0.003666373,0.003974485,0.003578683,0.002885665,0.002351496,0.002269072,0.002597189,0.003146461,0.003657259,0.00381607,0.003909372,0.004200044,0.005116613,0.005519134,0.006662804,0.007652454,0.008730912,0.008906859,0.026304139,0.037738468,0.03998147,0.009294036,0.026846215,0.008710363,0.008982325,0.00951192,0.009482089,0.007752512,0.016815046,0.016793234,0.016407607,0.018364251,0.02305139,0.018942896,0.01322133,0.010026521,0.008505583,0.008789562,0.009129453,0.008748351,0.01413419,0.018650496,0.022195337,0.024427844,0.020783523,0.019639878,0.017569564,0.011600387,0.006630727,0.004949904,0.005957462,0.009744775,0.014914741,0.015817713,0.013061592,0.00977391,0.009413066,0.010903,0.013372008,0.015066712,0.013932081,0.01539326,0.013239396,0.013678789,0.014617288,0.01686901,0.016992833,0.016142439,0.013037103,0.014272384,0.011002207,0.010900578,0.008348541,0.006315199,0.004992189,0.004886515,0.006058659,0.007140692,0.005355066,0.003034635,0.001671797,0.001108652
Head 0,287,0.000418938,0.000459304,0.000481281,0.00048873,0.000523395,0.000499944,0.000579084,0.00061143,0.000559976,0.000493255,0.000465022,0.000506212,0.000630468,0.000833092,0.001025535,0.001114693,0.001168921,0.001241501,0.00216991,0.001165116,0.001232776,0.001332098,0.001448191,0.001571646,0.002234988,0.002383888,0.002107223,0.001723363,0.001492512,0.001538812,0.001923277,0.002415197,0.002735372,0.002629695,0.002538842,0.002695162,0.001576051,0.001895711,0.002475819,0.003012372,0.003270563,0.003052528,0.002904329,0.003237569,0.003226185,0.003615928,0.004162804,0.004303765,0.003853997,0.00312028,0.002629714,0.002569194,0.002875425,0.003442938,0.003888915,0.00412663,0.004279438,0.004820896,0.005001424,0.006195281,0.007850569,0.00945045,0.009350347,0.024185929,0.033475224,0.039062992,0.010381061,0.030001137,0.008816571,0.006875233,0.006357724,0.007216757,0.008087416,0.019862494,0.021267584,0.01871415,0.017300133,0.018898731,0.014543494,0.013598168,0.011368795,0.008608545,0.007238736,0.006665893,0.006919684,0.01386348,0.019203698,0.022239612,0.022301286,0.017643705,0.016841672,0.017711764,0.015278022,0.010287178,0.006819223,0.005883686,0.007453249,0.011830764,0.016511545,0.018101249,0.014263308,0.01142301,0.010524342,0.011855987,0.014789202,0.015912492,0.018306388,0.014246521,0.013103199,0.01317336,0.015316367,0.016022982,0.015399901,0.011882828,0.012207544,0.009560356,0.010478241,0.009260612,0.00751523,0.005551795,0.004573422,0.004972779,0.006132565,0.005651948,0.004008909,0.002397703,0.001402859,0.001021556
Head 0,288,0.000644276,0.000691114,0.000718631,0.00075757,0.000608514,0.000688369,0.000804915,0.00084205,0.000794232,0.00071391,0.000685445,0.000763021,0.000983298,0.001276661,0.001517218,0.001653215,0.001720256,0.002906058,0.001453315,0.001485141,0.001498228,0.001543144,0.001708664,0.002074691,0.002405494,0.002576664,0.00243124,0.0020458,0.001778411,0.001860832,0.002287284,0.002852411,0.003155777,0.003143721,0.003011923,0.001725798,0.001818964,0.002195852,0.002830132,0.003574257,0.003873993,0.003785263,0.00398771,0.003818348,0.003883684,0.004262342,0.004676122,0.004767499,0.004309826,0.003576091,0.003125762,0.003025077,0.003373299,0.003911774,0.004419524,0.004706674,0.005079523,0.0049492,0.005866843,0.007749784,0.010161162,0.010557124,0.023787793,0.030553645,0.029879358,0.009531613,0.029200077,0.010704599,0.007016346,0.00495103,0.00484738,0.006070848,0.01897567,0.023858873,0.022194948,0.018688273,0.017331809,0.009342031,0.010735016,0.011505207,0.009588473,0.007291025,0.005588308,0.005180034,0.012134122,0.017574754,0.021482516,0.021623423,0.01593668,0.013827597,0.014354192,0.014822386,0.013356921,0.010517196,0.008057405,0.007454463,0.009352511,0.013482934,0.019138247,0.019489402,0.016277205,0.012683449,0.011606077,0.013493917,0.015983317,0.019949771,0.016703509,0.014166727,0.012897434,0.014136989,0.014981226,0.015161695,0.01186465,0.01160217,0.008589077,0.009251029,0.008982734,0.008333036,0.00662547,0.005134125,0.004694975,0.005062097,0.004825645,0.004128288,0.003062955,0.001966727,0.001287231,0.001028293
Head 0,289,0.000831233,0.000905628,0.000975752,0.000702432,0.000732342,0.000867717,0.00100676,0.001066484,0.000998412,0.000904279,0.000874181,0.001006266,0.001272027,0.001621692,0.001928334,0.002104721,0.002706193,0.001782666,0.001836278,0.001810913,0.001772069,0.001925983,0.001968128,0.002194875,0.002624256,0.002986741,0.002835407,0.002354624,0.002072198,0.002196876,0.002700603,0.003377722,0.003864998,0.003808628,0.001911761,0.00187503,0.001987361,0.002379402,0.003120668,0.00384189,0.00418867,0.004678675,0.004511797,0.004278737,0.004241355,0.004450382,0.004815177,0.004906388,0.004418266,0.003772665,0.003220438,0.003142354,0.003450862,0.004058403,0.004638537,0.00516822,0.004874835,0.005350376,0.006778458,0.009284528,0.010512676,0.021252662,0.026348554,0.021865161,0.00884336,0.025341669,0.014658466,0.00972889,0.005711887,0.004270648,0.004621282,0.014029762,0.020017361,0.021991035,0.019651946,0.016780809,0.007019415,0.007864968,0.010460814,0.011089128,0.009177492,0.006270892,0.004620052,0.009834389,0.014016074,0.018041009,0.019455701,0.014620152,0.011914027,0.011031982,0.011353354,0.012186343,0.012510325,0.010841177,0.008621645,0.008101446,0.00973026,0.01489207,0.020287236,0.022018196,0.018069405,0.014247894,0.013802813,0.015587399,0.019528078,0.020561989,0.018418256,0.016265845,0.01652238,0.016695438,0.017068369,0.013912035,0.013760254,0.009824692,0.009844978,0.009474608,0.009405975,0.008203461,0.006534663,0.005379577,0.004835634,0.00413656,0.003729539,0.003350256,0.002655109,0.001840775,0.001307742,0.001489313
Head 0,290,0.000912664,0.001029802,0.000773134,0.00073677,0.000804699,0.000946215,0.001093856,0.001139537,0.001081808,0.000968334,0.000973463,0.001100511,0.001379097,0.00175714,0.002103867,0.002241439,0.001894418,0.002025089,0.002042144,0.001943776,0.001998101,0.001986213,0.001917125,0.002178089,0.002759066,0.003193616,0.002996427,0.002509391,0.002214795,0.002336522,0.002871836,0.003676136,0.004126769,0.002004053,0.002047502,0.002000558,0.002083428,0.002514859,0.003227011,0.004072333,0.005009409,0.005217571,0.005081402,0.004706896,0.004435653,0.004562418,0.004877605,0.004940185,0.004549019,0.003761224,0.003248173,0.003140529,0.003521935,0.004166042,0.004931648,0.004778329,0.005032675,0.005868477,0.007836333,0.009511804,0.018423451,0.023598725,0.018006057,0.007619707,0.021078257,0.016251868,0.013483655,0.00846734,0.005283363,0.004248007,0.01158189,0.016154552,0.020114349,0.020695085,0.018293705,0.0065871,0.005757769,0.007694306,0.010014458,0.010386159,0.007746944,0.005035183,0.009025405,0.011627939,0.014899307,0.017514646,0.014566856,0.012112749,0.010006323,0.008781194,0.009110381,0.011354102,0.013230607,0.011911395,0.009586336,0.008545429,0.010711701,0.015920211,0.022888612,0.023851287,0.019439049,0.01618214,0.015555468,0.018893886,0.022273704,0.022219129,0.020065293,0.019011084,0.017536346,0.017125074,0.014499209,0.015264583,0.011210899,0.01061752,0.009445279,0.009232231,0.008734933,0.007892463,0.006831617,0.00558007,0.004002955,0.003195575,0.002966239,0.00285142,0.002433875,0.001885713,0.00195671,0.002092205
Head 0,291,0.000232728,0.000270119,0.000271554,0.000347952,0.000443949,0.000483863,0.000416732,0.000308437,0.000228399,0.000198116,0.000210696,0.000257798,0.000326487,0.000401493,0.000839055,0.000231997,0.00019652,0.000193269,0.000209555,0.00026263,0.000439629,0.000589991,0.000782722,0.000901301,0.000784753,0.000619968,0.00053341,0.000557955,0.000695384,0.000855398,0.000883871,0.000721816,0.000247544,0.000253946,0.000306586,0.000417905,0.00056915,0.000671815,0.000648164,0.001486754,0.001283735,0.00120468,0.001308119,0.001655761,0.002191443,0.002537127,0.002435987,0.001914644,0.001529238,0.001359581,0.001408244,0.001625622,0.001826511,0.001944009,0.001656126,0.001519422,0.001591677,0.001865268,0.002080493,0.003291963,0.004149241,0.011409177,0.007087183,0.014716101,0.009110182,0.005378297,0.003605281,0.003263583,0.00436015,0.012341049,0.022649985,0.030453505,0.028532056,0.021265903,0.003478273,0.003945913,0.006749198,0.009865539,0.010220428,0.007089284,0.004629297,0.011324168,0.012277603,0.010918509,0.009215416,0.007779702,0.007648852,0.00811079,0.009518202,0.010071653,0.00904621,0.006560547,0.004412895,0.004092757,0.005313909,0.009372624,0.016619733,0.023877919,0.023740215,0.019155832,0.017286792,0.018773383,0.014012153,0.036867715,0.048975978,0.054168642,0.050981779,0.039041989,0.028746968,0.020129597,0.019517433,0.016876899,0.019680003,0.021371324,0.01971964,0.013829505,0.008231569,0.005757114,0.005151905,0.005624826,0.00705181,0.008095453,0.007109326,0.005528814,0.004001082,0.004017693,0.004787907,0.005776412
Head 0,292,0.000215068,0.000177372,0.000195476,0.000254327,0.000328868,0.00036244,0.000320341,0.000235982,0.00017479,0.000150058,0.000157237,0.000193747,0.000258058,0.00078005,0.000229691,0.00018032,0.000155781,0.000147019,0.000165861,0.000301707,0.000360802,0.000487892,0.000670232,0.000734867,0.000649916,0.000516592,0.00043942,0.000469866,0.000591161,0.000727046,0.000716454,0.0002278,0.000216028,0.000223701,0.000267205,0.000364007,0.00049615,0.000591574,0.001404607,0.001281114,0.001161027,0.001091701,0.001182374,0.001505384,0.001957823,0.002326591,0.00215494,0.00176211,0.00137997,0.001205432,0.001271257,0.001459583,0.001711945,0.00160286,0.001466662,0.001398033,0.0014926,0.001577522,0.002719976,0.003143086,0.007598261,0.005212435,0.009970927,0.009722746,0.00691368,0.004502437,0.003202552,0.003256076,0.009196049,0.015975744,0.026037015,0.032971401,0.030181348,0.003976686,0.002793033,0.003929198,0.006406996,0.00900261,0.008188685,0.005535675,0.01160413,0.013361931,0.012329902,0.010217923,0.007932421,0.007021585,0.006649611,0.007157366,0.008109101,0.009561625,0.009680124,0.007240376,0.00526019,0.004394425,0.005528025,0.009780205,0.018855054,0.026702948,0.025830554,0.021482797,0.018705741,0.010457798,0.029828202,0.042721521,0.055775348,0.061439592,0.050501429,0.035818033,0.022725476,0.019704189,0.015110916,0.016639214,0.018806431,0.020215176,0.017411677,0.011905246,0.007946703,0.005560273,0.004389723,0.004536925,0.005589393,0.006666264,0.007371256,0.006488862,0.006164278,0.005474865,0.0037067,0.005073531
Head 0,293,0.000180894,0.000161299,0.000179087,0.000229094,0.000299404,0.000338504,0.000297495,0.000222445,0.000164877,0.000137826,0.000144085,0.000184209,0.000684558,0.000265152,0.000207836,0.000166036,0.000139097,0.000136265,0.000262958,0.000268339,0.000324953,0.000457336,0.000601268,0.000664299,0.000593162,0.000464526,0.000411196,0.000447438,0.000556528,0.000655373,0.000227199,0.000215404,0.000203565,0.000206986,0.00024944,0.000337864,0.000462332,0.0012808,0.001299247,0.00125749,0.001125996,0.001044339,0.001138744,0.001416654,0.001892566,0.002144927,0.002075532,0.001663145,0.001290246,0.0011566,0.001200953,0.001418768,0.001478773,0.001483043,0.001414159,0.001409027,0.001376855,0.00238577,0.002705397,0.006411543,0.003901965,0.006447839,0.007981299,0.007316686,0.00576401,0.003985455,0.003199036,0.008377529,0.011467474,0.017523829,0.026430449,0.032257415,0.006424097,0.003025823,0.002836667,0.003745806,0.005841377,0.007239301,0.006435939,0.010798447,0.013621647,0.01356615,0.011333335,0.008442127,0.006892342,0.005926362,0.005507735,0.005597382,0.007104886,0.009793321,0.010459948,0.008592363,0.005712355,0.004656676,0.005912927,0.011192618,0.020888647,0.028881516,0.029103577,0.023936398,0.011606658,0.026110698,0.034757733,0.048698865,0.063590094,0.061709877,0.046773981,0.029022088,0.023047149,0.015545723,0.015410111,0.01640407,0.018516768,0.018816803,0.015944479,0.012253756,0.008204908,0.005021442,0.003727543,0.003742847,0.004737914,0.007106867,0.008997563,0.010710625,0.008613368,0.002613346,0.00316868,0.005204367
Head 0,294,0.000171895,0.000154937,0.000168618,0.000220467,0.000291854,0.000327274,0.00029026,0.000218322,0.000155589,0.000130354,0.000140508,0.000591117,0.000292766,0.000239423,0.00018518,0.000143264,0.000124478,0.000256691,0.000237885,0.000252765,0.000321635,0.000433831,0.000565078,0.000621412,0.00053507,0.000437708,0.000396113,0.000423996,0.000511806,0.000227855,0.000222266,0.000207813,0.000192529,0.000202504,0.000245494,0.000334514,0.00107668,0.001199613,0.00129905,0.001243842,0.001100242,0.001042226,0.001124761,0.001455226,0.001839289,0.002179341,0.002041565,0.001609312,0.001280448,0.001131041,0.001205443,0.001288519,0.001429257,0.001474701,0.001464328,0.001337313,0.002148736,0.002486051,0.006732803,0.003215462,0.004603945,0.00560831,0.005972513,0.005925913,0.004862049,0.003842038,0.009613464,0.010719791,0.012933538,0.018544914,0.027112607,0.010676633,0.004613737,0.003019757,0.002610822,0.003295562,0.004535557,0.005530557,0.009106919,0.01292228,0.014511974,0.01270764,0.009392682,0.007284959,0.00599466,0.005083225,0.004422755,0.004960065,0.007357809,0.010755578,0.012525159,0.009291918,0.006047793,0.005043535,0.006905015,0.012707473,0.023198996,0.03321277,0.032798018,0.015501249,0.027809031,0.030416569,0.039409455,0.056249123,0.065359846,0.05723023,0.037359137,0.028223418,0.017037928,0.015063637,0.014392417,0.015582507,0.016861361,0.016829856,0.015881414,0.012254589,0.007174117,0.0041716,0.003056141,0.003173337,0.005114464,0.008787132,0.015415953,0.014953746,0.002676294,0.002220756,0.00338701,0.005276181
Head 0,295,0.000171645,0.000151746,0.000169608,0.000220746,0.000291932,0.000326246,0.000291536,0.000209355,0.000149463,0.000127189,0.000546628,0.000299664,0.000264412,0.00020942,0.000155987,0.000124639,0.000256551,0.000228771,0.000223852,0.000251288,0.00030917,0.00041641,0.000541403,0.000567646,0.000502044,0.000417474,0.000369573,0.000389242,0.00021988,0.000222432,0.000214419,0.000194715,0.0001875,0.000199725,0.000245053,0.00083757,0.000984843,0.001170883,0.001265865,0.001195967,0.001085668,0.001028647,0.001173459,0.001453442,0.001956654,0.002239348,0.002051344,0.001649812,0.001294311,0.001174688,0.001140127,0.001289389,0.001455408,0.001553817,0.001424236,0.001965188,0.002341215,0.007550997,0.002906798,0.003756435,0.004062816,0.004384702,0.00488961,0.004925334,0.004561144,0.011644796,0.012839661,0.012311363,0.014056968,0.019840239,0.012887901,0.007220567,0.004398368,0.002627419,0.002166883,0.002406911,0.003292446,0.007160437,0.011153937,0.014559356,0.01432349,0.011030556,0.008280959,0.006554618,0.005386849,0.004280114,0.004046512,0.005224545,0.008344049,0.013376717,0.013843757,0.010015843,0.006621983,0.005964275,0.008011875,0.01451672,0.027465228,0.03809632,0.02020316,0.036829885,0.032647301,0.034133449,0.045385133,0.058077499,0.060810536,0.045593474,0.035511684,0.020178914,0.015865631,0.013230504,0.012897772,0.013546051,0.014533821,0.016107051,0.01528719,0.010298787,0.00571903,0.003313209,0.002541795,0.003454174,0.006507029,0.015892921,0.022202894,0.003944021,0.002120829,0.002311047,0.003412406,0.005054127
Head 0,296,0.000198701,0.00017911,0.000196684,0.0002588,0.000338328,0.000380532,0.000327003,0.000234249,0.000167947,0.000641711,0.000315682,0.000305325,0.000264548,0.000200789,0.00015496,0.000285382,0.000248609,0.000233994,0.00024044,0.000261988,0.000327845,0.000447962,0.00055978,0.00058771,0.000522155,0.000419651,0.000367285,0.000217152,0.000232834,0.000236291,0.000220543,0.000206058,0.00020011,0.000215933,0.000686516,0.000817348,0.00101264,0.001214927,0.001292084,0.001239384,0.001117204,0.001117059,0.001239545,0.001662198,0.0021801,0.002441262,0.002266706,0.001792858,0.00145102,0.001195934,0.001238636,0.001428862,0.001675228,0.001674698,0.001935663,0.002368461,0.008654855,0.002917785,0.003578007,0.003463388,0.003545317,0.003883222,0.00437108,0.004842364,0.012499273,0.016566014,0.014813054,0.013183717,0.014951441,0.010279777,0.008763827,0.006837029,0.003746379,0.002106406,0.001540168,0.001742563,0.005879944,0.008972735,0.012982006,0.015144912,0.013098858,0.010084437,0.00768718,0.006222861,0.004874244,0.004182823,0.004411837,0.006172678,0.01098656,0.015697427,0.015805885,0.011332946,0.0079253,0.006977057,0.00931009,0.017766947,0.032606069,0.021553569,0.051881324,0.042456999,0.035017565,0.037371237,0.044858467,0.053022578,0.047899265,0.042736892,0.025324628,0.018408334,0.013383512,0.011282184,0.010709541,0.011317223,0.01344127,0.015034279,0.012536606,0.007924325,0.004349531,0.002643329,0.002669706,0.004329168,0.011711466,0.022887295,0.006646226,0.002831765,0.002058269,0.00220897,0.003181113,0.004670484
Head 0,297,0.000246158,0.000216611,0.000240842,0.000312397,0.000411739,0.000458291,0.000393525,0.000283008,0.000807778,0.000302241,0.000314901,0.000312312,0.000259058,0.00020721,0.000338001,0.000289714,0.000266353,0.000260673,0.000257157,0.00028445,0.00036259,0.000486414,0.000604842,0.000641793,0.000545947,0.000428142,0.000203634,0.000236611,0.000258183,0.000255986,0.000243716,0.000226792,0.000220871,0.000613005,0.000706832,0.000863692,0.001090468,0.001299291,0.001397234,0.001318168,0.001230627,0.001195728,0.001410956,0.001847551,0.002370769,0.002676626,0.002425921,0.001971778,0.001406788,0.001241097,0.001313919,0.00159626,0.001790388,0.001835184,0.002298821,0.009129747,0.003076043,0.003684821,0.003301226,0.003087423,0.003061373,0.003414994,0.004153602,0.009663791,0.017104326,0.017958349,0.01446538,0.012618921,0.006314586,0.007302099,0.008673566,0.006110878,0.003052881,0.001494435,0.001106075,0.004920393,0.006443619,0.009076826,0.012117539,0.012453714,0.010859841,0.008298825,0.006593926,0.005238529,0.004466032,0.004108656,0.004571443,0.007187698,0.011866746,0.017038325,0.017151782,0.012860513,0.008628609,0.007492764,0.010709831,0.0203731,0.016467478,0.061612379,0.059608649,0.045430832,0.03812534,0.036920369,0.04218486,0.04334189,0.046932627,0.032667946,0.024352102,0.016389772,0.011965501,0.009785374,0.009385519,0.010840095,0.012989426,0.013081734,0.010361998,0.006450476,0.003675478,0.002836301,0.00339419,0.007758642,0.017189614,0.010196939,0.004787534,0.002733763,0.001909589,0.002029526,0.002958419,0.005323361
Head 0,298,0.000350754,0.000308566,0.00033545,0.000432938,0.000577074,0.000645096,0.000563218,0.001281679,0.00030127,0.000317905,0.000356078,0.000338148,0.000298695,0.000431572,0.000373272,0.000334521,0.000319869,0.000302574,0.000304507,0.00034224,0.000434043,0.000575533,0.000728207,0.000735799,0.000605016,0.000196642,0.00024675,0.000294772,0.000317137,0.000318714,0.00029763,0.00027768,0.000657431,0.000708441,0.000818535,0.001018938,0.001285351,0.001540228,0.001626751,0.001572954,0.001433377,0.001439654,0.001665016,0.002128731,0.002743635,0.003005343,0.002786294,0.001933516,0.001488315,0.001334921,0.001496254,0.001770402,0.0017819,0.002233623,0.009496773,0.003474702,0.003811661,0.003507418,0.003052169,0.00276993,0.002860956,0.003352563,0.006244699,0.013560594,0.019161966,0.017465349,0.013297738,0.003922806,0.00450046,0.007345467,0.008075098,0.00514192,0.00224626,0.001113382,0.005116808,0.005287709,0.006123845,0.00811162,0.009523487,0.010087415,0.00848635,0.006729694,0.005367575,0.004790128,0.004394631,0.004136546,0.005040645,0.00744689,0.012439992,0.018178551,0.019298328,0.013665277,0.008871458,0.008182965,0.011799129,0.010529378,0.051098127,0.069876783,0.062739439,0.047475748,0.035578977,0.033357881,0.03359196,0.042273611,0.03685452,0.031951305,0.022181088,0.014866242,0.010474192,0.00870249,0.009081856,0.01049199,0.011424992,0.011051015,0.008624482,0.005607375,0.003953676,0.003589961,0.005914378,0.011284921,0.011123098,0.007617796,0.004739851,0.002490566,0.001721301,0.00190037,0.003438783,0.00689794
Head 0,299,0.000471174,0.000405324,0.00042926,0.000556267,0.000738869,0.000847156,0.002037802,0.000328915,0.000317068,0.000361277,0.000381452,0.000379177,0.000490133,0.000449767,0.00039943,0.0003755,0.000351588,0.000338202,0.000339358,0.00037511,0.00046334,0.000627444,0.00076292,0.000763587,0.000169113,0.000215427,0.000277878,0.000327821,0.000358331,0.00035239,0.000337831,0.000751381,0.00075273,0.000815034,0.000956923,0.0011866,0.001486439,0.001748051,0.001886047,0.001794136,0.001662295,0.001648179,0.001847402,0.002354712,0.002938114,0.003295713,0.002624344,0.002009112,0.001570949,0.001476708,0.001606719,0.001716914,0.002025958,0.009572168,0.004137795,0.003637508,0.003923445,0.003232768,0.002844417,0.002763897,0.002927043,0.004116794,0.008715307,0.015822615,0.019469619,0.016744748,0.003440679,0.002815716,0.004425908,0.00664722,0.006582764,0.003776086,0.001717435,0.007018227,0.006178472,0.005431657,0.00590881,0.006827619,0.008467185,0.008538855,0.007186583,0.005673114,0.005173567,0.005156361,0.004792779,0.004774666,0.00538153,0.00776515,0.013143387,0.020573117,0.020800091,0.014347953,0.009830618,0.009108138,0.007370363,0.030646026,0.057119958,0.072661236,0.064145312,0.043084491,0.031500529,0.026221108,0.032616165,0.033104852,0.035731036,0.029115345,0.020440804,0.013505729,0.009908305,0.009168433,0.009586473,0.00989984,0.010282909,0.00967544,0.007901968,0.006298612,0.005235155,0.006508894,0.008951353,0.007704336,0.00808487,0.007495908,0.004275426,0.002234604,0.001635831,0.002228784,0.004407423,0.008677307
Head 0,300,0.000654907,0.000557027,0.000585229,0.000738888,0.000973616,0.002907954,0.000480644,0.000401124,0.000408112,0.000431729,0.000456209,0.000496124,0.0005059,0.000467403,0.000436569,0.00040612,0.000390715,0.000380664,0.000380539,0.000408633,0.000502071,0.000631699,0.000755672,0.000149559,0.000176889,0.000234496,0.000297257,0.000351539,0.000367412,0.000370523,0.00085376,0.000827725,0.00087533,0.000999747,0.001200628,0.001478478,0.001796872,0.002106776,0.002208921,0.002154467,0.002024835,0.001979004,0.002213223,0.002700066,0.00335604,0.003311057,0.002930422,0.002317719,0.00190092,0.001749963,0.001893922,0.002010543,0.010108057,0.005089361,0.003293869,0.004563506,0.003622274,0.003279964,0.003289695,0.003339076,0.003784344,0.006230802,0.011146374,0.017033288,0.019197483,0.004513616,0.002592984,0.002875515,0.003952413,0.005034775,0.004361885,0.002635934,0.011129546,0.010047515,0.007372086,0.006125134,0.005972239,0.007560219,0.009216286,0.008947358,0.007205877,0.006278033,0.006460845,0.00657717,0.006498498,0.006067071,0.006531125,0.009150574,0.015700914,0.022306588,0.021683423,0.015991826,0.01141615,0.007952792,0.018861663,0.035695232,0.058785256,0.069624759,0.053017158,0.035015989,0.023654301,0.025140878,0.025292916,0.03171885,0.031270903,0.025269724,0.017377486,0.012119134,0.010427761,0.01022876,0.009714569,0.009662008,0.0095255,0.009018623,0.008717659,0.008132704,0.009570805,0.010247088,0.004029821,0.004850913,0.006689896,0.005665064,0.003305504,0.001971744,0.001899183,0.002925699,0.005336661,0.009903648
Head 0,301,0.000682949,0.00057907,0.000607068,0.000771186,0.002794292,0.000666927,0.000504857,0.000437496,0.00042783,0.000459432,0.000407545,0.000466997,0.000486251,0.000475013,0.000429518,0.000396475,0.000379425,0.000370696,0.000369917,0.000407798,0.000477638,0.000597769,0.000152881,0.000153255,0.00019002,0.000248867,0.00032011,0.000360306,0.00037207,0.000953864,0.000877493,0.000867271,0.000938246,0.001084584,0.001305459,0.001584346,0.001912448,0.002151468,0.002315925,0.002269009,0.002108257,0.002080586,0.002268716,0.002771766,0.003150482,0.003305825,0.002975416,0.002408717,0.00190908,0.002095399,0.001960738,0.008371157,0.005588129,0.002884087,0.005540122,0.003971679,0.003356464,0.003402109,0.00366492,0.003876866,0.005009068,0.007514406,0.011914223,0.016739946,0.006480096,0.003372181,0.002778359,0.002863841,0.003538877,0.003972339,0.003538219,0.012927265,0.01457346,0.010869039,0.00718761,0.005277359,0.005640707,0.007361705,0.008707444,0.00810122,0.007016889,0.006810163,0.007148586,0.00772435,0.007260474,0.006727114,0.007318525,0.010751363,0.017159887,0.023331199,0.023409246,0.017313622,0.010077633,0.014416032,0.021607902,0.038204763,0.060638875,0.062271275,0.045373261,0.02730781,0.023245066,0.019927828,0.025572201,0.030011738,0.02989953,0.023340091,0.016010877,0.012523797,0.011198426,0.00987433,0.00934609,0.009186316,0.009198843,0.010210508,0.011252025,0.014392219,0.014141086,0.003029879,0.003036225,0.004767296,0.005886824,0.004811409,0.003081393,0.002409227,0.002735317,0.00393001,0.006775338,0.011025489
Head 0,302,0.000608895,0.000520068,0.000551391,0.002177768,0.000816274,0.000623791,0.000476982,0.000404126,0.000404371,0.000316933,0.000360477,0.000423896,0.000469362,0.000441213,0.00039187,0.000358174,0.000343444,0.000333851,0.000346718,0.000369932,0.000432398,0.000172333,0.000148178,0.000157325,0.000193577,0.000260198,0.000324356,0.000358567,0.001026069,0.00095305,0.000882865,0.000878005,0.00094646,0.001100006,0.001318962,0.00159113,0.001851911,0.002160252,0.00230112,0.00222971,0.002109339,0.002063925,0.002286081,0.002642894,0.003068069,0.00324405,0.002972465,0.002303022,0.002500743,0.002123122,0.006022098,0.004837967,0.002480263,0.006829668,0.004853342,0.003606354,0.003281399,0.003578657,0.003980443,0.004650435,0.00573164,0.008082078,0.012086784,0.007734566,0.004590872,0.003523953,0.002782501,0.002710297,0.002982764,0.003370348,0.011019822,0.016744493,0.015858801,0.010333653,0.005973725,0.004696004,0.005183607,0.006610619,0.007499969,0.007411152,0.007061849,0.007109892,0.007962027,0.008046887,0.007563241,0.007187391,0.008389595,0.011909501,0.018473346,0.025556693,0.024957137,0.013725453,0.016008567,0.016591268,0.024088245,0.041701816,0.057309162,0.054635283,0.035852909,0.026828825,0.018362185,0.020324742,0.024911445,0.029943831,0.028934609,0.021982737,0.016414838,0.013037764,0.010337174,0.009063656,0.008675322,0.008856416,0.010627085,0.013603376,0.019844195,0.02047546,0.003445341,0.002398445,0.003146171,0.004426993,0.005078711,0.004361689,0.00361837,0.003439042,0.003724945,0.005028286,0.007782754,0.012807338
Head 0,303,0.000619732,0.00053392,0.00194678,0.000948973,0.000818444,0.000623665,0.000465908,0.000404821,0.000316074,0.000297851,0.000348749,0.000433737,0.000460678,0.000424909,0.000377083,0.000346791,0.00032713,0.000332791,0.000336065,0.000359631,0.000205089,0.000171788,0.000156142,0.000164606,0.000208904,0.000276535,0.000340853,0.001021083,0.001056497,0.000987435,0.000920851,0.000903494,0.000979987,0.001138042,0.001357106,0.001609067,0.001950245,0.002231162,0.002344254,0.00230726,0.002171556,0.002181864,0.002344616,0.002722863,0.003166348,0.003447322,0.003021283,0.003195529,0.002690355,0.00485778,0.0035392,0.002241162,0.007297769,0.006290414,0.004527562,0.003527294,0.003410681,0.003946785,0.004672919,0.005101995,0.006090197,0.008374649,0.007406597,0.005380027,0.00463467,0.003329958,0.002529337,0.002272475,0.002541278,0.008196293,0.014781388,0.019156391,0.015686145,0.008865237,0.005459448,0.004405813,0.004849814,0.005988231,0.00724722,0.007765081,0.007810556,0.008479506,0.008719952,0.008671353,0.008219218,0.008250713,0.009458577,0.013329243,0.021180363,0.028046876,0.01769257,0.022882065,0.017790884,0.018277615,0.026548624,0.040384684,0.050756957,0.042856231,0.034092784,0.020331977,0.017775428,0.019054998,0.024017999,0.028439226,0.027059237,0.022113001,0.016578684,0.011659211,0.009002498,0.007985256,0.008091367,0.010012365,0.014222761,0.023389544,0.027029136,0.005194604,0.002631423,0.002481863,0.002998998,0.003949106,0.004650821,0.005041723,0.005026329,0.004614105,0.004676177,0.00559911,0.008984396,0.0135701
Head 0,304,0.000602426,0.001659079,0.000873851,0.000893065,0.000778529,0.000572905,0.000440201,0.00039868,0.000285187,0.000279882,0.000344274,0.000411827,0.000428447,0.000399538,0.000357098,0.000322482,0.000318321,0.000312938,0.000316117,0.000202742,0.000197626,0.00017455,0.000158487,0.000172572,0.000215622,0.000283635,0.000876432,0.001047237,0.001080402,0.001019158,0.000932676,0.000919421,0.000990222,0.001142695,0.001356525,0.001654458,0.001970705,0.002225987,0.002374989,0.002324912,0.002251954,0.002194813,0.002359707,0.002700484,0.003283495,0.003465913,0.003654202,0.003400522,0.004608766,0.00257752,0.002273275,0.005737372,0.006738943,0.005761183,0.004311044,0.003490197,0.003579846,0.004545309,0.004897355,0.005183159,0.00611708,0.006155251,0.005151638,0.005380779,0.004293761,0.00295816,0.002131911,0.001955702,0.006263399,0.010721155,0.016758921,0.018780597,0.013185401,0.007981557,0.004916363,0.003974889,0.004239167,0.005617609,0.007241006,0.008137894,0.008876361,0.008930964,0.009005226,0.009004499,0.008854885,0.008695132,0.010010258,0.014748215,0.022806007,0.017507749,0.032200176,0.024313033,0.018885376,0.019733962,0.025830582,0.036242761,0.040318023,0.040738486,0.026144322,0.019710021,0.016952923,0.018668046,0.023405453,0.027662393,0.027901178,0.022630062,0.015183047,0.010277744,0.007955633,0.007539767,0.009214062,0.013885444,0.025101315,0.032800607,0.009361017,0.004030759,0.002790538,0.002407677,0.002759477,0.003752152,0.005560207,0.007208951,0.007107865,0.006176122,0.005308096,0.006501077,0.009663678,0.015345508
Head 0,305,0.001704214,0.000752262,0.000867265,0.000928371,0.000775909,0.000587204,0.000625598,0.000371895,0.000279554,0.000284796,0.000337974,0.000395343,0.000418811,0.000390121,0.000343333,0.000319963,0.000303653,0.000300266,0.000165572,0.000203666,0.000206574,0.000181792,0.000169243,0.000178269,0.000222327,0.000692247,0.00090212,0.001072041,0.00112756,0.001050039,0.000964297,0.000937063,0.001012969,0.001171361,0.001416392,0.001714771,0.002009642,0.00228759,0.002410936,0.002414302,0.002243651,0.002227998,0.002327275,0.002797039,0.003364676,0.003654323,0.003970338,0.00600407,0.0025215,0.002767317,0.003800216,0.00557576,0.006503832,0.005798092,0.004376929,0.003300324,0.004331846,0.004846573,0.004911453,0.005097808,0.005249978,0.004556729,0.005281331,0.005026733,0.003746453,0.002497831,0.001882698,0.006060908,0.008231116,0.012098118,0.016406067,0.015838493,0.01212101,0.007296293,0.004564214,0.003578559,0.004144758,0.005884342,0.00791216,0.009663076,0.009925067,0.009712704,0.009838744,0.010076889,0.009498102,0.009275627,0.011237306,0.016317377,0.014453269,0.036312487,0.033807851,0.024769694,0.019500995,0.018731263,0.023075139,0.028908279,0.037854802,0.0311573,0.02472811,0.018190313,0.015802018,0.01725824,0.021910092,0.027703675,0.02792223,0.02063686,0.013271409,0.008827711,0.007255967,0.008147832,0.012088902,0.023187643,0.033932257,0.014843331,0.006614663,0.003984289,0.002516585,0.002112461,0.0025665,0.004427931,0.007801908,0.010077445,0.009558546,0.006772622,0.005816504,0.006680577,0.010537294,0.015414
Head 0,306,0.000606449,0.000695036,0.000857488,0.000874015,0.000747288,0.000903052,0.000561358,0.000354592,0.000276814,0.000274002,0.000318304,0.000378832,0.000396586,0.000366625,0.000328504,0.000296112,0.000284038,0.000112288,0.00015949,0.000202324,0.000204604,0.000184885,0.000164843,0.000174885,0.000562362,0.000704193,0.000908102,0.001100669,0.001146773,0.001065891,0.000960466,0.000951354,0.001024433,0.001204637,0.001455482,0.00172113,0.002017531,0.002264573,0.002428498,0.002307366,0.002220436,0.002129593,0.002306108,0.002756687,0.00319144,0.003839601,0.008084571,0.003392519,0.003930376,0.00264384,0.003619673,0.005314426,0.006474073,0.005739102,0.003037583,0.004010458,0.004744374,0.00493866,0.004869069,0.004877568,0.004075273,0.00463204,0.00494713,0.004337902,0.003143946,0.002260367,0.007046874,0.007838409,0.009095907,0.011565044,0.01356885,0.014135816,0.010571469,0.006453909,0.003889994,0.003311791,0.004162936,0.006090791,0.008814538,0.010213429,0.010132718,0.010039252,0.010603461,0.010412706,0.009710156,0.010024149,0.012134389,0.010044079,0.030463643,0.038533632,0.034095183,0.025225993,0.018534338,0.017103961,0.018990835,0.027418295,0.02939873,0.029546661,0.022876931,0.017060319,0.014764454,0.01639282,0.022542562,0.02845951,0.026171716,0.018610131,0.011615462,0.00813581,0.007927069,0.010678188,0.020437896,0.032435328,0.019969277,0.010449154,0.006566011,0.003576067,0.002202998,0.001977206,0.003040365,0.006188818,0.010766746,0.013571175,0.010384341,0.007214752,0.00584679,0.007105235,0.010310289,0.016487904
Head 0,307,0.000544495,0.000675615,0.000802804,0.000829607,0.001013961,0.000801062,0.000526711,0.000345254,0.000262327,0.00025631,0.000303146,0.000358319,0.000374179,0.000346986,0.000302394,0.000274312,8.04E-05,0.000107871,0.000158999,0.000201119,0.000208361,0.00017923,0.000161372,0.000518401,0.000570173,0.000712169,0.00094262,0.001140961,0.001176552,0.001064508,0.000976407,0.000945859,0.00104798,0.001242366,0.001474023,0.001746902,0.002023651,0.00229116,0.002324453,0.00230567,0.002196829,0.002180239,0.002364505,0.002928002,0.003481663,0.009438352,0.005309304,0.005661189,0.002527727,0.002465335,0.003473998,0.005310903,0.006414584,0.00274919,0.003621289,0.004419403,0.004755285,0.004707379,0.00472397,0.003898212,0.004122929,0.004353279,0.004163676,0.003398942,0.002682749,0.008379288,0.009242464,0.008756823,0.008891353,0.010053495,0.012430786,0.012392128,0.009406267,0.005517256,0.003581651,0.003348108,0.004310805,0.00678345,0.009354455,0.010526313,0.010566364,0.010984989,0.010961471,0.010404343,0.010222614,0.010735617,0.007021253,0.022227408,0.033954892,0.039174616,0.033710092,0.023085576,0.016702749,0.014380524,0.018462809,0.021968026,0.028271478,0.027267959,0.021149866,0.015601373,0.013659438,0.016879858,0.02346742,0.027047452,0.024037257,0.016327739,0.010443321,0.008608782,0.00975468,0.017041773,0.027855244,0.022290153,0.014039459,0.010063672,0.005644794,0.00299985,0.002019942,0.002338037,0.004293854,0.008542853,0.014516089,0.014645233,0.010735456,0.007056572,0.006128389,0.00704791,0.01138454,0.018333975
Head 0,308,0.000458834,0.0005534,0.000659811,0.000782309,0.000813617,0.000681674,0.000470001,0.000300495,0.000227699,0.000226701,0.000269737,0.000317396,0.000331896,0.000302923,0.000262257,6.34E-05,6.73E-05,9.46E-05,0.000138949,0.000179472,0.000178312,0.000154626,0.000498937,0.000483588,0.000533727,0.000685221,0.000912309,0.001093191,0.001100899,0.001007723,0.000891483,0.000898316,0.000994511,0.001153355,0.001366216,0.001598542,0.001853231,0.001999635,0.002074904,0.002101459,0.002069897,0.002043768,0.002708749,0.002876451,0.007012366,0.006975926,0.007377359,0.003332621,0.002177055,0.002231496,0.003235541,0.004946123,0.002377913,0.00317023,0.004017189,0.004502367,0.004587303,0.004428793,0.003672931,0.003790961,0.0037899,0.003605196,0.003101061,0.002728689,0.008228278,0.010962512,0.010198492,0.008389701,0.007755168,0.009014059,0.010252604,0.01033635,0.007525994,0.004683112,0.003340761,0.003181312,0.004421117,0.006532552,0.00874565,0.009889947,0.010565828,0.010541541,0.010172922,0.01016541,0.010232088,0.004666071,0.016212497,0.025460334,0.03607003,0.039911058,0.031335596,0.021079911,0.014426081,0.014382368,0.015245248,0.02154276,0.026788704,0.025873952,0.019808957,0.014580812,0.01442349,0.018085767,0.022985738,0.025915049,0.022127399,0.015296408,0.011702564,0.011155064,0.016153384,0.024243914,0.022859644,0.017153183,0.014417132,0.009273191,0.005077321,0.002970272,0.002577503,0.003579778,0.006439054,0.012499881,0.016823204,0.01594092,0.010895155,0.007559011,0.006218039,0.007925239,0.012956219,0.02068405
Head 0,309,0.000383901,0.000471037,0.000560981,0.000660785,0.000721119,0.000622964,0.000410835,0.000260299,0.000200239,0.000204404,0.00024195,0.000286787,0.000296278,0.000263762,6.46E-05,5.30E-05,6.01E-05,8.58E-05,0.000129605,0.000161822,0.000159115,0.00048342,0.000454495,0.000444328,0.000506817,0.000663874,0.000885456,0.001045932,0.001051222,0.000921043,0.00084806,0.000843483,0.000918057,0.001074173,0.001267446,0.0014912,0.001680072,0.001796892,0.001940214,0.002039109,0.001991935,0.002922431,0.002753735,0.0044877,0.006629044,0.007618877,0.005213958,0.002830645,0.001980806,0.00208463,0.003064156,0.001987445,0.002628913,0.003486149,0.004116569,0.004341851,0.004141169,0.003316037,0.003523358,0.003497142,0.003223861,0.002706715,0.002390279,0.006659148,0.011166288,0.012185995,0.009679268,0.007372444,0.007068926,0.007497609,0.008830335,0.008694109,0.00676232,0.004667308,0.003401332,0.003533845,0.004537202,0.006587906,0.008911203,0.010788467,0.011098308,0.010544329,0.010416879,0.010430128,0.0036093,0.01370067,0.019465838,0.028960563,0.038429439,0.03719471,0.027616359,0.017510928,0.014132074,0.011874975,0.015117057,0.021087071,0.025803059,0.023979856,0.017772021,0.014720557,0.014780982,0.01713644,0.021569353,0.023674846,0.020617114,0.016946627,0.014726005,0.017159786,0.021089604,0.02018163,0.017544795,0.017232014,0.012861071,0.007893484,0.004684931,0.003484624,0.003664039,0.005203523,0.0094945,0.014623652,0.018252922,0.015742386,0.011081638,0.007318118,0.006808693,0.009126784,0.015198436,0.022502061
Head 0,310,0.000460125,0.000569757,0.000513667,0.000562859,0.000646381,0.000629187,0.00048555,0.000351962,0.00028683,0.000275518,0.000318627,0.000386327,0.000439476,0.000361951,0.00027951,0.000227902,0.000225841,0.000295787,0.000412765,0.000549145,0.000605408,0.000692528,0.000716718,0.000712823,0.000728896,0.000834384,0.00100644,0.001171023,0.001273446,0.001239087,0.001140861,0.001047639,0.001046128,0.001098219,0.001252849,0.001295007,0.001451374,0.001685921,0.002051265,0.002112776,0.006683032,0.006052666,0.003310827,0.003362561,0.006923193,0.005347412,0.004326239,0.002491811,0.001558833,0.001336278,0.001824734,0.001704034,0.001891111,0.002327995,0.003078324,0.006025248,0.005255466,0.005001446,0.004606017,0.003872181,0.003259065,0.002827445,0.007134731,0.013444469,0.020457851,0.021693146,0.015393119,0.011157024,0.008844787,0.008219958,0.008921145,0.010627044,0.011235141,0.009632856,0.007781258,0.006387546,0.006473131,0.00712009,0.008046972,0.00816756,0.008319221,0.008916875,0.009657636,0.007261545,0.011274415,0.011476052,0.014090345,0.021243641,0.029797157,0.034200497,0.02705797,0.021643234,0.012401707,0.010327151,0.010426702,0.013220208,0.016970927,0.018689146,0.018019248,0.014852501,0.011143005,0.009270054,0.008763561,0.009012871,0.009312511,0.009974774,0.0128146,0.013352231,0.010077139,0.007712305,0.008629624,0.008826512,0.008190615,0.007329099,0.007435209,0.008215228,0.00875191,0.009499704,0.011056758,0.015859354,0.020732762,0.023071868,0.017850298,0.013887414,0.011370746,0.012571412,0.016929183,0.063267358
Head 0,311,0.000524724,0.000396485,0.000369574,0.000414896,0.000480425,0.000463138,0.000377477,0.000285076,0.000225186,0.000216196,0.000245005,0.000298782,0.000325694,0.000301915,0.000242015,0.000196413,0.000201719,0.000246075,0.000349457,0.000397018,0.000509971,0.000604944,0.000630645,0.000596511,0.000598605,0.000662953,0.000800136,0.000975216,0.001068551,0.001036078,0.000922285,0.000859725,0.000841125,0.00091317,0.000896369,0.000985536,0.001118303,0.001414221,0.001625382,0.005904467,0.006461481,0.003091092,0.002607731,0.006702674,0.004681871,0.005329958,0.003916496,0.002318911,0.001407558,0.00218652,0.001677457,0.001527097,0.001650149,0.002102614,0.005604888,0.005091938,0.004693223,0.004359934,0.003667427,0.003073391,0.00256252,0.004945145,0.008507955,0.014596705,0.020231465,0.01811406,0.014501834,0.010491007,0.007553225,0.006500564,0.007738531,0.010430302,0.012196026,0.01160996,0.008897675,0.007395372,0.006970072,0.007671669,0.008151073,0.008739531,0.009561545,0.010465347,0.008533518,0.012867417,0.01210321,0.012486445,0.016153192,0.022111835,0.02889917,0.028571039,0.027762337,0.016605273,0.011894861,0.008950989,0.008962445,0.011033548,0.01452107,0.018271385,0.017692277,0.012696651,0.008672076,0.006736631,0.00661672,0.007709348,0.010084253,0.015520466,0.016335875,0.010631132,0.006682097,0.006795137,0.006738002,0.006547353,0.006740924,0.008413235,0.010942464,0.011941307,0.01131978,0.010311834,0.012266492,0.016418545,0.023242187,0.024282377,0.022341955,0.01638248,0.012988251,0.012503188,0.047243036,0.033970773
Head 0,312,0.000229424,0.00021717,0.000256838,0.000326499,0.000351597,0.000292116,0.00019377,0.000126408,0.000100208,0.000100734,0.000119802,6.64E-05,5.92E-05,4.43E-05,3.20E-05,2.85E-05,3.27E-05,4.70E-05,0.000164068,0.000218824,0.000269359,0.000284347,0.000266592,0.000261175,0.000293232,0.000383402,0.000496813,0.000599222,0.000602812,0.00053015,0.000475496,0.000455634,0.00048936,0.000559143,0.000636525,0.000706966,0.000837358,0.000987871,0.001977541,0.00226354,0.001948187,0.001688063,0.003151592,0.00377975,0.005374847,0.005517527,0.003816866,0.002229976,0.002518519,0.00195113,0.001778244,0.001946157,0.002422202,0.006376116,0.003967467,0.003048387,0.002492483,0.002129319,0.001909273,0.001715402,0.002138362,0.003639068,0.006438783,0.009237434,0.009390999,0.008356612,0.005961632,0.004210579,0.003440734,0.004046291,0.006226419,0.008581303,0.009325034,0.006830967,0.004815136,0.004368905,0.005615404,0.008019237,0.010970503,0.013632413,0.014807671,0.00429011,0.016251383,0.015907178,0.016135843,0.019259803,0.024450086,0.029860411,0.03035208,0.029676685,0.019284787,0.013740018,0.010439871,0.01010502,0.012324953,0.016472453,0.021923099,0.022341393,0.016438397,0.01131006,0.009160617,0.010164073,0.015456893,0.02571032,0.043073729,0.041371591,0.015297652,0.009314958,0.010348172,0.01132666,0.01132654,0.010789838,0.010794488,0.010427702,0.009297034,0.008897919,0.007419743,0.007862999,0.010375097,0.015652463,0.018672898,0.017954618,0.013100934,0.009158278,0.008027554,0.035301086,0.027363732,0.009589696
Head 0,313,0.000279122,0.00026549,0.000308751,0.00037949,0.000411639,0.000335754,0.000221201,0.000144373,0.000111779,0.000113032,6.90E-05,7.14E-05,6.42E-05,4.88E-05,3.74E-05,3.26E-05,3.73E-05,0.000143695,0.000183626,0.000245202,0.000302584,0.000313775,0.000297169,0.000293473,0.000341754,0.000438535,0.000585172,0.000684406,0.000661925,0.000589654,0.000527583,0.000525964,0.000575879,0.000658956,0.000728639,0.000837209,0.00098695,0.001856433,0.002370947,0.002531997,0.001673713,0.003228723,0.002311563,0.003644275,0.005414099,0.005735824,0.004120464,0.003820535,0.002832257,0.002133295,0.001896775,0.002081791,0.006836926,0.0051678,0.003948757,0.002973259,0.002336002,0.002043016,0.001913515,0.002005546,0.002881948,0.004370933,0.00609905,0.007040713,0.007679028,0.006575273,0.004719237,0.003176041,0.002860892,0.003971159,0.006599056,0.010123351,0.009635056,0.006732065,0.004810732,0.004758523,0.005980361,0.00844133,0.011837908,0.014150163,0.004751506,0.016798178,0.016802168,0.015915824,0.016465485,0.017916039,0.02026389,0.021627028,0.024991078,0.020317318,0.016846383,0.012263644,0.009616041,0.009176739,0.010919725,0.01607517,0.020947099,0.018960085,0.013317606,0.009081883,0.008059316,0.011275159,0.020828458,0.046128351,0.058073714,0.023729477,0.010976146,0.00972956,0.009668716,0.009775358,0.010080904,0.011789517,0.01402281,0.014776653,0.014747362,0.010569571,0.008149203,0.007830631,0.010343124,0.014068482,0.018378487,0.017627796,0.012859062,0.008953212,0.040776122,0.025035497,0.006404148,0.014116358
Head 0,314,0.000406781,0.000326545,0.000304992,0.000342014,0.000403311,0.000384367,0.000306326,0.000221291,0.000176116,0.00014182,0.000164118,0.000211412,0.000252599,0.000258023,0.000209353,0.000172306,0.000242821,0.000223978,0.000252276,0.000331224,0.000424712,0.000482097,0.000477181,0.000452761,0.000466475,0.000529324,0.000633496,0.00071226,0.0007501,0.000741979,0.000760427,0.000670273,0.000678467,0.000709102,0.000784301,0.000831666,0.003123402,0.004154508,0.003197793,0.003077727,0.010669926,0.002294601,0.002118412,0.002407738,0.003203208,0.003765482,0.004563302,0.003860763,0.002745835,0.001831396,0.001392983,0.002091894,0.003138496,0.003695709,0.004219692,0.003956268,0.003484663,0.003037449,0.003545474,0.004410816,0.004857054,0.005431354,0.005829058,0.007803462,0.010805479,0.011512123,0.008590612,0.005855213,0.004662511,0.005136825,0.007629285,0.010747682,0.012707964,0.011295278,0.00963557,0.008055176,0.007618694,0.008193203,0.008819783,0.007078377,0.01123669,0.012505751,0.013443303,0.01397275,0.01269973,0.011571107,0.010282858,0.012847262,0.013632349,0.017512504,0.016270453,0.012176261,0.007907369,0.005720234,0.006176617,0.008529603,0.010751543,0.011084195,0.008833976,0.006437561,0.005566827,0.00650078,0.012688018,0.020759268,0.028052989,0.014660739,0.010249426,0.006763917,0.004519117,0.003550235,0.004404536,0.007848857,0.014419846,0.021897782,0.023021175,0.018765964,0.012861974,0.010531816,0.010474696,0.015971668,0.024300179,0.030116057,0.023847664,0.096113235,0.034600392,0.003377188,0.007158728,0.04169634
Head 0,315,0.000306958,0.000240538,0.000227931,0.000272198,0.000304632,0.000303248,0.000246538,0.000183223,0.000113924,0.000112155,0.000135364,0.000180633,0.000227343,0.000220211,0.00018281,0.000261509,0.000208828,0.000192841,0.000218229,0.000277827,0.000354484,0.000401281,0.000395245,0.000377766,0.000379178,0.000418791,0.000482763,0.000561892,0.000614889,0.000665471,0.000577481,0.000548438,0.000554171,0.000607601,0.000612537,0.002288307,0.002745199,0.001955116,0.002896261,0.010643832,0.002790025,0.002019267,0.001701888,0.00197248,0.002760288,0.004175835,0.004516082,0.003923835,0.00272738,0.001834469,0.001241482,0.001850464,0.002538924,0.003506665,0.003673401,0.00324712,0.002686849,0.00284387,0.003837039,0.004209885,0.004256024,0.003925132,0.004756431,0.006909965,0.009377895,0.009677993,0.008034528,0.005827309,0.004682709,0.005289194,0.007211486,0.01069741,0.012870467,0.013102365,0.01072075,0.008800067,0.008282502,0.008490794,0.005230865,0.010844673,0.012176354,0.013946882,0.015339946,0.013973765,0.011872598,0.009225566,0.010024326,0.010110211,0.014176764,0.016481627,0.01538389,0.010697163,0.006624558,0.005260769,0.005555363,0.006556041,0.007922789,0.008201244,0.007120568,0.006074567,0.006030606,0.009663821,0.014793462,0.027747571,0.018572791,0.01375455,0.008309601,0.004765352,0.003178667,0.003386605,0.005374109,0.009875645,0.017051134,0.022843232,0.023331439,0.017225746,0.012214344,0.009276664,0.011358969,0.017210204,0.026940402,0.02897747,0.127756655,0.044231836,0.003092476,0.004922795,0.029722787,0.02212264
Head 0,316,0.000256752,0.000204343,0.000209079,0.000229232,0.000265122,0.000261876,0.000215315,0.000113706,9.65E-05,9.64E-05,0.000119262,0.000165422,0.000198908,0.000198832,0.000295034,0.000237393,0.000193298,0.000178138,0.000193944,0.000244184,0.000309832,0.000348084,0.000353918,0.000336179,0.000332215,0.000355493,0.00041803,0.000490994,0.000575267,0.000526129,0.000494852,0.00048548,0.000529489,0.000521817,0.002023343,0.002197401,0.001207679,0.002049578,0.008565567,0.003213569,0.002361093,0.001607184,0.001381876,0.001692838,0.003429835,0.004107894,0.00438818,0.003685986,0.002647001,0.001034774,0.001159428,0.001520567,0.002372459,0.002975674,0.003017799,0.00254709,0.002086263,0.003153369,0.003873848,0.003959608,0.003206121,0.003205244,0.003995047,0.005487177,0.00716506,0.008409297,0.007641125,0.005743741,0.00488423,0.005064706,0.007060081,0.010159707,0.013474037,0.013099439,0.010934963,0.009350298,0.008647162,0.004214074,0.00993866,0.010735899,0.012760129,0.015294618,0.015100156,0.013041534,0.009417824,0.008800984,0.007523337,0.009743129,0.012541721,0.014953358,0.013512954,0.009391541,0.006549478,0.005129424,0.004567682,0.005026551,0.005982389,0.006769628,0.007129597,0.007495641,0.010710709,0.013560666,0.024326652,0.020504098,0.01848248,0.011904678,0.006431829,0.003790549,0.003427786,0.004516537,0.007273667,0.012327036,0.018979151,0.024965541,0.023462575,0.017844945,0.011682697,0.01057543,0.012322993,0.018526264,0.024754336,0.139162078,0.060763024,0.004113945,0.00518008,0.028483042,0.017058942,0.019410186
Head 0,317,0.000245566,0.000212139,0.000197596,0.00022311,0.000248552,0.000247164,0.000130842,0.00010955,9.43E-05,9.73E-05,0.000124435,0.00016247,0.000199041,0.000312626,0.000288112,0.000242325,0.000199052,0.000177212,0.000191098,0.000237243,0.000294214,0.000341526,0.000342144,0.000322472,0.000312564,0.000345036,0.000408878,0.000511881,0.000509759,0.000502649,0.000485401,0.000522413,0.000513087,0.002052961,0.002232205,0.001132836,0.001382791,0.006301776,0.002987545,0.00283036,0.002043561,0.001452909,0.001333675,0.003176949,0.003552586,0.004107409,0.004172975,0.003599739,0.0013902,0.001074027,0.001093322,0.001615343,0.002283008,0.00280507,0.002622549,0.001566036,0.002419417,0.003364903,0.003912302,0.003249707,0.002968967,0.003131269,0.00361539,0.004683317,0.006963933,0.009165805,0.008774465,0.007096093,0.005600916,0.005945817,0.008029498,0.012545606,0.015595728,0.01549814,0.013529778,0.011528662,0.004803282,0.011250312,0.011176046,0.012737742,0.015629508,0.016426651,0.015072418,0.011079893,0.009761732,0.007215613,0.007880192,0.009247799,0.011832118,0.013383217,0.012105195,0.009527722,0.006689487,0.004442915,0.003649669,0.00387987,0.004946233,0.006635668,0.008627149,0.013227101,0.014711524,0.019082516,0.018078305,0.020438431,0.015781736,0.008998294,0.005044593,0.004051764,0.004482422,0.005970478,0.008747357,0.01294021,0.019174431,0.022958338,0.022363732,0.016338637,0.013153248,0.01155303,0.013432891,0.017144274,0.111194082,0.066936955,0.005647765,0.007096953,0.03781727,0.017113131,0.016386712,0.018352106
Head 0,318,0.000224545,0.000178327,0.000173583,0.000189428,0.000219913,0.000127134,0.00011569,9.63E-05,8.58E-05,9.30E-05,0.000112919,0.000150977,0.000268709,0.000288227,0.00027732,0.000232033,0.000181756,0.000160987,0.000172845,0.000211883,0.000272919,0.000309017,0.000305917,0.000281142,0.000281406,0.000312921,0.000394518,0.000423148,0.000458216,0.000457423,0.00048313,0.000464093,0.001688429,0.001962375,0.001205888,0.000972016,0.004305341,0.002039987,0.002532536,0.002344815,0.001756976,0.001335982,0.003461988,0.003308042,0.003520498,0.003879168,0.004072077,0.002163991,0.001297207,0.000926271,0.001060776,0.001428042,0.002034361,0.002294059,0.001178869,0.001711955,0.002508101,0.003268461,0.003035897,0.002859718,0.002825872,0.002708232,0.002917455,0.004287839,0.007209644,0.009908354,0.009984571,0.007356893,0.005869858,0.006051904,0.008921965,0.013083839,0.016874963,0.017617824,0.015324984,0.006030222,0.012441047,0.01116992,0.011865071,0.014617327,0.016267262,0.016031351,0.012503508,0.011118892,0.007761766,0.007449747,0.007463484,0.008892945,0.010996357,0.012544742,0.012636713,0.009887059,0.005779834,0.003536117,0.002835769,0.003269241,0.00500179,0.008455523,0.016707797,0.019306347,0.016688908,0.014661777,0.019090196,0.01870762,0.012747679,0.007593572,0.005860616,0.005785563,0.006494742,0.007947582,0.010165429,0.014661599,0.019865664,0.024651939,0.022912191,0.020046037,0.015270114,0.013279042,0.013260189,0.073828533,0.054019451,0.006849372,0.010672281,0.059291378,0.022057917,0.016450245,0.015640814,0.013826562
Head 0,319,0.00020218,0.000167526,0.000155835,0.000178716,0.000118454,0.000118662,0.000106823,9.30E-05,8.80E-05,9.02E-05,0.000110706,0.000214331,0.000250639,0.000281143,0.000271424,0.00021857,0.000172381,0.000152973,0.000162525,0.000205419,0.00025617,0.00028629,0.000276116,0.000263782,0.000268418,0.000318922,0.000345225,0.00040697,0.000440297,0.000476736,0.000452098,0.00138934,0.001784767,0.001673428,0.000875325,0.003401999,0.00128683,0.001731595,0.002050599,0.001982468,0.001626697,0.004125309,0.003638518,0.003266781,0.003289813,0.003719156,0.003285986,0.002063818,0.001170651,0.000948185,0.000981605,0.001324771,0.001710948,0.000911202,0.001200021,0.001714194,0.002363397,0.002493649,0.002637789,0.002822577,0.002575548,0.002303152,0.002758887,0.004519035,0.007942286,0.01156397,0.01079462,0.00825801,0.006517617,0.007383375,0.01007981,0.015144311,0.020316605,0.021084903,0.008504009,0.016705934,0.013426819,0.012610035,0.014571924,0.016179657,0.016666817,0.013705903,0.012697618,0.008973148,0.008177664,0.007120951,0.00723855,0.008236523,0.010097417,0.012635966,0.012761872,0.008373361,0.004559063,0.002740748,0.002349943,0.003179721,0.005932567,0.01550516,0.022751141,0.016119679,0.011710947,0.014535497,0.016411884,0.01386692,0.009687781,0.007944016,0.007581881,0.007616436,0.007997725,0.00847634,0.010508266,0.013506933,0.018669553,0.02188273,0.024242586,0.020325566,0.01566123,0.011928114,0.049279843,0.034062393,0.005552901,0.011848838,0.083489969,0.032491572,0.020658689,0.015547974,0.011436504,0.011390599
Head 0,320,0.000181534,0.000144624,0.000143818,9.94E-05,0.000104658,0.000104936,9.91E-05,9.07E-05,8.07E-05,8.32E-05,0.000170096,0.000197637,0.000240763,0.000272042,0.000251747,0.000202124,0.000158177,0.000138604,0.000151868,0.000187209,0.000230572,0.000249283,0.000248202,0.000241524,0.000263592,0.000266567,0.00032,0.000376445,0.000435042,0.000422125,0.001036582,0.001423537,0.001995071,0.000928356,0.003230689,0.00091083,0.001077209,0.001366997,0.001702101,0.001806695,0.004858183,0.004660496,0.003739524,0.003137717,0.003233968,0.003440072,0.002908561,0.001715279,0.001111521,0.000814077,0.000843407,0.001052688,0.000753418,0.000889076,0.001180251,0.001617051,0.001864671,0.002200166,0.002634391,0.002578338,0.002137253,0.002023314,0.002583266,0.004408703,0.008286488,0.01117968,0.010775307,0.007998371,0.006915294,0.007279972,0.010203413,0.015909018,0.020930748,0.009139705,0.020852447,0.01606188,0.013405357,0.013855136,0.014536952,0.015193546,0.013114033,0.012859494,0.009716815,0.009035853,0.007437143,0.006603452,0.006423743,0.007267751,0.009835172,0.012539617,0.010767311,0.006607996,0.003532746,0.002247573,0.00228086,0.003792672,0.011329179,0.022147849,0.019366056,0.01202351,0.012366149,0.013422714,0.012891532,0.010924012,0.010534362,0.010912714,0.010857886,0.010490619,0.009467104,0.009651764,0.010505315,0.013771327,0.01791862,0.024867753,0.026185652,0.021653157,0.014220711,0.0418314,0.022596061,0.003788212,0.009822791,0.087679237,0.044411637,0.029577179,0.018876597,0.010773391,0.00906044,0.011469726
Head 0,321,0.000159075,0.000135102,8.63E-05,8.87E-05,9.35E-05,9.88E-05,9.79E-05,8.59E-05,7.77E-05,0.000151659,0.000164695,0.00019666,0.00024029,0.00026104,0.000241307,0.000192565,0.00014911,0.000134431,0.000143241,0.000172845,0.000205154,0.000229082,0.00023417,0.000246286,0.00022429,0.000250972,0.00030294,0.000379562,0.000395396,0.000781648,0.001081939,0.001962498,0.001125386,0.003398712,0.000910129,0.000830317,0.000880506,0.001143778,0.001545928,0.004631711,0.00576507,0.005062946,0.003807812,0.003270096,0.002661603,0.003158078,0.002528121,0.001729141,0.001001414,0.000711056,0.000674682,0.000703835,0.000739397,0.000888296,0.001164119,0.00138213,0.001717495,0.00219885,0.002452365,0.002241081,0.001985382,0.001945189,0.002521859,0.004557304,0.007946587,0.011293731,0.010755494,0.008874689,0.007125936,0.007567564,0.010874875,0.016558724,0.007646468,0.025575386,0.021222802,0.016720217,0.015171998,0.014173888,0.014261872,0.012477744,0.012756385,0.010256575,0.009943877,0.008365098,0.007075364,0.006067915,0.005874996,0.007245678,0.009844368,0.010790763,0.008719685,0.005307148,0.00300983,0.002257247,0.00275536,0.007151562,0.016017688,0.022191359,0.014605159,0.012803071,0.01158344,0.010722319,0.0102692,0.012024468,0.014654478,0.015795114,0.015165388,0.012618045,0.011049154,0.010003288,0.011160608,0.013620851,0.020664455,0.027008425,0.027757008,0.019690841,0.044712599,0.018743897,0.002789781,0.006835535,0.062920816,0.044681519,0.039335269,0.026310578,0.012476698,0.008114743,0.008589755,0.010816044
Head 0,322,0.000153757,8.13E-05,7.89E-05,8.10E-05,9.02E-05,9.92E-05,9.53E-05,8.57E-05,0.000146533,0.000149115,0.00016504,0.000196544,0.000232307,0.000252503,0.000232752,0.000185281,0.000149759,0.000131893,0.000137174,0.00015847,0.000191992,0.000218069,0.000241559,0.000209209,0.000212766,0.000242864,0.000312794,0.000352924,0.000626215,0.000838773,0.001606407,0.001262141,0.003348958,0.00111125,0.000846958,0.000691215,0.000753274,0.001046911,0.003606178,0.005678853,0.00639046,0.005206224,0.004004163,0.001843831,0.002446161,0.002735146,0.002521255,0.001545428,0.000876277,0.000578401,0.000774063,0.000703375,0.000731682,0.00088395,0.00102375,0.001286185,0.001669685,0.002021599,0.002168827,0.00218377,0.002004328,0.001970602,0.002676105,0.004436051,0.008012806,0.011128671,0.01177883,0.009132629,0.007493019,0.008231355,0.011528717,0.005411278,0.025483001,0.025703155,0.021904515,0.018711669,0.015320441,0.013929079,0.011626376,0.012068051,0.010091239,0.010211745,0.009071041,0.007854845,0.006446972,0.005533287,0.005793756,0.007078245,0.008352078,0.008583481,0.006899891,0.004530265,0.003063974,0.002791106,0.005251129,0.010283242,0.018859075,0.016511165,0.015331695,0.012089286,0.009584871,0.008913154,0.011613316,0.016606053,0.020343415,0.02079501,0.017584329,0.014354772,0.011324539,0.010546544,0.010901238,0.015501636,0.021988235,0.027863186,0.024645554,0.05342146,0.020959606,0.0027058,0.005114021,0.03900459,0.032926127,0.040595487,0.035810534,0.017973274,0.009937516,0.008207663,0.008658647,0.011045051
Head 0,323,5.11E-05,4.98E-05,4.49E-05,4.04E-05,3.68E-05,3.34E-05,3.01E-05,8.25E-05,8.80E-05,9.03E-05,9.27E-05,9.37E-05,9.22E-05,8.39E-05,7.15E-05,6.13E-05,5.78E-05,6.31E-05,7.59E-05,9.56E-05,0.000110414,0.000120108,0.0001128,0.00011717,0.000133476,0.000178361,0.000228048,0.000391996,0.000451623,0.000769369,0.000287537,0.000566771,0.000368988,0.000439923,0.000456274,0.000473624,0.000551758,0.000808585,0.001268097,0.001558583,0.001489631,0.001377586,0.001464096,0.002241667,0.003431745,0.003753457,0.002458862,0.001290607,0.000778791,0.000720968,0.000716816,0.000821605,0.00097601,0.000985861,0.000939397,0.000781093,0.000680298,0.00066361,0.000726957,0.000771202,0.000790782,0.00100202,0.001517827,0.002620199,0.004043245,0.005041341,0.004684631,0.004304252,0.005349701,0.008711317,0.00229761,0.024875639,0.025410766,0.018779816,0.014254085,0.012023955,0.012783428,0.013583407,0.016331274,0.013322623,0.011378833,0.009094795,0.007611363,0.006823604,0.006518095,0.007112987,0.007925898,0.008459165,0.008311489,0.007165418,0.005579512,0.004778544,0.005109576,0.008747151,0.014576557,0.040162262,0.025886592,0.018744152,0.01275603,0.010741846,0.012281182,0.019233389,0.029130803,0.03370548,0.031075727,0.021540672,0.016111359,0.014401067,0.016524496,0.01942707,0.02458808,0.026659366,0.024076933,0.017216682,0.044824697,0.017432401,0.002066849,0.003415129,0.022370027,0.020992793,0.030937463,0.032130979,0.01836787,0.010532861,0.008307137,0.008831634,0.012591003,0.004216225
Head 0,324,6.62E-05,6.40E-05,5.77E-05,5.11E-05,4.52E-05,4.15E-05,9.67E-05,0.000102162,0.000105207,0.000106554,0.000106117,0.000105623,0.000102302,9.46E-05,8.41E-05,7.37E-05,6.99E-05,7.39E-05,8.95E-05,0.000110163,0.000132444,0.000129801,0.000128586,0.000128958,0.000157996,0.000210659,0.00040042,0.000486604,0.000793839,0.000264035,0.00061453,0.000290117,0.000383793,0.000446033,0.000465284,0.000483063,0.000685818,0.001065938,0.001553038,0.001762037,0.001643616,0.001070547,0.001335549,0.002185752,0.003366872,0.003289541,0.002100348,0.001116068,0.001006339,0.000811254,0.000742714,0.000811121,0.000866759,0.000928303,0.000804011,0.000630761,0.000551039,0.000622701,0.00077804,0.000860403,0.00093327,0.00108983,0.001571519,0.002609698,0.004280384,0.00504317,0.004602514,0.004472759,0.005556227,0.001551686,0.018148664,0.025510319,0.023243606,0.017141061,0.011582202,0.009678071,0.00923016,0.011953921,0.011396919,0.011155086,0.009184788,0.007284976,0.006052291,0.005525754,0.005872805,0.006191221,0.006142011,0.00592692,0.005510091,0.00503626,0.004972644,0.005350499,0.008024012,0.011040382,0.031464335,0.026793184,0.023761928,0.015562842,0.010375716,0.009570867,0.014701902,0.026875887,0.0403018,0.044775017,0.032283261,0.020659272,0.014658514,0.014091865,0.01563568,0.02070849,0.024477545,0.024608659,0.019532718,0.056943942,0.025330743,0.00260931,0.003488444,0.01755281,0.013691205,0.021808976,0.031678423,0.02626746,0.017448254,0.012105137,0.009493611,0.0106875,0.002866833,0.006571226
Head 0,325,4.44E-05,4.41E-05,4.02E-05,3.33E-05,2.90E-05,5.00E-05,5.02E-05,5.03E-05,5.02E-05,4.82E-05,4.49E-05,4.18E-05,3.88E-05,3.80E-05,3.61E-05,3.54E-05,3.56E-05,4.02E-05,4.98E-05,6.64E-05,7.60E-05,8.60E-05,8.51E-05,9.50E-05,0.000116696,0.000269924,0.00034044,0.000991798,0.000189803,0.000435488,0.000155072,0.000221544,0.000291381,0.000356963,0.000369641,0.000413699,0.000502825,0.000674612,0.000836556,0.000908026,0.000587166,0.000618633,0.000786152,0.001260166,0.001686368,0.001617345,0.001068374,0.000935846,0.000731273,0.000551106,0.000494637,0.000434162,0.000466279,0.000473643,0.000358998,0.000260973,0.000252611,0.000323737,0.000426841,0.000506794,0.000550444,0.000648645,0.000885968,0.001487539,0.002180043,0.002550395,0.002682112,0.002869857,0.000975724,0.007045601,0.011056672,0.012932244,0.011945557,0.008201887,0.005993423,0.004604799,0.005847057,0.005618914,0.006718649,0.005957524,0.00466255,0.003489001,0.002939155,0.003108356,0.003382408,0.003024236,0.002478774,0.00202018,0.001808565,0.001976456,0.002517937,0.005017041,0.007699253,0.020860819,0.018161213,0.019575061,0.01457023,0.008808782,0.006184671,0.007967321,0.01541268,0.029133765,0.041343153,0.038059682,0.027554454,0.018218262,0.015962455,0.016588027,0.023428021,0.030136717,0.033446383,0.025985651,0.116858497,0.051433619,0.002768309,0.003747552,0.031867553,0.01817406,0.022784851,0.032887455,0.034450375,0.030974951,0.026614862,0.020356566,0.018694637,0.001952785,0.004837219,0.00319779
Head 0,326,5.01E-05,5.22E-05,4.43E-05,3.59E-05,5.80E-05,5.28E-05,5.00E-05,5.06E-05,5.13E-05,4.94E-05,4.58E-05,4.10E-05,3.92E-05,3.73E-05,3.60E-05,3.41E-05,3.48E-05,3.98E-05,5.24E-05,6.47E-05,8.03E-05,8.34E-05,8.78E-05,9.58E-05,0.00023638,0.000288431,0.001007627,0.000222052,0.000469954,0.000131065,0.000140499,0.000172349,0.000243018,0.00031416,0.000360638,0.000392241,0.000497433,0.00065548,0.000811303,0.000538089,0.000510557,0.000518366,0.000719596,0.001060066,0.001348835,0.001229711,0.001152667,0.001017099,0.000686185,0.000478703,0.000348432,0.000364603,0.000434223,0.000389203,0.00028638,0.000232867,0.000249613,0.000320893,0.000420845,0.000498476,0.000567852,0.000663887,0.000998414,0.001558092,0.002189149,0.00261635,0.002646812,0.000821633,0.004442373,0.007387311,0.011145745,0.013533039,0.010339018,0.00664166,0.003947741,0.004009534,0.003659315,0.00506582,0.005561745,0.00503646,0.003755328,0.00282132,0.002702104,0.002910277,0.002717277,0.002322725,0.001873219,0.001577848,0.001668237,0.002122212,0.004311475,0.006611012,0.01582413,0.0144026,0.018049426,0.016538264,0.010832445,0.006681343,0.006672018,0.010854552,0.021198893,0.037684172,0.046958119,0.041122667,0.025903655,0.017834939,0.014295344,0.017606705,0.023789672,0.031296361,0.028402377,0.122797564,0.056147709,0.003241795,0.004487663,0.041704725,0.019978691,0.018990699,0.022839451,0.025672099,0.030274285,0.034891553,0.029851755,0.023665618,0.001473981,0.003452534,0.002660359,0.003681788
Head 0,327,8.61E-05,8.25E-05,7.78E-05,9.90E-05,9.27E-05,8.73E-05,8.63E-05,8.50E-05,8.20E-05,7.91E-05,7.43E-05,8.18E-05,9.03E-05,9.94E-05,9.73E-05,8.90E-05,8.14E-05,8.67E-05,8.88E-05,0.000113761,0.000136253,0.000167688,0.00017157,0.00030469,0.000402192,0.001356144,0.000646557,0.000777366,0.000780723,0.000671785,0.0005249,0.000490545,0.000498488,0.001670588,0.001838535,0.001724413,0.00171628,0.002071749,0.000892878,0.000946276,0.000780639,0.000672975,0.000578364,0.000574368,0.000566915,0.000958974,0.000984843,0.000823025,0.000613986,0.00034533,0.000264508,0.000304867,0.000321853,0.00031656,0.0003323,0.000380555,0.000525933,0.000813433,0.001166605,0.001498562,0.001524,0.001659623,0.001978335,0.002983523,0.005006473,0.007013591,0.00533293,0.008015859,0.007127367,0.007763689,0.010769536,0.012926281,0.01348813,0.009500428,0.00820726,0.005105769,0.00500666,0.004378814,0.004080433,0.00353873,0.003129758,0.003026073,0.003082494,0.002559197,0.001908264,0.001400724,0.00112974,0.001147959,0.001617696,0.004313183,0.007805586,0.004921996,0.002952709,0.003192545,0.003868806,0.004448299,0.004781182,0.006672726,0.011017894,0.016129786,0.019067539,0.022679662,0.027493531,0.026645593,0.024945281,0.020418247,0.020755513,0.020164603,0.020620506,0.016685797,0.094045565,0.041111875,0.003253857,0.006871317,0.072377294,0.040802598,0.034847878,0.028870316,0.020758547,0.021101389,0.032042671,0.045146972,0.051144127,0.001754369,0.002922534,0.002216192,0.002408543,0.031958852
Head 0,328,7.96E-05,7.65E-05,9.35E-05,8.94E-05,8.16E-05,7.76E-05,7.51E-05,7.29E-05,7.10E-05,6.46E-05,6.82E-05,7.23E-05,8.13E-05,8.59E-05,8.50E-05,7.96E-05,8.00E-05,7.36E-05,8.72E-05,0.000103553,0.000135511,0.000148358,0.000246715,0.000322646,0.001049238,0.000494752,0.000603891,0.00075184,0.000670313,0.00048613,0.000416576,0.000416516,0.001225632,0.001549502,0.001496838,0.001365819,0.001465956,0.000583779,0.000734633,0.000744464,0.000694496,0.000542307,0.000452996,0.00040218,0.000831829,0.000911602,0.000873895,0.000738547,0.000414896,0.000283678,0.000277528,0.000266264,0.000266465,0.00029297,0.000315884,0.000375769,0.000520612,0.000778961,0.001190828,0.001420654,0.001548145,0.001590669,0.002043041,0.003360208,0.00551748,0.00513574,0.008896032,0.007570127,0.007204965,0.008944338,0.010776618,0.012699022,0.010402057,0.009745524,0.00600759,0.005404531,0.004413282,0.004055808,0.003629013,0.003339787,0.003197541,0.003155081,0.002611321,0.002013267,0.001537238,0.001234919,0.001150272,0.001485162,0.003769786,0.007306845,0.005959202,0.003343845,0.002883968,0.002743975,0.002874398,0.003329663,0.00534862,0.009747652,0.014724823,0.016881965,0.019208588,0.023774512,0.025532445,0.02698127,0.023767496,0.024115406,0.022379529,0.021710122,0.01696654,0.108921394,0.044803914,0.002807768,0.005656272,0.062242512,0.040868785,0.039316326,0.031980827,0.019640181,0.016435459,0.023003444,0.03647957,0.053133622,0.002029729,0.003401984,0.00257029,0.002404172,0.033790819,0.020133564
Head 0,329,8.03E-05,9.81E-05,9.79E-05,9.11E-05,8.52E-05,8.08E-05,7.79E-05,7.62E-05,6.91E-05,6.99E-05,6.90E-05,7.40E-05,7.97E-05,8.56E-05,8.73E-05,8.97E-05,7.62E-05,8.04E-05,8.69E-05,0.000112826,0.000133383,0.000213633,0.000289284,0.001017295,0.000473767,0.000610159,0.000759241,0.000744807,0.00055512,0.000449264,0.000414789,0.000940751,0.001393776,0.001568393,0.001470801,0.001420719,0.000442591,0.000555713,0.000675809,0.000784761,0.000667767,0.000503054,0.000364253,0.000891135,0.000919083,0.000913986,0.000886654,0.000567878,0.000400111,0.000347386,0.000280113,0.000252009,0.000280061,0.000308646,0.000337751,0.00040178,0.000549533,0.00089295,0.001282886,0.001621734,0.001631212,0.00174738,0.002383027,0.003833806,0.003976283,0.009459933,0.009347232,0.008679287,0.009258318,0.009624667,0.011033814,0.00999409,0.010838963,0.007414824,0.006626068,0.005051833,0.004319234,0.003764537,0.00356632,0.003514582,0.003441956,0.002793405,0.002160424,0.001694187,0.001388,0.001228257,0.001426099,0.003229828,0.006185684,0.006856499,0.004446587,0.003548787,0.002592551,0.002083505,0.00216885,0.003756101,0.008067663,0.014143719,0.017146157,0.018753262,0.021532368,0.022747045,0.025633942,0.02504243,0.027692111,0.026640804,0.02574878,0.019899514,0.12916486,0.054730944,0.002843549,0.005034087,0.049443018,0.033551134,0.036649846,0.03377549,0.020647338,0.014514046,0.016442884,0.023753807,0.038930289,0.002015567,0.004053657,0.003109567,0.002835689,0.03669668,0.018522665,0.015919823
Head 0,330,8.99E-05,9.17E-05,8.98E-05,8.66E-05,8.24E-05,7.87E-05,7.67E-05,7.05E-05,7.10E-05,6.74E-05,6.80E-05,7.06E-05,7.76E-05,8.55E-05,9.47E-05,8.05E-05,7.92E-05,7.62E-05,8.96E-05,0.000105384,0.00016598,0.000231982,0.001011951,0.000529824,0.000631472,0.000726415,0.000765283,0.000646187,0.000555074,0.000486926,0.00071202,0.001106721,0.001444636,0.00152678,0.00147178,0.000409078,0.000428966,0.000521386,0.000723374,0.000759447,0.000620737,0.000408886,0.001114972,0.001044337,0.000956506,0.000955825,0.000708557,0.000579742,0.000517984,0.000369704,0.000275507,0.000273724,0.000301994,0.000329694,0.000360461,0.000428773,0.000636304,0.000968539,0.001449443,0.001663636,0.00172985,0.001971346,0.00267227,0.002828018,0.007771173,0.009850755,0.01062201,0.010996125,0.009793862,0.009687145,0.008593365,0.010303338,0.008352838,0.008329742,0.006397271,0.005083326,0.004068566,0.003733003,0.003794194,0.003854415,0.003156222,0.002441463,0.001928489,0.001618687,0.001439164,0.001586837,0.003239647,0.005699806,0.006795037,0.005560128,0.004951498,0.003236453,0.001974763,0.001586505,0.00248048,0.00580072,0.012179771,0.017352495,0.02030977,0.022066476,0.021331348,0.023196261,0.024011301,0.02974961,0.031707112,0.032204252,0.02498964,0.138832733,0.064011775,0.00328931,0.005233865,0.043254841,0.026085002,0.028250242,0.029635767,0.02085886,0.014536996,0.014061896,0.016330374,0.024123723,0.001763026,0.004334087,0.003570967,0.003679877,0.042374987,0.018878531,0.013633138,0.009780827
Head 0,331,8.79E-05,8.83E-05,8.85E-05,8.68E-05,8.37E-05,8.13E-05,7.55E-05,7.62E-05,7.20E-05,6.94E-05,6.75E-05,7.11E-05,8.00E-05,9.50E-05,8.69E-05,8.65E-05,7.90E-05,8.15E-05,8.55E-05,0.000134328,0.000182992,0.001047685,0.000705035,0.000682391,0.000774911,0.000744728,0.000663009,0.000631715,0.000586127,0.000591389,0.000876459,0.001239506,0.001526698,0.001656949,0.000513287,0.000415508,0.000416003,0.000566249,0.000699838,0.000696319,0.00050834,0.001458659,0.001388374,0.001150914,0.001032102,0.000788299,0.000735304,0.000757647,0.000561046,0.000370215,0.00030631,0.000305978,0.000329663,0.000358598,0.0003907,0.000506119,0.000713829,0.001146415,0.00156905,0.001860157,0.00203537,0.002289598,0.002090948,0.005361049,0.008145045,0.011340195,0.013907406,0.012339169,0.010537,0.008081736,0.009166586,0.008098779,0.009390798,0.008157521,0.006673406,0.005023057,0.00420985,0.004160849,0.004339159,0.003666688,0.002900969,0.002309846,0.001944758,0.001751959,0.001887133,0.003560123,0.005624969,0.005574986,0.005688294,0.006481478,0.004833637,0.002670564,0.001640878,0.001935729,0.003969795,0.008726783,0.014742326,0.021085959,0.025313159,0.023678647,0.023229431,0.022486821,0.028265364,0.03282341,0.03683237,0.03056794,0.130357444,0.065908641,0.004042655,0.006135262,0.047503036,0.023833405,0.021673262,0.022139017,0.017588126,0.013927435,0.013643158,0.01364253,0.016238404,0.001350878,0.003530069,0.00318566,0.004024565,0.047388352,0.02164566,0.013770377,0.008043748,0.007755153
Head 0,332,8.95E-05,8.99E-05,8.94E-05,8.72E-05,8.54E-05,7.96E-05,8.10E-05,7.78E-05,7.40E-05,6.82E-05,6.68E-05,7.18E-05,8.63E-05,8.60E-05,9.32E-05,8.96E-05,8.74E-05,8.02E-05,0.000123789,0.000154582,0.000981701,0.000785369,0.000639273,0.000889267,0.000754678,0.000622368,0.000604025,0.000600582,0.000539543,0.000706938,0.000952319,0.001262618,0.001596134,0.000696773,0.000485488,0.000384275,0.000428974,0.000522174,0.000604907,0.000546234,0.001590325,0.001738761,0.001453647,0.00115761,0.000792575,0.000726637,0.000835827,0.000709719,0.000487911,0.000368038,0.000322259,0.000322532,0.000344787,0.000358211,0.000417849,0.00051387,0.000777845,0.001171934,0.001685882,0.002109577,0.002283061,0.001807435,0.003575097,0.005200027,0.008412933,0.013233805,0.014210193,0.012471992,0.00859866,0.008477952,0.006976034,0.008512634,0.008416887,0.00776262,0.00606495,0.00481045,0.004438552,0.004490048,0.003767498,0.003015847,0.002454047,0.002104017,0.001944437,0.002120916,0.003896008,0.005657741,0.003895478,0.004286132,0.006099064,0.006083955,0.003964845,0.002286656,0.002094849,0.003244657,0.00597322,0.010000815,0.016790569,0.025033901,0.026745083,0.026382707,0.023664506,0.02749937,0.031465434,0.037217487,0.033351433,0.116944619,0.061470028,0.004849529,0.007376269,0.061930209,0.028534569,0.02157766,0.018671695,0.014489867,0.012743777,0.014031827,0.014277881,0.014833816,0.001113156,0.002519979,0.0022461,0.003193024,0.046996821,0.025771184,0.017325096,0.00891938,0.00709511,0.00805344
Head 0,333,5.74E-05,6.10E-05,5.91E-05,5.15E-05,4.45E-05,4.14E-05,4.35E-05,4.70E-05,4.75E-05,4.59E-05,4.31E-05,4.24E-05,3.84E-05,3.76E-05,3.52E-05,3.31E-05,3.10E-05,9.07E-05,0.000110178,0.000447017,0.000142894,0.000477718,9.80E-05,9.49E-05,0.000111997,0.000151908,0.000187273,0.000372722,0.000360081,0.000324491,0.000289558,0.000284171,0.000196396,0.000240246,0.000247682,0.000274088,0.000299494,0.000330329,0.0003661,0.000480959,0.000536224,0.000529535,0.000531843,0.000568494,0.000707576,0.000870041,0.000803433,0.000526679,0.000326129,0.000246153,0.000252692,0.000344413,0.000436793,0.000483408,0.000454158,0.000464124,0.000526326,0.000667587,0.000879422,0.001076162,0.000331996,0.001819155,0.002750956,0.003968815,0.005414319,0.005803327,0.005487894,0.004823936,0.005716159,0.005908584,0.007437624,0.007283743,0.005990578,0.004226842,0.003131203,0.003321605,0.004210152,0.004825942,0.004562207,0.003462824,0.002503482,0.002458015,0.003264926,0.006830218,0.01112896,0.015549848,0.011281929,0.011414779,0.010434831,0.008394153,0.006773168,0.007544647,0.011539291,0.019709991,0.032647699,0.040112074,0.039631758,0.032814335,0.029979067,0.030540003,0.041023016,0.052644387,0.055367049,0.039744101,0.073821642,0.029073024,0.004748252,0.009546221,0.048100032,0.027424142,0.023712231,0.019840503,0.014397329,0.012051378,0.012394884,0.011377127,0.010653229,0.00182538,0.003440488,0.002417317,0.002667002,0.023065353,0.013448065,0.008906768,0.004846167,0.003949026,0.005122246,0.001392825
Head 0,334,0.000134623,0.000126195,0.000116994,0.000101837,9.80E-05,9.48E-05,9.39E-05,8.92E-05,8.32E-05,7.86E-05,8.20E-05,8.01E-05,9.47E-05,0.000110316,0.000124728,0.000111034,0.000150872,0.000162485,0.000685976,0.000513462,0.000541812,0.000853689,0.000741449,0.00053981,0.0004801,0.000502447,0.000614593,0.000758323,0.000831523,0.000931266,0.001190137,0.000743074,0.000617689,0.000467516,0.000369297,0.000309007,0.000317956,0.000368443,0.001436428,0.002004922,0.002183173,0.001823872,0.001091418,0.000757306,0.000722563,0.00068014,0.000603847,0.000530186,0.000428975,0.000366795,0.000365716,0.000388051,0.000448699,0.000466039,0.000509871,0.000615783,0.000960129,0.001705495,0.002685725,0.002356343,0.003561525,0.003338239,0.003904341,0.006002556,0.008454762,0.010285255,0.008595383,0.007861468,0.005495208,0.005666026,0.005926528,0.006824247,0.007043429,0.006533716,0.005927933,0.005427239,0.004299415,0.003330098,0.002676838,0.00230594,0.002237456,0.002766303,0.005468987,0.008188144,0.003541667,0.002789146,0.003351011,0.004102136,0.004356799,0.00400475,0.00427267,0.005341895,0.006306588,0.006679659,0.008840437,0.014587098,0.021677751,0.029198168,0.030708354,0.034484714,0.036130391,0.039800726,0.037071787,0.104232468,0.048777521,0.006785338,0.010530673,0.07063666,0.039581221,0.02923613,0.01881789,0.010728019,0.008503979,0.010913603,0.015238294,0.019697292,0.002243493,0.003394441,0.002347737,0.002479685,0.030544298,0.023256987,0.023016151,0.015014224,0.010942715,0.009521686,0.001035476,0.015714692
Head 0,335,0.000126955,0.000120771,0.000108599,0.000104939,9.82E-05,9.40E-05,8.93E-05,8.60E-05,8.30E-05,8.48E-05,7.79E-05,8.69E-05,0.000101342,0.000124864,0.000125567,0.000163198,0.000179283,0.000623968,0.000470301,0.000555299,0.000926046,0.000944712,0.000686888,0.000532744,0.000477369,0.000563,0.000722694,0.000815397,0.00088249,0.001050498,0.000862804,0.000744238,0.000631254,0.000508923,0.000370567,0.000299981,0.000280345,0.00122771,0.001722348,0.002237353,0.00237281,0.001698912,0.001189051,0.000959515,0.000781485,0.000687225,0.000686144,0.000624321,0.000521644,0.000457411,0.000424257,0.000469469,0.000508854,0.000554985,0.000596839,0.000786652,0.001271807,0.002163953,0.002170447,0.004083957,0.003813794,0.003865507,0.005060371,0.006872998,0.009319634,0.009376301,0.009625702,0.006732908,0.005993225,0.005469346,0.006045284,0.006829046,0.007412123,0.007498843,0.006883239,0.005249315,0.003908338,0.003129423,0.002788253,0.002713983,0.003266994,0.006014528,0.008677945,0.003677994,0.002946133,0.003278453,0.003670056,0.003986253,0.004348184,0.005661513,0.007719634,0.008429361,0.007332401,0.007439961,0.010337318,0.01571543,0.02468509,0.030654594,0.036929376,0.037306409,0.037666991,0.034882307,0.098378927,0.047860857,0.008589879,0.013375459,0.067874096,0.042333014,0.036541391,0.024987198,0.012755416,0.007961052,0.008158239,0.01061187,0.015530113,0.002973478,0.004827369,0.003140689,0.002987138,0.022976201,0.017419763,0.019209197,0.015139204,0.012718676,0.011037325,0.001049215,0.014567185,0.010780332
Head 0,336,0.000120883,0.000110417,0.000108558,9.97E-05,9.29E-05,8.63E-05,8.33E-05,8.21E-05,8.37E-05,7.32E-05,7.66E-05,8.44E-05,0.000105149,0.000117983,0.000149743,0.000180107,0.000676396,0.00043277,0.000549373,0.000742702,0.000901549,0.000762926,0.000610348,0.00048577,0.000499994,0.000639623,0.000737982,0.000777863,0.000850052,0.000820876,0.000715952,0.000668262,0.00060452,0.000447137,0.000319094,0.000238536,0.001073433,0.001292298,0.001659214,0.002068316,0.001861911,0.00153222,0.001223392,0.000861386,0.000657643,0.000655002,0.000670688,0.000617615,0.000531988,0.000446037,0.000446847,0.000473708,0.000523825,0.000534847,0.000611277,0.000841723,0.001363909,0.001723762,0.003600052,0.003892744,0.003855247,0.004308672,0.0050075,0.006588207,0.007455551,0.00929669,0.007540817,0.006780102,0.005483283,0.005251419,0.005584921,0.006517256,0.007594762,0.007771656,0.00611597,0.004398329,0.003327006,0.002893707,0.002767789,0.003259236,0.005959589,0.008612215,0.00332961,0.002801303,0.003008889,0.002994078,0.002959884,0.003382271,0.005324803,0.009103182,0.011316394,0.00959386,0.007879613,0.008177939,0.010274833,0.016153069,0.023385596,0.034194302,0.038540825,0.038628649,0.033868968,0.102131464,0.050257683,0.009243904,0.014996795,0.064165801,0.041663852,0.041507915,0.033847392,0.018534007,0.010326615,0.008403212,0.008791579,0.012082608,0.002888008,0.005695606,0.003730313,0.00346836,0.020771112,0.014132423,0.015304686,0.013694184,0.014410205,0.014805936,0.00122523,0.017753009,0.011774753,0.009804981
Head 0,337,0.000111187,0.000111117,0.000103,9.54E-05,8.65E-05,8.17E-05,8.11E-05,8.44E-05,7.36E-05,7.45E-05,7.66E-05,8.93E-05,0.00010237,0.000128202,0.000166799,0.00082258,0.000528862,0.000604212,0.00060942,0.000758773,0.000762782,0.00072419,0.00058927,0.000474185,0.000578462,0.000672425,0.000712186,0.000748502,0.000854,0.000726748,0.000680917,0.00067506,0.000554518,0.000402427,0.000269383,0.001085593,0.001102283,0.001209918,0.001501757,0.00160091,0.001675664,0.001582158,0.001097716,0.000715679,0.000620441,0.000642376,0.000666565,0.000631426,0.000525846,0.000477433,0.000461632,0.000501226,0.000511339,0.000548772,0.000650779,0.000901887,0.001326337,0.002584375,0.003452421,0.003906068,0.004222339,0.004207515,0.004784316,0.005274252,0.0074535,0.007370012,0.007743537,0.006249525,0.005276117,0.004816478,0.005301601,0.00670422,0.007957955,0.007011331,0.00519821,0.003740576,0.003039145,0.002769203,0.00313817,0.00578819,0.00849754,0.002888232,0.002623707,0.002936893,0.002791614,0.002439407,0.002548966,0.004197881,0.008657115,0.013370254,0.013053037,0.010389137,0.008549005,0.008005457,0.010457364,0.015274481,0.026471086,0.036189068,0.040288534,0.034716733,0.10558486,0.051281869,0.009086199,0.01585163,0.063269764,0.039619491,0.040920451,0.038839471,0.025406815,0.015056772,0.011032309,0.009067205,0.009878892,0.002357765,0.005570791,0.004025223,0.004078331,0.020715572,0.012620308,0.012080011,0.010586127,0.012953545,0.01674711,0.001518166,0.023049179,0.013849613,0.010575073,0.007790436
Head 0,338,0.000115411,0.00010906,0.000102439,9.23E-05,8.49E-05,8.29E-05,8.69E-05,7.77E-05,7.88E-05,7.85E-05,8.41E-05,9.00E-05,0.000113378,0.0001471,0.00090979,0.000810843,0.000730406,0.000616094,0.000631359,0.00065733,0.000754651,0.000742331,0.000498805,0.000589311,0.00068118,0.000731245,0.000771182,0.000956476,0.000815746,0.000737511,0.000741951,0.000666468,0.000527928,0.000365455,0.001298861,0.001262881,0.001153556,0.001200369,0.001274538,0.001564861,0.0018786,0.001547872,0.000988773,0.000724634,0.000655061,0.000686607,0.000733813,0.000675485,0.000607945,0.000533832,0.000536764,0.000539261,0.00057877,0.000643775,0.000767609,0.001107442,0.001807057,0.002785239,0.003867145,0.00467146,0.004434288,0.004263057,0.004028796,0.005488519,0.006143124,0.007990061,0.007526043,0.006395198,0.00511102,0.004745417,0.005639662,0.007210519,0.007390639,0.0062446,0.00465845,0.003594963,0.003082596,0.003292602,0.005953836,0.008829586,0.002627788,0.002473326,0.002920124,0.002893089,0.002413646,0.002256154,0.003433273,0.007507849,0.013792259,0.016725587,0.015569018,0.012179494,0.008911133,0.008533564,0.010271216,0.018001901,0.029326562,0.040010732,0.038014561,0.109930299,0.049800668,0.008786681,0.016265994,0.062299695,0.036796719,0.036050592,0.035777718,0.027614154,0.019780073,0.015840601,0.011687825,0.009760296,0.001921677,0.004675784,0.003988459,0.004601633,0.020155951,0.012177104,0.01033457,0.007857269,0.009408876,0.01412967,0.001705374,0.027219012,0.016176924,0.011266786,0.007593094,0.007140422
Head 0,339,0.00011569,0.000109941,0.000100381,9.13E-05,8.68E-05,8.95E-05,8.17E-05,8.39E-05,8.51E-05,8.75E-05,8.53E-05,0.000109873,0.000129437,0.000813967,0.001193425,0.00084954,0.000816909,0.000621851,0.000534719,0.000623194,0.000749028,0.000501496,0.000595395,0.000688316,0.000747767,0.000806905,0.000998109,0.000886252,0.00079035,0.000770594,0.000710728,0.000608342,0.000469779,0.00141966,0.00158554,0.001380207,0.001183447,0.001056876,0.001243027,0.001709389,0.001801341,0.001365227,0.000975587,0.000750661,0.000692064,0.000747237,0.000762667,0.000754395,0.000659083,0.000615497,0.000581083,0.000615965,0.000682143,0.000757116,0.000981075,0.00130026,0.001976472,0.003191555,0.004684714,0.004951234,0.004506039,0.003599639,0.004129722,0.004384571,0.006419416,0.007490469,0.007516819,0.00610431,0.004943758,0.004990204,0.005948878,0.006532344,0.006415071,0.005445303,0.004342052,0.003594351,0.003565189,0.006042227,0.00884713,0.00246651,0.002316558,0.002788245,0.002949686,0.002541417,0.002241308,0.003005175,0.006057132,0.011506763,0.016330488,0.01965346,0.018394127,0.01303821,0.009763966,0.008613503,0.012279726,0.020120047,0.032792889,0.038106691,0.119491458,0.05169047,0.008863132,0.016395969,0.063694954,0.036209062,0.032918338,0.030474985,0.024615377,0.020840101,0.020502711,0.01684631,0.012827118,0.001711502,0.003653568,0.003484793,0.004416435,0.018175876,0.012021941,0.010009973,0.006622864,0.006813421,0.010099291,0.001475103,0.027820311,0.018985812,0.013150994,0.008133342,0.006958873,0.006855822
Head 0,340,0.000121875,0.000112762,0.000102894,9.59E-05,9.53E-05,8.64E-05,8.88E-05,9.28E-05,9.75E-05,9.08E-05,0.000122809,0.000128254,0.000675366,0.00136548,0.000862715,0.00129451,0.000833506,0.000534254,0.000500827,0.000603908,0.000473487,0.0005672,0.000654984,0.000712544,0.000785849,0.000992831,0.000908226,0.000826734,0.000778162,0.000690038,0.000593217,0.00048971,0.001168794,0.001632052,0.001643703,0.001365189,0.001011305,0.000983584,0.001276313,0.00154344,0.001495876,0.001269826,0.000960773,0.000771739,0.00074421,0.000753702,0.000815314,0.00076707,0.000705456,0.000617166,0.00061945,0.000683861,0.000759211,0.000934335,0.001015109,0.001315117,0.002124974,0.003631881,0.00470978,0.004841898,0.00373855,0.003656214,0.003230121,0.004428582,0.005749786,0.007091089,0.006831319,0.005695198,0.005117824,0.005233231,0.005340783,0.005529616,0.005381988,0.004838121,0.004152108,0.003970912,0.006226502,0.008647867,0.002177189,0.001986915,0.002344823,0.002585321,0.002413619,0.002219598,0.002786945,0.004877124,0.008258929,0.011685321,0.016824091,0.020774212,0.018025177,0.013375788,0.009499503,0.010017684,0.01337331,0.021755418,0.029810771,0.124342874,0.056772936,0.009388226,0.016965946,0.069729611,0.039656807,0.035082705,0.029432068,0.022053178,0.019218933,0.022053061,0.022544028,0.019576754,0.0017597,0.003077216,0.002846095,0.003615208,0.015261582,0.011308099,0.010438895,0.006830867,0.006123549,0.007963358,0.001105866,0.02546793,0.02138626,0.016752211,0.010409127,0.008232274,0.007514432,0.006897807
Head 0,341,0.00011678,0.000108541,0.000101961,9.95E-05,8.84E-05,8.85E-05,9.22E-05,0.000100702,9.65E-05,0.000139999,0.000136613,0.00054089,0.001203454,0.00079144,0.001857346,0.001297486,0.000700181,0.000488982,0.000477855,0.000449049,0.000533196,0.000620768,0.000680702,0.00075758,0.00099296,0.000903845,0.000868834,0.000846841,0.000734406,0.000604804,0.00048199,0.000853231,0.001367614,0.001707235,0.001628672,0.001152756,0.000950722,0.001021944,0.00116994,0.001310623,0.001428025,0.001273221,0.001007377,0.000850783,0.000765188,0.000825056,0.000851833,0.00084171,0.000720384,0.000670336,0.000697103,0.000767405,0.000961282,0.000934236,0.001018356,0.001454426,0.002501774,0.003733451,0.004608566,0.00399688,0.00379429,0.002885965,0.003322126,0.004079375,0.005571492,0.006551418,0.006452277,0.005905708,0.005346572,0.004723044,0.004612782,0.004822392,0.005037874,0.004866397,0.004874656,0.00723981,0.009187331,0.002181492,0.001906112,0.002144544,0.002294774,0.002217055,0.002220026,0.002918558,0.004834027,0.007186906,0.008985499,0.012974956,0.018950015,0.021276608,0.018879078,0.013217748,0.011223217,0.011200146,0.014952965,0.020640668,0.11649131,0.059883092,0.010054912,0.018234974,0.073750637,0.041818898,0.038577136,0.031901103,0.022147525,0.017794833,0.020581653,0.024268443,0.026229372,0.002121421,0.003280074,0.002644925,0.003158142,0.012692399,0.00971053,0.010002321,0.007208202,0.006290256,0.007175247,0.000919564,0.020353008,0.019942464,0.018942513,0.01317757,0.010375554,0.008758125,0.007549489,0.006413902
Head 0,342,7.15E-05,7.53E-05,7.30E-05,6.13E-05,5.34E-05,4.96E-05,5.44E-05,6.12E-05,0.000112559,0.000119633,0.000641846,0.000265835,0.000508882,0.000232436,0.000184944,0.000123655,9.25E-05,8.79E-05,0.000275094,0.000361384,0.000421912,0.000382072,0.000321389,0.000109793,0.000155978,0.000225919,0.000287625,0.000243761,0.000160111,0.000107436,0.000202538,0.000199233,0.000215815,0.000257373,0.000290772,0.000307898,0.000302118,0.000302548,0.000316596,0.000355129,0.000352479,0.000311904,0.000323562,0.000402472,0.000615995,0.000894629,0.001017197,0.00079174,0.00056042,0.000488314,0.000578275,0.000232967,0.001278086,0.001534762,0.001558367,0.001582958,0.001580383,0.00172203,0.001795146,0.002162387,0.002037558,0.002182228,0.002178352,0.002344469,0.002505912,0.002616726,0.002957832,0.003340727,0.003736103,0.0040518,0.003806079,0.003159784,0.002771009,0.002844093,0.004663483,0.007248747,0.006973005,0.00545787,0.004692697,0.003423215,0.002789055,0.003214661,0.005809678,0.012336163,0.021050587,0.027741235,0.029028499,0.028431041,0.02735411,0.0280107,0.027538868,0.030732844,0.034263048,0.038273428,0.038534332,0.073908448,0.032746062,0.00981774,0.017859375,0.043058276,0.033600565,0.046434913,0.046889886,0.029216928,0.016887141,0.01408122,0.014845992,0.020992694,0.005766708,0.012084691,0.00787976,0.007195594,0.019543532,0.010868135,0.008287244,0.005491078,0.004709533,0.005589553,0.000787425,0.01202663,0.00954524,0.008870359,0.005967772,0.004336237,0.003746716,0.004060192,0.004558459,0.001789522
Head 0,343,9.60E-05,0.000104679,9.61E-05,8.22E-05,6.74E-05,6.51E-05,7.19E-05,0.000135632,0.000147159,0.00073911,0.000337053,0.000577815,0.00028525,0.000264171,0.000198814,0.000139526,0.00010406,0.000278449,0.000324021,0.000418982,0.00046092,0.000433283,0.000121418,0.000132946,0.000177922,0.000276608,0.000323356,0.000262973,0.000165766,0.000318257,0.000259695,0.000236047,0.000269921,0.000333002,0.000405796,0.000424388,0.000384225,0.00035163,0.00039584,0.000465733,0.000468729,0.000442693,0.000426816,0.000520272,0.00077761,0.001174798,0.001256267,0.000985877,0.00071432,0.00062072,0.00022052,0.001164933,0.00168451,0.001999968,0.002062615,0.001824191,0.001707645,0.001674031,0.002105362,0.002191373,0.002440152,0.002305762,0.002241964,0.002232349,0.002326388,0.002725738,0.003063391,0.003214036,0.003342743,0.003305211,0.003225389,0.003362247,0.003634181,0.00518644,0.00620988,0.005047118,0.004965464,0.005603552,0.004433913,0.00309844,0.002868233,0.004641153,0.010445837,0.019889813,0.028161088,0.030821947,0.02926608,0.027083877,0.027838247,0.028760904,0.03335413,0.036417585,0.038299993,0.037536148,0.062252693,0.033121899,0.012183866,0.020283159,0.037182249,0.024384724,0.034277011,0.044197962,0.037323717,0.024208441,0.017708881,0.013869738,0.015808985,0.00499317,0.012240399,0.008354623,0.009753729,0.026051583,0.01409102,0.009714109,0.005924632,0.005092972,0.00596337,0.001012652,0.010084542,0.008108646,0.008964353,0.007538128,0.006095248,0.004800135,0.004174717,0.00404494,0.001588392,0.00249961
Head 0,344,0.000122288,0.000128971,0.00012101,9.71E-05,8.25E-05,8.04E-05,0.000158541,0.000171271,0.000920584,0.000465285,0.000641683,0.000330404,0.000307947,0.000267925,0.000211338,0.000151257,0.000332037,0.000308529,0.000372154,0.000460141,0.000518643,0.000163267,0.000140159,0.000143089,0.000208864,0.000302943,0.000343713,0.000269583,0.000483461,0.000375741,0.000280797,0.000259645,0.00029536,0.00039232,0.000494043,0.000480809,0.000401678,0.000394924,0.000471974,0.000559213,0.000593478,0.000531985,0.000510929,0.000627048,0.000995385,0.001425772,0.001531585,0.00121847,0.00087126,0.000257947,0.000971218,0.001471192,0.002123844,0.002620955,0.002387056,0.00196134,0.001630994,0.001883799,0.002055274,0.002596194,0.002650457,0.002539779,0.002318832,0.002207451,0.002532634,0.002926642,0.003047061,0.003049098,0.002952674,0.003049172,0.003706462,0.00462594,0.006810444,0.007030969,0.003483077,0.003518034,0.005094556,0.005278402,0.003930759,0.003092365,0.003958103,0.007887905,0.015255058,0.024145396,0.03108236,0.032105345,0.028900495,0.027471928,0.027198857,0.031930678,0.036127582,0.038529295,0.036940377,0.051232602,0.029504418,0.013856925,0.023845261,0.039661966,0.021027617,0.024248561,0.032004744,0.035279129,0.031505067,0.027036171,0.018698381,0.015650675,0.004444847,0.010302361,0.007301653,0.010524947,0.032213014,0.019295117,0.012830442,0.006823438,0.005354041,0.006274344,0.001321859,0.009704782,0.007038576,0.007906182,0.007889811,0.007819426,0.006817792,0.005328279,0.004188793,0.001426703,0.00241224,0.002874359
Head 0,345,0.000173913,0.000176192,0.000168554,0.000158652,0.000143025,0.000220805,0.000246006,0.001099176,0.001155172,0.000935768,0.001182138,0.00130029,0.001355766,0.001470083,0.001297989,0.000828742,0.000807284,0.000714419,0.000625746,0.000627345,0.001086628,0.001134417,0.000989837,0.000922986,0.000816329,0.000729725,0.000625098,0.000710723,0.000816239,0.000899202,0.001049966,0.001140287,0.001465038,0.001989349,0.002017921,0.001531294,0.001191679,0.001106722,0.001355416,0.0019066,0.00221804,0.002108033,0.001648383,0.001400014,0.001227975,0.001250722,0.001319699,0.001273134,0.001561559,0.001090406,0.000989097,0.001009685,0.001176231,0.001310235,0.001541833,0.001716204,0.002400393,0.002783478,0.003630669,0.003558694,0.003192614,0.002712422,0.002645731,0.003415992,0.004874043,0.005559835,0.00508681,0.003982609,0.003224188,0.003120493,0.003947529,0.007921837,0.01244386,0.003168972,0.002068333,0.001885836,0.00173169,0.001463961,0.001368782,0.001914942,0.003769896,0.006168769,0.007082318,0.008132638,0.008860225,0.009223942,0.010808187,0.013655717,0.020663332,0.026112974,0.025560671,0.018197186,0.076480903,0.032406691,0.004246888,0.011396568,0.078485638,0.048320431,0.045187812,0.040322818,0.030792614,0.025322028,0.02627046,0.024840822,0.023777924,0.004219149,0.007024318,0.004604058,0.004298275,0.024057351,0.012803601,0.009198861,0.005809118,0.005486468,0.007402711,0.001557268,0.01719144,0.012190259,0.010898825,0.009939335,0.012990623,0.017785836,0.019058464,0.015285229,0.001897811,0.002500272,0.002782285,0.015813474
Head 0,346,0.000178209,0.000180301,0.000180999,0.000163656,0.000244402,0.000257149,0.001088158,0.001281889,0.00117011,0.001369155,0.001280353,0.001166503,0.001300772,0.001432085,0.000897667,0.001044905,0.000983565,0.00080275,0.00070796,0.000972711,0.001179155,0.001207412,0.001170715,0.000954228,0.000752731,0.000617123,0.000672796,0.000818291,0.000906042,0.000988832,0.000987261,0.001192829,0.001644486,0.001970127,0.001810919,0.001475598,0.001167619,0.001146995,0.001510115,0.00204599,0.002534625,0.002393166,0.002043875,0.001590783,0.001456084,0.001561173,0.00168549,0.001884978,0.001601407,0.001345922,0.001243551,0.001319725,0.001369053,0.001526286,0.001601066,0.002098151,0.002409673,0.003313075,0.003713404,0.003710847,0.00318252,0.002778164,0.00307945,0.004093356,0.005077094,0.005517126,0.004984964,0.004086389,0.003556094,0.003924017,0.00720207,0.012150574,0.004442136,0.003009493,0.002441806,0.001978917,0.001585751,0.001460525,0.001965309,0.003579299,0.005542804,0.00628483,0.007480303,0.008521802,0.008902965,0.009725147,0.011332329,0.016864587,0.0238722,0.028050918,0.022915088,0.096660286,0.035252806,0.003418934,0.007791655,0.062960885,0.044581875,0.046404094,0.040976636,0.028440364,0.021996731,0.023294616,0.024378007,0.025334973,0.005272982,0.008452975,0.00597982,0.00527296,0.026975391,0.015021292,0.010645291,0.006186841,0.004985828,0.005816374,0.001434922,0.01439477,0.011137529,0.009500504,0.007578201,0.008879547,0.012673318,0.016316554,0.015999593,0.002343327,0.002956961,0.002844234,0.01619594,0.010730102
Head 0,347,0.000181173,0.000190837,0.000179891,0.000266962,0.000262435,0.000932951,0.001249027,0.00130357,0.001633458,0.001439282,0.001102308,0.001072351,0.001228777,0.000796109,0.001080791,0.00120919,0.001053483,0.000865173,0.000804076,0.000949109,0.00113036,0.001310436,0.001161894,0.000876064,0.000636754,0.000646609,0.000804189,0.000897219,0.000945693,0.000871815,0.00095744,0.001233604,0.001592421,0.001805848,0.001815039,0.001488114,0.001219674,0.001264766,0.00156743,0.002207262,0.002685475,0.002774491,0.002202477,0.001800304,0.001719956,0.001826249,0.001857744,0.002010011,0.00171381,0.001538221,0.001517169,0.001435657,0.001471654,0.001423814,0.001727879,0.001887534,0.002604665,0.003249366,0.00375432,0.003566911,0.003058014,0.002919459,0.003246311,0.003767416,0.004488808,0.004925124,0.00478509,0.004299423,0.004289852,0.006642736,0.010266216,0.004839354,0.003952975,0.003303106,0.002431492,0.001728341,0.001472966,0.001895505,0.003302114,0.004954434,0.005530435,0.006797053,0.008153879,0.008787945,0.009146369,0.009551893,0.012789031,0.018156892,0.024703659,0.025434537,0.124283984,0.046600848,0.003655086,0.006307103,0.048032168,0.034558769,0.041320283,0.041501462,0.029928464,0.022241903,0.022360835,0.023614848,0.026212377,0.005773799,0.009566776,0.007075702,0.006585283,0.02831828,0.017145522,0.012815994,0.007418629,0.005438328,0.005320365,0.0012227,0.01136844,0.010081752,0.009214952,0.006966223,0.007035609,0.008990111,0.012015408,0.013952024,0.002425167,0.003490823,0.003264533,0.018387835,0.011254704,0.00963113
Head 0,348,0.000183356,0.000179768,0.000276494,0.000262836,0.000830016,0.001045094,0.001230357,0.001687823,0.001643935,0.001184734,0.000972002,0.000965672,0.000650329,0.000898826,0.001181953,0.001221463,0.001068504,0.000781946,0.000731214,0.00084637,0.001133198,0.001213645,0.001024442,0.000712059,0.000595266,0.000728996,0.000820894,0.000870237,0.000772292,0.00078343,0.000900653,0.001089367,0.001351692,0.001712589,0.001759323,0.001483563,0.001269376,0.001246913,0.001599623,0.002216032,0.002933559,0.002802686,0.002349354,0.002018292,0.001915012,0.00177437,0.002157799,0.00192512,0.001773389,0.00170837,0.001506475,0.00141468,0.001256811,0.001407343,0.001420364,0.001855902,0.002372282,0.003061584,0.003401862,0.003272576,0.003053392,0.002916862,0.002843809,0.003157979,0.003787058,0.004487373,0.004761134,0.004971236,0.007012295,0.009234578,0.004306236,0.004339253,0.004288028,0.003235154,0.002091166,0.00158237,0.001857527,0.003029458,0.004336191,0.004681494,0.005826962,0.007354706,0.008516811,0.009139714,0.009145233,0.010859917,0.013716012,0.01849056,0.022087578,0.131180063,0.060833897,0.004715992,0.006622424,0.04431035,0.027258564,0.032915559,0.037574545,0.030897295,0.023993626,0.023366053,0.023720058,0.027138397,0.005841579,0.010453037,0.007411073,0.007807466,0.029215487,0.01918854,0.015557833,0.009575751,0.007021406,0.006094564,0.00109353,0.009393254,0.008810781,0.009034711,0.00734261,0.007003815,0.007766117,0.009401989,0.011296297,0.002148948,0.003778384,0.003971726,0.024023736,0.013727596,0.010940188,0.009008496
Head 0,349,0.000192412,0.000306082,0.000299086,0.000978539,0.001010069,0.001228261,0.001655485,0.001927325,0.001548879,0.001206576,0.000993115,0.000641258,0.000766966,0.001037587,0.001264213,0.00131665,0.001146957,0.000787921,0.000722278,0.000929542,0.001152141,0.001191134,0.000905974,0.000599472,0.000716446,0.000800069,0.000850127,0.000756208,0.000748299,0.000792468,0.000831297,0.000945829,0.001304733,0.001736878,0.001860664,0.001634635,0.001331154,0.001327838,0.001661507,0.002495208,0.003061541,0.003135771,0.002799535,0.002418784,0.002057081,0.002410889,0.002220046,0.002159228,0.00215015,0.001849169,0.001612712,0.001311233,0.001356823,0.001248942,0.001502988,0.001809691,0.002368153,0.002927743,0.003311738,0.003466737,0.003253341,0.002711411,0.002494369,0.002740982,0.003519272,0.004541311,0.005667875,0.008605609,0.010229745,0.003621902,0.003971662,0.004810891,0.004297144,0.002864277,0.002002219,0.002102404,0.003123055,0.004139915,0.004174702,0.005010352,0.006348853,0.007695934,0.008871975,0.00929781,0.010611001,0.011856685,0.014213941,0.016930003,0.112287253,0.067467667,0.006438538,0.008870194,0.053524662,0.025952863,0.026512697,0.030413559,0.028575933,0.025300536,0.025922587,0.025222478,0.027478946,0.005646435,0.01069051,0.00672524,0.007996473,0.027892752,0.019518787,0.017154263,0.011675533,0.009394548,0.008154782,0.001073868,0.008587223,0.00728842,0.007669998,0.007021102,0.007223283,0.007614986,0.008030214,0.008718771,0.00167701,0.003365287,0.004298011,0.030731576,0.017606374,0.013193709,0.01019563,0.008398437
Head 0,350,0.000299233,0.000309965,0.001253451,0.00102135,0.001221707,0.001344591,0.001727354,0.001652831,0.00145425,0.00115081,0.000722321,0.000707378,0.000839778,0.001056423,0.001289336,0.001773002,0.001051821,0.00072033,0.000733429,0.000874799,0.001049587,0.000974872,0.000576993,0.000689182,0.000760956,0.000794353,0.000717473,0.000724979,0.000769124,0.000737888,0.000717537,0.000890942,0.001297532,0.001799023,0.001988984,0.001669299,0.001382153,0.001350783,0.001828072,0.002514046,0.003268248,0.003536256,0.003168673,0.002559652,0.002663519,0.002376795,0.002369922,0.002499267,0.002212562,0.001870536,0.001417093,0.001350489,0.001147056,0.001284076,0.001420831,0.001754979,0.002194816,0.00275716,0.003390979,0.00359532,0.002954924,0.002339937,0.002129968,0.002473073,0.003421403,0.00511924,0.009513348,0.0120151,0.003292627,0.003276824,0.004328831,0.004727889,0.003682203,0.002653049,0.002598102,0.003507525,0.004240619,0.003959793,0.004466467,0.005453968,0.006557819,0.00788372,0.008927414,0.01066713,0.01147109,0.012194102,0.012905696,0.08433117,0.057506632,0.007055169,0.011587674,0.075432695,0.031733081,0.025434148,0.024729399,0.023213936,0.023199357,0.027204257,0.027633693,0.028646147,0.005549552,0.010585897,0.006030927,0.007409181,0.026827976,0.019362774,0.017770456,0.012937782,0.011472019,0.011038611,0.001151557,0.009993456,0.006985448,0.006511057,0.006134751,0.007047166,0.007985322,0.007990567,0.007598931,0.001415062,0.002713601,0.003875182,0.035863176,0.022721121,0.017028786,0.012406084,0.009639343,0.008208789
Head 0,351,0.000289662,0.001586325,0.001144098,0.001288829,0.001175446,0.00144827,0.001493607,0.001554318,0.001392088,0.000893741,0.00077624,0.000756583,0.000844019,0.001073258,0.002467835,0.001647862,0.000967923,0.000734003,0.000689675,0.000789778,0.000847983,0.000506943,0.000625033,0.000700796,0.000717556,0.000636455,0.000641426,0.000705495,0.000681427,0.000604943,0.000630502,0.000819632,0.001249299,0.001782171,0.001880918,0.001617584,0.001313133,0.001393548,0.001732743,0.002526362,0.003489832,0.003802118,0.003113912,0.003132708,0.002548275,0.002424169,0.002637595,0.002484835,0.002178106,0.001598436,0.001410616,0.001087617,0.001125808,0.001145361,0.001305261,0.001542164,0.00196575,0.002692461,0.003383603,0.003147945,0.002460788,0.001934097,0.001844656,0.002298795,0.003620445,0.008273041,0.012805956,0.003440877,0.002806262,0.003397364,0.004130088,0.003936962,0.003286568,0.003315974,0.004216528,0.004624079,0.003912837,0.004065844,0.004714211,0.005444086,0.006537684,0.007755395,0.009970153,0.011216709,0.011481744,0.010781123,0.066485822,0.042804468,0.005901571,0.012159368,0.098655023,0.044539858,0.03084673,0.023457509,0.018452806,0.018278897,0.024282768,0.028381629,0.030487813,0.005373816,0.009951253,0.005400343,0.006203954,0.02504456,0.018180953,0.017176695,0.013065538,0.012246814,0.013203318,0.001223043,0.013337387,0.008037345,0.00610235,0.005122364,0.006031875,0.007631092,0.00814093,0.007340144,0.001411243,0.002300804,0.003164755,0.034702398,0.026169982,0.021831064,0.015939996,0.011818367,0.009411279,0.006585724
Head 0,352,0.001830462,0.001379963,0.00153403,0.001256111,0.001348237,0.001280199,0.001432716,0.001534073,0.001069654,0.000974042,0.000846132,0.000783266,0.000887329,0.002630478,0.002366691,0.001552379,0.001020818,0.000713799,0.000630229,0.000633534,0.000427848,0.000549762,0.000651394,0.000684921,0.000600929,0.000587883,0.000643145,0.000651284,0.000588162,0.000552472,0.000586797,0.000795363,0.001256054,0.001729123,0.001906537,0.00160712,0.001411251,0.001366918,0.001772368,0.002729739,0.00378509,0.003311555,0.004121781,0.003192194,0.002774911,0.002876431,0.002761419,0.002571804,0.001933458,0.001652529,0.001172009,0.001106196,0.001038342,0.00109296,0.001185996,0.00142309,0.001957037,0.002727612,0.003015988,0.002678301,0.002094701,0.001713055,0.001738249,0.002429973,0.005902711,0.01133256,0.004315331,0.003038245,0.00295973,0.00327262,0.003418585,0.003414656,0.003972226,0.005267642,0.005583817,0.004388467,0.004145676,0.004438804,0.004767775,0.005433857,0.006321657,0.008432613,0.010238416,0.011047093,0.01007729,0.063702993,0.035153221,0.0043366,0.010041543,0.100193225,0.057895884,0.042913068,0.028146537,0.017263733,0.014378895,0.018941112,0.025384998,0.03117384,0.005289165,0.009832364,0.00559048,0.005747372,0.023449432,0.016318807,0.015440234,0.012125688,0.011663236,0.013526501,0.001296184,0.017892586,0.010775853,0.006972529,0.004719757,0.00485834,0.00620329,0.007331212,0.007103144,0.001606027,0.002239242,0.002609452,0.027942045,0.02445185,0.024298893,0.019521644,0.014636742,0.011087283,0.007304586,0.005712759
Head 0,353,0.000947678,0.000919307,0.001074141,0.00114858,0.000986284,0.000971056,0.001040236,0.000712572,0.000805494,0.00081139,0.000739573,0.000725402,0.001962032,0.002089555,0.001879801,0.001475711,0.000933954,0.000628163,0.000493666,0.000319744,0.000391695,0.000506332,0.00061545,0.000607475,0.000581536,0.000538232,0.000506319,0.000501552,0.000549607,0.000608497,0.000727595,0.001012252,0.001458685,0.00205067,0.002382539,0.002465592,0.002150727,0.002171891,0.0028514,0.004311968,0.003555329,0.008102263,0.006953513,0.005532958,0.004776088,0.004044725,0.003717718,0.003022257,0.002608671,0.001781228,0.001418779,0.001167214,0.001165146,0.00129428,0.00162148,0.002200119,0.00291331,0.003355185,0.003369819,0.002990645,0.002571921,0.002362673,0.002775769,0.005547937,0.010081482,0.004934984,0.003612253,0.002978952,0.002528537,0.002323254,0.002618118,0.003848812,0.006220816,0.007082702,0.005396124,0.004495827,0.004219198,0.004337989,0.004799914,0.005421255,0.006679822,0.007486695,0.007663826,0.007294025,0.052579515,0.031464025,0.003729342,0.008005935,0.072280608,0.05308114,0.052253786,0.039784443,0.022333687,0.014560605,0.015609519,0.020968815,0.032322437,0.005858946,0.012508919,0.007660759,0.007538125,0.024496006,0.01606345,0.014889058,0.012203651,0.012202173,0.014403464,0.001492417,0.023175333,0.015401355,0.01051723,0.006237009,0.00492203,0.005046802,0.005737537,0.006223765,0.001928571,0.002676236,0.002581195,0.022044346,0.019266911,0.022789055,0.02226318,0.018475609,0.013496388,0.007671464,0.005316122,0.005411072
Head 0,354,0.001008788,0.001201544,0.001306518,0.001090912,0.001007733,0.000984912,0.000668155,0.000762365,0.000842236,0.000810409,0.000759321,0.001778456,0.00188061,0.00194291,0.001880312,0.001336899,0.000837894,0.000515569,0.00033,0.000351628,0.000407553,0.000493767,0.000521049,0.000555871,0.000534801,0.000473047,0.000434938,0.000465727,0.000518533,0.000588452,0.000727273,0.000960606,0.001393641,0.00192057,0.002446745,0.002344896,0.002164848,0.002338782,0.003075901,0.00256075,0.007274913,0.00788682,0.007244027,0.006261553,0.004799489,0.004036297,0.003215597,0.002947177,0.002119408,0.001678082,0.001255068,0.00108233,0.001036219,0.001185255,0.001570036,0.002115425,0.002576107,0.002873252,0.002899854,0.002752142,0.002519376,0.002641491,0.00453027,0.007474651,0.004481608,0.004002323,0.003622342,0.002828947,0.002188717,0.002189612,0.003250639,0.005888847,0.007682086,0.006442443,0.005408641,0.00462741,0.004168598,0.004172743,0.004501738,0.005608962,0.006426682,0.006727306,0.00643324,0.051258303,0.032083005,0.00312076,0.006176263,0.05790595,0.045101877,0.052412953,0.0495889,0.031247204,0.018929632,0.016315142,0.01741956,0.024187487,0.003904336,0.010006155,0.006988936,0.008180088,0.029363148,0.017741362,0.014784222,0.011381405,0.011607063,0.014239586,0.001852906,0.025162496,0.018584773,0.01414148,0.008655493,0.006271222,0.005377652,0.005143411,0.00522646,0.002007231,0.00309655,0.002991041,0.019676393,0.016024236,0.019369025,0.021611517,0.021647573,0.018417289,0.010951245,0.007213883,0.006470247,0.005311816
Head 0,355,0.001229658,0.001333957,0.001148088,0.001059695,0.000968981,0.000666594,0.000697932,0.000801059,0.000844186,0.000825289,0.001676915,0.001631371,0.001691817,0.001903586,0.001656162,0.001170908,0.000683048,0.000405644,0.000385463,0.000379986,0.000415316,0.000442905,0.000531552,0.00057924,0.000521699,0.000449643,0.000451342,0.000501709,0.000574159,0.00067194,0.000797759,0.001062771,0.001519972,0.002297026,0.002672805,0.002645126,0.002558072,0.002746573,0.002079157,0.005845495,0.007712735,0.008794847,0.008540152,0.006421917,0.004897218,0.003640926,0.003364529,0.002601236,0.002192723,0.001617019,0.001263926,0.001040161,0.001034457,0.001274306,0.001680947,0.002079943,0.002461291,0.002731811,0.002887529,0.00284896,0.002931062,0.004424174,0.006169954,0.003701445,0.003866071,0.004203781,0.003527355,0.002513766,0.002175913,0.002944026,0.005500261,0.008004067,0.007673626,0.00712707,0.006047809,0.004943556,0.004358945,0.004302984,0.005202554,0.005964869,0.006275855,0.005943659,0.045277063,0.029836731,0.002842459,0.005362282,0.048598677,0.035730764,0.043108344,0.048639655,0.037858073,0.025438169,0.020338828,0.017398529,0.019335454,0.002651066,0.00733797,0.005839142,0.00853265,0.035549093,0.021493968,0.016265858,0.010966085,0.010551068,0.013150181,0.002412271,0.025336791,0.019788543,0.016903579,0.011594955,0.008643547,0.00677709,0.005388591,0.004667086,0.001994815,0.003379563,0.003526749,0.017956425,0.013606715,0.015484738,0.01778939,0.020300969,0.020653395,0.014014017,0.009593389,0.008341306,0.005884743,0.006445201
Head 0,356,0.000843987,0.000888956,0.000740435,0.000515549,0.000519222,0.000392877,0.000346475,0.000352801,0.000409757,0.000706886,0.000571239,0.000432117,0.000339819,0.000259445,0.00021658,0.00018316,0.000266484,0.000263806,0.000284053,0.000311715,0.000311848,0.000303737,0.000274849,0.000219501,0.000179055,0.000183895,0.000223375,0.000271424,0.000299597,0.000262887,0.000219212,0.00020943,0.000249348,0.000329279,0.000453018,0.000605181,0.000758974,0.000203066,0.001200035,0.001438918,0.001756941,0.002348307,0.003069462,0.003898283,0.004373722,0.004735765,0.003841961,0.003009388,0.002204977,0.001880517,0.001848366,0.002062796,0.002500931,0.002692419,0.002408805,0.001980281,0.0016875,0.001764021,0.002380279,0.003903893,0.007439701,0.008870054,0.003541036,0.00228082,0.002609896,0.003033203,0.003335659,0.00395138,0.005695346,0.009099637,0.011045637,0.010741595,0.009174086,0.008896664,0.010484865,0.014045117,0.017511221,0.019590568,0.016781893,0.0121335,0.009419313,0.025449639,0.017772958,0.008168873,0.018215748,0.053130161,0.0365244,0.03748953,0.035118427,0.028017653,0.02167348,0.02034968,0.019139342,0.021719068,0.01170877,0.020073693,0.00884935,0.010214006,0.022199698,0.018208401,0.019306893,0.015792189,0.014829697,0.01728772,0.004678787,0.025827391,0.015955135,0.016182279,0.016409973,0.017341029,0.017150413,0.014405629,0.009883371,0.002878291,0.003503302,0.00338919,0.010055632,0.007595568,0.008908109,0.010565811,0.011449556,0.010698373,0.00722971,0.005222496,0.005199892,0.004808828,0.006307599,0.002042516
Head 0,357,0.001011908,0.001088236,0.000867907,0.000725141,0.000532066,0.000404077,0.000347001,0.000361289,0.000712143,0.000688966,0.000545098,0.000412423,0.000296651,0.000239913,0.000207035,0.000303933,0.000272736,0.000262277,0.000272583,0.000278163,0.000295498,0.000302131,0.000253113,0.000190977,0.000168469,0.000185829,0.000241764,0.000319427,0.000330879,0.000280036,0.000231155,0.000226989,0.000268269,0.000372488,0.0005472,0.000749444,0.000222741,0.001210035,0.00140699,0.001593738,0.001923722,0.002320981,0.002896637,0.003444238,0.004245013,0.004068747,0.003628311,0.002673389,0.002032489,0.001697078,0.001695952,0.002070033,0.002500522,0.002516521,0.002122043,0.001656668,0.001521958,0.001911284,0.003256259,0.00707877,0.009672271,0.00404295,0.002073502,0.001958183,0.002102307,0.002382448,0.003085867,0.005068191,0.009392302,0.012733995,0.012625244,0.009652533,0.007574144,0.007278726,0.008933535,0.012100113,0.016681287,0.017603235,0.013597446,0.009366346,0.023973279,0.013530631,0.005402834,0.013453409,0.040626746,0.030766876,0.032898132,0.032043986,0.027368505,0.023217801,0.023092557,0.021180572,0.021496078,0.012867913,0.021384642,0.009617015,0.009894846,0.021298476,0.016884362,0.017581997,0.015036291,0.0157065,0.021360856,0.007088732,0.03502886,0.018196447,0.015310347,0.014485288,0.016847435,0.020516099,0.020856969,0.015709672,0.003773678,0.004111983,0.003682705,0.011647183,0.008058166,0.008820714,0.010477952,0.01255129,0.013712685,0.01075021,0.008129382,0.00802788,0.006334264,0.007106561,0.002081962,0.003597257
Head 0,358,0.001172675,0.001263341,0.000953691,0.000824124,0.000626889,0.000468333,0.000406517,0.000649838,0.000813752,0.000791943,0.000646563,0.00044345,0.000319572,0.000260595,0.000389688,0.000340775,0.000297469,0.000280437,0.00027657,0.000304417,0.000346093,0.000334615,0.00026586,0.000209133,0.000184331,0.0002061,0.000287491,0.00037299,0.000394654,0.000344322,0.00029494,0.000280126,0.000328692,0.000470208,0.000700187,0.000219924,0.001353772,0.001643598,0.001836163,0.002044405,0.002228883,0.002585525,0.003023417,0.003944834,0.004346303,0.004613027,0.003887902,0.002963304,0.002168234,0.001784064,0.00191294,0.002351978,0.002755749,0.002727928,0.002223335,0.001822564,0.001907647,0.002818276,0.006006566,0.009582737,0.006176666,0.002926969,0.002190089,0.001892423,0.001928623,0.002495903,0.004445932,0.009450251,0.015184752,0.017286601,0.013724616,0.009657462,0.007479574,0.007315004,0.008857884,0.01314077,0.017365301,0.016814522,0.012377087,0.030430274,0.013498648,0.003919281,0.009389578,0.029268609,0.025518306,0.030138344,0.030295778,0.025897196,0.02246185,0.023462575,0.022476211,0.022192208,0.014220951,0.023594471,0.011946668,0.011225872,0.020223405,0.014983881,0.014167356,0.011398627,0.011906209,0.017874843,0.008807227,0.041612029,0.02199232,0.015902573,0.01227664,0.012781314,0.01658795,0.020234969,0.018460499,0.005504216,0.005558574,0.004300239,0.012177062,0.007612897,0.007611029,0.008462887,0.010174257,0.012234638,0.0112814,0.009737496,0.011029622,0.008106991,0.007700417,0.002029718,0.003687634,0.003630347
Head 0,359,0.001411801,0.001253794,0.001137899,0.000960451,0.000817455,0.000776536,0.001359725,0.001542751,0.001522979,0.00146971,0.001250331,0.001116558,0.000990983,0.000450263,0.000600079,0.000702729,0.000644652,0.000419675,0.000321901,0.000320008,0.000345531,0.000393197,0.00045547,0.000465982,0.000468074,0.000505019,0.000576627,0.000692918,0.000788111,0.000932367,0.001093873,0.001488214,0.002329012,0.003493107,0.002305539,0.005101005,0.004817137,0.005326712,0.007060421,0.008700087,0.009781892,0.008309628,0.006985415,0.004500949,0.003544247,0.002833646,0.002517586,0.002065571,0.001620759,0.001286664,0.001074524,0.000925362,0.000899487,0.001009672,0.001259351,0.001625618,0.002314752,0.004229852,0.00601168,0.003726638,0.00241603,0.002083205,0.002047303,0.002128867,0.002423483,0.003266539,0.004946564,0.005739957,0.004868533,0.005032044,0.005927228,0.00670301,0.00660762,0.005662496,0.005097094,0.00449792,0.004158271,0.003823033,0.042139217,0.025238499,0.001786624,0.003079342,0.032097034,0.024117604,0.024773393,0.02371756,0.019508293,0.018686658,0.024678014,0.032502737,0.039081655,0.003218412,0.004424835,0.002486019,0.002887783,0.021590792,0.018821683,0.021354724,0.017068777,0.014730711,0.015488575,0.003274858,0.030883467,0.023730157,0.020483723,0.016026223,0.014893227,0.015891079,0.015521373,0.012558119,0.001867922,0.002858161,0.003260001,0.013542158,0.011065595,0.012500757,0.012932111,0.013325717,0.01415364,0.012874488,0.014268437,0.023657665,0.022496672,0.024567442,0.002094323,0.002852964,0.002597313,0.011982285
Head 0,360,0.001267189,0.001268151,0.00116913,0.001021768,0.000924072,0.001252821,0.001338887,0.001414862,0.001533469,0.00139319,0.001220589,0.0010136,0.00044986,0.000586741,0.000761356,0.000822506,0.000597481,0.000449518,0.000376056,0.000330115,0.000337006,0.000413652,0.000484684,0.000517696,0.00052736,0.000535471,0.000594914,0.000689575,0.00085773,0.001001674,0.001256994,0.001802896,0.00272705,0.001986796,0.005243745,0.005262087,0.00549274,0.006546583,0.007720325,0.009288161,0.009328791,0.009256609,0.006533432,0.005009923,0.003742856,0.003197039,0.00270801,0.002298244,0.001905406,0.001482968,0.001091099,0.000889682,0.000886278,0.001074468,0.001435509,0.002152168,0.0039801,0.005769755,0.004887911,0.003285338,0.002620563,0.002190591,0.001995176,0.002223903,0.003234035,0.005360803,0.006584207,0.005564641,0.005242886,0.005779294,0.006834568,0.007703517,0.007590405,0.007174809,0.005930719,0.004806349,0.00400321,0.048060525,0.031200944,0.001873012,0.00298064,0.031284858,0.022679616,0.023722511,0.024029106,0.019936718,0.017764688,0.021346986,0.027742321,0.037966877,0.004059465,0.005828613,0.002851269,0.002911626,0.020252602,0.015665233,0.017363731,0.015184509,0.014860426,0.016295036,0.003285483,0.029024906,0.021911021,0.020068958,0.016666712,0.015699837,0.016356934,0.016191816,0.014094017,0.001986791,0.003028688,0.003370797,0.012597055,0.009127502,0.009720326,0.01025012,0.010926751,0.011511021,0.009910647,0.010624819,0.019252606,0.020832716,0.027967647,0.002689127,0.003809057,0.003083627,0.013170562,0.008745468
Head 0,361,0.001352561,0.001319682,0.001193164,0.001065651,0.001347204,0.001354299,0.001375772,0.001556329,0.001513719,0.001382327,0.001139977,0.00048884,0.000563471,0.000709545,0.000847123,0.000728231,0.000614504,0.000504582,0.000376948,0.000313827,0.000348132,0.000433442,0.000528622,0.000585036,0.000586937,0.000599976,0.000648825,0.000793564,0.000921786,0.001106007,0.001464189,0.002116438,0.001674605,0.004917312,0.005610091,0.005965189,0.006525762,0.00691432,0.008008651,0.00872481,0.01016066,0.00845071,0.006985826,0.005045359,0.003958247,0.003195925,0.002835793,0.002622437,0.002194081,0.001551647,0.001092023,0.000893963,0.000926009,0.001155467,0.001747679,0.00343934,0.005408711,0.006409199,0.004598676,0.003598256,0.002685172,0.002090804,0.00209936,0.003079779,0.005645102,0.007822223,0.007054063,0.006247557,0.006003756,0.006448718,0.007451241,0.008409044,0.009260333,0.0082083,0.006296488,0.004609128,0.047846328,0.032824244,0.00187842,0.003026632,0.032625873,0.0221279,0.021866322,0.022445507,0.019309942,0.016874326,0.018827427,0.022660945,0.031395946,0.004496213,0.00750895,0.003414797,0.003276061,0.020897087,0.013639859,0.013307804,0.011778766,0.013313468,0.017035048,0.00345886,0.031333692,0.021710858,0.019167518,0.016098471,0.015623948,0.016462764,0.016364219,0.014892975,0.002204409,0.003219247,0.003464184,0.014485877,0.009249555,0.008724383,0.008800425,0.009584802,0.010351281,0.008699617,0.008660891,0.016128905,0.017305469,0.026135512,0.002842435,0.00470663,0.003968466,0.018014617,0.010171643,0.007887996
Head 0,362,0.001459798,0.001388349,0.001267162,0.001512251,0.001447348,0.001348897,0.001494827,0.00153669,0.001521915,0.001345144,0.000593424,0.000618312,0.0006907,0.00079239,0.000754945,0.000743859,0.000685564,0.000505883,0.000358583,0.000323138,0.000365309,0.000470471,0.000593693,0.000653331,0.000661618,0.000661984,0.000764518,0.000877493,0.001042923,0.001306593,0.001731148,0.001352159,0.004026275,0.005329573,0.006381313,0.007081312,0.006890554,0.007106039,0.007419173,0.00922558,0.009094067,0.008929255,0.007041373,0.005372224,0.003959851,0.00329588,0.00317839,0.002941715,0.002226183,0.001517782,0.001072091,0.000907032,0.000973169,0.001362875,0.002699238,0.004579462,0.007473852,0.006032811,0.004988809,0.003632398,0.002498416,0.002123392,0.002778928,0.00513803,0.008024338,0.008503644,0.008108146,0.007314877,0.006805486,0.007027092,0.008009225,0.009961707,0.010311476,0.008533647,0.005951109,0.046610903,0.03180838,0.001779462,0.002911635,0.035401311,0.022640033,0.020107538,0.019726256,0.017592171,0.016167572,0.017998748,0.020068504,0.025317812,0.004302577,0.008245377,0.003985781,0.003939987,0.024509015,0.014151352,0.011399651,0.00879528,0.010037182,0.014658417,0.003441598,0.033543114,0.022195591,0.018314736,0.014845366,0.014501321,0.015690139,0.015654685,0.014402321,0.002692614,0.003656535,0.003748284,0.017735586,0.010352249,0.008314486,0.007292459,0.007526746,0.008333512,0.00731683,0.007201751,0.01398161,0.013906367,0.020724922,0.002542782,0.004880238,0.00480152,0.024512123,0.012686664,0.008560279,0.007790467
Head 0,363,0.001328466,0.001249137,0.001496187,0.001461714,0.001274207,0.001317466,0.001325242,0.001365878,0.001316929,0.000619077,0.000633616,0.000647175,0.000671546,0.000629972,0.000669856,0.000713523,0.000595815,0.000422929,0.000326749,0.000302229,0.000347747,0.000450504,0.00055374,0.00061679,0.000615516,0.000668144,0.000724278,0.000839268,0.001024122,0.001279453,0.000963942,0.00260579,0.003661877,0.004962262,0.00612583,0.006104366,0.005914939,0.005651257,0.006783283,0.007195567,0.008284766,0.007699259,0.006380384,0.004560785,0.003451006,0.003166952,0.003060715,0.002544277,0.001867981,0.001288562,0.000945273,0.00083287,0.000977288,0.001775933,0.003114898,0.006905113,0.006562464,0.006037216,0.004677102,0.00312073,0.002325377,0.002545241,0.004149139,0.006471098,0.00772243,0.008557526,0.008346814,0.007416328,0.006785205,0.007060188,0.008914911,0.01046717,0.010059726,0.007492592,0.044534422,0.028955333,0.001592054,0.002504177,0.037923582,0.024875302,0.020727165,0.018507279,0.01573802,0.014645564,0.016704455,0.018517857,0.021773629,0.003536568,0.007158474,0.003853443,0.004088758,0.029368358,0.016817406,0.011968527,0.007630767,0.00758907,0.011027895,0.002681647,0.033655293,0.023954431,0.019411521,0.014982462,0.01418284,0.015642753,0.015961619,0.014812062,0.003323144,0.004269785,0.00410864,0.022564756,0.013303246,0.009800345,0.007415083,0.006722311,0.007057252,0.006357676,0.006455251,0.013071123,0.012452184,0.017387213,0.002169854,0.00426627,0.004758697,0.033245098,0.017936384,0.011437162,0.009023691,0.006528416
Head 0,364,0.001275188,0.001510071,0.001526267,0.001319555,0.001289903,0.001223835,0.001236169,0.00124197,0.000632105,0.000683699,0.000692706,0.000660197,0.000566538,0.000578014,0.000649224,0.000627873,0.000512324,0.000396559,0.000315505,0.000298151,0.000346903,0.000439069,0.000551341,0.000599313,0.000650183,0.000668136,0.000739664,0.000881848,0.001075387,0.000774066,0.001889959,0.002586612,0.003746877,0.005214249,0.005728745,0.005627905,0.004991612,0.005429482,0.00549378,0.00672441,0.007355688,0.00721993,0.005618551,0.004100303,0.003442184,0.003157175,0.002714208,0.002194047,0.001633023,0.001165863,0.000892771,0.000859578,0.001309164,0.00214087,0.00567754,0.006395404,0.006689587,0.00580918,0.004127941,0.002970318,0.002819955,0.003822202,0.005292356,0.006355336,0.007971988,0.009082524,0.008680233,0.007533821,0.006879811,0.007838872,0.009363429,0.010264771,0.00897452,0.043359187,0.027583571,0.001688209,0.002380105,0.039029215,0.027230417,0.022819374,0.018797362,0.0145571,0.012969897,0.014907956,0.017246325,0.020231783,0.00288678,0.005712104,0.003381312,0.003903799,0.031224241,0.019813176,0.014114238,0.007936222,0.00652889,0.008231578,0.001807069,0.028323648,0.023488048,0.020149827,0.015137226,0.013433036,0.014386246,0.014877323,0.014117004,0.003922353,0.005087971,0.004721472,0.025735619,0.016529135,0.012293042,0.008457576,0.006523825,0.005971422,0.005129181,0.005321446,0.011159618,0.01108817,0.015038361,0.002034179,0.003612893,0.004078232,0.036219094,0.022795731,0.015556454,0.011602337,0.007320218,0.005800801
Head 0,365,0.00156819,0.001586747,0.001403096,0.001363695,0.001242826,0.001198359,0.001163585,0.000598844,0.000676042,0.000730582,0.000700794,0.000559874,0.000516995,0.000543487,0.000548202,0.000520493,0.000465481,0.000376416,0.000310266,0.000297241,0.000334082,0.00042915,0.000515438,0.000602877,0.000621285,0.000661442,0.000755504,0.000897965,0.000663069,0.001419234,0.001787392,0.002537797,0.003768689,0.004637255,0.004996314,0.004474233,0.004601894,0.004214273,0.004929784,0.005761679,0.00661938,0.006095365,0.004850102,0.003965145,0.003329183,0.002685231,0.002213022,0.001797715,0.001386428,0.001034482,0.000873778,0.00110574,0.001538777,0.004106793,0.005360475,0.006479179,0.006469786,0.005181402,0.003955388,0.003582953,0.004147585,0.00477379,0.005060556,0.006360709,0.008186162,0.009097945,0.008583658,0.007528387,0.007641066,0.008328322,0.009285847,0.009280407,0.040594034,0.026982687,0.002071687,0.002563617,0.038613014,0.028495988,0.025771042,0.021249847,0.015353319,0.012486578,0.013446173,0.015735183,0.019246977,0.002350135,0.004460257,0.002637973,0.003258618,0.028883658,0.021161454,0.016958077,0.009677215,0.007102706,0.007370011,0.001175288,0.021285182,0.020243946,0.019671774,0.015698669,0.013687842,0.013969408,0.014255381,0.013751643,0.004153264,0.005934962,0.005699239,0.027578771,0.019600783,0.015822811,0.010997534,0.007686286,0.006012195,0.004534616,0.004453735,0.008891461,0.009580201,0.013690825,0.002290652,0.003582444,0.003628417,0.034640316,0.025770092,0.020852277,0.016738888,0.010003753,0.006985589,0.004776165
Head 0,366,0.001617474,0.001433886,0.001429292,0.001317995,0.001251417,0.00114463,0.000585062,0.00064441,0.000739313,0.00076099,0.000616042,0.000536384,0.00050436,0.000469899,0.000465752,0.000485597,0.00045787,0.00038554,0.000321887,0.000298866,0.000342835,0.000420102,0.000539367,0.000596608,0.000641678,0.000702363,0.000795742,0.00065199,0.001178027,0.001386202,0.001852409,0.002733326,0.00357124,0.004218396,0.004041668,0.004225697,0.003617769,0.003867813,0.004338002,0.005319831,0.005737861,0.005406413,0.00481873,0.003930813,0.002900398,0.002247872,0.001869228,0.001589116,0.001278063,0.001064547,0.001202084,0.001381277,0.002916778,0.004072236,0.005587171,0.006408868,0.0058588,0.005004246,0.004792322,0.005288115,0.005286737,0.00471116,0.0052956,0.006849466,0.008518071,0.009291776,0.008743524,0.008509421,0.008248216,0.008399303,0.008685979,0.035657968,0.025899284,0.002853555,0.003339651,0.038529176,0.028345115,0.027588572,0.02434919,0.017713906,0.013460029,0.013095004,0.014406473,0.01778915,0.001944593,0.003656188,0.00204139,0.00265956,0.024781555,0.020247452,0.01868945,0.011970441,0.008934932,0.008235794,0.000893161,0.016603688,0.016151223,0.017441545,0.015580639,0.014287638,0.014083015,0.013704159,0.012964629,0.003882416,0.006341025,0.006761228,0.028240239,0.021464029,0.018967113,0.014358189,0.010049306,0.007138043,0.004632343,0.003978319,0.006911632,0.007628846,0.011757012,0.002724921,0.004056999,0.003621293,0.029646531,0.024310861,0.02354889,0.022354178,0.014199601,0.009500614,0.00573506,0.00389132
Head 0,367,0.001398038,0.001379354,0.001296733,0.001267121,0.001145255,0.000600661,0.000603626,0.000691423,0.000760693,0.000668806,0.000599695,0.000534133,0.000443044,0.000405487,0.00044055,0.000487053,0.000478864,0.000407162,0.000332547,0.000317346,0.000348573,0.000453089,0.000544434,0.000633086,0.00070394,0.00076884,0.000716566,0.001055456,0.001188027,0.001485989,0.002090001,0.002743813,0.003424373,0.003574181,0.004019155,0.003489078,0.003521096,0.003586219,0.004212736,0.004851951,0.005343308,0.005606258,0.004960427,0.003572889,0.002544953,0.00199084,0.001746126,0.001545896,0.001398158,0.00158682,0.001600828,0.00221854,0.002915389,0.004260418,0.005547183,0.005841909,0.005726982,0.006142777,0.007101314,0.006689124,0.00515778,0.004908667,0.005662365,0.007087456,0.008694543,0.009446792,0.009878981,0.009104222,0.008125049,0.007698125,0.027839599,0.021301275,0.003612863,0.004545962,0.037797447,0.026996322,0.026908441,0.025474725,0.019723982,0.015025022,0.013653209,0.013551509,0.015694009,0.001669758,0.003162425,0.001663588,0.0022129,0.021040421,0.018197622,0.018590467,0.013625566,0.011319017,0.010567334,0.000888402,0.015447509,0.013331071,0.014524579,0.014406198,0.014867865,0.015296455,0.014490199,0.013006014,0.003637013,0.006420593,0.007670869,0.028858343,0.022569882,0.021206334,0.017809812,0.013527782,0.009640513,0.005705746,0.004199841,0.00602092,0.006086991,0.009505902,0.003090631,0.004842931,0.004072778,0.025976732,0.021116314,0.022571905,0.025332384,0.01858037,0.013270246,0.007648262,0.004579597,0.003853212
Head 0,368,0.001501177,0.001394149,0.001397041,0.0013042,0.000706171,0.000637098,0.000679688,0.000751479,0.000718765,0.000704362,0.000652853,0.0005086,0.000404423,0.000393657,0.00045051,0.000524851,0.000525907,0.000444544,0.000375,0.000343979,0.00040148,0.000487305,0.000617023,0.000742555,0.000823371,0.000880334,0.001068513,0.001174545,0.001390409,0.001830297,0.002296161,0.002854315,0.003130906,0.003846167,0.003618225,0.003745025,0.003544289,0.003739612,0.004073719,0.004727804,0.005784685,0.006074837,0.004807906,0.003342904,0.00236775,0.001932842,0.001761862,0.001746804,0.002204929,0.002225966,0.002138776,0.002338944,0.003230595,0.004471682,0.005312381,0.005951056,0.007336875,0.00955568,0.009386459,0.006813406,0.005624919,0.005414423,0.005994018,0.00741402,0.009124272,0.011170642,0.011153004,0.009427824,0.007820687,0.023613697,0.016872419,0.00397442,0.005832195,0.036582049,0.026173519,0.025786111,0.025117334,0.020771904,0.0168209,0.015348945,0.014037579,0.014371149,0.001473361,0.002766754,0.001418386,0.001836865,0.018061237,0.015603097,0.016365416,0.013181353,0.012508688,0.013185061,0.001053566,0.016766163,0.011932995,0.011478845,0.011470065,0.013305814,0.015406513,0.015235207,0.013267132,0.003471784,0.006096368,0.007814911,0.02789424,0.02193447,0.021001644,0.018981699,0.016113039,0.012580468,0.007559973,0.005024097,0.006177269,0.005146434,0.007172212,0.003143062,0.00553427,0.004954536,0.023416882,0.01794648,0.019202258,0.023703229,0.020396527,0.016954739,0.010418853,0.006003222,0.004489078,0.00390888
Head 0,369,0.000909652,0.000849953,0.000763603,0.000514054,0.000401553,0.000356882,0.000355177,0.000323979,0.000335872,0.000362593,0.000305284,0.00023029,0.000190113,0.000184067,0.00021348,0.000252767,0.00027458,0.000273425,0.000245817,0.000252368,0.000271691,0.000340553,0.00045991,0.000584433,0.000752309,0.000843624,0.000864633,0.000905383,0.001033379,0.001121683,0.001306376,0.001405219,0.001899163,0.001996788,0.002377694,0.002239755,0.002103941,0.001931648,0.002031445,0.002591362,0.00337187,0.003405021,0.00279973,0.00203983,0.001537252,0.001280984,0.001272849,0.001987916,0.00249845,0.001987844,0.001651181,0.001768437,0.002072553,0.002366772,0.002791242,0.004079062,0.006646523,0.007843421,0.005991667,0.004757239,0.003934551,0.003546621,0.003957849,0.005139154,0.007909399,0.010203806,0.009946214,0.007493473,0.026783764,0.013913335,0.002036142,0.00341736,0.02698952,0.021433143,0.023214886,0.023811629,0.01961641,0.01633084,0.01573522,0.01476772,0.014252312,0.000841641,0.001600645,0.000839251,0.000986895,0.019023519,0.014998998,0.015051632,0.012336516,0.012695896,0.015329231,0.000993802,0.023869777,0.014536682,0.011173294,0.009507705,0.011394522,0.01586741,0.019338867,0.018996574,0.00259435,0.004447268,0.005458017,0.035021178,0.025397811,0.024297398,0.023422398,0.0232624,0.022017268,0.015451861,0.010627872,0.011746365,0.00752179,0.007903893,0.002015853,0.003859944,0.004013988,0.025855061,0.019394867,0.019669533,0.023871278,0.022040214,0.021978112,0.016479123,0.010937518,0.008482081,0.006889448,0.004720522
Head 0,370,0.000884638,0.000782177,0.000591727,0.000478832,0.000397482,0.000351277,0.000291237,0.000292344,0.000332917,0.000316798,0.000262189,0.000208971,0.000173811,0.000173143,0.00019796,0.000239993,0.000280346,0.000272428,0.000266903,0.000254429,0.000284921,0.000371306,0.000487921,0.000625576,0.000798402,0.00087428,0.000969211,0.001104177,0.001111568,0.001146473,0.001083444,0.001359202,0.001447162,0.001925649,0.002071458,0.002096288,0.001867174,0.001755881,0.001993987,0.002545611,0.002867491,0.00280086,0.002314914,0.001770251,0.00138005,0.001259123,0.001935104,0.002619053,0.002378166,0.001904454,0.001780912,0.001798104,0.001868072,0.002126029,0.003188237,0.005661458,0.007794405,0.007089478,0.0063687,0.005224489,0.004018497,0.003514824,0.003712059,0.005380633,0.007833012,0.009581895,0.008665988,0.03266269,0.015353841,0.00200409,0.003149481,0.02092047,0.017045138,0.019289756,0.020463707,0.017457075,0.015578371,0.016499175,0.016723523,0.015928794,0.000707625,0.001318791,0.000784057,0.00092908,0.017450996,0.013940939,0.013740117,0.011016715,0.011341025,0.014663665,0.001042361,0.030558357,0.019486116,0.013318852,0.009209863,0.009169017,0.011958866,0.015382135,0.017039267,0.002646444,0.004767463,0.005789388,0.040539593,0.028465979,0.02578545,0.02314732,0.022204785,0.021931197,0.017500015,0.013781939,0.016357325,0.010102404,0.008949135,0.001851304,0.003496679,0.00403774,0.021829342,0.017763415,0.018604022,0.021840092,0.019890187,0.020682162,0.017196283,0.012923863,0.011017374,0.009117973,0.006537135,0.00530448
Head 0,371,0.000778441,0.000612285,0.00054338,0.000462715,0.000391115,0.000294775,0.000268933,0.000293253,0.000296243,0.000279852,0.000246069,0.000198207,0.000169346,0.00016583,0.000194187,0.000251257,0.000282967,0.000298506,0.000271457,0.000268273,0.000312932,0.000397276,0.000492373,0.000711118,0.000822168,0.000974308,0.001152508,0.001146075,0.001113575,0.000957584,0.00108836,0.001088239,0.001471063,0.001741774,0.001985206,0.001896579,0.001738586,0.001758768,0.002001663,0.002223405,0.002422115,0.002367067,0.002059653,0.001659236,0.001436533,0.002036674,0.002696005,0.002691242,0.002276053,0.002000998,0.001752756,0.001585647,0.001660986,0.002438507,0.004483043,0.00679291,0.007063233,0.007458736,0.006843892,0.005254674,0.004002109,0.003410706,0.004091559,0.005629671,0.007693642,0.008489113,0.038463511,0.019002482,0.002248743,0.00314754,0.01739124,0.013525969,0.015768576,0.017491898,0.015410974,0.014187016,0.015964054,0.017768983,0.018294746,0.000615518,0.001108135,0.000695864,0.000856506,0.015655922,0.012719718,0.012622853,0.01006015,0.010092994,0.012853161,0.000931977,0.032697644,0.024392065,0.017393017,0.010865398,0.008937383,0.009859691,0.011950796,0.013989234,0.002258046,0.004577179,0.005849245,0.044206772,0.030686518,0.027372554,0.023625923,0.021509821,0.020842617,0.017580761,0.015613242,0.020869408,0.014140729,0.012114013,0.001771021,0.003094201,0.003599593,0.016996978,0.015009653,0.01694563,0.020211715,0.018020047,0.018538717,0.016104475,0.013361134,0.012898762,0.011662017,0.009298195,0.007074139,0.005265685
Head 0,372,0.000623394,0.000610858,0.000563639,0.000489063,0.000349454,0.000288526,0.000282184,0.000270841,0.000272611,0.000276675,0.000249259,0.00020636,0.000172605,0.000172204,0.000213091,0.000264976,0.000324612,0.000320876,0.000306156,0.000317722,0.000362661,0.000403233,0.000639524,0.000774661,0.000995026,0.001268999,0.001308886,0.001251802,0.001013871,0.001046567,0.000940329,0.001187567,0.001429127,0.001794086,0.001945889,0.001932257,0.001890556,0.00190095,0.001873766,0.002004755,0.002176157,0.002243635,0.002077077,0.00188335,0.002517015,0.003029136,0.002834548,0.002649246,0.002457709,0.002034184,0.001617691,0.001491802,0.002001374,0.003539468,0.005495678,0.006220558,0.007632786,0.008287326,0.00714568,0.005418967,0.004030643,0.003865837,0.004367004,0.005654351,0.00699487,0.037431192,0.022651186,0.002863149,0.003690708,0.016685572,0.011162261,0.012360472,0.014079169,0.013076384,0.012492644,0.014605269,0.017351836,0.019747702,0.000560798,0.00098247,0.00059159,0.000781911,0.013978707,0.0114931,0.011636759,0.009465829,0.009428288,0.011500081,0.000812812,0.030093882,0.026252629,0.021756116,0.014253202,0.010607633,0.009659159,0.009905277,0.010925814,0.001739117,0.004053691,0.00589476,0.046642974,0.032847334,0.029447431,0.025099965,0.021861767,0.020093299,0.016665088,0.015654994,0.023084562,0.018168716,0.017082537,0.001885151,0.003042687,0.003318651,0.013235142,0.011755904,0.01422672,0.018241897,0.016714176,0.016963046,0.014605052,0.012573142,0.013341984,0.013591635,0.012292134,0.009966,0.007038385,0.00578276
Head 0,373,0.00039986,0.000477504,0.000500831,0.000377969,0.000260914,0.000199188,0.000165588,0.000171271,0.00020933,0.0002529,0.000274228,0.000264303,0.000233383,0.0002048,0.000174349,0.000154517,0.00014485,0.000162087,0.000215244,0.000289734,5.95E-05,0.000344746,0.000273551,0.000246814,0.000288224,0.000359256,0.000446276,0.00042642,0.000370114,0.000235102,0.000179046,0.000162328,0.000197096,0.000281546,0.000412236,0.000542044,0.000586727,0.000537295,0.000487575,0.000488742,0.000585233,0.000888419,0.001586428,0.003461558,0.005127602,0.005027286,0.003142265,0.002860187,0.003024103,0.003529488,0.004380998,0.005966648,0.007864402,0.008169562,0.007147934,0.006743509,0.007559275,0.009218263,0.010585433,0.009957374,0.008169025,0.005787955,0.00424575,0.003817718,0.015131577,0.010075872,0.0037227,0.008923021,0.02658673,0.014097485,0.012231795,0.009388523,0.006483459,0.005760693,0.008255719,0.013090544,0.021082893,0.003481742,0.005358464,0.001624802,0.00171087,0.006826815,0.006364975,0.008425043,0.009297218,0.010226381,0.012365955,0.001795488,0.018625461,0.013411948,0.012197199,0.010341178,0.009663508,0.010007377,0.010629842,0.010132485,0.003994115,0.0062898,0.008343869,0.031282399,0.029714154,0.037306555,0.039732657,0.034494422,0.026347026,0.018484831,0.016301844,0.021163674,0.02564759,0.036460642,0.008493112,0.011568697,0.007724634,0.019891841,0.011000488,0.009842547,0.011246186,0.012696291,0.015494493,0.016200777,0.013745272,0.012160129,0.010120075,0.009862715,0.010603668,0.010387629,0.011538069,0.003638127
Head 0,374,0.000448368,0.000563591,0.000553952,0.00046158,0.000352943,0.000244529,0.000196802,0.000206551,0.000251249,0.000304306,0.000333542,0.000320108,0.000287928,0.00024583,0.000212435,0.000182842,0.000177528,0.000208101,0.000275231,6.32E-05,0.000445886,0.000400127,0.000343904,0.00034474,0.000378659,0.000476076,0.000531448,0.000565266,0.000410878,0.000297689,0.00021822,0.000203594,0.00024545,0.000365138,0.000569416,0.000745211,0.000754486,0.000661706,0.000577331,0.000585752,0.000785681,0.001337182,0.003017753,0.005064029,0.006825355,0.004396661,0.003666767,0.003288927,0.003356856,0.004169407,0.006545193,0.010528319,0.012377901,0.010658781,0.008603547,0.007836922,0.008575828,0.010578161,0.012206801,0.01223726,0.009122385,0.005771997,0.003986921,0.012348681,0.00809356,0.003095433,0.008589518,0.026282921,0.015461859,0.01440261,0.011349034,0.007221342,0.005231855,0.0059587,0.008155765,0.013798048,0.003707822,0.007068356,0.002114576,0.002042727,0.006997102,0.004962023,0.005359038,0.005804057,0.007375613,0.010714833,0.002007945,0.018425636,0.012783115,0.01169363,0.01007599,0.009572607,0.009674635,0.0098846,0.009265205,0.004487799,0.006253576,0.007354286,0.023101026,0.021062313,0.028346468,0.0361082,0.038310062,0.032572769,0.021596763,0.015872989,0.017869197,0.019030895,0.028713236,0.009438059,0.015885085,0.011642631,0.030997843,0.01517361,0.011521265,0.011158765,0.011226178,0.013171829,0.014491308,0.013941006,0.014107614,0.012838783,0.011320905,0.011597494,0.010885815,0.011858047,0.004328787,0.004266267
Head 0,375,0.000477265,0.000554457,0.000600042,0.000566617,0.00040369,0.00027358,0.000223305,0.0002292,0.00027403,0.000336044,0.000372981,0.000368393,0.000325132,0.000281376,0.00023437,0.000207776,0.000213957,0.000254257,5.84E-05,0.000460623,0.000501561,0.00047417,0.000449231,0.000421868,0.000467546,0.000521551,0.000637651,0.000574865,0.000479631,0.000338374,0.000255005,0.000231713,0.00028421,0.00044743,0.000694305,0.000861429,0.000855161,0.000732396,0.000645425,0.000725825,0.001066816,0.0022775,0.004147171,0.007393646,0.005439789,0.004614214,0.003760928,0.003259146,0.003544104,0.005474761,0.009945091,0.013999999,0.013948387,0.011422294,0.008898263,0.007808715,0.008479288,0.01036163,0.012870546,0.012029032,0.008271317,0.004990984,0.010843242,0.006311875,0.002160558,0.006205016,0.021476192,0.014295201,0.014573208,0.012635091,0.008404515,0.005716431,0.005462974,0.005936491,0.008501547,0.003119353,0.007175664,0.002500846,0.002526815,0.008705347,0.005081637,0.004200167,0.003739748,0.004687526,0.007801143,0.002324681,0.018051855,0.01253638,0.011228394,0.009549215,0.009207723,0.009493006,0.009593897,0.008851558,0.005543303,0.006964636,0.007143938,0.019281749,0.015732078,0.019964591,0.026981033,0.034240115,0.036197532,0.027476966,0.019687762,0.020259213,0.017047917,0.021972053,0.008507816,0.017321287,0.015868178,0.04492937,0.022067765,0.015206951,0.012435532,0.010720569,0.011288538,0.012094986,0.012502689,0.014322144,0.014911494,0.013448872,0.013347754,0.011945542,0.012443583,0.004792917,0.005197156,0.003938201
Head 0,376,0.000471469,0.000590437,0.000718914,0.000636896,0.000450648,0.000313711,0.000250459,0.000249326,0.000299091,0.000371086,0.00042408,0.000411728,0.000368843,0.000305444,0.0002577,0.000241676,0.000254457,5.40E-05,0.000412024,0.000513377,0.000572599,0.000587993,0.000525839,0.000513177,0.00051407,0.000627673,0.000649506,0.000660185,0.000534925,0.000391508,0.000289142,0.000267259,0.000351014,0.000547924,0.000798143,0.000978237,0.000957941,0.000826726,0.00080578,0.000969776,0.001738671,0.003085268,0.006611885,0.005896885,0.005544281,0.004611257,0.003690814,0.003483742,0.004743457,0.008452647,0.013114154,0.015427376,0.014879598,0.011849076,0.009015878,0.007902709,0.008450842,0.010996576,0.012602382,0.010840201,0.007020557,0.011202972,0.005651158,0.001694969,0.004324738,0.016539454,0.012341094,0.013745694,0.013030362,0.009423682,0.006665225,0.006010921,0.005561234,0.006376461,0.002474209,0.00592058,0.002558356,0.002925806,0.010742126,0.006185642,0.004290338,0.002928803,0.003030872,0.00489863,0.002260895,0.015517564,0.012076828,0.011110819,0.009257907,0.008722886,0.009117438,0.009299689,0.008547405,0.006926056,0.008401837,0.007808027,0.017222242,0.012944199,0.014879148,0.019018,0.02531339,0.031599596,0.029525798,0.024223462,0.026006743,0.018927254,0.019523287,0.007114562,0.014951095,0.016688747,0.052629467,0.030174386,0.021493057,0.015884684,0.011737962,0.010537666,0.010131832,0.010287825,0.012549157,0.014640973,0.015083189,0.015175781,0.013188513,0.013104222,0.004413414,0.005421398,0.004606975,0.003508164
Head 0,377,0.000441061,0.000619288,0.000696307,0.000607175,0.000442454,0.000303919,0.000236505,0.000234718,0.000283262,0.00036424,0.00041466,0.000416438,0.000360945,0.000297361,0.000258854,0.000245035,4.64E-05,0.000327968,0.000422953,0.000534936,0.000620577,0.000573547,0.000522788,0.000459884,0.000516165,0.000539642,0.000629053,0.000613519,0.000502282,0.000350619,0.000259302,0.000260041,0.000343623,0.000504389,0.00073208,0.000896522,0.000887043,0.000846639,0.000875254,0.001275815,0.00200985,0.004689457,0.005090925,0.005536592,0.004968697,0.003924185,0.00335429,0.003976531,0.00640092,0.009931056,0.012997142,0.015226285,0.014123988,0.010777519,0.008150017,0.00713339,0.008369077,0.010344166,0.011129856,0.00882068,0.012438169,0.005756772,0.001504631,0.003014649,0.011648991,0.009294947,0.011611527,0.012415566,0.009983992,0.007617676,0.006921834,0.005997412,0.00591772,0.00191533,0.004249846,0.002121261,0.002751844,0.011627738,0.00754549,0.005177955,0.002957125,0.002428544,0.00329566,0.00173185,0.01157376,0.010806088,0.011072611,0.009476349,0.008635648,0.008889895,0.009206061,0.008702802,0.007555817,0.009902465,0.009017746,0.016481195,0.011705347,0.01236307,0.014511677,0.018688487,0.025162129,0.028124265,0.028471801,0.034397852,0.025545986,0.022790303,0.006609396,0.012302054,0.014538368,0.049513038,0.035784684,0.03013761,0.022752101,0.01528779,0.011640993,0.009613707,0.008953816,0.010893746,0.01365493,0.017170081,0.018492337,0.016084626,0.01529404,0.003591395,0.005029213,0.004985711,0.004343483,0.003601245
Head 0,378,0.000588805,0.000750179,0.000831174,0.000753022,0.000544741,0.000366383,0.000286824,0.000288982,0.000360506,0.00045798,0.000532978,0.00051906,0.000448385,0.000381074,0.000334881,5.54E-05,0.000348477,0.000417788,0.000549941,0.000715158,0.000746793,0.000713071,0.000601697,0.000610169,0.000587355,0.000689233,0.00077472,0.000768912,0.00060853,0.000429283,0.000347664,0.000351273,0.000434642,0.000636608,0.000928961,0.001150669,0.001263022,0.001291479,0.00155037,0.001951918,0.003884431,0.004778472,0.006025541,0.006225143,0.005371964,0.004633011,0.005036016,0.007064496,0.009744046,0.012231564,0.016010836,0.018192211,0.016499795,0.012712513,0.009683839,0.009220499,0.010084272,0.011424829,0.010994941,0.014401017,0.006970108,0.002175887,0.003389658,0.009696362,0.007428886,0.009711115,0.011293152,0.010130682,0.008499391,0.008192103,0.00721244,0.006816962,0.002227761,0.004162696,0.002060191,0.002883062,0.010327496,0.008199347,0.006434325,0.003538924,0.002410424,0.002546212,0.001395584,0.00727527,0.007864442,0.009569256,0.009247399,0.008569167,0.008604628,0.008830544,0.008414753,0.007751961,0.011712927,0.011667274,0.014931218,0.010440709,0.010517237,0.011448065,0.013369923,0.017243069,0.020410018,0.024387702,0.034274753,0.030512501,0.028296288,0.007982138,0.012299399,0.012987016,0.036842491,0.031615112,0.033072028,0.029085189,0.02017075,0.013989759,0.009892604,0.007886141,0.008729313,0.010754511,0.015067836,0.018261217,0.017045619,0.016188562,0.002920442,0.004201883,0.004674138,0.00472681,0.00453646,0.00384115
Head 0,379,0.000647892,0.000800069,0.000924006,0.000844905,0.000609067,0.000414025,0.000325818,0.000334138,0.000411668,0.000533038,0.000610954,0.000600084,0.000531992,0.000450889,7.23E-05,0.00037874,0.000401971,0.000505386,0.000690347,0.000807109,0.000848334,0.000739413,0.000715744,0.000618414,0.000667202,0.000762948,0.000865092,0.000824587,0.000654097,0.00050267,0.000409635,0.000386777,0.000471572,0.000692056,0.00102545,0.001414409,0.00168163,0.001950545,0.002040939,0.002979378,0.003694657,0.005230881,0.006331256,0.006258081,0.005821553,0.00627059,0.008030349,0.009673486,0.010692665,0.013759331,0.017780546,0.019884273,0.01802009,0.013945046,0.011489949,0.01027799,0.010402718,0.010698017,0.014717747,0.008263402,0.003374398,0.004534164,0.009319057,0.006235089,0.007776223,0.009455935,0.009495598,0.008916621,0.009356903,0.008674808,0.008418218,0.002756652,0.004389335,0.001848848,0.002574787,0.008047789,0.007469406,0.007145701,0.00444514,0.002996605,0.002692846,0.001116004,0.004957572,0.00536844,0.007421624,0.008541399,0.008816709,0.009006749,0.009060984,0.008465648,0.006450157,0.011264117,0.013286163,0.014488049,0.010119178,0.009873953,0.0102625,0.011055315,0.013087408,0.014851235,0.01884583,0.029279606,0.032310661,0.03582238,0.010516955,0.014308362,0.012620687,0.028563593,0.024959834,0.030515099,0.033415966,0.027149184,0.019423256,0.012561225,0.008527529,0.008068932,0.009053289,0.012453621,0.017056227,0.01815938,0.018408768,0.002673206,0.00343698,0.00387963,0.004427852,0.005018176,0.004906306,0.003832219
Head 0,380,0.00063385,0.000817545,0.000952755,0.000863192,0.000621011,0.000424391,0.000340575,0.000347119,0.000430863,0.000551092,0.000645784,0.000660369,0.000588469,9.73E-05,0.000429905,0.000397388,0.000449246,0.000604002,0.000756845,0.000874126,0.000813181,0.000792962,0.000633906,0.000620545,0.000659871,0.000769965,0.00084127,0.000795819,0.000669394,0.000510121,0.000384462,0.000355644,0.000437432,0.000658336,0.001088708,0.001645162,0.002247778,0.002298211,0.002472074,0.002644951,0.003799714,0.005227639,0.006063711,0.006366063,0.007231129,0.008996603,0.009880449,0.009605992,0.011111194,0.014562089,0.018722985,0.020769522,0.018551769,0.015252841,0.011841455,0.010038016,0.009507988,0.013004202,0.00827224,0.004678024,0.006445226,0.009999719,0.005742212,0.006193695,0.007106461,0.007545471,0.0079525,0.00950728,0.009721942,0.010034526,0.003623416,0.00515344,0.001730815,0.00216612,0.005910257,0.005800406,0.006566794,0.00493924,0.003803508,0.003420302,0.000973702,0.004153002,0.00380315,0.005166688,0.006740789,0.008197149,0.009328022,0.009715817,0.008911301,0.005024862,0.009215753,0.012704227,0.014796857,0.010515079,0.009989446,0.00997654,0.010133893,0.011032942,0.011605027,0.014422465,0.023468394,0.030084463,0.040832113,0.014013889,0.018877592,0.014581969,0.027225973,0.020574516,0.025197702,0.032264236,0.032488741,0.027244931,0.018291956,0.011353762,0.009088175,0.008715128,0.01047395,0.015057778,0.018468549,0.021398405,0.003278292,0.003418767,0.003367308,0.003851822,0.004920645,0.005720793,0.00521944,0.0044414
Head 0,381,0.00063021,0.000646514,0.000650064,0.000564642,0.000463447,0.000387471,0.000352124,0.000402933,0.000485013,0.000579047,0.00062945,0.000600629,0.00038487,0.000706575,0.000853386,0.001176224,0.001616437,0.001673918,0.001535666,0.00120137,0.001318476,0.001299906,0.001754522,0.001991288,0.002137967,0.001979263,0.001766985,0.001657206,0.001655345,0.001494681,0.001417546,0.001494416,0.001775589,0.002261097,0.003053308,0.005383443,0.007311935,0.003401591,0.00353248,0.004472374,0.004954892,0.00429472,0.003507014,0.003702958,0.005188241,0.006454233,0.006003483,0.006313974,0.006388398,0.005641187,0.005000113,0.004751258,0.005639816,0.006913819,0.008378572,0.008594837,0.014471333,0.01024895,0.003617448,0.004279017,0.010619573,0.00694491,0.007107734,0.008608955,0.009792682,0.010962945,0.012029124,0.010754226,0.008782246,0.001372692,0.001946863,0.000703981,0.000794879,0.006736408,0.006123289,0.006630784,0.005719884,0.005963788,0.00681082,0.000417028,0.011225155,0.009801003,0.009331828,0.00906857,0.010153449,0.011967799,0.012888554,0.012715343,0.001596483,0.002980526,0.00404565,0.03526216,0.020949109,0.015689094,0.01298403,0.012973451,0.015437504,0.016895695,0.019809179,0.035709202,0.034185488,0.039575066,0.006372655,0.011732575,0.012856518,0.043921206,0.029688966,0.028298154,0.029113062,0.023378596,0.018473759,0.01166768,0.007624133,0.006788847,0.007358957,0.008436522,0.010343841,0.012729237,0.01642557,0.001801087,0.002231967,0.002425201,0.003166956,0.003952942,0.005007306,0.004478291,0.003553943,0.013061251
Head 0,382,0.000609549,0.000614273,0.000587988,0.000550004,0.000489904,0.000414826,0.000408221,0.000446259,0.000550547,0.000680439,0.000723683,0.000443181,0.000762685,0.000839107,0.001158612,0.001751668,0.002053633,0.001984922,0.001474154,0.001427207,0.001251424,0.001638035,0.001974313,0.00234573,0.00234463,0.002119061,0.001914683,0.001835501,0.00162235,0.001490128,0.001475601,0.001607884,0.001937261,0.002662842,0.005057544,0.007517911,0.004120192,0.003721825,0.004364737,0.005107927,0.005060396,0.00457648,0.004853659,0.006420108,0.007617164,0.007098433,0.007811545,0.008552292,0.007798984,0.006520913,0.005481746,0.005745716,0.006656887,0.008218235,0.00896854,0.013981062,0.009715744,0.004306043,0.005343528,0.011754749,0.007756266,0.007091571,0.007202543,0.007546781,0.009064168,0.012168943,0.013468547,0.011999914,0.001920608,0.002463375,0.000869227,0.000922513,0.005602461,0.005292311,0.006078276,0.005334897,0.005486115,0.006409198,0.00038119,0.012072612,0.010609442,0.009270436,0.008240202,0.00883522,0.01068907,0.01204593,0.012000337,0.001543975,0.002754794,0.003803965,0.036267322,0.024474418,0.018729137,0.013846664,0.011597367,0.011863575,0.012246672,0.014829385,0.02933423,0.030550588,0.03686709,0.005784973,0.010749239,0.012610007,0.04722096,0.031693742,0.029113395,0.028947417,0.023939222,0.020086264,0.013277862,0.008473122,0.006823643,0.006342366,0.006634145,0.007300309,0.008748896,0.011779891,0.002075565,0.002494041,0.002380362,0.002731334,0.003316173,0.00470128,0.004942386,0.004319464,0.015844192,0.007575743
Head 0,383,0.000521022,0.000503891,0.000501887,0.000486344,0.000419872,0.000377922,0.000361826,0.000415894,0.000538587,0.000647654,0.000439557,0.000727505,0.000713728,0.000902852,0.001389312,0.00183603,0.002034673,0.001598229,0.001460009,0.001102516,0.001255037,0.001432162,0.001812177,0.002069032,0.002122283,0.002000485,0.001852382,0.001527159,0.001297734,0.001194985,0.001217303,0.001370644,0.001855672,0.003687216,0.005941651,0.004597838,0.003711769,0.003861564,0.004324371,0.004604222,0.004731833,0.005464403,0.007194446,0.008033683,0.006979215,0.007479658,0.008858721,0.009155547,0.008333637,0.006830291,0.006327295,0.006302131,0.007075305,0.007767098,0.012418767,0.008999529,0.004761389,0.006178086,0.012353685,0.008634998,0.007611327,0.006623392,0.005862118,0.00643575,0.009342106,0.012955902,0.014731015,0.002416385,0.002979007,0.000972003,0.000920946,0.00451455,0.004087681,0.005005799,0.004790218,0.005166022,0.006082785,0.000293262,0.012317777,0.011506285,0.010014921,0.00841675,0.008439749,0.009790489,0.011138483,0.011404536,0.001247304,0.002187912,0.003043191,0.034749202,0.027544461,0.023937013,0.0178624,0.013274123,0.011073168,0.009497703,0.010580881,0.021320051,0.025084225,0.035049722,0.005176681,0.009478124,0.010915305,0.052970722,0.035397284,0.031924479,0.030807527,0.025378266,0.022142785,0.015617223,0.010310595,0.008030115,0.006681407,0.006206894,0.006092414,0.006810854,0.009048671,0.002082391,0.002614765,0.00237399,0.002398703,0.002607272,0.00374031,0.004491562,0.004639101,0.0231048,0.010733952,0.005358541
Head 0,384,0.000479715,0.000488752,0.000505639,0.00046741,0.0004161,0.000358039,0.00036116,0.000442765,0.000569269,0.000440618,0.000779636,0.000730386,0.000818003,0.001144319,0.001532998,0.001899494,0.001706071,0.00164875,0.001184025,0.001167681,0.001164919,0.001414477,0.001739079,0.002063453,0.002190171,0.002102257,0.001688464,0.001348711,0.001158409,0.001113439,0.001177762,0.001541195,0.003043914,0.005096997,0.005618982,0.004237626,0.003846747,0.003757816,0.003885397,0.004413738,0.005904145,0.008575435,0.009678159,0.00788016,0.007606468,0.008684605,0.009645632,0.009935564,0.008844069,0.00801855,0.00709617,0.006838868,0.006916647,0.011262764,0.008416634,0.00502315,0.006913116,0.0121548,0.009163943,0.008480115,0.007051586,0.005459138,0.005066102,0.006835569,0.010356252,0.014721249,0.002993734,0.003959378,0.001243873,0.001068068,0.004076423,0.003249888,0.003922,0.004056434,0.004792312,0.005872691,0.000278352,0.011984745,0.01155313,0.010365665,0.008550265,0.008146927,0.008855758,0.009921861,0.010541585,0.001059732,0.001840653,0.002513109,0.030192133,0.026325935,0.026317414,0.022031292,0.01661174,0.012359646,0.008750063,0.008239135,0.015058689,0.018336641,0.029181035,0.004806862,0.009149631,0.010203367,0.056750916,0.037541766,0.033595301,0.031783536,0.025800267,0.022976249,0.017322421,0.012289973,0.009853311,0.007780349,0.006239866,0.005439388,0.005449465,0.006726946,0.001982881,0.002650103,0.002458632,0.002302626,0.002173987,0.00281335,0.003447222,0.004049784,0.027840596,0.014217266,0.00697734,0.004853053
Head 0,385,0.000479073,0.000506287,0.000501985,0.000478018,0.00040575,0.000368351,0.000398342,0.000489465,0.00042587,0.00080663,0.000806588,0.000856492,0.001061587,0.001304119,0.001639883,0.001649305,0.001800711,0.001383546,0.00128104,0.001103308,0.001170454,0.001383648,0.001786858,0.002194588,0.002355268,0.001966433,0.001528387,0.00123201,0.001116599,0.001112164,0.001383525,0.002629585,0.004386161,0.007005479,0.005404318,0.004603398,0.00387117,0.003496837,0.003882421,0.005696653,0.0095099,0.011861337,0.009793007,0.008668134,0.008863846,0.009573484,0.010630425,0.010717607,0.010540885,0.009060214,0.007623806,0.006681946,0.010211009,0.007780825,0.004853919,0.007070443,0.011305981,0.008866138,0.008751492,0.007677255,0.005783326,0.004670151,0.005380777,0.007549621,0.011706383,0.003161183,0.004958609,0.001614406,0.001376544,0.004414754,0.002923641,0.003102467,0.003184891,0.004100566,0.005444753,0.000326985,0.011309428,0.010870122,0.010184254,0.008635037,0.008175047,0.008340633,0.008757379,0.009263329,0.000914088,0.001595665,0.002152567,0.026211027,0.023062097,0.024808636,0.023752715,0.020157516,0.015265503,0.009661545,0.007571739,0.011786127,0.012985879,0.021520371,0.003946355,0.008423317,0.009792014,0.059622206,0.03904384,0.034920201,0.032829113,0.026252473,0.023257021,0.018114431,0.013774605,0.011859503,0.009661831,0.006830764,0.005476205,0.004915943,0.00537832,0.001835353,0.002521025,0.00249768,0.002381857,0.002066956,0.002326424,0.002587833,0.003084058,0.028091064,0.016600583,0.008914683,0.006195411,0.004125202
Head 0,386,0.000475906,0.000486811,0.000496893,0.000442808,0.00038797,0.000372464,0.000403665,0.000368527,0.000684825,0.000780705,0.000877159,0.001031625,0.001133805,0.001316351,0.001354341,0.001639145,0.001453328,0.001427334,0.001146052,0.00104437,0.001069577,0.001326927,0.001788464,0.00223719,0.002116287,0.00173693,0.001365554,0.001159154,0.001068062,0.001230885,0.002205113,0.00357725,0.007405035,0.006183708,0.005419521,0.004212632,0.003270709,0.003208813,0.004615644,0.008478082,0.012220954,0.011384488,0.010199217,0.009437265,0.009103699,0.009744992,0.010561243,0.011830045,0.011081207,0.00903418,0.006987594,0.009032694,0.006653158,0.004117257,0.006321812,0.010053989,0.008012158,0.008207785,0.007825687,0.006243632,0.00482862,0.00485201,0.005742649,0.00817273,0.002643928,0.004940465,0.00183874,0.001715708,0.005533735,0.003128243,0.002725513,0.002453318,0.003177209,0.004614777,0.000410757,0.010907071,0.010265273,0.009824515,0.008634739,0.008444172,0.008438428,0.008206589,0.008207559,0.000804737,0.001398795,0.001871567,0.024231557,0.02060128,0.022052081,0.022840193,0.022336159,0.019117119,0.012319813,0.008642537,0.01159068,0.010326222,0.015371478,0.002826469,0.006901615,0.00921175,0.062747739,0.041861929,0.037634496,0.035045359,0.027480824,0.023753177,0.018358408,0.014473243,0.013355048,0.011765821,0.007930114,0.006088451,0.005050898,0.004910446,0.001730792,0.002359731,0.002461714,0.002503038,0.002155022,0.002192623,0.00210018,0.0022643,0.025816977,0.017056616,0.010439054,0.00809346,0.005358568,0.003808531
Head 0,387,0.000502593,0.000537815,0.000516376,0.000469242,0.00042533,0.000400676,0.000333693,0.000564398,0.000713493,0.000910997,0.001128954,0.001175207,0.001213342,0.00115526,0.001403131,0.001408777,0.001582903,0.001345242,0.001147445,0.001003759,0.001071012,0.001403859,0.001942147,0.002155618,0.002040627,0.00170675,0.001414121,0.001216996,0.001276273,0.002068822,0.003142622,0.007231013,0.006634986,0.006355839,0.005044373,0.00357874,0.002993315,0.003746999,0.006721659,0.01073266,0.011962827,0.012330138,0.011500687,0.010013659,0.009402208,0.009689521,0.011557945,0.012282575,0.010850438,0.008181576,0.008503589,0.005748449,0.003531759,0.00548597,0.00894507,0.007118729,0.007239633,0.007259908,0.00633176,0.005216058,0.005072887,0.00519656,0.006150477,0.002107382,0.00421813,0.001928356,0.002100313,0.007338477,0.003978813,0.002899622,0.002078272,0.002353558,0.0034661,0.000530198,0.010128687,0.009628342,0.009340727,0.008412791,0.008540225,0.008701071,0.008019828,0.007395513,0.000765863,0.001315055,0.001762101,0.023107046,0.019309582,0.019676859,0.02020522,0.021336533,0.021072291,0.015448704,0.011074414,0.013970299,0.010069964,0.01204319,0.002018979,0.005158074,0.008096117,0.059294432,0.04285996,0.04000492,0.037349857,0.029019494,0.024409121,0.018299432,0.014387596,0.013831307,0.013205335,0.009371218,0.007177541,0.005684127,0.005000347,0.001744366,0.002305934,0.002429535,0.002620045,0.002377928,0.002371236,0.002019292,0.001857217,0.022077667,0.015120097,0.010211764,0.009176701,0.006795579,0.004811137,0.004600659
Head 0,388,0.000522638,0.000531904,0.000522435,0.000493057,0.000439101,0.000321684,0.000457737,0.000563093,0.000786502,0.001101835,0.001223154,0.001213314,0.001043304,0.001154423,0.001172551,0.00146127,0.001418917,0.001288201,0.001052811,0.000946103,0.001063813,0.001419207,0.001716994,0.001907311,0.001850438,0.001643381,0.001396908,0.001362579,0.001982877,0.002741281,0.006517637,0.00626601,0.006546462,0.005731679,0.004185259,0.003204106,0.003380975,0.005237003,0.008103143,0.009982471,0.012338315,0.013333289,0.011931903,0.010185284,0.009257781,0.010476208,0.011908799,0.011965995,0.00986456,0.009153724,0.005534845,0.003263715,0.004715445,0.008049349,0.006518151,0.006569741,0.006575712,0.005993842,0.005417285,0.005632395,0.005652641,0.005804266,0.001761456,0.003159061,0.00167006,0.002062921,0.008857459,0.005395496,0.003813292,0.002266339,0.00204363,0.002632795,0.00058747,0.008686841,0.008815033,0.008815871,0.008089112,0.008493668,0.009147769,0.008502715,0.007431346,0.000676249,0.0011585,0.001567723,0.021447163,0.018715715,0.018687954,0.018250266,0.018975044,0.020152338,0.017124126,0.014021998,0.018901814,0.012457213,0.012024551,0.001522346,0.003401073,0.005636347,0.048032675,0.040182956,0.041352365,0.040616989,0.03208838,0.026669022,0.019341093,0.014640403,0.013936922,0.013754933,0.010865496,0.00866238,0.006866617,0.005789929,0.001640239,0.002178472,0.00228508,0.002528307,0.002448923,0.002604883,0.002197985,0.00180659,0.020186223,0.013639984,0.009468031,0.009395109,0.008109481,0.006465056,0.006182578,0.005013271
Head 0,389,0.000573516,0.000594876,0.00060929,0.000571091,0.00036412,0.000491648,0.00053126,0.00072178,0.001088738,0.001361138,0.001445504,0.001216901,0.001216531,0.00114005,0.001407359,0.00151423,0.001566315,0.001359678,0.001133544,0.001075234,0.001237575,0.001445798,0.001759189,0.002014461,0.002072926,0.001881115,0.001805117,0.002377727,0.002939899,0.006934423,0.006628787,0.007085045,0.006708587,0.005383805,0.004225818,0.004046166,0.00522344,0.006978304,0.008276831,0.011196227,0.014411629,0.015026724,0.01322114,0.011016887,0.01100906,0.011931706,0.01271544,0.011843082,0.010835287,0.006085874,0.003680672,0.004676364,0.007325546,0.006098156,0.00629006,0.006171793,0.005484326,0.005098416,0.005676358,0.006156558,0.006317875,0.001913136,0.002805054,0.001524546,0.001942449,0.008804029,0.006521796,0.005183706,0.002949703,0.002182215,0.002247223,0.000653388,0.006814703,0.007455895,0.007907699,0.007445407,0.007907582,0.008914187,0.008785089,0.007787186,0.000635096,0.001099486,0.001492636,0.018144039,0.016991675,0.017700583,0.017095881,0.016874017,0.017597046,0.016050378,0.015098343,0.02298319,0.016266802,0.014442624,0.001544658,0.002679498,0.003907772,0.034167118,0.032541137,0.03784598,0.040577475,0.033513151,0.028250085,0.020456588,0.015095585,0.014075951,0.013781934,0.01190112,0.010095016,0.008209995,0.006912774,0.00161136,0.002216572,0.002341106,0.002556485,0.002520683,0.002838467,0.002555627,0.002080144,0.017808834,0.01214955,0.008414322,0.008516056,0.008109366,0.007501722,0.008057954,0.006515256,0.005156909
Head 0,390,0.000619057,0.000672562,0.000682306,0.000413899,0.00057843,0.000543355,0.000656676,0.00096591,0.001311104,0.001567728,0.001422713,0.001389122,0.001189549,0.00133447,0.001438133,0.001646037,0.00163859,0.001455817,0.001269347,0.001221674,0.001211933,0.001395069,0.001746411,0.00215696,0.002303643,0.002420407,0.003101377,0.003425564,0.00754163,0.006908857,0.007268365,0.007047279,0.006113033,0.005218515,0.005067994,0.005900667,0.006771916,0.007051742,0.009051258,0.01271162,0.01593074,0.016394615,0.014156536,0.012921236,0.012375354,0.012499254,0.012524055,0.012778794,0.0073164,0.004766455,0.005296481,0.006597764,0.005348913,0.005753079,0.005838262,0.005146964,0.004718355,0.005322575,0.006208427,0.006951916,0.002368711,0.002913693,0.001415808,0.00171238,0.007274227,0.006380026,0.006215754,0.004034387,0.002874624,0.002451139,0.000717156,0.00534652,0.005877274,0.00666857,0.006686955,0.007317041,0.008445809,0.008797699,0.008241855,0.00053886,0.000985307,0.001387187,0.015380322,0.014747215,0.016163498,0.016315877,0.015894078,0.015842652,0.014271121,0.014417013,0.024333393,0.020252805,0.019381028,0.001919207,0.002645189,0.003014293,0.023638669,0.023498632,0.030762887,0.038124301,0.034816142,0.030955018,0.022859696,0.016562341,0.014977757,0.014214126,0.012374748,0.011319565,0.009697964,0.008370486,0.00153335,0.002126097,0.002327105,0.002591698,0.002590447,0.003002518,0.002893035,0.002476582,0.015763843,0.011307675,0.00794124,0.007926363,0.007712247,0.007881796,0.00990036,0.008998017,0.007090202,0.005259514
Head 0,391,0.000701146,0.000751539,0.000467756,0.000711199,0.000625703,0.000665267,0.000875901,0.001166613,0.001500164,0.001527475,0.001595792,0.001347605,0.001368169,0.001346689,0.001531162,0.001685082,0.001722225,0.001585805,0.001406427,0.001169004,0.001133207,0.001337998,0.001822233,0.002335628,0.002934844,0.004104961,0.004332643,0.008582259,0.007403157,0.007571641,0.007242227,0.006436768,0.0059001,0.00620678,0.0073093,0.007803772,0.00709083,0.007759803,0.010194272,0.013935304,0.01718853,0.01738831,0.01642349,0.014361208,0.012715104,0.012186449,0.014083809,0.0088307,0.006336602,0.006750189,0.006672883,0.004884657,0.005186254,0.005539082,0.00506551,0.004611779,0.005050278,0.005896999,0.00708019,0.003078613,0.003551376,0.001440148,0.001592073,0.005829986,0.005440014,0.006192029,0.004959586,0.004044534,0.003332443,0.000871915,0.004869785,0.004732289,0.005379399,0.005762324,0.006717002,0.007952236,0.008509159,0.008336076,0.000444992,0.000838697,0.001237863,0.014056134,0.012894199,0.014129853,0.015064003,0.015327246,0.01516611,0.01307279,0.012979222,0.022867167,0.021577561,0.024106797,0.002494327,0.003185568,0.00293093,0.019019427,0.017113615,0.022749925,0.031890664,0.03319367,0.03257395,0.025354533,0.018487956,0.016416285,0.01521713,0.012203467,0.011971399,0.011066509,0.010083963,0.001571788,0.002006513,0.002183352,0.002507962,0.002563549,0.00300208,0.00298168,0.002684899,0.013233693,0.010190343,0.007477943,0.007511089,0.00717367,0.007458138,0.010386896,0.011020795,0.009818125,0.007254629,0.00522545
Head 0,392,0.000819668,0.000528874,0.000879772,0.000784777,0.000770733,0.000891671,0.001076887,0.001364147,0.001507347,0.001752606,0.001610661,0.001607463,0.001436877,0.00148447,0.00162099,0.001834749,0.001928994,0.001815742,0.001399738,0.001131047,0.00111474,0.001429558,0.002015498,0.003052857,0.005151805,0.005862727,0.010534973,0.008311931,0.00806265,0.007481876,0.006563413,0.006158115,0.006935568,0.008757878,0.009615919,0.008345447,0.007788894,0.00859079,0.011000573,0.014821708,0.018120112,0.020044478,0.018089892,0.014438784,0.012100158,0.0137738,0.00922929,0.007456682,0.008581979,0.007225133,0.004673159,0.004495723,0.004806417,0.004630508,0.004401654,0.004807166,0.005399175,0.006435087,0.003957988,0.004665529,0.001645901,0.001638591,0.004810034,0.004308422,0.005099394,0.004813552,0.004838371,0.004565119,0.001216274,0.005354102,0.004136225,0.004185097,0.004516682,0.005696247,0.007249296,0.008068201,0.008117077,0.000414841,0.000740554,0.001108362,0.013990765,0.011805621,0.012072702,0.012946036,0.014008089,0.014617654,0.012646926,0.012054642,0.0214014,0.020567795,0.025588499,0.003098198,0.004295944,0.003680533,0.019375244,0.014109879,0.016570602,0.023767656,0.02783699,0.031465117,0.027292406,0.021023208,0.018774288,0.017124329,0.012078301,0.012058781,0.011947004,0.01178122,0.002003515,0.002194921,0.002170142,0.002456629,0.002572351,0.003086643,0.003121046,0.002908383,0.01069722,0.008737275,0.006845237,0.007250899,0.006951879,0.007046796,0.009905908,0.011547781,0.0119907,0.009888641,0.007117528,0.005827501
Head 0,393,0.000242326,0.001135496,0.001257803,0.00109938,0.000830213,0.000612655,0.000569005,0.000634456,0.000878672,0.00111399,0.001282197,0.001141297,0.000920218,0.000717667,0.000630367,0.000646183,0.00071446,0.000749293,0.000745092,0.000694417,0.000647968,0.000654712,0.000724921,0.001007603,0.001369616,0.002353058,0.002222019,0.001835072,0.001359747,0.001096842,0.001205176,0.002019722,0.004260117,0.007625218,0.009628333,0.00931231,0.007369864,0.00617969,0.006500027,0.008591743,0.01342337,0.019702597,0.022617834,0.020768076,0.013655364,0.007403376,0.008244776,0.012689405,0.006096633,0.004444796,0.00550335,0.006913564,0.00674947,0.005446577,0.004781418,0.004119961,0.004402371,0.0065634,0.011719774,0.005439313,0.004961532,0.005018697,0.003267199,0.002714157,0.002133297,0.002365508,0.003484576,0.002404009,0.00667034,0.003878847,0.003198162,0.002475226,0.002239976,0.00253961,0.003265601,0.004095862,0.002120068,0.003273495,0.003443678,0.007674759,0.004375395,0.00400697,0.004843764,0.006700207,0.009503054,0.011061121,0.01139542,0.017841034,0.015367688,0.015865816,0.012785294,0.023800239,0.024088904,0.020241039,0.014242387,0.013561972,0.014156787,0.014044357,0.015734695,0.018174123,0.021257494,0.027973915,0.032837469,0.025474021,0.02344284,0.019157277,0.017927138,0.011477336,0.015267081,0.016656954,0.015955636,0.013550295,0.010181173,0.007195851,0.006568956,0.008722794,0.007439748,0.008059681,0.009926095,0.009375439,0.008345921,0.008692225,0.008259441,0.008093626,0.008474858,0.00846727,0.009094668,0.005845538
Head 0,394,0.001127067,0.001449289,0.001623954,0.001453053,0.001041688,0.00078777,0.000683871,0.000806096,0.001017031,0.001354177,0.001448989,0.001299594,0.000997559,0.000789496,0.000731575,0.00076966,0.000801911,0.00081823,0.00077911,0.000721125,0.00071908,0.000764525,0.001019974,0.001365283,0.002168002,0.002486549,0.002456601,0.001943768,0.001367252,0.001132946,0.001443996,0.002732586,0.005358928,0.008547501,0.011043069,0.010209099,0.007985685,0.006684217,0.006965561,0.009564198,0.014575286,0.019816615,0.021627471,0.013984822,0.008791452,0.009466008,0.013516279,0.006871777,0.004147373,0.004275951,0.005168302,0.005834467,0.005819514,0.005920393,0.005069941,0.004710658,0.006306506,0.011628589,0.006021542,0.006512159,0.005557402,0.003612457,0.002632693,0.001726981,0.001733688,0.002656112,0.002264156,0.006500881,0.00413462,0.003468696,0.002619237,0.002182544,0.002217038,0.002486721,0.002857729,0.002089356,0.003424543,0.003883278,0.00962069,0.005111706,0.003840977,0.003652656,0.004324859,0.006112314,0.008025667,0.009628463,0.017684499,0.015974347,0.016050192,0.010136207,0.020379649,0.024826035,0.019906297,0.014099841,0.013085072,0.013129191,0.012508767,0.01306068,0.01399679,0.015996456,0.022380264,0.030367635,0.027805056,0.027854519,0.022910623,0.019701386,0.012165209,0.014478995,0.015668923,0.016869588,0.017037138,0.014445776,0.0099571,0.007996195,0.009983263,0.006927592,0.006794084,0.008816958,0.009833893,0.010222285,0.011219074,0.01025153,0.0092119,0.009083142,0.009023149,0.010110724,0.007959179,0.007200175
Head 0,395,0.001317355,0.00172191,0.001982508,0.001687597,0.001247553,0.000890802,0.000815664,0.000860136,0.001144355,0.001432687,0.001558008,0.001335264,0.0010282,0.000853489,0.000808006,0.000796034,0.00082095,0.000818964,0.000777327,0.000775842,0.000802237,0.001015408,0.001294037,0.001696821,0.002174251,0.002598613,0.00252682,0.001917679,0.001395524,0.001328096,0.001872274,0.00316577,0.005389456,0.009104344,0.01156436,0.010656493,0.008375563,0.006975919,0.007479945,0.010106026,0.014622574,0.018877929,0.011934971,0.008685045,0.010786883,0.014920295,0.00878133,0.00473653,0.00398596,0.003988433,0.004349231,0.004947815,0.006155817,0.006125626,0.005659647,0.006354834,0.010355615,0.005514991,0.006745525,0.005641973,0.004169296,0.003085716,0.001760506,0.001438658,0.001949624,0.001704233,0.005563515,0.004135236,0.003778046,0.00295562,0.002390191,0.002290117,0.00230943,0.002311434,0.002030253,0.003354237,0.004081347,0.010828382,0.006479007,0.004732517,0.003722299,0.003466866,0.004180107,0.005465918,0.007397907,0.016157515,0.016923008,0.017679054,0.009086914,0.016596707,0.021015726,0.019854635,0.014597191,0.013529984,0.013272082,0.012245416,0.012029372,0.011800248,0.012351461,0.016745621,0.023973903,0.026612639,0.030879939,0.028138043,0.024698881,0.01413236,0.015236638,0.014941578,0.015904501,0.017955856,0.018161094,0.013960484,0.010872021,0.013766502,0.007666842,0.006122502,0.00716172,0.008550108,0.010571225,0.013551521,0.013157971,0.011230985,0.010090719,0.009346953,0.01041335,0.009226745,0.009570333,0.007355903
Head 0,396,0.001760123,0.002366468,0.002549939,0.002200792,0.001547922,0.001184792,0.000981089,0.001108672,0.001422976,0.001822433,0.001898372,0.001614903,0.001295201,0.0010907,0.000962268,0.000944001,0.000962193,0.000953614,0.000978228,0.001014551,0.00121808,0.001452182,0.001592195,0.002051521,0.002703319,0.003178289,0.00291879,0.002274601,0.001896009,0.002016341,0.002553689,0.003712726,0.006719971,0.011240014,0.014006431,0.012848482,0.010025527,0.008524636,0.009094306,0.011836021,0.016336888,0.009568045,0.007893626,0.013647751,0.018944776,0.011452426,0.00619649,0.004708352,0.003832083,0.0035207,0.003845687,0.00530138,0.006399354,0.006887286,0.008572073,0.011807849,0.005729698,0.006995086,0.005088591,0.004348753,0.003644861,0.002068198,0.001426924,0.001570384,0.001301715,0.004089655,0.003516138,0.00367399,0.003147936,0.002584893,0.002422142,0.002332609,0.002107423,0.002199638,0.003507656,0.004353194,0.00936103,0.006760821,0.005614657,0.004255678,0.003265678,0.003097782,0.003458537,0.00465661,0.011187782,0.0144549,0.017663542,0.010461457,0.016173415,0.017943857,0.018757792,0.014151018,0.013244206,0.012845063,0.011513421,0.010726893,0.009792248,0.009298295,0.011640051,0.016077338,0.019805182,0.02655609,0.027842363,0.027000956,0.016656186,0.017477086,0.015786273,0.015467596,0.017611483,0.020028979,0.01825311,0.015783934,0.01837684,0.009214223,0.006082402,0.00574803,0.006240539,0.008242635,0.012406162,0.013946999,0.012455066,0.010609489,0.008932537,0.009341315,0.008932658,0.011254509,0.01007406,0.007924612
Head 0,397,0.00199476,0.002232174,0.002294232,0.001960784,0.001866823,0.001625805,0.001762874,0.001903,0.002211242,0.002351166,0.002331644,0.002180527,0.002096348,0.001929603,0.00191942,0.001942502,0.001864544,0.00157593,0.001435372,0.002017462,0.002968898,0.012026117,0.017025275,0.020220762,0.017137749,0.011567254,0.007960381,0.006767314,0.007022961,0.008080902,0.009850923,0.01246842,0.015026749,0.015451812,0.01388372,0.01149071,0.010729306,0.011224864,0.013142855,0.015617492,0.01188413,0.009138012,0.008413312,0.009752511,0.010335326,0.007035751,0.006494716,0.005626016,0.003900156,0.002779383,0.002557014,0.002874184,0.003694958,0.003576725,0.005723024,0.002772248,0.003149332,0.003898319,0.003052171,0.002762641,0.00208421,0.001923885,0.002156431,0.001097541,0.006734458,0.007155878,0.007058346,0.005144467,0.003670036,0.002969869,0.002694582,0.002760194,0.000814635,0.001176044,0.001185253,0.012231424,0.010880365,0.011004423,0.009973428,0.008502573,0.00731648,0.006036593,0.006026428,0.012119237,0.013562899,0.018223345,0.002803562,0.004497849,0.004988353,0.03372556,0.026870469,0.024555791,0.020801397,0.013717478,0.010460747,0.008495451,0.008412076,0.011985998,0.01781025,0.018347412,0.020764191,0.018678779,0.016304955,0.004211625,0.006352414,0.007201582,0.007055851,0.005448541,0.004646547,0.003683426,0.003168449,0.010378681,0.006493134,0.004238076,0.004113921,0.004330134,0.005215157,0.008574837,0.011315814,0.013294872,0.01371296,0.013872053,0.016684648,0.0038554,0.005580155,0.00547533,0.004516339,0.010276097
Head 0,398,0.00205158,0.00256776,0.002553477,0.002204965,0.001481964,0.001088956,0.000947917,0.001069082,0.001354245,0.001681602,0.001814057,0.001629653,0.001233315,0.000947146,0.000820767,0.000812037,0.000892036,0.001031451,0.00130592,0.001472453,0.001113236,0.001207129,0.001549885,0.002086421,0.00261889,0.002976359,0.003134778,0.003029981,0.002516309,0.002074345,0.002366744,0.003719706,0.006659818,0.010958659,0.013369384,0.012334097,0.009744512,0.008020919,0.008217929,0.004340136,0.004166419,0.01265825,0.020443415,0.011759749,0.007994425,0.006916294,0.005200469,0.003599642,0.002780972,0.003027546,0.003811934,0.005509356,0.013024278,0.016668268,0.005902802,0.005745884,0.00345267,0.003046779,0.003286683,0.002604688,0.002059774,0.001909845,0.001042523,0.00253819,0.002106138,0.002575448,0.002856137,0.002945498,0.003055543,0.003037991,0.002556973,0.002309221,0.003246185,0.003722825,0.005592072,0.004944535,0.005949272,0.006319392,0.005375615,0.004094916,0.002982871,0.002749704,0.005113832,0.007467377,0.012959502,0.015432543,0.022357775,0.017689159,0.022062704,0.015328662,0.014190128,0.014341176,0.013178394,0.012102657,0.010420496,0.008650408,0.008935122,0.010286342,0.010672589,0.016625373,0.022811154,0.029929794,0.020682171,0.02230656,0.019265642,0.01659644,0.01613852,0.01740269,0.018180538,0.020236468,0.028677193,0.017678527,0.011479911,0.008128121,0.005865321,0.005824233,0.008668304,0.012507066,0.015598951,0.016265972,0.013668171,0.012233607,0.005205717,0.007869365,0.010053856,0.011410198,0.0125667,0.008363769
Head 0,399,0.002386879,0.002739358,0.002903966,0.00226338,0.001632324,0.001182102,0.00104854,0.001140341,0.001446612,0.001847529,0.002012692,0.001696343,0.001264539,0.000968701,0.000852497,0.000887473,0.001041734,0.001392339,0.001644373,0.00116891,0.001145352,0.001346348,0.001712486,0.002185364,0.002794404,0.003597903,0.004208987,0.003676819,0.00264634,0.002274975,0.002634663,0.004052099,0.007293398,0.011652301,0.01442724,0.013146716,0.009927589,0.008091034,0.003489672,0.003072242,0.010403439,0.018546049,0.009946382,0.007866189,0.007752899,0.006508405,0.004624843,0.003241644,0.002920817,0.003036579,0.004057371,0.015103906,0.021911314,0.007645079,0.006864978,0.003507501,0.002751529,0.002805288,0.002413047,0.002236186,0.002314339,0.001417481,0.002511733,0.001762242,0.001976095,0.002267724,0.002641269,0.003079004,0.003303649,0.002872324,0.00284961,0.003637791,0.003788006,0.004511856,0.003681183,0.004572097,0.005679026,0.005935842,0.005137643,0.003596362,0.002752704,0.00413561,0.004924139,0.008235896,0.015718108,0.027289974,0.022568729,0.025366766,0.016621895,0.014516303,0.014198173,0.013146123,0.012233015,0.010637071,0.008728576,0.008511657,0.00902244,0.007818239,0.011433743,0.0162165,0.02366039,0.023017935,0.025290301,0.022058645,0.018841816,0.017241063,0.016934203,0.016554253,0.018861104,0.025935913,0.019088281,0.014627931,0.011145266,0.007364352,0.005944974,0.007144036,0.009437844,0.012723971,0.015641309,0.015268793,0.014326932,0.004369628,0.005681952,0.007343362,0.0097407,0.011983401,0.010457206,0.008663504
Head 0,400,0.002466679,0.002991798,0.002833286,0.002360271,0.001672822,0.001241463,0.001068262,0.001164789,0.001523586,0.001962856,0.002008046,0.001655071,0.001217459,0.000941007,0.000864188,0.000948075,0.001304071,0.001678315,0.001244789,0.001131353,0.001205914,0.001409751,0.001718449,0.002236412,0.003240447,0.004600044,0.00474934,0.003584847,0.002739866,0.002416832,0.002782432,0.004353907,0.007565375,0.012261513,0.014925471,0.012957998,0.009681531,0.003456371,0.002496388,0.007669305,0.014201902,0.007430872,0.006769719,0.007524992,0.007181658,0.005662606,0.004078527,0.00338216,0.002939065,0.003224033,0.014864202,0.024205042,0.009566008,0.008498191,0.003841772,0.002741918,0.002490429,0.002062785,0.002070355,0.002471542,0.002008474,0.002846352,0.001735447,0.001642621,0.001730614,0.002101825,0.002762209,0.003325674,0.003132443,0.003700507,0.00440657,0.004132406,0.004244413,0.003024207,0.00346035,0.004424036,0.005386299,0.005672145,0.004491403,0.003335534,0.004473563,0.00409876,0.005566117,0.013042954,0.027254896,0.027113652,0.027765917,0.018607726,0.015674558,0.014444022,0.013148988,0.012332948,0.010984579,0.009181696,0.008726875,0.008720796,0.006677903,0.008516724,0.011410659,0.017305443,0.024135737,0.028116748,0.025186468,0.02176048,0.019511767,0.018188255,0.016443463,0.017893514,0.021712782,0.017657669,0.015907215,0.014344529,0.010188217,0.007557886,0.007364378,0.007957305,0.009950346,0.013200295,0.015222173,0.016471151,0.004946546,0.00502137,0.005524758,0.00738421,0.011147562,0.011328284,0.011054059,0.00867233
Head 0,401,0.003182743,0.003402299,0.00345597,0.00286138,0.002123456,0.001551399,0.001332533,0.001495147,0.001957437,0.00237334,0.00239026,0.001952004,0.001448786,0.001178107,0.001119948,0.001397605,0.001833021,0.001527998,0.001398474,0.001392868,0.00151478,0.001734166,0.00215097,0.003124605,0.004882415,0.005917949,0.005170813,0.004250967,0.003393215,0.003045526,0.003589752,0.005344887,0.00925275,0.014548844,0.016736148,0.014258705,0.00448996,0.00266695,0.00702506,0.011685868,0.005578185,0.005608488,0.006802526,0.007149474,0.006396659,0.005158315,0.004456435,0.003582326,0.003242719,0.015053839,0.025287749,0.012331841,0.011822831,0.00447144,0.003248035,0.002683558,0.001943663,0.00180654,0.002243174,0.002687106,0.003178056,0.001937302,0.001603461,0.001448879,0.00161626,0.002197079,0.002913544,0.003065858,0.005129723,0.006133694,0.005402076,0.004480937,0.002864479,0.00286912,0.003322033,0.004062373,0.004875102,0.004645713,0.003898977,0.005431926,0.004233583,0.004440143,0.010710576,0.023841243,0.028702578,0.024802702,0.019069038,0.016849836,0.014828409,0.012899195,0.011654066,0.010329426,0.00875122,0.008337139,0.008089625,0.006157347,0.006778362,0.007957221,0.011356506,0.023243768,0.029526547,0.027851021,0.024594121,0.022313215,0.020555289,0.017682331,0.017931053,0.016923327,0.013465548,0.013032703,0.013773449,0.011675418,0.009410197,0.008461541,0.007475709,0.007607888,0.009261681,0.011373771,0.014362595,0.006862801,0.005700857,0.004901578,0.005565148,0.009255206,0.009826737,0.011742101,0.010864124,0.00818145
Head 0,402,0.003211099,0.003396162,0.003186661,0.003050777,0.002800449,0.002616568,0.002569253,0.002829797,0.002986343,0.002995449,0.002771285,0.002458309,0.00216663,0.00230455,0.003745759,0.005446267,0.00809142,0.005841924,0.00531862,0.006013284,0.007946302,0.011252727,0.016872646,0.022731798,0.022589367,0.017259289,0.01399761,0.012563484,0.012024267,0.012741331,0.013917344,0.016943391,0.019411368,0.019580834,0.016198939,0.006645788,0.003344333,0.006533762,0.009632789,0.005768903,0.006002725,0.00733617,0.007264851,0.005545801,0.00455486,0.00459113,0.004921778,0.00489579,0.005874925,0.006071002,0.002545341,0.00209457,0.001955019,0.001799045,0.002125916,0.002135483,0.002207123,0.002385502,0.00186361,0.004655266,0.003821702,0.003236511,0.002814766,0.00318582,0.004474991,0.005991677,0.006100566,0.002227442,0.002503936,0.002224784,0.005248538,0.004577409,0.005308239,0.005960955,0.006562592,0.006942739,0.006395706,0.006173508,0.010413876,0.008952848,0.009262588,0.002335398,0.003899577,0.004587778,0.024137395,0.021122286,0.020861685,0.021333542,0.019142393,0.018841121,0.016192181,0.012324694,0.010221541,0.008337479,0.005760014,0.005725913,0.006602999,0.01002512,0.004408684,0.008058348,0.009361401,0.009473546,0.008785386,0.010228915,0.010992562,0.010969793,0.020727329,0.014327372,0.009276404,0.007340124,0.005756686,0.004922719,0.0055348,0.005685291,0.006347312,0.007237654,0.008830532,0.012492449,0.003156,0.003327626,0.003172885,0.003576451,0.023196813,0.00539375,0.007041143,0.006867311,0.005939659,0.011155931
Head 0,403,0.003530833,0.003335183,0.003240405,0.003084553,0.002967308,0.002810955,0.002825947,0.002819626,0.002889994,0.002920781,0.002874574,0.002627853,0.002677468,0.003894296,0.005393414,0.010196254,0.007786072,0.006251494,0.00544446,0.005760924,0.007791712,0.013411958,0.022632485,0.027288241,0.02248084,0.017957039,0.014892036,0.013319493,0.013427276,0.014228092,0.016864341,0.019170877,0.020010294,0.017850488,0.008269254,0.004263794,0.007154137,0.008880826,0.00389873,0.004030772,0.005708985,0.006886528,0.005927686,0.004787308,0.004498756,0.004710836,0.00514359,0.006951632,0.007956341,0.003458048,0.00276384,0.001897444,0.001571696,0.00177994,0.001890258,0.002140553,0.002367913,0.002132167,0.004506624,0.003981466,0.003529102,0.002941071,0.002946703,0.003675216,0.004964347,0.005946785,0.002618699,0.003354477,0.003003243,0.005743965,0.004253772,0.004577389,0.005207568,0.006020081,0.006593462,0.006091197,0.005982521,0.010280972,0.009412585,0.010239042,0.002272864,0.003849076,0.004413547,0.019757219,0.018420812,0.019885201,0.021094911,0.018611306,0.017706707,0.015597233,0.012989702,0.011910723,0.010155623,0.006765034,0.005942712,0.005661322,0.007157093,0.002937851,0.0059521,0.008505236,0.009943705,0.009315164,0.009843344,0.00992665,0.010351532,0.019683333,0.014496777,0.010215893,0.008417993,0.00645726,0.005245619,0.005605028,0.005510639,0.005754829,0.00600112,0.006742464,0.009204034,0.003264661,0.00355484,0.003207017,0.003129336,0.020798655,0.003918309,0.005546703,0.006359653,0.00639825,0.01316636,0.00875559
Head 0,404,0.003306836,0.003230694,0.003085955,0.003033029,0.002891266,0.002795251,0.002615507,0.002592135,0.00268513,0.00286752,0.002834111,0.002933051,0.004020976,0.005170584,0.011973274,0.010505546,0.008725458,0.006439061,0.005089235,0.005427875,0.008953252,0.017796965,0.027696159,0.028040357,0.025173362,0.02030677,0.016220557,0.014429668,0.014108044,0.016156707,0.018258385,0.019685389,0.018540667,0.009237083,0.005402971,0.008045009,0.008734329,0.002970193,0.002540497,0.003518275,0.005023648,0.005474425,0.00504188,0.004762544,0.004601302,0.004860393,0.006556701,0.008891863,0.004093711,0.003637307,0.001996897,0.001435481,0.001420967,0.001452809,0.001795101,0.002174579,0.002412857,0.004290745,0.003962954,0.003709604,0.00315644,0.002974964,0.003237803,0.003903204,0.00484918,0.00252769,0.003871745,0.00391728,0.007578951,0.004665475,0.004181903,0.004328835,0.0050709,0.00593682,0.005763358,0.005829506,0.010381875,0.009562472,0.010755017,0.001683422,0.003153309,0.003958479,0.016463753,0.01546163,0.017847246,0.020474272,0.018765116,0.01750846,0.015048267,0.012979124,0.012952277,0.012263426,0.008072858,0.00673465,0.00557999,0.005686723,0.001882958,0.003559285,0.005870471,0.008660737,0.009488595,0.010134865,0.009348051,0.009115509,0.019416839,0.014078052,0.010456122,0.009447541,0.007657386,0.006095484,0.006037635,0.005519023,0.005382696,0.00520559,0.005425124,0.006946564,0.003299591,0.003744271,0.003386742,0.003022274,0.019429374,0.002931502,0.004079146,0.005236038,0.006458126,0.016704379,0.011378771,0.007841941
Head 0,405,0.001325663,0.001417983,0.001490722,0.001517737,0.001420096,0.001076622,0.000866238,0.000839579,0.000984984,0.001176983,0.001207805,0.001231889,0.001011678,0.001180822,0.001842533,0.003077626,0.003173198,0.001882983,0.00097876,0.000812029,0.001211218,0.002255841,0.00365669,0.005823034,0.006896761,0.005987993,0.004870484,0.004006114,0.003915008,0.004125382,0.004904253,0.005663822,0.001920038,0.001910904,0.004195058,0.003652544,0.000871722,0.000425092,0.000406709,0.000647513,0.001300542,0.002064292,0.002396137,0.001862176,0.001421266,0.002345162,0.004266069,0.003129678,0.004955473,0.001582661,0.001098333,0.000775126,0.000514665,0.00049658,0.000570408,0.001371061,0.00077333,0.000784112,0.001043883,0.001433137,0.001733429,0.001707508,0.00146568,0.001479623,0.002820452,0.006517264,0.010551051,0.008345176,0.004266266,0.002443257,0.001738073,0.001651353,0.001935705,0.002172295,0.002365188,0.003444719,0.003390186,0.00410621,0.001778356,0.003403499,0.004741534,0.005895538,0.006088753,0.009212705,0.014603661,0.017191989,0.014541357,0.009493402,0.006374514,0.005816252,0.006870662,0.006625179,0.007872511,0.007239802,0.005428343,0.003153689,0.002641906,0.003581051,0.007333117,0.013573124,0.019023091,0.015365692,0.011050168,0.011910267,0.00791783,0.007103761,0.00861232,0.00962435,0.009185014,0.008466603,0.006721272,0.005134795,0.003811273,0.002840869,0.002563262,0.003444175,0.00380292,0.00395452,0.003764766,0.007753919,0.00240592,0.002478772,0.003324695,0.006029809,0.009443711,0.011154555,0.010559327,0.446911812
Head 0,406,0.000982884,0.001053939,0.00114194,0.001225967,0.001023005,0.000786328,0.000638422,0.000611273,0.000717284,0.000887214,0.001198837,0.001141409,0.000764368,0.000831465,0.001384042,0.002127677,0.001991506,0.001196181,0.000777269,0.000764969,0.001032408,0.001510406,0.00276551,0.004365494,0.004714593,0.004125496,0.003274933,0.002970982,0.002982992,0.003382268,0.003651562,0.00097278,0.000907371,0.003238529,0.003811965,0.001072218,0.000476361,0.000282488,0.000254171,0.000396782,0.000773364,0.001436354,0.001636636,0.001269796,0.001697498,0.00224204,0.001516097,0.002324506,0.000994155,0.000861164,0.000692109,0.000426719,0.000341864,0.000372025,0.000832634,0.000529746,0.000441841,0.000463927,0.00060812,0.000884803,0.001163731,0.001115165,0.000935819,0.001511878,0.002834959,0.005207703,0.005728219,0.004253954,0.002716361,0.001615255,0.001149424,0.001089689,0.001176953,0.001337226,0.00217207,0.002098782,0.002309076,0.001109144,0.00180486,0.002523008,0.003821968,0.003326166,0.00413217,0.006444717,0.009498867,0.011039452,0.008723397,0.005585318,0.00409875,0.003793666,0.003520609,0.004264157,0.004809758,0.004690892,0.004198351,0.002449223,0.001835482,0.00248938,0.004707305,0.009827887,0.012036382,0.010125421,0.0103955,0.006036235,0.004326778,0.004532855,0.005344277,0.006126046,0.006622945,0.005701704,0.004464613,0.003348757,0.002441793,0.001963207,0.002691678,0.002425104,0.00238686,0.002591746,0.003943286,0.002031838,0.001784222,0.001771188,0.002561993,0.004329568,0.005766109,0.007382778,0.399023324,0.242952377
Head 0,407,0.000847378,0.000924933,0.001043886,0.000981861,0.000824468,0.00065323,0.000531724,0.000523095,0.000632705,0.001003143,0.001246196,0.000826803,0.000592617,0.000690289,0.001087294,0.001500446,0.001356474,0.000988116,0.000768287,0.000720431,0.000786027,0.001292974,0.002418672,0.003463903,0.003742433,0.003106216,0.002606445,0.002417022,0.002619456,0.002790299,0.00075152,0.000564364,0.002397867,0.003476352,0.001173739,0.000701741,0.000385587,0.000212533,0.000189187,0.000287755,0.000645769,0.001198825,0.001377957,0.001958286,0.001908385,0.001168555,0.001332503,0.00062261,0.000629365,0.000638009,0.000441868,0.000315611,0.000300308,0.000577801,0.000471173,0.000381313,0.000325818,0.000337925,0.000458088,0.000712865,0.000895035,0.000825986,0.001218373,0.001724886,0.002697633,0.00310079,0.003485784,0.003245217,0.00214185,0.001279933,0.00090235,0.000797853,0.000865986,0.001461615,0.001581574,0.001740165,0.001195032,0.001437917,0.001622683,0.003088874,0.002563502,0.002675763,0.003492145,0.005123663,0.007361666,0.007920292,0.006101628,0.004391031,0.003253628,0.002822217,0.002922921,0.003252684,0.003832746,0.00611485,0.00393877,0.002087412,0.001598867,0.002060886,0.004437562,0.007864457,0.00973489,0.010233511,0.006542464,0.004160057,0.003398223,0.003490862,0.004278826,0.005580989,0.005636307,0.004776853,0.003719073,0.002758553,0.002191778,0.002954361,0.002312228,0.001919162,0.001998106,0.002311358,0.001932673,0.001771727,0.001497721,0.00159678,0.002809148,0.003354335,0.004804318,0.30132097,0.250343531,0.164514408
Head 0,408,0.000844124,0.000941043,0.000928821,0.000868424,0.000767164,0.000635034,0.000546992,0.000574337,0.000861667,0.001234949,0.001181629,0.00071378,0.000549941,0.000621271,0.000901217,0.001177409,0.001239806,0.001047713,0.000818134,0.000644826,0.000759718,0.001293396,0.002225227,0.003223137,0.003253193,0.002782118,0.00234777,0.002285392,0.00238554,0.000779315,0.000508378,0.002018344,0.002919042,0.000915524,0.000825564,0.000626349,0.000319864,0.000178543,0.000157713,0.000270439,0.000611868,0.001149297,0.002544835,0.002412376,0.001361638,0.0011399,0.000440193,0.000433151,0.000523322,0.000466443,0.000358208,0.000302099,0.000524084,0.000423324,0.0003721,0.000310639,0.000263941,0.00028602,0.000410766,0.000617779,0.000734615,0.001180034,0.001474957,0.001783071,0.001517853,0.002064919,0.00291646,0.002803165,0.001877577,0.001124414,0.000753824,0.00067417,0.000989495,0.001208988,0.001504948,0.00183419,0.001765841,0.001415906,0.002505982,0.002193968,0.002238543,0.002512627,0.00316185,0.004573119,0.006129242,0.006241004,0.005414903,0.003881315,0.003105578,0.002692695,0.00250141,0.002885628,0.006513882,0.00611563,0.003518943,0.001927273,0.001488511,0.002208686,0.004052901,0.006978276,0.008115422,0.007098701,0.005071502,0.003576103,0.002883392,0.003133976,0.004438411,0.00532307,0.005223729,0.004389701,0.003321576,0.002677272,0.003536696,0.002802537,0.002071829,0.001874308,0.001560924,0.001806055,0.001869752,0.001621434,0.001456084,0.002322726,0.002291642,0.003008534,0.207902744,0.220226616,0.191982806,0.125821114
Head 0,409,0.001215054,0.0013771,0.001545411,0.001676665,0.001611237,0.001344607,0.001146721,0.001289229,0.001733379,0.001795653,0.001504213,0.001072405,0.000759612,0.000714597,0.00091426,0.00136815,0.001765709,0.001682692,0.001253236,0.001066521,0.001232388,0.001884644,0.003219974,0.004394658,0.004504774,0.003614685,0.002723694,0.002227586,0.000686981,0.000492031,0.001879044,0.003044316,0.000771415,0.00095642,0.001268957,0.000994874,0.000513686,0.000232576,0.000173248,0.000229455,0.000490439,0.003843704,0.006137375,0.004256824,0.004027748,0.000684546,0.000476966,0.000432457,0.000382921,0.000329402,0.000306602,0.00214241,0.000475966,0.000483539,0.000545717,0.000486366,0.000385943,0.00034211,0.00036296,0.00039054,0.002167716,0.002776497,0.00255532,0.000455117,0.000507771,0.000977052,0.001854668,0.002353019,0.001974721,0.00123125,0.000792608,0.000847781,0.000830761,0.001067473,0.005328516,0.007091297,0.005358627,0.002253776,0.001923969,0.001913217,0.001748253,0.001584022,0.001655849,0.002132719,0.002875468,0.004154584,0.004788949,0.004551816,0.004538946,0.003625158,0.003253862,0.022372771,0.035195041,0.034935828,0.021960206,0.011308127,0.007136971,0.006203319,0.007896667,0.004051981,0.004863019,0.004706994,0.003509196,0.002106978,0.001448615,0.001509802,0.00174232,0.00215432,0.002582986,0.002822686,0.003269115,0.006100774,0.006210542,0.005189287,0.004432141,0.001468793,0.003520488,0.003450833,0.003053722,0.002423448,0.001690375,0.001438043,0.001499883,0.12347649,0.126306325,0.143108249,0.148406833,0.068409607
Head 0,410,0.001237147,0.001368254,0.001565147,0.00177814,0.001789112,0.001624143,0.001639669,0.001761987,0.001634155,0.001885999,0.001768987,0.001210877,0.000834148,0.000786009,0.001111683,0.001759187,0.002194548,0.001907817,0.001502632,0.001284169,0.001467826,0.002315156,0.003734797,0.005127168,0.005034492,0.003888611,0.002818453,0.000726866,0.00054614,0.001845761,0.002558455,0.000517108,0.000551884,0.000851172,0.001066478,0.000856286,0.000422783,0.00022289,0.000162765,0.000225601,0.002501549,0.005340177,0.004038513,0.004913373,0.000874303,0.000547626,0.000415595,0.000338909,0.000325212,0.000331341,0.003488126,0.00039403,0.000359134,0.000452047,0.000497156,0.00045308,0.000378662,0.000334262,0.000330211,0.002095129,0.003162727,0.003125053,0.000405219,0.000311247,0.000470057,0.000982428,0.001800101,0.002322931,0.001834959,0.001165428,0.001094426,0.000817745,0.000919303,0.004919454,0.008049364,0.006540416,0.001766729,0.001508179,0.001690166,0.001782494,0.001641602,0.001475105,0.001520126,0.001833865,0.002803857,0.004038982,0.004079544,0.004852675,0.004206221,0.003468486,0.015045778,0.022456722,0.029750001,0.029079637,0.019235879,0.010553645,0.00611025,0.005379166,0.002027434,0.002685213,0.003537726,0.003880671,0.002816756,0.001789103,0.001475784,0.001395592,0.001606037,0.001933488,0.002174661,0.002558664,0.00562657,0.005802293,0.005339696,0.004810693,0.001433455,0.0034548,0.003194456,0.002966254,0.002682248,0.001368334,0.001289701,0.001290444,0.13619335,0.107635364,0.109626576,0.122993864,0.084306501,0.06591133
Head 0,411,0.001108898,0.00123852,0.001445677,0.001674815,0.001756997,0.001903622,0.001862809,0.001155451,0.001510332,0.001920394,0.001692972,0.001119248,0.000789312,0.000844276,0.001279057,0.001889635,0.00210034,0.001955424,0.001527278,0.001299427,0.001550218,0.002351062,0.003915622,0.005161136,0.004911243,0.003497476,0.00072391,0.000515202,0.001574161,0.00208822,0.00044328,0.000371019,0.000482397,0.000712458,0.000888276,0.000673164,0.000393274,0.00020223,0.000154127,0.001514928,0.003220121,0.002667133,0.004170176,0.000969408,0.000664177,0.000449657,0.00029998,0.000274431,0.000311533,0.004621691,0.000373292,0.000281402,0.000323827,0.00040213,0.00046097,0.000453852,0.000375736,0.000313329,0.001881775,0.002947656,0.003321996,0.000441515,0.000263635,0.000274432,0.000461101,0.000927701,0.001731999,0.002086943,0.00168982,0.001799006,0.001045866,0.000879292,0.003547726,0.006722352,0.00690209,0.001481645,0.001183431,0.001321416,0.001549808,0.00161893,0.001472108,0.001302363,0.00129799,0.001762412,0.002697846,0.002989305,0.004206682,0.00445362,0.004039031,0.012352826,0.014498872,0.018649826,0.02424868,0.024087904,0.016767018,0.008603602,0.00530577,0.001232833,0.001400087,0.00201802,0.003132824,0.003296604,0.002475081,0.00183908,0.001372907,0.001306728,0.001461774,0.001687265,0.002066974,0.00582373,0.005232883,0.004732574,0.00457431,0.001552025,0.003528083,0.003033557,0.002654648,0.002502305,0.001046311,0.001115737,0.001196548,0.173888355,0.112666443,0.0910827,0.090866417,0.068915568,0.073488764,0.053162076
Head 0,412,0.000915157,0.001038019,0.001245507,0.00145386,0.001815968,0.001910136,0.000853132,0.001009528,0.001433035,0.001727384,0.001431027,0.000946275,0.000762109,0.000894458,0.001252804,0.001623155,0.001986551,0.001838706,0.001413127,0.001244584,0.001429811,0.00225876,0.003688433,0.004899224,0.004236758,0.000813258,0.00049134,0.001341533,0.001690394,0.000432513,0.000318628,0.000315409,0.000395615,0.000578108,0.000682924,0.000612266,0.0003508,0.000187632,0.001233946,0.001883922,0.001603035,0.002659003,0.000768113,0.000703407,0.000527473,0.000305475,0.000231807,0.000257241,0.004102272,0.000384514,0.000262818,0.000244781,0.000279889,0.000356923,0.000450875,0.00043214,0.000344518,0.001772422,0.002553788,0.003041032,0.000495317,0.000288708,0.00022909,0.000264134,0.000423115,0.000862744,0.00150662,0.001856044,0.0028618,0.001684133,0.00110634,0.002720159,0.004627542,0.005485961,0.001265919,0.000985914,0.001030873,0.001213838,0.001403019,0.001419809,0.001243501,0.001085777,0.001230784,0.001680661,0.002066682,0.003071128,0.003847492,0.004270696,0.010949072,0.010972929,0.011361941,0.014548346,0.018982239,0.019820668,0.012718461,0.007103956,0.000981955,0.000834015,0.00102858,0.001805829,0.002738644,0.002990813,0.002607121,0.001748958,0.001312114,0.00120385,0.001293903,0.001623614,0.006829554,0.005322193,0.004173813,0.003867632,0.001614253,0.003341201,0.002937808,0.002444666,0.002215446,0.000816109,0.000901462,0.00105459,0.211199999,0.137794897,0.094144762,0.07491079,0.042155568,0.055125795,0.054029677,0.042347651
Head 0,413,0.000954209,0.00112838,0.001359573,0.001828501,0.002185771,0.000929183,0.000895668,0.001091301,0.001485826,0.001657804,0.001354502,0.001041758,0.000964384,0.001080712,0.001296894,0.001823245,0.002197064,0.001967807,0.001551168,0.001328282,0.001585013,0.002485282,0.004076924,0.004752552,0.001020983,0.000542155,0.001467927,0.001666821,0.00043371,0.000331127,0.000286527,0.000272093,0.000341151,0.000473533,0.000637928,0.000559102,0.00033518,0.001743655,0.001727097,0.00129603,0.001792351,0.000447195,0.0005627,0.000559421,0.000345063,0.00022135,0.000210003,0.002610136,0.000369866,0.000271495,0.000220736,0.000207743,0.000238336,0.000340101,0.000416189,0.000383093,0.001865083,0.002433917,0.002762425,0.000465191,0.000307042,0.000233884,0.000205467,0.000227494,0.00037236,0.000712006,0.001236,0.00293374,0.002429081,0.001649461,0.003173566,0.004086957,0.004349212,0.001058136,0.00083604,0.00082527,0.000896126,0.001028917,0.001126045,0.001076022,0.000928977,0.000942499,0.001063186,0.001388657,0.001947295,0.00252424,0.003305691,0.009502321,0.010224305,0.009123146,0.009521638,0.01252121,0.017104767,0.015974209,0.011065898,0.000924644,0.00061074,0.000566101,0.000839769,0.001422003,0.00217408,0.002694321,0.002060034,0.001378999,0.001019772,0.000922022,0.001112394,0.007940404,0.006419207,0.004490933,0.003628698,0.001478782,0.003093695,0.002966542,0.002509017,0.002126537,0.000639892,0.000633215,0.000733202,0.201706439,0.159430444,0.112167612,0.076674506,0.029604524,0.037354913,0.043703716,0.046212099,0.033980623
Head 0,414,0.000930442,0.001133851,0.001522585,0.00195345,0.001043211,0.000912718,0.00089551,0.00109382,0.00139422,0.00148771,0.001343124,0.001140629,0.001022091,0.000988842,0.001287528,0.001842773,0.002187449,0.001994095,0.001516623,0.001318193,0.0015772,0.002528938,0.003804505,0.00124137,0.000719994,0.001871772,0.001795491,0.000413766,0.000334457,0.000300645,0.000245039,0.000239446,0.000289948,0.000447728,0.000596107,0.000557237,0.002862855,0.00223337,0.001315892,0.001377045,0.000226581,0.000335523,0.000468963,0.000391474,0.000264917,0.000215243,0.001467854,0.000337048,0.000289068,0.0002423,0.000198286,0.000183224,0.00023703,0.000335409,0.000392008,0.00185257,0.002477345,0.002661136,0.000438362,0.000324689,0.00027664,0.000228074,0.000189609,0.00021541,0.000332864,0.00063683,0.001955025,0.002725105,0.002682838,0.004912161,0.004866009,0.003718483,0.000948271,0.000748891,0.000751578,0.000788138,0.000849493,0.00092934,0.000959349,0.000885034,0.000899413,0.000900169,0.001145447,0.001502556,0.001838852,0.002506624,0.006980776,0.008960349,0.008322962,0.007446751,0.008371755,0.01163869,0.014275841,0.013948227,0.001071118,0.000641647,0.000470253,0.000519443,0.000766571,0.001369487,0.002500772,0.002705246,0.002035602,0.001330889,0.000946344,0.00095343,0.007407083,0.007685395,0.005717276,0.004123027,0.001515795,0.002774731,0.002786851,0.002559417,0.002230181,0.000665046,0.000577363,0.000611195,0.170684755,0.166721389,0.140279457,0.097368218,0.027032856,0.026754158,0.029369336,0.036616322,0.036966328,0.03080475
Head 0,415,0.000969651,0.001317293,0.001692014,0.001161239,0.001072647,0.000944801,0.000937689,0.001093151,0.001344381,0.001555679,0.001507139,0.001271266,0.001001974,0.001009209,0.001339872,0.001907889,0.002315016,0.002049806,0.001572947,0.001359653,0.001641641,0.002461371,0.001161973,0.000913968,0.002620427,0.002383392,0.00043574,0.000329561,0.000317296,0.000266097,0.000228595,0.000215378,0.000284986,0.000432054,0.000621343,0.004286814,0.003745584,0.001661303,0.001408515,0.000134857,0.000178241,0.000293096,0.000353436,0.000326149,0.000276526,0.001000621,0.000309294,0.000280554,0.000269099,0.000226021,0.000181875,0.000187985,0.000248852,0.000333748,0.001703805,0.002538041,0.002779753,0.000441111,0.000325813,0.000308667,0.000282698,0.000220243,0.000189235,0.000202025,0.000312489,0.000925391,0.001897168,0.00319116,0.007903221,0.008069651,0.004608734,0.001033323,0.00071209,0.000708561,0.000755639,0.000779675,0.000815326,0.000849821,0.000831613,0.000900603,0.000897223,0.000986819,0.001280729,0.0014882,0.001925894,0.005255662,0.007183535,0.007665481,0.006970872,0.006872777,0.008158932,0.010354905,0.013050594,0.00125216,0.000778754,0.000519953,0.000446941,0.000486756,0.000765688,0.001687106,0.002670799,0.002832526,0.002080905,0.001302105,0.001035015,0.005245054,0.007367732,0.007126093,0.0055027,0.001553305,0.002879274,0.00265341,0.002507073,0.002362476,0.000766372,0.000615212,0.000577412,0.139662236,0.149886951,0.153898939,0.126668453,0.033309244,0.02561455,0.022051871,0.025420511,0.031378113,0.034765262,0.029511873
Head 0,416,0.001037004,0.00138659,0.001074945,0.001118317,0.00104513,0.00092002,0.000880216,0.001011184,0.001341625,0.001623909,0.001571483,0.001207761,0.000960761,0.000977943,0.001290827,0.001889208,0.002239945,0.002011736,0.001515824,0.00131029,0.00149575,0.000767011,0.000839863,0.002866236,0.003134411,0.000548509,0.000350085,0.000315529,0.000282515,0.000251351,0.000205688,0.00021507,0.0002775,0.000454817,0.004350858,0.005478735,0.002063939,0.001660452,0.00011252,0.000106549,0.000153959,0.000226958,0.000315651,0.000365186,0.000936493,0.000336584,0.000269475,0.000275041,0.000260915,0.000218621,0.000193426,0.000207548,0.000259277,0.001560813,0.002445544,0.002882925,0.000510621,0.000348819,0.000328798,0.000336126,0.000291979,0.000235311,0.000188561,0.000201892,0.000457058,0.000952116,0.002333759,0.009105868,0.01340165,0.007759077,0.001551948,0.000815416,0.000710256,0.000749925,0.000776082,0.000802074,0.000816568,0.000814913,0.000929261,0.000990819,0.00087923,0.001164526,0.001371603,0.001693924,0.005105988,0.006030443,0.006708343,0.006775838,0.006634532,0.006854871,0.007602449,0.010053109,0.001519151,0.001019306,0.000701236,0.000552577,0.000460529,0.000536654,0.001062635,0.002048739,0.003224358,0.003347808,0.00237662,0.001661471,0.003564716,0.005607239,0.007204729,0.00715088,0.001604976,0.003752839,0.002904072,0.002481626,0.002393327,0.000966558,0.000782001,0.000682729,0.126240581,0.128907114,0.144200832,0.144144818,0.044184133,0.031138323,0.02123207,0.01899083,0.022267409,0.029155856,0.032795973,0.029750984
Head 0,417,0.000980521,0.000923787,0.000951454,0.000833653,0.000759122,0.000787596,0.000949008,0.001244783,0.001511685,0.001526856,0.001284441,0.00099415,0.000802836,0.000750218,0.000801344,0.000890566,0.000971111,0.001018951,0.00101495,0.001077436,0.000819867,0.000687366,0.00119842,0.001396639,0.00060604,0.000492073,0.000482413,0.000463288,0.000416356,0.000365525,0.00036629,0.000394576,0.000476465,0.002359208,0.003355419,0.001327634,0.001253743,0.000192943,0.000177551,0.000203856,0.000234065,0.000280342,0.000350156,0.00073041,0.000412067,0.000299126,0.000264451,0.00022202,0.000193718,0.000200592,0.000247273,0.000308985,0.001413445,0.001954199,0.002029898,0.000796098,0.000552734,0.000532422,0.000530622,0.000497596,0.000453163,0.000369436,0.000342574,0.000686851,0.000868037,0.001407607,0.004021989,0.008326955,0.007547837,0.003548461,0.00212023,0.001980753,0.001959092,0.001897746,0.001921997,0.001877082,0.001712263,0.001770361,0.00166188,0.001005133,0.001039156,0.001031823,0.001221456,0.003206805,0.004105638,0.004287261,0.003979681,0.003750912,0.00356789,0.003602665,0.004519384,0.002551973,0.001806581,0.001389183,0.001222001,0.001027494,0.001062809,0.001571044,0.002261768,0.003076434,0.003700298,0.003666644,0.003694442,0.004231944,0.005107143,0.005379481,0.005453389,0.003587597,0.005607446,0.00594025,0.005993712,0.00533149,0.003025415,0.002239293,0.001877383,0.12109451,0.110200249,0.118645415,0.111433454,0.068356015,0.0469951,0.036344118,0.032928266,0.033638235,0.03623262,0.036926456,0.036677226,0.000770639
Head 0,418,0.000856219,0.000989114,0.00094307,0.000832485,0.000745634,0.000760422,0.000935106,0.00122834,0.001460945,0.001460482,0.001246527,0.000961696,0.000778039,0.000732883,0.000779082,0.000880028,0.000960307,0.000949132,0.000935483,0.000656623,0.000579319,0.000981634,0.00126599,0.000613993,0.000470718,0.000444512,0.000441051,0.00042226,0.000377432,0.00035726,0.000342599,0.000380785,0.001547544,0.002715456,0.001236649,0.001346362,0.000228319,0.000176786,0.000162869,0.000163978,0.000201972,0.000292599,0.000743985,0.000432382,0.000324072,0.000293904,0.000249825,0.000213131,0.000201143,0.00021465,0.000242895,0.001521559,0.002175512,0.002355446,0.00089639,0.000610466,0.000568704,0.000566032,0.000559911,0.000538029,0.000434678,0.000361194,0.000620777,0.000656151,0.000985347,0.002949866,0.00745812,0.008394297,0.003952754,0.002359302,0.002162755,0.002070272,0.001941231,0.001896893,0.001805417,0.001679513,0.001855255,0.001913562,0.001173494,0.001180353,0.001080529,0.001129893,0.003439319,0.004236711,0.004535098,0.00449976,0.004375859,0.003929917,0.003463423,0.003907167,0.002926947,0.00204823,0.001619002,0.001462604,0.001190395,0.001092563,0.001368561,0.001783798,0.002466235,0.003354947,0.003895156,0.004422733,0.004707423,0.005360713,0.005499748,0.005588072,0.003631994,0.005775381,0.006012429,0.006120812,0.005701939,0.003764173,0.002934021,0.002427714,0.12212944,0.102673911,0.107875668,0.107892022,0.076495819,0.055080056,0.041462865,0.034182575,0.031239681,0.032454774,0.034999516,0.039432008,0.000921415,0.001006077
Head 0,419,0.000907516,0.000988067,0.000947183,0.000809695,0.000700009,0.000722671,0.00088315,0.001109873,0.001292294,0.001342477,0.00114169,0.000865851,0.00070192,0.000653094,0.000712801,0.000816628,0.000864183,0.00084535,0.000530062,0.000459789,0.000713818,0.000964843,0.000603898,0.000460379,0.000413171,0.000401386,0.000399151,0.000382745,0.000370718,0.000331935,0.000319457,0.000884552,0.001644423,0.000883707,0.001151852,0.000285948,0.00021297,0.0001655,0.000134289,0.000143933,0.00021071,0.000665485,0.000406433,0.000338042,0.000321264,0.000281338,0.000243236,0.000222944,0.000213045,0.000209864,0.001536909,0.002185307,0.002429486,0.000914362,0.000653252,0.000599298,0.000572683,0.000570309,0.000582773,0.000508074,0.000426112,0.000695245,0.000616826,0.000768835,0.001946439,0.005156862,0.00708922,0.003965195,0.00257713,0.002402809,0.002232796,0.002007138,0.001860318,0.001673633,0.001517537,0.001720666,0.001934819,0.001341488,0.001395144,0.001254996,0.001223162,0.003501233,0.004237995,0.004502308,0.004660527,0.004845412,0.00447153,0.003655322,0.003597872,0.00337767,0.00223976,0.001765556,0.001661595,0.001424721,0.001287149,0.001426088,0.001591726,0.001980248,0.002726316,0.003549779,0.004713071,0.00556878,0.006021906,0.005794985,0.005698097,0.004015039,0.005861359,0.006055502,0.006101193,0.005729513,0.004376799,0.003727856,0.003256829,0.13399294,0.103587158,0.100573376,0.098592192,0.076088764,0.059955195,0.047873933,0.038887143,0.031922307,0.029804081,0.030598689,0.035736118,0.000952317,0.001164049,0.00121381
Head 0,420,0.000930454,0.001023733,0.000943367,0.000769256,0.000675754,0.000700536,0.000816937,0.001006385,0.001285071,0.001364406,0.001130926,0.000854039,0.000671503,0.000638536,0.000707963,0.000803427,0.000839089,0.000496999,0.000401791,0.00057924,0.000761918,0.000587106,0.000468299,0.000417051,0.000385909,0.000376351,0.00038178,0.000400319,0.000371817,0.000330635,0.000586254,0.000975662,0.000582563,0.000864941,0.000332356,0.000272581,0.000205914,0.000139592,0.000117707,0.000148091,0.000539358,0.000335349,0.000328075,0.00034365,0.000318014,0.000283225,0.000263774,0.000242457,0.000214553,0.001562749,0.002240593,0.002559317,0.00084999,0.00067312,0.000646622,0.00059963,0.000571046,0.000586177,0.000551834,0.000507887,0.000853384,0.00071241,0.000748001,0.001475417,0.003418474,0.005019969,0.003413534,0.002593359,0.002654818,0.002533146,0.002233927,0.001978554,0.001668202,0.001418576,0.001560451,0.001797682,0.001454917,0.001610166,0.00147813,0.001412409,0.003168309,0.004009637,0.004285803,0.004517359,0.005014348,0.005028515,0.004206053,0.003825205,0.004098652,0.00255835,0.001918566,0.001773483,0.001598837,0.001528827,0.001653102,0.001638458,0.001728493,0.002129235,0.002765028,0.004100441,0.006514388,0.007207311,0.006628197,0.006158964,0.004932482,0.005971863,0.006211276,0.006273838,0.005900845,0.00454921,0.004188879,0.003992816,0.145383492,0.107919261,0.097229317,0.088693388,0.068638682,0.057562016,0.050688166,0.044424094,0.035759576,0.030448936,0.027951485,0.030558724,0.000881183,0.001242505,0.001466168,0.001476998
Head 0,421,0.000899037,0.000964161,0.000855368,0.000715371,0.00062643,0.000603637,0.000661488,0.000905525,0.001202905,0.00125455,0.001051928,0.00077018,0.000616158,0.000585896,0.000639058,0.000707386,0.000471233,0.000371767,0.000504158,0.000605495,0.000523825,0.000450884,0.000423181,0.000381632,0.00034897,0.000351094,0.000389896,0.000404806,0.000381686,0.000467654,0.000625549,0.000363659,0.000543845,0.000311782,0.000301858,0.000261407,0.00017636,0.000124418,0.000122397,0.000399132,0.000243322,0.000277702,0.000334528,0.000343704,0.000325115,0.000314856,0.000296176,0.000252019,0.001445004,0.002123908,0.002504377,0.000710087,0.000637825,0.000691383,0.000670204,0.000615784,0.000594894,0.000557605,0.00055618,0.000983716,0.00089604,0.000911793,0.001436168,0.002578557,0.003314434,0.002677552,0.00234016,0.002756238,0.002907423,0.002664169,0.002351609,0.00191159,0.001517795,0.00155571,0.001717235,0.001547047,0.001852929,0.001805504,0.001788203,0.002671795,0.003617609,0.003976816,0.004207372,0.00481956,0.005234716,0.004821528,0.004497675,0.005366106,0.003337373,0.002377528,0.002014549,0.001766708,0.001778176,0.002050788,0.002035632,0.001945542,0.002062009,0.002374583,0.003464513,0.006688833,0.00826541,0.007910183,0.007190703,0.007147602,0.006209149,0.006348629,0.006371919,0.005977604,0.004779364,0.004587141,0.004772468,0.152387112,0.113441221,0.099062443,0.084077932,0.059603047,0.049248286,0.045815151,0.044546951,0.03928015,0.033519205,0.028392833,0.027756108,0.000717602,0.001124693,0.001548895,0.001794066,0.001640452
Head 0,422,0.000926409,0.00095247,0.000880084,0.000748201,0.000621951,0.000556814,0.000680175,0.000964259,0.001243607,0.001315323,0.001079389,0.000819266,0.00066211,0.000618427,0.000649953,0.000471192,0.000374765,0.000536604,0.000593007,0.000449093,0.000407608,0.000416994,0.000391182,0.000344094,0.000324049,0.000349106,0.000386471,0.000412684,0.000507358,0.000576056,0.00028736,0.000388907,0.000260702,0.000277292,0.000283188,0.000220321,0.000153587,0.000125702,0.000352984,0.000172183,0.000203344,0.000273034,0.000319366,0.000333105,0.000341521,0.000340805,0.000298518,0.001294902,0.00195985,0.002393421,0.000544566,0.000511036,0.000619447,0.000677281,0.000653913,0.000608731,0.000533907,0.000525896,0.000933912,0.000947346,0.001047642,0.001730907,0.002565322,0.002636155,0.001971466,0.001773747,0.002306086,0.002753697,0.002765195,0.002570086,0.002122768,0.001635768,0.001575204,0.001616416,0.001427758,0.001789127,0.00184581,0.001926132,0.002270521,0.003184116,0.003664768,0.00396357,0.004575911,0.005106724,0.005123368,0.005251806,0.005804941,0.003990296,0.002937295,0.002323776,0.001846736,0.001782295,0.002120232,0.002226272,0.002133192,0.002067426,0.00205808,0.002658382,0.005835864,0.008058749,0.008617691,0.008283484,0.008728371,0.006754685,0.006652888,0.006535861,0.006066727,0.004541534,0.004267646,0.004589197,0.15136604,0.11437723,0.101263098,0.083821021,0.057390083,0.044676304,0.040651754,0.041309375,0.040644038,0.037716564,0.032309242,0.029713502,0.000594414,0.000933102,0.001414392,0.001915333,0.002023793,0.001704165
Head 0,423,0.00093143,0.000992819,0.00092438,0.000747364,0.000571851,0.000574846,0.000735899,0.001020827,0.001338094,0.001376714,0.001167559,0.000891663,0.000706312,0.000640248,0.000483199,0.000390204,0.000573557,0.000613448,0.000389546,0.000350394,0.000376679,0.000384,0.000350612,0.000318795,0.000320459,0.000344315,0.00039183,0.000579302,0.00062632,0.000260681,0.000310693,0.000223363,0.000234719,0.000262994,0.000244503,0.000194207,0.000153286,0.000370385,0.000138382,0.000146698,0.000199685,0.000260697,0.000310577,0.000348117,0.000372706,0.000345138,0.001136887,0.001740481,0.002205499,0.000454358,0.000401485,0.000497192,0.000607576,0.000661179,0.000645288,0.000544841,0.00050477,0.000863574,0.000903062,0.001097015,0.002136987,0.0030108,0.002611599,0.001604993,0.001322749,0.00173647,0.002289028,0.002591705,0.00265818,0.002329456,0.001815139,0.001683009,0.001626549,0.001292654,0.00163267,0.001770888,0.001954859,0.002058534,0.002750087,0.00320758,0.003620472,0.004289381,0.004834887,0.005051442,0.005627494,0.005307001,0.004229579,0.00350825,0.00284676,0.002103382,0.001847279,0.00209933,0.00227522,0.002307324,0.002229966,0.002025102,0.002247396,0.004917266,0.00696144,0.008305549,0.008951928,0.009250809,0.007686932,0.00723212,0.006800462,0.006185811,0.004496108,0.004011489,0.004251169,0.152673081,0.114461623,0.102288343,0.084951051,0.057230648,0.042963177,0.037202828,0.036810301,0.038314387,0.039105888,0.036311328,0.034073655,0.000533453,0.000762296,0.001151878,0.001726911,0.002169001,0.002107324,0.001824863
Head 0,424,0.000945535,0.00102433,0.000916875,0.000683308,0.000587671,0.000616954,0.00077087,0.001087596,0.001386363,0.00148229,0.001266679,0.000945214,0.00072184,0.000520899,0.000405235,0.000559169,0.000618621,0.000363224,0.000311726,0.000326685,0.000352547,0.0003487,0.000328845,0.000319914,0.000317143,0.000345416,0.000622216,0.000705894,0.000263585,0.000281812,0.000216104,0.000206043,0.000224602,0.000230861,0.000218697,0.000193765,0.000427216,0.000140212,0.000121065,0.00014606,0.000193853,0.000260048,0.000329998,0.000386778,0.000382953,0.001023336,0.001498635,0.001911034,0.000449127,0.000351005,0.000399102,0.000500607,0.000613923,0.000676166,0.000597,0.000529668,0.000870349,0.000841137,0.001033258,0.002261561,0.003464314,0.00295977,0.001598144,0.001134107,0.001347152,0.001795689,0.002234757,0.002587169,0.002502108,0.002067411,0.0019148,0.001789738,0.001246913,0.001497863,0.001656832,0.001927763,0.002037303,0.002440145,0.002679432,0.003063371,0.003749509,0.004329905,0.004587095,0.005342283,0.00442252,0.003991281,0.003853333,0.003529529,0.002647064,0.002142084,0.00217669,0.002247317,0.00236636,0.002428294,0.002223062,0.002249309,0.004408791,0.00558962,0.006799629,0.008204693,0.008337867,0.008554276,0.008008813,0.007190683,0.006301312,0.00492306,0.004100586,0.004125532,0.161029235,0.118502982,0.104482122,0.086945005,0.055192951,0.042063925,0.035593979,0.033169422,0.03376618,0.035931647,0.036609378,0.037503082,0.000544168,0.000673375,0.000918043,0.001364386,0.001921971,0.002248263,0.002249287,0.001854004
Head 0,425,0.001009079,0.001047936,0.000863498,0.000726684,0.000654946,0.000672249,0.000851834,0.001155211,0.001514773,0.001632638,0.001377076,0.000995399,0.000627564,0.000437767,0.000531986,0.000600606,0.00035432,0.000296066,0.000288516,0.000305304,0.00031814,0.000326303,0.000333774,0.000319336,0.00031538,0.000648607,0.000776822,0.000293341,0.000294269,0.000231623,0.000203374,0.000201495,0.000202529,0.000209586,0.000215214,0.000491462,0.000167429,0.000122597,0.000120577,0.000142464,0.000194417,0.00027503,0.000362257,0.000394622,0.001037953,0.001392679,0.001695183,0.000506256,0.000354468,0.000349047,0.000400752,0.000504757,0.000623508,0.000624988,0.000583483,0.000994085,0.00086195,0.000958945,0.002197857,0.003686488,0.003502849,0.001769288,0.001129726,0.001156488,0.001397831,0.001755229,0.002211313,0.002389721,0.002184898,0.002126688,0.001995078,0.001309894,0.001422935,0.001514496,0.001798364,0.002266728,0.002498791,0.002468274,0.002668395,0.003263372,0.003897114,0.004211336,0.005003004,0.00343665,0.003243823,0.003515691,0.003788918,0.003230445,0.002678546,0.002496057,0.002304413,0.002299199,0.002426615,0.002354533,0.002392466,0.004916959,0.005162279,0.005584294,0.006786251,0.006336766,0.008907647,0.008977207,0.008079807,0.006815358,0.005711989,0.004450787,0.004175409,0.16963315,0.125229254,0.107906543,0.087844148,0.050436065,0.040154744,0.035198063,0.032208055,0.030991299,0.031988062,0.033676598,0.037430711,0.000647348,0.000707436,0.000829339,0.00109103,0.001509797,0.001998849,0.002407327,0.002302241,0.001919546
Head 0,426,0.001016098,0.000973306,0.000908067,0.000803806,0.000709558,0.000738418,0.000893709,0.001231481,0.001626871,0.001736274,0.001410448,0.000822937,0.000515537,0.000520948,0.00055101,0.000345123,0.000292344,0.000268755,0.000264323,0.000270217,0.000293873,0.000329917,0.000334246,0.000316507,0.000643072,0.000780007,0.000322796,0.000316562,0.000246543,0.000212641,0.000195096,0.000179834,0.00018138,0.000199883,0.000468294,0.000201014,0.000145081,0.000120631,0.000117208,0.000142411,0.000204862,0.000298084,0.000366974,0.001094795,0.001367544,0.001537441,0.000588841,0.000395059,0.000345624,0.000342145,0.000394716,0.000499028,0.000564283,0.000598412,0.001152398,0.000979066,0.000973044,0.002051556,0.003422519,0.003624718,0.001913038,0.001228143,0.001132553,0.001182447,0.001362132,0.001719412,0.002010477,0.002062202,0.002205888,0.002161458,0.001486324,0.001450927,0.001405164,0.001605787,0.002403796,0.002668926,0.002453635,0.002411935,0.002794847,0.003365487,0.003752627,0.004577827,0.002780746,0.002527152,0.002829672,0.003418452,0.003442904,0.003251028,0.003079129,0.002605343,0.002310149,0.002313723,0.002304048,0.002473246,0.006241329,0.005720462,0.005143228,0.005519517,0.004560162,0.007987625,0.009116266,0.008847412,0.007488771,0.006756323,0.00505713,0.004435935,0.17377995,0.133068204,0.114887506,0.09104272,0.045316722,0.036473334,0.033731151,0.032162979,0.030371618,0.029721048,0.030250562,0.034280408,0.000796373,0.000827525,0.000863948,0.000967577,0.001169593,0.001532358,0.002092027,0.002408054,0.002327678,0.0019165
Head 0,427,0.000999522,0.001071723,0.001059038,0.000931188,0.0008456,0.00084713,0.001032106,0.001428936,0.001864807,0.001914881,0.001098252,0.000684318,0.000653333,0.000590947,0.00034802,0.000297844,0.000270425,0.000248504,0.000236647,0.00025171,0.000297429,0.000334052,0.000337698,0.000676759,0.000809743,0.000362333,0.000363578,0.00024897,0.0002274,0.000209521,0.000181491,0.000166864,0.000173973,0.000386897,0.000214236,0.000176767,0.000142934,0.000118545,0.000118002,0.000151291,0.000223951,0.000307399,0.001143049,0.001443236,0.001544173,0.000669731,0.000461169,0.000388285,0.000342145,0.000339728,0.000391716,0.00045356,0.000540747,0.001193073,0.001141842,0.001121012,0.002216979,0.003297166,0.003479523,0.001847128,0.001307423,0.001205049,0.00113563,0.00114794,0.00132373,0.001545359,0.001708072,0.002035552,0.002163797,0.001687874,0.001587229,0.00139724,0.001458156,0.00237084,0.00281891,0.00261977,0.002400807,0.002552708,0.002925105,0.003288082,0.004132178,0.002373087,0.001990837,0.002130468,0.002619913,0.002962836,0.003321507,0.003604545,0.003119719,0.002519453,0.002250818,0.002096711,0.002287155,0.007630633,0.007159769,0.005720751,0.005111879,0.003354667,0.006463854,0.00808976,0.008852193,0.008050456,0.00717246,0.005470906,0.004644141,0.168215677,0.136154622,0.122876018,0.097596027,0.043825034,0.033563644,0.031315971,0.031675395,0.031221218,0.030104497,0.028964592,0.031261478,0.000947683,0.001006695,0.001015678,0.001017061,0.001038048,0.001185921,0.001603167,0.002084388,0.002429429,0.002310704,0.001858055
Head 0,428,0.001825173,0.00170469,0.001413577,0.001187148,0.001068382,0.001180261,0.001538708,0.002120561,0.002471331,0.001369132,0.000822711,0.000830076,0.0006739,0.00023934,0.000242873,0.000302904,0.00034292,0.000324085,0.00028066,0.000291612,0.000356948,0.000478707,0.000919472,0.00143492,0.000922554,0.000909806,0.000360645,0.000269653,0.000230782,0.000199144,0.000193203,0.00021292,0.000631869,0.000368549,0.000357223,0.000308401,0.000219306,0.000168775,0.000178738,0.000265686,0.000457204,0.001939106,0.003314295,0.003635922,0.001354432,0.00091445,0.000846923,0.000830447,0.000832273,0.000861359,0.000819548,0.000826285,0.001143753,0.001053929,0.001082284,0.002169299,0.003395626,0.003858076,0.002045393,0.001874093,0.00227488,0.002353256,0.002203044,0.002373219,0.00279003,0.003423227,0.004498471,0.004664577,0.002952291,0.001928908,0.001105339,0.000800451,0.001066388,0.001623342,0.001981028,0.001924372,0.001606323,0.001448102,0.001468701,0.001944135,0.003123578,0.003240155,0.00349364,0.004000336,0.004013782,0.003869781,0.004002499,0.003392961,0.002723215,0.002305228,0.002134795,0.002509677,0.006169043,0.005615269,0.003867936,0.002793932,0.003313709,0.002905284,0.004607252,0.006904656,0.008541195,0.011274858,0.00827203,0.005792724,0.156380504,0.137864366,0.141376272,0.12699759,0.050171927,0.032310147,0.024147723,0.021019951,0.021928549,0.020746015,0.018632933,0.017283626,0.0004374,0.000497906,0.000553575,0.000577737,0.000577456,0.000645286,0.000896804,0.001332414,0.001904451,0.00206398,0.001622105,0.004261592
Head 0,429,0.00197766,0.0027131,0.003079558,0.002574676,0.001922163,0.001646439,0.001863099,0.002536994,0.001230529,0.001207129,0.001875841,0.001379176,0.000474413,0.00030738,0.000231784,0.000168669,0.000123379,9.77E-05,0.000107892,0.000153372,0.000254286,0.00051853,0.000766566,0.000408617,0.000537056,0.000331588,0.000313246,0.000289073,0.00022975,0.000166673,0.000128187,0.000189024,0.000121317,0.000129388,0.000132627,0.000104183,6.79E-05,4.81E-05,4.54E-05,5.57E-05,0.000244685,0.000426359,0.000601843,0.000321414,0.000306934,0.000316865,0.000290692,0.000218011,0.000163589,0.000128959,0.000128883,0.000247928,0.000338438,0.000469981,0.002100251,0.002374823,0.001987287,0.000397629,0.00033465,0.000350221,0.000344404,0.000327811,0.000328502,0.00037682,0.000487782,0.000779033,0.001126399,0.001308043,0.001484089,0.001167911,0.000833851,0.003224078,0.003263182,0.002950341,0.002359767,0.00194501,0.001673072,0.0016584,0.002108719,0.00078006,0.000637907,0.000572311,0.000574918,0.000604313,0.000782658,0.001262682,0.001623097,0.001561146,0.001249374,0.000852639,0.000706346,0.009458402,0.014073651,0.01408306,0.010694102,0.000658047,0.005996143,0.005862147,0.00670387,0.007627985,0.002424014,0.002505512,0.00254692,0.11406672,0.105333678,0.110309504,0.101380661,0.117113061,0.070861824,0.046339992,0.03662996,0.032403465,0.03034506,0.026276976,0.022723245,0.000662774,0.000676597,0.000679512,0.000679268,0.000627633,0.000580306,0.000654806,0.000913809,0.001569002,0.002648603,0.003611554,0.004652334,0.004413684
Head 0,430,0.002068631,0.002916051,0.003133332,0.002664258,0.002074305,0.001836578,0.002041929,0.00082186,0.001005697,0.002419874,0.002012274,0.000638468,0.000367553,0.000257545,0.000194415,0.000147423,0.000106742,9.28E-05,9.92E-05,0.000142938,0.000407346,0.000672777,0.000318529,0.000469264,0.000300991,0.000282861,0.000266462,0.000230188,0.000188964,0.000150583,0.000200085,0.000101931,9.80E-05,0.000112897,0.000111835,8.60E-05,5.74E-05,4.27E-05,4.05E-05,0.000185387,0.000317516,0.000479127,0.00022917,0.000224151,0.000247852,0.000266967,0.000236891,0.000189376,0.000134113,0.00010837,0.000172275,0.000215912,0.000337049,0.00231961,0.002894644,0.00221675,0.000358102,0.000265063,0.000268209,0.000285998,0.000283035,0.000267135,0.00026153,0.000292035,0.000441923,0.000700292,0.000829806,0.001248751,0.001297074,0.001065503,0.003900482,0.003376163,0.002983239,0.002623022,0.002290766,0.001829018,0.001504132,0.001597589,0.000602599,0.000503251,0.000465983,0.000472198,0.000458807,0.000529505,0.000822152,0.001197658,0.001466889,0.001434247,0.001044414,0.000794969,0.005788817,0.009653203,0.01277068,0.012512567,0.000605971,0.006924439,0.005404309,0.005191195,0.005658136,0.001436637,0.001763996,0.002131148,0.105102614,0.090379052,0.093730465,0.09380053,0.142233521,0.093053438,0.057099231,0.039182693,0.031062149,0.029509129,0.027646665,0.025287805,0.000715996,0.000681369,0.00066826,0.000694102,0.000689621,0.000632513,0.00060603,0.000657568,0.000930321,0.001569927,0.002565838,0.004813017,0.005040959,0.004088169
Head 0,431,0.002190893,0.002898328,0.003176325,0.002797337,0.00224988,0.001947274,0.000567281,0.000680632,0.002355337,0.002558606,0.000920704,0.000528135,0.000323262,0.000224317,0.000171164,0.000128366,0.000103965,8.85E-05,9.51E-05,0.000328745,0.000538726,0.000244276,0.000373471,0.000288801,0.000278011,0.000258936,0.000222899,0.000197904,0.000181204,0.000243102,0.000118062,9.02E-05,9.37E-05,0.000103256,0.0001001,7.85E-05,5.48E-05,4.06E-05,0.0001731,0.000245762,0.000363669,0.000174858,0.000178944,0.000202341,0.000234297,0.00024057,0.00022416,0.000167729,0.00012189,0.000167286,0.000164146,0.000230874,0.002210827,0.003241415,0.002725295,0.000426365,0.000267392,0.000229703,0.000238646,0.000249357,0.000246788,0.000226751,0.00022079,0.000290059,0.000438475,0.000493086,0.000869547,0.001210277,0.001321949,0.005669152,0.004241012,0.003131941,0.00263438,0.002442454,0.002075602,0.001602314,0.001445009,0.000523771,0.000427668,0.000397792,0.000423147,0.000413544,0.000440159,0.00060684,0.000859771,0.001214087,0.001498163,0.001344157,0.001086609,0.004023943,0.005860983,0.008543436,0.010935191,0.000579496,0.00858304,0.005940949,0.004553027,0.004131081,0.000872148,0.001162501,0.001664983,0.101842247,0.085533105,0.083493516,0.08253637,0.14340058,0.111311518,0.073470816,0.047217518,0.031567506,0.027166303,0.025681881,0.025323378,0.000837364,0.000722714,0.000645856,0.000640896,0.000662321,0.000665299,0.000636952,0.000592508,0.000652536,0.000921227,0.00153738,0.005084572,0.004697493,0.004678637,0.003514027
Head 0,432,0.001786897,0.001640001,0.001427569,0.001292494,0.001223472,0.000514836,0.000539506,0.001576332,0.0019066,0.001014167,0.000617284,0.000310311,0.000166768,0.000122535,0.000129284,0.000179246,0.000239779,0.000263331,0.000448001,0.000467842,0.000220386,0.000291369,0.000277767,0.000314095,0.000333135,0.00026565,0.000202637,0.000181633,0.000389527,0.000217672,0.000182992,0.000176315,0.000189913,0.00022155,0.000252975,0.000234899,0.000178364,0.000542465,0.000729494,0.001151335,0.000754384,0.000912791,0.001046067,0.000947997,0.000772249,0.000657724,0.00056697,0.000549243,0.000819808,0.000814503,0.000943929,0.002571136,0.002972634,0.002669332,0.001290366,0.00077766,0.000699723,0.00080527,0.001001072,0.001332811,0.001437461,0.001348417,0.001478189,0.001779348,0.001683097,0.002378053,0.003075061,0.003519608,0.003619887,0.002507034,0.001409028,0.001043075,0.00109424,0.001519852,0.001804941,0.001805797,0.002799053,0.002105995,0.001611502,0.001570242,0.001746188,0.002245885,0.003289417,0.004128383,0.004699798,0.004732718,0.004061451,0.003427739,0.00368924,0.00422045,0.004838092,0.005616582,0.002859987,0.004324511,0.003144151,0.002259419,0.002084386,0.003363441,0.004393031,0.006234242,0.178720281,0.162553653,0.141592845,0.110482194,0.047231089,0.037045706,0.030356003,0.024876654,0.021383367,0.01813362,0.016097577,0.015113955,0.000466607,0.000475083,0.000513224,0.000561893,0.000595627,0.000639471,0.000680458,0.000653035,0.000661284,0.000765168,0.001082167,0.006955861,0.007367819,0.00668908,0.004854401,0.003176843
Head 0,433,0.001936711,0.001776379,0.001553931,0.00134398,0.000559948,0.00047099,0.001317663,0.001719426,0.001044329,0.000946606,0.000615548,0.000310271,0.00016185,0.000117973,0.000133336,0.000189653,0.000252906,0.000611692,0.000574257,0.000248696,0.000245841,0.000229617,0.000266125,0.000328495,0.00031343,0.000252886,0.000215272,0.000389017,0.000255388,0.000214191,0.00019061,0.000180531,0.000198354,0.000245766,0.000281801,0.000247147,0.000704372,0.000750715,0.000882723,0.000454672,0.000615884,0.000928323,0.001095784,0.001014095,0.00084173,0.000657847,0.000585942,0.000805711,0.00081838,0.000966556,0.00417653,0.00435014,0.003285,0.001684114,0.00102258,0.000827716,0.00078643,0.000828277,0.001069112,0.001274321,0.001344671,0.001533762,0.001692731,0.001508497,0.001960624,0.002575276,0.003557845,0.004870011,0.004683615,0.002724073,0.001558973,0.001156954,0.001292976,0.001594244,0.001919034,0.002728742,0.00244591,0.001982079,0.001750758,0.001660309,0.001921653,0.002801485,0.003704669,0.004631,0.005228258,0.00508714,0.004813431,0.003686431,0.004022756,0.004327407,0.005138508,0.002839159,0.005497388,0.004622326,0.003231857,0.002347335,0.003120654,0.003380811,0.004551669,0.136583582,0.148003593,0.152287126,0.126934007,0.055120297,0.039370686,0.031182749,0.026498459,0.023699066,0.020002631,0.016842626,0.014821431,0.000591883,0.000553771,0.000563902,0.00058863,0.000602046,0.000643084,0.000710837,0.000710318,0.000696119,0.000698615,0.000814234,0.006038676,0.006804744,0.006497659,0.005169916,0.003958243,0.003148406
Head 0,434,0.002072633,0.001895449,0.00158291,0.000672318,0.000479757,0.001109073,0.00131844,0.000714514,0.000881619,0.000862849,0.000564909,0.000277547,0.000148301,0.000116442,0.000136816,0.000191563,0.000658443,0.000681049,0.000287725,0.000237374,0.000188411,0.000201509,0.000262431,0.000302166,0.000291208,0.000255766,0.000389517,0.000268782,0.000228924,0.000202082,0.000176204,0.000175559,0.000209582,0.000273315,0.000297753,0.000861981,0.000879698,0.000814147,0.00031203,0.000370411,0.000614539,0.000939166,0.001119619,0.001057764,0.000816229,0.000668535,0.000808876,0.000791143,0.000941551,0.006085771,0.006654968,0.004599037,0.001930207,0.001278902,0.001072494,0.000928458,0.000819816,0.000917602,0.001074313,0.001230814,0.001531345,0.001709576,0.001418147,0.001673596,0.002025544,0.002884779,0.004523268,0.006267876,0.004838646,0.002832021,0.001666777,0.001339077,0.001371757,0.001715437,0.002155292,0.002347063,0.002305263,0.002165866,0.00187206,0.001867014,0.002462643,0.003179574,0.004163429,0.005126085,0.00553887,0.005912293,0.003689666,0.00396844,0.004029291,0.004605141,0.003072743,0.006087204,0.006299345,0.005102923,0.003550519,0.003461919,0.003122726,0.003582727,0.109548561,0.12306086,0.144826502,0.138097137,0.066376537,0.045227543,0.033777967,0.02829637,0.02632707,0.023181606,0.0196204,0.016740831,0.000785004,0.000680991,0.000649557,0.00064248,0.000632823,0.000656984,0.00072874,0.000756298,0.000759096,0.000717359,0.000701327,0.00560816,0.006446595,0.006104529,0.005079426,0.004752794,0.003847084,0.003702403
Head 0,435,0.002104194,0.00186939,0.000912219,0.000638194,0.001051528,0.001042081,0.000486506,0.000637911,0.00085554,0.00086287,0.000550122,0.000276765,0.000157414,0.000127179,0.00014634,0.00053799,0.000706665,0.000332461,0.000285309,0.000191249,0.000178733,0.000213744,0.000264465,0.000314829,0.000320286,0.000441502,0.000318614,0.000273318,0.000246823,0.000207885,0.000186365,0.000192423,0.000239822,0.000299267,0.000974159,0.001125725,0.000955082,0.000316938,0.000276355,0.000394083,0.000661657,0.001017153,0.001246425,0.001103684,0.000907835,0.000990512,0.000871259,0.000981505,0.006784253,0.009021015,0.006803951,0.002031679,0.001499191,0.001408265,0.001243534,0.000978168,0.000912475,0.00093972,0.001087506,0.001495758,0.001899925,0.001561813,0.001769972,0.0019321,0.002473332,0.003464078,0.005913371,0.006518172,0.0050236,0.002961982,0.001813954,0.001319092,0.00135889,0.001657224,0.001918795,0.00230892,0.002684542,0.002495737,0.002308448,0.00265999,0.003121265,0.004005079,0.005156777,0.006071606,0.007246747,0.00393446,0.004169203,0.003992576,0.004147945,0.003881283,0.005440952,0.006581225,0.006672144,0.005457871,0.004511476,0.003804721,0.003674098,0.101729311,0.101477668,0.122334182,0.13359198,0.072805725,0.052683719,0.038401358,0.030377511,0.028088531,0.025435263,0.022337962,0.019297073,0.001154124,0.000953415,0.000842784,0.000762172,0.000699435,0.00068428,0.000734807,0.000780782,0.000841159,0.000842129,0.000782969,0.006404793,0.006874955,0.00609666,0.004980076,0.005192996,0.004656037,0.004702547,0.004042344
Head 0,436,0.002304321,0.001086397,0.000831963,0.001326196,0.001152223,0.000420458,0.000453209,0.000615867,0.000838,0.000809023,0.000527751,0.00028799,0.000168799,0.000133195,0.000448874,0.000673512,0.000358807,0.00037807,0.000197417,0.000177821,0.000188404,0.000217089,0.000283857,0.000337258,0.000544367,0.000355223,0.000304279,0.00028322,0.000251845,0.000224133,0.000207625,0.000220381,0.000260286,0.001072051,0.001462606,0.001382927,0.000414209,0.000276005,0.000290328,0.000422575,0.000702246,0.00108769,0.00122543,0.001148091,0.001310533,0.001043005,0.001057041,0.006402243,0.010673246,0.010126281,0.001968046,0.001523761,0.001582927,0.001543658,0.001235238,0.001025522,0.00087323,0.000885181,0.001187454,0.001664558,0.001444902,0.001730058,0.001895347,0.002222428,0.00305272,0.004946121,0.006644758,0.007280264,0.00561719,0.003478769,0.001979663,0.001495577,0.001412314,0.001377967,0.00170555,0.002399967,0.00268741,0.002642359,0.002824376,0.002968033,0.003514643,0.00443302,0.005397854,0.006876279,0.004408089,0.004646351,0.004420429,0.00433445,0.00498297,0.004991447,0.006089105,0.007048637,0.007101028,0.00482939,0.004356128,0.003968579,0.11024946,0.09146785,0.098572358,0.110054754,0.066571407,0.057076029,0.044937838,0.035127841,0.030997314,0.02774751,0.025078747,0.022659764,0.001719408,0.001442323,0.001221309,0.001025445,0.000875197,0.000801516,0.000803107,0.000815043,0.000886276,0.000953668,0.000952085,0.008769665,0.008055268,0.006735238,0.005197405,0.005514145,0.005612645,0.006237116,0.005602976,0.004581229
Head 0,437,0.00111452,0.00091615,0.001707737,0.001460991,0.000464964,0.000388343,0.000422787,0.000583886,0.000764776,0.000752291,0.000536429,0.000297414,0.00016727,0.000407378,0.000555129,0.000320468,0.000406802,0.000177374,0.000175486,0.000176907,0.000177247,0.000218605,0.000284468,0.000544841,0.000369806,0.000318954,0.000291252,0.000270208,0.000252901,0.000234956,0.000221482,0.000224301,0.001058861,0.00157453,0.001778354,0.000546562,0.00033571,0.000268971,0.000291595,0.000419815,0.00070542,0.001007674,0.001187041,0.001643714,0.001287555,0.00115432,0.005093527,0.009619293,0.011826878,0.001824346,0.001422044,0.00153084,0.001638912,0.001456445,0.001216751,0.000911762,0.00076904,0.000890855,0.001209112,0.001124781,0.00143155,0.001694359,0.002009025,0.003085378,0.004194376,0.005445139,0.007288267,0.007858592,0.006335735,0.00362143,0.002179808,0.001545133,0.001089114,0.001123902,0.001642894,0.002215941,0.002593782,0.002889522,0.00283716,0.003003111,0.003519333,0.004258664,0.005653049,0.004939075,0.005092268,0.004770602,0.004540294,0.006278405,0.004700986,0.005390828,0.006341839,0.007261249,0.004304485,0.004279984,0.004104803,0.128707036,0.095335096,0.087372288,0.087953873,0.049548186,0.050826695,0.047315925,0.040617477,0.035241053,0.03034915,0.027108893,0.025343543,0.002343886,0.002118896,0.001806893,0.001448227,0.001142659,0.000977231,0.000916527,0.000867325,0.000893454,0.000966745,0.001041925,0.011338281,0.009333863,0.007549009,0.0055901,0.005338242,0.005874033,0.00739866,0.007400068,0.006307511,0.005106339
Head 0,438,0.00094781,0.001802364,0.001605519,0.000600388,0.000437439,0.000365515,0.000399764,0.000534995,0.000712719,0.00077158,0.000569774,0.000306938,0.00040773,0.000409983,0.000231748,0.000297694,0.000134174,0.00015648,0.000174054,0.000163267,0.000175458,0.000220619,0.000361235,0.000370298,0.000350827,0.000313827,0.000286087,0.000272111,0.000266794,0.000248704,0.000223961,0.000895838,0.001330844,0.001716577,0.0006234,0.000439496,0.000324038,0.000264835,0.000281697,0.000407952,0.000639513,0.000961805,0.001759643,0.001642507,0.001455723,0.00404143,0.007029049,0.009669362,0.001670528,0.001303387,0.001386831,0.001547705,0.001516479,0.001390297,0.001040326,0.000783424,0.000767576,0.000905313,0.000892823,0.001143883,0.001447728,0.001854446,0.003063783,0.003764077,0.00419001,0.005462136,0.007145839,0.008103347,0.005955521,0.003597945,0.002383561,0.001214676,0.000905577,0.001106585,0.001578129,0.002262496,0.003030223,0.003143759,0.003080071,0.003218679,0.003621549,0.004790866,0.005146443,0.005556036,0.00514768,0.004735466,0.00851247,0.004401478,0.004724654,0.005284556,0.006190959,0.004078683,0.004200885,0.004379992,0.144053176,0.10985253,0.091495201,0.079182267,0.034099936,0.036721423,0.039780919,0.040631872,0.038710151,0.033223514,0.028400786,0.02575016,0.002789598,0.002802989,0.002562289,0.002064122,0.001510405,0.001175074,0.001023149,0.000911972,0.000890088,0.000930681,0.001030264,0.011765494,0.01087971,0.008388892,0.005911138,0.004903703,0.005147481,0.007020522,0.007950841,0.007747333,0.006505031,0.004954813
Head 0,439,0.001893553,0.001787227,0.000727184,0.000547954,0.000408948,0.000340913,0.000366818,0.000495425,0.000709401,0.000798955,0.000579373,0.00060168,0.000445288,0.000218536,0.000231777,8.84E-05,0.000113993,0.00015172,0.000156011,0.000154951,0.000173378,0.000228148,0.00032495,0.000356438,0.000333574,0.000296551,0.000272279,0.000274709,0.000276575,0.000250587,0.000815411,0.001148052,0.001520087,0.000559888,0.000494149,0.000416128,0.000311594,0.000252997,0.00027135,0.000368577,0.000599221,0.001327656,0.001686861,0.001797253,0.004053371,0.005939829,0.007398538,0.001605402,0.001239484,0.001283205,0.001414085,0.001439428,0.001451177,0.001190154,0.000892546,0.00078732,0.000770341,0.000731652,0.000874009,0.001095386,0.001497851,0.0029461,0.003814207,0.00385401,0.004307955,0.005510945,0.007597385,0.007745459,0.005978213,0.004103687,0.001817991,0.001013526,0.000887857,0.00105924,0.001597649,0.002608619,0.003209894,0.003271239,0.003182538,0.003219285,0.003998591,0.00457858,0.005659313,0.005524544,0.005037517,0.01040134,0.004316463,0.004456363,0.004705056,0.005193511,0.004011718,0.003809951,0.004025415,0.135432526,0.11861328,0.10364031,0.083134502,0.027861929,0.026534284,0.029157417,0.034432374,0.039162572,0.03702284,0.031849418,0.027789975,0.003032265,0.003354698,0.003424686,0.002989901,0.002168781,0.001550597,0.001234928,0.001027939,0.000948605,0.000930158,0.000977025,0.010711816,0.01265955,0.00941564,0.00626991,0.005279914,0.004859714,0.006440507,0.007620566,0.008563315,0.008209529,0.006472083,0.004944052
Head 0,440,0.002129904,0.000791894,0.000645617,0.000508069,0.000378189,0.00032195,0.000351812,0.000501635,0.000741155,0.000825036,0.001066058,0.00072901,0.000297152,0.000247985,6.62E-05,7.81E-05,0.000114076,0.000140023,0.000148718,0.000153907,0.000178694,0.000258103,0.000319437,0.000339849,0.000314507,0.000276994,0.000264832,0.0002776,0.000271238,0.000796827,0.001106408,0.001440283,0.000455754,0.00046019,0.000475117,0.000399714,0.000298156,0.000245081,0.000247829,0.000347327,0.000769032,0.001270302,0.001850229,0.004769375,0.006509905,0.006718198,0.001643432,0.001209149,0.001230814,0.001331597,0.001344339,0.001410669,0.001275427,0.001029964,0.000912506,0.000799805,0.00066879,0.000723369,0.000828044,0.001092429,0.002693216,0.003911204,0.004151468,0.004249019,0.004795275,0.006453025,0.007929876,0.008272179,0.006224127,0.002980318,0.001488401,0.000967284,0.000830474,0.001059006,0.001837063,0.002708311,0.003201022,0.003202055,0.002988051,0.003331809,0.003586077,0.00534542,0.006028192,0.00577921,0.010829268,0.004601255,0.004561028,0.004660443,0.004882647,0.004346527,0.003629854,0.003541582,0.113614134,0.110914707,0.110446841,0.093321338,0.030340523,0.02344197,0.02222562,0.026208194,0.03443189,0.038421918,0.036597703,0.032744631,0.003194431,0.003733373,0.004240681,0.004224423,0.003346693,0.002335068,0.001705806,0.001301536,0.001135639,0.001063893,0.001043799,0.010313204,0.015367287,0.011404461,0.007159627,0.006598717,0.005442637,0.006498879,0.007210883,0.008540508,0.009535476,0.008540325,0.00674801,0.005142716
Head 0,441,0.000827379,0.000705417,0.000611588,0.000479602,0.000368819,0.000315439,0.000361719,0.000527107,0.000777097,0.001457518,0.001180717,0.000422632,0.000299423,6.82E-05,6.05E-05,7.94E-05,0.000109559,0.000139635,0.000153266,0.000169842,0.000210859,0.000263146,0.000318855,0.000334953,0.000312729,0.000284804,0.00028682,0.00028746,0.000706552,0.000967366,0.001227905,0.000387769,0.000388025,0.00045635,0.000472216,0.00040132,0.00030576,0.000236803,0.00024701,0.000448759,0.000766836,0.00144791,0.004654536,0.007188456,0.006811676,0.001946709,0.001281474,0.001229433,0.001298676,0.001284327,0.001355552,0.001303651,0.001157115,0.001106377,0.000981268,0.000694584,0.00070117,0.000736947,0.000888859,0.002274701,0.003426766,0.004026474,0.004271411,0.004409933,0.005194741,0.006327278,0.007904219,0.008060346,0.004845265,0.002686792,0.001564919,0.000984986,0.000903915,0.001330773,0.002073047,0.00293872,0.00343096,0.003329473,0.003435632,0.00241557,0.004030659,0.00549619,0.006180277,0.0110749,0.005190736,0.004816201,0.004632365,0.004604675,0.005677146,0.004286575,0.003723414,0.100604102,0.097086184,0.105833642,0.100902498,0.038576238,0.025976652,0.020124495,0.020234179,0.026636073,0.033739749,0.037825849,0.038094189,0.003272454,0.003808774,0.004536098,0.005070511,0.004688163,0.003550044,0.002524911,0.001752032,0.001390435,0.001228157,0.0011446,0.011624787,0.018209355,0.014659135,0.00918523,0.008197563,0.006773381,0.007494073,0.00734557,0.007976561,0.009396114,0.009673447,0.008759963,0.006901546,0.005158297
Head 0,442,0.000725106,0.000645198,0.000558394,0.000454275,0.000352788,0.000325575,0.000379828,0.000544617,0.00155407,0.001663142,0.000612359,0.000436059,9.81E-05,6.35E-05,6.26E-05,7.88E-05,0.000112069,0.000141316,0.000212122,0.000180855,0.000206489,0.000260487,0.000312529,0.000337575,0.000319201,0.000302545,0.000289009,0.00070107,0.000920816,0.001152827,0.000381909,0.000344766,0.000394258,0.000458327,0.000472914,0.000403496,0.000288241,0.000233131,0.00033198,0.000452944,0.000872792,0.003639553,0.00721072,0.007773782,0.002505301,0.001487198,0.001301427,0.001304567,0.001261001,0.001307264,0.001259767,0.001169626,0.001197108,0.001147644,0.00072292,0.000701355,0.000703042,0.000775177,0.002168211,0.003011937,0.003688003,0.004329508,0.004584351,0.00496361,0.005396985,0.006746535,0.007982002,0.005941576,0.004085013,0.002658209,0.001493717,0.001024789,0.001105105,0.001481158,0.002213842,0.003036603,0.003397094,0.003584694,0.00183615,0.002896094,0.00436681,0.005881148,0.009518459,0.006194509,0.005549181,0.004996035,0.004695623,0.007311113,0.005404308,0.00433621,0.099854149,0.085941404,0.091415986,0.093955822,0.047037125,0.032312896,0.022459293,0.018584302,0.020836502,0.026108798,0.032765098,0.038812485,0.003451057,0.003972251,0.00468024,0.00545708,0.00575367,0.005074978,0.003882182,0.002603087,0.001873603,0.00152299,0.001358093,0.016083883,0.01955476,0.017761162,0.012076898,0.00929727,0.008521599,0.009617144,0.0087777,0.008269437,0.008970512,0.00970613,0.010170257,0.009185681,0.006999508,0.005310861
Head 0,443,0.000659813,0.000595861,0.000524564,0.000421393,0.000354392,0.000330468,0.000377244,0.001259096,0.001633128,0.000722954,0.000565792,0.000169063,8.99E-05,6.43E-05,6.15E-05,8.07E-05,0.000111107,0.000250434,0.000163892,0.00017018,0.000199336,0.000248018,0.000310844,0.000341109,0.000333393,0.000304094,0.000708923,0.000840329,0.000986338,0.000402851,0.000330784,0.00033846,0.000386475,0.000453816,0.000468759,0.000374132,0.000278616,0.000338203,0.000326821,0.000497164,0.002172265,0.005180063,0.007247658,0.003150592,0.001873003,0.001497304,0.001352704,0.001233317,0.001239799,0.001177732,0.001112138,0.001184586,0.001227128,0.000767928,0.000713788,0.000697506,0.000738701,0.002114794,0.002709868,0.003158053,0.003858183,0.004315497,0.004713395,0.00470903,0.005397948,0.006881306,0.005895174,0.005061944,0.004186742,0.002613161,0.001588578,0.001260308,0.001245264,0.001609027,0.002333369,0.003105896,0.003778786,0.001639763,0.002107357,0.002940853,0.004357188,0.007728456,0.006634487,0.006411007,0.005624782,0.004893082,0.009552223,0.007168552,0.005588433,0.113061219,0.085815676,0.081595242,0.081388794,0.047728159,0.037332904,0.027160311,0.020402404,0.018540323,0.020052901,0.024712147,0.032469548,0.003536812,0.004155214,0.004754307,0.005348584,0.005856378,0.005967945,0.005349443,0.003872917,0.002672309,0.001955122,0.001597473,0.022852348,0.018404832,0.018008515,0.014036907,0.008878227,0.009047252,0.011347348,0.01077966,0.009302733,0.008607045,0.008558401,0.009423781,0.010028383,0.008688291,0.006715997,0.005171183
Head 0,444,0.000594178,0.000473473,0.000373003,0.000305011,0.000260487,0.00024278,0.001286368,0.001627144,0.001172234,0.001073145,0.000312214,0.000207394,0.000158166,0.000125355,0.000132398,0.00017111,0.000925346,0.0003965,0.000371908,0.000366268,0.000400527,0.000500678,0.000631832,0.000667727,0.000569402,0.001646736,0.001570022,0.001515469,0.000588856,0.000526407,0.000572232,0.00064522,0.000771954,0.000864679,0.000752687,0.000586836,0.000632605,0.000472372,0.000517544,0.001413281,0.002834764,0.004017165,0.004169407,0.002834675,0.002174314,0.001805602,0.001496766,0.001429149,0.001294915,0.001160279,0.001187168,0.001221338,0.000881659,0.000880369,0.00098162,0.001238014,0.002654746,0.003500172,0.003503993,0.003546553,0.003547668,0.003800204,0.003673373,0.003704117,0.008195108,0.007206555,0.006259687,0.005875889,0.004416515,0.003015232,0.002328014,0.001923002,0.00207118,0.002702083,0.003740357,0.005006188,0.000650115,0.00065405,0.000756112,0.001085078,0.005367537,0.002084773,0.002343464,0.002103471,0.001758634,0.008139464,0.007056181,0.006533579,0.083699785,0.070348084,0.070233554,0.066851772,0.062057786,0.053351898,0.042330284,0.031797014,0.024629902,0.020428713,0.019503282,0.021536708,0.002062274,0.002380341,0.00259138,0.002632323,0.002616973,0.002741631,0.002754563,0.00223311,0.001610852,0.001158464,0.000980749,0.03279132,0.016160395,0.015673084,0.012788782,0.011391743,0.011102282,0.0156091,0.015875753,0.014265968,0.012455323,0.010486003,0.010946346,0.012812676,0.0133504,0.012233634,0.009805752,0.006488146
Head 0,445,0.000535507,0.000424155,0.000343024,0.000286138,0.00023975,0.001102469,0.001286088,0.00112436,0.001078407,0.000336825,0.000253255,0.000194321,0.000134048,0.000113907,0.000123493,0.000842154,0.0003242,0.000348711,0.000336031,0.000325521,0.000369644,0.000488113,0.000609565,0.000623153,0.001907489,0.001908774,0.00166822,0.000577353,0.000483938,0.000497278,0.000529887,0.000617688,0.000739991,0.000762627,0.000714001,0.000836862,0.000593795,0.000506239,0.001171471,0.002025433,0.00296908,0.003327969,0.002955745,0.002666919,0.002182092,0.001622799,0.001386851,0.00119698,0.001073701,0.00112497,0.001163413,0.000935321,0.000849489,0.000829481,0.000967178,0.001897028,0.003130284,0.003638441,0.003799008,0.003684546,0.003821265,0.003654527,0.003622388,0.006231488,0.005655288,0.005445426,0.005995799,0.005542627,0.004473917,0.003525819,0.002452727,0.001983803,0.002059892,0.002693911,0.004121467,0.000825484,0.000755464,0.000679889,0.000765767,0.00515322,0.001477242,0.002101729,0.002319168,0.002068392,0.008966115,0.007454816,0.006470965,0.087783657,0.073448472,0.071346179,0.063561022,0.052176576,0.046711944,0.041846674,0.036435023,0.029459257,0.022485364,0.018342366,0.017855648,0.001919621,0.002468455,0.002880683,0.002892574,0.002648148,0.002632011,0.002832763,0.002710438,0.00227231,0.001663935,0.001233292,0.036811255,0.01640602,0.013361298,0.010742434,0.011705241,0.010551624,0.015002483,0.016922357,0.017035073,0.014903459,0.011038946,0.009711989,0.010441247,0.011571398,0.01238044,0.011157485,0.007507786,0.006039235
Head 0,446,0.00051443,0.000408869,0.000348668,0.000303021,0.001179312,0.001265516,0.001231339,0.001267113,0.000353501,0.00031719,0.00027691,0.000191796,0.000140192,0.000118494,0.000857329,0.00026042,0.000331708,0.000356436,0.000336767,0.000336783,0.000405699,0.000532099,0.000641081,0.002234566,0.002712721,0.002464015,0.000659601,0.00052511,0.000525181,0.000540193,0.000587494,0.000670276,0.00070878,0.000757473,0.000930195,0.000760547,0.0006297,0.001275784,0.001749966,0.002183787,0.002109527,0.002399568,0.002846613,0.002698282,0.0019881,0.001547603,0.001230297,0.001058001,0.001115985,0.001167122,0.00103706,0.000922988,0.000800335,0.000807623,0.001100556,0.00205851,0.002890774,0.003382622,0.003343164,0.003310655,0.003123503,0.003120105,0.005079719,0.004614774,0.004573892,0.005337081,0.005569912,0.005394872,0.005029861,0.003608099,0.002480132,0.001968825,0.002055791,0.002977252,0.000862962,0.000867289,0.000716227,0.000634348,0.005601803,0.000870345,0.001381808,0.001891882,0.002060774,0.00957856,0.008241468,0.00683252,0.08072149,0.067998074,0.067788869,0.059588138,0.047141194,0.039775785,0.036090229,0.035100006,0.033133436,0.026408376,0.01976151,0.01645482,0.001379946,0.001997435,0.002703767,0.003014182,0.002773705,0.002542418,0.002627381,0.002718149,0.002707761,0.002305393,0.001735208,0.038589083,0.02219845,0.014711888,0.01014856,0.014288098,0.011329668,0.014774776,0.017071767,0.019668203,0.019872753,0.014921098,0.011779468,0.010794627,0.011193057,0.012937008,0.01359506,0.009289409,0.007380971,0.00480947
Head 0,447,0.000470326,0.000377241,0.000325898,0.001135461,0.001188124,0.001108669,0.001273935,0.000306613,0.000318092,0.000323982,0.000253763,0.000188722,0.000136108,0.000844256,0.000187743,0.00024962,0.000308363,0.000325096,0.000317998,0.000338474,0.000408049,0.000519166,0.001777776,0.002829283,0.00312699,0.000764594,0.000551718,0.000505658,0.000503635,0.00053443,0.000593752,0.000617974,0.000697952,0.00087379,0.0008467,0.000786972,0.001442183,0.00174435,0.001778801,0.001195442,0.001478198,0.002255069,0.002795169,0.002366506,0.001812353,0.001303574,0.001013737,0.001030027,0.00110897,0.001033527,0.001008536,0.000868157,0.000777136,0.000678005,0.001157062,0.001860367,0.002706119,0.003103731,0.003102764,0.002766554,0.002609017,0.00395202,0.003491858,0.003533256,0.004374783,0.00498865,0.005568504,0.006242321,0.005198685,0.003576218,0.002381847,0.001904952,0.002226655,0.000773359,0.000916679,0.000829729,0.000664285,0.00667187,0.000572761,0.00084164,0.001289835,0.001789206,0.009241451,0.008834632,0.007397976,0.079631895,0.063598067,0.062925898,0.055872098,0.043259457,0.034911141,0.030186472,0.02999042,0.032546367,0.029368857,0.022768786,0.017566148,0.000935988,0.001410936,0.002140727,0.002772561,0.002836874,0.002562365,0.002437445,0.002429283,0.002645493,0.002703951,0.002350737,0.039689925,0.032051116,0.018721843,0.010485481,0.018110627,0.013439254,0.015415242,0.016275221,0.019139808,0.022015018,0.018430492,0.014735741,0.012006365,0.01070305,0.011628877,0.013244836,0.010964564,0.009391251,0.005750307,0.003773594
Head 0,448,0.00042588,0.000342939,0.000990273,0.00099476,0.000797069,0.001003097,0.000229801,0.000263522,0.000305982,0.000280128,0.000238143,0.00017415,0.00080998,0.000152064,0.000175277,0.000220844,0.000268023,0.000293189,0.000304623,0.000322753,0.000373721,0.001074076,0.00205689,0.00303207,0.000900709,0.000625697,0.000506565,0.000455823,0.00045692,0.000493476,0.000504891,0.000575649,0.000742843,0.00080428,0.000866205,0.001477333,0.001801962,0.001644446,0.00075372,0.000810731,0.001335425,0.002152346,0.002393189,0.002126204,0.001500689,0.001035859,0.000933527,0.000967469,0.000862681,0.000952484,0.000919488,0.000824433,0.000575042,0.000705982,0.001024507,0.001712507,0.002474946,0.002934063,0.002699257,0.002379308,0.003297246,0.002629178,0.002502958,0.003151312,0.003830815,0.00477967,0.00631676,0.006433468,0.005091684,0.00333381,0.002225082,0.001982641,0.000637994,0.000820965,0.000873235,0.000749064,0.007666143,0.000460403,0.000537265,0.000760579,0.001218206,0.007671687,0.008369432,0.007709857,0.084846683,0.064737275,0.06054572,0.052400772,0.037058994,0.03014762,0.025223678,0.024339659,0.028226085,0.028775848,0.025127327,0.020176223,0.000671933,0.000968404,0.001514432,0.002214572,0.002653349,0.002632417,0.002428519,0.002195264,0.002296441,0.002586003,0.002717976,0.040244561,0.043769393,0.026588995,0.013095516,0.021338526,0.016313,0.017501444,0.016359733,0.017730732,0.02099213,0.019561233,0.017342146,0.014127604,0.011170692,0.010384005,0.011093735,0.010721918,0.010592166,0.006916404,0.004312892,0.003248669
Head 0,449,0.000388616,0.000931465,0.000846918,0.000554689,0.000664695,0.000163606,0.000193878,0.00024511,0.000259278,0.000260836,0.000221984,0.000774167,0.000158577,0.000141174,0.000151394,0.000189482,0.000241138,0.000281067,0.000287652,0.000290539,0.000640385,0.001175491,0.002107345,0.00095642,0.000731604,0.000564649,0.000452246,0.000408745,0.000410089,0.000403089,0.000445397,0.000600283,0.000674998,0.000810046,0.001380347,0.001813138,0.001629594,0.000635988,0.000505802,0.000704314,0.001239601,0.00180002,0.002131307,0.001751275,0.001186944,0.00094305,0.000862013,0.000675366,0.000771526,0.000854756,0.000872369,0.000713967,0.00060407,0.000625059,0.000935438,0.001529765,0.002324631,0.002572805,0.002390619,0.003111455,0.002251553,0.001897236,0.002235095,0.002711407,0.003576946,0.005300327,0.006520865,0.006411043,0.004838038,0.003189093,0.002335271,0.000562867,0.000672866,0.000785578,0.000790619,0.007576014,0.000467391,0.000426788,0.000473459,0.00070573,0.00615624,0.007011763,0.00720147,0.087657861,0.070857234,0.064215258,0.05268915,0.030946273,0.025426961,0.021144331,0.019753519,0.022893377,0.02505243,0.025022846,0.022743585,0.000556372,0.000715459,0.001043331,0.00157664,0.002156441,0.002553226,0.002573737,0.002216484,0.002072747,0.002230428,0.002598323,0.038994029,0.049618222,0.03628847,0.018609539,0.023008617,0.019163501,0.021052374,0.018070195,0.017359503,0.019003801,0.018213099,0.018057022,0.016335843,0.012866617,0.01048738,0.0095406,0.009183049,0.009974564,0.007474019,0.005005528,0.003629047,0.003079066
Head 0,450,0.00111427,0.00091134,0.000524502,0.000517218,0.000131971,0.000148858,0.000189243,0.000217825,0.000246142,0.000251652,0.000816699,0.000210966,0.000154879,0.000128149,0.000138144,0.000182525,0.000247442,0.000280333,0.000272965,0.000542336,0.000774439,0.00133703,0.00089014,0.000825316,0.000690776,0.000527597,0.00043102,0.000389347,0.000360152,0.000377596,0.000526147,0.000582516,0.000717392,0.001404254,0.001941133,0.001832013,0.000779631,0.000470341,0.000477101,0.000711145,0.001115764,0.001704111,0.001836198,0.001446159,0.001140411,0.000922992,0.000629749,0.000642281,0.000729135,0.000855563,0.001122093,0.000809108,0.000585762,0.000631134,0.000916216,0.001585473,0.002218555,0.002485272,0.00304145,0.002191904,0.001672354,0.001758913,0.002005305,0.002623249,0.004039784,0.005513267,0.006501438,0.006060155,0.004646207,0.003363171,0.000646202,0.000648211,0.000712935,0.000792447,0.006049577,0.000582972,0.000482028,0.000418761,0.000488658,0.005605239,0.005779788,0.006022199,0.074812643,0.071818426,0.069440991,0.055918485,0.028382588,0.022381812,0.018512441,0.01704742,0.018974893,0.020691724,0.022188134,0.022839917,0.00056688,0.000643159,0.000817492,0.001134057,0.001574378,0.002163783,0.002610402,0.002443696,0.002172782,0.002083895,0.002334437,0.037456069,0.047261365,0.042210553,0.025969405,0.024063388,0.021726226,0.026208835,0.022627573,0.020331794,0.019754687,0.017552331,0.017872725,0.018145049,0.015890062,0.012891998,0.010312798,0.008581758,0.009083679,0.007476543,0.005765471,0.004460977,0.003638201,0.002869383
Head 0,451,0.00114114,0.000665045,0.000520468,0.000136916,0.000137118,0.000163715,0.00019326,0.000227689,0.000260703,0.000871256,0.00031347,0.000227111,0.000153485,0.000126884,0.000144588,0.000204115,0.000269639,0.000293097,0.000642581,0.000692291,0.000939594,0.000783771,0.000864153,0.000862534,0.000702567,0.000550814,0.000446895,0.000376308,0.000367221,0.000499826,0.000544153,0.000660028,0.001569097,0.002142519,0.002087943,0.001131708,0.000613401,0.000471019,0.000511755,0.000683876,0.001127998,0.001568192,0.001621064,0.001503402,0.00120559,0.000781812,0.000657124,0.000653401,0.000787419,0.001602354,0.001322991,0.000815755,0.000610767,0.000635889,0.000979394,0.001551693,0.002188482,0.00282674,0.002273592,0.001726411,0.001654,0.001721496,0.002131583,0.003246625,0.004563848,0.005941081,0.006621815,0.006268396,0.005246141,0.000880783,0.000764801,0.000709318,0.000749382,0.00450762,0.000699878,0.000627352,0.000494458,0.000449631,0.006597968,0.005667511,0.005280179,0.054246057,0.063615724,0.072027683,0.061852973,0.030331453,0.021400968,0.016894471,0.015395065,0.016700231,0.017582713,0.018855819,0.020617502,0.000657183,0.000691188,0.000774557,0.000925968,0.00115677,0.001637842,0.002329177,0.002626589,0.002556739,0.002322963,0.002319298,0.035650712,0.042673834,0.041238952,0.030675253,0.024946785,0.023105992,0.030513583,0.028367942,0.026078111,0.023671763,0.01864334,0.017599389,0.018420238,0.018177537,0.016528288,0.013242882,0.009309423,0.008814384,0.007013073,0.006032449,0.005396212,0.004699062,0.003539793,0.002684308
Head 0,452,0.000447932,0.000368377,0.000172508,0.0001428,0.000141426,0.000155508,0.000188139,0.000228289,0.000377716,0.000298843,0.000236116,0.00012941,6.83E-05,4.88E-05,4.98E-05,6.33E-05,8.29E-05,0.000180135,0.000178718,0.000174058,0.000251914,0.000289807,0.000338332,0.000341209,0.000329357,0.00030929,0.000284194,0.000275896,0.000386978,0.000348842,0.000326433,0.001001692,0.001414303,0.001583769,0.000639216,0.000445129,0.000333807,0.000271302,0.000266675,0.000367903,0.000585776,0.00087782,0.001210517,0.001286488,0.000975115,0.000705031,0.000534596,0.000528202,0.003237305,0.003736586,0.002511722,0.001421705,0.000849885,0.000718892,0.000752819,0.000916108,0.000764703,0.000686739,0.000664927,0.000797811,0.000980977,0.001302943,0.001922062,0.00251768,0.003147257,0.003981959,0.004928345,0.005695519,0.002626613,0.001950302,0.001219993,0.000900158,0.001805783,0.000923764,0.001113718,0.001121736,0.000996428,0.006258498,0.005252992,0.00484562,0.087295383,0.103113636,0.126832113,0.123637445,0.043841831,0.027209371,0.018948771,0.01504219,0.013329013,0.011524324,0.010599165,0.010846958,0.001142669,0.001049727,0.000968437,0.000878996,0.00084795,0.001069554,0.001741274,0.002792843,0.003979739,0.004503099,0.004347926,0.021916818,0.029273594,0.024751712,0.021562414,0.014362106,0.014316262,0.020791277,0.022619817,0.021104619,0.016771156,0.010915124,0.008089885,0.007471484,0.007596237,0.00820049,0.007865888,0.005890012,0.005835437,0.004336516,0.003840124,0.003833678,0.003817518,0.003271885,0.00269068,0.002538527
Head 0,453,0.000448048,0.000201429,0.000151359,0.000130639,0.000125151,0.000136905,0.000152472,0.000319476,0.000252769,0.000287779,0.000211235,0.000116032,6.74E-05,4.97E-05,4.96E-05,6.20E-05,0.000179538,0.000197137,0.000173496,0.000201397,0.000223088,0.000277107,0.000315246,0.000335237,0.00032706,0.000297264,0.000287084,0.000405755,0.000381558,0.000363434,0.000824346,0.001143122,0.001321728,0.000666466,0.000586649,0.000509545,0.000387877,0.000289298,0.000284676,0.00036884,0.000562334,0.000954724,0.001350696,0.001313033,0.00106816,0.000729322,0.000574306,0.002399689,0.003734802,0.0036964,0.002596956,0.001470876,0.000941975,0.000732944,0.000752139,0.000745537,0.000660336,0.000654885,0.000790694,0.00094556,0.001203296,0.00172516,0.002178686,0.002579562,0.00316302,0.004118001,0.005731324,0.003194132,0.00305381,0.001971208,0.001224556,0.002180486,0.000864834,0.001061476,0.001220081,0.001196599,0.007251595,0.006393191,0.005447141,0.076055408,0.081812426,0.10658031,0.120042898,0.055205092,0.033600464,0.021813795,0.016358143,0.013910369,0.01141864,0.009574639,0.008874856,0.001279639,0.001379263,0.001390497,0.001232928,0.001006023,0.000967066,0.0012745,0.001966779,0.003245787,0.004538769,0.004968072,0.023424746,0.03614245,0.024673648,0.018813444,0.014923996,0.014238919,0.020328311,0.023984434,0.025650188,0.023420373,0.015592441,0.010447042,0.008132358,0.007117077,0.007574282,0.008003695,0.006956737,0.006947177,0.004683649,0.003769228,0.00377857,0.004082475,0.003802005,0.003166998,0.002972247,0.003334742
Head 0,454,0.00023255,0.0001817,0.000149842,0.000127459,0.000124132,0.000119416,0.000292605,0.000169918,0.00024384,0.000257415,0.000187362,0.00011285,6.66E-05,4.79E-05,4.80E-05,0.000165517,0.000223199,0.000221523,0.000177003,0.00018355,0.000219869,0.000263677,0.000307469,0.00032643,0.000307033,0.000300922,0.000420601,0.000411194,0.000412412,0.000781268,0.001062475,0.00120612,0.000558079,0.000582109,0.000643605,0.000581022,0.000411835,0.000312243,0.000291775,0.000359243,0.000605921,0.001052172,0.001288559,0.00142049,0.001098012,0.000778482,0.001781571,0.002836966,0.00376504,0.003838716,0.002720542,0.001632447,0.00097371,0.000742818,0.000731733,0.000579192,0.000559577,0.000691808,0.000839867,0.001069138,0.001538884,0.001961784,0.002262356,0.002571974,0.003113525,0.004413995,0.003045324,0.003990643,0.003246594,0.002033655,0.003198184,0.000937258,0.000985386,0.001167216,0.001339862,0.006150785,0.006642379,0.006127649,0.072497539,0.064362623,0.077893712,0.093228072,0.058998372,0.039295536,0.025469342,0.018290127,0.015061017,0.012158241,0.009684575,0.008176424,0.001188563,0.001507369,0.001787952,0.001781499,0.001445004,0.001147696,0.001139748,0.001417022,0.002282683,0.00379628,0.005241429,0.024766082,0.052498784,0.031324327,0.019327799,0.01641822,0.01528989,0.020419316,0.024095641,0.027581001,0.029212333,0.022298971,0.01542198,0.010817388,0.007791766,0.007155952,0.00752408,0.007484471,0.008317513,0.005628049,0.004123663,0.003815928,0.004150763,0.004169357,0.003690212,0.003554955,0.004106881,0.00433795
Head 0,455,0.00023075,0.000173161,0.00012394,0.000103012,8.90E-05,0.000599283,0.000114156,0.000160894,0.000211306,0.000230231,0.000206936,0.000158554,0.000116916,0.000104218,0.000656656,0.000933375,0.001064635,0.00041985,0.00037365,0.000379534,0.000422089,0.000510393,0.000596242,0.000574612,0.000516936,0.000513052,0.00043298,0.000421648,0.000990357,0.001442076,0.001708904,0.000966269,0.000993182,0.001204327,0.001244681,0.000932652,0.000641427,0.000451739,0.000396168,0.000530447,0.000881797,0.001124281,0.001485895,0.001393186,0.001071182,0.000749714,0.000967548,0.001360187,0.001929561,0.002055906,0.001617749,0.001027885,0.000741865,0.001079674,0.000905437,0.00093431,0.001252877,0.001531225,0.001736155,0.002026516,0.002152282,0.002250151,0.002398048,0.002779297,0.003790027,0.001304809,0.001775959,0.00185131,0.001520681,0.005370053,0.000783371,0.000744508,0.00079554,0.000923632,0.007472767,0.008682786,0.007510585,0.031975631,0.02459514,0.02642519,0.030096864,0.034856807,0.028295398,0.020473899,0.015158307,0.012651839,0.010751509,0.009369399,0.008858355,0.00057034,0.000896226,0.001310254,0.001627577,0.001597899,0.001398573,0.001309278,0.001318633,0.001667726,0.002414123,0.003388278,0.042018838,0.076688088,0.049048413,0.027882513,0.025574705,0.024501568,0.031884748,0.03472868,0.038715109,0.042967338,0.036239251,0.030348774,0.024843754,0.018394288,0.015399336,0.014498268,0.015509246,0.017680548,0.011592638,0.007107605,0.005178579,0.004907934,0.004866808,0.004704703,0.004521076,0.006141995,0.007437782,0.005691251
Head 0,456,0.000217551,0.000157916,0.000117745,9.10E-05,0.000509977,8.73E-05,0.000108914,0.000140569,0.000183358,0.000216305,0.000204486,0.000148754,0.000105338,0.000516181,0.000720761,0.000982374,0.000353501,0.000356043,0.000352177,0.000350746,0.000390764,0.000465249,0.000505147,0.000521415,0.000568541,0.000480128,0.000433151,0.00093835,0.001242586,0.001457588,0.00073002,0.000721942,0.000919222,0.001154218,0.001112172,0.00088211,0.000577692,0.000390367,0.000381841,0.000523856,0.000680516,0.001092113,0.00139563,0.001406314,0.00087734,0.000876515,0.000976104,0.001394508,0.001922183,0.002122225,0.001594032,0.001029565,0.001110182,0.000760144,0.000654428,0.000819802,0.001078143,0.00140249,0.001810781,0.002012638,0.002094871,0.002131496,0.002305595,0.002903195,0.001214263,0.00164641,0.00193528,0.001893544,0.007288717,0.001029123,0.000828932,0.0007384,0.000805644,0.004713222,0.006276131,0.006955655,0.038737506,0.028774273,0.026184831,0.024912106,0.02451051,0.02293184,0.019540915,0.016119907,0.013559126,0.011107382,0.009247319,0.008354969,0.000430488,0.0006942,0.001103123,0.001568342,0.001754519,0.001670324,0.001508684,0.001300348,0.001337463,0.001720936,0.002582694,0.033774544,0.083729684,0.060627647,0.034271218,0.024339305,0.023657888,0.030745488,0.033104114,0.036587968,0.040379941,0.035944525,0.032611456,0.029137606,0.02202715,0.01677244,0.01345648,0.012398307,0.01503736,0.012021063,0.008683159,0.006312959,0.005226051,0.004476412,0.004180211,0.003722965,0.006006452,0.008587617,0.006587521,0.005847167
Head 0,457,0.000229805,0.000162754,0.000120337,0.000608855,0.000119104,0.0001346,0.000148552,0.000181914,0.000232519,0.00027349,0.00023998,0.000165794,0.000819574,0.000923499,0.001183796,0.000302007,0.000361564,0.0003988,0.000384825,0.000387877,0.000431371,0.000482317,0.000553322,0.00063479,0.000562041,0.000479294,0.00140877,0.001627869,0.001823291,0.000728172,0.000670221,0.000761481,0.000911656,0.000962998,0.000908233,0.000672328,0.000437541,0.000354019,0.000373654,0.000448243,0.000682467,0.000996915,0.001334028,0.001198548,0.001183223,0.001036996,0.001152125,0.001521131,0.00199877,0.001946726,0.001427326,0.001249417,0.000772822,0.000547487,0.000562413,0.000682118,0.000922024,0.001282244,0.001488697,0.00157965,0.001640466,0.001845693,0.002413748,0.001157442,0.001428736,0.001638514,0.001757244,0.007535464,0.001303544,0.001079362,0.000849439,0.000766937,0.003351223,0.004056761,0.00479638,0.028392762,0.024595002,0.022815691,0.019607302,0.020571629,0.01953074,0.018723123,0.017888762,0.016416736,0.0133132,0.010559013,0.009136186,0.000386057,0.000590816,0.000921223,0.001317149,0.001514102,0.001537953,0.00147877,0.001265223,0.001143024,0.001211794,0.001612497,0.024779251,0.073116191,0.061953247,0.040123634,0.022984181,0.022010572,0.030156881,0.03424751,0.039836496,0.043922611,0.038639437,0.035661831,0.034482412,0.029882301,0.024402568,0.018361995,0.010770507,0.011615326,0.01009433,0.009001577,0.007665122,0.006351035,0.004803666,0.003999208,0.0039654,0.00716393,0.012589683,0.009068213,0.007747925,0.004276946
Head 0,458,0.000236635,0.000163675,0.000558212,0.000136475,0.000149793,0.000150569,0.000166822,0.000207211,0.000273021,0.000304799,0.000252808,0.000967962,0.000989118,0.001130122,0.00022901,0.000294725,0.000379364,0.000403929,0.000401874,0.000405648,0.000420089,0.000500075,0.000608669,0.000636708,0.000598102,0.001957068,0.001946958,0.001809032,0.00067049,0.000608135,0.00067772,0.000794931,0.000870275,0.000923022,0.000795785,0.000553049,0.000409522,0.000341141,0.000351189,0.000456016,0.000648027,0.001012918,0.001142133,0.001362768,0.001187233,0.001107416,0.001242429,0.001630203,0.001953187,0.001839046,0.001395754,0.000911123,0.000597141,0.000506123,0.000516383,0.000665112,0.001000567,0.00128346,0.001435416,0.001464854,0.001571545,0.001990903,0.001058566,0.001306637,0.001463312,0.001581902,0.008388008,0.001416005,0.001321164,0.00106289,0.000868571,0.003308604,0.003265097,0.003603005,0.023912748,0.024243938,0.025078958,0.021044223,0.020133933,0.016653441,0.015665712,0.016553858,0.018065065,0.016090909,0.012763278,0.0102918,0.00032814,0.000467322,0.000731543,0.001105996,0.001365464,0.001480954,0.001518512,0.001360099,0.001196007,0.00111534,0.001236201,0.016780408,0.067563824,0.061540212,0.042740051,0.023428606,0.021139048,0.028119113,0.031355351,0.037890766,0.044507496,0.040438674,0.037016556,0.035230771,0.032402705,0.029255906,0.023239927,0.011946796,0.010296172,0.007888385,0.007540886,0.007868653,0.007708147,0.005865248,0.00416659,0.003733555,0.006340938,0.012278133,0.01127893,0.010652439,0.005050341,0.003494675
Head 0,459,0.000213391,0.000359149,0.00018416,0.000195781,0.000181936,0.000174195,0.000196027,0.000252572,0.000326242,0.000333008,0.000467263,0.000369405,0.000284144,7.27E-05,7.71E-05,0.00010016,0.000127939,0.000156847,0.000174651,0.000181256,0.000211456,0.000385488,0.000452659,0.000523085,0.00123553,0.001435224,0.001330508,0.000678903,0.000553367,0.000487011,0.000443468,0.000402604,0.000422597,0.000452941,0.000430831,0.000386221,0.000315605,0.000237961,0.000244738,0.00029674,0.00047673,0.001341529,0.002547976,0.003088766,0.002903853,0.002649211,0.002747166,0.003239722,0.003833164,0.001099334,0.000869057,0.000660733,0.000524356,0.000401446,0.000367471,0.000448335,0.000540204,0.000653827,0.00078067,0.000982534,0.001395984,0.001229785,0.001621243,0.001836468,0.002128791,0.006140613,0.003003163,0.003412263,0.002904361,0.001935665,0.003138962,0.002066219,0.001776289,0.038298436,0.040336832,0.047882106,0.046533067,0.033874065,0.026627745,0.024825469,0.026871534,0.030989937,0.030272324,0.025655977,0.020905057,0.000997216,0.001108425,0.001341298,0.001675975,0.001924788,0.002118148,0.0023049,0.002233619,0.001934113,0.001525816,0.001230873,0.008482164,0.042183861,0.04324165,0.037495419,0.014940786,0.014771417,0.02087687,0.024095654,0.027273856,0.030203518,0.028713543,0.026874822,0.025938874,0.025117893,0.024379548,0.020770188,0.011287587,0.007812134,0.004519572,0.003772551,0.004291091,0.005337393,0.005447181,0.00450352,0.004009927,0.005553325,0.008429631,0.008702072,0.009470589,0.004950597,0.003635131,0.003349175
Head 0,460,0.000377368,0.00018246,0.000184937,0.000163506,0.000141341,0.000139158,0.000158882,0.000210526,0.000274972,0.000471207,0.000431596,0.000324891,9.38E-05,7.38E-05,7.70E-05,9.27E-05,0.000120305,0.00014317,0.000148245,0.000164702,0.000300472,0.00035872,0.00046403,0.000987599,0.001423467,0.001453318,0.000712027,0.000582455,0.00052412,0.000470033,0.000403026,0.000398857,0.000438693,0.000475023,0.000495909,0.000446144,0.000295397,0.000255724,0.000243312,0.000311769,0.000879625,0.00176195,0.002672208,0.003041223,0.002816593,0.002555365,0.002667913,0.003337525,0.000923419,0.00080436,0.000723167,0.000663794,0.000518398,0.000431877,0.000470046,0.000530872,0.000632707,0.000752253,0.000923137,0.001248775,0.001295457,0.001688802,0.001829797,0.001960281,0.004947942,0.002714423,0.00357562,0.003806873,0.003079917,0.00523631,0.003081448,0.00206395,0.037183233,0.036189646,0.044770133,0.048283223,0.034658313,0.025109554,0.020899972,0.020551274,0.024330504,0.026495161,0.025811212,0.023590047,0.001125855,0.001186677,0.001320012,0.001539573,0.001742038,0.00198837,0.002360028,0.002617138,0.002662823,0.002336541,0.00180111,0.008860174,0.042138956,0.041324764,0.036132332,0.013619331,0.01498259,0.022188496,0.025418641,0.027541656,0.029802112,0.028597329,0.027162487,0.025831111,0.024530744,0.02471059,0.023861188,0.018368628,0.013576504,0.006661099,0.004287523,0.004071877,0.00507172,0.005960545,0.005567367,0.004655431,0.005677598,0.007076594,0.008009577,0.009235573,0.00558666,0.00419344,0.003758631,0.004335611
Head 0,461,0.000198525,0.000176302,0.000138254,0.000111042,9.99E-05,0.000100483,0.000116451,0.00015497,0.000665352,0.000758518,0.000754667,0.000238757,0.000179113,0.000169016,0.000187692,0.000246515,0.000304386,0.000300389,0.000294935,0.000334829,0.000346399,0.000443088,0.00112933,0.002049491,0.002438304,0.000834189,0.000586385,0.000521754,0.000501355,0.000493971,0.00054963,0.000645507,0.000740981,0.00084135,0.000830312,0.000572871,0.000452794,0.000366919,0.000374921,0.00060675,0.000834423,0.001031376,0.001171733,0.001116884,0.000977359,0.000900007,0.001026914,0.000965119,0.000816029,0.000736325,0.000745928,0.000638651,0.000542786,0.000574174,0.000672566,0.000895123,0.001187035,0.001505307,0.001852687,0.00106999,0.001202144,0.001231063,0.001234187,0.004741003,0.001251256,0.001478121,0.001601439,0.001611166,0.009526124,0.006341086,0.003882369,0.019632578,0.018845655,0.023986463,0.027638843,0.028882505,0.018608494,0.012119361,0.008983055,0.009469261,0.010267833,0.011355942,0.012231157,0.000356568,0.000373464,0.000411427,0.000489241,0.000602137,0.000799444,0.001118032,0.001415299,0.001699986,0.001841679,0.00178211,0.013436598,0.046839669,0.047991499,0.041552555,0.015855277,0.020146117,0.032899175,0.036208436,0.036652807,0.038149104,0.035066277,0.03534358,0.035628088,0.032991707,0.031545896,0.030168453,0.032479186,0.028315565,0.014523347,0.007998458,0.006059701,0.006761606,0.008099043,0.008184917,0.006046399,0.007563589,0.00882272,0.009048167,0.010308054,0.006944242,0.005433843,0.004925462,0.006030078,0.004853123
Head 0,462,0.000195081,0.000154166,0.000122952,0.000106401,9.85E-05,9.64E-05,0.000111197,0.00065871,0.000773491,0.000832072,0.000316365,0.000224839,0.000171043,0.000148284,0.000173106,0.000225355,0.000256116,0.000278107,0.000341171,0.000315279,0.000353679,0.000696519,0.001438815,0.002317456,0.000904519,0.000651397,0.000552579,0.00049366,0.000457412,0.000469477,0.0005072,0.000572146,0.000701481,0.000821454,0.000664711,0.000553969,0.000436657,0.00038736,0.000621875,0.000719142,0.000834487,0.001046447,0.001191458,0.001149325,0.000974,0.000923259,0.000978973,0.000691852,0.000594896,0.000670677,0.000678281,0.000622915,0.000602572,0.000590419,0.000666311,0.00083823,0.001120654,0.001511113,0.001168134,0.001284328,0.001269893,0.001223267,0.003592294,0.001188243,0.001376205,0.001535097,0.001697261,0.010942316,0.008430663,0.00527959,0.02034615,0.017138839,0.019276254,0.021457288,0.026959525,0.019599142,0.013780843,0.009842971,0.009027139,0.008652471,0.009207832,0.010491924,0.000388389,0.000436968,0.000466087,0.000490467,0.000523943,0.000637981,0.000881455,0.001162813,0.001509339,0.001829851,0.002018884,0.01655465,0.042875253,0.041215979,0.035968505,0.011359012,0.015507398,0.029251538,0.037484083,0.040449925,0.040171903,0.034660183,0.03405679,0.035662826,0.034396637,0.032677863,0.030594178,0.031308312,0.034953333,0.021745071,0.012219265,0.007609369,0.00649533,0.006749044,0.007473726,0.006956036,0.010533635,0.012788142,0.010753973,0.010280365,0.006463569,0.005726352,0.005489559,0.007716331,0.006100043,0.005031876
Head 0,463,0.000200215,0.000188746,0.000192773,0.0002001,0.000190482,0.000186305,0.000513806,0.000614377,0.000723141,0.000468092,0.000342883,0.000196885,0.000105031,7.55E-05,7.49E-05,8.77E-05,0.000115962,0.00024981,0.000271665,0.000306039,0.000316248,0.00054409,0.000978735,0.000791019,0.000708275,0.000667411,0.000654511,0.000608621,0.000559967,0.000474846,0.000398706,0.000381864,0.000411505,0.000351011,0.00034621,0.000330637,0.000317554,0.000728818,0.00070874,0.00076118,0.001093408,0.001834283,0.002834952,0.003221286,0.003092486,0.001446541,0.00076072,0.000535969,0.000567931,0.000656672,0.00074646,0.000804669,0.000712746,0.000592519,0.000529956,0.000545486,0.000657634,0.00096262,0.001200284,0.001313027,0.001373215,0.002642057,0.001556647,0.001885083,0.002272876,0.002827824,0.008158546,0.007908672,0.006475972,0.049896732,0.035605665,0.030114323,0.025969146,0.018949619,0.017276922,0.01761066,0.017803071,0.018712977,0.018756919,0.019663233,0.022485891,0.001115687,0.001556683,0.001907485,0.002034486,0.001912431,0.001869257,0.002026753,0.002204656,0.002468275,0.002804827,0.003119542,0.015748102,0.051037259,0.042839218,0.032995213,0.00689645,0.007975863,0.01436802,0.020936918,0.026758702,0.028834937,0.026627054,0.025950547,0.027359901,0.028007228,0.027093686,0.025373101,0.015283853,0.022622924,0.019879516,0.015244407,0.009820825,0.006351262,0.004608637,0.004343291,0.006028963,0.010931351,0.01625534,0.011545415,0.010537528,0.005667746,0.005480696,0.006202233,0.010013303,0.007777404,0.006546903,0.004636013
Head 0,464,0.000188857,0.000153711,0.000133028,0.000114732,0.000104538,0.000638718,0.000730722,0.000849193,0.000356804,0.000385323,0.000336267,0.000225225,0.000165538,0.000147702,0.000152614,0.000196634,0.000298285,0.000332363,0.000351476,0.000453084,0.000613892,0.001000881,0.000834953,0.000794806,0.000752259,0.000638258,0.000516254,0.000452955,0.000414853,0.000402372,0.000463268,0.000568257,0.000675783,0.000682399,0.000595808,0.000515576,0.000637332,0.000688656,0.000645433,0.000672839,0.000801335,0.000984201,0.001058087,0.001019142,0.001830068,0.000964669,0.000582221,0.000510344,0.000536228,0.000634549,0.000763739,0.000728612,0.000618555,0.000559988,0.000614686,0.000855177,0.000914804,0.00126013,0.001307863,0.001169558,0.002829947,0.000945096,0.001065168,0.001187669,0.001353438,0.01031027,0.010795209,0.009123242,0.020931952,0.018102454,0.018493615,0.017160319,0.025112975,0.018327635,0.014818843,0.012564681,0.011752847,0.00959339,0.007970406,0.007458106,0.000276715,0.000422355,0.000571975,0.000630916,0.000553239,0.000491643,0.000536792,0.000653641,0.000897096,0.001242252,0.001666716,0.016462324,0.045378551,0.034700505,0.025763627,0.008022426,0.008331342,0.015447605,0.02438421,0.037147306,0.046521436,0.04066617,0.035272136,0.033715542,0.033777207,0.035423402,0.034594957,0.020738298,0.02638541,0.023848614,0.021200178,0.016725656,0.011858272,0.007525,0.00543669,0.005925205,0.011084999,0.020052854,0.019697214,0.016371174,0.00642951,0.004866261,0.004383704,0.008502549,0.009427426,0.008244608,0.006383656,0.004867776
Head 0,465,0.000179497,0.000150862,0.000126487,0.000109804,0.000550902,0.000652842,0.000777927,0.000255066,0.000337489,0.000382308,0.000304451,0.000217068,0.000157262,0.000126385,0.000143234,0.000204609,0.000271779,0.000346853,0.00056135,0.000581326,0.00069324,0.000666718,0.000703666,0.000772144,0.00073362,0.000600864,0.000500247,0.000424179,0.000374546,0.000397917,0.000462119,0.000570295,0.000664734,0.000657554,0.000613302,0.000628717,0.000714763,0.000679319,0.000660807,0.000718261,0.000846563,0.000986044,0.001074926,0.002289334,0.001299865,0.000742125,0.000535633,0.000463004,0.000521632,0.000705438,0.000791131,0.000716739,0.000595062,0.000544514,0.000649584,0.00063426,0.001095435,0.001394727,0.001371398,0.002753279,0.00099937,0.001053201,0.001136244,0.001272697,0.007972863,0.009255735,0.009222433,0.019849161,0.018022157,0.019423775,0.017941412,0.028743301,0.018647894,0.013985073,0.012057898,0.012356211,0.010750997,0.008666446,0.007222523,0.000202528,0.000332066,0.000532304,0.000710462,0.000691837,0.000575317,0.000528469,0.000545278,0.000689115,0.000964284,0.001372036,0.013572261,0.053305667,0.039276928,0.025356691,0.00907423,0.007838019,0.01201205,0.017082004,0.027356654,0.04104295,0.042408332,0.03891705,0.035033554,0.032517955,0.033587545,0.034286253,0.018547677,0.021259718,0.019112637,0.019623701,0.020426143,0.018302998,0.011894387,0.006906293,0.005989695,0.009553522,0.017571557,0.021548016,0.021663405,0.008016987,0.005078249,0.003737636,0.00675604,0.009259492,0.00938029,0.007593077,0.005779787,0.004922301
Head 0,466,0.000192997,0.000156083,0.000134389,0.00057267,0.0007089,0.000873034,0.000226444,0.000304159,0.00040022,0.000404505,0.000338238,0.00023719,0.000153049,0.000135021,0.000150919,0.000200914,0.000302049,0.000861468,0.000834165,0.000763023,0.000581867,0.000607101,0.00073478,0.000800628,0.000697603,0.000569916,0.000452704,0.000371756,0.000371876,0.000414985,0.00046587,0.000590581,0.000644819,0.000633032,0.000654813,0.00071099,0.000704616,0.000701206,0.000709765,0.000716755,0.000767413,0.000874929,0.002177618,0.001511263,0.000987559,0.000694291,0.000501174,0.000474612,0.00061621,0.000771886,0.000807466,0.000699358,0.000578758,0.000573711,0.000345309,0.000646039,0.001003875,0.001158473,0.002318498,0.00086788,0.000860305,0.000912954,0.00104314,0.006051152,0.007579595,0.008289896,0.014654986,0.013191141,0.015088617,0.014978703,0.034003466,0.020900229,0.013909207,0.010966694,0.011576315,0.011125821,0.00971756,0.008068134,0.000164094,0.000256211,0.000436168,0.0006746,0.000783285,0.000691926,0.00057954,0.000508784,0.000564672,0.000763541,0.001113307,0.013103515,0.057428099,0.045248933,0.027040143,0.011306274,0.009145553,0.01194796,0.014026532,0.019967806,0.031865686,0.038597547,0.040970594,0.037723754,0.032665562,0.031589907,0.033003602,0.018811429,0.019705839,0.015843157,0.015358635,0.018173987,0.021574307,0.018034356,0.010820452,0.008383021,0.010890159,0.01700977,0.01893202,0.024070058,0.010507563,0.00634937,0.004799515,0.007449038,0.009418508,0.010949808,0.010367782,0.008350182,0.006700689,0.00395338
Head 0,467,0.000200482,0.000160416,0.000504299,0.000600989,0.000777582,0.000195582,0.000249661,0.000335582,0.000401988,0.000425691,0.000348461,0.00021725,0.000155839,0.000137055,0.000145492,0.000212813,0.000986797,0.001064779,0.000919092,0.000552618,0.00051047,0.000607779,0.000746939,0.000758684,0.000685614,0.00054007,0.00040721,0.000359675,0.000366938,0.000342781,0.000455254,0.000579105,0.000657158,0.000776572,0.000720149,0.000660602,0.000676014,0.000707785,0.000692203,0.000680866,0.000734529,0.001770077,0.001475969,0.00116738,0.000922326,0.000629269,0.000499658,0.000548082,0.00066883,0.000790276,0.000789753,0.000686018,0.00061163,0.00022307,0.000364025,0.0006304,0.000924737,0.001980908,0.00091613,0.000849167,0.000809191,0.000867705,0.004319143,0.005688088,0.006949698,0.013422755,0.011553008,0.012866922,0.013032991,0.037678454,0.025237748,0.01645752,0.01165951,0.011183539,0.010791774,0.010170178,0.009053107,0.000139442,0.000191367,0.000311241,0.000520016,0.000739875,0.000808712,0.000722127,0.000568235,0.000513698,0.000593153,0.000832725,0.013352996,0.051940951,0.050634008,0.032651268,0.012709991,0.011117028,0.013979324,0.013958253,0.015958272,0.022744337,0.029495878,0.03754507,0.040727571,0.036442284,0.032420475,0.030986451,0.019185686,0.019291788,0.014562831,0.012692477,0.014416209,0.019468237,0.021208145,0.016125565,0.01149244,0.013871078,0.0180695,0.014877223,0.020782782,0.011539723,0.008067576,0.006556059,0.009024906,0.008853567,0.009914719,0.009876752,0.010420852,0.009205792,0.004873372,0.00356998
Head 0,468,0.000208927,0.000528194,0.000544423,0.000671673,0.000185373,0.000218931,0.000272942,0.000339129,0.000428464,0.000442936,0.000323768,0.000224338,0.000177148,0.000136948,0.000157047,0.000996477,0.001231049,0.001198821,0.000587322,0.000486441,0.000515088,0.000626959,0.000714089,0.000760278,0.000664941,0.00050606,0.000406927,0.000364909,0.000282436,0.000337775,0.00045598,0.000607792,0.001067501,0.000903711,0.000714203,0.000676576,0.000710559,0.000717931,0.000693967,0.000710944,0.001304045,0.001230819,0.00116749,0.001126028,0.000849459,0.000634504,0.000577702,0.000600585,0.000699263,0.000786062,0.000792702,0.000736455,0.000219871,0.000254112,0.00038211,0.00062455,0.001529622,0.000971188,0.000967064,0.000861398,0.000818127,0.003300136,0.004117676,0.005217966,0.012515397,0.010883756,0.011636696,0.011366984,0.036010794,0.027864488,0.020067742,0.01398703,0.011864303,0.01048138,0.009891474,0.009456138,0.000144795,0.000168747,0.000236472,0.000368223,0.000570568,0.000790782,0.000882106,0.000746089,0.000598193,0.00055792,0.000666571,0.014436879,0.039180685,0.04726338,0.037636042,0.012726725,0.012718458,0.017599553,0.016980743,0.016176151,0.01832678,0.021463675,0.029199407,0.038236387,0.040188704,0.03682569,0.032401219,0.020426355,0.01992036,0.014669248,0.011891772,0.012051092,0.015683787,0.019513028,0.019458029,0.014446403,0.018937631,0.023009714,0.013791869,0.016951757,0.010518979,0.0090276,0.008905787,0.01263156,0.009871919,0.009110398,0.008297855,0.01057209,0.011392327,0.006491247,0.004350886,0.003393217
Head 0,469,0.000638948,0.00057678,0.000615718,0.000190332,0.000205607,0.000229057,0.000264204,0.000349009,0.000432262,0.000404816,0.000326932,0.000279916,0.000175999,0.000146971,0.000951369,0.001221651,0.001407804,0.000603492,0.00051164,0.000492937,0.000533808,0.000597981,0.000705552,0.000719928,0.000619415,0.000508212,0.000417457,0.000294344,0.000280256,0.000337123,0.000473456,0.001298764,0.001230717,0.000920821,0.000768603,0.00074182,0.000745997,0.000735296,0.000752286,0.000937311,0.000920664,0.000981051,0.001144907,0.001055507,0.000866186,0.000729926,0.00062671,0.000622094,0.000689253,0.00078627,0.000848763,0.000325476,0.000266067,0.000284459,0.000402798,0.001124483,0.00087092,0.001090659,0.001060746,0.000942367,0.003000914,0.003239584,0.003779536,0.01112034,0.010473253,0.011349753,0.010653397,0.032220107,0.027346201,0.022840032,0.017557487,0.014266731,0.01129018,0.009769256,0.009292786,0.000176149,0.0001826,0.000216336,0.000281217,0.000397451,0.000611799,0.000874835,0.000939362,0.000814809,0.00067347,0.000648364,0.015421515,0.028691545,0.036483999,0.035637073,0.011679648,0.012666704,0.020305213,0.021664942,0.019947547,0.018617209,0.01765923,0.021524312,0.030137841,0.038182195,0.04114674,0.037477285,0.023128258,0.021777203,0.015477222,0.012185164,0.01127167,0.01300753,0.01568515,0.018063823,0.015687844,0.023914618,0.031055948,0.017042883,0.016072437,0.008920643,0.008219587,0.010122553,0.016707664,0.01303067,0.00999253,0.007349421,0.009039304,0.011110153,0.007648102,0.005551832,0.003980144,0.003414827
Head 0,470,0.00051981,0.000551691,0.000335652,0.000337695,0.000331249,0.000325885,0.000380164,0.000486666,0.000565071,0.000553555,0.000648598,0.000347466,0.00018225,0.000452611,0.00047636,0.0006181,0.0002934,0.000364627,0.000429031,0.00049383,0.000535712,0.000625767,0.000691352,0.000704459,0.000703577,0.000677337,0.000548105,0.000447871,0.00038848,0.000391982,0.001233007,0.001414443,0.001262532,0.001112638,0.001062265,0.001024085,0.000922225,0.000847069,0.000537679,0.000520906,0.000643157,0.000969077,0.001320841,0.001523312,0.001435655,0.001093138,0.000823861,0.000748518,0.000838853,0.001067906,0.001850116,0.001169516,0.000694784,0.000523734,0.000807634,0.000638226,0.000911835,0.001103405,0.00118732,0.002019131,0.002271367,0.002681241,0.019769475,0.017912442,0.018322255,0.016521858,0.020532353,0.018167166,0.018330898,0.017625857,0.015152582,0.011648117,0.009412901,0.009199303,0.000387446,0.000475063,0.000606632,0.0007357,0.000882193,0.001207263,0.001897665,0.002698518,0.003215136,0.003171184,0.002884444,0.024139112,0.047475006,0.045805637,0.04478183,0.011925174,0.011618107,0.01723828,0.020770039,0.021108167,0.018204071,0.01389417,0.012621015,0.014816423,0.019001773,0.024270555,0.026701285,0.014911637,0.017684076,0.01376901,0.011724235,0.010582075,0.010490288,0.010991212,0.013213428,0.020586507,0.036973994,0.048603922,0.025612151,0.016446542,0.006667333,0.005387418,0.007958755,0.01479381,0.013292366,0.011186986,0.007196154,0.008055816,0.009446337,0.007301706,0.006496187,0.005330952,0.004722069,0.004780164
Head 0,471,0.000506434,0.000380133,0.000368462,0.000332908,0.000279144,0.000269107,0.000309664,0.000390804,0.000510834,0.000832159,0.000628848,0.000366718,0.000412834,0.000347297,0.000400441,0.000201991,0.000281194,0.000378304,0.000470514,0.000501448,0.000567096,0.000633571,0.000694838,0.000777709,0.000831515,0.00080308,0.000673004,0.000521745,0.000452755,0.000745735,0.000971436,0.001021326,0.000992895,0.000998267,0.001007502,0.000951211,0.000884068,0.000603094,0.000484457,0.000510722,0.000722676,0.001107275,0.001662454,0.002111268,0.001854806,0.001287347,0.00093178,0.000831216,0.000981754,0.00298089,0.00235072,0.001319009,0.000754854,0.001125998,0.000523556,0.000745724,0.001042755,0.001367777,0.002469737,0.00273179,0.002983403,0.022270015,0.020987032,0.022364764,0.020150241,0.018061744,0.014569411,0.015026258,0.016491037,0.017426152,0.014514406,0.011090588,0.009319685,0.000359409,0.000455621,0.000592365,0.000688298,0.000709202,0.00079592,0.001142247,0.001780234,0.00272976,0.003474238,0.003569495,0.019672608,0.051484779,0.039090104,0.032169208,0.010252812,0.00899142,0.012813161,0.016570682,0.0200202,0.020048575,0.015209177,0.011759962,0.011163524,0.012776714,0.017284568,0.022135707,0.014192288,0.018500112,0.015120526,0.013677415,0.012915606,0.011956356,0.010411646,0.010077738,0.017368494,0.033288047,0.052847616,0.045360789,0.030524435,0.009770297,0.005896556,0.006332434,0.011482961,0.013819646,0.013516114,0.007452847,0.008345621,0.008375037,0.006144579,0.006064903,0.005568074,0.005027134,0.004689832,0.006079481
Head 0,472,0.000362642,0.000366638,0.00034736,0.000287776,0.000244363,0.000231635,0.000253318,0.000346633,0.00066897,0.000743677,0.000609995,0.000552044,0.0003978,0.000352981,0.000140944,0.000183959,0.000267129,0.000380297,0.000429985,0.0004821,0.000520069,0.000564024,0.000660118,0.00076736,0.000821189,0.000814456,0.00066716,0.00054271,0.000606085,0.000758443,0.000867358,0.000928886,0.000996897,0.001025011,0.000996125,0.000958253,0.000707307,0.000494729,0.000432215,0.00050041,0.000689645,0.001132659,0.001905579,0.002292515,0.001874648,0.00127301,0.00090128,0.000849728,0.002979883,0.003362959,0.002370373,0.001307768,0.001408897,0.000507544,0.000575351,0.000772215,0.001139717,0.002027466,0.002374999,0.002652307,0.019022448,0.018338451,0.020841578,0.019818423,0.017740499,0.01255111,0.011707465,0.012961511,0.016246323,0.015959611,0.013010496,0.01015947,0.000330302,0.000419714,0.000576797,0.000718168,0.000734321,0.000700102,0.000805324,0.001096229,0.001780135,0.00280107,0.003606074,0.015963888,0.063612908,0.042722385,0.027843261,0.010818816,0.008536468,0.010618336,0.012716683,0.016327318,0.01969875,0.017380347,0.013453981,0.010731798,0.009921097,0.011987966,0.016059883,0.011116544,0.015356721,0.013168534,0.012698599,0.013652366,0.014020442,0.011903319,0.00943803,0.016827339,0.029471148,0.049483139,0.055167802,0.050147794,0.016175665,0.007928754,0.006240604,0.009328063,0.011437487,0.013416624,0.008661916,0.00964677,0.008579483,0.00540984,0.005375215,0.005527457,0.005444252,0.005193349,0.006897682,0.007287911
Head 0,473,0.00031857,0.000267557,0.000201561,0.000161598,0.000140855,0.000132771,0.000163302,0.000258821,0.000344648,0.000423901,0.000792325,0.000781247,0.000779177,0.000209371,0.000219449,0.000298942,0.000421539,0.000461323,0.000468374,0.000435644,0.000425814,0.00049518,0.000611053,0.000625549,0.000664656,0.000577257,0.000445859,0.000591458,0.000609874,0.000703406,0.000876643,0.001050739,0.001036742,0.000895344,0.000798684,0.001127656,0.000663852,0.000477801,0.000470126,0.000523335,0.000721009,0.001178911,0.001588305,0.001543114,0.00115013,0.000782931,0.000637605,0.000682387,0.000996121,0.001053564,0.000778494,0.001197954,0.000327212,0.000339402,0.0004743,0.000818807,0.002511546,0.003188593,0.003270435,0.006929155,0.006576783,0.008120044,0.008977775,0.025327664,0.01831561,0.014885225,0.013815355,0.01678873,0.017581679,0.015928205,0.012820118,0.000236131,0.000277386,0.000340403,0.000379888,0.000352149,0.00029048,0.000266386,0.00028767,0.000419198,0.000708592,0.001102311,0.013551233,0.035813745,0.02509734,0.014425195,0.008203715,0.007129318,0.010241657,0.012494436,0.016330121,0.021897536,0.022374958,0.020219767,0.016502626,0.01383659,0.014317309,0.018261028,0.01743461,0.024722964,0.020236455,0.016395625,0.015159111,0.015234516,0.013846779,0.011253228,0.014979013,0.023879319,0.039572351,0.052218381,0.062469393,0.0269836,0.013894246,0.008986006,0.012507576,0.014465577,0.018337118,0.012049233,0.015934154,0.012562763,0.005896028,0.00469196,0.004767873,0.005519325,0.005793686,0.008269164,0.009695007,0.006628645
Head 0,474,0.000345017,0.000334252,0.000317274,0.000279882,0.000231928,0.000226006,0.000395274,0.000498117,0.000683098,0.000940578,0.000870273,0.000662013,0.000198736,0.000136811,0.000131567,0.000185453,0.000252704,0.000349144,0.000406828,0.000434745,0.000486331,0.000582572,0.000518902,0.000683139,0.000813218,0.000835215,0.000961041,0.000790529,0.000706247,0.000762112,0.000933834,0.001088688,0.001122192,0.00112844,0.000838189,0.000597689,0.000464268,0.000419697,0.000399103,0.000477555,0.000778991,0.001353316,0.002039867,0.002264561,0.001820392,0.001294445,0.002010819,0.002881216,0.003576472,0.003397222,0.001607197,0.001237608,0.000764304,0.000572294,0.000629386,0.001076395,0.001277298,0.001568011,0.013408325,0.012833276,0.014978653,0.016035842,0.02008291,0.014210517,0.011147478,0.009609165,0.011081247,0.01296336,0.014429784,0.014250345,0.000418977,0.000417009,0.000489616,0.000628754,0.000781898,0.000847328,0.000841862,0.000785718,0.000886348,0.001283193,0.0021284,0.01342686,0.065613076,0.063058048,0.041271709,0.013007772,0.011916078,0.013867204,0.012720846,0.012072731,0.013697858,0.015208954,0.016292969,0.015036986,0.011617485,0.00941864,0.009103181,0.00642247,0.009186612,0.008808907,0.008643493,0.009783609,0.012256411,0.01402658,0.012936412,0.020881612,0.031235993,0.042527027,0.029754221,0.046942316,0.028184943,0.019893002,0.01255398,0.013020921,0.008841856,0.008640487,0.007665066,0.010630256,0.011152785,0.00599061,0.004635924,0.004480322,0.005323752,0.005438818,0.009267843,0.011569043,0.008000745,0.006795145
Head 0,475,0.000315564,0.000313753,0.000296035,0.000253893,0.000228642,0.000386088,0.00040936,0.000526514,0.00107189,0.001192588,0.001096607,0.000364536,0.000198058,0.000131537,0.000137261,0.000168182,0.000245733,0.000318878,0.000368763,0.000415744,0.000480565,0.000390757,0.000492124,0.000647349,0.000808881,0.001511343,0.001203572,0.000881678,0.000786253,0.000898513,0.001108261,0.001251046,0.001345704,0.000815702,0.000612662,0.000480243,0.000424977,0.000375539,0.000385409,0.000516332,0.000804205,0.001325998,0.001914447,0.002085145,0.00175834,0.002063732,0.002504398,0.00311651,0.003673762,0.001321896,0.002268928,0.001363195,0.000801335,0.000628107,0.000932295,0.000959584,0.001117014,0.009573872,0.009636977,0.011223329,0.011972995,0.01905461,0.014817511,0.012359427,0.010250288,0.01012511,0.010794938,0.012355275,0.014011512,0.000637698,0.000573599,0.000568835,0.000622903,0.000732336,0.000865854,0.000965828,0.000907971,0.000878605,0.001022232,0.001502597,0.013918877,0.050306998,0.059902608,0.049504254,0.012684733,0.013348274,0.018031243,0.017317437,0.014908201,0.014060128,0.014141274,0.015858803,0.017243743,0.015311255,0.012182504,0.00992748,0.005584716,0.007497845,0.007577793,0.007845625,0.008698191,0.0104237,0.01229557,0.013052449,0.021720916,0.035199489,0.047630358,0.022601446,0.033221118,0.023435825,0.023421112,0.018854856,0.021798436,0.012405481,0.008767447,0.007114889,0.009016558,0.011279802,0.007179673,0.005369643,0.004455843,0.004805787,0.004718544,0.008841367,0.013305319,0.00927906,0.009333634,0.006670033
Head 0,476,0.000353277,0.000287708,0.000217644,0.000177995,0.000219469,0.000205515,0.000237141,0.000850297,0.000949185,0.001049774,0.000583792,0.00038097,0.000260913,0.000234349,0.00023912,0.000319068,0.000400863,0.00044581,0.00047577,0.000490428,0.000402073,0.000436716,0.000537904,0.000705647,0.001748838,0.001691052,0.0011377,0.000796874,0.000724372,0.000830834,0.001001464,0.001179146,0.001784868,0.001389377,0.000996379,0.000750768,0.000557974,0.00049413,0.000574276,0.000746231,0.001052015,0.001457768,0.001762992,0.001799733,0.000566483,0.000618155,0.000734437,0.000962344,0.001076268,0.00107671,0.000870945,0.000589653,0.000439919,0.001295633,0.001327161,0.001564612,0.003949919,0.004615041,0.005960256,0.006516356,0.022337643,0.018759863,0.017152486,0.01551796,0.015134639,0.014384633,0.014545014,0.015441756,0.000434992,0.000439687,0.000453593,0.000460164,0.000456687,0.000468981,0.000484662,0.000425031,0.000358562,0.000333217,0.000400315,0.013258941,0.022522729,0.026519859,0.023234891,0.008557055,0.008023264,0.012192343,0.013604629,0.013918347,0.014121484,0.013525742,0.014930623,0.017843893,0.019355604,0.01845297,0.015804892,0.009723231,0.010741099,0.00993429,0.01096234,0.013437977,0.016257418,0.016817661,0.015529201,0.015873125,0.026350448,0.04267649,0.030243654,0.037590768,0.02447715,0.024552723,0.018044859,0.028540501,0.027515711,0.018287946,0.010438606,0.013289413,0.017528223,0.012486503,0.009699332,0.006797358,0.005473887,0.003832722,0.006724359,0.012414686,0.012761583,0.01353104,0.010629681,0.007876695
Head 0,477,0.000333394,0.000259469,0.000213697,0.00025105,0.00022499,0.000231174,0.000929,0.000938056,0.00100169,0.000660412,0.000527406,0.000369568,0.00027466,0.000212247,0.000231982,0.000285445,0.000355503,0.000436975,0.000484846,0.000425714,0.000418589,0.000451507,0.000571019,0.001290462,0.001846152,0.001596685,0.001091067,0.000794069,0.000715303,0.000792865,0.001009793,0.001390147,0.001321609,0.001142296,0.000930969,0.000687428,0.00057097,0.000595323,0.00066841,0.000821888,0.001089929,0.001439936,0.001812216,0.000603855,0.000643607,0.000657775,0.00075495,0.001012374,0.001020879,0.001060658,0.000832603,0.000570029,0.00147912,0.001266522,0.001242701,0.002701886,0.003243997,0.004538399,0.005267052,0.020015934,0.016530396,0.015543543,0.015185123,0.015507269,0.014458019,0.013592934,0.013609102,0.000519446,0.000548916,0.000567738,0.000540929,0.000480999,0.000451946,0.000476997,0.000469362,0.00043604,0.000388793,0.000382842,0.013212518,0.020093666,0.021201907,0.019427655,0.009176468,0.00807889,0.011962646,0.013931247,0.01512183,0.015456294,0.01364521,0.01340405,0.014978537,0.017117949,0.018997211,0.018467138,0.011354689,0.010687282,0.008131589,0.008362598,0.011032614,0.015050929,0.016544035,0.015047489,0.015346483,0.024866821,0.040459327,0.031906556,0.035316151,0.020431407,0.019224405,0.017629474,0.03187561,0.043593649,0.029884698,0.013337157,0.013236137,0.014727387,0.011431693,0.011055301,0.009187515,0.007250937,0.00436831,0.006473109,0.010592691,0.013832154,0.014800634,0.013690736,0.010197389,0.006501185
Head 0,478,0.000307913,0.000255001,0.000284814,0.000258514,0.000262336,0.001129993,0.001119819,0.00113223,0.000627877,0.000616047,0.000515331,0.000381852,0.000245032,0.000204792,0.000209001,0.000251473,0.000337764,0.000425893,0.000414352,0.000413553,0.000406691,0.000450983,0.00085727,0.001586563,0.001999495,0.001743931,0.001242603,0.000882155,0.000777595,0.000904228,0.000932049,0.000983518,0.001003203,0.000918865,0.000693549,0.000550637,0.000534506,0.000555362,0.000617943,0.000746163,0.000957206,0.001319627,0.000549586,0.000661023,0.000676082,0.000682308,0.001061591,0.000819868,0.000973483,0.000935031,0.000710256,0.001518252,0.001222014,0.001016036,0.001853367,0.001999458,0.002849363,0.003577997,0.017277077,0.014404967,0.013292114,0.01331891,0.014541467,0.01433663,0.013371022,0.012731109,0.00053846,0.000617412,0.00068574,0.000672079,0.000575434,0.000478905,0.000455451,0.000446849,0.000452143,0.000437531,0.000412826,0.013491382,0.02216457,0.019804332,0.016270049,0.010356789,0.008766619,0.012073698,0.013885204,0.015715456,0.017396601,0.015745172,0.014674289,0.01456658,0.015313916,0.01749377,0.019294105,0.014461937,0.012830288,0.007884673,0.006604418,0.008203247,0.012220607,0.015100777,0.014196313,0.01555667,0.023879997,0.036477007,0.030765085,0.033926256,0.018678751,0.015084075,0.017665016,0.03131257,0.046428513,0.039998982,0.018903144,0.015168088,0.012761095,0.008572144,0.008954902,0.009405403,0.008918009,0.006492646,0.008665951,0.01156199,0.012820026,0.015288795,0.017481467,0.013424885,0.00820545,0.004878758
Head 0,479,0.000304037,0.000450636,0.000486771,0.000548248,0.001076913,0.001175212,0.001262273,0.000806771,0.000960375,0.000957262,0.00072805,0.000377281,0.000198687,0.000123899,0.000109766,0.000136956,0.000206393,0.00024994,0.000329365,0.000368681,0.000388721,0.000318706,0.000620632,0.00115952,0.001677011,0.001701901,0.001260323,0.000903549,0.00081259,0.000581566,0.000470114,0.000457744,0.000474623,0.000433796,0.00039966,0.000408984,0.00041054,0.000407147,0.000432874,0.000514351,0.00076573,0.001154287,0.002041798,0.002555531,0.002478308,0.00171719,0.002218739,0.002588823,0.00290885,0.002679863,0.001722385,0.001523535,0.00120865,0.005046111,0.003751327,0.004107938,0.004662645,0.011960482,0.01004106,0.009390452,0.009295371,0.010182192,0.010224023,0.009443117,0.008745789,0.000913479,0.00128368,0.0016847,0.001757204,0.001405534,0.000929566,0.00069487,0.000622613,0.000710168,0.000901612,0.001055448,0.010338089,0.045929179,0.033618629,0.023229577,0.009560864,0.009063058,0.012788757,0.016093733,0.0196405,0.023480073,0.022587221,0.019501936,0.015908251,0.013249652,0.012962148,0.014303209,0.007477869,0.008275798,0.005671157,0.004546297,0.004959673,0.006774594,0.008740461,0.009328576,0.017078623,0.029865999,0.043840352,0.028574783,0.030338028,0.013432368,0.00987204,0.019338373,0.033572938,0.036331341,0.04313419,0.02449893,0.019312019,0.011395286,0.005338933,0.004667984,0.005454208,0.006880753,0.007733046,0.011696779,0.012524641,0.010794239,0.011160869,0.012744569,0.012773749,0.009354445,0.005677379,0.005518969
Head 0,480,0.000382281,0.000305807,0.000250138,0.000670941,0.000761908,0.000933041,0.00028624,0.000369038,0.000486524,0.000575517,0.000457172,0.000321871,0.000211006,0.000165265,0.000174761,0.00023616,0.000262324,0.000328579,0.000368982,0.000376029,0.000318916,0.000479631,0.000834821,0.001470622,0.001939106,0.00169193,0.001109659,0.000777211,0.000635315,0.000535167,0.00060818,0.000816177,0.000928973,0.000917278,0.000847173,0.000720044,0.000601841,0.000539271,0.000545792,0.000687809,0.000442821,0.000565706,0.000619863,0.000594677,0.001786175,0.0005288,0.000643953,0.000834949,0.001039827,0.001458141,0.001476149,0.001276282,0.002426221,0.001720681,0.001730238,0.001883623,0.008746509,0.009484297,0.010331771,0.010961266,0.012314261,0.012515876,0.011919827,0.011184925,0.000480697,0.000628879,0.000809908,0.000911616,0.000850216,0.000688204,0.00056851,0.000481886,0.000472097,0.000511802,0.000547939,0.017257193,0.027512901,0.020545121,0.013078094,0.00930575,0.008491613,0.01145857,0.012690306,0.013605325,0.014707267,0.013827811,0.013182478,0.012493036,0.01136912,0.011362915,0.012764369,0.013938745,0.016905293,0.010717161,0.00664586,0.005283019,0.0059434,0.007645127,0.009782434,0.014593913,0.028845236,0.044934653,0.038220853,0.038355507,0.020291809,0.01457551,0.019097935,0.03044375,0.034040444,0.044534985,0.022887407,0.035380516,0.024497647,0.010310167,0.007002098,0.00680461,0.008873009,0.008881993,0.014248613,0.016247666,0.012878506,0.009313793,0.010073063,0.013660956,0.011073422,0.006984764,0.006975553,0.00709163
Head 0,481,0.000373778,0.000303042,0.000586036,0.000652027,0.000843901,0.000246936,0.000286437,0.000372604,0.000513633,0.000526351,0.000450107,0.000296814,0.000194452,0.000158483,0.000174965,0.000184979,0.000242008,0.000319359,0.000379422,0.000343911,0.0003786,0.000506285,0.000893277,0.001543226,0.002016144,0.001707198,0.001184987,0.000755794,0.000502435,0.000461245,0.000578417,0.000734352,0.000875544,0.000935845,0.000853239,0.000702329,0.000579755,0.000517718,0.000559821,0.000418256,0.00050904,0.000581682,0.000606892,0.002151478,0.000530747,0.000569206,0.000664152,0.000851386,0.001209688,0.001313518,0.00130011,0.00308025,0.002131317,0.001821422,0.001623143,0.00543279,0.006315407,0.007801326,0.00929977,0.011139067,0.011801435,0.011744235,0.011522505,0.000439378,0.000582397,0.000779208,0.000941688,0.000954032,0.000837846,0.000703618,0.000554679,0.000481607,0.000484566,0.000542008,0.016930461,0.030872365,0.024474885,0.015103496,0.008840608,0.008164872,0.011240908,0.012376829,0.013181655,0.0138228,0.012975565,0.012772404,0.012740876,0.011822229,0.010988786,0.010921933,0.011123489,0.015099282,0.011779127,0.008343038,0.006212398,0.005611359,0.005734578,0.006749677,0.010554779,0.024434129,0.04592412,0.038182024,0.039389707,0.02036603,0.015465277,0.01964066,0.031501684,0.025920987,0.032984011,0.022237161,0.041071828,0.036152765,0.015717421,0.008669732,0.00616894,0.006689417,0.007935897,0.01527747,0.021433298,0.016816651,0.010971835,0.009157526,0.012056109,0.010452867,0.00769523,0.008616775,0.008527026,0.006649734
Head 0,482,0.000515679,0.000631589,0.000760508,0.000964803,0.000728441,0.000691696,0.000720641,0.000900246,0.001020332,0.001011377,0.000697162,0.000377678,0.000199472,0.000130637,9.20E-05,0.000104352,0.000161676,0.000273888,0.00033101,0.000305468,0.000277031,0.00035528,0.000613665,0.001171733,0.001681182,0.00173698,0.001389906,0.000822859,0.000546205,0.000460351,0.000428555,0.000448237,0.000499797,0.000520411,0.00050959,0.00048883,0.000458142,0.000457777,0.000528737,0.000654152,0.000904107,0.001377123,0.002576469,0.002274318,0.002392472,0.002245512,0.002178339,0.001308645,0.001264854,0.001477337,0.011199472,0.008205684,0.006143925,0.004175614,0.004687639,0.004456503,0.00527374,0.00629979,0.007611479,0.008285422,0.008766206,0.009383941,0.000527697,0.00073432,0.001120756,0.001624378,0.002044903,0.002157891,0.00193581,0.001377354,0.000920476,0.000700091,0.000682084,0.007245562,0.036882836,0.040514756,0.031882036,0.006620851,0.006893974,0.01069543,0.012516186,0.013494561,0.014273307,0.014773057,0.016376656,0.018612867,0.018962782,0.016492993,0.013155967,0.00601503,0.006737414,0.006289862,0.006302914,0.006129744,0.005913879,0.005480734,0.005560241,0.008388798,0.018175572,0.035785705,0.023547405,0.027714234,0.013801196,0.012877006,0.022454565,0.040367592,0.020729912,0.020649523,0.023406496,0.031540614,0.040610973,0.022998927,0.013058205,0.006993102,0.004975281,0.00590396,0.011407305,0.018800629,0.015706232,0.014988846,0.010345738,0.011387276,0.009586055,0.007536563,0.009777397,0.011675561,0.009570688,0.00643256
Head 0,483,0.000605279,0.000696816,0.000820086,0.000836531,0.000721398,0.00064482,0.000714937,0.000834406,0.001048451,0.001033641,0.00074754,0.000428121,0.000235024,0.000129574,0.000104108,0.000125661,0.000206179,0.00034265,0.000356265,0.000279459,0.000254299,0.00032288,0.000600981,0.001119463,0.001695993,0.002076129,0.001444574,0.000948014,0.000682603,0.000535716,0.000517719,0.000601787,0.000681128,0.000723906,0.000737641,0.000697818,0.000660578,0.000623329,0.000663704,0.00076528,0.001090841,0.002304525,0.002168828,0.002618234,0.00252263,0.002250372,0.001934563,0.001460819,0.001505142,0.012312046,0.011313464,0.009895526,0.006793382,0.005003979,0.003799487,0.004036931,0.004861588,0.006510807,0.007669209,0.00863202,0.009641563,0.000611566,0.000764667,0.001077001,0.001491842,0.001908346,0.002257013,0.002458174,0.002094961,0.001503839,0.0010276,0.000801646,0.006637585,0.027459359,0.031956315,0.02891184,0.006415102,0.006426261,0.010123719,0.011767522,0.012622387,0.012948475,0.012560064,0.013134941,0.014970846,0.016797042,0.016729821,0.014262141,0.00665319,0.006183124,0.005189172,0.005556712,0.006446654,0.007029533,0.006316449,0.005479913,0.007086859,0.013354629,0.026447859,0.021900386,0.028155087,0.014470244,0.013835931,0.020892747,0.040633768,0.026089311,0.02153934,0.023372903,0.024687698,0.037944224,0.030208796,0.024203282,0.014385593,0.008414147,0.006188273,0.009547518,0.014930682,0.016702821,0.017195346,0.01250207,0.013549856,0.009759195,0.007217015,0.007653935,0.013293277,0.011465901,0.007682938,0.010523061
Head 0,484,0.00075056,0.000857057,0.000941962,0.000858384,0.000748853,0.000713794,0.000710811,0.000869992,0.00103515,0.001017606,0.000760569,0.00044673,0.000216994,0.000128473,0.000106154,0.00013271,0.000315809,0.000422362,0.000387303,0.000311852,0.000282427,0.000380098,0.000659248,0.001232408,0.001948261,0.001756671,0.001362715,0.000982967,0.000677566,0.000560894,0.000599236,0.000667046,0.000722412,0.000767131,0.000763191,0.000760329,0.000755591,0.000753662,0.000722975,0.000843644,0.001560168,0.001649987,0.002423409,0.002815568,0.002624917,0.002878425,0.001800723,0.001465615,0.010019298,0.01017467,0.010736213,0.008538644,0.006638839,0.004057573,0.003537684,0.003845071,0.005244277,0.006479772,0.007595651,0.00875059,0.000663334,0.000800212,0.001074074,0.001393273,0.001707866,0.002028184,0.00247694,0.002595338,0.002292221,0.001675068,0.001135104,0.006753993,0.022885337,0.024682598,0.023791041,0.006325799,0.006213072,0.009748155,0.011516923,0.012676031,0.013350372,0.01250428,0.012169306,0.012932641,0.014816052,0.016951378,0.017218528,0.009406794,0.007586368,0.00501432,0.004673637,0.005747491,0.007404727,0.007458807,0.006192264,0.007760215,0.011675389,0.01956927,0.01807799,0.023995686,0.012950047,0.011740051,0.018747488,0.038084619,0.031765599,0.026108371,0.027378621,0.019558158,0.027030079,0.025051383,0.029218946,0.025050918,0.016343338,0.009255049,0.010756981,0.012892915,0.013684844,0.017192822,0.015840815,0.016300997,0.010895532,0.006983619,0.006356741,0.013978836,0.01307489,0.009966342,0.01451737,0.010565797
Head 0,485,0.000797574,0.000433767,0.000344541,0.000276225,0.000250747,0.000231894,0.000271524,0.000343935,0.000423188,0.000461028,0.000412987,0.000275436,0.000194781,0.000155795,0.000156796,0.000457759,0.000586571,0.000608573,0.000549594,0.000464275,0.000480887,0.000632479,0.001039144,0.00133441,0.00127312,0.001078512,0.000810982,0.00055077,0.000447017,0.000498415,0.000666816,0.00089224,0.001068331,0.0010693,0.000968484,0.000437494,0.000495334,0.000509706,0.000511595,0.00110169,0.000505185,0.000562131,0.000592992,0.000590524,0.002309618,0.001554416,0.001106705,0.002037685,0.002060347,0.002566151,0.002632951,0.005831027,0.003500757,0.002539799,0.002393436,0.003247298,0.004600964,0.006397339,0.008358978,0.00056487,0.000633688,0.000750202,0.00087824,0.000964003,0.000996655,0.001066037,0.001064237,0.001061513,0.000997906,0.000872334,0.014869138,0.028399281,0.025734931,0.019160386,0.010843985,0.009606239,0.012626445,0.012178415,0.012040816,0.012841256,0.011910526,0.011343047,0.010565138,0.009832629,0.009915594,0.010502075,0.012398818,0.011642345,0.007110215,0.005555779,0.006430523,0.00915433,0.010415359,0.008472048,0.007655517,0.01084416,0.016806683,0.018937107,0.030407067,0.019699132,0.016715931,0.017127812,0.029109163,0.031554937,0.029530138,0.025976975,0.022251451,0.02502832,0.020088786,0.023372488,0.0258276,0.023908025,0.012467233,0.014736542,0.017282547,0.01673374,0.01796598,0.019263282,0.02435432,0.014348386,0.007081913,0.005381245,0.012011863,0.01289526,0.010115285,0.016648008,0.013930467,0.009591603
Head 0,486,0.000483257,0.000388386,0.000311721,0.000275595,0.000240048,0.000249086,0.000282463,0.000344199,0.000415648,0.000451673,0.000322579,0.000239695,0.000182776,0.000154346,0.00048922,0.000560261,0.000621174,0.000660541,0.000600113,0.000546634,0.000547875,0.000713257,0.00100223,0.001008497,0.000989407,0.000891122,0.000647226,0.000470371,0.000419014,0.000475594,0.000618386,0.000811845,0.000937912,0.00094041,0.000450553,0.00048402,0.000501467,0.00050595,0.000855338,0.000470999,0.000493085,0.000520323,0.000549158,0.002350187,0.001797253,0.00127974,0.001809268,0.00154684,0.001788672,0.001953905,0.006684705,0.004364771,0.002960973,0.002303369,0.002490359,0.003136382,0.00435745,0.006151133,0.000517357,0.000601648,0.000706055,0.000805275,0.000889157,0.00093827,0.001009443,0.001006968,0.001030055,0.001055179,0.00103353,0.018008888,0.028016221,0.025710817,0.019707009,0.009787234,0.009741746,0.013696431,0.013569259,0.012653229,0.012671563,0.011684049,0.011745779,0.011595329,0.01056163,0.009894836,0.010063461,0.013641619,0.014454162,0.008864601,0.005915882,0.005563366,0.007340149,0.009441733,0.009681734,0.009502181,0.013795558,0.017917257,0.015188714,0.02212004,0.015719,0.015139921,0.017136017,0.029485868,0.029215625,0.02792518,0.023345701,0.022640396,0.023230547,0.016003732,0.016820975,0.02071324,0.026184047,0.016015025,0.021198003,0.023017637,0.01590999,0.016120395,0.017334847,0.024595665,0.017868172,0.0087987,0.006399308,0.011527296,0.01181577,0.009133867,0.018152975,0.018875582,0.012455914,0.00699472
Head 0,487,0.000520863,0.000416648,0.000357768,0.000309228,0.000305214,0.000314515,0.000352271,0.000414455,0.000483439,0.000394979,0.000308706,0.000244223,0.000195398,0.000626563,0.000607429,0.000597425,0.000656236,0.000669174,0.000656569,0.000597506,0.000616325,0.000911553,0.000844112,0.000836955,0.00087088,0.000754295,0.000579689,0.000452004,0.000415338,0.000458916,0.000585143,0.000747474,0.000847174,0.000501015,0.000464868,0.00043936,0.000433329,0.000661223,0.00041788,0.000422347,0.000425873,0.000448698,0.002119813,0.001954333,0.00160027,0.002102205,0.001610708,0.001618192,0.001630081,0.006208641,0.004710733,0.003449323,0.002536007,0.00220619,0.002259903,0.002798361,0.003965432,0.000406147,0.000506458,0.000601826,0.000663508,0.000709099,0.000765836,0.000863387,0.000890044,0.000913165,0.000956313,0.001028377,0.021368548,0.026217084,0.024442162,0.020021442,0.008231495,0.008721731,0.013539511,0.01472924,0.013904796,0.012860525,0.01086926,0.010848745,0.0116634,0.011393696,0.010550266,0.009891314,0.013819364,0.016733071,0.012183624,0.008464229,0.006812731,0.007237541,0.00843301,0.009735245,0.009727753,0.016743312,0.022188889,0.015795192,0.017991213,0.01174143,0.012594652,0.015320514,0.029914906,0.027832253,0.025192175,0.019812711,0.021786796,0.023379205,0.015632357,0.01389393,0.014879934,0.019919094,0.016278032,0.026171034,0.031929284,0.018057022,0.017285204,0.015484146,0.017688654,0.016659889,0.010202248,0.009340312,0.01265881,0.01089057,0.008255403,0.017746296,0.023162298,0.016965793,0.008883859,0.004085298
Head 0,488,0.000543001,0.000445829,0.000358869,0.000328269,0.000315325,0.000332121,0.000378422,0.000449706,0.000447531,0.000369801,0.000304934,0.000247431,0.000672176,0.000681576,0.000626847,0.000637447,0.00064749,0.000680905,0.000637097,0.000590707,0.000900337,0.000785178,0.000746866,0.000816017,0.000828275,0.000742282,0.0005879,0.000464716,0.000409878,0.00044877,0.000577562,0.000752941,0.000612169,0.000538499,0.000447229,0.000398776,0.00061614,0.000387071,0.000410128,0.00041142,0.000410507,0.001852888,0.001920531,0.001817302,0.002414242,0.001846777,0.001716946,0.001543937,0.005906095,0.004845548,0.003992945,0.003161007,0.002491234,0.002077662,0.002052861,0.002509733,0.000329699,0.000459964,0.00059147,0.000651429,0.000645129,0.000655648,0.000746322,0.000816327,0.00087878,0.00093014,0.00101929,0.022796929,0.025636764,0.021960706,0.018240236,0.00778229,0.007671605,0.012350115,0.015147028,0.016091872,0.014962911,0.011445487,0.01022432,0.010831488,0.01133523,0.011336503,0.01050442,0.012723464,0.015566779,0.012922687,0.010482784,0.008683847,0.008007647,0.007604116,0.008093583,0.00822397,0.01676433,0.026462905,0.020271545,0.018148854,0.00903227,0.009212974,0.011381874,0.026770653,0.030519169,0.027213043,0.018427907,0.020114917,0.022159589,0.015843188,0.013670624,0.01276099,0.01513464,0.014523972,0.025855698,0.036451112,0.026424395,0.021016961,0.015958816,0.013047419,0.012985752,0.00995675,0.011203303,0.015588867,0.011520738,0.007431943,0.014274168,0.01931192,0.020000743,0.012024721,0.004998597,0.003045766
Head 0,489,0.000591275,0.000461336,0.000384001,0.00033231,0.000315909,0.000334428,0.000384725,0.000455156,0.000417595,0.000369433,0.000313289,0.000539049,0.000636213,0.000625949,0.000622722,0.000610524,0.000654337,0.00064623,0.000586758,0.000902772,0.000774843,0.000699897,0.000739808,0.000807531,0.000856148,0.000795481,0.000637207,0.000480221,0.000416921,0.000455533,0.000595312,0.000638239,0.000633427,0.000515794,0.000413313,0.000731522,0.000339031,0.00037404,0.000395232,0.000397891,0.001526153,0.00171632,0.001858673,0.0028438,0.002251449,0.002063295,0.001693997,0.005807196,0.004655341,0.004076235,0.003634884,0.00303885,0.002338911,0.001882935,0.00181284,0.000233428,0.000362923,0.00054493,0.000672519,0.000665109,0.000615043,0.000644014,0.000697696,0.000789214,0.00087705,0.000982222,0.020082101,0.029226238,0.021584673,0.015967164,0.008640302,0.007218033,0.010570969,0.013290945,0.016112288,0.016961623,0.013006848,0.010467451,0.009893965,0.010032791,0.01068939,0.010511507,0.011861187,0.013366107,0.011342932,0.010537221,0.01018907,0.009637315,0.007908153,0.006850852,0.006395645,0.013621809,0.025750481,0.027173635,0.022942182,0.008616381,0.006909919,0.007682948,0.019192992,0.029193619,0.030177165,0.019554712,0.020566933,0.021435473,0.015496179,0.013927941,0.012467001,0.012798415,0.013961813,0.024473434,0.036686759,0.037984189,0.025851531,0.018976543,0.011816715,0.009879868,0.007933072,0.010783971,0.018276028,0.014017615,0.007902539,0.012814078,0.014466375,0.018040704,0.013486317,0.006246208,0.003600821,0.002782459
Head 0,490,0.000521237,0.000420029,0.000336153,0.000288327,0.000278122,0.00030004,0.000367147,0.000382543,0.000376041,0.000343139,0.000424012,0.000546856,0.00060774,0.000641867,0.00062736,0.000651831,0.000657925,0.000613136,0.000740319,0.000672714,0.000611064,0.000616483,0.000656264,0.00075199,0.000830247,0.000769805,0.000586479,0.000437565,0.000384259,0.000433907,0.000555135,0.000663772,0.000610235,0.000484565,0.000893142,0.000319751,0.000339246,0.000368067,0.000383039,0.001117375,0.001291999,0.001510978,0.002586915,0.0021095,0.002002658,0.001610774,0.005956563,0.004475576,0.003837571,0.003653831,0.003455379,0.002812208,0.00209501,0.001668819,0.000157762,0.00024722,0.000416839,0.000608037,0.000675537,0.000614304,0.000584853,0.000587486,0.000661903,0.000771248,0.000895214,0.014946908,0.03479939,0.023933323,0.015266014,0.010466049,0.007780419,0.009818079,0.011269606,0.014117316,0.017072791,0.014671724,0.011837609,0.01009483,0.009279168,0.00976753,0.010213582,0.012332421,0.012450116,0.009662418,0.009052486,0.010042609,0.010989115,0.009169484,0.006793945,0.005580483,0.010860021,0.021756807,0.030343037,0.029822268,0.010097031,0.006321155,0.005980316,0.013251298,0.022938069,0.028754177,0.020300291,0.021919344,0.021187391,0.014000802,0.012902661,0.012115592,0.011889023,0.014707332,0.024334196,0.035878193,0.04414285,0.030042924,0.024293872,0.0148857,0.00948019,0.006426238,0.009322276,0.017506095,0.01625644,0.009417426,0.013991745,0.012577496,0.014334652,0.012083485,0.006912692,0.004519151,0.003337029,0.002806151
Head 0,491,0.000540901,0.00043459,0.000341373,0.000285753,0.000269782,0.000280126,0.000313984,0.000352931,0.000365499,0.000339547,0.00040891,0.000472394,0.000547124,0.000567132,0.000600598,0.000617358,0.000594076,0.000629837,0.000620862,0.000587634,0.000584835,0.000576825,0.000638624,0.000778805,0.000879054,0.00080376,0.000613618,0.000463791,0.000411259,0.000408174,0.00053592,0.000592279,0.000541536,0.001141403,0.000325378,0.000306159,0.000312097,0.00033217,0.000846472,0.000958713,0.001181678,0.002920827,0.002426293,0.002376143,0.001933444,0.006210439,0.004442289,0.003541252,0.003265092,0.003377437,0.003113062,0.002490724,0.001882933,0.000116904,0.000160925,0.000272662,0.000460689,0.000633929,0.000662432,0.000622034,0.000559604,0.000567689,0.000641358,0.000763686,0.011296066,0.039286546,0.029735342,0.017683251,0.013095968,0.009908279,0.011252178,0.010760501,0.011801511,0.01467085,0.014335936,0.012970373,0.011040683,0.009147595,0.008609039,0.008696666,0.013130913,0.012108895,0.008396408,0.007174233,0.008285392,0.010736337,0.010658561,0.008042663,0.005278147,0.008908964,0.016417811,0.026433975,0.033717044,0.013325552,0.007649002,0.005845857,0.01018106,0.015615295,0.021656319,0.017963571,0.023971681,0.024012638,0.014455426,0.012767337,0.012384566,0.012438905,0.0160587,0.025380872,0.036029469,0.039893843,0.031190259,0.028363232,0.0222027,0.01169611,0.006047797,0.008065376,0.013396719,0.015538612,0.01064948,0.01728815,0.013836965,0.012594441,0.009353962,0.005803031,0.004654689,0.003958667,0.003287706,0.00301708
Head 0,492,0.000810989,0.000847502,0.000853147,0.000830894,0.000578105,0.000604684,0.000656349,0.000711033,0.000593962,0.000629338,0.000586824,0.000509789,0.000388582,0.000319165,0.000295268,0.000313123,0.000341424,0.000480252,0.000610098,0.000718227,0.000685027,0.000659013,0.00078208,0.001021741,0.001298998,0.001379806,0.001187734,0.000920515,0.000585983,0.000661111,0.000747561,0.000841475,0.000809972,0.000755021,0.0006955,0.000622666,0.000558984,0.00070242,0.00067322,0.000811647,0.00563757,0.005798448,0.006934007,0.006921689,0.01107101,0.007950491,0.00626878,0.005324338,0.005392669,0.005395043,0.005009869,0.00418873,0.000253695,0.000226254,0.000272354,0.000376894,0.000556869,0.000729848,0.000859032,0.000870872,0.000884275,0.000946885,0.00105058,0.005275024,0.020063862,0.018926945,0.013957911,0.007636391,0.007075564,0.008692508,0.007836577,0.006745863,0.006951914,0.007205102,0.007668157,0.007841197,0.007376343,0.007243983,0.00770774,0.010243433,0.009753126,0.006269965,0.005119983,0.006329495,0.010186642,0.013858167,0.012962994,0.01214991,0.015047593,0.017674673,0.011886696,0.016894817,0.011079315,0.008493444,0.0096595,0.01274903,0.011772729,0.013356553,0.013579156,0.015472153,0.017862642,0.011942662,0.012354837,0.014230553,0.016049059,0.023886492,0.040464099,0.05010841,0.031715747,0.043230116,0.040418647,0.039084919,0.01949347,0.007353739,0.007072598,0.007910476,0.009134709,0.009434531,0.019234482,0.016811488,0.014758067,0.009417241,0.00568154,0.005337449,0.005600342,0.005404666,0.00585951,0.006403676
Head 0,493,0.00086993,0.000928781,0.000930254,0.000571925,0.000526355,0.000529541,0.000580356,0.000636713,0.000653087,0.000607587,0.00055834,0.000440943,0.000357642,0.000296213,0.000283299,0.000264489,0.000360191,0.00049728,0.000708214,0.000782879,0.000746958,0.000789364,0.000939074,0.001259295,0.001607483,0.001711983,0.001494318,0.000719067,0.000655312,0.000646005,0.000736779,0.00095186,0.000848653,0.000858548,0.00080396,0.000733446,0.001030058,0.00084862,0.000852114,0.006555717,0.00651856,0.007573592,0.007899204,0.010667294,0.008491741,0.00694042,0.005560958,0.005224247,0.005138852,0.005208042,0.004976463,0.000454978,0.000344828,0.000326394,0.000362012,0.000485697,0.000697338,0.000971735,0.001125142,0.00119147,0.001223066,0.001253382,0.005412296,0.014906495,0.015399996,0.013217809,0.006538942,0.007664517,0.011468136,0.010927538,0.008346075,0.006967981,0.00625039,0.006515302,0.007194324,0.007169818,0.006948667,0.007011523,0.010303662,0.010609073,0.006462364,0.004399534,0.004254506,0.005996989,0.009035478,0.011172701,0.0120535,0.016436182,0.017505363,0.009102966,0.011388448,0.008493843,0.007895005,0.011009102,0.014659996,0.010548914,0.010352354,0.009570204,0.01227764,0.01531362,0.010922776,0.011273608,0.013456837,0.01739661,0.023264021,0.041441645,0.049718831,0.024981368,0.038056172,0.037211876,0.051623333,0.034942396,0.014269033,0.009181173,0.009335006,0.008245593,0.007449117,0.016237753,0.017384676,0.018069046,0.010291047,0.005273705,0.004768717,0.005424071,0.005844013,0.006540819,0.007025075,0.010782255
Head 0,494,0.00088582,0.000996561,0.000680931,0.000582478,0.000529559,0.000540455,0.000742854,0.000768014,0.000701295,0.000660401,0.000556117,0.000471826,0.000361186,0.000294702,0.000228472,0.000252436,0.000327422,0.000533476,0.00074674,0.00082634,0.000848194,0.000868533,0.00103475,0.001367998,0.001745117,0.001901942,0.001112217,0.00087751,0.000699846,0.000692495,0.000947658,0.00085688,0.000962746,0.000974832,0.000921799,0.001396911,0.001099065,0.000977185,0.007362362,0.007061304,0.007710045,0.007977167,0.009377776,0.0085533,0.007963114,0.006657758,0.005768643,0.005104451,0.004990646,0.005071599,0.000780622,0.000583842,0.000467803,0.000396912,0.000411422,0.000536535,0.000807751,0.001099399,0.001341575,0.001468689,0.001509894,0.005693772,0.011613022,0.011274368,0.010648875,0.00460216,0.006245727,0.011716962,0.013683403,0.011068381,0.008079077,0.005949075,0.005404769,0.005950215,0.006380074,0.006491446,0.006474411,0.009088424,0.011074173,0.00746903,0.004996593,0.003927487,0.004200902,0.005533112,0.00779278,0.010904866,0.018833891,0.021670012,0.009560015,0.008983752,0.005948778,0.006177421,0.010830338,0.016979784,0.011092319,0.009630298,0.007547257,0.009456527,0.011929427,0.009092407,0.009198642,0.010524365,0.01446256,0.020298479,0.041819226,0.053130105,0.024194255,0.036406968,0.032548573,0.044045493,0.043081034,0.024176458,0.014113897,0.014754783,0.00894972,0.006173464,0.012396564,0.01569647,0.020107932,0.012256744,0.005515407,0.004438653,0.005028355,0.005968276,0.007223048,0.00825699,0.013521424,0.013741406
Head 0,495,0.000888151,0.000765783,0.000667822,0.000571939,0.000543583,0.000837855,0.000938024,0.000857738,0.000786614,0.000684899,0.000632678,0.000502206,0.000376894,0.000253626,0.000208608,0.000213312,0.000323906,0.000530002,0.00074758,0.000898813,0.000899629,0.000923651,0.001089375,0.001422786,0.00184247,0.001645113,0.00137738,0.000962025,0.000775011,0.001008499,0.000810103,0.00097532,0.001087809,0.001100359,0.001634631,0.001339324,0.001166359,0.007510614,0.007348401,0.007754833,0.00766591,0.008046262,0.007756403,0.008234757,0.007956337,0.007144649,0.005884666,0.005165056,0.004952513,0.001184094,0.001004107,0.000798225,0.000574148,0.000444418,0.000445426,0.000607673,0.000887797,0.001266475,0.001588366,0.001764101,0.00549949,0.011015058,0.008848179,0.007967175,0.003471158,0.004561245,0.009568878,0.013934677,0.014000834,0.010752957,0.007006767,0.005244841,0.005085311,0.005477321,0.005966259,0.006205597,0.006963439,0.009645893,0.007707193,0.006064776,0.004742466,0.004072859,0.004016465,0.004912283,0.008642076,0.018293535,0.026478026,0.012818882,0.009646893,0.004750676,0.00450158,0.008915395,0.016706007,0.011578931,0.010158835,0.00765639,0.007801567,0.009430921,0.007656931,0.007916842,0.008456534,0.010761415,0.016509296,0.037622239,0.053013034,0.028854184,0.039304666,0.031315066,0.030216644,0.035306018,0.028605869,0.020104408,0.028388467,0.013751465,0.006480133,0.009981349,0.011841214,0.017659413,0.01341225,0.006278415,0.004570115,0.004716487,0.005676644,0.007489333,0.008505953,0.016042085,0.017660065,0.013517431
Head 0,496,0.000458858,0.000328286,0.000221895,0.000170313,0.000487238,0.000641502,0.000670299,0.000607838,0.000501811,0.000474682,0.000473138,0.000485947,0.000336968,0.000271194,0.000234682,0.000270843,0.00035302,0.00047075,0.000600222,0.000638148,0.000611801,0.000618551,0.000713864,0.000898291,0.001209907,0.001217799,0.000868174,0.000590566,0.000725832,0.000435703,0.000522835,0.000617124,0.00063205,0.002085559,0.001638457,0.001238942,0.002675472,0.002682318,0.003066522,0.002954375,0.008878672,0.006502317,0.005467706,0.004881652,0.004457755,0.003662131,0.00299382,0.002642168,0.000436453,0.000467817,0.000453414,0.000378401,0.000296757,0.000273324,0.000354823,0.000547851,0.00089443,0.001242623,0.001395672,0.006795412,0.015789293,0.011576982,0.009818164,0.005436434,0.006270408,0.012548371,0.018999683,0.023450522,0.022555947,0.015235846,0.010480051,0.008633853,0.008444703,0.009285287,0.009907183,0.013325008,0.014632202,0.010285739,0.007837562,0.006495084,0.005509169,0.00438516,0.003752222,0.003847951,0.007438542,0.013357722,0.015691917,0.014329018,0.005599016,0.004370558,0.00479462,0.011173353,0.016827377,0.015415703,0.008297913,0.008219589,0.008912633,0.007252104,0.008842109,0.010601989,0.012525364,0.01204628,0.021374736,0.030067684,0.030279286,0.030668801,0.029535808,0.027222499,0.027273547,0.023740433,0.015732666,0.043068223,0.026630593,0.009295985,0.012627213,0.012488633,0.021424305,0.018025046,0.008490565,0.005103542,0.003970555,0.003919472,0.004930775,0.005150072,0.012471387,0.018153323,0.016524458,0.009906778
Head 0,497,0.000410609,0.000307201,0.00021906,0.000365899,0.00049391,0.000617272,0.000670128,0.000597186,0.000534378,0.000487845,0.000467676,0.000380402,0.000280134,0.000212499,0.000208779,0.000239302,0.000316099,0.000461349,0.000586833,0.000616034,0.000587145,0.000588814,0.000676227,0.000908187,0.001333026,0.001269006,0.000902435,0.000831032,0.000448025,0.000458867,0.000540043,0.000614215,0.001694775,0.001572119,0.001295914,0.002323284,0.002227654,0.002639555,0.002755915,0.00962451,0.006825011,0.005423103,0.004828746,0.004770385,0.004265326,0.003517535,0.002871093,0.00035906,0.0004414,0.000500921,0.000471018,0.000363232,0.00026736,0.000253917,0.000312286,0.000497465,0.000818087,0.001149117,0.005383007,0.020958547,0.013590559,0.009200329,0.005299299,0.005515704,0.009735338,0.014304688,0.019665955,0.023714894,0.019282749,0.013867641,0.010072748,0.008189033,0.00804322,0.008843525,0.012364142,0.014142011,0.010181088,0.008064448,0.007422319,0.007038375,0.005671859,0.004185072,0.003736859,0.006408108,0.011327593,0.016519036,0.017974749,0.00714326,0.004661715,0.00421911,0.008568255,0.014210941,0.016778469,0.01009337,0.010125141,0.008865325,0.005639859,0.006325232,0.008196931,0.010760925,0.012205545,0.02210856,0.029955545,0.029290732,0.029140403,0.030653764,0.024413483,0.021107581,0.017016253,0.015258417,0.044723514,0.036176179,0.01274038,0.016201446,0.013091651,0.014768623,0.013101119,0.007802508,0.005779255,0.004682923,0.004050522,0.004299493,0.003994247,0.010370175,0.018744517,0.02207223,0.012841461,0.007419681
Head 0,498,0.000360864,0.000273579,0.000365781,0.000421833,0.000551354,0.00072053,0.000763662,0.000702691,0.000594827,0.000518751,0.000411601,0.000293887,0.000211077,0.000187013,0.000182438,0.000208465,0.000290849,0.000410048,0.000507112,0.000527821,0.000515027,0.000527133,0.000611383,0.001091871,0.001448024,0.00130621,0.000831323,0.000598309,0.000496301,0.000514891,0.000593693,0.001112631,0.001212513,0.001125062,0.001604957,0.001419196,0.001650893,0.001842259,0.009383786,0.007166151,0.005579574,0.004701272,0.004613975,0.004490892,0.004109418,0.003558727,0.000311741,0.00039792,0.000488165,0.00051794,0.000441801,0.000310131,0.000236059,0.000217363,0.000280613,0.000456973,0.000748859,0.00449776,0.024422325,0.017392559,0.01074158,0.005087576,0.005356239,0.008680969,0.011529695,0.015045606,0.019801861,0.019615272,0.016942408,0.012881995,0.009434264,0.007795053,0.007863512,0.011996814,0.014475648,0.010855936,0.008438248,0.007812025,0.008153456,0.007568006,0.00591304,0.004282153,0.006614952,0.010429561,0.015152387,0.019913301,0.009835121,0.006605967,0.004999986,0.008371299,0.012207191,0.016145164,0.010733514,0.013782365,0.011323003,0.005602485,0.004983166,0.006096718,0.008845928,0.011302898,0.022250704,0.030879393,0.024077488,0.025491226,0.027740825,0.023746254,0.019654229,0.013876106,0.015848851,0.034229957,0.035435658,0.015835607,0.022348018,0.017913308,0.012485627,0.00919086,0.005768005,0.005234765,0.005151984,0.004680165,0.004335839,0.004104027,0.009487606,0.01772885,0.026256083,0.017358825,0.009687177,0.004656352
Head 0,499,0.000329027,0.000450685,0.00041467,0.000460456,0.000619509,0.000779222,0.000851811,0.000755548,0.000607656,0.000468927,0.000330816,0.000227295,0.000189011,0.00016681,0.000165571,0.000200715,0.000272953,0.000368908,0.000436799,0.000465296,0.000466975,0.000416142,0.000720406,0.001168408,0.00143046,0.000859723,0.000850097,0.000602254,0.000507768,0.000521107,0.000750409,0.00092212,0.001025999,0.00132605,0.001106147,0.001165885,0.001241801,0.00818003,0.007265883,0.006115993,0.005038231,0.004499841,0.00427005,0.004108855,0.003890647,0.000272285,0.000356209,0.000461761,0.000547026,0.000538701,0.000416517,0.000298134,0.000218609,0.000209373,0.000282051,0.000472967,0.003955193,0.023079585,0.020199856,0.013217728,0.004428997,0.004938582,0.008019683,0.01010928,0.012119094,0.015396282,0.016923297,0.017596463,0.015961872,0.012224811,0.008973434,0.007631387,0.010840251,0.01337156,0.011088738,0.009059628,0.008182163,0.008421551,0.008282295,0.007247383,0.004546785,0.007247615,0.010996974,0.013159132,0.017860668,0.010410293,0.008360236,0.005917795,0.009316509,0.010818721,0.013200514,0.009478368,0.016025765,0.015354265,0.007008065,0.004843172,0.00469787,0.006524084,0.008944031,0.020750435,0.034172945,0.024788605,0.025417043,0.024289142,0.022467906,0.019225115,0.013397125,0.018266276,0.027555678,0.031148022,0.016232632,0.025924999,0.023565551,0.01585415,0.008876929,0.004655423,0.004253429,0.005026155,0.005646835,0.005392782,0.004972749,0.009357428,0.014662443,0.022313289,0.020744205,0.013667109,0.006186534,0.004122537
Head 0,500,0.000533103,0.000469493,0.000423439,0.00048577,0.000621177,0.000815399,0.000880223,0.000766339,0.000537565,0.000403757,0.000273815,0.000214366,0.000175758,0.000157443,0.000165719,0.000200333,0.000265777,0.000339736,0.000409709,0.000442268,0.000335899,0.000485001,0.000791231,0.001215337,0.000844177,0.001222851,0.000893499,0.000639485,0.000520429,0.000558482,0.000656051,0.000813912,0.001171089,0.00103787,0.001039669,0.001001294,0.006706654,0.006668512,0.006492894,0.005827823,0.004987315,0.004437565,0.004162984,0.004103109,0.000244361,0.00031747,0.000420275,0.000530345,0.000585,0.000527909,0.000413305,0.000282196,0.000209722,0.000207272,0.000288721,0.003278255,0.018737176,0.020203531,0.015677808,0.00380272,0.004335939,0.00734642,0.009305983,0.010612772,0.012337486,0.013441196,0.015314909,0.016760321,0.015278259,0.011572055,0.008677564,0.01044983,0.011584409,0.009961003,0.009093866,0.008696431,0.008842915,0.008462793,0.007664799,0.003953382,0.006848453,0.01113854,0.012545649,0.015659491,0.009246482,0.008739349,0.006091461,0.010445715,0.011930327,0.011865513,0.007779971,0.015166007,0.018573331,0.009781606,0.006192488,0.004570777,0.00489954,0.006163375,0.015497845,0.03165203,0.027776072,0.029080311,0.024153415,0.021644508,0.018445745,0.013291748,0.020505982,0.023562243,0.025379021,0.016250262,0.027213024,0.027434804,0.023425033,0.011292885,0.004527122,0.003344336,0.003936703,0.005479072,0.006478069,0.006965294,0.012238664,0.015288135,0.019171149,0.019689064,0.016259812,0.008430641,0.005337914,0.0039983
Head 0,501,0.000680989,0.000658832,0.000650048,0.000694379,0.000897418,0.00110026,0.001187588,0.001126468,0.000994914,0.000724442,0.000507854,0.000323832,0.000198803,0.00013871,0.000119915,0.000145188,0.000220015,0.000365532,0.000546125,0.000278658,0.000297578,0.00038262,0.000646531,0.001152829,0.001555843,0.001664887,0.001308989,0.000891726,0.000866172,0.000635204,0.000594535,0.001857836,0.001758662,0.001781838,0.001706671,0.002747973,0.002815248,0.003146447,0.003328984,0.003229765,0.003257154,0.003675757,0.004745191,0.000924498,0.001171375,0.001445004,0.00166924,0.001814537,0.00182353,0.001678762,0.00121369,0.000736146,0.000456147,0.000357778,0.002647302,0.010122839,0.011900648,0.011913459,0.001819702,0.002149464,0.004006074,0.005416842,0.005718762,0.005481813,0.00523621,0.005773915,0.007220565,0.00842959,0.007728315,0.006006354,0.005983773,0.00554388,0.003982963,0.003654235,0.003886577,0.004647104,0.005414483,0.006156398,0.004808711,0.009548706,0.014790196,0.011007023,0.01147294,0.007249164,0.008876159,0.012019021,0.022145534,0.015564932,0.010639116,0.010170891,0.008348359,0.011378492,0.009606932,0.008433773,0.006714297,0.006106871,0.007156995,0.014183831,0.025570661,0.020331386,0.033907875,0.029321818,0.02336598,0.021521136,0.014663078,0.028046485,0.024048774,0.021276783,0.024234891,0.046955016,0.046497196,0.042318314,0.018668871,0.005721631,0.003088013,0.002881742,0.004010997,0.006279965,0.009881958,0.020347971,0.022305379,0.020046594,0.018231239,0.015657285,0.010229071,0.008010512,0.006513681,0.006103346
Head 0,502,0.000749192,0.000730077,0.000672225,0.000759754,0.000912162,0.001074032,0.000952315,0.001004111,0.00091147,0.000777103,0.000573068,0.000371276,0.000241078,0.000165491,0.000148441,0.000179416,0.000279789,0.000469596,0.000320868,0.000294177,0.000279321,0.000371085,0.001146994,0.001033111,0.001584184,0.001678855,0.001254202,0.001522998,0.000954632,0.000752951,0.002360052,0.002260417,0.002324536,0.002151632,0.002575663,0.00253524,0.002935183,0.003387547,0.00349935,0.003357466,0.003359329,0.003862815,0.00085807,0.001120268,0.001397374,0.001581759,0.001659568,0.001749678,0.001941858,0.001850228,0.001394288,0.00086352,0.000534711,0.002598658,0.007848335,0.007910669,0.008307016,0.001625341,0.001814795,0.003383758,0.004887209,0.005564967,0.005291901,0.004491931,0.004286088,0.005111923,0.006683014,0.007777197,0.007385662,0.008377255,0.006968677,0.004111427,0.003351003,0.003436857,0.004028273,0.004476139,0.004889337,0.003952719,0.008065382,0.013012035,0.011943146,0.010316119,0.005105302,0.005441394,0.008367383,0.018327957,0.018784158,0.013196078,0.009577678,0.006681937,0.00794581,0.007397733,0.008110742,0.007478988,0.006518874,0.007017162,0.011432123,0.017584641,0.017154148,0.028112166,0.028326901,0.023516601,0.021940144,0.015733616,0.024729349,0.027805645,0.021356562,0.024057854,0.044750459,0.044155285,0.057125248,0.034442227,0.011391837,0.00521522,0.003510118,0.00371898,0.005542834,0.008836192,0.021819079,0.026852855,0.021742566,0.017898921,0.013712779,0.009838266,0.009063378,0.007920813,0.007136065,0.010004543
Head 0,503,0.000957214,0.000895735,0.000880347,0.000934043,0.001082843,0.000695031,0.00076327,0.000799993,0.000806531,0.00069437,0.000511719,0.000351795,0.000221323,0.000154395,0.000136748,0.000166729,0.000263491,0.000411281,0.000402112,0.000334086,0.000333765,0.000922583,0.000685905,0.001278715,0.001901936,0.00189658,0.001942648,0.001234339,0.000863121,0.002414115,0.00217119,0.002254461,0.002118876,0.00269036,0.00248078,0.002786963,0.003369212,0.003852719,0.003832811,0.003592688,0.00366213,0.000755615,0.001056726,0.001415454,0.001661649,0.001698044,0.001669958,0.001871004,0.002091308,0.002043545,0.001543894,0.000939601,0.002984457,0.008494858,0.006636655,0.006020424,0.00165142,0.001670695,0.002863483,0.004213261,0.005251171,0.005477809,0.00464058,0.003936991,0.004005681,0.004984976,0.006554783,0.007874486,0.011246818,0.009630508,0.004925647,0.003412292,0.00320474,0.003616273,0.003837449,0.00387923,0.003688825,0.007314408,0.01197402,0.013810384,0.0115949,0.004711759,0.003867303,0.006368608,0.014452706,0.018579066,0.016567057,0.011451138,0.006978118,0.006307775,0.005011401,0.005990209,0.006745077,0.006609056,0.0084198,0.01190992,0.014412443,0.012517478,0.02096045,0.024889227,0.01977827,0.018234119,0.013115086,0.020943122,0.028724149,0.022389209,0.026640903,0.047819331,0.044180345,0.048142035,0.040433466,0.018245988,0.009409425,0.005358614,0.003996828,0.004532082,0.007204376,0.019417671,0.029993879,0.027977252,0.019426772,0.012530752,0.008487726,0.008697647,0.008659058,0.008700448,0.012893973,0.013425932
Head 0,504,0.000733375,0.000627126,0.000549394,0.000558633,0.000192582,0.00021625,0.000253681,0.000311403,0.000327017,0.000299301,0.000267536,0.000227801,0.000194869,0.000173061,0.000177616,0.000214404,0.000476157,0.000490164,0.000434846,0.000385612,0.000582938,0.000463238,0.000737365,0.001152547,0.001399685,0.001129809,0.000827028,0.000578575,0.000747257,0.000702356,0.000835409,0.000917365,0.004761565,0.004443733,0.004613284,0.005139852,0.006067878,0.00642541,0.00608893,0.005527286,0.000230226,0.000261057,0.000301676,0.000342033,0.000366438,0.000379396,0.000439202,0.000528423,0.000623727,0.000630432,0.0005068,0.001967022,0.008379223,0.007044133,0.006108142,0.002070631,0.00239313,0.004027916,0.005429074,0.006492201,0.007293168,0.006964247,0.006545724,0.00650855,0.007250323,0.008932036,0.011599581,0.028920913,0.027256664,0.012831923,0.00696054,0.005366622,0.005816535,0.006567501,0.006594311,0.003857492,0.005952928,0.008370179,0.015504344,0.015347194,0.007062895,0.00455189,0.003714611,0.00659672,0.012667121,0.01453314,0.006212417,0.009279089,0.008220864,0.004738812,0.00501281,0.006271968,0.007644183,0.007022442,0.011148929,0.013101389,0.011003572,0.014589855,0.020282667,0.02858193,0.025162699,0.015347692,0.013794388,0.023075039,0.020483375,0.017788898,0.030928534,0.031114783,0.033577569,0.030557018,0.017767454,0.012204867,0.008198329,0.005771374,0.004923832,0.006096164,0.015570119,0.027712798,0.033578545,0.026046311,0.013542091,0.006906783,0.006769093,0.007876568,0.007902969,0.014178856,0.018258508,0.009414055
Head 0,505,0.000750664,0.000644308,0.000556405,0.000206637,0.000190712,0.00020579,0.000266764,0.000316808,0.000321631,0.000297418,0.00025691,0.00021471,0.000177209,0.000159728,0.000163027,0.000489801,0.000526796,0.000513205,0.000458993,0.000527899,0.000402022,0.000531802,0.000813922,0.001214397,0.000974458,0.000857954,0.000645799,0.000729471,0.000601718,0.000629707,0.000663225,0.003537677,0.003587322,0.003857809,0.004210297,0.004945713,0.005533424,0.005818206,0.005857116,0.000206123,0.000237806,0.000278074,0.000322826,0.000357961,0.00036977,0.000402248,0.000446344,0.000519821,0.000589303,0.000573489,0.002345402,0.009497735,0.007793536,0.006085813,0.001726989,0.002073984,0.00347529,0.004586992,0.005297494,0.005888886,0.005943879,0.005996949,0.006086819,0.00635883,0.00697538,0.008698313,0.026299857,0.032778874,0.018683137,0.009944665,0.006313229,0.005580365,0.005799511,0.006197913,0.004055002,0.006828608,0.0095283,0.016832877,0.017610716,0.009026225,0.006129084,0.004132059,0.006675758,0.010744507,0.013326068,0.006075862,0.012957979,0.011538438,0.005474315,0.004486158,0.005056652,0.007123138,0.007630877,0.014781073,0.017698945,0.011348028,0.011883685,0.013946328,0.022385601,0.022815948,0.015050228,0.014675773,0.021618677,0.018729176,0.015700161,0.029948654,0.034483019,0.02662725,0.022250768,0.01384473,0.012155753,0.010856849,0.008507781,0.006025997,0.00679214,0.013666695,0.022936275,0.033222146,0.030119091,0.0167519,0.006992828,0.005566025,0.00620934,0.007005311,0.01632609,0.027632838,0.012237849,0.006583377
Head 0,506,0.000760852,0.00065481,0.000271462,0.000208639,0.000189507,0.000230744,0.000298984,0.000348398,0.000344195,0.000301174,0.000244358,0.000193357,0.000164522,0.000149887,0.000568293,0.000563258,0.000547156,0.000505508,0.000424753,0.000410588,0.000461731,0.000607863,0.000906025,0.000772247,0.000771937,0.000663012,0.000642521,0.000537292,0.000509586,0.00047692,0.002386659,0.002557773,0.003010591,0.003455725,0.004005714,0.004430714,0.00485103,0.005346756,0.000202083,0.00023041,0.000263272,0.000298801,0.000331966,0.000356021,0.000398837,0.000433863,0.000478314,0.000535155,0.000572254,0.002759592,0.009496259,0.008196375,0.006496641,0.001481576,0.001762017,0.003026838,0.004068507,0.004658815,0.004877428,0.004774847,0.004926989,0.00535355,0.005897467,0.006215013,0.007048056,0.020065557,0.030394476,0.023191879,0.015020241,0.009202851,0.006573857,0.005482891,0.005509338,0.003769579,0.007281104,0.011466333,0.019411461,0.019988256,0.010458304,0.008074326,0.004490636,0.007461209,0.011007213,0.012206358,0.005590943,0.015098408,0.016429279,0.008295597,0.005727203,0.004977494,0.006210606,0.006773567,0.015871491,0.023037642,0.015545453,0.012792192,0.011077857,0.016588958,0.01866216,0.014816836,0.016123459,0.0225338,0.01748229,0.013387539,0.025367154,0.032900043,0.024672717,0.018897662,0.010707053,0.009698522,0.010776543,0.011173159,0.008703643,0.009605405,0.015552756,0.020731661,0.027675316,0.025399435,0.018279478,0.008061139,0.005541208,0.005085277,0.006019817,0.015275415,0.033851866,0.016795678,0.008189556,0.004045387
Head 0,507,0.000748271,0.00037298,0.000252104,0.000179566,0.000172995,0.00021264,0.000281134,0.000335657,0.000340001,0.000290639,0.000227061,0.000184593,0.000157017,0.000637829,0.000649212,0.000625963,0.000571314,0.000331441,0.000425958,0.000428545,0.000484623,0.000649528,0.000668007,0.00070608,0.000685394,0.000539745,0.000529717,0.00052457,0.000459908,0.002060652,0.002014684,0.00240047,0.002956718,0.003588069,0.003974985,0.004303048,0.004797852,0.000207797,0.000241537,0.000278216,0.000307287,0.000318229,0.000320182,0.00035313,0.000387961,0.000434205,0.000496002,0.000571589,0.00282583,0.010135476,0.008611923,0.006723904,0.00140134,0.001487523,0.002522498,0.003528906,0.004390228,0.004753875,0.004504222,0.004371289,0.004623334,0.005266647,0.005698365,0.006252464,0.014280552,0.022825774,0.021713136,0.019262444,0.014568558,0.010008731,0.006519378,0.0049987,0.003182085,0.006488865,0.012239691,0.022549044,0.023648571,0.010810088,0.008364823,0.003916691,0.00719591,0.011759499,0.011612004,0.005387479,0.013355366,0.017300451,0.010422906,0.007468616,0.005496564,0.005379681,0.005376435,0.013741389,0.024643516,0.022386665,0.016867694,0.011782777,0.012953226,0.013186692,0.012003775,0.015393999,0.027968524,0.021540495,0.013627254,0.022806061,0.02710383,0.022650855,0.017506963,0.009414498,0.007934866,0.00933018,0.012088038,0.012278813,0.01272126,0.02052699,0.023536546,0.025825957,0.020000994,0.017515723,0.009502323,0.006741136,0.00516508,0.005331391,0.011849472,0.02826657,0.019632956,0.011109231,0.005019909,0.004129383
Head 0,508,0.000917418,0.000825357,0.000647235,0.000549311,0.000536106,0.00061807,0.00075886,0.000849402,0.000812768,0.000669833,0.000492364,0.000324144,0.000464078,0.000387732,0.000344368,0.000363196,0.000244404,0.000377252,0.000377545,0.000351002,0.000364972,0.000886431,0.000893685,0.001045402,0.002037335,0.002396818,0.002477009,0.001905476,0.001475704,0.00101729,0.000924057,0.000969583,0.001101081,0.001241779,0.001433919,0.001744926,0.000286544,0.000316357,0.000390043,0.000515656,0.000696604,0.000950926,0.001330505,0.001622474,0.001736763,0.001697703,0.001666276,0.004066678,0.013820563,0.012623366,0.010246593,0.00215644,0.00193249,0.002728626,0.002994916,0.002949567,0.00273827,0.002355875,0.002175784,0.002283336,0.00265727,0.002885757,0.00296242,0.004975963,0.006532681,0.006329201,0.007632189,0.009139673,0.009113407,0.006622424,0.004381701,0.002334456,0.004360972,0.007807149,0.010118137,0.01234457,0.00560275,0.005357957,0.003849305,0.008453583,0.011637229,0.009531149,0.007165242,0.010512499,0.016641496,0.014623171,0.013532704,0.009682328,0.006760472,0.008215089,0.0154805,0.02613881,0.018678134,0.026975403,0.017791884,0.011736158,0.00928798,0.007389925,0.012337583,0.020752434,0.019597724,0.019719727,0.041574482,0.043503385,0.032052059,0.01983746,0.008768543,0.006920896,0.008666555,0.013958684,0.022244679,0.026820501,0.041625272,0.033003706,0.022155438,0.010309638,0.00945675,0.007484716,0.00749903,0.006560258,0.006465678,0.012228911,0.020575566,0.018366832,0.013188295,0.007276151,0.006764191,0.007934846
Head 0,509,0.000935122,0.000834197,0.000668629,0.000534809,0.000506578,0.000587172,0.000705545,0.000803548,0.000819916,0.000733918,0.000563944,0.000514314,0.000438452,0.000367027,0.000366394,0.000204084,0.000392563,0.000420964,0.000387961,0.000346715,0.000979302,0.000893368,0.000960412,0.001539906,0.002065356,0.002675417,0.002545597,0.002217487,0.00133702,0.001021983,0.00094214,0.001007265,0.001107367,0.001254432,0.001495817,0.000319275,0.000341378,0.000395891,0.000483006,0.000593319,0.000751445,0.001044697,0.001358959,0.001601489,0.00163812,0.001554296,0.003590795,0.011970824,0.010979838,0.009557174,0.002379247,0.002087958,0.002845637,0.003045683,0.002965768,0.002807911,0.002357289,0.002066662,0.0020454,0.00231134,0.002646599,0.002916872,0.004864108,0.005325383,0.004258306,0.005021864,0.007440587,0.010196664,0.00939351,0.006269392,0.002681474,0.00415692,0.006289108,0.008481997,0.010281743,0.004642553,0.004229814,0.003100421,0.006961478,0.012685008,0.010016496,0.006198526,0.007026343,0.009904704,0.00952733,0.011794668,0.011279031,0.008498905,0.007755298,0.012144657,0.017990327,0.01382285,0.025104942,0.020887224,0.012595174,0.008544595,0.005664172,0.008515511,0.016546361,0.018039675,0.01925667,0.04186536,0.04057692,0.034757551,0.022559039,0.009986044,0.0070268,0.007197853,0.010230341,0.018978585,0.027560439,0.058371797,0.05415383,0.033195361,0.012792614,0.008568073,0.006546485,0.007723238,0.007990976,0.007403405,0.012492522,0.016308054,0.015799964,0.012386632,0.008032778,0.00786929,0.009089275,0.013311331
Head 0,510,0.000822211,0.00077715,0.000609806,0.000498955,0.000502215,0.000570369,0.000681759,0.000784964,0.000816808,0.000740447,0.00061054,0.000546117,0.000443791,0.000401579,0.000178975,0.000383431,0.000440023,0.000453809,0.000421413,0.000951461,0.000874416,0.000849564,0.001176119,0.00148352,0.002137989,0.002524909,0.003145403,0.001910871,0.001299376,0.001029107,0.00098558,0.001030375,0.00113518,0.001317689,0.000364253,0.000388551,0.0004326,0.000491063,0.000551713,0.000628388,0.000814076,0.001078521,0.001417532,0.001646692,0.001627231,0.003808912,0.011181207,0.00957795,0.008242832,0.002625614,0.002396098,0.003155866,0.003287444,0.003052555,0.002870722,0.002390635,0.002028998,0.001862435,0.001915761,0.002168189,0.002602589,0.005034068,0.005268681,0.003442178,0.003295333,0.004745425,0.007910555,0.009895965,0.008124268,0.003462728,0.004769671,0.005692391,0.007146547,0.008094755,0.003820249,0.003252567,0.002730058,0.005823371,0.01223808,0.011071354,0.005746827,0.006204525,0.006710311,0.005591582,0.00773677,0.010235596,0.010495797,0.00912916,0.012925191,0.015033418,0.009245133,0.018701272,0.019882696,0.013100292,0.008981332,0.004972925,0.006570254,0.011758924,0.013695835,0.015924979,0.038053166,0.038578272,0.030834487,0.021663813,0.010665417,0.007855052,0.007074113,0.007820453,0.012680255,0.024055824,0.06317509,0.076842219,0.05493886,0.020612504,0.009361302,0.005356341,0.006118586,0.007474119,0.008475827,0.01550265,0.017735505,0.014043433,0.010347027,0.007531869,0.00835321,0.01035003,0.016249446,0.014645769
Head 0,511,0.000494315,0.000350798,0.000222077,0.000160713,0.000154123,0.000190944,0.000252084,0.000319742,0.000351272,0.000356511,0.000384976,0.00044909,0.00055536,0.00023815,0.000647311,0.000675267,0.00064655,0.000586279,0.000629055,0.000617722,0.000589196,0.000262734,0.000267814,0.000356249,0.000467526,0.003758703,0.003198371,0.002621558,0.002167691,0.002051253,0.002199529,0.00257575,0.003155307,0.000241226,0.000259854,0.00028904,0.000334458,0.000376216,0.00038468,0.000385156,0.000360436,0.000342737,0.00034038,0.000351326,0.002747324,0.008160161,0.00818202,0.007165428,0.001775606,0.00176721,0.002282728,0.002314099,0.002154669,0.002222548,0.002332591,0.002632326,0.003004777,0.003236633,0.003432292,0.003892647,0.010001652,0.011122112,0.007281099,0.005812943,0.006810028,0.010982555,0.016382471,0.017030116,0.006094139,0.008164488,0.008804329,0.012321865,0.014329247,0.008578562,0.00727367,0.003697705,0.00586338,0.014089502,0.013306,0.004210529,0.008656551,0.008310006,0.00499808,0.004854415,0.005841283,0.007539863,0.00452413,0.008271933,0.011547725,0.011782236,0.01191789,0.013587745,0.02202652,0.01533605,0.006866862,0.005950764,0.010977352,0.013278105,0.011166679,0.028874755,0.034273926,0.035828292,0.02154454,0.010182277,0.007627671,0.007061949,0.007425237,0.00881433,0.012184396,0.028920021,0.043218307,0.04840276,0.040369533,0.019526042,0.00859366,0.007578963,0.008653253,0.008412663,0.017759262,0.026234899,0.016262233,0.009212919,0.006072991,0.007628534,0.009135904,0.018116681,0.019450584,0.010120265
Head 0,512,0.000414977,0.000306518,0.000206294,0.000164304,0.000171583,0.00021311,0.000285008,0.000340979,0.000407334,0.000378306,0.000402808,0.000489336,0.000217775,0.000624364,0.000660595,0.000634432,0.000593742,0.000446132,0.000493847,0.00051217,0.000229922,0.000207118,0.000235731,0.000282103,0.002755994,0.002848052,0.002719668,0.00229716,0.001907857,0.00175049,0.001851565,0.002216879,0.000250662,0.000262293,0.000274186,0.000290403,0.000308966,0.00031962,0.000331682,0.000315451,0.000292572,0.000285235,0.00030359,0.003235668,0.007686735,0.007750221,0.00706173,0.001651863,0.001787298,0.002525926,0.002686127,0.002342603,0.002058688,0.001905312,0.002062628,0.002460004,0.002766401,0.002854952,0.003009624,0.007477997,0.009703237,0.007401178,0.005938102,0.005857041,0.00782634,0.011445087,0.014900871,0.006256161,0.010542457,0.011997635,0.014627552,0.013566393,0.007566689,0.006981339,0.003899566,0.006520808,0.014865432,0.014051486,0.003585939,0.010985652,0.011012899,0.006312662,0.004974348,0.005028228,0.006691244,0.004340224,0.009374307,0.014263283,0.014509778,0.011213323,0.010870932,0.020940321,0.018820524,0.009971403,0.007457791,0.011757218,0.010749931,0.007366557,0.01929518,0.028303761,0.035586372,0.020938734,0.008766874,0.006386646,0.006403877,0.007365122,0.008294646,0.013681713,0.028927268,0.040426455,0.046692614,0.046559237,0.024762526,0.009486352,0.006210405,0.00557847,0.007105465,0.017389216,0.033287939,0.01902079,0.009025147,0.004697246,0.005751232,0.008030922,0.020507729,0.02841947,0.01216378,0.004936255
Head 0,513,0.000382359,0.000278844,0.000196921,0.000163807,0.00017056,0.000221019,0.000292644,0.000514332,0.000426825,0.000380147,0.000405137,0.000226378,0.000550846,0.000657965,0.000683176,0.000653533,0.000345488,0.000391389,0.000428379,0.000210149,0.000190302,0.000198066,0.000207674,0.001935847,0.002247311,0.002604598,0.002596409,0.002188273,0.001778883,0.001590064,0.001678302,0.000274778,0.000293889,0.000304345,0.000300387,0.000287308,0.000282117,0.00030292,0.000311598,0.000300657,0.000283641,0.000284248,0.003287551,0.007115452,0.006697293,0.006252756,0.001581456,0.001677611,0.002545865,0.003020362,0.002818886,0.002315733,0.001846278,0.001725424,0.001964155,0.002356169,0.002621716,0.002760961,0.005755914,0.00769472,0.006547192,0.005844372,0.005601164,0.00631729,0.007808646,0.01026957,0.005170844,0.011153705,0.016015582,0.021835243,0.01607538,0.00677935,0.005782402,0.003585229,0.006866942,0.016459931,0.015508399,0.003463338,0.011585609,0.01242441,0.0077188,0.00576629,0.004853311,0.005431706,0.003649528,0.008383729,0.01426701,0.018646929,0.011963959,0.01006059,0.017498452,0.017836208,0.012085604,0.009085211,0.01557407,0.011037507,0.005929958,0.013071136,0.019548554,0.033941127,0.02349852,0.009473448,0.006089875,0.005620655,0.006629934,0.007851287,0.014616002,0.031674396,0.043181308,0.046381619,0.047274884,0.030380026,0.012935375,0.007549873,0.005085382,0.006404987,0.014367167,0.030403344,0.021008579,0.010308047,0.004505239,0.004600268,0.006112257,0.016565392,0.028882083,0.015658366,0.005874762,0.003562912
Head 0,514,0.000345867,0.000258966,0.00018446,0.000149118,0.000158116,0.000202105,0.000592353,0.000532859,0.000434619,0.000383834,0.000270664,0.000423442,0.000554833,0.000665263,0.000717415,0.000287374,0.000316968,0.000346073,0.00018714,0.000179898,0.000186003,0.000177493,0.001405855,0.001594985,0.002061403,0.002514868,0.002546739,0.00212729,0.001699378,0.001511038,0.000272094,0.000305654,0.000337651,0.000339428,0.000302266,0.000264119,0.000267697,0.000286574,0.000302658,0.000300351,0.000291546,0.002917626,0.00763074,0.006145106,0.005154292,0.001615544,0.001531584,0.002278732,0.002892171,0.0030854,0.002743188,0.002082238,0.001659753,0.001602555,0.001849179,0.002195587,0.002504626,0.004847087,0.006294212,0.0054429,0.005318708,0.005460288,0.005758578,0.005901383,0.006527491,0.003724038,0.009252287,0.017434223,0.035150751,0.025115162,0.007736343,0.00507763,0.002950923,0.005957771,0.016050581,0.01688765,0.003839981,0.011934428,0.012641323,0.008134616,0.006386674,0.005056895,0.00475385,0.003237368,0.007171938,0.012583618,0.022139879,0.012613021,0.010273873,0.015187557,0.014388978,0.011096668,0.009317238,0.021314915,0.014267329,0.006351899,0.011118541,0.013599835,0.025467407,0.022582926,0.01078156,0.006965521,0.005791907,0.006188652,0.00714854,0.013196328,0.031413652,0.047292594,0.0517423,0.043871447,0.032964118,0.017049907,0.010996983,0.006476585,0.006956725,0.012982786,0.025337761,0.019744279,0.011762146,0.005175858,0.004514128,0.005159994,0.012214878,0.022052294,0.016654678,0.007144415,0.004195401,0.003700982
Head 0,515,0.00035053,0.000268806,0.000189866,0.000156774,0.000162871,0.000535411,0.00059466,0.000536209,0.000440809,0.000363707,0.000339933,0.000421285,0.000539646,0.000671987,0.000268781,0.000286301,0.000305706,0.000168304,0.000174476,0.000191734,0.000180874,0.001164351,0.001150542,0.001411014,0.001882811,0.002407756,0.002387233,0.001990205,0.001613348,0.000255205,0.000286149,0.000337712,0.00037233,0.000342384,0.000276612,0.000248786,0.000249745,0.00027361,0.000295652,0.000300943,0.00242954,0.009237067,0.00682609,0.004884258,0.001858183,0.001584075,0.002121384,0.002532648,0.00287594,0.002953742,0.002437754,0.001859016,0.001519498,0.001519621,0.001728826,0.002085487,0.00422329,0.005186186,0.004347542,0.004433481,0.00514661,0.005900245,0.005723156,0.005182192,0.002890375,0.00678036,0.014563325,0.044653185,0.040502176,0.011607395,0.005982509,0.002726665,0.004849087,0.013384881,0.016315812,0.004506733,0.013065357,0.013445503,0.008464598,0.007135718,0.005949609,0.005172017,0.003242608,0.006369004,0.010616018,0.022199649,0.01231325,0.010836419,0.015919916,0.012323809,0.008946178,0.007939751,0.024798036,0.020115528,0.008194678,0.012475685,0.011479661,0.017536145,0.017171638,0.010481597,0.0080504,0.006847154,0.006689002,0.007108526,0.010839678,0.026621452,0.044866297,0.055182856,0.037938114,0.03087705,0.019112715,0.015643552,0.010173393,0.008607429,0.013703741,0.02227914,0.015742412,0.011624437,0.00618631,0.005535809,0.005590186,0.010887794,0.016436709,0.014566797,0.007607836,0.005121067,0.004431917,0.003782438
Head 0,516,0.000331516,0.000248463,0.000181535,0.000151079,0.000456947,0.000595898,0.000648925,0.000570892,0.00041742,0.000341269,0.000360294,0.00044215,0.000598229,0.000248475,0.000253823,0.000257209,0.000136546,0.000145574,0.000170018,0.000170202,0.001152774,0.001015484,0.00108362,0.001362621,0.001962868,0.002346365,0.002293578,0.001952488,0.0002775,0.000290075,0.000340314,0.000404464,0.000411125,0.000337989,0.000278395,0.000248746,0.000258817,0.000290764,0.000316762,0.002279406,0.010379669,0.008066496,0.005314183,0.002257993,0.001925107,0.002370533,0.002496266,0.002666962,0.002944885,0.002756833,0.002263991,0.00172841,0.001485596,0.001471821,0.001722378,0.00415722,0.004873928,0.003818587,0.003621542,0.004306014,0.005501516,0.005855964,0.005041754,0.002567887,0.00516139,0.010481658,0.038820356,0.048824016,0.016952541,0.008307635,0.002987022,0.004337746,0.010436372,0.013591404,0.004787588,0.013775488,0.014225966,0.008376789,0.00720424,0.006673321,0.006266268,0.003578591,0.006444152,0.009865602,0.01880442,0.011263203,0.011049515,0.019318826,0.013040204,0.007886323,0.006702363,0.022709131,0.023776047,0.010245902,0.016422234,0.012984708,0.014149494,0.012230917,0.008416703,0.008003466,0.007889551,0.007626954,0.007351109,0.009244433,0.021727921,0.038648654,0.055615254,0.034639634,0.027964987,0.018061407,0.017920127,0.014952251,0.011059375,0.017438915,0.024757672,0.013199102,0.010066616,0.006475326,0.006827801,0.007157102,0.01276047,0.01555298,0.012310328,0.007175238,0.005916857,0.005802033,0.004800689,0.003729479
Head 0,517,0.000351926,0.000276532,0.000201306,0.000359098,0.000476257,0.000619268,0.000671501,0.000445506,0.000415332,0.000363564,0.00037524,0.000484937,0.000268877,0.000261385,0.000252802,0.000124595,0.000134397,0.000161877,0.000173529,0.001239893,0.001042812,0.000978876,0.001054339,0.001466249,0.001934908,0.002285443,0.002291739,0.00033975,0.000314223,0.000333148,0.000391498,0.000437252,0.000404259,0.000338969,0.000275467,0.000252921,0.000268754,0.0003068,0.002418998,0.010608308,0.010009624,0.007058264,0.002525491,0.002423791,0.003064933,0.002918961,0.002693372,0.002802088,0.002810108,0.002656973,0.002196992,0.001782391,0.001503269,0.001533484,0.003843704,0.004488717,0.00351779,0.003115316,0.003509307,0.004713815,0.005803568,0.005595959,0.002731271,0.004931551,0.008728371,0.027903734,0.045041341,0.021971745,0.013235621,0.004186246,0.005252403,0.0097227,0.011120593,0.004458825,0.013999949,0.016023153,0.009297324,0.007586647,0.007154877,0.00739883,0.003595531,0.006397975,0.009669492,0.015461685,0.009972868,0.010097994,0.02347054,0.01620568,0.008701365,0.006240933,0.018842367,0.022750789,0.010620883,0.020094836,0.016849104,0.015559102,0.009971475,0.006103145,0.006447027,0.007942027,0.009130612,0.008990723,0.009486725,0.019560337,0.031062912,0.046614353,0.031939644,0.025513325,0.0160204,0.01680582,0.017290061,0.012195358,0.021234455,0.030493846,0.0131356,0.008502574,0.005588615,0.006956118,0.008562311,0.016742971,0.018761948,0.011626763,0.005997984,0.005439471,0.006542071,0.006157835,0.004657343,0.003279368
Head 0,518,0.000594324,0.000596873,0.000513856,0.000617559,0.000779931,0.001011087,0.000814888,0.000981546,0.000841814,0.000683636,0.000598581,0.000405316,0.000267398,0.000185881,0.000258554,0.000286533,0.000367618,0.000464102,0.001296642,0.001167634,0.001056688,0.000955862,0.001073599,0.001271318,0.001548822,0.001726056,0.000497903,0.000431307,0.000389884,0.000402025,0.000456389,0.000509608,0.000536493,0.000497272,0.000443677,0.00040915,0.000395086,0.00118523,0.005494643,0.00682135,0.006930161,0.001756761,0.002453811,0.004199941,0.004850672,0.004245901,0.003808568,0.003698158,0.003760071,0.003578176,0.003084848,0.002362314,0.00198266,0.003678355,0.003608922,0.002076127,0.001374964,0.001224972,0.001576578,0.002306907,0.002926367,0.001670138,0.003116937,0.004376702,0.008093127,0.012087489,0.007383643,0.00694422,0.003394204,0.005025924,0.007295217,0.005733054,0.002232085,0.005114197,0.005954292,0.003757736,0.003680035,0.00433793,0.005772415,0.004043019,0.008406109,0.011563075,0.009378429,0.012476934,0.014100487,0.024403058,0.019731525,0.010044218,0.010028318,0.009786784,0.009959768,0.012719605,0.02652448,0.025975507,0.015096026,0.008633646,0.00439352,0.004202264,0.005311313,0.006999997,0.00878802,0.01718362,0.042865079,0.063794948,0.079886071,0.037725404,0.022772241,0.011657079,0.012232245,0.0159341,0.020175492,0.039682128,0.042577732,0.012925129,0.005616783,0.003222233,0.004226293,0.007851503,0.017795535,0.020723755,0.012529484,0.005669877,0.005184029,0.00687567,0.00761248,0.006499243,0.005454486,0.008470542
Head 0,519,0.000646488,0.000610358,0.000645609,0.000717849,0.000920241,0.000635714,0.001158907,0.001106031,0.000917462,0.000769224,0.000671267,0.000438193,0.000276728,0.000278638,0.000286455,0.000336267,0.000411824,0.001168731,0.001148677,0.00110632,0.000968801,0.000944066,0.000988499,0.001191892,0.001501142,0.00064694,0.000605052,0.000509741,0.000444383,0.00042425,0.000456569,0.000527849,0.000556351,0.00053667,0.000494129,0.000463189,0.001516621,0.004119399,0.005041969,0.005808641,0.001280108,0.001926988,0.003823089,0.005146463,0.004776121,0.003909111,0.003354597,0.003266768,0.003415641,0.003358405,0.002776446,0.002283507,0.003821727,0.004272378,0.002738524,0.001827181,0.001379495,0.001393541,0.001751412,0.002350933,0.001509528,0.003227313,0.00460176,0.006703689,0.008001424,0.004794974,0.005706131,0.003405867,0.006511325,0.010466999,0.006976127,0.002034851,0.004564108,0.005145943,0.003312877,0.003051129,0.0033042,0.004500463,0.003113666,0.007250036,0.010559909,0.008257543,0.010043772,0.010170681,0.016948963,0.018070869,0.01174267,0.010958559,0.010703039,0.008222786,0.009358049,0.020134512,0.024767328,0.01679047,0.009582426,0.004050687,0.003229155,0.003933465,0.005738159,0.008119077,0.016880104,0.043287195,0.061125144,0.070115857,0.041466214,0.024620248,0.011499013,0.009985594,0.01189185,0.018685631,0.04384489,0.06089123,0.026846018,0.009492224,0.003882778,0.003974655,0.006591476,0.0158491,0.022403611,0.015259418,0.006035764,0.004798243,0.0063071,0.007552349,0.007189455,0.006193954,0.010185485,0.012731288
Head 0,520,0.000706135,0.00076327,0.000748246,0.000845732,0.000576117,0.001142404,0.001281459,0.001202802,0.001036218,0.000987141,0.000689942,0.000436035,0.000335925,0.000323196,0.000344193,0.000383911,0.001006321,0.001027511,0.001093279,0.001039569,0.000966498,0.000881798,0.000922813,0.001105923,0.000678259,0.000782096,0.00072318,0.000591065,0.000463085,0.000417136,0.000464379,0.000534753,0.000585468,0.000577178,0.000540388,0.001722618,0.003600681,0.003656421,0.00411691,0.000954183,0.001319141,0.002756533,0.004453007,0.005037066,0.004334576,0.003390376,0.002888987,0.002916654,0.003108799,0.0029302,0.002578764,0.003501374,0.004304036,0.003130852,0.002372063,0.001765277,0.001464758,0.001399771,0.001631077,0.001158211,0.002876734,0.004778615,0.007151151,0.006576601,0.003013122,0.00356862,0.002500218,0.00642558,0.014263002,0.009695197,0.002177763,0.004488202,0.004496587,0.002905481,0.002629647,0.002595546,0.003237024,0.002367446,0.005961291,0.009240109,0.009135499,0.008827452,0.007935307,0.010176389,0.012354063,0.010686981,0.011220608,0.014370929,0.008858965,0.00772614,0.014567601,0.018475372,0.015352203,0.010696061,0.00444017,0.002947446,0.003008807,0.004152525,0.006327293,0.013872581,0.040341593,0.061463721,0.067120217,0.043450855,0.026739677,0.012455574,0.009398992,0.008985084,0.016935315,0.041227777,0.068465605,0.047531337,0.018032894,0.005912881,0.004371535,0.005587117,0.012105983,0.019460689,0.016855206,0.006858549,0.004873543,0.005771792,0.006792636,0.007029121,0.006617294,0.01149499,0.01552895,0.015814986
Head 0,521,0.000534863,0.000485689,0.000467095,0.000182386,0.000557332,0.000701334,0.000760442,0.000696818,0.000522552,0.000446774,0.000340059,8.59E-05,8.78E-05,0.000104472,0.000118327,0.001290114,0.001149716,0.001096067,0.001028212,0.000937592,0.00080695,0.000748542,0.00081205,0.000578726,0.000710515,0.000720334,0.000602521,0.000430753,0.00032073,0.000306246,0.00033478,0.000377844,0.000379937,0.000346514,0.004038032,0.004782254,0.00398514,0.003836103,0.001690375,0.00165815,0.002691185,0.003648547,0.004009618,0.003537659,0.002522947,0.001846398,0.001600903,0.001641086,0.001733863,0.001771743,0.003186288,0.003392533,0.002560375,0.002313682,0.002415106,0.002672912,0.002784688,0.002879306,0.001534006,0.003296756,0.005915864,0.01394473,0.013296284,0.005447084,0.005129671,0.002905458,0.00775023,0.031211533,0.025526125,0.004278682,0.008766876,0.007915374,0.005373281,0.005406735,0.005557974,0.005865426,0.002224165,0.003860669,0.005672475,0.012303916,0.00666794,0.006443747,0.010246684,0.009850695,0.007632513,0.004665561,0.017428908,0.013451342,0.005043241,0.010049006,0.01175397,0.022978636,0.017085105,0.006687526,0.003626846,0.002782531,0.003048104,0.004718588,0.007549747,0.02671268,0.048085645,0.052342106,0.040091958,0.023596816,0.012792245,0.010885576,0.009795073,0.012044105,0.02389084,0.042959858,0.050930072,0.028401487,0.011347104,0.007645279,0.006694014,0.013304884,0.020832788,0.023624135,0.009551202,0.005669601,0.005231373,0.004963703,0.005084652,0.005167291,0.009548629,0.017027669,0.020513434,0.0101029
Head 0,522,0.000812402,0.000871742,0.000569499,0.000856514,0.001059715,0.001312881,0.001466511,0.001015666,0.000909115,0.000688277,0.000308295,0.000279096,0.000286002,0.000286602,0.001028038,0.000863976,0.000857318,0.000940392,0.001109984,0.001131418,0.001052746,0.000978985,0.000445925,0.000727489,0.001044289,0.001199935,0.000985313,0.000650224,0.000486234,0.000449182,0.000508335,0.000595444,0.000622458,0.001377688,0.005073837,0.003572768,0.002659754,0.000967197,0.000894507,0.001340379,0.002084281,0.003192123,0.004262252,0.004380147,0.003631111,0.002905007,0.002668199,0.002704581,0.002992864,0.003428192,0.00406149,0.002989725,0.002756352,0.002842442,0.002770807,0.002068319,0.001376739,0.000760852,0.001478411,0.002762635,0.007157774,0.00782135,0.002662764,0.0020072,0.0011777,0.00310264,0.012684225,0.01465104,0.003587238,0.007096299,0.005225862,0.002712141,0.00246675,0.00249825,0.002640482,0.002082932,0.004553844,0.006579132,0.011003069,0.007857412,0.007865524,0.008024652,0.00669807,0.00553262,0.007930945,0.022420371,0.020280428,0.013193612,0.019998135,0.016025294,0.009946328,0.009382032,0.006102462,0.004588312,0.003665504,0.003347119,0.004020051,0.007006132,0.022524279,0.047627557,0.067420654,0.034712967,0.022255586,0.011805996,0.010674414,0.009620982,0.022268258,0.046386387,0.066474833,0.039660148,0.029008636,0.014449946,0.010063586,0.00961828,0.012237044,0.012902888,0.009094522,0.00561041,0.004951075,0.005351597,0.00519008,0.004874378,0.005233451,0.010688192,0.022135446,0.030280335,0.014077918,0.008801819
Head 0,523,0.001020163,0.000746378,0.000940284,0.001026434,0.00124376,0.001560192,0.000897123,0.000975034,0.000927006,0.000465317,0.000379017,0.000356836,0.000341854,0.0011727,0.000969145,0.000879432,0.000888326,0.00106535,0.001183741,0.001182562,0.001082509,0.000315499,0.000526577,0.000883917,0.001326309,0.001416677,0.001040147,0.000693995,0.000510045,0.000481445,0.000550427,0.000638031,0.001351277,0.006248988,0.004720604,0.003057207,0.001210716,0.001056401,0.001288001,0.001603876,0.002189138,0.003174034,0.004007883,0.003999182,0.003366222,0.002797012,0.002513329,0.002704255,0.003369995,0.004004067,0.00293825,0.002650478,0.002922017,0.003393772,0.002997276,0.002030779,0.000889434,0.001466136,0.002369848,0.006077917,0.008008882,0.003086792,0.002126942,0.001096234,0.002373244,0.008507599,0.012371927,0.003786945,0.010686772,0.007902235,0.003311288,0.002496221,0.002392129,0.002615859,0.002209455,0.004899221,0.006786881,0.009749337,0.006699964,0.006906333,0.008783548,0.006173927,0.004014171,0.006021115,0.016379271,0.020063717,0.013817849,0.024679299,0.018647978,0.009058436,0.007027762,0.005056436,0.004813241,0.004555793,0.004017639,0.003990359,0.005984745,0.015575842,0.032586146,0.05601415,0.036236864,0.024522949,0.012400669,0.011313607,0.011052492,0.022559939,0.050282881,0.070777901,0.03084234,0.025666218,0.017308777,0.017599985,0.014746316,0.018614827,0.015211558,0.008231441,0.005011319,0.005192877,0.006635161,0.006648725,0.005434454,0.004967511,0.007694736,0.017036613,0.028865803,0.017263329,0.011248881,0.013271809
Head 0,524,0.000796187,0.001130385,0.001111672,0.001179359,0.001440327,0.000739612,0.000867266,0.000989193,0.000667266,0.00052144,0.000449733,0.000401042,0.001294672,0.001114055,0.000969213,0.000877563,0.000972082,0.001107024,0.001224659,0.001224316,0.000257816,0.000376678,0.00062085,0.001076032,0.001524845,0.001504964,0.001119851,0.000734523,0.00054655,0.000519136,0.000585868,0.001380758,0.006071558,0.005952761,0.00417241,0.00142428,0.001352536,0.00155123,0.001591641,0.001728588,0.00224101,0.00309548,0.003818761,0.003907128,0.003381911,0.002748226,0.0026019,0.003394586,0.003973376,0.002981775,0.002592331,0.002766832,0.003473555,0.003689822,0.002981358,0.001090881,0.001637251,0.00223951,0.004559938,0.006673119,0.003279646,0.002589786,0.001251276,0.002302173,0.005975359,0.008315793,0.0030407,0.012615443,0.011759585,0.004825493,0.003038469,0.002474959,0.002600309,0.002120683,0.00490422,0.0071455,0.008149835,0.006067309,0.0059142,0.010174688,0.007090757,0.003930606,0.005372432,0.010752824,0.015064775,0.012506788,0.028291641,0.024671912,0.011560773,0.00639923,0.003945223,0.004098232,0.00487989,0.005136071,0.004967853,0.007147124,0.013575336,0.022053232,0.037208315,0.030523945,0.023978474,0.012424598,0.01102264,0.011423739,0.020786986,0.051199906,0.077369332,0.025142612,0.018973636,0.014359936,0.020842209,0.020451874,0.031299442,0.02388571,0.009493613,0.004425192,0.004455846,0.00665132,0.007944374,0.006745236,0.00540925,0.006727511,0.012933094,0.022722717,0.018564247,0.01401178,0.017636303,0.014377382
Head 0,525,0.001227715,0.001279797,0.001231097,0.001314571,0.000636335,0.000684963,0.00083719,0.000825918,0.000687986,0.000571606,0.000467266,0.001320142,0.001188796,0.00107452,0.000933987,0.000919794,0.000976793,0.001114452,0.001235161,0.000249082,0.000302291,0.000430517,0.000721186,0.001182935,0.001606119,0.001607855,0.00117653,0.000772344,0.000572425,0.000534674,0.001384042,0.004433914,0.00565032,0.00507238,0.001367009,0.00148832,0.001872643,0.001828461,0.001640793,0.001677896,0.002102913,0.002809442,0.003558557,0.003717494,0.003154146,0.00270656,0.003484777,0.003888336,0.002956531,0.002569929,0.002599085,0.003173957,0.003657745,0.003598891,0.001222266,0.001901764,0.002409954,0.003877502,0.005073709,0.002742331,0.002651912,0.001330555,0.002500208,0.005278193,0.005673567,0.001998453,0.010454226,0.013717627,0.007002106,0.004342716,0.002965681,0.002665817,0.001776273,0.00425773,0.00685402,0.007162484,0.005916005,0.00509759,0.01049279,0.008182548,0.004527166,0.005134528,0.008032825,0.009914017,0.00941537,0.025417607,0.028037587,0.018157989,0.007915568,0.00354437,0.003135056,0.004058056,0.005397923,0.006257544,0.010620664,0.016883019,0.019641586,0.025220715,0.022132739,0.020405229,0.011907985,0.010364366,0.010430842,0.017430047,0.04566415,0.075969562,0.023817219,0.014515725,0.009687084,0.015930314,0.022192786,0.045023583,0.040225782,0.015319294,0.004858728,0.003750167,0.005407407,0.007587261,0.007856734,0.006502642,0.00759594,0.011749203,0.017536946,0.017667815,0.014221418,0.021737942,0.019358406,0.016214911
Head 0,526,0.0008292,0.000772426,0.000742701,0.000240863,0.000216139,0.000240775,0.000194035,0.000201711,0.00018509,0.000143349,0.001013885,0.001009168,0.001127531,0.001241882,0.001335092,0.001322748,0.001296745,0.001263871,0.000367023,0.000374326,0.00043471,0.000580135,0.000800753,0.001070551,0.001242235,0.001086938,0.000765573,0.000505114,0.000385542,0.002921993,0.004891689,0.005978282,0.005868694,0.003165493,0.003306438,0.004494384,0.004413654,0.003662519,0.002945079,0.002567906,0.002505473,0.002690969,0.002833077,0.002496682,0.002013422,0.003797927,0.003434786,0.00250438,0.002162183,0.002066202,0.002125774,0.002093425,0.00210254,0.000799065,0.001520923,0.002799292,0.007259036,0.009251724,0.004875235,0.004639762,0.002126008,0.004303355,0.010523194,0.00986988,0.002932442,0.014332131,0.023624508,0.015967607,0.011277531,0.006920982,0.004863994,0.002157571,0.004168,0.007299418,0.014451195,0.007639876,0.005839859,0.014237845,0.01093471,0.006989075,0.003881333,0.00963824,0.009355424,0.004407644,0.009538854,0.01092396,0.022164861,0.011842967,0.004549159,0.003203392,0.003761037,0.005513615,0.0079793,0.008888335,0.018091092,0.020543119,0.021523595,0.022245031,0.023861013,0.017512539,0.016220735,0.013538276,0.010135834,0.019221907,0.034301609,0.024056472,0.015602491,0.00922932,0.011450452,0.010983324,0.024920324,0.03365501,0.030065389,0.009042677,0.005127326,0.00570565,0.007547111,0.009165496,0.007945395,0.008586263,0.012213219,0.015483614,0.014441362,0.012133011,0.02267017,0.027043108,0.027040148,0.01341249
Head 0,527,0.000764239,0.000753777,0.000271795,0.00020518,0.000188165,0.000119492,0.000146859,0.000160924,0.000136267,0.001082288,0.000934165,0.00099409,0.001152416,0.001352399,0.001387516,0.001339139,0.001279133,0.000443382,0.000426232,0.000454794,0.000533597,0.000656413,0.000845298,0.001110872,0.001240623,0.001095226,0.000771325,0.000512849,0.002618296,0.004369541,0.004813272,0.005026143,0.003017652,0.003079376,0.004392817,0.004721511,0.004244961,0.003422571,0.002709651,0.002299497,0.002247267,0.002520625,0.002635552,0.002512448,0.004730685,0.003975376,0.002506381,0.002105672,0.002155956,0.002330271,0.00217641,0.001919061,0.000756779,0.001277231,0.002266909,0.006644529,0.00790698,0.003762059,0.003244041,0.001595979,0.003464255,0.010978665,0.010056008,0.002711131,0.009852875,0.016036877,0.013439136,0.013185971,0.010004267,0.006729581,0.00236675,0.003764199,0.005773063,0.012951436,0.007763869,0.006729057,0.015099914,0.011424436,0.007464817,0.003408823,0.011769266,0.010731797,0.004740889,0.009141386,0.009748843,0.023663647,0.016007133,0.006632143,0.004081613,0.00376768,0.004742945,0.007460643,0.009253564,0.02345705,0.028665978,0.025355406,0.017932724,0.01615772,0.012737941,0.014274616,0.013155121,0.010915145,0.019451167,0.029592248,0.020874543,0.01403338,0.008186268,0.008560565,0.011430724,0.023890918,0.032819126,0.033520564,0.011069603,0.005516365,0.004509933,0.004714417,0.005817004,0.00630893,0.010622662,0.017142268,0.020244431,0.011784967,0.010304981,0.02039573,0.029622199,0.036080118,0.014435923,0.007128673
Head 0,528,0.0009994,0.000804447,0.000641803,0.000539938,0.000396893,0.00044757,0.000518058,0.000498066,0.001426044,0.001000188,0.000857539,0.000825844,0.000884093,0.000833086,0.000758647,0.000707571,0.000274819,0.000282134,0.000304904,0.000332505,0.000364449,0.000443518,0.000663424,0.001045319,0.001444479,0.001435425,0.001024222,0.001242332,0.002112271,0.001854802,0.001952467,0.000843438,0.000852341,0.001232859,0.001580538,0.001718864,0.001589182,0.001313063,0.001077309,0.001047111,0.001311796,0.001868502,0.00263315,0.003730425,0.00400483,0.002462002,0.002017693,0.002163345,0.00263283,0.002743293,0.002534206,0.001512311,0.002334333,0.002987719,0.006269178,0.005047814,0.001647506,0.001083845,0.00064934,0.001503727,0.005557278,0.005649481,0.00136538,0.003757251,0.004613148,0.004024431,0.005558871,0.006594255,0.006079871,0.002245331,0.003633176,0.003994587,0.005757674,0.004316276,0.004328132,0.006950327,0.006020991,0.004121845,0.00288838,0.010598144,0.008926772,0.00573558,0.012318757,0.013745914,0.021325879,0.019367937,0.010513812,0.006573169,0.004516279,0.003765166,0.004699093,0.012164622,0.031486608,0.044630516,0.037431292,0.014304413,0.009110716,0.006246288,0.007475169,0.008406611,0.014305507,0.034079064,0.048322801,0.024819376,0.01497207,0.007795444,0.007688171,0.02176124,0.045361076,0.056386054,0.042362995,0.016201705,0.008459976,0.005435782,0.003757292,0.003373293,0.003931488,0.010016116,0.019900652,0.024920776,0.012705639,0.007684846,0.014184861,0.020253854,0.028420292,0.016275605,0.008209816,0.008305884
Head 0,529,0.000863128,0.000770372,0.000622198,0.000451026,0.000455398,0.000536751,0.000585031,0.002025602,0.001385632,0.001051126,0.000897038,0.000934701,0.000905511,0.000838372,0.000750787,0.000320283,0.000332501,0.000350302,0.000362718,0.000357246,0.000362523,0.000457404,0.000694649,0.001146807,0.001569243,0.001491175,0.001602406,0.002409377,0.001776822,0.001548219,0.000937236,0.000937377,0.001276286,0.001609171,0.001812339,0.00185115,0.001630523,0.001291902,0.00107149,0.001077581,0.001363975,0.002034468,0.003772027,0.004760596,0.003003566,0.002175486,0.002074575,0.002439197,0.002667456,0.002555419,0.001924047,0.002873566,0.003417967,0.007684508,0.006972224,0.002382383,0.001363075,0.000654258,0.00127555,0.004612302,0.005541332,0.001368309,0.003764429,0.003582489,0.002434587,0.00327717,0.004997113,0.006699626,0.002820742,0.004930476,0.004660767,0.005619354,0.003417323,0.003637199,0.006227536,0.00531894,0.003370926,0.00237091,0.00958411,0.008856481,0.004929759,0.010974408,0.011761797,0.013534262,0.013239874,0.009163857,0.007633956,0.005890416,0.004156971,0.003940866,0.008789102,0.023233432,0.041495763,0.046342243,0.016484309,0.008639271,0.004635597,0.005212836,0.006888298,0.01250938,0.033904411,0.051077861,0.025115373,0.014988142,0.00830689,0.008533253,0.02369928,0.048627872,0.057646208,0.03749897,0.019143533,0.014033392,0.010781465,0.006484129,0.004108771,0.003655538,0.00863382,0.018643638,0.027770678,0.016013669,0.008049586,0.011982828,0.014613426,0.02126297,0.016986107,0.009641164,0.010795437,0.014709369
Head 0,530,0.000771564,0.000725653,0.000549736,0.000482887,0.000518298,0.000578702,0.002633259,0.00198067,0.001464,0.001123989,0.001066075,0.001021589,0.000974684,0.000877948,0.00034666,0.000365434,0.000389196,0.00041372,0.00040955,0.000380212,0.000394874,0.000491565,0.000771805,0.001267216,0.001694535,0.002029301,0.003101389,0.002225175,0.001639136,0.001040236,0.001058369,0.001369125,0.001636325,0.001785815,0.001918747,0.001889789,0.001633017,0.001319576,0.001108877,0.001120141,0.001487346,0.002983806,0.004700653,0.003589809,0.002607557,0.002209469,0.002326499,0.002519485,0.002562209,0.002331097,0.003673209,0.004266154,0.008126957,0.008567359,0.003356536,0.001982209,0.000755519,0.001219473,0.003452893,0.004485728,0.001234019,0.004356853,0.003857601,0.001980673,0.00203205,0.002991483,0.005180475,0.002850814,0.006505498,0.006597202,0.006816101,0.003092212,0.002869126,0.005483229,0.004787033,0.002979666,0.002296297,0.008185234,0.00835338,0.004022491,0.009702671,0.011030676,0.010019551,0.008644745,0.006535863,0.007387945,0.007925062,0.006244372,0.00493796,0.008182984,0.01779181,0.03194008,0.045518454,0.020015543,0.010713541,0.004520135,0.003986309,0.005053731,0.009158552,0.028322775,0.052606326,0.024588555,0.014125572,0.00794802,0.009132571,0.024059793,0.053262752,0.063341565,0.02673511,0.015266105,0.015471104,0.017387388,0.012267103,0.006474128,0.004006992,0.007942225,0.015318646,0.02573996,0.018398659,0.010297258,0.013594296,0.013184811,0.016315378,0.01526254,0.00997667,0.013340433,0.019781435,0.01629762
Head 0,531,0.000752716,0.000632694,0.000538274,0.000515238,0.000529679,0.00273636,0.002362231,0.001897483,0.001427959,0.001213293,0.001089419,0.001040285,0.00096718,0.000367252,0.000378937,0.000397404,0.000432288,0.000448553,0.000427024,0.000406323,0.000413297,0.000526901,0.000824333,0.001349454,0.002181634,0.00342443,0.002797874,0.002021448,0.00107112,0.001111129,0.001430806,0.001640962,0.001682307,0.001739572,0.001806425,0.001747462,0.00156654,0.001279549,0.001078551,0.001141016,0.001902624,0.003411239,0.003443097,0.00303068,0.002584127,0.002419419,0.00236953,0.002426285,0.002407184,0.004337693,0.005501285,0.007801321,0.008957241,0.003941299,0.002819891,0.000926739,0.001385561,0.002943529,0.00331389,0.000989684,0.004437155,0.004668746,0.002251968,0.001737777,0.001929313,0.003221813,0.002165061,0.006789153,0.009269609,0.010539884,0.003724845,0.002585757,0.005073695,0.004386176,0.002881183,0.002457494,0.007178259,0.007350941,0.003114916,0.007831738,0.009768158,0.009641048,0.00662205,0.004334687,0.005413142,0.008129712,0.009273172,0.008290656,0.01033856,0.017820504,0.02531687,0.035412688,0.020400329,0.01391625,0.005738553,0.003986972,0.004029429,0.006339744,0.0194277,0.045064814,0.024849454,0.01406848,0.007358879,0.008903039,0.021090891,0.053048242,0.069808349,0.021218771,0.010702319,0.011935059,0.019039726,0.019820964,0.01215724,0.006196375,0.009332905,0.013429164,0.020365892,0.016924215,0.012384073,0.017825354,0.015502659,0.015248111,0.0134294,0.009342422,0.013489773,0.025064021,0.022757107,0.015538936
Head 0,532,0.000595185,0.000578464,0.000549884,0.000513864,0.002560697,0.002338289,0.002094907,0.001701045,0.001389349,0.001159,0.001049508,0.000966685,0.000399256,0.000390368,0.000392839,0.000421398,0.00044486,0.000449352,0.000437881,0.000407277,0.000422008,0.000536101,0.000847768,0.001862674,0.003081147,0.002992117,0.002423793,0.001102314,0.001105868,0.001431816,0.001621813,0.001615607,0.001574148,0.001593126,0.001609553,0.001623228,0.001467467,0.00120755,0.001067913,0.001203309,0.001972727,0.002373806,0.00280258,0.002946153,0.002817815,0.002466734,0.002274979,0.002192561,0.004329612,0.006399837,0.007278777,0.00848859,0.003762185,0.003228184,0.001077625,0.001697035,0.003242109,0.002787089,0.000839166,0.003542393,0.004810787,0.002850994,0.002084291,0.001735849,0.002151191,0.001451759,0.005254945,0.00999793,0.01662836,0.0056462,0.003135027,0.005380282,0.004084706,0.002774398,0.002503566,0.006750389,0.006592731,0.002675013,0.006309182,0.007768509,0.010852783,0.006503154,0.003367286,0.003583415,0.005930257,0.009739885,0.012726234,0.014339065,0.023767708,0.025945583,0.027811082,0.016475782,0.014723415,0.007695698,0.005220007,0.004129165,0.005349671,0.01305346,0.030551899,0.022965258,0.014522689,0.007290816,0.008355655,0.01758475,0.046602696,0.068275869,0.02124287,0.008743692,0.008382836,0.01463093,0.021647725,0.019657798,0.011613391,0.013998725,0.015395941,0.01734351,0.012314265,0.011636023,0.020693481,0.020147631,0.017900812,0.012795714,0.008033155,0.010656487,0.024785001,0.028517077,0.021604946,0.014559203
Head 0,533,0.000512531,0.000550371,0.000514642,0.002661949,0.002311105,0.002151614,0.001915645,0.001624394,0.001321427,0.00111651,0.000969248,0.000478367,0.000439265,0.00041771,0.000427378,0.000435864,0.000445414,0.00045797,0.000437321,0.000415011,0.000428489,0.000548543,0.001423945,0.002548896,0.002707307,0.002507735,0.001220441,0.00114794,0.001455701,0.001637035,0.001636391,0.001555495,0.001498886,0.001459061,0.001514137,0.001523338,0.001383175,0.001191374,0.001035546,0.001300253,0.00143945,0.001981527,0.002736792,0.003178727,0.00282507,0.002302627,0.001899647,0.003606983,0.005813342,0.006760254,0.007963615,0.003325157,0.00300566,0.001107347,0.001905459,0.004462292,0.003127581,0.00079945,0.002542143,0.003731008,0.002840541,0.002506439,0.001986343,0.00185459,0.001041166,0.00339073,0.007401826,0.019472562,0.007783206,0.004555105,0.007157385,0.004383626,0.002679357,0.002201319,0.006472518,0.006184768,0.002705822,0.005817647,0.006264712,0.011945719,0.007356612,0.003314747,0.002735054,0.003783418,0.006790373,0.012597978,0.015882785,0.032968115,0.03437509,0.028419001,0.012813066,0.01197719,0.008173709,0.006751999,0.005074308,0.006345896,0.011471599,0.020691145,0.017956115,0.013511182,0.007359766,0.007842808,0.015583792,0.039235085,0.058231436,0.023403261,0.008680547,0.006713381,0.009940311,0.016199855,0.020788608,0.01823763,0.022040622,0.023477376,0.02017107,0.009475181,0.009392022,0.018617494,0.022445215,0.022091065,0.013497331,0.007019816,0.007775246,0.019157577,0.027297046,0.025989421,0.019673817,0.014186886
Head 0,534,0.000482349,0.000500711,0.00316967,0.002576831,0.002314531,0.00213475,0.001930911,0.001636887,0.001350231,0.001105426,0.000616099,0.000540635,0.000491238,0.000481228,0.000469348,0.00045979,0.000474631,0.000476171,0.000460085,0.000433474,0.000448874,0.001160367,0.002301382,0.002412067,0.002366002,0.001448528,0.001316761,0.001576825,0.001709493,0.001691891,0.001632595,0.001561853,0.001457928,0.001439809,0.001481258,0.001488479,0.001410743,0.001193039,0.001160831,0.000984617,0.001237971,0.001985429,0.002992031,0.003215711,0.002612296,0.001915416,0.003158122,0.004759556,0.006089326,0.007452285,0.003066971,0.002612942,0.001164576,0.002029244,0.006169222,0.004304511,0.000899782,0.002172549,0.002690193,0.002169694,0.002377007,0.002256453,0.001996564,0.000948611,0.002447132,0.004735166,0.01505316,0.007776099,0.00604448,0.010542828,0.005494006,0.002668307,0.001769217,0.005713731,0.005631099,0.002891402,0.006072369,0.005661166,0.011091719,0.007649736,0.003563947,0.002587752,0.002760772,0.004093277,0.008267954,0.012870942,0.036432218,0.046063699,0.036783226,0.012254231,0.00923097,0.006677203,0.006900689,0.006053684,0.009118886,0.013976114,0.01762812,0.012509563,0.010477336,0.006832515,0.007478145,0.015154758,0.035296921,0.047896188,0.023432814,0.009034278,0.006357395,0.007498794,0.010531336,0.014689813,0.01842496,0.028531449,0.037393782,0.030572953,0.009755853,0.008275685,0.014761522,0.019894775,0.023614336,0.01429835,0.006544482,0.006510823,0.014101748,0.020872148,0.024134137,0.022893475,0.018660784,0.01443876
Head 0,535,0.000426015,0.003451036,0.002872328,0.002476052,0.002201634,0.002046577,0.001846824,0.001583163,0.001287411,0.000763072,0.00064841,0.000562543,0.000527206,0.000497864,0.000464364,0.000460422,0.000468195,0.000475737,0.000457768,0.000428244,0.001032867,0.002138988,0.002115747,0.002035868,0.001522229,0.001468141,0.001706997,0.001761291,0.001641783,0.001573442,0.001534145,0.001434053,0.001343928,0.001310302,0.001343351,0.001418459,0.00142776,0.001275037,0.000828257,0.000790191,0.001162058,0.002050969,0.002925012,0.002883218,0.002166986,0.003211681,0.004055025,0.005131736,0.006423408,0.002862078,0.002305794,0.001324078,0.002143199,0.00700347,0.005674385,0.001022973,0.002386529,0.002217363,0.001508749,0.001744025,0.002100041,0.00225906,0.001038111,0.002252255,0.00337816,0.008998794,0.005549632,0.005942053,0.014747935,0.00796767,0.003133226,0.001535434,0.004914536,0.004853037,0.002751507,0.006254898,0.005697713,0.009342251,0.006912671,0.003612196,0.002789158,0.002600197,0.00293393,0.004916681,0.008747351,0.029787181,0.049327642,0.047929313,0.015936369,0.00869699,0.005123775,0.005599333,0.006130429,0.012077614,0.019975208,0.020299489,0.009671278,0.007504638,0.005581658,0.007033564,0.014634916,0.034690969,0.043403432,0.022172283,0.009218975,0.006802233,0.007140835,0.007944969,0.00928289,0.01290513,0.028022563,0.048641857,0.047463194,0.014506879,0.008994268,0.012447676,0.015220787,0.020084655,0.013911649,0.006604274,0.006649994,0.012064312,0.015339213,0.018136194,0.020653348,0.021368934,0.01834478,0.01359548
Head 0,536,0.003042872,0.002954894,0.00268374,0.002310064,0.002076533,0.001912378,0.001733868,0.001486088,0.000925841,0.000790035,0.000656694,0.000582217,0.000530744,0.000480747,0.000455916,0.000450462,0.000463686,0.000470273,0.000445657,0.001057583,0.002097197,0.001980774,0.001819376,0.001353098,0.001505442,0.001863939,0.001929008,0.001674229,0.001499709,0.001450597,0.001390801,0.001301731,0.001200398,0.00115814,0.001251547,0.001520501,0.00153066,0.000902689,0.000651038,0.000716165,0.001155568,0.001952338,0.002587774,0.002322201,0.003685782,0.004142575,0.004509902,0.005301678,0.002566381,0.00212825,0.001599492,0.002459185,0.006691528,0.006365571,0.001069077,0.003189096,0.002421337,0.001244557,0.001194054,0.001521644,0.002091739,0.001081291,0.002404531,0.003042781,0.005601815,0.003467616,0.004257668,0.016091296,0.01138205,0.00445055,0.001689362,0.004868376,0.004234204,0.002211612,0.005598188,0.005825909,0.008010114,0.005752655,0.003155755,0.002813964,0.002793418,0.002760665,0.00351846,0.006229641,0.020681452,0.040040612,0.050894581,0.024424408,0.011069736,0.004716159,0.004229547,0.00496881,0.012102152,0.025500173,0.027820889,0.009473421,0.005821507,0.004097988,0.005867671,0.012205443,0.032907568,0.043443777,0.02079618,0.008725251,0.007038008,0.00772176,0.00758198,0.006896111,0.008148618,0.024394382,0.049557138,0.062266465,0.026146093,0.012334622,0.013601829,0.012840285,0.01543674,0.011424956,0.006512996,0.007592916,0.012841681,0.013245947,0.013313673,0.015246453,0.019194219,0.020893309,0.017180145,0.013053334
Head 0,537,0.002621152,0.002814351,0.002595557,0.002271672,0.002043235,0.001891788,0.001725419,0.001131451,0.001020858,0.000835125,0.000699778,0.000599904,0.000528783,0.00048741,0.000462641,0.000460066,0.000472579,0.000473563,0.001150907,0.002116618,0.001961468,0.001753231,0.001098856,0.001384431,0.001929479,0.002161244,0.001871511,0.001546938,0.001415698,0.001353245,0.001308396,0.001208373,0.001092508,0.00111014,0.001359317,0.001687452,0.001130294,0.000750794,0.000618065,0.00074168,0.001142138,0.001813414,0.002060149,0.00406408,0.004925909,0.004670501,0.004765603,0.002273324,0.002031747,0.001879536,0.003008312,0.006039061,0.006175017,0.001083847,0.004346353,0.003321635,0.001427391,0.001021065,0.001062608,0.001531641,0.000942802,0.002465422,0.003217227,0.004588694,0.002500492,0.002726411,0.012401871,0.01243914,0.006265079,0.002264804,0.006053992,0.004201498,0.001719389,0.004333081,0.005302067,0.00708011,0.004811569,0.002518526,0.002436825,0.002840337,0.003040334,0.003354226,0.005406159,0.015413037,0.028979989,0.04285644,0.033166111,0.016574482,0.005876984,0.003877147,0.003830661,0.009651,0.024678152,0.035119679,0.011226877,0.005619442,0.00318356,0.004438447,0.008753016,0.026488971,0.041880004,0.019883797,0.007964148,0.006597412,0.008072576,0.00830059,0.006722673,0.00623173,0.023100333,0.045240819,0.066011764,0.040907215,0.018253829,0.019299384,0.014401567,0.013572179,0.008465293,0.005718763,0.008263264,0.015193021,0.014368701,0.011749498,0.011388132,0.01449039,0.019365797,0.019894134,0.016825764,0.01266387
Head 0,538,0.00238334,0.002609522,0.00243432,0.002162578,0.001962744,0.0018241,0.001262061,0.001264411,0.001078993,0.000881393,0.000694394,0.000576874,0.000518186,0.000480509,0.000459851,0.000457426,0.000468882,0.001115241,0.002102439,0.00189267,0.001658681,0.000854443,0.00109078,0.001686659,0.002142072,0.002064491,0.001686023,0.001431353,0.001279958,0.001236513,0.001191795,0.001071493,0.001015019,0.001032338,0.001469427,0.001233706,0.000952851,0.000714859,0.000634788,0.000718931,0.001053277,0.001398694,0.00347296,0.005438226,0.005465963,0.00491464,0.002016315,0.001836051,0.001840156,0.003358087,0.005503554,0.005566659,0.001131296,0.005019872,0.004543372,0.002023622,0.001214111,0.000926464,0.00107895,0.000702495,0.002098421,0.003240533,0.004989267,0.002288227,0.001957644,0.007818907,0.00969721,0.007073114,0.002929436,0.009364012,0.005389084,0.001543184,0.003317078,0.004116327,0.006464365,0.004387842,0.002127416,0.001968188,0.002528795,0.003241298,0.003824214,0.005213996,0.013378372,0.022221886,0.031785782,0.033678807,0.022626784,0.008842864,0.004920534,0.00364557,0.007431462,0.01897011,0.034121286,0.013994783,0.00693929,0.003142452,0.003613619,0.006224103,0.018318705,0.034318373,0.020164287,0.007913285,0.006202293,0.007947444,0.009178122,0.007924566,0.006456453,0.025201064,0.043699823,0.063234754,0.046350632,0.023494124,0.029405033,0.020783717,0.015735989,0.007125748,0.004701571,0.00773318,0.016802175,0.017593954,0.0131633,0.010342211,0.011064749,0.015251938,0.019049406,0.020107171,0.016834874,0.012483974
Head 0,539,0.002299168,0.002542746,0.002436656,0.002208031,0.002017043,0.001300822,0.001471569,0.001401716,0.001210838,0.000915457,0.000700384,0.000596423,0.00054123,0.000508915,0.000485629,0.000480064,0.000977599,0.00231272,0.001989868,0.001674051,0.000787365,0.000899906,0.001388806,0.001909668,0.002169464,0.001971935,0.00166349,0.001371755,0.001233908,0.001211641,0.001140358,0.001077436,0.000857658,0.001178586,0.001123728,0.001094841,0.00095105,0.000767461,0.000640374,0.000692111,0.000908686,0.002363252,0.004784305,0.006405262,0.005909428,0.002026391,0.001661215,0.00156365,0.003178471,0.005163442,0.00519001,0.001348228,0.004934465,0.005351531,0.002823399,0.001787675,0.001134704,0.000955268,0.000548174,0.001571577,0.002750764,0.005685034,0.00245807,0.001816825,0.005290523,0.006178878,0.005634585,0.00293433,0.014027068,0.008318517,0.001839901,0.003178896,0.003230954,0.005741315,0.004132319,0.002013693,0.0016929,0.00208368,0.002914453,0.004035789,0.004774833,0.012704368,0.019827059,0.025483275,0.025694694,0.022728039,0.011952518,0.007449025,0.004703772,0.007107435,0.015093362,0.02710242,0.013989547,0.008510865,0.00372461,0.003447607,0.005498472,0.012973083,0.023849852,0.018283028,0.007927394,0.005954967,0.007178024,0.008664704,0.008511869,0.007352681,0.028634613,0.047341015,0.063814223,0.036145408,0.02500101,0.039403062,0.032101523,0.023209874,0.007825525,0.004022425,0.006721992,0.015386801,0.019303273,0.015879793,0.011563737,0.01006648,0.011843212,0.015133575,0.019172441,0.019978497,0.016715098,0.012478779
Head 0,540,0.002120481,0.00238698,0.002336748,0.002141524,0.001170579,0.001452359,0.001585835,0.0015607,0.001237356,0.000890767,0.000693337,0.000590769,0.000544748,0.000509349,0.000480406,0.000790136,0.002541793,0.002127814,0.001675625,0.000804984,0.000794197,0.001101263,0.001464126,0.001855987,0.002013014,0.001870887,0.001521991,0.001243012,0.00115378,0.001107633,0.001095724,0.000786233,0.000916228,0.000835227,0.000935088,0.001052594,0.000999919,0.000760894,0.000600619,0.000662553,0.001429785,0.003107595,0.005849094,0.006704629,0.002254963,0.001608596,0.00128046,0.002570108,0.004612782,0.004824597,0.001681436,0.004410892,0.005160161,0.003185784,0.002506173,0.001698189,0.001179932,0.000518197,0.001204555,0.002030863,0.005435231,0.002471108,0.001925525,0.004512747,0.004064564,0.003505778,0.002131398,0.015969185,0.01255073,0.002572115,0.004010607,0.003023233,0.00522135,0.003783907,0.001999689,0.001621976,0.001799255,0.002377138,0.003656561,0.003714453,0.011164164,0.018286642,0.022395607,0.017968046,0.017143322,0.011895807,0.010266857,0.00731515,0.008318416,0.014592635,0.021227689,0.011507848,0.009082727,0.004779772,0.004149137,0.006485435,0.011498645,0.01658196,0.014951125,0.007712158,0.006167652,0.00700264,0.008031766,0.008322514,0.008199097,0.02866094,0.051769342,0.068926178,0.02546032,0.023228461,0.042395238,0.042396691,0.035050306,0.012075961,0.004457466,0.006288903,0.01281952,0.017643595,0.01739724,0.013973616,0.011273242,0.010795189,0.011832655,0.015298476,0.019255551,0.020112632,0.016813179,0.012449899
Head 0,541,0.002003689,0.002306291,0.002320473,0.001004395,0.001279588,0.001535308,0.001756631,0.001618156,0.001214262,0.000888985,0.000686162,0.000594218,0.00054491,0.000502062,0.000722107,0.002731103,0.002420792,0.001847945,0.00088051,0.00082042,0.001000275,0.001166001,0.001426225,0.001744541,0.001902172,0.001726273,0.001385018,0.001176358,0.001068158,0.001081923,0.000844511,0.000835902,0.000646984,0.000680993,0.000890991,0.001107891,0.00100078,0.00071969,0.000657638,0.001047975,0.001899555,0.003942915,0.006090207,0.002563196,0.001794219,0.001237063,0.002180568,0.003950462,0.004295202,0.001952055,0.004038035,0.00465632,0.002957162,0.002803253,0.002390062,0.001786313,0.000611258,0.001139847,0.001615811,0.004166291,0.002119967,0.001963224,0.004888707,0.003468519,0.002260458,0.00136644,0.012343576,0.014138042,0.003327555,0.005947609,0.003827048,0.005518644,0.003445257,0.00189685,0.001624863,0.00173762,0.002044884,0.003042405,0.002748713,0.008811601,0.015616622,0.020391533,0.01413874,0.011860079,0.008730023,0.010108926,0.010066415,0.010236989,0.017802158,0.020794772,0.009072473,0.007730959,0.005179707,0.005165128,0.009217842,0.014037411,0.014748697,0.011239265,0.006454017,0.006010796,0.007160106,0.007768156,0.007611541,0.007932245,0.024360606,0.050361708,0.073385105,0.020104317,0.022672508,0.041235451,0.046187777,0.045857765,0.021402147,0.006580737,0.007387164,0.011929944,0.014695272,0.015816407,0.015053513,0.013475182,0.011917038,0.01074356,0.011907589,0.015216524,0.018867845,0.019821841,0.016678533,0.012886749
Head 0,542,0.001980395,0.002352209,0.000899267,0.001125114,0.001370707,0.001717836,0.001881195,0.001638553,0.001247232,0.000901064,0.000708692,0.00061478,0.000556983,0.000835166,0.002668199,0.002719009,0.002219495,0.000925567,0.00092854,0.001079258,0.001111028,0.001171523,0.001393039,0.001689433,0.001815205,0.001621715,0.001338708,0.001111791,0.001077249,0.001005548,0.000931367,0.000622078,0.000538139,0.000658345,0.000954183,0.001129989,0.000966551,0.000809494,0.00103772,0.001390993,0.002308413,0.00420075,0.002486784,0.002067935,0.001380602,0.002168511,0.003527393,0.003673082,0.001862472,0.003796882,0.004302329,0.002572422,0.002538211,0.002645484,0.002530972,0.000757324,0.001283588,0.001530174,0.003001587,0.001608116,0.001682074,0.005415452,0.003715621,0.001868783,0.000983733,0.007532317,0.010832407,0.003194162,0.007683754,0.005583096,0.007290949,0.003531222,0.001758403,0.001573035,0.001765473,0.001965308,0.002636092,0.002288326,0.006906768,0.012220276,0.017371349,0.013342902,0.009299615,0.005878621,0.007259641,0.009830195,0.010674905,0.022419004,0.025414299,0.008606307,0.00610197,0.004439642,0.005380845,0.012132579,0.019849962,0.017684508,0.008978116,0.004843708,0.005032492,0.006880831,0.007697862,0.007031234,0.006936342,0.019373951,0.042279858,0.068872392,0.018827565,0.024454962,0.041132733,0.045390729,0.049947876,0.031996969,0.010771388,0.010421033,0.014027707,0.013570015,0.013266733,0.013654878,0.014464527,0.014106642,0.01182841,0.010872725,0.011974541,0.014905436,0.018897381,0.019846119,0.017392313,0.013222548
Head 0,543,0.001947302,0.000801854,0.000992099,0.001167105,0.001462809,0.001788724,0.001899037,0.001704125,0.001285566,0.000939491,0.000733655,0.000625828,0.001115534,0.002282554,0.002685948,0.002585259,0.000841086,0.000965346,0.001207784,0.001223937,0.001113997,0.001129763,0.001328814,0.00160166,0.001730766,0.001574726,0.001272502,0.001131149,0.00115887,0.001091014,0.000690395,0.000500787,0.000498605,0.000682548,0.000944305,0.001069867,0.000981717,0.001260979,0.001366237,0.001446197,0.002410105,0.001785834,0.001998117,0.001563153,0.002587209,0.003682833,0.003251935,0.001532709,0.003366124,0.003972695,0.002310188,0.002142286,0.002337,0.002762674,0.00085248,0.00154131,0.001738969,0.002601275,0.001319508,0.001323121,0.005216936,0.004195826,0.001971024,0.000884922,0.004795917,0.00649569,0.002263734,0.007306963,0.007354715,0.011694571,0.004577547,0.001758193,0.001428974,0.001668911,0.001953579,0.002541582,0.002274547,0.006169389,0.009678222,0.013265265,0.013504757,0.008466335,0.00437796,0.004649438,0.006901078,0.008629193,0.023478242,0.031765416,0.01114048,0.005739953,0.003533419,0.004540719,0.012306201,0.025285138,0.024600722,0.008856182,0.003787563,0.003686791,0.005613015,0.007143503,0.006850462,0.0063853,0.016684918,0.034141392,0.056320634,0.019439297,0.025846394,0.042862918,0.044986729,0.049622294,0.03423664,0.01500155,0.014487759,0.019682337,0.015598471,0.012294901,0.011554852,0.013113066,0.015082171,0.013853967,0.011836711,0.010826903,0.01155751,0.014876083,0.018626941,0.020595608,0.017760636,0.014461501
Head 0,544,0.000706404,0.000916138,0.0010529,0.001228457,0.001460328,0.001723716,0.00187563,0.001663827,0.00126611,0.00092019,0.000716743,0.001437434,0.001725268,0.002060773,0.002328832,0.000679158,0.000832808,0.001164771,0.001316772,0.001181374,0.001025428,0.001034623,0.001202378,0.001485864,0.001605086,0.001431352,0.001236356,0.001211639,0.001204408,0.000800801,0.000554496,0.000454749,0.000500205,0.00064071,0.000860685,0.000979086,0.001491954,0.001605233,0.001210049,0.001471825,0.001038849,0.00141826,0.001432763,0.002922315,0.004276578,0.003254655,0.001256534,0.002805742,0.003457646,0.002144021,0.001895192,0.001922601,0.002397324,0.000857739,0.001730842,0.002033665,0.002922014,0.001243568,0.001062873,0.00397276,0.004001431,0.002241023,0.00094512,0.004045488,0.004131655,0.001437386,0.005041162,0.006929989,0.01720866,0.007023686,0.002169061,0.001418845,0.001515564,0.001843577,0.002495724,0.002466947,0.006433948,0.008973251,0.010661265,0.013716032,0.008716767,0.004072924,0.003445034,0.004349723,0.006191742,0.019640552,0.034191988,0.017369706,0.007259544,0.003319023,0.00359361,0.009904515,0.024430582,0.030925406,0.010635172,0.003734131,0.002955192,0.004282148,0.005974185,0.006576053,0.00629886,0.016387993,0.030734524,0.046715472,0.020844288,0.024917308,0.044433802,0.046654683,0.049592894,0.027065661,0.015441437,0.017123142,0.027843803,0.021416793,0.013907833,0.010594388,0.010757449,0.013307902,0.01442185,0.013531472,0.011584973,0.010328111,0.011334158,0.014201007,0.018745016,0.020435086,0.018865069,0.013936695
Head 0,545,0.000820501,0.001002196,0.00113883,0.001242292,0.001434339,0.001749564,0.001882609,0.001665032,0.001235088,0.000891317,0.001650928,0.001521209,0.001568864,0.001837694,0.000615047,0.000692957,0.000988429,0.001276387,0.001301713,0.001105394,0.000962364,0.00095728,0.001163089,0.001423871,0.001514735,0.001414438,0.001268595,0.001280431,0.000912684,0.000682951,0.000535041,0.000480047,0.000479567,0.000592831,0.000813882,0.001467822,0.00186726,0.001432322,0.001279507,0.000682972,0.00088013,0.001026718,0.002603651,0.004891915,0.003703221,0.00119922,0.002417373,0.002935356,0.002028196,0.001880678,0.001776159,0.002007723,0.000858183,0.001799459,0.002231083,0.004119528,0.001370264,0.001003503,0.002842016,0.003029849,0.002137664,0.000955991,0.004314467,0.003410961,0.001039323,0.003127455,0.004665406,0.01821374,0.010086846,0.003141308,0.001697401,0.00147195,0.001651621,0.002314753,0.002409279,0.00674153,0.009391437,0.009709266,0.012506085,0.008707013,0.004352813,0.003334047,0.003283447,0.004716899,0.014397524,0.028718863,0.024267467,0.010853612,0.004119358,0.003363047,0.007747949,0.018856814,0.029479075,0.012633683,0.00443224,0.002883638,0.003451689,0.004645264,0.00579523,0.006282347,0.016435368,0.030781742,0.042679291,0.020522336,0.020990614,0.042181887,0.0487261,0.052833013,0.019214319,0.01182883,0.016985785,0.034327213,0.030669039,0.01929678,0.012376241,0.010045083,0.011088026,0.012911215,0.014247537,0.013533089,0.011441406,0.010387494,0.011123699,0.014751688,0.019461971,0.022556448,0.018934701,0.012924351
Head 0,546,0.000888579,0.001092922,0.001146163,0.001188031,0.001413104,0.001715099,0.001874477,0.0016383,0.001212034,0.001614983,0.001749156,0.00137716,0.001366502,0.000657396,0.00061387,0.000778567,0.001048087,0.001256576,0.001217541,0.001030605,0.0008731,0.000902572,0.001077648,0.001317807,0.001466075,0.001353248,0.001357126,0.00095741,0.000760938,0.000640019,0.000546212,0.00044223,0.000428942,0.00065676,0.001238811,0.001871984,0.00184882,0.001492478,0.000575792,0.00054992,0.000661018,0.001816134,0.004617997,0.004380793,0.001389101,0.002449199,0.002554293,0.001720299,0.001743572,0.001732014,0.001833263,0.001006147,0.002040021,0.00242535,0.005709122,0.00158885,0.00114347,0.002512504,0.002287986,0.001708563,0.000832687,0.00500004,0.003761875,0.000969609,0.002372618,0.003012865,0.013792966,0.011374762,0.004665555,0.002588744,0.001858913,0.001654557,0.002090707,0.001935842,0.00614634,0.010077687,0.01060027,0.011788134,0.008198488,0.004391192,0.003570238,0.003109562,0.004098326,0.011224983,0.021362601,0.025246363,0.015030018,0.006205246,0.004383289,0.007281536,0.014918919,0.02310589,0.012926375,0.005612111,0.003568307,0.003470669,0.003813356,0.004479928,0.005368212,0.014126155,0.031035785,0.045150239,0.021153519,0.017136667,0.035748657,0.045289863,0.054450933,0.015391611,0.008417702,0.01632718,0.036793776,0.039030511,0.027504647,0.017325887,0.012004334,0.01061197,0.011037579,0.012916031,0.014357681,0.013499058,0.011489889,0.010270949,0.01155173,0.01530138,0.021175416,0.022506731,0.017654207,0.014293384
Head 0,547,0.001011398,0.001164111,0.00113912,0.001209015,0.001421957,0.001753921,0.001887148,0.001626616,0.00149144,0.002479125,0.00162536,0.001250751,0.000874078,0.000696878,0.000713755,0.000852057,0.001071527,0.001237253,0.00118443,0.000978704,0.000857583,0.000874094,0.00105319,0.001332965,0.001475112,0.001505882,0.001029829,0.000817738,0.000753031,0.000699853,0.000539405,0.000420224,0.000623763,0.001047063,0.001641671,0.002094833,0.002011567,0.000701717,0.000487226,0.000498104,0.001155107,0.003243997,0.004216234,0.001603702,0.002910687,0.002603109,0.001488556,0.001515107,0.001667333,0.001844414,0.001313724,0.00256278,0.002793891,0.006792072,0.001774083,0.001369331,0.002941572,0.002045986,0.001304432,0.000657548,0.00483434,0.004381881,0.001054556,0.002300911,0.00230672,0.00845116,0.008706189,0.0052656,0.00389598,0.002889348,0.002123719,0.002151223,0.001500236,0.004706526,0.009091183,0.011454768,0.011289181,0.00757925,0.004091961,0.003767381,0.00348425,0.003920254,0.009991764,0.016762702,0.019193953,0.015328871,0.008540281,0.006892039,0.008589572,0.014770797,0.018640103,0.010559702,0.005971278,0.004546858,0.004261152,0.003874073,0.003689803,0.004190059,0.010380001,0.026605468,0.045794718,0.021509334,0.01566842,0.03048007,0.038769584,0.050869301,0.014686983,0.006746495,0.017151183,0.037257168,0.042745691,0.034968819,0.024773696,0.017263377,0.012935311,0.010813884,0.011304295,0.013311332,0.014616276,0.013833713,0.011738936,0.011003068,0.012356738,0.017076835,0.021622622,0.02156244,0.020288993,0.014878416
Head 0,548,0.001101283,0.001178365,0.001171815,0.00122219,0.00146339,0.001788147,0.001891715,0.00138932,0.003459911,0.002329755,0.001506499,0.001202299,0.000948244,0.000823007,0.000794276,0.000878866,0.00107632,0.00121399,0.001136223,0.000962835,0.000833572,0.000860857,0.001072701,0.001516153,0.001667578,0.001157838,0.000873501,0.00080832,0.000824737,0.000698875,0.000521458,0.000695157,0.001003275,0.001423372,0.00179938,0.002312071,0.00095811,0.000596631,0.000500594,0.000860635,0.001914461,0.003015685,0.001514293,0.0035355,0.003122028,0.001457629,0.001285725,0.001442217,0.001782581,0.001628853,0.003378783,0.003593942,0.006767815,0.001910539,0.001528566,0.004128115,0.002389758,0.001188519,0.000552747,0.003725707,0.004206906,0.001058134,0.00244554,0.002216983,0.005555332,0.005244109,0.004000589,0.004353013,0.00433415,0.003308946,0.002785034,0.00137339,0.003520219,0.006718093,0.010205701,0.010864485,0.0071983,0.003576443,0.003426849,0.003634518,0.00341916,0.009182343,0.014719701,0.013082418,0.011438223,0.008459802,0.009669742,0.010429946,0.018059395,0.018606091,0.008389232,0.005126663,0.004859756,0.005338473,0.004748455,0.003676335,0.003396142,0.007401769,0.018869549,0.038242567,0.021935984,0.016107569,0.028514983,0.032857638,0.042331234,0.01549745,0.006502398,0.019501286,0.039376054,0.043461647,0.037841488,0.030537261,0.024451006,0.01849745,0.013175785,0.011165493,0.011680335,0.013451127,0.014956288,0.014134981,0.012634289,0.011791481,0.01388624,0.017455459,0.02086807,0.02485962,0.021389384,0.015608808
Head 0,549,0.001079664,0.001168956,0.001127701,0.001183061,0.001403067,0.001697065,0.00124133,0.003669674,0.003100564,0.002065026,0.001374298,0.00124193,0.001071338,0.00087441,0.000774024,0.000842516,0.00101318,0.001122322,0.001076412,0.000898876,0.000782271,0.000833393,0.00134469,0.001619157,0.001245104,0.000940689,0.000825932,0.000847977,0.000793872,0.000652863,0.000773795,0.001051122,0.001326705,0.001246589,0.001950857,0.001076662,0.000786526,0.000606326,0.000831806,0.00116275,0.001681296,0.001087681,0.003388511,0.003718558,0.001669981,0.001220813,0.001190467,0.001503261,0.00162693,0.003960439,0.004772662,0.006214168,0.002195957,0.001606922,0.005515384,0.003182117,0.001372022,0.000558875,0.002709685,0.003235907,0.000897636,0.002374662,0.002345162,0.004746992,0.003286156,0.002318531,0.003171178,0.004713852,0.004980979,0.004404376,0.00169072,0.003259474,0.004802067,0.00715385,0.009474972,0.006811487,0.003206376,0.002880741,0.003243428,0.002492076,0.007409511,0.01290141,0.009833188,0.00756559,0.006034591,0.009603984,0.010500107,0.022272605,0.022353768,0.008267537,0.004165173,0.004166006,0.005665547,0.006030613,0.004592685,0.003443004,0.006341358,0.012830609,0.025594039,0.020337611,0.016312545,0.02930316,0.030860573,0.035328183,0.016738942,0.007077125,0.021027429,0.043099996,0.045146469,0.038102135,0.031886775,0.029090319,0.025356859,0.018076641,0.01316988,0.01113313,0.011409626,0.013420981,0.014872378,0.014914403,0.013240768,0.013053023,0.013825512,0.016439598,0.023097415,0.025720088,0.022229983,0.016766282
Head 0,550,0.000590517,0.000681685,0.000708715,0.000730623,0.00079211,0.001159539,0.002423942,0.002760468,0.002487322,0.001395361,0.001591968,0.001648284,0.001284972,0.000895451,0.000715396,0.000710043,0.000814271,0.000928225,0.000881405,0.000769577,0.000717267,0.001198364,0.001344048,0.001004229,0.000776928,0.000739856,0.000898984,0.001067871,0.001094115,0.000889627,0.001057444,0.001035686,0.00062232,0.000887008,0.000675286,0.000731046,0.000689758,0.000939148,0.001051334,0.000969895,0.000551468,0.001502883,0.002029296,0.001281073,0.001096589,0.001054279,0.001170087,0.000881565,0.001886295,0.002436154,0.002221356,0.001565072,0.001254471,0.004416376,0.002990364,0.001286722,0.000374911,0.001303886,0.001342291,0.000467457,0.001358351,0.001694242,0.004037776,0.002104242,0.001081323,0.001244066,0.00214124,0.003413396,0.005179454,0.002400234,0.004914372,0.005409092,0.005282134,0.008090006,0.004810327,0.002271425,0.002021618,0.002551405,0.001628523,0.004648984,0.007341062,0.007311728,0.004392885,0.00326693,0.006026451,0.007106117,0.019643229,0.022707967,0.014785664,0.005246605,0.003974277,0.004889496,0.005681956,0.005177278,0.004615371,0.00818753,0.013043443,0.018920213,0.017315919,0.011782444,0.022784842,0.027008858,0.033647079,0.028499074,0.012831312,0.021462834,0.041697446,0.040378172,0.035122674,0.033548798,0.036336757,0.038038667,0.029918058,0.020596219,0.014025,0.011208671,0.011508256,0.013124966,0.0150308,0.014546729,0.013918228,0.012309704,0.012001582,0.01613408,0.020061931,0.022024142,0.021336202,0.049727447
Head 0,551,0.000567526,0.000655069,0.000665507,0.000681904,0.001175334,0.001933226,0.002262901,0.002477433,0.001126357,0.0014631,0.001888488,0.001781438,0.001288754,0.000874566,0.000691623,0.000689394,0.000812,0.000877063,0.000840247,0.000759363,0.001065037,0.001247705,0.001010217,0.000828919,0.000738177,0.000777742,0.000868959,0.001019653,0.000940409,0.001336527,0.001376189,0.000681837,0.000683778,0.000450486,0.000548745,0.000685021,0.001127932,0.001216451,0.000920102,0.000429825,0.001020353,0.001488777,0.001138256,0.00104285,0.000951105,0.001006338,0.000719458,0.001633765,0.00231249,0.002040941,0.001628336,0.001200888,0.003441091,0.003085199,0.001739686,0.00048451,0.001529631,0.001101127,0.000326318,0.000838179,0.0012199,0.004065737,0.002213602,0.000919046,0.000806933,0.001238964,0.002203726,0.004169531,0.002599054,0.006016504,0.006276483,0.005033907,0.008505554,0.004986003,0.002284793,0.001688407,0.001736247,0.001179448,0.003358771,0.006040763,0.008142818,0.004111526,0.002252792,0.003329794,0.004281525,0.013922567,0.022250766,0.020790458,0.006487236,0.003887528,0.004094906,0.004704702,0.004725318,0.004422102,0.009502696,0.013154815,0.015710259,0.014094818,0.009233421,0.018630445,0.022813167,0.027540622,0.021071726,0.011448557,0.017764406,0.040847126,0.042192899,0.034352612,0.029412702,0.030051701,0.034861796,0.034028847,0.027896248,0.019029692,0.012818995,0.010425363,0.010477094,0.012611065,0.014320768,0.015056755,0.012709958,0.01058818,0.012333352,0.015188131,0.019231148,0.022462094,0.064351313,0.049645517
Head 0,552,0.00055116,0.000615859,0.000615714,0.001031859,0.00169524,0.001676756,0.001882639,0.00089019,0.001127018,0.001637028,0.001923808,0.001701062,0.001192082,0.000805842,0.000642854,0.000663362,0.000737523,0.000804919,0.000791453,0.00093272,0.00107169,0.000886446,0.000798332,0.0007497,0.000734326,0.000710328,0.000776911,0.000816764,0.001334392,0.001609005,0.00093785,0.000703206,0.000335947,0.000355782,0.0005261,0.001049821,0.001377827,0.001040751,0.000426654,0.000728434,0.000975681,0.000859818,0.000942202,0.000921547,0.000923439,0.000638483,0.001407234,0.002015274,0.002167497,0.001741791,0.00128516,0.00247221,0.002453645,0.001771717,0.000572355,0.002224303,0.001283777,0.000297965,0.000588064,0.000783591,0.003340407,0.002355703,0.000987526,0.000689801,0.000801088,0.001255459,0.002640608,0.002116344,0.00653933,0.008127673,0.006067187,0.009201604,0.005133132,0.002428028,0.001711961,0.001458372,0.001008969,0.002554527,0.004541821,0.008446294,0.004546848,0.002099636,0.002266597,0.002753396,0.008437222,0.016335998,0.024700034,0.008829759,0.004757933,0.004036169,0.003954906,0.00399929,0.004176583,0.010546928,0.015352277,0.01647833,0.011539496,0.006848768,0.014084239,0.018682774,0.023883913,0.015733652,0.00876392,0.013094153,0.034644786,0.041624915,0.035984527,0.02944072,0.026775112,0.02910055,0.03114623,0.031260114,0.025278961,0.017249856,0.011761573,0.009456219,0.010043433,0.012088694,0.014747398,0.013835252,0.011034356,0.011012468,0.011611761,0.014529492,0.019479755,0.064958051,0.063889787,0.046522193
Head 0,553,0.000547354,0.000595227,0.000901464,0.00206877,0.001628707,0.001554069,0.000900375,0.001011973,0.001409497,0.001844492,0.002030677,0.001741628,0.001215567,0.000835126,0.000685384,0.000666132,0.000750757,0.000835917,0.000919592,0.001012872,0.000803812,0.00075311,0.000793338,0.000827025,0.000748861,0.000697783,0.00078158,0.001272098,0.001732526,0.001492124,0.001071595,0.000389581,0.000297262,0.000418688,0.000837,0.001365724,0.001295548,0.000546729,0.000718091,0.000769061,0.000633922,0.000787661,0.000908214,0.000947913,0.000651807,0.001314875,0.00172901,0.002345598,0.001733505,0.0014366,0.002114272,0.00189697,0.001453998,0.000578709,0.003176719,0.001966174,0.000357153,0.000542656,0.000545495,0.002190419,0.002005021,0.001084205,0.000759735,0.000700885,0.000814483,0.001509508,0.001268044,0.005010491,0.008750656,0.007887332,0.010636326,0.005564007,0.002674827,0.002006415,0.001622158,0.001046904,0.002261945,0.003500891,0.006896045,0.004692091,0.002388587,0.002201505,0.002242766,0.005532033,0.010178494,0.020853264,0.010594005,0.006603686,0.005030592,0.003911282,0.003319284,0.003519348,0.009650333,0.016980536,0.019882437,0.009695759,0.005852841,0.010785831,0.014518224,0.020178655,0.012351362,0.006338682,0.010073462,0.026246835,0.035539884,0.03569727,0.032051343,0.028408675,0.027349437,0.027556797,0.030255664,0.030070437,0.024512159,0.016984517,0.011553852,0.009710639,0.010234927,0.013017378,0.014299964,0.012748646,0.012232225,0.010913858,0.011662478,0.015264345,0.049706664,0.064444579,0.060603105,0.037480608
Head 0,554,0.000531386,0.000759748,0.002709056,0.001872169,0.001407836,0.000927151,0.000963491,0.001194102,0.001516411,0.001850794,0.001994976,0.001682839,0.001192803,0.000836358,0.000648327,0.000638843,0.000734683,0.00089283,0.000986566,0.00074781,0.000659466,0.000717526,0.000830042,0.000806986,0.000707251,0.000808401,0.001224391,0.001666953,0.001871224,0.001595359,0.000563855,0.000331978,0.00039254,0.000645504,0.000992068,0.001254481,0.000686041,0.000844505,0.000725546,0.000465672,0.000548982,0.000739919,0.000941607,0.000760079,0.001520089,0.001799474,0.002360423,0.001592582,0.001494366,0.002094643,0.001622743,0.001108449,0.000582665,0.003459518,0.002806367,0.000485131,0.000681089,0.0005345,0.001475028,0.001407568,0.001004937,0.000887352,0.000822172,0.00074956,0.001031068,0.000753952,0.003082848,0.00720056,0.009381237,0.013612405,0.006771304,0.002928904,0.002258516,0.001970463,0.001128288,0.002358953,0.003265184,0.005156074,0.004082132,0.00257001,0.00260427,0.002206952,0.004623873,0.00697934,0.013278958,0.009464869,0.008420193,0.00757623,0.005329308,0.003464601,0.003079772,0.007399725,0.015362367,0.022625897,0.009804392,0.006324012,0.009601296,0.011285411,0.015654203,0.011143464,0.005502699,0.009143534,0.021695457,0.028902177,0.031399671,0.031936489,0.031316843,0.029390587,0.026576476,0.027476026,0.029470606,0.028992558,0.024012249,0.016676415,0.011939533,0.009919299,0.011058351,0.012675451,0.01327603,0.014236216,0.012323455,0.011138669,0.012308637,0.034828328,0.050908405,0.062912472,0.049215451,0.033629656
Head 0,555,0.000673674,0.00325851,0.002497392,0.001672494,0.000944063,0.001016809,0.001175557,0.001345079,0.001552082,0.001844245,0.001938442,0.001666394,0.00121121,0.000807844,0.000633765,0.000637376,0.000863039,0.000976218,0.000756467,0.00061843,0.000629125,0.000757802,0.000836877,0.00080204,0.000880666,0.001282621,0.001645889,0.001871381,0.002026942,0.000870547,0.000508506,0.000477393,0.000610049,0.000676779,0.000946583,0.000693185,0.001037172,0.000876456,0.000440622,0.000409603,0.000530528,0.000794869,0.000750738,0.00168521,0.002052016,0.002338915,0.001436214,0.001354119,0.002319517,0.00167197,0.000979072,0.000623963,0.002925843,0.003078713,0.000582514,0.000904883,0.000664302,0.001304549,0.000963811,0.000722095,0.000805911,0.000932563,0.000859437,0.000934572,0.000535551,0.001777652,0.00430039,0.007627606,0.015267009,0.008478189,0.003327149,0.002411346,0.002256714,0.001076424,0.002403383,0.003395521,0.003997993,0.003032396,0.002175391,0.002791602,0.002126945,0.004543139,0.00591553,0.008094878,0.006203697,0.007526184,0.009723523,0.008124208,0.004686511,0.003222334,0.005719217,0.01151508,0.020221293,0.010165088,0.007966133,0.010590793,0.01017492,0.012218474,0.010303942,0.005352273,0.008828053,0.019526184,0.023913808,0.025205011,0.027209908,0.030850496,0.032497942,0.028943801,0.027071346,0.027116261,0.028477918,0.028692743,0.023839831,0.017640809,0.012436444,0.011055634,0.010989626,0.011976527,0.014752443,0.014514361,0.012770728,0.011994115,0.028391322,0.037417281,0.051029913,0.052337941,0.0450981,0.030587353
Head 0,556,0.002881005,0.002848403,0.002057065,0.000792988,0.00094073,0.001127166,0.001214153,0.00125826,0.001424497,0.001677455,0.001778082,0.001571135,0.00108576,0.000727558,0.000583727,0.00078848,0.000876104,0.000739962,0.000610759,0.000567707,0.000633278,0.000716918,0.000772377,0.000796182,0.001258745,0.00165058,0.001594428,0.001956611,0.001028456,0.000737198,0.000602113,0.000688838,0.000513922,0.00060417,0.000546316,0.00098658,0.001029807,0.000498531,0.000360081,0.000363497,0.000521926,0.000570021,0.001540465,0.002303301,0.002448808,0.001479907,0.001204917,0.002374007,0.001738717,0.000979448,0.000752893,0.002271783,0.002576684,0.000609242,0.001086431,0.000870484,0.001593428,0.00083161,0.000499772,0.000572544,0.000841334,0.000998319,0.001095693,0.000524901,0.001315229,0.002525848,0.004639036,0.013168463,0.009713935,0.004027842,0.002672933,0.002378817,0.00090824,0.002121451,0.003359504,0.003726059,0.002405497,0.001616424,0.002397209,0.001719895,0.004227181,0.005601461,0.005948525,0.003740112,0.004847463,0.008736282,0.010676205,0.007362807,0.004472896,0.005415532,0.008737418,0.014786312,0.009863487,0.009522422,0.013264928,0.011349381,0.011016564,0.009191766,0.005190682,0.007933202,0.018462934,0.022233732,0.021690788,0.022007348,0.026054369,0.031713504,0.031441893,0.02919873,0.026548306,0.02611782,0.027948551,0.027816677,0.024627194,0.017874522,0.013729953,0.010840756,0.010243793,0.012910606,0.014889547,0.014935228,0.013807773,0.029037962,0.030931588,0.037699163,0.043751683,0.048245382,0.040787686,0.030695215
Head 0,557,0.002642963,0.002422277,0.000666877,0.000852712,0.001135681,0.001263459,0.001237541,0.001240239,0.001413891,0.001642787,0.001789588,0.001509239,0.00104721,0.000721795,0.000854334,0.000824137,0.000717355,0.000634535,0.000578741,0.000586083,0.000614111,0.000687194,0.000668676,0.001160926,0.001674447,0.001464691,0.001755227,0.001002712,0.000918872,0.000741342,0.000918775,0.000594066,0.000492681,0.000441255,0.000748475,0.001028328,0.000621241,0.000431782,0.000338623,0.000379533,0.00038679,0.001094328,0.00203343,0.002593097,0.00169527,0.001206905,0.002379106,0.001799402,0.001077013,0.000886648,0.001986119,0.002039775,0.000618746,0.001163096,0.001034657,0.002422634,0.001034279,0.000446351,0.000397329,0.000585727,0.000882861,0.001219684,0.000590208,0.001316787,0.001903007,0.00276297,0.008510442,0.008418338,0.0045019,0.003127852,0.002571659,0.000844468,0.001838202,0.003025632,0.004031853,0.00225233,0.00125679,0.001717494,0.001270816,0.003480563,0.005260467,0.005832901,0.002729101,0.002868091,0.005477636,0.009258308,0.009432236,0.006800668,0.006609451,0.008574453,0.011540935,0.008210503,0.009241693,0.015324218,0.014298815,0.012536648,0.008088098,0.004632457,0.006406816,0.015964504,0.020807352,0.020046296,0.018769596,0.02078048,0.026779022,0.030625857,0.031733617,0.028836422,0.026002897,0.025787694,0.027162315,0.028759889,0.025049916,0.019930474,0.013642916,0.010183233,0.011015316,0.0129237,0.015025707,0.015835499,0.033381719,0.030935777,0.030635476,0.032458469,0.039308861,0.042265929,0.039795682,0.029562946
Head 0,558,0.002220343,0.000563757,0.000712485,0.00103088,0.001257463,0.001293322,0.001218988,0.001265468,0.00139916,0.001659223,0.00173355,0.001463962,0.001046397,0.001138688,0.0008876,0.000695991,0.000636428,0.000613449,0.000603793,0.000567266,0.000582974,0.000541871,0.000957543,0.00153382,0.001513713,0.001667005,0.000886377,0.000889897,0.000758353,0.001124787,0.000904187,0.000570128,0.000423162,0.000521826,0.000794441,0.000639595,0.000543966,0.000404716,0.000349573,0.000291704,0.000710767,0.001398019,0.002468009,0.001838833,0.001339931,0.002377697,0.001744877,0.001105384,0.000883981,0.002010403,0.001805293,0.000679541,0.001220739,0.001082289,0.003415772,0.00156437,0.000561132,0.000356442,0.000405529,0.000608151,0.001050274,0.000573396,0.001441333,0.00187516,0.002049256,0.004993419,0.005518597,0.003995638,0.003448342,0.00288815,0.000923973,0.00175299,0.00256701,0.004525133,0.002465674,0.001193073,0.001291571,0.000973574,0.002570517,0.004253378,0.006447621,0.002582412,0.002043478,0.003155697,0.005678413,0.008123745,0.008539107,0.008231483,0.010573609,0.011404578,0.006909871,0.007320315,0.014105993,0.01634251,0.015675422,0.007434463,0.003884224,0.004982438,0.012309049,0.017856147,0.018681092,0.017347649,0.017391961,0.020924561,0.025332559,0.030158712,0.03094651,0.028181573,0.02535101,0.024886088,0.027731124,0.028950028,0.027499028,0.019740783,0.012682049,0.011050284,0.011023927,0.012973272,0.015765443,0.037013479,0.035342421,0.031023785,0.027007354,0.029646019,0.035276495,0.041638684,0.038182091,0.028815972
Head 0,559,0.000470413,0.000558925,0.000810819,0.001050355,0.001175257,0.001151931,0.001141427,0.001150406,0.001299559,0.001499855,0.001571736,0.001365503,0.001718284,0.001127446,0.000702801,0.000580066,0.00058412,0.000618963,0.000574491,0.000527743,0.000467969,0.000746549,0.001188752,0.001492061,0.001610407,0.000785583,0.000729848,0.000676669,0.001129745,0.001314987,0.000791871,0.00048317,0.000400322,0.000515765,0.000473518,0.000539051,0.000492434,0.000400389,0.000294133,0.000549,0.000908005,0.001822936,0.001672816,0.001525829,0.002529377,0.001723904,0.001025573,0.000762613,0.002049017,0.001762688,0.000845386,0.001472243,0.001183499,0.003696222,0.002126897,0.000812549,0.000433707,0.000354158,0.00040839,0.000716638,0.000447122,0.001419334,0.002106971,0.0020605,0.003430288,0.003202887,0.002657145,0.003082793,0.003185669,0.001179707,0.002125748,0.002473105,0.004871785,0.002751398,0.001331044,0.001214864,0.000890677,0.00204559,0.003168739,0.006637686,0.002786841,0.001911102,0.002204086,0.003221108,0.004981648,0.007468979,0.008319493,0.01356701,0.014210441,0.007343846,0.005622601,0.010731021,0.014783164,0.017719811,0.007754698,0.003554155,0.004380623,0.009418746,0.013682771,0.015905725,0.016290573,0.016316092,0.017747581,0.020007938,0.024750564,0.029049937,0.029753104,0.026896056,0.02438708,0.025278233,0.027625212,0.030973082,0.026486313,0.017650215,0.013684095,0.010879038,0.010924138,0.013421046,0.036502045,0.039396524,0.036047097,0.02735419,0.024937509,0.027438881,0.035273004,0.040572841,0.037117686,0.030794177
Head 0,560,0.000461914,0.000637011,0.000826088,0.000971306,0.001037602,0.001063309,0.001024764,0.001044263,0.001150601,0.001331906,0.001443308,0.002541986,0.001692887,0.00086568,0.000568677,0.000520248,0.000577825,0.000580046,0.000525391,0.000472953,0.000655043,0.000913196,0.001362422,0.001549988,0.000762704,0.000625193,0.000603372,0.001007021,0.001581412,0.001140179,0.000587805,0.000426885,0.000388842,0.000303495,0.000391536,0.000482404,0.000485481,0.000362089,0.000555265,0.000677876,0.001150406,0.001135223,0.001356349,0.002600106,0.001790012,0.000954403,0.00061025,0.001980347,0.001773882,0.000951366,0.001769329,0.001360002,0.003178826,0.002240596,0.00107646,0.0006317,0.000433882,0.000349804,0.000473685,0.000287384,0.001034592,0.001976715,0.00226276,0.003217902,0.002172005,0.001546957,0.002066405,0.002854625,0.001364347,0.00287038,0.002990646,0.005428613,0.003028311,0.00157405,0.001410815,0.000942422,0.001927008,0.002570653,0.005816405,0.002873984,0.002133322,0.002126796,0.0022851,0.002807654,0.004556456,0.00612635,0.014014178,0.018315753,0.010421437,0.005186389,0.008258912,0.011107822,0.015898764,0.008204928,0.003687565,0.004832118,0.008482419,0.010503211,0.012117562,0.013754936,0.015367113,0.016616499,0.017006129,0.019595731,0.024010576,0.027963717,0.028488411,0.026192082,0.025003938,0.025219759,0.029617157,0.029780438,0.023583846,0.019359412,0.013519281,0.010786671,0.011242189,0.032438751,0.038228486,0.039881844,0.030887542,0.024901858,0.023053775,0.026968285,0.03427209,0.03900462,0.039800469,0.032154087
Head 0,561,0.000543281,0.000678036,0.000780552,0.000871397,0.000963418,0.00097051,0.000949571,0.000945238,0.001041569,0.001249751,0.003096628,0.002571041,0.001305561,0.000700373,0.000511961,0.000518314,0.000548028,0.000541851,0.000524984,0.000687196,0.000822996,0.001164032,0.001412501,0.000778915,0.000624422,0.000600317,0.000936293,0.001525034,0.001387026,0.000666724,0.000611235,0.000420194,0.000232571,0.000253296,0.000353299,0.000481398,0.000442409,0.00069402,0.000691872,0.000799798,0.000719952,0.00094884,0.002340343,0.001855536,0.000963268,0.00055077,0.001828602,0.001695304,0.000886632,0.001909368,0.00162373,0.002586405,0.001878309,0.001093535,0.000836655,0.000641104,0.000430522,0.000410965,0.000202768,0.000640574,0.001389463,0.002075251,0.003615191,0.001945581,0.001000465,0.001165485,0.001881765,0.001132183,0.003219618,0.003904306,0.006250864,0.003166721,0.001681946,0.001666461,0.000962225,0.001967957,0.002381589,0.004332792,0.00235644,0.002117047,0.002325763,0.002143746,0.001906416,0.002476134,0.003652096,0.010206181,0.018326748,0.015964892,0.005839832,0.007664857,0.008404744,0.011844278,0.00769731,0.003902178,0.005972814,0.009304581,0.009216431,0.009092358,0.010189964,0.012750125,0.015410933,0.015622203,0.016357923,0.018646739,0.022463627,0.026258899,0.027250914,0.026635356,0.024658438,0.027117617,0.028207419,0.026157277,0.025628733,0.019046945,0.013423297,0.011225117,0.030608458,0.034409288,0.038543504,0.033923797,0.028019875,0.023118384,0.022798145,0.026830144,0.033611298,0.042006802,0.04182962,0.034153741
Head 0,562,0.000614874,0.000670944,0.000725867,0.000840097,0.000922321,0.000960365,0.000920359,0.000910304,0.001035619,0.002892842,0.003223859,0.002046021,0.00108978,0.000647725,0.000522005,0.000502527,0.000535318,0.000563891,0.000788388,0.00090862,0.001019247,0.001240635,0.000778284,0.000698782,0.000662005,0.000991056,0.001345097,0.001374147,0.000685035,0.000951638,0.000635819,0.000269869,0.000206191,0.000239043,0.000366703,0.000453247,0.000866613,0.000902724,0.000763803,0.000567739,0.000634125,0.001795676,0.00174681,0.001049351,0.000604365,0.001763831,0.001569488,0.000721045,0.001718815,0.001781304,0.002331636,0.001522068,0.000916484,0.000877451,0.000898184,0.000677444,0.000536827,0.000199025,0.000449922,0.000852987,0.001453821,0.003830036,0.002185391,0.000892295,0.000756565,0.001089556,0.000702249,0.002534308,0.004339675,0.007276207,0.003392885,0.001676766,0.001807417,0.000867604,0.001921681,0.002413619,0.003271194,0.00168442,0.001695256,0.002328643,0.002387463,0.001834987,0.001730098,0.002386824,0.006271745,0.013610457,0.020604428,0.007191023,0.009125266,0.008067803,0.009302014,0.006490897,0.003862759,0.006986472,0.011429533,0.010090634,0.008096841,0.00774664,0.009552441,0.013087284,0.014695891,0.015179344,0.015626537,0.017403206,0.021182926,0.025084581,0.028001266,0.026505105,0.027083708,0.025922719,0.024629954,0.02805705,0.025194127,0.01898464,0.014187618,0.032840062,0.031711515,0.033037111,0.032168433,0.030060343,0.025461001,0.022698378,0.022648364,0.02636908,0.03505861,0.042760462,0.043036591,0.029449897
Head 0,563,0.000592175,0.000600709,0.000667649,0.000745809,0.000845303,0.000865273,0.000830699,0.000859028,0.002161092,0.002953777,0.002544774,0.001689139,0.000983989,0.00063571,0.000478944,0.000470645,0.000476359,0.00076617,0.00100356,0.000954205,0.00106299,0.00064367,0.000652571,0.000615146,0.001016887,0.001221583,0.001200775,0.000620644,0.001152571,0.000928356,0.00038691,0.000226436,0.000183275,0.000232582,0.000349712,0.000829419,0.001094373,0.000880275,0.000589187,0.000486306,0.001165562,0.001292435,0.001003962,0.00066839,0.001862726,0.00147753,0.000568736,0.001332212,0.001586505,0.002234373,0.001321009,0.00070846,0.000690623,0.000886365,0.000895436,0.000800245,0.000250417,0.000435434,0.000620002,0.000923569,0.003188349,0.002318376,0.000959391,0.000626531,0.00066418,0.000387322,0.00146319,0.003455148,0.007910316,0.003833027,0.00166205,0.001717405,0.000673214,0.001582763,0.002251579,0.00295935,0.001284492,0.001179779,0.001807815,0.002282831,0.001940654,0.001556426,0.001842458,0.003958669,0.008277969,0.018136,0.007015265,0.010757877,0.009203797,0.008704958,0.005545024,0.003398099,0.006395811,0.012539987,0.012033596,0.008713984,0.006773753,0.006997658,0.009606319,0.012239441,0.014057081,0.014356439,0.014470158,0.016104789,0.01949792,0.02478697,0.027017632,0.028759947,0.025732974,0.022367118,0.02598704,0.027027734,0.024500171,0.019822929,0.041191805,0.035461754,0.031590745,0.0293593,0.029247781,0.027290747,0.025046643,0.022602722,0.022826074,0.027894663,0.03634692,0.044779081,0.037093595,0.03071182
Head 0,564,0.000534938,0.000556192,0.00058356,0.000672642,0.000756539,0.000782648,0.000787666,0.001594054,0.002180439,0.002301515,0.002112801,0.001546128,0.000973107,0.000578129,0.00044544,0.000370823,0.000615488,0.000959737,0.000975606,0.00100873,0.000529373,0.000536041,0.000485092,0.000912379,0.001212872,0.001107345,0.000585005,0.001107958,0.001126998,0.000574777,0.000334535,0.000205346,0.000178441,0.000255149,0.000619398,0.00102224,0.001064706,0.000728071,0.00048602,0.000817236,0.00083599,0.000781967,0.000604669,0.002009501,0.001539823,0.000508222,0.001027806,0.001166069,0.002108683,0.00127091,0.000627304,0.000536728,0.000702713,0.000886197,0.001069235,0.000323434,0.000530349,0.000594315,0.000657905,0.002129209,0.001963896,0.001040807,0.000669448,0.000536987,0.000248873,0.000766821,0.001941629,0.006514231,0.004028925,0.001757576,0.001637883,0.00053917,0.00118408,0.00178353,0.003047646,0.001182654,0.000887156,0.001228942,0.001738157,0.001842505,0.001619758,0.001632349,0.003017806,0.005285942,0.011250062,0.005078583,0.010316305,0.010653366,0.009778417,0.005577269,0.002880609,0.004758549,0.010811325,0.012989881,0.010362536,0.007350606,0.006045566,0.006978804,0.00894675,0.011620264,0.01324576,0.013237478,0.013161782,0.014451418,0.018639695,0.023401303,0.028744811,0.027124396,0.021910679,0.023546057,0.02463031,0.025819099,0.025150195,0.050938424,0.044525571,0.03581018,0.028813412,0.027179454,0.02685881,0.027077463,0.025085364,0.023152968,0.024627127,0.029332284,0.038520828,0.039128095,0.038878933,0.031376295
Head 0,565,0.000430807,0.000426393,0.000459074,0.000521327,0.000587706,0.000630598,0.001189265,0.001378306,0.001440598,0.001679561,0.001794186,0.001463254,0.000848186,0.000498688,0.000280021,0.000400527,0.000661752,0.000912387,0.001000242,0.000454166,0.000389107,0.000302383,0.000590553,0.001030232,0.000954802,0.00051693,0.000851048,0.00096636,0.00060542,0.000435249,0.000264328,0.000170574,0.000191296,0.000394527,0.000684151,0.0009359,0.000766239,0.000525422,0.000641328,0.000493681,0.00042965,0.000379913,0.001723299,0.001595135,0.000521591,0.000955232,0.000864022,0.001743549,0.001108089,0.000564889,0.000438678,0.00050973,0.000654436,0.001013072,0.000335119,0.000630781,0.000675424,0.000597067,0.001403286,0.001340171,0.000926182,0.000760261,0.00059217,0.000212408,0.000502083,0.001026425,0.004073278,0.003533431,0.001939726,0.001859383,0.000550203,0.001044475,0.001356891,0.00330761,0.001291263,0.00085838,0.000987508,0.001300853,0.001534849,0.001642843,0.001357882,0.002585745,0.003985107,0.006375957,0.003063144,0.007558384,0.010245676,0.011170821,0.007668548,0.002970966,0.003493133,0.007848304,0.011338027,0.011429871,0.009017359,0.006678364,0.005996444,0.006423596,0.008304466,0.010812597,0.012237922,0.012336669,0.012272566,0.014186943,0.017916884,0.024737388,0.027003663,0.023073999,0.023695493,0.022547891,0.023622736,0.026069036,0.053678248,0.051928148,0.044050131,0.032254562,0.027160712,0.025555214,0.026581518,0.026666552,0.024918903,0.024678126,0.025708137,0.031220956,0.03452624,0.041449696,0.040097542,0.035949849
Head 0,566,0.000376646,0.000381011,0.000406507,0.000468341,0.000549747,0.001189004,0.001142223,0.000981796,0.001113445,0.001518024,0.001805379,0.001371479,0.000786238,0.000323097,0.000349078,0.000477661,0.000773406,0.000974224,0.000483214,0.000362416,0.000261471,0.000448504,0.000898162,0.000902944,0.000524439,0.000746838,0.000820889,0.000558623,0.000512425,0.000394136,0.000253896,0.000221755,0.000351575,0.000511983,0.000654006,0.000731092,0.000632357,0.00073314,0.000441548,0.000287496,0.000246627,0.001187927,0.001446059,0.000592272,0.001152597,0.00089856,0.001576328,0.000989361,0.000553744,0.000440522,0.000458805,0.000509845,0.000822813,0.000341297,0.00074209,0.000865885,0.000727912,0.001202046,0.000927732,0.000673434,0.000716651,0.00070083,0.000239422,0.000496175,0.000739446,0.00224685,0.002282801,0.001726321,0.002046461,0.000699183,0.001250455,0.001297707,0.003480981,0.001436345,0.000963096,0.000957671,0.001041387,0.001127883,0.00137476,0.001072345,0.002347331,0.003661583,0.004428455,0.002092022,0.005045559,0.00807295,0.011263769,0.011732353,0.003901996,0.003303655,0.006145162,0.008598801,0.010285543,0.010227074,0.008537319,0.006825314,0.005803894,0.00629652,0.008091209,0.010228976,0.011756772,0.0118738,0.012473905,0.01418048,0.019459767,0.023820342,0.023664264,0.025849987,0.023209937,0.022113992,0.023996335,0.052239414,0.052905276,0.049863864,0.036804631,0.02897835,0.024690559,0.0243045,0.025489038,0.025553335,0.025949007,0.025215972,0.026695326,0.027515324,0.035247374,0.040625323,0.044633146,0.035027586
Head 0,567,0.000322501,0.000321748,0.000349824,0.000422017,0.001243307,0.001119725,0.000785242,0.000714124,0.000951707,0.001460537,0.001659588,0.001253787,0.000442055,0.000399234,0.000401918,0.000600328,0.0007994,0.000493369,0.00037272,0.000269035,0.000388827,0.000728755,0.000773584,0.000445329,0.000688944,0.000701075,0.000447536,0.000449832,0.000450574,0.000372803,0.000281384,0.000388057,0.00044793,0.000385884,0.000547713,0.000590791,0.000838865,0.000499995,0.000246242,0.000183164,0.000679826,0.000966033,0.000525526,0.00127812,0.001087474,0.00158022,0.000874855,0.000493887,0.000432122,0.000455081,0.000445964,0.000640987,0.000352253,0.000791625,0.000998989,0.000905669,0.001378587,0.000787368,0.000463245,0.000516527,0.000656738,0.000246304,0.000566085,0.000726998,0.001470492,0.001293664,0.001153811,0.001836624,0.000819495,0.001716014,0.001612142,0.003862012,0.001535228,0.001099929,0.001089184,0.001017587,0.000895243,0.001019821,0.000777123,0.001876333,0.003243985,0.004165652,0.001674847,0.003471664,0.005411643,0.008776517,0.015539626,0.00581024,0.00376987,0.005929505,0.006739716,0.00783419,0.009137304,0.009670826,0.008568358,0.006539281,0.005675433,0.006091769,0.007512122,0.009805429,0.011216355,0.01207805,0.012499052,0.015462328,0.018711666,0.021075679,0.026447311,0.025384828,0.022910209,0.02258986,0.054358296,0.05110991,0.050052334,0.039698351,0.032058183,0.025751555,0.023172859,0.023245301,0.024199065,0.026178395,0.026293814,0.026025381,0.023469435,0.028125884,0.034684163,0.045145325,0.043499473,0.034024365
Head 0,568,0.000304039,0.000305698,0.000349157,0.001278241,0.001274173,0.000856269,0.000631194,0.000666703,0.000985109,0.001429668,0.001596542,0.00064269,0.000613251,0.000506182,0.000568516,0.000656657,0.000479465,0.000411199,0.000334968,0.000443917,0.000645692,0.000671355,0.000372192,0.000703442,0.000712215,0.000418044,0.000386313,0.000425238,0.000466575,0.000365541,0.000534994,0.000553214,0.000305234,0.000452263,0.000496269,0.000835719,0.000634909,0.00030642,0.000203404,0.000489343,0.000625012,0.000382818,0.001100899,0.001235156,0.00176548,0.000867687,0.000445761,0.000410731,0.00047798,0.000468989,0.000594038,0.000423201,0.000872275,0.00108384,0.001056471,0.001939028,0.000945297,0.000411712,0.000360992,0.000472469,0.000199653,0.000554835,0.00080432,0.001310851,0.000840493,0.000669935,0.001219883,0.000703306,0.001944101,0.002140765,0.004406982,0.00159091,0.001169637,0.001252436,0.001139056,0.000845138,0.000776804,0.000607338,0.001381114,0.002560463,0.004454983,0.001558131,0.002832579,0.003815913,0.00598586,0.014105977,0.007236635,0.004379019,0.006933813,0.006492855,0.006232318,0.007020754,0.008637445,0.009556409,0.008055403,0.006369998,0.005506446,0.005711869,0.007317761,0.009278292,0.011289045,0.011876176,0.013396091,0.014578561,0.016519079,0.023030251,0.025817668,0.025020646,0.023598775,0.064252473,0.053744171,0.048718076,0.039964367,0.034520518,0.028100589,0.024068648,0.021882366,0.021780727,0.023939142,0.025886755,0.026648775,0.02240775,0.023844602,0.027522434,0.036400307,0.042286314,0.041136667,0.029916717
Head 0,569,0.000233338,0.000245702,0.000997976,0.001135663,0.000833936,0.000580015,0.00048404,0.000562789,0.000799694,0.001180869,0.000583937,0.000748464,0.000660544,0.000653751,0.000559053,0.000375663,0.000359953,0.000308431,0.000450164,0.000574826,0.000523923,0.000238531,0.000559871,0.000619153,0.000369445,0.000305932,0.000306097,0.000369335,0.000304376,0.000541358,0.000600754,0.000289019,0.000360565,0.000331668,0.000542241,0.000553073,0.000334335,0.000226172,0.000394224,0.000370081,0.000214887,0.000631988,0.000935137,0.001759994,0.000866902,0.000376732,0.000318565,0.000393141,0.000432456,0.000555969,0.000502254,0.000987736,0.001122306,0.001031391,0.002307719,0.001177905,0.00043796,0.000283631,0.000299538,0.000125582,0.000388096,0.000716038,0.001402039,0.000676822,0.000390631,0.00063804,0.000409633,0.001487785,0.0023162,0.00532081,0.001673442,0.00112092,0.001262537,0.001242811,0.000913158,0.000708283,0.000521432,0.001003465,0.001723272,0.004304397,0.001218101,0.002269782,0.002756915,0.003823025,0.00895598,0.006203425,0.003783789,0.007494164,0.006917055,0.005502163,0.005139588,0.006082125,0.007956339,0.008333779,0.007272084,0.00566387,0.004755079,0.005054995,0.006255538,0.00856956,0.010370644,0.012031348,0.011843105,0.011995814,0.016475514,0.020814437,0.023863738,0.024763487,0.081249133,0.064562649,0.050848898,0.038573042,0.033780262,0.029389985,0.026545266,0.023040758,0.021154646,0.021910153,0.024016786,0.026722034,0.023178317,0.02335299,0.024487391,0.029282287,0.035639722,0.042083453,0.037277635,0.033288628
Head 0,570,0.000231922,0.000831241,0.001000522,0.000839619,0.000659378,0.000524504,0.000482819,0.000536549,0.000765886,0.000487324,0.000819199,0.000937524,0.00104131,0.000690167,0.000358617,0.000323623,0.00027907,0.000462545,0.000595966,0.000505344,0.000219357,0.00046627,0.000561436,0.000382322,0.000318526,0.000281452,0.000307256,0.00027664,0.000554102,0.000709929,0.000431812,0.000432688,0.000323537,0.000373572,0.000423587,0.000347091,0.00028998,0.000486851,0.000354803,0.000172336,0.00039769,0.000603706,0.001549699,0.000937578,0.000401421,0.000296165,0.000339435,0.000393558,0.000555934,0.000579543,0.001213459,0.001360597,0.001136778,0.002449396,0.001515073,0.000608917,0.000334918,0.00025619,9.44E-05,0.000252684,0.000524274,0.001476279,0.0007148,0.000323163,0.000387296,0.000235826,0.000866189,0.001791877,0.005455272,0.001839596,0.001137364,0.001214215,0.001255852,0.001012389,0.000771443,0.000541982,0.000909016,0.001347899,0.003342746,0.000922248,0.001907509,0.002383025,0.003030765,0.005257727,0.003935542,0.002709251,0.00689903,0.007719587,0.006077177,0.004848805,0.004751716,0.00598463,0.007258458,0.00777482,0.006677622,0.005191209,0.004429402,0.00459353,0.006086181,0.008243056,0.010771834,0.010864261,0.009964098,0.01225454,0.015197456,0.019542251,0.023881698,0.088197328,0.079372182,0.060349409,0.040640317,0.033013321,0.0289673,0.028065963,0.025072051,0.021863701,0.020745404,0.021036575,0.023561047,0.022133959,0.022984413,0.022999059,0.024495045,0.027049778,0.033037353,0.035734396,0.039857991,0.031154605
Head 0,571,0.000632885,0.000739589,0.000651988,0.00059436,0.000530289,0.000450681,0.000386016,0.000425512,0.000293,0.000574387,0.000895129,0.001606493,0.001021981,0.000385521,0.000268987,0.000185297,0.000330526,0.000552619,0.000497948,0.000206121,0.000361786,0.000413343,0.000301891,0.000282294,0.000248787,0.000238743,0.000220459,0.000453361,0.000624442,0.000572931,0.00045696,0.000314295,0.000248656,0.000241615,0.000227961,0.000253552,0.000543347,0.000378395,0.000160214,0.000276513,0.000332785,0.000916714,0.000762436,0.000398331,0.000288883,0.000291201,0.000310622,0.000458355,0.000494793,0.001256886,0.001633497,0.001359061,0.002134517,0.001494443,0.000713268,0.000428051,0.000276738,8.65E-05,0.000182002,0.000344588,0.001303364,0.000792156,0.000348162,0.000317676,0.000158883,0.000480721,0.001047981,0.004538883,0.001979568,0.001293928,0.001286781,0.001259362,0.001044475,0.000855547,0.000532492,0.000919705,0.001251323,0.002564352,0.000619169,0.001382035,0.001877461,0.002446952,0.003483451,0.002242863,0.001688504,0.005030524,0.007216408,0.006650919,0.005211528,0.004309999,0.004518129,0.005321629,0.006633597,0.007036187,0.00610636,0.004701729,0.003941671,0.00430933,0.005690279,0.00837088,0.00972257,0.009180061,0.010396014,0.011396683,0.014304101,0.019391939,0.076775208,0.08772102,0.076506674,0.048747685,0.034714788,0.027597195,0.026637765,0.025531219,0.023226006,0.02189544,0.020406712,0.021221038,0.02037295,0.022313328,0.023073573,0.024095839,0.023421122,0.025611203,0.0295159,0.040156726,0.038566358,0.034523349
Head 0,572,0.000552424,0.000472638,0.000468882,0.000509815,0.000496965,0.000396899,0.000329031,0.000201972,0.000365198,0.000654019,0.001891537,0.00159067,0.000565395,0.000304396,0.000145347,0.000225605,0.000454928,0.000484879,0.000227468,0.00034934,0.000352462,0.000241225,0.000246336,0.000241353,0.000226037,0.000211122,0.000414702,0.000561229,0.000673798,0.000482629,0.000353871,0.000239328,0.000164288,0.000132554,0.000186299,0.000492895,0.000443,0.000196231,0.000288462,0.000245621,0.000482548,0.000471918,0.000338459,0.000301451,0.000306673,0.000294507,0.000408798,0.000396194,0.001138808,0.001798438,0.001744685,0.001869618,0.001336584,0.000726552,0.000553133,0.000389385,0.000108645,0.000183727,0.000270966,0.000927479,0.000761619,0.000433036,0.000395686,0.000165784,0.000379975,0.000653152,0.002917926,0.001773647,0.001503528,0.001610891,0.001500236,0.001161515,0.000982369,0.00050653,0.000972013,0.001373898,0.002177172,0.00050818,0.001087383,0.001523453,0.002123886,0.003314598,0.001659841,0.001251923,0.003578654,0.005902772,0.006827389,0.006255959,0.005163767,0.004523284,0.004394529,0.005249984,0.006411097,0.006874817,0.005915203,0.004603638,0.00402092,0.004341707,0.006129416,0.007972148,0.008728264,0.010350046,0.01046604,0.011695378,0.01523451,0.055717073,0.075990692,0.084647715,0.06080528,0.042029507,0.029487403,0.025333902,0.024070522,0.023068221,0.023110829,0.021295303,0.020401398,0.018675074,0.020762704,0.02279502,0.025513455,0.023686446,0.022481836,0.023589538,0.033215828,0.03945053,0.04515513,0.032209363
Head 0,573,0.000400423,0.000364011,0.000423549,0.000502955,0.000474831,0.000376441,0.000195418,0.000295951,0.000484044,0.001601485,0.001982272,0.000917446,0.000483055,0.000172505,0.000204309,0.00037847,0.00043278,0.000245702,0.000379645,0.000353922,0.000211681,0.000211264,0.000234298,0.000250628,0.000236833,0.000446868,0.000576106,0.000681156,0.000507813,0.000428211,0.000357482,0.00018761,0.000108688,0.000155397,0.00036319,0.000447085,0.000250709,0.00039368,0.00028086,0.000351153,0.000299428,0.000251584,0.000288397,0.000343645,0.000323661,0.00040076,0.000327762,0.000907717,0.001582165,0.001908054,0.001791469,0.001228413,0.000657665,0.000591914,0.000532283,0.000142267,0.000226113,0.000266775,0.000619046,0.000539408,0.000400047,0.000455638,0.000181162,0.000371232,0.000484312,0.001620183,0.001146982,0.001294994,0.001734557,0.001732231,0.001254741,0.001020928,0.000425345,0.000857891,0.001339388,0.001974176,0.000480939,0.000891988,0.001165945,0.001667667,0.003522878,0.001554137,0.001049881,0.002579147,0.004069085,0.005322919,0.006010415,0.005980996,0.005312563,0.004415891,0.004410475,0.005120396,0.006177848,0.00656409,0.00574604,0.004673693,0.004045689,0.004703226,0.005837191,0.007130828,0.009568206,0.010118606,0.010411213,0.011965591,0.042433646,0.057588309,0.075622238,0.067804366,0.053622633,0.036983959,0.028335242,0.024574196,0.023324659,0.024610758,0.023917243,0.022129154,0.018430652,0.019235818,0.021149348,0.025231704,0.025068583,0.022991497,0.021132624,0.026207048,0.033121027,0.045800347,0.042837769,0.03047733
Head 0,574,0.000285049,0.000302546,0.000384362,0.000441673,0.00040908,0.000176551,0.00024862,0.000350567,0.000979279,0.001586961,0.001077178,0.000733426,0.000222552,0.000222273,0.000338211,0.000342015,0.000194628,0.000383083,0.000370439,0.000196308,0.000166066,0.000178533,0.00021781,0.000201132,0.000414059,0.00055889,0.000574679,0.00044459,0.000392004,0.000502698,0.000251257,0.00011271,0.000135908,0.000224022,0.000311647,0.000224651,0.000438614,0.000339579,0.000319234,0.000194414,0.000145862,0.000193106,0.000298873,0.000337768,0.000413248,0.000291884,0.000692751,0.00110405,0.001495086,0.001647018,0.001124776,0.000544603,0.000485748,0.000527992,0.000149884,0.000264303,0.000303114,0.000505947,0.000361439,0.000282877,0.000410565,0.000163917,0.000372145,0.000432913,0.001001199,0.000618369,0.000800489,0.001438889,0.001833187,0.00141078,0.00107272,0.000363585,0.000675268,0.001092948,0.002047065,0.000485163,0.000812376,0.000919264,0.001198023,0.003431729,0.00156905,0.000875132,0.001986234,0.002751464,0.00346237,0.004293887,0.005281551,0.005684271,0.004806918,0.004163794,0.004070455,0.004665071,0.005710428,0.006161598,0.005662669,0.004515779,0.00424621,0.004309788,0.005051625,0.007434276,0.009093826,0.009804643,0.01033619,0.038340226,0.044247959,0.056753334,0.060921825,0.06013345,0.047384493,0.035744313,0.027493538,0.023779713,0.024665991,0.0258621,0.025553534,0.020412771,0.019737147,0.020246916,0.023523886,0.025314856,0.02503966,0.021826096,0.023742845,0.027351767,0.038439937,0.044446778,0.041480865,0.034420468
Head 0,575,0.000251974,0.000289696,0.000355981,0.000407144,0.0001632,0.000248396,0.000326986,0.000657226,0.001042921,0.000914058,0.000915069,0.000309046,0.000323565,0.00041778,0.000313558,0.000152003,0.000344527,0.000383559,0.000218808,0.000163024,0.000149745,0.000179994,0.000162453,0.000369134,0.000568472,0.00053218,0.00045537,0.000378506,0.000633637,0.000375767,0.000167272,0.000165791,0.000177085,0.000205369,0.00018496,0.000419021,0.000414167,0.000406049,0.000190037,0.000104335,0.000121953,0.000214765,0.000317562,0.000458484,0.000347582,0.000731396,0.000937815,0.00113247,0.001500247,0.001099489,0.000515825,0.000409724,0.000447433,0.000151939,0.000296881,0.000373928,0.000583787,0.000306048,0.000194725,0.000289256,0.000125412,0.00034508,0.000456949,0.000893062,0.000404589,0.000454856,0.000921693,0.001548854,0.001530173,0.001241871,0.000406056,0.000628957,0.000894361,0.002207231,0.000493826,0.0008348,0.000878658,0.00100436,0.00295252,0.001557563,0.000736783,0.001750545,0.002255794,0.002527433,0.002969872,0.003982543,0.005338759,0.005428115,0.004794829,0.004056773,0.003883739,0.00449919,0.005470581,0.006200819,0.005584028,0.004889609,0.004005931,0.003856268,0.005336616,0.007238448,0.009041134,0.010083163,0.042224083,0.041281339,0.043984216,0.046863798,0.053518578,0.052284703,0.045575228,0.034268651,0.026524359,0.02462492,0.02548271,0.027102295,0.022479372,0.021298647,0.020157702,0.021005346,0.022537138,0.024444323,0.02275864,0.02432164,0.024440151,0.029908225,0.034846485,0.041598525,0.04570343,0.032184575
Head 0,576,0.000223144,0.000251151,0.000309913,0.0001132,0.000201601,0.000285493,0.000510209,0.000640375,0.000541204,0.000709031,0.000300482,0.000417853,0.000651121,0.000369421,0.000121831,0.000272494,0.000331575,0.000232095,0.000178981,0.000141526,0.000142464,0.000112316,0.000262741,0.000458367,0.000496408,0.000464996,0.000365907,0.000612295,0.000440093,0.00022899,0.000195888,0.000178779,0.000146056,0.000144762,0.000324193,0.000383271,0.000480147,0.000221475,9.04E-05,7.61E-05,0.000117713,0.000204241,0.000391936,0.000407185,0.000951605,0.001073007,0.001006421,0.001268335,0.000966593,0.000488942,0.000365421,0.000355163,0.00016666,0.00032902,0.000438572,0.000779742,0.000338803,0.000160896,0.000193546,9.14E-05,0.000275276,0.000450461,0.001025367,0.000353721,0.000288039,0.000503885,0.000958652,0.001299761,0.001367234,0.000534062,0.000758808,0.00086726,0.002288881,0.000427814,0.000799068,0.000886781,0.000961516,0.002302555,0.001294474,0.000530997,0.001415774,0.001902988,0.00201394,0.002136873,0.002704105,0.00397341,0.004961307,0.005204911,0.004488226,0.003744063,0.003610747,0.004156336,0.00533478,0.005965811,0.005874188,0.004469716,0.003461191,0.003916309,0.00498893,0.006940003,0.009069862,0.045968842,0.044461191,0.039948098,0.036084801,0.039959837,0.045674421,0.0498452,0.04259976,0.032176588,0.026481424,0.024275251,0.025554741,0.022568759,0.02280312,0.021592762,0.020887058,0.020333853,0.021898093,0.022096777,0.026019797,0.024830386,0.02667398,0.026550826,0.033472974,0.047213618,0.043543495,0.035252694
Head 0,577,0.000191567,0.000211468,7.39E-05,0.000144134,0.000233436,0.000512594,0.000499517,0.00032468,0.000412829,0.000218008,0.000410678,0.001005599,0.000554639,0.000126926,0.000234212,0.000255284,0.000208058,0.000191097,0.000153533,0.000131397,8.86E-05,0.000182835,0.000309591,0.000457648,0.000426076,0.00035809,0.000527564,0.000417535,0.000262023,0.00019886,0.000243958,0.000151218,0.000130253,0.000244276,0.000279794,0.000449816,0.000271487,0.000108098,6.82E-05,7.51E-05,0.000112641,0.000246413,0.000319673,0.000977804,0.001248025,0.001021332,0.001104632,0.000798341,0.000447515,0.000353006,0.000313541,0.000186672,0.000344664,0.000434639,0.000986675,0.000447259,0.000179221,0.000156193,6.57E-05,0.000173587,0.000316129,0.001109506,0.000386064,0.000244484,0.000307556,0.000499877,0.000779229,0.001118857,0.000572087,0.000947602,0.000999369,0.002408784,0.000331197,0.000651947,0.000812861,0.000954084,0.001817371,0.00095255,0.000361775,0.001012953,0.001495134,0.001647054,0.00166763,0.001883426,0.002588896,0.003538529,0.004553729,0.004734205,0.004077931,0.003400863,0.003272469,0.003958048,0.005056192,0.00615522,0.005333335,0.003840556,0.003545688,0.003620963,0.004699484,0.006776936,0.041120782,0.047742721,0.043111227,0.032932393,0.03062032,0.034377232,0.043392852,0.046326905,0.039906099,0.03281977,0.026424903,0.02475423,0.021636833,0.023243085,0.023445316,0.023066536,0.02011643,0.019290548,0.019679258,0.025331821,0.026047181,0.027577057,0.02308359,0.025129201,0.036735274,0.043900039,0.048417363,0.036078397
Head 0,578,0.000172532,5.84E-05,0.000109418,0.000188023,0.000597689,0.000535248,0.000271605,0.000266638,0.000155424,0.000331087,0.001244474,0.000908684,0.000179789,0.000284282,0.000228199,0.000172031,0.000181098,0.00017391,0.000152349,0.000100771,0.000173169,0.000240967,0.000409499,0.000363466,0.000368175,0.000488376,0.00038356,0.000258215,0.00019566,0.000367353,0.0002202,0.000159206,0.000248349,0.000235202,0.000326491,0.00027535,0.000143827,8.97E-05,7.41E-05,7.72E-05,0.000143169,0.000205817,0.000794082,0.001405591,0.001334681,0.001197568,0.000732245,0.000401252,0.000348498,0.0003221,0.000249762,0.000451644,0.000504208,0.001096276,0.000599272,0.000256165,0.000187571,6.73E-05,0.000136095,0.000220944,0.000983653,0.000449114,0.00029144,0.000284734,0.000330831,0.000435224,0.000710566,0.000489605,0.001121385,0.001397155,0.002933873,0.000308788,0.000548455,0.000695284,0.000917851,0.001641244,0.000764638,0.000306316,0.000785651,0.001172216,0.001381879,0.001469734,0.001607784,0.001968299,0.002532284,0.003541758,0.004509934,0.004654511,0.003983699,0.003339844,0.003355992,0.004010041,0.00548474,0.005871348,0.004817915,0.004243147,0.003486477,0.003610937,0.004797164,0.029432416,0.042952608,0.047299266,0.036176812,0.02871065,0.027245102,0.032821003,0.040661145,0.043160774,0.041403629,0.033005677,0.027071469,0.021088148,0.021911783,0.023262883,0.025456831,0.02194874,0.018755516,0.017415218,0.02173466,0.024630699,0.028922962,0.024019575,0.02190703,0.027165258,0.034176193,0.048285682,0.049410269,0.032668579
Head 0,579,4.96E-05,8.25E-05,0.00013279,0.000563027,0.000568542,0.000272288,0.000210012,0.000112163,0.000222049,0.000997498,0.001078242,0.000226846,0.000426537,0.000260844,0.000147393,0.000146368,0.000164849,0.000172361,0.000119561,0.000186593,0.000208982,0.000320663,0.000253472,0.000306416,0.000480858,0.000361724,0.000226554,0.000164796,0.000436876,0.000313776,0.000185558,0.000282692,0.000227697,0.000217777,0.000203036,0.000145768,0.000116284,9.38E-05,7.19E-05,9.40E-05,0.000112523,0.000431424,0.001007831,0.0013466,0.00133965,0.000707586,0.000330866,0.000293911,0.000312269,0.000267306,0.000541695,0.000580945,0.000953524,0.000600267,0.000314351,0.000255192,7.52E-05,0.000122955,0.000153888,0.000633788,0.000377772,0.000307728,0.000297415,0.000264078,0.000244816,0.000345655,0.000262774,0.00080465,0.00141935,0.003380971,0.000304142,0.000456601,0.000513253,0.000706453,0.001598449,0.000680531,0.0002757,0.000599048,0.00079336,0.00093115,0.001069317,0.001273397,0.001517129,0.001740522,0.002270627,0.003115844,0.003892996,0.004040022,0.003530312,0.003136774,0.003127694,0.004048735,0.004868104,0.004920074,0.004967393,0.003875436,0.0032203,0.003413447,0.019266967,0.030358607,0.041365858,0.037883028,0.03026163,0.024793977,0.025252186,0.03114328,0.038712539,0.046346739,0.042916745,0.034566656,0.023578683,0.021839999,0.022633247,0.027277952,0.025883699,0.021792373,0.017880969,0.019228483,0.022024499,0.028576419,0.027312236,0.02401212,0.024589229,0.026381625,0.037474722,0.05055844,0.046255119,0.03600549
Head 0,580,7.98E-05,0.000116074,0.000488046,0.000573146,0.000308585,0.000228004,0.000106195,0.000180358,0.000665104,0.000934558,0.000247448,0.000708566,0.000412646,0.000172425,0.000129126,0.000137258,0.000169076,0.000137779,0.000232306,0.000246028,0.000278866,0.000195595,0.000234216,0.000461414,0.000369367,0.000226952,0.000172457,0.000456672,0.000397355,0.00020682,0.000346711,0.000282789,0.000183962,0.000143434,0.000117769,0.000127161,0.000131617,9.86E-05,9.50E-05,8.75E-05,0.00024888,0.000586799,0.001058687,0.001516426,0.000837392,0.000326283,0.00024799,0.000273929,0.000236162,0.000580363,0.000732338,0.000859063,0.000542283,0.000323235,0.000332746,9.01E-05,0.000142185,0.000147668,0.000413005,0.000262768,0.000271428,0.000327971,0.000289092,0.000202112,0.000200637,0.000142012,0.000449948,0.00107195,0.003615381,0.000366414,0.000496636,0.00045245,0.000543379,0.00158215,0.000701885,0.000289737,0.000572201,0.000645357,0.000666549,0.000744481,0.000964961,0.001260033,0.001417875,0.001673657,0.002141001,0.002832227,0.003550785,0.003702143,0.003448389,0.00302916,0.00332736,0.00373839,0.004207961,0.005175171,0.004681251,0.003707751,0.003190834,0.014777891,0.020447483,0.029591758,0.033992004,0.03235149,0.026484439,0.02321138,0.024608221,0.030342603,0.041618373,0.048318479,0.045205753,0.029967658,0.024445701,0.022255709,0.026000982,0.027422285,0.025833759,0.020636953,0.019323457,0.019656438,0.024354739,0.02636099,0.026394134,0.026431603,0.023720989,0.027819239,0.038342871,0.04624125,0.049255062,0.038260467
Head 0,581,9.69E-05,0.000382761,0.000487469,0.000293874,0.00024332,8.91E-05,0.000141861,0.000387393,0.000546718,0.000180905,0.000873388,0.000673328,0.000263325,0.000144805,0.000112661,0.000128166,0.000107976,0.000230285,0.000294762,0.000294141,0.000172458,0.000160379,0.00035711,0.000306873,0.000200734,0.000175602,0.000402217,0.00037649,0.00018043,0.000342174,0.000307961,0.000176457,9.79E-05,6.91E-05,8.48E-05,0.000122432,0.000122083,0.000114033,9.26E-05,0.000181707,0.000328564,0.000623409,0.001208307,0.000908014,0.000360478,0.000232602,0.000226628,0.000182435,0.000517007,0.000854076,0.000798731,0.000468878,0.000270283,0.000337802,0.00010622,0.000185224,0.00018578,0.000332972,0.000176885,0.000196032,0.000316874,0.000365635,0.000260139,0.00019017,0.000109755,0.000274843,0.000688433,0.003201198,0.000456913,0.000709655,0.000569856,0.000532553,0.001623806,0.000739565,0.000297321,0.000632456,0.000674134,0.000594315,0.000563759,0.000693011,0.000980346,0.001191512,0.001392314,0.001629381,0.00204628,0.002741375,0.003434702,0.003813331,0.003474266,0.003388218,0.003182826,0.003339142,0.004540241,0.005128695,0.004747022,0.003942329,0.014408764,0.015487307,0.019499084,0.024901053,0.029358536,0.028361196,0.024748823,0.022322245,0.023683539,0.031295188,0.042238735,0.050180431,0.038041845,0.03037202,0.023905525,0.02379768,0.024593208,0.026123792,0.022808949,0.022138173,0.0197648,0.021250863,0.022338059,0.025541632,0.02944063,0.025354302,0.025105689,0.02880062,0.036035247,0.051321577,0.053648494,0.042148478
Head 0,582,0.000319195,0.0003945,0.00024534,0.000243984,7.81E-05,0.000134198,0.00031683,0.000344718,0.000127199,0.000709826,0.000839346,0.000436031,0.000230608,0.000132172,0.000109884,7.74E-05,0.000177839,0.000293693,0.000339639,0.000204136,0.000148568,0.000296366,0.000257872,0.000190161,0.00018074,0.000379013,0.000347025,0.000167979,0.000329348,0.000324372,0.000245504,0.000104856,5.39E-05,5.48E-05,8.83E-05,0.000124331,0.000154756,0.000128529,0.000202847,0.00024853,0.000348813,0.000700954,0.000749816,0.000397689,0.000260003,0.000217423,0.000145583,0.000385421,0.000728836,0.000766115,0.000440733,0.000229297,0.000287987,0.000111699,0.000212897,0.000228878,0.000373929,0.000146383,0.000130391,0.000219313,0.000334249,0.000320792,0.000238628,0.000111041,0.000202091,0.000400583,0.001906071,0.000405001,0.000844327,0.000783402,0.000659723,0.001820487,0.000788138,0.000262005,0.00061909,0.00072359,0.000617138,0.000508285,0.000533495,0.000730685,0.000960505,0.001209469,0.001392149,0.001596012,0.001989939,0.00265376,0.003530552,0.003885114,0.003962051,0.003312514,0.002886346,0.003608818,0.004500536,0.005181904,0.005071829,0.016719423,0.014993619,0.014848512,0.016886687,0.021542037,0.025668457,0.026538583,0.023890406,0.022001635,0.024596734,0.03193596,0.044082802,0.041853704,0.038749438,0.030072624,0.025771625,0.022900565,0.023868239,0.02297128,0.025498331,0.022141093,0.020961948,0.018451421,0.02112486,0.028203724,0.027688209,0.027270045,0.025415966,0.026061814,0.038677312,0.053504955,0.059589557,0.04010345
Head 0,583,0.000319461,0.000180866,0.000189358,5.53E-05,0.000111074,0.000327413,0.000271738,9.19E-05,0.000413173,0.000651188,0.000524724,0.000375086,0.00020762,0.000126332,5.93E-05,0.000117748,0.00021394,0.000350286,0.000239971,0.00016628,0.000265955,0.000208123,0.00015769,0.000145873,0.000360008,0.000319001,0.000164611,0.000312058,0.000297819,0.000339919,0.000141037,5.69E-05,4.09E-05,5.37E-05,8.40E-05,0.000148131,0.000155438,0.000270276,0.000270684,0.00025475,0.000351374,0.000428982,0.000329996,0.000279821,0.000234168,0.000145048,0.000322246,0.000547233,0.000698067,0.000429539,0.000212607,0.000235052,0.000123923,0.00023366,0.000259869,0.000513236,0.00016529,0.000107688,0.000142731,0.000225953,0.000295618,0.000294594,0.000129067,0.000204509,0.00029713,0.001009563,0.000264067,0.000721635,0.000927094,0.000901569,0.002282738,0.00085012,0.000215677,0.000524408,0.00069731,0.00065763,0.000529643,0.000474403,0.000551535,0.00070022,0.000949503,0.001186567,0.001350982,0.001523803,0.001901232,0.002660681,0.003531359,0.004308717,0.003823644,0.002966907,0.003112178,0.003520436,0.00445517,0.005403518,0.018719705,0.016768165,0.014310109,0.012825396,0.014466046,0.018688444,0.023443667,0.024852971,0.022974895,0.022422455,0.024639487,0.032959279,0.036576767,0.042152531,0.037971374,0.032599166,0.024497254,0.021648739,0.02050644,0.0257538,0.024625063,0.023848375,0.017835122,0.01740871,0.023134263,0.02653547,0.030978329,0.028375283,0.023208702,0.028553575,0.041347794,0.060005199,0.057941962,0.03917595
Head 0,584,0.000149468,0.000137606,3.84E-05,8.35E-05,0.000368538,0.000288112,8.23E-05,0.000258863,0.000394398,0.000412395,0.000450179,0.000336271,0.000198202,6.43E-05,9.51E-05,0.000145522,0.00029765,0.000238393,0.000202421,0.000279183,0.000187522,0.000126969,0.000103499,0.000338296,0.000321303,0.000178979,0.00033079,0.000284872,0.000416628,0.00020331,8.25E-05,4.73E-05,4.37E-05,5.39E-05,0.00010518,0.000142102,0.000321218,0.000356613,0.000276424,0.000235844,0.000238058,0.000217356,0.000252642,0.000258127,0.000166736,0.000324793,0.000428575,0.000586457,0.000403376,0.000220145,0.000222175,0.000149706,0.000258708,0.000267005,0.000668693,0.000224927,0.000124476,0.000118252,0.000144435,0.000193474,0.000256043,0.000119814,0.000214642,0.000274411,0.000610564,0.000152603,0.000433051,0.000736942,0.000983792,0.002816431,0.000945414,0.000190892,0.000411529,0.000561417,0.000609033,0.000555162,0.000485843,0.000474345,0.000514756,0.000674438,0.000916837,0.001135497,0.001274007,0.001444994,0.001855808,0.002572752,0.003707165,0.004001043,0.00333588,0.003192115,0.002990736,0.003415874,0.004470953,0.017320652,0.017850641,0.015922435,0.012143478,0.011108825,0.012870112,0.017004231,0.021778369,0.023402335,0.02327178,0.022393448,0.025595017,0.02808225,0.03724426,0.041720208,0.042753607,0.031433374,0.023398485,0.019268207,0.023453755,0.025200186,0.028146587,0.020823004,0.016828194,0.018631605,0.021616112,0.029570248,0.032561585,0.025959123,0.025932286,0.031177858,0.043702867,0.057121452,0.056684148,0.037548721
Head 0,585,0.000113538,2.92E-05,5.89E-05,0.000348545,0.00031162,7.53E-05,0.000208605,0.00024722,0.000244583,0.000346834,0.000401766,0.000322551,8.77E-05,0.000103783,0.00011533,0.000217139,0.000178553,0.000202561,0.000311768,0.000194375,0.0001073,7.20E-05,0.000270997,0.000296312,0.000175773,0.000352649,0.000294598,0.000424564,0.000240203,0.000116048,6.90E-05,5.11E-05,4.32E-05,6.79E-05,0.000104272,0.00027887,0.000400537,0.000345884,0.000231392,0.000161889,0.000127598,0.00017278,0.000238467,0.00017573,0.000362599,0.00040006,0.000472315,0.000326269,0.000208623,0.000226068,0.000181541,0.000308135,0.000281303,0.000703382,0.000279407,0.000167467,0.000135181,0.000117161,0.000118592,0.000160869,8.03E-05,0.000180706,0.000259382,0.000497611,9.87E-05,0.000231028,0.000414845,0.000730066,0.00300633,0.001076493,0.000193924,0.000349962,0.000413694,0.00046219,0.000492646,0.000494518,0.000464424,0.00042411,0.000472889,0.000619567,0.000827725,0.001031815,0.001173405,0.001372268,0.001729503,0.002560539,0.003258121,0.003332108,0.003472087,0.002970231,0.002826585,0.003322102,0.01415062,0.016274082,0.01685793,0.013088863,0.010563789,0.010102408,0.011859858,0.016132867,0.02055517,0.02373128,0.023245735,0.023367772,0.022286702,0.028967718,0.037423305,0.048297442,0.041920129,0.030517863,0.0212995,0.0216584,0.023413021,0.029914141,0.025942188,0.020034701,0.018086264,0.017610287,0.023201153,0.030873168,0.029787742,0.029525029,0.028942354,0.031277854,0.04109738,0.054722928,0.05355107,0.03749159
Head 0,586,3.04E-05,5.38E-05,0.000316232,0.000327166,7.01E-05,0.000233496,0.000218502,0.000166704,0.000225091,0.000343414,0.000431922,0.00013264,0.000160322,0.000140844,0.000187192,0.000134711,0.000173973,0.000336332,0.000238312,0.000120177,7.18E-05,0.000220464,0.00025084,0.000159207,0.000373875,0.000369456,0.000455871,0.000268322,0.000149288,0.000107598,8.22E-05,5.49E-05,6.02E-05,9.71E-05,0.000240864,0.000406389,0.000448804,0.000321081,0.00017088,9.47E-05,0.000110232,0.000179614,0.000167215,0.000434249,0.000521443,0.000481552,0.000278311,0.000180886,0.00022238,0.000217222,0.000421722,0.000386765,0.0006827,0.000300845,0.000217941,0.000191292,0.000138962,9.84E-05,0.000103607,5.57E-05,0.000137817,0.000241847,0.00056036,9.35E-05,0.00016817,0.000252083,0.000466495,0.002488939,0.001184992,0.000245183,0.000406768,0.000383594,0.00036622,0.000397914,0.000467728,0.000500668,0.000443043,0.000420753,0.000467097,0.000592098,0.000801821,0.001003074,0.001197215,0.001382661,0.001879758,0.002433884,0.002923258,0.003642212,0.003396723,0.002964166,0.002933076,0.012477857,0.013979969,0.015621505,0.013619381,0.0112386,0.009529349,0.009471036,0.011706311,0.015856797,0.021334784,0.024270816,0.024847459,0.020934636,0.023731304,0.02995844,0.043147296,0.047602568,0.041261584,0.027801124,0.023570903,0.021910559,0.027162652,0.027771764,0.024499286,0.021351822,0.017043762,0.017971508,0.023326874,0.027341459,0.032517873,0.031610265,0.028148126,0.029379189,0.038554516,0.051114075,0.051349647,0.038305573
Head 0,587,4.57E-05,0.000244278,0.000268311,4.71E-05,0.000250104,0.000213954,0.000125448,0.000127079,0.000185196,0.000317678,0.000128434,0.00021451,0.000196308,0.000216921,0.000105568,0.000117378,0.000285316,0.000257361,0.000143292,8.04E-05,0.000196444,0.00018948,0.000101862,0.000274201,0.000353232,0.00044618,0.000251658,0.000136784,0.000115859,0.000107946,7.44E-05,6.33E-05,9.36E-05,0.0001878,0.000310073,0.000409477,0.00039196,0.000201331,7.99E-05,6.38E-05,9.20E-05,0.000110078,0.000378931,0.000648642,0.00057097,0.000267421,0.000146225,0.000191303,0.000210756,0.0005221,0.000578071,0.000638106,0.000267929,0.000221798,0.00024726,0.000194872,0.000114214,8.47E-05,4.73E-05,0.000104434,0.00020241,0.000696193,0.000108076,0.000169017,0.000192272,0.000295482,0.001524217,0.001028893,0.000293328,0.000568657,0.000474498,0.000352245,0.000319158,0.000378656,0.000477532,0.000475354,0.00043513,0.000404238,0.000431494,0.000553984,0.000746728,0.000993881,0.001175776,0.001488719,0.001758975,0.002182903,0.003155138,0.00358549,0.00341708,0.0031253,0.012133083,0.012239638,0.0130133,0.012504132,0.011425457,0.00972959,0.008680128,0.008949383,0.011111434,0.01556306,0.020752281,0.02475469,0.020987213,0.021150993,0.023619715,0.032160867,0.041557599,0.046694282,0.036206778,0.030131396,0.022853084,0.023370009,0.023822034,0.025132388,0.026096229,0.020026874,0.017466383,0.018413702,0.021763247,0.031500731,0.03635677,0.033536498,0.027459266,0.027918721,0.037763853,0.05266957,0.055073854,0.041144378
Head 0,588,0.00021002,0.00021109,3.26E-05,0.000238817,0.00023438,0.00013139,0.000102485,0.000110519,0.000177876,9.30E-05,0.000216618,0.000262239,0.000345477,0.000117556,9.48E-05,0.000212252,0.00021919,0.000160926,0.000100978,0.000213928,0.000166609,7.07E-05,0.000173512,0.000259045,0.000437819,0.000252628,0.000126871,0.000109069,0.000122108,0.00010676,9.38E-05,0.000115871,0.000187786,0.000254407,0.000316695,0.000386771,0.000262457,0.000103705,6.07E-05,6.06E-05,6.44E-05,0.000219171,0.000514213,0.000642817,0.000296441,0.000131673,0.000153636,0.000148844,0.000424269,0.000616972,0.000625029,0.000239721,0.000192609,0.000252572,0.000251934,0.00016078,9.78E-05,4.66E-05,7.74E-05,0.000132586,0.000601048,9.96E-05,0.000168988,0.000172425,0.000208851,0.000811444,0.000650695,0.000236555,0.000614149,0.00059666,0.00040233,0.000291892,0.000291013,0.000378358,0.000441723,0.000457588,0.000410226,0.000371912,0.000397914,0.00050567,0.000726587,0.000966456,0.001257069,0.001366629,0.00153496,0.00223025,0.002947764,0.003449097,0.003517714,0.012547223,0.012063308,0.011414623,0.010722929,0.010535077,0.009873994,0.009107384,0.008388293,0.008859047,0.011163621,0.015320409,0.021350965,0.021033427,0.021630928,0.021777777,0.025009727,0.031105759,0.040693477,0.04079717,0.041395158,0.029922219,0.025074733,0.020775635,0.022302471,0.027840642,0.024639392,0.021075383,0.017445488,0.016643316,0.023758786,0.033380456,0.038936526,0.031981181,0.025540628,0.02655253,0.037602093,0.053474274,0.058450591,0.041264221
Head 0,589,0.000178463,2.58E-05,0.000193222,0.000223958,0.000143746,0.000106805,8.70E-05,0.000101707,5.82E-05,0.000159917,0.000263821,0.00057954,0.000161158,0.000102487,0.000173124,0.000157925,0.000141342,0.000105729,0.0002604,0.000183416,6.31E-05,0.000120684,0.000159358,0.000366013,0.000242726,0.000121427,9.67E-05,0.00011117,0.00011857,0.000129093,0.000136094,0.000215821,0.000251522,0.000258978,0.000277641,0.000259109,0.000134781,7.74E-05,5.53E-05,4.72E-05,0.000122059,0.00030086,0.000550276,0.00032925,0.000141991,0.000139291,0.00011378,0.000303588,0.000508234,0.000608008,0.000234481,0.000171941,0.000224591,0.000268001,0.000216191,0.000141583,5.97E-05,8.02E-05,0.000107645,0.000416548,8.09E-05,0.000164588,0.000183759,0.000198545,0.000513247,0.000362971,0.000156141,0.000513575,0.000687774,0.000534172,0.000353053,0.000277009,0.000302824,0.000361678,0.000437969,0.000446059,0.000397219,0.000356221,0.000378367,0.000506285,0.000728316,0.001058357,0.001192529,0.001234407,0.00163562,0.002154397,0.002915503,0.003617692,0.012003994,0.012551802,0.011443743,0.009805806,0.009334861,0.009270319,0.009339955,0.008687926,0.008241896,0.00896601,0.010997246,0.01571859,0.018221576,0.021442896,0.021983169,0.022537852,0.023703249,0.029405707,0.035197664,0.047166247,0.040017951,0.03286282,0.02157761,0.019139525,0.024122085,0.025557639,0.026442988,0.02115668,0.015869899,0.018054171,0.025304319,0.035822973,0.037065107,0.030366022,0.024530139,0.02697582,0.039260179,0.055986691,0.058591574,0.041837566
Head 0,590,2.46E-05,0.000151394,0.00018254,0.000135148,0.000118675,9.42E-05,8.39E-05,4.27E-05,0.000107457,0.0001998,0.000726199,0.000213076,0.000141112,0.000198192,0.000129346,0.00010814,8.59E-05,0.000280191,0.000224651,7.60E-05,0.000115278,0.000111853,0.000275814,0.000217239,0.000126209,9.85E-05,0.000103681,0.00011252,0.000148049,0.000138151,0.000251864,0.000297264,0.000266802,0.000190613,0.000199289,0.000143082,0.000107871,7.43E-05,5.05E-05,9.01E-05,0.000168282,0.000350582,0.000300906,0.000162186,0.000149663,0.000104733,0.000226101,0.000341921,0.000533961,0.000236719,0.000169909,0.000197474,0.00023474,0.000220627,0.000183509,7.12E-05,9.39E-05,0.000104592,0.000263497,5.52E-05,0.000120825,0.000162167,0.000191615,0.000433799,0.00022712,9.36E-05,0.000306951,0.000537934,0.000568222,0.000436776,0.000315292,0.000273072,0.000278877,0.000346599,0.000413773,0.000419059,0.000366546,0.000330064,0.000365313,0.000491522,0.000766401,0.000978801,0.001051082,0.001298892,0.001526236,0.002038027,0.002863727,0.009519438,0.011729238,0.011866502,0.009710341,0.008487838,0.00811939,0.008520443,0.008673695,0.008360617,0.008503806,0.008981654,0.01137616,0.013753207,0.01856659,0.021700313,0.023224954,0.021525385,0.022240242,0.026369214,0.040996496,0.045858867,0.046189528,0.029253531,0.020468175,0.020997884,0.022698939,0.028396927,0.027241077,0.019344864,0.017037839,0.019293692,0.025817284,0.033759769,0.036059771,0.029527344,0.025286721,0.02912887,0.038764209,0.054769669,0.058861211,0.04120402
Head 0,591,0.000136115,0.000147287,0.000106933,0.000110625,0.000105729,9.26E-05,3.93E-05,8.24E-05,0.000140795,0.000602827,0.000219083,0.00018813,0.000308321,0.000146231,8.96E-05,6.18E-05,0.00023494,0.000247786,9.88E-05,0.00014431,0.000107477,0.000206035,0.000167597,0.000119069,0.000106236,0.000109063,0.00010775,0.00014443,0.000121031,0.000250727,0.000334379,0.000312955,0.000157757,0.000142735,0.000114269,0.000118028,0.000105185,6.73E-05,9.73E-05,0.000124835,0.000196524,0.000209253,0.000160986,0.000176685,0.00012044,0.000221308,0.000258285,0.000420603,0.000218644,0.000177337,0.000197664,0.000212257,0.000192206,0.000189462,7.44E-05,0.000110211,0.000120976,0.000212297,4.31E-05,8.33E-05,0.000120066,0.000165473,0.000466344,0.000192135,6.81E-05,0.000180363,0.000328241,0.000448398,0.000462198,0.000390415,0.000306944,0.000250822,0.000267079,0.000327098,0.000384678,0.000388413,0.000344354,0.000321723,0.000354781,0.000512428,0.000706667,0.000865955,0.001125734,0.001230019,0.001462351,0.001979936,0.006862602,0.009268967,0.011091713,0.009883009,0.008481398,0.007488682,0.007402529,0.007858252,0.008150104,0.008633655,0.008590234,0.00935064,0.010209301,0.014110658,0.018701788,0.023198975,0.022158867,0.020045882,0.020464854,0.029742738,0.040406168,0.053963672,0.042488158,0.027835967,0.022251377,0.019847572,0.02465608,0.029450454,0.025039436,0.020945968,0.018601313,0.018828167,0.024252119,0.0328492,0.0353049,0.030756764,0.028087337,0.027965149,0.038251471,0.054828506,0.057258941,0.040872116
Head 0,592,0.000133553,8.37E-05,8.60E-05,9.76E-05,0.000102988,3.74E-05,7.22E-05,0.000108221,0.000372518,0.000172785,0.000193315,0.000508955,0.000226204,9.97E-05,4.96E-05,0.000165276,0.000208878,0.000102954,0.000181281,0.000133906,0.000183526,0.000122427,8.96E-05,9.55E-05,0.000111596,0.000109242,0.000136272,0.000107972,0.000223756,0.000316431,0.000336907,0.000165058,0.000115748,7.91E-05,9.05E-05,0.000111027,8.16E-05,0.0001257,0.000131969,0.000124027,0.000118917,0.000114049,0.000171907,0.000137405,0.000271485,0.000266246,0.000342634,0.000174412,0.000162897,0.000201774,0.000210837,0.000169459,0.000166443,7.42E-05,0.0001187,0.000141354,0.000233654,4.41E-05,6.82E-05,8.81E-05,0.000127448,0.000520786,0.000212288,6.39E-05,0.000133139,0.000202314,0.000289181,0.000377009,0.000429752,0.000390237,0.000289714,0.000247581,0.000257613,0.000305343,0.000365087,0.000372536,0.000345493,0.000318414,0.00037721,0.000476223,0.000630604,0.000928045,0.00108419,0.001212808,0.00146048,0.005537103,0.006915968,0.008830789,0.009142317,0.008694192,0.007645807,0.006994125,0.007038904,0.007468266,0.008422671,0.00878762,0.009000506,0.00848176,0.010667866,0.01440837,0.019940445,0.022138793,0.020721467,0.018574018,0.022367822,0.030170539,0.046901848,0.050503191,0.040218547,0.030256696,0.020973904,0.020633942,0.025090069,0.026723998,0.027051095,0.02289648,0.018110983,0.01779283,0.023051601,0.031859212,0.036211867,0.033327848,0.027201746,0.028111124,0.037991963,0.053556673,0.055953804,0.04294192
Head 0,593,7.33E-05,6.40E-05,7.24E-05,9.28E-05,3.06E-05,6.38E-05,9.27E-05,0.000227796,0.000120437,0.000147243,0.000627811,0.000359981,0.000148796,5.22E-05,0.000127238,0.000146112,7.88E-05,0.00017251,0.000164477,0.00020485,0.000104366,6.34E-05,7.09E-05,9.96E-05,0.000113031,0.000139254,0.000110187,0.000205942,0.000267591,0.000299949,0.000203687,0.000120981,6.35E-05,6.07E-05,8.40E-05,7.46E-05,0.000141358,0.00016141,0.000113776,7.73E-05,6.76E-05,0.000122276,0.000114782,0.000289217,0.000309317,0.00032732,0.000137153,0.000129992,0.00018821,0.000218661,0.000168834,0.000149479,7.79E-05,0.000116698,0.000143554,0.00030898,5.16E-05,6.71E-05,7.05E-05,9.10E-05,0.000479388,0.000243036,6.23E-05,0.000118151,0.000143318,0.000174438,0.000233403,0.000335396,0.000412062,0.000352803,0.000276883,0.000231449,0.000232917,0.000286667,0.000343331,0.000371997,0.00033853,0.000339073,0.000346358,0.000420471,0.00065725,0.000887197,0.001067971,0.001215339,0.00530837,0.005636645,0.006497932,0.007272013,0.007970894,0.007784897,0.007160715,0.006640823,0.006673519,0.007548696,0.008526753,0.009253315,0.008111295,0.009024948,0.01110804,0.014939448,0.018885972,0.020722983,0.018904334,0.019975936,0.023114752,0.033368751,0.042630997,0.04756226,0.044528749,0.028636415,0.021554178,0.020710634,0.022776421,0.029091757,0.029642759,0.023409033,0.017254714,0.016401017,0.022269195,0.032905441,0.038783852,0.034369186,0.027950814,0.02734963,0.037258048,0.051955521,0.058885787,0.041279405
Head 0,594,6.13E-05,5.69E-05,7.12E-05,2.19E-05,5.20E-05,8.47E-05,0.000191558,0.000100633,0.000111127,0.000552349,0.000454256,0.000243986,7.07E-05,0.000139815,0.000116872,5.71E-05,0.000126008,0.000160399,0.000256227,0.00011743,5.56E-05,5.25E-05,7.82E-05,0.000110418,0.000158217,0.000134486,0.000231549,0.000255223,0.000254476,0.000261633,0.000163008,7.71E-05,5.52E-05,6.40E-05,6.24E-05,0.000128307,0.000182185,0.000152951,7.94E-05,5.14E-05,8.19E-05,7.41E-05,0.000220561,0.000310875,0.000377087,0.000127839,0.0001014,0.00014983,0.000202993,0.000178498,0.000154979,9.12E-05,0.000116661,0.00012957,0.00037433,5.54E-05,7.12E-05,6.60E-05,7.09E-05,0.000354832,0.000226228,4.92E-05,0.000101078,0.000115575,0.000117926,0.000136217,0.000197231,0.000304855,0.000347229,0.000314837,0.000244422,0.000200757,0.000212251,0.000258578,0.00033269,0.000355468,0.000355077,0.000304649,0.000296931,0.000418808,0.000604264,0.00084376,0.00104428,0.005307119,0.005223338,0.005040525,0.005259598,0.006127633,0.006971031,0.007289308,0.00675336,0.00626599,0.006516417,0.007355507,0.008735394,0.008087938,0.008735319,0.009693556,0.011411564,0.014223345,0.017677713,0.018830772,0.020839341,0.021374119,0.025136758,0.029136341,0.040592372,0.053428318,0.04235344,0.030454123,0.021915074,0.019319572,0.025112629,0.032213349,0.032062553,0.022603242,0.015560855,0.015450651,0.022411006,0.034257069,0.040789433,0.035662591,0.027301518,0.027446091,0.036134332,0.052581936,0.05426731,0.039743386
Head 0,595,5.04E-05,5.31E-05,1.40E-05,3.46E-05,6.17E-05,0.000176669,8.32E-05,8.35E-05,0.000348717,0.000381138,0.000300314,8.45E-05,0.000208787,0.000121375,4.35E-05,8.09E-05,0.00011397,0.000277352,0.000149963,6.03E-05,4.17E-05,5.04E-05,7.35E-05,0.00012712,0.000131221,0.000270229,0.00029829,0.000250316,0.00028816,0.000185999,8.97E-05,5.39E-05,4.70E-05,5.16E-05,0.00010249,0.000167745,0.000194588,9.49E-05,4.46E-05,4.98E-05,4.56E-05,0.000136969,0.00025977,0.000456612,0.000147474,9.26E-05,0.0001136,0.000152083,0.000155294,0.000154385,0.000127248,0.000160998,0.000156635,0.00040883,5.68E-05,8.03E-05,7.57E-05,7.47E-05,0.000256841,0.000175808,3.83E-05,9.09E-05,0.000112915,0.000106558,0.00010287,0.000125882,0.000198548,0.000283611,0.000337764,0.000299592,0.000226788,0.000189745,0.000194836,0.000254233,0.000325356,0.000384528,0.000331438,0.000268359,0.000306105,0.000392296,0.000582938,0.000843559,0.005138278,0.005728594,0.005084113,0.004418201,0.004561627,0.005403872,0.006556245,0.006902615,0.006525623,0.0063491,0.006502991,0.007628728,0.007533823,0.008483788,0.009163833,0.009810897,0.010743539,0.013074741,0.015912406,0.020627024,0.021494847,0.022101177,0.020248247,0.027379228,0.044760372,0.049785942,0.045674346,0.030279448,0.01972032,0.020170636,0.026668923,0.034268469,0.030887056,0.020874538,0.015031502,0.016088082,0.024087518,0.035567313,0.042312462,0.035206757,0.027948631,0.027654877,0.037238251,0.049333699,0.051004265,0.043436497
Head 0,596,5.23E-05,1.24E-05,2.79E-05,4.85E-05,0.00020125,8.08E-05,8.21E-05,0.000247984,0.000273613,0.000278167,9.32E-05,0.000372299,0.00019787,5.18E-05,7.10E-05,8.25E-05,0.000232816,0.000178715,8.60E-05,5.18E-05,4.67E-05,5.51E-05,9.69E-05,0.00011359,0.000298697,0.000410324,0.000347691,0.000356215,0.000235572,0.000126394,7.71E-05,5.47E-05,6.23E-05,0.000102299,0.000156519,0.000217726,0.000136234,6.22E-05,5.02E-05,4.02E-05,9.17E-05,0.000179788,0.000457169,0.000193623,0.000117414,0.000114427,0.000126799,0.000128125,0.000147761,0.000161774,0.000243621,0.000239774,0.00043487,6.13E-05,8.91E-05,8.96E-05,9.02E-05,0.000219314,0.000131845,3.08E-05,7.48E-05,0.000106888,0.000109636,0.000100876,0.000103157,0.00013677,0.000198823,0.000292351,0.000339793,0.00029583,0.000225599,0.000185362,0.00020203,0.000261377,0.00036443,0.000373001,0.000303283,0.000297874,0.000305312,0.000403518,0.000614952,0.00380777,0.005539015,0.005662956,0.004554904,0.003971752,0.004219008,0.005246588,0.0063741,0.006755267,0.00679022,0.006364193,0.00672498,0.006627822,0.007796133,0.008779119,0.009543231,0.009253031,0.009844682,0.012186787,0.01781836,0.021670615,0.023326119,0.018248696,0.019893719,0.030562755,0.042533588,0.055751216,0.046788316,0.028003398,0.021070337,0.022044504,0.027933795,0.032820463,0.028570151,0.019383822,0.015077921,0.017347688,0.023295918,0.035752889,0.041588973,0.035468969,0.028292933,0.028261721,0.03442521,0.045390889,0.054468986,0.039752394
Head 0,597,1.22E-05,2.40E-05,3.60E-05,0.000190985,6.25E-05,7.21E-05,0.000195022,0.000178079,0.000177565,7.21E-05,0.000488403,0.000335015,6.87E-05,7.94E-05,6.69E-05,0.000158104,0.00015065,0.000101457,6.94E-05,5.35E-05,4.61E-05,6.55E-05,6.86E-05,0.000210509,0.000396852,0.000433357,0.00041145,0.000259817,0.000142811,9.90E-05,7.14E-05,7.43E-05,0.000107495,0.000138892,0.0001657,0.000143049,8.30E-05,6.39E-05,4.40E-05,7.18E-05,0.00011054,0.000300039,0.000189261,0.0001456,0.000136295,0.000121812,0.000100204,0.000114942,0.00014077,0.000282282,0.000347044,0.000441609,6.95E-05,9.46E-05,9.45E-05,0.000101218,0.000232206,0.000111999,2.76E-05,5.86E-05,8.64E-05,9.98E-05,9.99E-05,9.79E-05,0.000107435,0.000132927,0.000198583,0.000285779,0.000325936,0.000286,0.000217349,0.000189171,0.000203686,0.000286741,0.000347039,0.00033192,0.000333671,0.000289876,0.000304555,0.000408031,0.002260022,0.004047949,0.005460176,0.004976294,0.004076325,0.003664857,0.004001532,0.005063478,0.006148175,0.007108252,0.006842109,0.006590163,0.005972101,0.00685045,0.00802848,0.009623443,0.009143107,0.008492602,0.009264466,0.013071566,0.018398551,0.023519978,0.019397294,0.017759519,0.021602182,0.028983161,0.046693191,0.057573829,0.043148983,0.029694164,0.022978876,0.021992428,0.02661033,0.030994199,0.026917947,0.019767076,0.016989747,0.016268056,0.023603298,0.035839509,0.04203948,0.036274392,0.029358396,0.026495038,0.033398069,0.049373202,0.050437156,0.03966346
Head 0,598,2.32E-05,3.11E-05,0.000162861,4.35E-05,5.52E-05,0.000186214,0.00013769,0.000109068,5.05E-05,0.000416345,0.000436708,8.59E-05,0.000109753,7.60E-05,0.000124502,0.000105195,8.81E-05,8.14E-05,7.12E-05,5.28E-05,5.57E-05,4.45E-05,0.000125083,0.000277942,0.000431569,0.000463022,0.000289164,0.000145637,0.000109315,9.12E-05,8.39E-05,0.00012544,0.000146419,0.000107127,0.000106729,8.41E-05,8.31E-05,5.85E-05,8.09E-05,8.94E-05,0.000155687,0.000124192,0.000138139,0.000166059,0.000147627,9.73E-05,9.21E-05,0.00010865,0.000258586,0.000427546,0.000454801,9.94E-05,0.000122765,0.000108085,0.000112229,0.000281822,0.000118264,3.20E-05,5.60E-05,7.29E-05,8.61E-05,9.56E-05,0.000103278,0.000107488,0.000110687,0.000140919,0.000204968,0.000286579,0.000331299,0.000291359,0.000233928,0.000197901,0.000232311,0.000278556,0.000311745,0.000369192,0.000328926,0.000292987,0.00031112,0.001391384,0.002421772,0.003989838,0.004772377,0.004514206,0.003835488,0.003506807,0.003950646,0.004924697,0.006488068,0.007182335,0.007062145,0.005881696,0.00615028,0.00695339,0.008901951,0.009162631,0.008372775,0.007827074,0.009476923,0.013380288,0.019501729,0.019727601,0.018624276,0.019038467,0.020440716,0.030482745,0.048083995,0.052767243,0.045922123,0.031890668,0.022332214,0.020469675,0.024541294,0.028801654,0.027009562,0.021889225,0.015919246,0.016548431,0.023710232,0.036294524,0.042795695,0.038112588,0.028000483,0.02705295,0.036211722,0.046238001,0.05132328,0.043187838
Head 0,599,3.14E-05,0.000134663,3.19E-05,3.88E-05,0.000192982,0.00013582,8.85E-05,4.01E-05,0.000262776,0.000362224,8.22E-05,0.00013484,0.000102158,0.000140856,8.32E-05,6.56E-05,7.43E-05,8.62E-05,7.25E-05,6.52E-05,4.10E-05,8.33E-05,0.000159788,0.000293745,0.000456676,0.000326548,0.000155766,0.000113095,0.000106647,8.01E-05,0.000135193,0.000167762,8.48E-05,7.43E-05,6.64E-05,8.98E-05,6.92E-05,0.000102434,9.53E-05,0.000100612,7.35E-05,9.86E-05,0.000163196,0.000179983,0.000113971,8.62E-05,7.96E-05,0.000174195,0.000337142,0.000446407,0.000132585,0.000161118,0.000123779,0.000113017,0.000340171,0.000148659,3.75E-05,5.72E-05,6.17E-05,6.43E-05,7.14E-05,8.70E-05,0.000101631,0.000101086,0.000108828,0.000134689,0.000187905,0.000266608,0.000306703,0.000288006,0.000226658,0.000216529,0.000216866,0.000241892,0.000331869,0.00035349,0.000322423,0.000291896,0.001093366,0.001473528,0.002295861,0.003349398,0.004067571,0.003943686,0.003424665,0.003309781,0.003761369,0.005052489,0.006488529,0.007325786,0.006138115,0.005949254,0.006107221,0.007478679,0.008446846,0.008621274,0.007715511,0.008173347,0.009992948,0.013945109,0.016303871,0.018844793,0.020155285,0.018117452,0.020833073,0.030882476,0.043594863,0.056638673,0.04911017,0.032493662,0.021032965,0.018752914,0.022993837,0.028863044,0.029169008,0.021202799,0.015857629,0.01600169,0.023713354,0.036595259,0.045355227,0.036888521,0.02903547,0.028608622,0.03386689,0.046318613,0.056646097,0.042092413
Head 0,600,0.000125373,2.84E-05,2.85E-05,0.000176804,0.000135419,8.74E-05,3.67E-05,0.000167722,0.00022827,6.20E-05,0.000125429,0.000122687,0.000211729,8.96E-05,5.18E-05,5.42E-05,7.67E-05,8.76E-05,8.80E-05,5.12E-05,7.70E-05,0.000103215,0.000163273,0.000350804,0.000325611,0.000171729,0.000116838,0.000107726,6.42E-05,0.000117847,0.000172037,8.84E-05,6.01E-05,4.65E-05,7.03E-05,6.27E-05,0.000113039,0.000113842,9.45E-05,5.01E-05,5.96E-05,0.000117315,0.000178473,0.000142628,0.000101682,7.16E-05,0.000120184,0.000210815,0.000379055,0.000142642,0.000204277,0.000157426,0.000125502,0.000376732,0.00018371,4.02E-05,6.28E-05,6.17E-05,5.46E-05,5.29E-05,6.34E-05,8.41E-05,9.34E-05,9.76E-05,0.000102979,0.000123075,0.000174345,0.000243038,0.000299164,0.000275874,0.00024908,0.000202918,0.00018921,0.000257543,0.000324317,0.000355366,0.000334405,0.001173415,0.001184164,0.0014145,0.002009275,0.00289938,0.003575267,0.003545884,0.0032302,0.003183133,0.003801885,0.005056377,0.00670424,0.006382998,0.006372885,0.006046212,0.006436598,0.007136585,0.008094789,0.007869816,0.008450338,0.00882274,0.010346971,0.011377399,0.015602259,0.020581227,0.019123005,0.018293159,0.020777473,0.027739583,0.047010478,0.060217153,0.052377332,0.030435976,0.018800076,0.017406434,0.022935957,0.030712768,0.029421564,0.021183474,0.01514062,0.016068177,0.023763584,0.038307626,0.044027083,0.037893876,0.030785318,0.027408525,0.033466116,0.049831614,0.054431457,0.040323768
Head 0,601,2.91E-05,2.45E-05,0.000145572,0.000117013,8.50E-05,3.14E-05,0.00012916,0.000145652,4.36E-05,9.01E-05,0.000106546,0.000318536,0.000126567,5.48E-05,4.20E-05,5.53E-05,7.86E-05,0.000106481,6.63E-05,9.09E-05,8.82E-05,9.50E-05,0.000206578,0.000245029,0.000175091,0.000128672,0.000110518,5.20E-05,8.67E-05,0.000135416,0.000105107,6.24E-05,3.87E-05,4.93E-05,4.89E-05,9.61E-05,0.000116616,0.000118197,4.83E-05,4.13E-05,7.11E-05,0.00012888,0.000147615,0.000129125,7.60E-05,1.00E-04,0.000131474,0.000257873,0.000105695,0.00019459,0.000184755,0.000149539,0.000377622,0.000190883,3.51E-05,5.96E-05,6.20E-05,5.18E-05,4.33E-05,4.43E-05,5.76E-05,7.10E-05,8.19E-05,8.46E-05,8.73E-05,0.000105432,0.000146034,0.000215858,0.000261183,0.00027493,0.000213069,0.000160957,0.000185571,0.000233241,0.000303883,0.000347395,0.001350541,0.001213108,0.00109723,0.001221473,0.001685647,0.002466039,0.003083702,0.003154701,0.00293736,0.003002287,0.00356757,0.004987429,0.005616581,0.006520277,0.006424171,0.006147826,0.005979039,0.006610677,0.007141298,0.008822385,0.009020377,0.009310788,0.008290552,0.011063291,0.017131826,0.019475432,0.019597542,0.01814671,0.018557807,0.030129435,0.050845291,0.065758735,0.04960363,0.027688749,0.017734222,0.017753903,0.025305741,0.031814683,0.030185822,0.02079629,0.015634054,0.016431628,0.024744488,0.037185695,0.044712741,0.041375719,0.030416582,0.027148694,0.03425011,0.046575706,0.050474182,0.040503956
Head 0,602,3.20E-05,0.000181156,0.000173074,0.000174661,4.57E-05,0.000287785,0.000292675,4.25E-05,5.45E-05,5.56E-05,0.000299922,0.000220013,0.000141544,0.000115973,0.000121007,0.000132542,0.000138279,4.16E-05,5.57E-05,6.47E-05,7.61E-05,0.000284461,0.000308933,0.000209142,0.000153032,0.0001172,3.05E-05,4.48E-05,7.15E-05,0.000252755,0.000199594,0.000120492,0.000105473,2.58E-05,3.84E-05,4.51E-05,0.000127405,8.01E-05,7.39E-05,0.000103147,0.000133558,0.000115613,8.43E-05,1.77E-05,2.04E-05,2.37E-05,0.000116185,1.70E-05,2.11E-05,1.96E-05,1.82E-05,0.000123113,0.000100159,1.01E-05,1.81E-05,2.32E-05,2.16E-05,1.78E-05,1.68E-05,1.95E-05,2.31E-05,2.84E-05,3.25E-05,3.43E-05,3.79E-05,4.12E-05,4.84E-05,5.65E-05,6.34E-05,6.14E-05,5.78E-05,6.28E-05,7.03E-05,7.95E-05,8.43E-05,0.000118638,0.000145103,0.000173709,0.000212223,0.000239891,0.000275314,0.000289505,0.000299145,0.000327365,0.000360356,0.0004568,0.000660726,0.000799513,0.001001615,0.001171289,0.001271416,0.001344676,0.001467746,0.001693423,0.002157587,0.002562064,0.002738214,0.002298765,0.002711104,0.004080665,0.005208689,0.006029149,0.00678109,0.00664365,0.008672714,0.012148121,0.012556201,0.012052894,0.00991611,0.009770809,0.012739849,0.018669697,0.020630624,0.023542125,0.021724103,0.020224735,0.02185086,0.028495578,0.039699234,0.062615201,0.075392298,0.068079896,0.064383127,0.064480878,0.083187215,0.108073756,0.140418142,0.000297625
Head 0,603,0.000177179,0.000141889,0.000131016,2.79E-05,0.000204379,0.000222665,3.43E-05,4.26E-05,4.08E-05,0.000272122,0.000210659,0.000135335,0.00010166,9.77E-05,0.000111733,0.00013421,3.54E-05,4.91E-05,5.27E-05,5.32E-05,0.000176077,0.00020157,0.000167311,0.000149039,0.000118314,2.78E-05,3.54E-05,4.90E-05,0.00018455,0.000166077,0.000111953,9.97E-05,2.30E-05,3.22E-05,3.53E-05,0.000104792,6.06E-05,4.89E-05,6.14E-05,8.33E-05,8.83E-05,8.19E-05,1.77E-05,2.07E-05,2.15E-05,8.46E-05,1.31E-05,1.77E-05,1.90E-05,1.88E-05,0.000106727,7.28E-05,7.22E-06,1.23E-05,1.73E-05,1.83E-05,1.62E-05,1.48E-05,1.54E-05,1.67E-05,2.02E-05,2.42E-05,2.67E-05,2.98E-05,3.16E-05,3.67E-05,4.48E-05,5.42E-05,5.54E-05,5.13E-05,5.24E-05,5.49E-05,6.17E-05,6.90E-05,9.39E-05,0.000114636,0.000131633,0.000151828,0.000166306,0.000200719,0.000229988,0.000260143,0.000289281,0.000297616,0.000339908,0.000461447,0.000584975,0.000819695,0.001070226,0.001201867,0.001197373,0.001179159,0.001321332,0.001754025,0.002299544,0.002625019,0.002085993,0.002205685,0.003073673,0.004068675,0.005155029,0.006394744,0.00623951,0.007719201,0.010617415,0.01121337,0.012246622,0.01096043,0.010279422,0.011488295,0.015209549,0.01663184,0.022704637,0.025544325,0.024891878,0.023396023,0.024856746,0.031171963,0.054324985,0.077663183,0.079665363,0.073554859,0.06323339,0.073782519,0.10291639,0.163701639,0.000322141,0.000383009
Head 0,604,8.47E-05,5.52E-05,1.20E-05,0.000117427,0.000113175,2.95E-05,5.45E-05,5.85E-05,0.000241447,0.000236312,0.000174121,0.000118901,7.63E-05,4.83E-05,5.11E-05,3.84E-05,9.57E-05,0.000165739,0.000173071,0.000163504,0.000101097,7.00E-05,8.14E-05,0.000110102,7.88E-05,0.000135564,0.000153955,0.000182092,0.000120783,7.42E-05,5.80E-05,6.34E-05,8.71E-05,9.54E-05,0.000138578,9.47E-05,7.35E-05,6.12E-05,4.82E-05,4.14E-05,5.77E-05,6.58E-05,0.000154317,0.000223129,0.000257921,5.98E-05,9.16E-05,0.000119529,0.000183635,0.000382813,0.000190201,5.51E-05,7.47E-05,6.90E-05,6.09E-05,5.53E-05,5.09E-05,4.70E-05,4.25E-05,4.58E-05,5.62E-05,6.79E-05,7.61E-05,7.70E-05,8.31E-05,0.000102507,0.000162768,0.000225019,0.000239704,0.000253331,0.000202116,0.000172255,0.000184343,0.000906451,0.001270881,0.001442069,0.001183141,0.000895488,0.000796034,0.000895874,0.001349889,0.002097328,0.002915927,0.00316179,0.00316687,0.002947375,0.003675363,0.005065427,0.006967022,0.007263669,0.006248299,0.005285749,0.00573343,0.007002356,0.009314614,0.008422307,0.00740887,0.007503968,0.008377583,0.011722301,0.017599037,0.01927173,0.021045197,0.022756066,0.023458278,0.033320371,0.049343716,0.056979761,0.044767581,0.031037778,0.01957825,0.019563494,0.025808966,0.034118868,0.032845527,0.024887117,0.017691363,0.019584784,0.029874595,0.043929063,0.052923724,0.047099553,0.034705445,0.029421745,0.038316779,1.81E-05,3.10E-05,0.078834683
Head 0,605,9.46E-05,1.04E-05,9.56E-05,0.000109943,1.81E-05,2.48E-05,2.46E-05,0.000163297,0.000143441,0.000108998,8.73E-05,7.37E-05,6.88E-05,7.56E-05,1.94E-05,3.00E-05,3.64E-05,3.71E-05,0.000114801,9.09E-05,6.81E-05,7.44E-05,8.16E-05,2.27E-05,3.13E-05,3.46E-05,9.58E-05,8.31E-05,6.87E-05,7.54E-05,1.91E-05,2.71E-05,2.58E-05,8.00E-05,4.49E-05,3.29E-05,3.19E-05,3.22E-05,3.02E-05,3.44E-05,1.18E-05,1.83E-05,2.14E-05,7.42E-05,8.78E-06,1.01E-05,1.12E-05,1.36E-05,8.73E-05,5.43E-05,5.37E-06,6.82E-06,7.89E-06,8.69E-06,9.37E-06,1.05E-05,1.11E-05,1.04E-05,1.03E-05,1.14E-05,1.30E-05,1.61E-05,1.77E-05,1.98E-05,2.27E-05,2.80E-05,3.22E-05,3.47E-05,3.80E-05,3.73E-05,3.61E-05,3.62E-05,5.41E-05,6.44E-05,7.43E-05,8.35E-05,8.25E-05,9.04E-05,9.98E-05,0.000126993,0.000168236,0.000191623,0.000213259,0.000245986,0.000265538,0.000358583,0.000533511,0.000721764,0.000831993,0.000797028,0.000776749,0.000869957,0.001177828,0.001549852,0.001460938,0.001529134,0.001774216,0.001959387,0.00228615,0.003384365,0.004164435,0.005750656,0.007321916,0.006359055,0.006819961,0.007270733,0.008849529,0.010513836,0.011562475,0.009043859,0.010825936,0.014654442,0.021344811,0.025712809,0.025093075,0.021878261,0.028117374,0.03800904,0.050930765,0.064440168,0.061505951,0.05956576,0.064037398,0.100765385,0.000308495,0.00036749,0.309425205,0.000432369
Head 0,606,8.33E-06,8.32E-05,8.72E-05,1.16E-05,1.73E-05,2.02E-05,0.000139405,0.000119834,9.26E-05,8.16E-05,7.53E-05,7.01E-05,6.86E-05,1.67E-05,2.44E-05,3.04E-05,3.41E-05,0.000141246,9.75E-05,5.79E-05,5.36E-05,5.96E-05,1.76E-05,2.98E-05,3.80E-05,9.35E-05,6.81E-05,5.22E-05,6.24E-05,1.71E-05,2.79E-05,2.84E-05,8.18E-05,4.36E-05,3.22E-05,3.12E-05,2.85E-05,2.23E-05,2.17E-05,9.77E-06,1.59E-05,2.15E-05,8.75E-05,9.75E-06,1.04E-05,1.02E-05,1.18E-05,7.90E-05,5.50E-05,6.07E-06,7.43E-06,7.31E-06,6.90E-06,7.06E-06,8.48E-06,1.02E-05,1.00E-05,9.52E-06,9.35E-06,9.77E-06,1.21E-05,1.40E-05,1.64E-05,1.87E-05,2.19E-05,2.43E-05,2.70E-05,3.22E-05,3.44E-05,3.37E-05,3.16E-05,5.08E-05,5.59E-05,6.13E-05,6.97E-05,6.93E-05,7.34E-05,7.57E-05,9.15E-05,0.000123279,0.00014908,0.00018132,0.000217703,0.000222787,0.000272029,0.000379866,0.00051039,0.000651415,0.000703101,0.000710033,0.000744517,0.000918363,0.001136342,0.001141225,0.001348414,0.001662731,0.001713961,0.001731263,0.002355415,0.003087871,0.004987134,0.007078625,0.006125093,0.005831048,0.005644089,0.007307488,0.010281865,0.012711819,0.009723754,0.00976629,0.011126304,0.016544266,0.024129616,0.029152794,0.027005894,0.029329889,0.031719826,0.037930854,0.051558416,0.060115948,0.067359328,0.069342054,0.092996605,0.000318564,0.000364939,0.347444952,0.000442938,0.000394634
Head 0,607,6.83E-05,6.31E-05,7.39E-06,1.48E-05,2.07E-05,8.85E-05,5.99E-05,4.55E-05,5.68E-05,9.36E-05,0.000120133,0.000116398,3.11E-05,3.62E-05,4.12E-05,5.46E-05,0.00016066,0.000155481,7.96E-05,4.43E-05,3.53E-05,1.69E-05,3.71E-05,8.97E-05,0.000161752,0.000112092,6.65E-05,7.22E-05,3.93E-05,6.77E-05,8.22E-05,5.58E-05,3.30E-05,3.45E-05,5.71E-05,7.59E-05,5.74E-05,3.61E-05,2.72E-05,3.67E-05,6.04E-05,0.000166158,6.57E-05,0.000104791,8.96E-05,8.01E-05,0.000164111,0.000108747,5.64E-05,0.000118291,0.000117191,7.94E-05,5.14E-05,4.13E-05,4.36E-05,4.38E-05,4.19E-05,3.66E-05,3.19E-05,3.36E-05,3.92E-05,5.01E-05,5.87E-05,6.95E-05,7.06E-05,7.59E-05,0.00011519,0.000165043,0.000208108,0.00021172,0.000683457,0.000703393,0.00070134,0.000772119,0.000859453,0.000867285,0.000751127,0.000634456,0.000623,0.000761349,0.001127578,0.001847773,0.002264822,0.002658492,0.002803649,0.002850588,0.003281806,0.004167562,0.005041573,0.006008691,0.005838803,0.005463059,0.004549372,0.005450834,0.007614595,0.007764661,0.007191377,0.006690742,0.007018343,0.011623445,0.0200943,0.022703862,0.019403037,0.014943799,0.016670408,0.027557245,0.050473094,0.05968269,0.046961557,0.027345529,0.019221166,0.01983883,0.027947435,0.034523182,0.033575274,0.026161272,0.019722352,0.019854605,0.02902575,0.045845181,0.053360064,0.04870462,9.11E-06,1.25E-05,0.063525833,3.59E-05,4.91E-05,0.138985798
Head 0,608,5.66E-05,6.08E-06,1.05E-05,1.30E-05,8.18E-05,5.26E-05,3.35E-05,3.34E-05,5.31E-05,8.88E-05,0.000131833,3.55E-05,4.36E-05,3.98E-05,3.75E-05,9.71E-05,0.000122334,9.29E-05,6.00E-05,3.99E-05,1.39E-05,2.18E-05,4.65E-05,0.000116728,0.000101634,6.44E-05,6.68E-05,3.14E-05,5.18E-05,6.56E-05,6.28E-05,3.17E-05,2.55E-05,3.67E-05,5.70E-05,6.14E-05,4.99E-05,3.14E-05,3.37E-05,3.98E-05,8.29E-05,4.31E-05,8.58E-05,9.39E-05,8.59E-05,0.000152114,8.50E-05,3.63E-05,8.47E-05,0.000110623,9.25E-05,6.18E-05,4.30E-05,3.84E-05,3.72E-05,3.84E-05,3.59E-05,2.99E-05,2.73E-05,2.76E-05,3.41E-05,4.40E-05,5.70E-05,5.77E-05,5.43E-05,7.06E-05,9.73E-05,0.000142884,0.000184962,0.000591139,0.000626595,0.000569167,0.000544404,0.000588968,0.000667869,0.000683588,0.000618072,0.000540826,0.000528642,0.000632582,0.000987317,0.001408643,0.002023214,0.002383078,0.002307657,0.002234817,0.002490457,0.003244945,0.004680028,0.005344502,0.00510882,0.003535877,0.003632602,0.005091442,0.006166714,0.00681423,0.006219376,0.005190768,0.006928179,0.012057213,0.016477689,0.018113956,0.014394139,0.012432604,0.015441116,0.02835938,0.042899419,0.053554609,0.040645592,0.02459641,0.017311761,0.018285789,0.023607869,0.031321343,0.031946518,0.023264728,0.017163759,0.017321859,0.0255227,0.039198115,0.051153194,8.83E-06,1.07E-05,0.044687554,2.27E-05,3.56E-05,0.161453635,0.132151231
Head 0,609,3.65E-06,3.97E-06,4.46E-06,4.75E-05,4.53E-05,3.51E-05,2.91E-05,2.96E-05,3.51E-05,4.20E-05,9.06E-06,1.22E-05,1.33E-05,1.30E-05,7.48E-05,7.39E-05,5.15E-05,3.70E-05,2.51E-05,4.56E-06,6.69E-06,1.16E-05,5.38E-05,4.52E-05,2.72E-05,2.42E-05,5.57E-06,8.76E-06,1.17E-05,5.45E-05,3.15E-05,2.21E-05,2.13E-05,2.06E-05,1.63E-05,1.25E-05,5.19E-06,6.67E-06,7.97E-06,3.26E-05,4.71E-06,6.60E-06,6.62E-06,6.23E-06,3.36E-05,2.22E-05,2.47E-06,4.06E-06,4.86E-06,4.21E-06,3.19E-06,2.72E-06,2.90E-06,3.29E-06,4.01E-06,4.50E-06,4.37E-06,4.26E-06,4.04E-06,4.51E-06,5.69E-06,7.45E-06,8.28E-06,8.18E-06,9.09E-06,1.04E-05,1.27E-05,1.49E-05,2.46E-05,2.96E-05,3.03E-05,2.95E-05,2.67E-05,2.74E-05,2.81E-05,3.16E-05,3.75E-05,4.03E-05,4.82E-05,6.64E-05,8.31E-05,0.000107923,0.000135723,0.000145281,0.000149852,0.000159712,0.000205095,0.000286831,0.000391149,0.000426482,0.000327325,0.000351413,0.000507574,0.000673265,0.000799282,0.000923819,0.000861766,0.001141252,0.00181802,0.002144103,0.002649094,0.002527104,0.002481624,0.002879059,0.004037896,0.004203046,0.005599379,0.006037631,0.006070051,0.006270065,0.007549929,0.010416767,0.017194787,0.021910019,0.019089293,0.015595025,0.012786993,0.016393514,0.026158005,0.048328187,0.000229979,0.000263261,0.10051655,0.00027454,0.000247164,0.316716045,0.329882652,0.000406743
Head 0,610,4.32E-06,3.96E-06,4.29E-05,4.03E-05,3.37E-05,2.80E-05,2.67E-05,3.00E-05,3.78E-05,7.89E-06,1.17E-05,1.36E-05,1.34E-05,6.62E-05,6.69E-05,5.47E-05,4.82E-05,3.56E-05,5.09E-06,6.24E-06,8.89E-06,4.05E-05,4.09E-05,2.97E-05,2.77E-05,6.39E-06,8.84E-06,1.01E-05,5.05E-05,3.31E-05,2.53E-05,2.42E-05,2.27E-05,1.82E-05,1.50E-05,5.38E-06,7.20E-06,8.37E-06,2.39E-05,4.33E-06,6.33E-06,7.17E-06,7.53E-06,4.43E-05,2.45E-05,2.39E-06,3.65E-06,4.62E-06,4.61E-06,3.90E-06,3.30E-06,3.05E-06,2.96E-06,3.40E-06,4.07E-06,4.43E-06,4.67E-06,4.32E-06,4.35E-06,5.01E-06,6.45E-06,7.58E-06,7.91E-06,8.74E-06,9.43E-06,1.09E-05,1.30E-05,2.14E-05,2.81E-05,3.21E-05,3.23E-05,2.86E-05,2.78E-05,2.74E-05,3.11E-05,3.71E-05,3.90E-05,4.37E-05,5.58E-05,6.96E-05,9.63E-05,0.000132424,0.00015132,0.00014939,0.000139775,0.000161704,0.000221981,0.000340978,0.000428902,0.000348764,0.000344426,0.00043424,0.000549322,0.000701404,0.000950664,0.000946957,0.001167725,0.001601263,0.00166172,0.002164987,0.002456229,0.002747626,0.003070611,0.003743145,0.003442879,0.004814415,0.006240729,0.007314028,0.00736081,0.007380407,0.008420667,0.014016269,0.021149971,0.022951445,0.020418851,0.014686577,0.014358127,0.019691346,0.039320637,0.000235558,0.000299491,0.114406124,0.000327116,0.000281556,0.280621231,0.364777356,0.000484256,0.000613515
Head 0,611,4.87E-06,4.92E-05,4.17E-05,3.59E-05,3.08E-05,2.83E-05,2.87E-05,3.43E-05,7.40E-06,1.11E-05,1.39E-05,1.45E-05,6.81E-05,6.34E-05,5.36E-05,5.57E-05,5.15E-05,6.37E-06,7.33E-06,8.66E-06,3.41E-05,3.43E-05,2.96E-05,3.17E-05,7.81E-06,1.06E-05,1.04E-05,5.05E-05,3.57E-05,3.05E-05,3.07E-05,2.80E-05,2.17E-05,1.84E-05,5.49E-06,7.69E-06,9.17E-06,2.32E-05,4.50E-06,6.01E-06,7.06E-06,8.36E-06,6.59E-05,3.70E-05,2.86E-06,3.71E-06,4.28E-06,4.47E-06,4.32E-06,4.13E-06,3.81E-06,3.28E-06,3.27E-06,3.69E-06,4.22E-06,5.02E-06,5.01E-06,4.95E-06,5.20E-06,6.21E-06,7.25E-06,8.00E-06,9.22E-06,9.81E-06,1.06E-05,1.20E-05,2.06E-05,2.70E-05,3.33E-05,3.64E-05,3.33E-05,3.17E-05,2.99E-05,3.35E-05,4.07E-05,4.34E-05,4.77E-05,5.66E-05,6.55E-05,8.98E-05,0.000131315,0.000164477,0.000173069,0.000155252,0.000157719,0.00018999,0.000294155,0.000408767,0.000382949,0.00039816,0.000462592,0.000518746,0.00061798,0.00091793,0.001060468,0.001412686,0.001807599,0.001585229,0.001870959,0.002236955,0.002984371,0.003721279,0.004307208,0.003366472,0.004172741,0.005623238,0.008030748,0.009427147,0.009279963,0.008745901,0.012452859,0.018249158,0.023783553,0.026454737,0.020925127,0.017429577,0.018348619,0.031768933,0.000257062,0.000347594,0.143483818,0.00042945,0.00036156,0.253340662,0.353196591,0.000603201,0.000802661,0.001280323
Head 0,612,5.83E-05,3.62E-05,2.36E-05,2.18E-05,2.29E-05,2.11E-05,2.38E-05,9.93E-06,1.97E-05,3.16E-05,3.94E-05,0.000113169,6.65E-05,3.85E-05,3.39E-05,4.69E-05,1.66E-05,2.72E-05,3.27E-05,4.73E-05,2.86E-05,2.30E-05,3.37E-05,1.88E-05,3.82E-05,4.61E-05,9.75E-05,5.64E-05,4.57E-05,4.43E-05,3.40E-05,2.20E-05,2.05E-05,1.90E-05,2.94E-05,3.98E-05,7.31E-05,2.07E-05,2.10E-05,2.11E-05,2.95E-05,0.000129123,0.000109571,2.74E-05,3.71E-05,3.23E-05,2.91E-05,3.25E-05,4.46E-05,5.77E-05,5.18E-05,3.98E-05,2.93E-05,2.32E-05,2.34E-05,2.31E-05,2.32E-05,2.19E-05,2.30E-05,2.29E-05,2.47E-05,3.24E-05,3.77E-05,4.10E-05,4.48E-05,0.000252461,0.00030737,0.000346941,0.000370365,0.000365772,0.000351092,0.000340383,0.000379325,0.000463399,0.000559386,0.000603679,0.000598052,0.000479077,0.000509846,0.000671384,0.000917071,0.001285722,0.001503005,0.001524842,0.001499232,0.001775773,0.002272002,0.002580218,0.003407426,0.003978223,0.00345992,0.003013064,0.003423993,0.004249813,0.006713185,0.008991308,0.007610358,0.006491098,0.006200577,0.008751662,0.013725943,0.01927446,0.014987007,0.013804018,0.014925161,0.025366325,0.043505192,0.056200285,0.04174633,0.028585218,0.021629917,0.022520067,0.02991958,0.039070524,0.035524923,0.022712512,0.018727541,1.28E-05,1.50E-05,0.072571158,2.05E-05,2.05E-05,0.093210362,0.095603183,4.22E-05,7.56E-05,0.000150704,0.187350899
Head 0,613,2.93E-05,1.70E-05,1.49E-05,1.68E-05,1.71E-05,1.79E-05,6.47E-06,1.16E-05,1.78E-05,2.39E-05,0.000110666,7.74E-05,4.07E-05,2.59E-05,2.78E-05,8.85E-06,1.67E-05,2.88E-05,6.06E-05,2.99E-05,1.68E-05,1.97E-05,9.08E-06,2.08E-05,3.39E-05,8.46E-05,4.73E-05,3.78E-05,4.11E-05,3.47E-05,2.15E-05,1.58E-05,1.43E-05,1.92E-05,2.64E-05,7.05E-05,1.93E-05,1.95E-05,1.64E-05,1.83E-05,6.12E-05,6.89E-05,2.16E-05,3.54E-05,3.11E-05,2.29E-05,2.01E-05,2.49E-05,3.82E-05,4.53E-05,4.27E-05,3.16E-05,2.19E-05,1.88E-05,1.77E-05,1.92E-05,2.00E-05,2.11E-05,1.86E-05,1.71E-05,2.09E-05,2.59E-05,3.12E-05,3.48E-05,0.00018769,0.000224277,0.000229352,0.000241253,0.000248997,0.000256174,0.000256558,0.000273368,0.000317153,0.000381314,0.000445903,0.000505211,0.000422387,0.000406412,0.000438921,0.000484897,0.000643439,0.000856404,0.00106471,0.001164416,0.001251162,0.001281328,0.001241675,0.001847859,0.002788601,0.00291293,0.002508073,0.002268242,0.002364091,0.003873005,0.006462775,0.006924036,0.005856727,0.004414694,0.004840877,0.007547874,0.013282662,0.013111343,0.01222618,0.010076576,0.012774359,0.021617174,0.037973456,0.043982193,0.037157319,0.024817847,0.018196726,0.0185402,0.025463289,0.03307502,0.027907645,0.021570181,1.38E-05,1.43E-05,0.040940549,1.80E-05,1.86E-05,0.106687576,0.088146403,2.83E-05,4.69E-05,0.000106955,0.196775109,0.126100004
Head 0,614,1.65E-05,1.37E-05,1.55E-05,1.72E-05,1.94E-05,6.18E-06,1.07E-05,1.56E-05,2.00E-05,9.69E-05,9.32E-05,5.83E-05,3.27E-05,2.49E-05,6.62E-06,1.06E-05,2.21E-05,7.29E-05,4.41E-05,2.14E-05,1.82E-05,6.42E-06,1.23E-05,2.30E-05,7.25E-05,4.73E-05,3.88E-05,4.47E-05,4.26E-05,2.90E-05,1.97E-05,1.53E-05,1.81E-05,2.27E-05,6.14E-05,1.95E-05,2.26E-05,1.88E-05,1.77E-05,4.11E-05,4.56E-05,1.68E-05,3.30E-05,3.61E-05,2.71E-05,1.97E-05,1.87E-05,2.57E-05,3.47E-05,4.23E-05,3.85E-05,2.77E-05,2.07E-05,1.69E-05,1.72E-05,1.91E-05,2.21E-05,1.98E-05,1.62E-05,1.75E-05,2.06E-05,2.63E-05,3.23E-05,0.000153696,0.000207128,0.000213866,0.000214483,0.000214713,0.000224553,0.000234104,0.000250367,0.000276921,0.00031994,0.000373913,0.000466495,0.000450169,0.000455959,0.000448931,0.000415654,0.000450512,0.000563125,0.000806866,0.001087511,0.001269026,0.001186034,0.000902215,0.001175105,0.001918786,0.002527281,0.002693939,0.002359137,0.001975019,0.002634637,0.004441835,0.005752342,0.005984856,0.00460715,0.004019915,0.005010977,0.00884355,0.010570954,0.012363387,0.01036671,0.009954714,0.012526201,0.020629998,0.03144699,0.039614227,0.033300277,0.021281607,0.015272914,0.015653189,0.021683538,0.02545635,0.025646588,1.52E-05,1.60E-05,0.024379529,1.80E-05,1.86E-05,0.10502743,0.096124507,2.47E-05,3.40E-05,6.93E-05,0.149359375,0.12181212,0.130398482
Head 0,615,1.12E-05,1.10E-05,1.13E-05,1.32E-05,2.97E-06,5.44E-06,8.48E-06,1.08E-05,4.88E-05,5.81E-05,5.14E-05,3.61E-05,2.61E-05,4.64E-06,5.86E-06,1.17E-05,6.09E-05,5.25E-05,2.77E-05,1.88E-05,4.24E-06,5.72E-06,9.44E-06,4.36E-05,3.58E-05,3.08E-05,3.38E-05,3.13E-05,2.31E-05,1.72E-05,9.86E-06,1.23E-05,1.50E-05,3.35E-05,1.23E-05,1.65E-05,1.61E-05,1.59E-05,3.09E-05,2.74E-05,9.81E-06,1.91E-05,2.59E-05,2.34E-05,1.71E-05,1.34E-05,1.48E-05,1.87E-05,2.66E-05,3.21E-05,2.85E-05,2.19E-05,1.60E-05,1.41E-05,1.54E-05,1.98E-05,2.01E-05,1.64E-05,1.57E-05,1.55E-05,1.82E-05,2.32E-05,8.27E-05,0.000133048,0.00015485,0.000154324,0.000142522,0.000142586,0.000149791,0.000175717,0.000208151,0.000244299,0.000274099,0.000339631,0.000359732,0.000407924,0.000419014,0.000366893,0.00031922,0.000313394,0.000427311,0.000633856,0.000903882,0.000931982,0.000628168,0.000664915,0.00096143,0.001447468,0.002039033,0.002223556,0.0017931,0.001967401,0.002910793,0.003799769,0.005239476,0.005374101,0.004770337,0.004625765,0.006446535,0.007010316,0.009846756,0.010357686,0.010010203,0.00993101,0.012324809,0.017948752,0.032079943,0.040965229,0.033637308,0.021907132,0.015827013,0.017063783,0.021778211,0.030653503,2.11E-05,2.49E-05,0.025662083,2.40E-05,2.18E-05,0.09946049,0.127543285,2.72E-05,3.38E-05,5.80E-05,0.110971212,0.105436206,0.155800849,0.030069355
Head 0,616,1.44E-05,1.43E-05,1.68E-05,3.14E-06,5.64E-06,9.00E-06,1.20E-05,4.05E-05,5.18E-05,5.67E-05,5.32E-05,4.45E-05,6.59E-06,6.70E-06,1.05E-05,4.86E-05,5.99E-05,4.60E-05,3.52E-05,6.84E-06,6.92E-06,8.01E-06,3.30E-05,3.27E-05,3.44E-05,4.22E-05,4.15E-05,3.18E-05,2.52E-05,1.01E-05,1.34E-05,1.69E-05,2.93E-05,1.33E-05,1.85E-05,2.02E-05,2.18E-05,5.05E-05,3.40E-05,1.04E-05,1.71E-05,2.51E-05,2.84E-05,2.47E-05,1.94E-05,1.74E-05,1.74E-05,2.25E-05,3.03E-05,3.40E-05,3.22E-05,2.47E-05,1.95E-05,1.83E-05,2.23E-05,2.41E-05,2.19E-05,2.19E-05,2.02E-05,2.12E-05,2.51E-05,7.10E-05,0.000119587,0.000163472,0.000185998,0.000179928,0.000173445,0.000169065,0.000193393,0.00023112,0.000278074,0.000312475,0.000379684,0.000416184,0.000517084,0.00058368,0.000552456,0.000449728,0.000365952,0.000414173,0.000575661,0.000930095,0.001157933,0.000857216,0.000796916,0.000913379,0.001204144,0.00180265,0.002508646,0.002412195,0.002589644,0.003165237,0.0033143,0.004556229,0.005770446,0.006432268,0.006364473,0.007400611,0.006672723,0.008959277,0.011070269,0.012697701,0.012346993,0.01224234,0.013635512,0.024062509,0.038011309,0.044057321,0.035113536,0.02309634,0.017870061,0.01828053,0.027543508,2.87E-05,3.89E-05,0.036297113,4.48E-05,3.92E-05,0.072801352,0.116262689,4.46E-05,5.29E-05,7.60E-05,0.102413863,0.089152068,0.148058966,0.035448585,0.03354742
Head 0,617,2.03E-05,2.95E-05,8.34E-06,1.53E-05,2.07E-05,2.36E-05,4.28E-05,5.04E-05,6.10E-05,7.99E-05,9.54E-05,1.93E-05,1.69E-05,1.62E-05,3.50E-05,4.22E-05,4.66E-05,5.15E-05,1.65E-05,1.65E-05,1.37E-05,3.45E-05,2.95E-05,3.21E-05,4.33E-05,5.34E-05,5.20E-05,5.64E-05,2.14E-05,2.64E-05,2.81E-05,3.39E-05,1.87E-05,2.43E-05,2.91E-05,3.49E-05,0.000101168,5.84E-05,1.45E-05,1.74E-05,2.33E-05,3.19E-05,3.85E-05,3.92E-05,3.53E-05,2.94E-05,2.95E-05,3.47E-05,4.11E-05,4.81E-05,4.47E-05,3.79E-05,3.23E-05,3.34E-05,3.26E-05,2.92E-05,2.97E-05,2.75E-05,2.75E-05,3.09E-05,9.79E-05,0.000137051,0.000179893,0.000215509,0.000239533,0.000261016,0.000279102,0.000320631,0.000360373,0.000405639,0.00041909,0.000460208,0.000474206,0.000626455,0.000792788,0.000882824,0.000773166,0.000595145,0.000543341,0.000657822,0.001047743,0.001581849,0.001498385,0.001454734,0.001452364,0.001494665,0.001897518,0.002715214,0.003066874,0.003591034,0.004044299,0.003659037,0.004153966,0.004939929,0.005813793,0.006013716,0.006374312,0.005283983,0.006527245,0.008866827,0.012330157,0.013418574,0.012445893,0.010832201,0.015093277,0.023713622,0.033987835,0.036354024,0.027793974,0.017495252,0.01285618,0.01563737,1.47E-05,1.90E-05,0.035082161,2.37E-05,2.34E-05,0.039364025,0.057695836,3.56E-05,4.40E-05,5.47E-05,0.078542963,0.067184076,0.104890175,0.031863019,0.032664277,0.234233081
Head 0,618,1.64E-05,4.39E-06,8.77E-06,1.27E-05,1.61E-05,3.81E-05,3.19E-05,2.84E-05,3.69E-05,6.05E-05,1.75E-05,2.14E-05,1.98E-05,2.80E-05,2.27E-05,2.38E-05,3.26E-05,1.48E-05,1.97E-05,1.63E-05,2.61E-05,1.68E-05,1.73E-05,2.39E-05,2.94E-05,2.80E-05,3.25E-05,1.97E-05,2.78E-05,3.25E-05,3.19E-05,1.90E-05,2.03E-05,2.18E-05,2.78E-05,6.80E-05,4.56E-05,1.51E-05,1.55E-05,1.57E-05,1.90E-05,2.61E-05,3.58E-05,4.17E-05,3.59E-05,3.04E-05,2.86E-05,3.04E-05,3.93E-05,4.38E-05,4.28E-05,3.53E-05,3.16E-05,2.67E-05,2.28E-05,2.38E-05,2.23E-05,2.04E-05,1.98E-05,6.61E-05,7.85E-05,9.49E-05,0.00012064,0.00014712,0.000170887,0.000186401,0.000213372,0.000246855,0.000287938,0.000306682,0.000318794,0.000282573,0.000334514,0.000422571,0.000519357,0.00054973,0.000470941,0.000383974,0.000359754,0.000475477,0.000696935,0.000817507,0.001046007,0.001156449,0.001056964,0.001061804,0.001404152,0.001866588,0.002757569,0.003359106,0.002703769,0.002351421,0.002339291,0.003078932,0.004103,0.004845434,0.003733441,0.00356317,0.004070228,0.006591116,0.009972835,0.011737308,0.009574811,0.009869401,0.011715829,0.017742684,0.027047461,0.032298982,0.023497157,0.013223186,0.010510724,6.77E-06,7.90E-06,0.029143531,1.06E-05,1.07E-05,0.024265544,0.028179828,1.54E-05,2.14E-05,3.12E-05,0.070009708,0.050598223,0.065871857,0.022285828,0.028845755,0.295195371,0.14808771
Head 0,619,3.24E-06,6.13E-06,8.53E-06,1.12E-05,5.20E-05,3.97E-05,2.63E-05,2.44E-05,3.63E-05,1.28E-05,2.32E-05,2.98E-05,4.76E-05,2.45E-05,1.70E-05,2.12E-05,1.13E-05,2.09E-05,2.40E-05,3.41E-05,1.63E-05,1.39E-05,1.88E-05,2.37E-05,2.21E-05,2.29E-05,2.20E-05,3.06E-05,3.79E-05,4.41E-05,2.60E-05,2.62E-05,2.33E-05,2.56E-05,3.69E-05,3.40E-05,1.90E-05,2.16E-05,1.82E-05,1.62E-05,1.84E-05,2.66E-05,4.13E-05,4.78E-05,4.50E-05,3.71E-05,3.20E-05,3.64E-05,4.35E-05,5.25E-05,5.07E-05,4.52E-05,3.26E-05,2.34E-05,2.28E-05,2.25E-05,2.13E-05,1.96E-05,6.30E-05,6.34E-05,6.20E-05,7.28E-05,9.23E-05,0.000118702,0.000142331,0.000162992,0.000185605,0.000217975,0.000249262,0.000280823,0.000240698,0.000250038,0.000271119,0.000303642,0.000351431,0.000374978,0.000348679,0.000313757,0.000318684,0.000354266,0.000385001,0.000613429,0.000916351,0.000958451,0.000854089,0.00086555,0.001043091,0.001774371,0.002786381,0.002786479,0.002158279,0.001549153,0.001603502,0.002287965,0.003425786,0.00329825,0.002904098,0.002425756,0.003123565,0.005209855,0.008759758,0.010219662,0.010472531,0.009368114,0.010111827,0.014388544,0.023594238,0.028336016,0.020038029,0.012768774,5.30E-06,5.07E-06,0.019542204,6.00E-06,6.40E-06,0.02731376,0.021714421,7.34E-06,9.98E-06,1.73E-05,0.068272583,0.053417139,0.054741576,0.016981671,0.021220298,0.276429892,0.195620731,0.049231064
Head 0,620,8.14E-06,1.08E-05,1.26E-05,6.91E-05,5.96E-05,3.99E-05,3.00E-05,3.35E-05,1.25E-05,2.36E-05,3.95E-05,0.000101058,5.02E-05,2.55E-05,2.24E-05,1.08E-05,1.95E-05,2.94E-05,5.43E-05,2.66E-05,1.92E-05,2.24E-05,2.71E-05,2.68E-05,2.77E-05,3.12E-05,4.10E-05,4.78E-05,6.58E-05,3.53E-05,3.89E-05,3.41E-05,3.35E-05,2.96E-05,3.13E-05,2.44E-05,3.24E-05,2.93E-05,2.27E-05,2.03E-05,2.34E-05,3.61E-05,5.15E-05,6.26E-05,5.84E-05,4.72E-05,4.38E-05,4.62E-05,5.86E-05,6.92E-05,7.46E-05,5.69E-05,3.64E-05,3.11E-05,2.85E-05,2.81E-05,2.78E-05,8.13E-05,8.49E-05,7.33E-05,7.14E-05,8.00E-05,0.000102847,0.000135454,0.000167939,0.000195578,0.000228784,0.000261351,0.00031399,0.000294557,0.000310051,0.000310669,0.000309447,0.000325023,0.000363451,0.000399223,0.000424402,0.000407509,0.000374395,0.000312169,0.000449473,0.000772087,0.001041395,0.001101817,0.001002271,0.000946239,0.001369577,0.002360623,0.003152753,0.003083642,0.002180142,0.00170168,0.001901596,0.002853767,0.003358946,0.003600711,0.002932672,0.002813782,0.003598789,0.005940239,0.009182681,0.012597598,0.012557935,0.010817355,0.011142761,0.015743723,0.024439085,0.026640745,0.021779383,7.25E-06,6.75E-06,0.01609672,6.29E-06,6.58E-06,0.041638274,0.032474637,7.15E-06,8.59E-06,1.42E-05,0.058533028,0.059840377,0.065450117,0.018930467,0.018293524,0.190153196,0.19302614,0.070266105,0.036449328
Head 0,621,1.08E-05,1.15E-05,5.67E-05,5.40E-05,4.20E-05,3.27E-05,3.03E-05,9.71E-06,1.60E-05,2.77E-05,0.00011634,7.71E-05,3.91E-05,2.62E-05,9.04E-06,1.29E-05,1.98E-05,5.39E-05,3.24E-05,2.20E-05,2.12E-05,2.29E-05,2.33E-05,2.67E-05,2.73E-05,3.83E-05,4.32E-05,6.19E-05,2.72E-05,3.37E-05,3.33E-05,3.38E-05,2.51E-05,2.31E-05,1.87E-05,2.70E-05,2.91E-05,2.45E-05,1.99E-05,1.80E-05,2.22E-05,3.08E-05,4.39E-05,5.11E-05,4.59E-05,3.90E-05,3.47E-05,3.95E-05,5.04E-05,6.70E-05,6.24E-05,4.15E-05,3.26E-05,2.59E-05,2.41E-05,2.52E-05,6.44E-05,7.88E-05,7.07E-05,6.05E-05,5.68E-05,6.59E-05,8.78E-05,0.000120529,0.000151663,0.000181921,0.000199799,0.000237763,0.000244655,0.000286646,0.000305011,0.000302893,0.000281865,0.000283154,0.000326702,0.000404997,0.000440321,0.000408039,0.000275817,0.00030198,0.000467103,0.000732764,0.001013883,0.001072585,0.000907033,0.001034132,0.001600803,0.002308329,0.003090078,0.00282566,0.002116483,0.001827106,0.002283478,0.002632382,0.00359448,0.003735818,0.003404789,0.003250701,0.003979356,0.005867934,0.010455267,0.01423856,0.013411833,0.011409744,0.011532107,0.016271433,0.023072641,0.029396316,8.59E-06,9.06E-06,0.018438451,7.29E-06,6.95E-06,0.050454572,0.052215923,8.70E-06,9.71E-06,1.38E-05,0.046718642,0.056753006,0.083080396,0.024647292,0.02021629,0.151217923,0.153460011,0.074912794,0.050910309,0.03222429
Head 0,622,1.13E-05,4.82E-05,4.43E-05,3.59E-05,3.15E-05,2.92E-05,7.97E-06,1.18E-05,1.88E-05,9.30E-05,8.99E-05,5.95E-05,4.00E-05,9.54E-06,1.02E-05,1.27E-05,4.18E-05,3.40E-05,2.68E-05,2.38E-05,2.12E-05,1.83E-05,2.08E-05,1.82E-05,3.05E-05,3.93E-05,5.66E-05,2.11E-05,2.61E-05,2.72E-05,3.04E-05,2.57E-05,1.88E-05,1.55E-05,2.10E-05,2.50E-05,2.43E-05,2.12E-05,1.76E-05,1.73E-05,1.99E-05,2.78E-05,3.79E-05,4.19E-05,3.94E-05,3.25E-05,3.10E-05,3.56E-05,5.10E-05,5.90E-05,4.83E-05,4.12E-05,3.00E-05,2.42E-05,2.34E-05,4.94E-05,6.92E-05,7.39E-05,6.54E-05,5.49E-05,5.28E-05,6.10E-05,8.43E-05,0.000116199,0.000155197,0.000176464,0.000203003,0.000208751,0.000256861,0.000297356,0.000326637,0.000299614,0.000269716,0.000287341,0.000361367,0.000450651,0.000482804,0.000325892,0.000281267,0.000332755,0.000476728,0.000758157,0.00105956,0.001028736,0.001057605,0.001304216,0.001543106,0.002295311,0.002884488,0.002798988,0.002372127,0.002399227,0.002177019,0.002956749,0.0038774,0.004342084,0.004007408,0.003775194,0.004130987,0.007065197,0.011619913,0.014377217,0.013590789,0.011595494,0.012369334,0.016248789,0.026939448,7.85E-06,1.02E-05,0.029327942,9.28E-06,7.75E-06,0.044057682,0.061495058,9.60E-06,1.13E-05,1.49E-05,0.040678438,0.044354647,0.079825573,0.029201541,0.027082181,0.153532296,0.12508291,0.064482659,0.055777345,0.041511498,0.037405644
Head 0,623,3.78E-05,3.22E-05,2.42E-05,2.31E-05,2.47E-05,5.20E-06,7.92E-06,1.18E-05,5.15E-05,6.19E-05,5.78E-05,5.20E-05,9.64E-06,9.30E-06,8.72E-06,2.66E-05,2.55E-05,2.55E-05,2.53E-05,2.06E-05,1.42E-05,1.37E-05,9.35E-06,1.74E-05,2.75E-05,4.57E-05,1.61E-05,1.88E-05,1.88E-05,2.21E-05,2.73E-05,1.68E-05,1.28E-05,1.53E-05,1.75E-05,1.87E-05,1.87E-05,1.69E-05,1.53E-05,1.42E-05,1.66E-05,2.23E-05,2.86E-05,3.33E-05,3.02E-05,2.65E-05,2.54E-05,3.30E-05,4.10E-05,4.14E-05,4.33E-05,3.38E-05,2.48E-05,2.05E-05,3.57E-05,4.81E-05,5.82E-05,5.99E-05,5.25E-05,4.50E-05,4.28E-05,5.29E-05,7.41E-05,0.00010959,0.000139165,0.000163934,0.000162579,0.000196255,0.000235925,0.000286308,0.000287243,0.000255292,0.00024366,0.00027783,0.00036299,0.000449023,0.000355756,0.000292164,0.000273525,0.000299092,0.000422222,0.000697795,0.000891256,0.001068824,0.001194072,0.001078121,0.001361138,0.001913081,0.002592665,0.002798445,0.002736741,0.001967635,0.002116601,0.002792968,0.004008194,0.004620344,0.004355179,0.003688249,0.004865627,0.007387656,0.011191513,0.013885564,0.013211857,0.01169077,0.011778828,0.018571017,6.23E-06,9.04E-06,0.047932521,1.11E-05,8.84E-06,0.034920521,0.050114978,8.87E-06,1.14E-05,1.58E-05,0.043430749,0.035069469,0.060244106,0.025130983,0.031468417,0.19128783,0.12233831,0.052247625,0.047109898,0.041884173,0.044552911,0.033111297
Head 0,624,2.14E-05,1.35E-05,1.22E-05,1.45E-05,2.32E-06,4.28E-06,7.03E-06,2.61E-05,2.95E-05,3.24E-05,4.28E-05,7.36E-06,8.42E-06,7.04E-06,1.69E-05,1.42E-05,1.64E-05,2.08E-05,1.88E-05,1.14E-05,8.51E-06,4.62E-06,8.31E-06,1.52E-05,3.41E-05,1.24E-05,1.45E-05,1.31E-05,1.45E-05,2.53E-05,1.47E-05,1.06E-05,1.21E-05,1.23E-05,1.25E-05,1.32E-05,1.38E-05,1.37E-05,1.18E-05,1.12E-05,1.27E-05,1.60E-05,2.20E-05,2.46E-05,2.38E-05,2.08E-05,2.27E-05,2.53E-05,2.77E-05,3.59E-05,3.46E-05,2.68E-05,1.97E-05,3.01E-05,3.25E-05,3.74E-05,4.40E-05,4.47E-05,3.92E-05,3.27E-05,3.35E-05,4.26E-05,6.41E-05,9.30E-05,0.000123029,0.000122484,0.00014094,0.000163466,0.000200842,0.00022736,0.000225179,0.000207508,0.0002125,0.000254092,0.000318082,0.000297066,0.000282881,0.00025728,0.000217101,0.000227152,0.000342654,0.000527233,0.000865647,0.001111877,0.000895419,0.000837365,0.000983719,0.001571869,0.002407994,0.002903011,0.002075088,0.0016771,0.001695379,0.002526724,0.003814266,0.004676907,0.003993392,0.004028222,0.004557914,0.006541979,0.010002506,0.012992506,0.012754587,0.010767994,0.012908116,4.91E-06,6.77E-06,0.056755517,1.14E-05,9.94E-06,0.032843716,0.035027705,7.23E-06,9.49E-06,1.48E-05,0.054683469,0.033646479,0.04326408,0.016466081,0.026678743,0.235935032,0.141990915,0.046588272,0.034466561,0.031207422,0.039624527,0.035126351,0.023284163
Head 0,625,1.07E-05,8.24E-06,9.16E-06,1.18E-06,2.41E-06,4.71E-06,1.78E-05,1.65E-05,1.69E-05,2.77E-05,5.23E-06,7.92E-06,7.42E-06,1.60E-05,9.91E-06,1.04E-05,1.56E-05,1.81E-05,1.26E-05,8.23E-06,3.64E-06,4.98E-06,8.18E-06,2.51E-05,1.01E-05,1.35E-05,1.20E-05,1.17E-05,2.59E-05,1.59E-05,9.00E-06,1.12E-05,1.09E-05,1.01E-05,9.96E-06,1.08E-05,1.23E-05,1.15E-05,1.03E-05,9.48E-06,9.95E-06,1.33E-05,1.72E-05,2.04E-05,1.95E-05,1.95E-05,1.79E-05,1.75E-05,2.43E-05,2.97E-05,2.92E-05,2.33E-05,3.50E-05,2.93E-05,2.68E-05,3.05E-05,3.52E-05,3.59E-05,3.11E-05,2.76E-05,2.90E-05,3.78E-05,5.62E-05,8.60E-05,9.62E-05,0.000114063,0.000125683,0.000139606,0.000161129,0.000181109,0.000184834,0.000195173,0.00021031,0.000234941,0.000220846,0.000253655,0.000276775,0.000223006,0.000183075,0.000200779,0.000276286,0.000549366,0.000950014,0.000921606,0.000745749,0.000633584,0.000852598,0.001526388,0.002557139,0.002469124,0.001945414,0.001444822,0.001637245,0.00247238,0.003928325,0.004462299,0.00447691,0.004016316,0.004267809,0.005862018,0.009079861,0.012084328,0.011624825,0.011707551,4.98E-06,5.72E-06,0.042744752,1.04E-05,1.12E-05,0.046533708,0.033611529,7.26E-06,8.50E-06,1.38E-05,0.070911601,0.043855764,0.042194821,0.011041189,0.016747613,0.221768394,0.158629999,0.052039344,0.032689448,0.025596336,0.031473402,0.031530995,0.024670584,0.019239826
Head 0,626,6.88E-06,6.15E-06,5.74E-07,9.93E-07,2.16E-06,1.10E-05,9.73E-06,8.48E-06,1.30E-05,2.47E-06,4.35E-06,5.30E-06,1.67E-05,8.55E-06,7.27E-06,1.07E-05,1.51E-05,1.36E-05,9.10E-06,3.12E-06,3.17E-06,3.93E-06,1.39E-05,5.76E-06,9.67E-06,9.76E-06,8.88E-06,2.33E-05,1.46E-05,5.30E-06,8.12E-06,9.26E-06,8.74E-06,7.81E-06,7.66E-06,9.04E-06,9.64E-06,9.53E-06,8.45E-06,7.45E-06,8.23E-06,9.96E-06,1.28E-05,1.43E-05,1.50E-05,1.23E-05,1.00E-05,1.26E-05,1.71E-05,2.22E-05,2.30E-05,3.67E-05,2.96E-05,2.25E-05,2.20E-05,2.52E-05,2.93E-05,2.86E-05,2.50E-05,2.25E-05,2.37E-05,3.10E-05,5.01E-05,6.59E-05,8.74E-05,9.65E-05,9.23E-05,9.40E-05,0.000105859,0.000128235,0.000162215,0.000185405,0.000188523,0.000151708,0.000181661,0.000236732,0.000221337,0.000177719,0.000146586,0.000143856,0.000260329,0.000548188,0.000706304,0.000660079,0.000479969,0.00047565,0.000742466,0.001508441,0.002077755,0.002230984,0.001598645,0.001359011,0.001625418,0.002696526,0.004236899,0.005723457,0.005468044,0.004424618,0.004211349,0.005360816,0.00829805,0.010674047,0.012053182,9.14E-06,9.05E-06,0.023852902,1.30E-05,1.60E-05,0.069393165,0.045663137,1.25E-05,1.24E-05,1.85E-05,0.071423337,0.056687791,0.054889329,0.009169721,0.010258208,0.179111168,0.160052165,0.066277266,0.043286908,0.028680013,0.027133139,0.023760268,0.019617232,0.020252535,0.009672035
Head 0,627,8.41E-06,1.02E-06,1.49E-06,2.57E-06,1.26E-05,1.01E-05,7.80E-06,9.99E-06,3.01E-06,5.53E-06,7.59E-06,3.21E-05,1.46E-05,9.08E-06,9.72E-06,1.26E-05,1.46E-05,1.43E-05,5.87E-06,5.67E-06,5.10E-06,1.18E-05,4.87E-06,9.05E-06,1.19E-05,1.34E-05,3.82E-05,2.35E-05,5.68E-06,8.62E-06,1.04E-05,1.08E-05,1.03E-05,9.88E-06,1.11E-05,1.21E-05,1.28E-05,1.19E-05,9.84E-06,9.31E-06,9.90E-06,1.27E-05,1.64E-05,2.02E-05,1.75E-05,1.28E-05,1.30E-05,1.51E-05,2.08E-05,2.72E-05,6.29E-05,5.66E-05,3.95E-05,3.02E-05,2.89E-05,3.43E-05,3.99E-05,4.23E-05,3.94E-05,3.62E-05,3.73E-05,5.09E-05,6.85E-05,0.000104612,0.000136277,0.000140733,0.000131116,0.000129614,0.000151468,0.000206052,0.000257814,0.000279155,0.000210399,0.000235157,0.000321833,0.000357131,0.000342961,0.000273886,0.000204702,0.000275465,0.000526851,0.000793348,0.001002617,0.000853851,0.000710114,0.0007899,0.001314137,0.001925161,0.002885101,0.002750062,0.002274781,0.002034385,0.002470669,0.003605663,0.005902852,0.007482099,0.006459394,0.005236574,0.005010177,0.006601853,0.009247776,0.012787808,1.44E-05,1.49E-05,0.018221736,1.52E-05,1.80E-05,0.089521036,0.075203538,2.33E-05,2.26E-05,2.89E-05,0.056051139,0.059929647,0.075516738,0.013369874,0.011151517,0.143896669,0.112219997,0.050220482,0.041715086,0.033520166,0.032397956,0.026169367,0.018714143,0.018508909,0.010181089,0.025768735
Head 0,628,2.30E-06,3.63E-06,5.34E-06,2.14E-05,1.46E-05,9.37E-06,9.20E-06,4.59E-06,8.50E-06,1.32E-05,5.98E-05,3.17E-05,1.81E-05,1.35E-05,1.18E-05,1.15E-05,1.38E-05,9.80E-06,1.19E-05,1.06E-05,1.62E-05,5.45E-06,8.26E-06,1.14E-05,1.59E-05,3.85E-05,2.93E-05,8.61E-06,1.21E-05,1.31E-05,1.29E-05,1.27E-05,1.23E-05,1.35E-05,1.49E-05,1.70E-05,1.70E-05,1.41E-05,1.20E-05,1.08E-05,1.25E-05,1.71E-05,2.54E-05,2.75E-05,2.21E-05,2.04E-05,1.92E-05,2.24E-05,2.98E-05,9.34E-05,0.000105214,8.11E-05,5.28E-05,3.89E-05,3.75E-05,4.38E-05,5.51E-05,6.20E-05,6.26E-05,5.80E-05,6.32E-05,7.11E-05,0.000103296,0.000148177,0.000185062,0.000189542,0.000186732,0.00020411,0.000268641,0.000329605,0.000375039,0.000284242,0.000285716,0.000373574,0.000457379,0.00054867,0.00051251,0.000365477,0.000376455,0.000547676,0.000788788,0.001212143,0.001391949,0.001265799,0.00117178,0.001449087,0.001736968,0.002767419,0.003501794,0.003549107,0.003052554,0.002882253,0.003160497,0.004584833,0.006527084,0.006520635,0.005630306,0.004929346,0.00545091,0.007042347,0.010906885,1.04E-05,1.36E-05,0.016887227,1.24E-05,1.23E-05,0.080004208,0.096950144,2.05E-05,2.34E-05,3.04E-05,0.04426733,0.048913751,0.076267399,0.019762827,0.015791975,0.134451568,0.091335081,0.036588445,0.029428367,0.025751041,0.029020431,0.027520349,0.021693239,0.020236246,0.010145052,0.02534667,0.062649824
Head 0,629,2.18E-06,3.10E-06,1.88E-05,1.46E-05,1.00E-05,9.29E-06,2.71E-06,4.78E-06,7.14E-06,4.21E-05,3.11E-05,2.32E-05,1.73E-05,1.17E-05,8.21E-06,8.89E-06,6.17E-06,1.09E-05,1.29E-05,1.72E-05,4.61E-06,6.01E-06,7.77E-06,1.23E-05,2.64E-05,1.86E-05,8.34E-06,1.20E-05,1.32E-05,1.37E-05,1.44E-05,1.41E-05,1.35E-05,1.27E-05,1.35E-05,1.46E-05,1.41E-05,1.30E-05,1.06E-05,9.94E-06,1.13E-05,1.72E-05,2.28E-05,2.35E-05,2.49E-05,2.14E-05,2.00E-05,2.29E-05,7.13E-05,9.96E-05,0.000102644,7.28E-05,4.71E-05,3.37E-05,3.07E-05,3.56E-05,4.29E-05,4.91E-05,4.66E-05,4.44E-05,4.24E-05,5.61E-05,8.36E-05,0.000122383,0.000141666,0.000139347,0.000139916,0.000169198,0.000217379,0.000277228,0.000229319,0.000202416,0.00021293,0.000235517,0.000307848,0.000383771,0.000336386,0.000310464,0.000322063,0.000320038,0.000465384,0.000707327,0.000949007,0.001032483,0.001103672,0.000986702,0.001406281,0.002208582,0.003194418,0.003300185,0.002722938,0.002113265,0.002461816,0.003620179,0.004831813,0.005450579,0.004919137,0.004278983,0.004405934,0.007204281,4.50E-06,7.54E-06,0.02050769,9.49E-06,8.23E-06,0.049723811,0.088629343,1.24E-05,1.56E-05,2.03E-05,0.046707589,0.039090388,0.064722016,0.021699728,0.021139935,0.157938018,0.08985959,0.03236929,0.026011033,0.02468981,0.031062018,0.029318448,0.021352287,0.017284099,0.008587006,0.026390517,0.096698821,0.023171622
Head 0,630,2.86E-06,1.51E-05,1.21E-05,9.63E-06,1.09E-05,2.35E-06,4.11E-06,5.53E-06,2.75E-05,2.53E-05,2.67E-05,2.63E-05,1.78E-05,9.53E-06,7.52E-06,4.19E-06,7.71E-06,1.18E-05,2.16E-05,5.39E-06,5.68E-06,5.67E-06,7.85E-06,2.10E-05,1.64E-05,8.31E-06,1.17E-05,1.18E-05,1.16E-05,1.26E-05,1.38E-05,1.43E-05,1.28E-05,1.22E-05,1.23E-05,1.25E-05,1.31E-05,1.17E-05,1.04E-05,9.78E-06,1.24E-05,1.59E-05,1.91E-05,2.49E-05,2.45E-05,2.17E-05,2.08E-05,5.30E-05,7.22E-05,8.68E-05,7.95E-05,5.97E-05,3.99E-05,2.96E-05,2.82E-05,3.23E-05,4.03E-05,4.40E-05,4.35E-05,3.72E-05,4.17E-05,5.55E-05,8.13E-05,0.000108824,0.000122968,0.0001248,0.000137987,0.000167337,0.000215801,0.000207513,0.000202488,0.000201007,0.000183971,0.000204238,0.000268491,0.000301869,0.000339785,0.000334428,0.000254117,0.000259186,0.000342911,0.00056742,0.000861766,0.001068717,0.000847692,0.000893308,0.001179899,0.002008801,0.002940963,0.003134614,0.002317193,0.002015434,0.002212505,0.00291011,0.004062845,0.004818053,0.004346412,0.003599625,0.00457731,3.04E-06,5.17E-06,0.021408809,9.84E-06,8.82E-06,0.031774856,0.050988223,9.91E-06,1.37E-05,2.10E-05,0.062475834,0.037494313,0.048288818,0.016408086,0.021026125,0.198905408,0.11628446,0.036884692,0.023911674,0.020480014,0.027664585,0.029623352,0.023673112,0.017492328,0.007318839,0.019651817,0.093825176,0.029274182,0.015280297
Head 0,631,1.23E-05,9.26E-06,7.32E-06,9.64E-06,1.77E-06,3.35E-06,4.64E-06,1.89E-05,1.74E-05,2.24E-05,3.12E-05,2.78E-05,1.48E-05,8.84E-06,3.38E-06,4.95E-06,7.84E-06,2.19E-05,6.09E-06,6.13E-06,4.95E-06,5.26E-06,1.64E-05,1.47E-05,6.92E-06,1.04E-05,1.04E-05,9.31E-06,9.28E-06,1.05E-05,1.23E-05,1.21E-05,1.14E-05,1.04E-05,9.85E-06,1.08E-05,1.08E-05,1.05E-05,9.45E-06,1.02E-05,1.10E-05,1.25E-05,1.81E-05,2.20E-05,2.23E-05,2.06E-05,4.29E-05,5.07E-05,5.89E-05,6.43E-05,6.08E-05,4.61E-05,3.28E-05,2.59E-05,2.51E-05,2.97E-05,3.58E-05,4.05E-05,3.58E-05,3.65E-05,4.10E-05,5.16E-05,7.08E-05,9.30E-05,0.00010705,0.000122449,0.000137204,0.000159773,0.000157235,0.000181537,0.000206377,0.000180832,0.000169431,0.000189029,0.000222157,0.000310269,0.000366197,0.000285221,0.00021765,0.000201104,0.00029341,0.000540463,0.000902627,0.000849318,0.000774452,0.000741918,0.00106801,0.001804485,0.002711272,0.002643799,0.002218909,0.001854736,0.001873155,0.002459864,0.003560689,0.004128656,0.003573756,0.003624289,2.40E-06,3.53E-06,0.015126557,8.67E-06,9.32E-06,0.027838426,0.032502774,8.26E-06,1.08E-05,1.84E-05,0.086307265,0.047062796,0.04415768,0.011404859,0.015263112,0.1986655,0.145326272,0.050297178,0.027551675,0.018542357,0.022342773,0.025309062,0.023802092,0.019603813,0.007584826,0.015262319,0.066494487,0.027691627,0.017860647,0.013708867
Head 0,632,8.16E-06,5.73E-06,7.41E-06,1.23E-06,2.51E-06,3.84E-06,1.56E-05,1.20E-05,1.47E-05,2.47E-05,3.19E-05,2.30E-05,1.38E-05,3.76E-06,4.09E-06,5.34E-06,1.72E-05,6.03E-06,7.15E-06,5.82E-06,5.07E-06,1.35E-05,1.19E-05,5.22E-06,9.08E-06,1.05E-05,9.42E-06,8.51E-06,8.69E-06,1.04E-05,1.14E-05,1.17E-05,1.05E-05,9.10E-06,9.21E-06,9.44E-06,1.02E-05,1.00E-05,1.04E-05,9.53E-06,9.10E-06,1.24E-05,1.69E-05,2.11E-05,2.24E-05,4.33E-05,4.54E-05,4.58E-05,4.99E-05,5.48E-05,5.11E-05,4.14E-05,3.07E-05,2.48E-05,2.46E-05,2.80E-05,3.47E-05,3.47E-05,3.68E-05,3.74E-05,3.88E-05,4.65E-05,6.22E-05,8.25E-05,0.000110799,0.000125438,0.000133864,0.000118234,0.000143837,0.000192177,0.000189326,0.000175661,0.000162687,0.000163564,0.000236903,0.000343526,0.000340533,0.000256191,0.000180166,0.000186022,0.000305637,0.00061142,0.000782955,0.000840108,0.000701203,0.000740403,0.001053165,0.001780156,0.002445733,0.002638628,0.002210927,0.001726288,0.001710202,0.002285269,0.003226184,0.003608931,0.003758523,2.37E-06,2.82E-06,0.00916442,6.40E-06,8.46E-06,0.031164128,0.029794954,8.49E-06,9.50E-06,1.52E-05,0.101401873,0.070159957,0.059628025,0.011259086,0.011905492,0.16007784,0.138956606,0.06278646,0.037360981,0.021275491,0.020257484,0.02005804,0.019572964,0.020072017,0.009171952,0.015974181,0.048204321,0.021752561,0.017472884,0.015807375,0.011879764
Head 0,633,5.06E-06,5.73E-06,9.09E-07,1.78E-06,2.86E-06,1.50E-05,9.90E-06,9.89E-06,1.57E-05,2.50E-05,2.66E-05,2.15E-05,4.86E-06,4.54E-06,4.49E-06,1.22E-05,4.78E-06,6.91E-06,6.86E-06,6.01E-06,1.31E-05,9.71E-06,3.62E-06,6.69E-06,9.33E-06,9.74E-06,8.89E-06,8.18E-06,8.95E-06,9.97E-06,1.12E-05,1.10E-05,9.42E-06,8.67E-06,8.28E-06,9.08E-06,9.92E-06,1.11E-05,9.87E-06,8.01E-06,9.22E-06,1.18E-05,1.64E-05,2.12E-05,4.39E-05,4.63E-05,4.24E-05,4.09E-05,4.47E-05,4.82E-05,4.76E-05,3.93E-05,2.99E-05,2.51E-05,2.39E-05,2.81E-05,3.06E-05,3.66E-05,3.86E-05,3.64E-05,3.58E-05,4.15E-05,5.69E-05,8.92E-05,0.00011463,0.000127241,0.00010043,0.000111678,0.000155228,0.000179474,0.000193872,0.000174545,0.000145155,0.000180602,0.000273442,0.000336391,0.000315897,0.000223103,0.000172204,0.000202353,0.000365961,0.000546019,0.000806627,0.00079813,0.000727451,0.000768895,0.001082861,0.00167935,0.002529071,0.002797457,0.002160866,0.001665146,0.001644335,0.002164371,0.002958403,0.003885544,2.68E-06,2.82E-06,0.006247971,4.58E-06,6.48E-06,0.032551762,0.034193102,1.02E-05,1.03E-05,1.40E-05,0.087307982,0.08761961,0.09280964,0.016009195,0.012653656,0.133894891,0.107112437,0.058751695,0.047126215,0.028954042,0.02369499,0.018322751,0.014823661,0.01675212,0.009862999,0.020326341,0.0454503,0.018075777,0.015161091,0.016341243,0.013997694,0.011061478
