Head,step,Key 0,Key 1,Key 2,Key 3,Key 4,Key 5,Key 6,Key 7,Key 8,Key 9,Key 10,Key 11,Key 12,Key 13,Key 14,Key 15,Key 16,Key 17,Key 18,Key 19,Key 20,Key 21,Key 22,Key 23,Key 24,Key 25,Key 26,Key 27,Key 28,Key 29,Key 30,Key 31,Key 32,Key 33,Key 34,Key 35,Key 36,Key 37,Key 38,Key 39,Key 40,Key 41,Key 42,Key 43,Key 44,Key 45,Key 46,Key 47,Key 48,Key 49,Key 50,Key 51,Key 52,Key 53,Key 54,Key 55,Key 56,Key 57,Key 58,Key 59,Key 60,Key 61,Key 62,Key 63,Key 64,Key 65,Key 66,Key 67,Key 68,Key 69,Key 70,Key 71,Key 72,Key 73,Key 74,Key 75,Key 76,Key 77,Key 78,Key 79,Key 80,Key 81,Key 82,Key 83,Key 84,Key 85,Key 86,Key 87,Key 88,Key 89,Key 90,Key 91,Key 92,Key 93,Key 94,Key 95,Key 96,Key 97,Key 98,Key 99,Key 100,Key 101,Key 102,Key 103,Key 104,Key 105,Key 106,Key 107,Key 108,Key 109,Key 110,Key 111,Key 112,Key 113,Key 114,Key 115,Key 116,Key 117,Key 118,Key 119,Key 120,Key 121,Key 122,Key 123,Key 124,Key 125,Key 126,Key 127
Head 1,0,1,0,0,0,0,0,0,0,0,0,0,0,0,0,0,0,0,0,0,0,0,0,0,0,0,0,0,0,0,0,0,0,0,0,0,0,0,0,0,0,0,0,0,0,0,0,0,0,0,0,0,0,0,0,0,0,0,0,0,0,0,0,0,0,0,0,0,0,0,0,0,0,0,0,0,0,0,0,0,0,0,0,0,0,0,0,0,0,0,0,0,0,0,0,0,0,0,0,0,0,0,0,0,0,0,0,0,0,0,0,0,0,0,0,0,0,0,0,0,0,0,0,0,0,0,0,0,0
Head 1,1,0.558279335,0.441720635,0,0,0,0,0,0,0,0,0,0,0,0,0,0,0,0,0,0,0,0,0,0,0,0,0,0,0,0,0,0,0,0,0,0,0,0,0,0,0,0,0,0,0,0,0,0,0,0,0,0,0,0,0,0,0,0,0,0,0,0,0,0,0,0,0,0,0,0,0,0,0,0,0,0,0,0,0,0,0,0,0,0,0,0,0,0,0,0,0,0,0,0,0,0,0,0,0,0,0,0,0,0,0,0,0,0,0,0,0,0,0,0,0,0,0,0,0,0,0,0,0,0,0,0,0,0
Head 1,2,0.337147802,0.234231025,0.428621233,0,0,0,0,0,0,0,0,0,0,0,0,0,0,0,0,0,0,0,0,0,0,0,0,0,0,0,0,0,0,0,0,0,0,0,0,0,0,0,0,0,0,0,0,0,0,0,0,0,0,0,0,0,0,0,0,0,0,0,0,0,0,0,0,0,0,0,0,0,0,0,0,0,0,0,0,0,0,0,0,0,0,0,0,0,0,0,0,0,0,0,0,0,0,0,0,0,0,0,0,0,0,0,0,0,0,0,0,0,0,0,0,0,0,0,0,0,0,0,0,0,0,0,0,0
Head 1,3,0.243378475,0.145697057,0.240364045,0.370560408,0,0,0,0,0,0,0,0,0,0,0,0,0,0,0,0,0,0,0,0,0,0,0,0,0,0,0,0,0,0,0,0,0,0,0,0,0,0,0,0,0,0,0,0,0,0,0,0,0,0,0,0,0,0,0,0,0,0,0,0,0,0,0,0,0,0,0,0,0,0,0,0,0,0,0,0,0,0,0,0,0,0,0,0,0,0,0,0,0,0,0,0,0,0,0,0,0,0,0,0,0,0,0,0,0,0,0,0,0,0,0,0,0,0,0,0,0,0,0,0,0,0,0,0
Head 1,4,0.185861349,0.107482575,0.153756991,0.220786244,0.332112879,0,0,0,0,0,0,0,0,0,0,0,0,0,0,0,0,0,0,0,0,0,0,0,0,0,0,0,0,0,0,0,0,0,0,0,0,0,0,0,0,0,0,0,0,0,0,0,0,0,0,0,0,0,0,0,0,0,0,0,0,0,0,0,0,0,0,0,0,0,0,0,0,0,0,0,0,0,0,0,0,0,0,0,0,0,0,0,0,0,0,0,0,0,0,0,0,0,0,0,0,0,0,0,0,0,0,0,0,0,0,0,0,0,0,0,0,0,0,0,0,0,0,0
Head 1,5,0.149648398,0.09047053,0.119180866,0.157240227,0.22056739,0.262892604,0,0,0,0,0,0,0,0,0,0,0,0,0,0,0,0,0,0,0,0,0,0,0,0,0,0,0,0,0,0,0,0,0,0,0,0,0,0,0,0,0,0,0,0,0,0,0,0,0,0,0,0,0,0,0,0,0,0,0,0,0,0,0,0,0,0,0,0,0,0,0,0,0,0,0,0,0,0,0,0,0,0,0,0,0,0,0,0,0,0,0,0,0,0,0,0,0,0,0,0,0,0,0,0,0,0,0,0,0,0,0,0,0,0,0,0,0,0,0,0,0,0
Head 1,6,0.126660347,0.082314119,0.109354362,0.136815161,0.176125482,0.196000025,0.172730595,0,0,0,0,0,0,0,0,0,0,0,0,0,0,0,0,0,0,0,0,0,0,0,0,0,0,0,0,0,0,0,0,0,0,0,0,0,0,0,0,0,0,0,0,0,0,0,0,0,0,0,0,0,0,0,0,0,0,0,0,0,0,0,0,0,0,0,0,0,0,0,0,0,0,0,0,0,0,0,0,0,0,0,0,0,0,0,0,0,0,0,0,0,0,0,0,0,0,0,0,0,0,0,0,0,0,0,0,0,0,0,0,0,0,0,0,0,0,0,0,0
Head 1,7,0.113660716,0.07440681,0.103291854,0.128749445,0.156249568,0.158473447,0.128676653,0.136491537,0,0,0,0,0,0,0,0,0,0,0,0,0,0,0,0,0,0,0,0,0,0,0,0,0,0,0,0,0,0,0,0,0,0,0,0,0,0,0,0,0,0,0,0,0,0,0,0,0,0,0,0,0,0,0,0,0,0,0,0,0,0,0,0,0,0,0,0,0,0,0,0,0,0,0,0,0,0,0,0,0,0,0,0,0,0,0,0,0,0,0,0,0,0,0,0,0,0,0,0,0,0,0,0,0,0,0,0,0,0,0,0,0,0,0,0,0,0,0,0
Head 1,8,0.107315131,0.067398071,0.09481778,0.120407447,0.144841298,0.138180211,0.100882046,0.099192932,0.12696512,0,0,0,0,0,0,0,0,0,0,0,0,0,0,0,0,0,0,0,0,0,0,0,0,0,0,0,0,0,0,0,0,0,0,0,0,0,0,0,0,0,0,0,0,0,0,0,0,0,0,0,0,0,0,0,0,0,0,0,0,0,0,0,0,0,0,0,0,0,0,0,0,0,0,0,0,0,0,0,0,0,0,0,0,0,0,0,0,0,0,0,0,0,0,0,0,0,0,0,0,0,0,0,0,0,0,0,0,0,0,0,0,0,0,0,0,0,0,0
Head 1,9,0.105242327,0.064240426,0.088689625,0.113996826,0.140773326,0.133753657,0.091901504,0.082223147,0.098495834,0.080683358,0,0,0,0,0,0,0,0,0,0,0,0,0,0,0,0,0,0,0,0,0,0,0,0,0,0,0,0,0,0,0,0,0,0,0,0,0,0,0,0,0,0,0,0,0,0,0,0,0,0,0,0,0,0,0,0,0,0,0,0,0,0,0,0,0,0,0,0,0,0,0,0,0,0,0,0,0,0,0,0,0,0,0,0,0,0,0,0,0,0,0,0,0,0,0,0,0,0,0,0,0,0,0,0,0,0,0,0,0,0,0,0,0,0,0,0,0,0
Head 1,10,0.097869717,0.063484296,0.08714705,0.11123421,0.138670906,0.132894158,0.089958124,0.075677492,0.08314658,0.063161299,0.056756172,0,0,0,0,0,0,0,0,0,0,0,0,0,0,0,0,0,0,0,0,0,0,0,0,0,0,0,0,0,0,0,0,0,0,0,0,0,0,0,0,0,0,0,0,0,0,0,0,0,0,0,0,0,0,0,0,0,0,0,0,0,0,0,0,0,0,0,0,0,0,0,0,0,0,0,0,0,0,0,0,0,0,0,0,0,0,0,0,0,0,0,0,0,0,0,0,0,0,0,0,0,0,0,0,0,0,0,0,0,0,0,0,0,0,0,0,0
Head 1,11,0.085622847,0.060701218,0.086502776,0.110645123,0.135763898,0.128811195,0.086996265,0.071888655,0.074363463,0.05203015,0.043820649,0.062853716,0,0,0,0,0,0,0,0,0,0,0,0,0,0,0,0,0,0,0,0,0,0,0,0,0,0,0,0,0,0,0,0,0,0,0,0,0,0,0,0,0,0,0,0,0,0,0,0,0,0,0,0,0,0,0,0,0,0,0,0,0,0,0,0,0,0,0,0,0,0,0,0,0,0,0,0,0,0,0,0,0,0,0,0,0,0,0,0,0,0,0,0,0,0,0,0,0,0,0,0,0,0,0,0,0,0,0,0,0,0,0,0,0,0,0,0
Head 1,12,0.070182659,0.053134695,0.08261352,0.109361447,0.134085134,0.125250623,0.083590284,0.069009297,0.069670133,0.046165891,0.035634946,0.048191853,0.073109478,0,0,0,0,0,0,0,0,0,0,0,0,0,0,0,0,0,0,0,0,0,0,0,0,0,0,0,0,0,0,0,0,0,0,0,0,0,0,0,0,0,0,0,0,0,0,0,0,0,0,0,0,0,0,0,0,0,0,0,0,0,0,0,0,0,0,0,0,0,0,0,0,0,0,0,0,0,0,0,0,0,0,0,0,0,0,0,0,0,0,0,0,0,0,0,0,0,0,0,0,0,0,0,0,0,0,0,0,0,0,0,0,0,0,0
Head 1,13,0.058357652,0.041602589,0.072074763,0.103817694,0.135338798,0.128105164,0.083477087,0.068223462,0.068676099,0.044437695,0.032341275,0.040494505,0.058095582,0.064957634,0,0,0,0,0,0,0,0,0,0,0,0,0,0,0,0,0,0,0,0,0,0,0,0,0,0,0,0,0,0,0,0,0,0,0,0,0,0,0,0,0,0,0,0,0,0,0,0,0,0,0,0,0,0,0,0,0,0,0,0,0,0,0,0,0,0,0,0,0,0,0,0,0,0,0,0,0,0,0,0,0,0,0,0,0,0,0,0,0,0,0,0,0,0,0,0,0,0,0,0,0,0,0,0,0,0,0,0,0,0,0,0,0,0
Head 1,14,0.054756273,0.033034019,0.058705423,0.090584114,0.130372599,0.131982997,0.086889863,0.069795199,0.069154277,0.044001002,0.031518158,0.037756756,0.050361115,0.053280149,0.057808068,0,0,0,0,0,0,0,0,0,0,0,0,0,0,0,0,0,0,0,0,0,0,0,0,0,0,0,0,0,0,0,0,0,0,0,0,0,0,0,0,0,0,0,0,0,0,0,0,0,0,0,0,0,0,0,0,0,0,0,0,0,0,0,0,0,0,0,0,0,0,0,0,0,0,0,0,0,0,0,0,0,0,0,0,0,0,0,0,0,0,0,0,0,0,0,0,0,0,0,0,0,0,0,0,0,0,0,0,0,0,0,0,0
Head 1,15,0.057023026,0.030045982,0.049222779,0.074994743,0.114248954,0.126262873,0.089491561,0.073082663,0.071009248,0.043975774,0.031101583,0.036680501,0.046553642,0.046031751,0.04797801,0.062296931,0,0,0,0,0,0,0,0,0,0,0,0,0,0,0,0,0,0,0,0,0,0,0,0,0,0,0,0,0,0,0,0,0,0,0,0,0,0,0,0,0,0,0,0,0,0,0,0,0,0,0,0,0,0,0,0,0,0,0,0,0,0,0,0,0,0,0,0,0,0,0,0,0,0,0,0,0,0,0,0,0,0,0,0,0,0,0,0,0,0,0,0,0,0,0,0,0,0,0,0,0,0,0,0,0,0,0,0,0,0,0,0
Head 1,16,0.056725334,0.029485391,0.044072762,0.062777095,0.09508907,0.111719526,0.088034488,0.076780118,0.075611204,0.045698605,0.03124726,0.036425471,0.045302715,0.042567417,0.041693561,0.051834315,0.064935662,0,0,0,0,0,0,0,0,0,0,0,0,0,0,0,0,0,0,0,0,0,0,0,0,0,0,0,0,0,0,0,0,0,0,0,0,0,0,0,0,0,0,0,0,0,0,0,0,0,0,0,0,0,0,0,0,0,0,0,0,0,0,0,0,0,0,0,0,0,0,0,0,0,0,0,0,0,0,0,0,0,0,0,0,0,0,0,0,0,0,0,0,0,0,0,0,0,0,0,0,0,0,0,0,0,0,0,0,0,0,0
Head 1,17,0.049141698,0.028154755,0.041935984,0.055906061,0.079569474,0.092751786,0.079247355,0.076975919,0.082253851,0.050671361,0.033302646,0.037832692,0.04665583,0.042995121,0.04036082,0.047548912,0.056607343,0.058088411,0,0,0,0,0,0,0,0,0,0,0,0,0,0,0,0,0,0,0,0,0,0,0,0,0,0,0,0,0,0,0,0,0,0,0,0,0,0,0,0,0,0,0,0,0,0,0,0,0,0,0,0,0,0,0,0,0,0,0,0,0,0,0,0,0,0,0,0,0,0,0,0,0,0,0,0,0,0,0,0,0,0,0,0,0,0,0,0,0,0,0,0,0,0,0,0,0,0,0,0,0,0,0,0,0,0,0,0,0,0
Head 1,18,0.039593264,0.025258487,0.040804747,0.053549942,0.070758998,0.076587677,0.065442443,0.068803601,0.082336858,0.05576263,0.037144557,0.040717054,0.048413876,0.043707587,0.040175844,0.045801789,0.051383607,0.050240479,0.063516609,0,0,0,0,0,0,0,0,0,0,0,0,0,0,0,0,0,0,0,0,0,0,0,0,0,0,0,0,0,0,0,0,0,0,0,0,0,0,0,0,0,0,0,0,0,0,0,0,0,0,0,0,0,0,0,0,0,0,0,0,0,0,0,0,0,0,0,0,0,0,0,0,0,0,0,0,0,0,0,0,0,0,0,0,0,0,0,0,0,0,0,0,0,0,0,0,0,0,0,0,0,0,0,0,0,0,0,0,0
Head 1,19,0.03266,0.020667825,0.037260834,0.05174689,0.067530677,0.067686908,0.053447515,0.055866685,0.072310552,0.055500586,0.040734485,0.045552835,0.052557677,0.045646835,0.04078082,0.045744166,0.0498273,0.046614353,0.05719338,0.060669642,0,0,0,0,0,0,0,0,0,0,0,0,0,0,0,0,0,0,0,0,0,0,0,0,0,0,0,0,0,0,0,0,0,0,0,0,0,0,0,0,0,0,0,0,0,0,0,0,0,0,0,0,0,0,0,0,0,0,0,0,0,0,0,0,0,0,0,0,0,0,0,0,0,0,0,0,0,0,0,0,0,0,0,0,0,0,0,0,0,0,0,0,0,0,0,0,0,0,0,0,0,0,0,0,0,0,0,0
Head 1,20,0.031969808,0.018077245,0.032683939,0.047694743,0.064464703,0.063239045,0.046360083,0.045061294,0.057527959,0.04776343,0.039903935,0.048130967,0.05605961,0.047302056,0.040604353,0.044143792,0.046982896,0.042587079,0.049992334,0.051534645,0.077916056,0,0,0,0,0,0,0,0,0,0,0,0,0,0,0,0,0,0,0,0,0,0,0,0,0,0,0,0,0,0,0,0,0,0,0,0,0,0,0,0,0,0,0,0,0,0,0,0,0,0,0,0,0,0,0,0,0,0,0,0,0,0,0,0,0,0,0,0,0,0,0,0,0,0,0,0,0,0,0,0,0,0,0,0,0,0,0,0,0,0,0,0,0,0,0,0,0,0,0,0,0,0,0,0,0,0,0
Head 1,21,0.029740384,0.017748296,0.030373037,0.042003326,0.058807407,0.061394408,0.047658686,0.044517972,0.050826281,0.038425304,0.031909164,0.040445529,0.0530155,0.047907241,0.041101422,0.04117373,0.040954188,0.035445273,0.040386327,0.0399004,0.055950593,0.110315479,0,0,0,0,0,0,0,0,0,0,0,0,0,0,0,0,0,0,0,0,0,0,0,0,0,0,0,0,0,0,0,0,0,0,0,0,0,0,0,0,0,0,0,0,0,0,0,0,0,0,0,0,0,0,0,0,0,0,0,0,0,0,0,0,0,0,0,0,0,0,0,0,0,0,0,0,0,0,0,0,0,0,0,0,0,0,0,0,0,0,0,0,0,0,0,0,0,0,0,0,0,0,0,0,0,0
Head 1,22,0.032052267,0.014833552,0.02131008,0.028906349,0.04193883,0.045766219,0.034908302,0.031252488,0.034447063,0.025529111,0.023729317,0.037694804,0.058821201,0.057696067,0.049399313,0.04927792,0.048354577,0.041839976,0.048515785,0.047877628,0.067986146,0.106081314,0.05178174,0,0,0,0,0,0,0,0,0,0,0,0,0,0,0,0,0,0,0,0,0,0,0,0,0,0,0,0,0,0,0,0,0,0,0,0,0,0,0,0,0,0,0,0,0,0,0,0,0,0,0,0,0,0,0,0,0,0,0,0,0,0,0,0,0,0,0,0,0,0,0,0,0,0,0,0,0,0,0,0,0,0,0,0,0,0,0,0,0,0,0,0,0,0,0,0,0,0,0,0,0,0,0,0,0
Head 1,23,0.02955129,0.015929695,0.02312875,0.029422229,0.039862525,0.042096429,0.032942723,0.030920807,0.034236055,0.023497356,0.019524386,0.029061804,0.04701966,0.051390409,0.049337804,0.052596707,0.050958354,0.041577075,0.045600735,0.04387239,0.063359335,0.119125381,0.050937898,0.034050211,0,0,0,0,0,0,0,0,0,0,0,0,0,0,0,0,0,0,0,0,0,0,0,0,0,0,0,0,0,0,0,0,0,0,0,0,0,0,0,0,0,0,0,0,0,0,0,0,0,0,0,0,0,0,0,0,0,0,0,0,0,0,0,0,0,0,0,0,0,0,0,0,0,0,0,0,0,0,0,0,0,0,0,0,0,0,0,0,0,0,0,0,0,0,0,0,0,0,0,0,0,0,0,0
Head 1,24,0.023631871,0.015137817,0.026698628,0.035285104,0.04635267,0.044160299,0.031220138,0.028082294,0.031894814,0.023624389,0.019676911,0.025643749,0.03719404,0.038948361,0.039458428,0.046006143,0.04854868,0.040099595,0.04149279,0.036574468,0.049016222,0.111355551,0.045371395,0.024097588,0.09042801,0,0,0,0,0,0,0,0,0,0,0,0,0,0,0,0,0,0,0,0,0,0,0,0,0,0,0,0,0,0,0,0,0,0,0,0,0,0,0,0,0,0,0,0,0,0,0,0,0,0,0,0,0,0,0,0,0,0,0,0,0,0,0,0,0,0,0,0,0,0,0,0,0,0,0,0,0,0,0,0,0,0,0,0,0,0,0,0,0,0,0,0,0,0,0,0,0,0,0,0,0,0,0
Head 1,25,0.019350156,0.013545888,0.025376353,0.032752726,0.03878938,0.033427171,0.022249773,0.02131677,0.026454089,0.018855505,0.014176487,0.017958211,0.026813751,0.031757504,0.038106009,0.052946646,0.061144788,0.051419616,0.052712068,0.044968437,0.061361544,0.105676211,0.043701276,0.028278135,0.087920852,0.028940696,0,0,0,0,0,0,0,0,0,0,0,0,0,0,0,0,0,0,0,0,0,0,0,0,0,0,0,0,0,0,0,0,0,0,0,0,0,0,0,0,0,0,0,0,0,0,0,0,0,0,0,0,0,0,0,0,0,0,0,0,0,0,0,0,0,0,0,0,0,0,0,0,0,0,0,0,0,0,0,0,0,0,0,0,0,0,0,0,0,0,0,0,0,0,0,0,0,0,0,0,0,0
Head 1,26,0.018382793,0.012577398,0.025040757,0.034800846,0.043503214,0.037512343,0.023678942,0.021053901,0.025253657,0.018561088,0.014750691,0.018512171,0.025375526,0.0270964,0.030333564,0.042387474,0.053430825,0.050026998,0.054535318,0.046649352,0.060079504,0.101819769,0.03739262,0.026677718,0.098159164,0.027615946,0.024791958,0,0,0,0,0,0,0,0,0,0,0,0,0,0,0,0,0,0,0,0,0,0,0,0,0,0,0,0,0,0,0,0,0,0,0,0,0,0,0,0,0,0,0,0,0,0,0,0,0,0,0,0,0,0,0,0,0,0,0,0,0,0,0,0,0,0,0,0,0,0,0,0,0,0,0,0,0,0,0,0,0,0,0,0,0,0,0,0,0,0,0,0,0,0,0,0,0,0,0,0,0
Head 1,27,0.017709475,0.010986337,0.022885365,0.035058446,0.048534382,0.043501314,0.02601783,0.020733412,0.022885138,0.016462699,0.013723659,0.018152568,0.024508914,0.024193799,0.024966056,0.033913605,0.045464918,0.047352158,0.057279829,0.051767685,0.066706106,0.097533382,0.035869461,0.025472345,0.101739921,0.024403386,0.022131413,0.020046378,0,0,0,0,0,0,0,0,0,0,0,0,0,0,0,0,0,0,0,0,0,0,0,0,0,0,0,0,0,0,0,0,0,0,0,0,0,0,0,0,0,0,0,0,0,0,0,0,0,0,0,0,0,0,0,0,0,0,0,0,0,0,0,0,0,0,0,0,0,0,0,0,0,0,0,0,0,0,0,0,0,0,0,0,0,0,0,0,0,0,0,0,0,0,0,0,0,0,0,0
Head 1,28,0.018894831,0.012971219,0.025264768,0.035503943,0.048295557,0.045252483,0.029810879,0.023983546,0.024012793,0.0154866,0.01165294,0.014717638,0.021381376,0.022469878,0.023208369,0.029000754,0.035563417,0.035086911,0.043808207,0.04335361,0.060380459,0.1194949,0.044615835,0.022651846,0.096264683,0.023153719,0.01593983,0.012980827,0.044798173,0,0,0,0,0,0,0,0,0,0,0,0,0,0,0,0,0,0,0,0,0,0,0,0,0,0,0,0,0,0,0,0,0,0,0,0,0,0,0,0,0,0,0,0,0,0,0,0,0,0,0,0,0,0,0,0,0,0,0,0,0,0,0,0,0,0,0,0,0,0,0,0,0,0,0,0,0,0,0,0,0,0,0,0,0,0,0,0,0,0,0,0,0,0,0,0,0,0,0
Head 1,29,0.015453951,0.010622633,0.021466965,0.030742722,0.042842843,0.041075133,0.027767934,0.022549661,0.021995958,0.013148556,0.00906727,0.011133522,0.016333776,0.017382819,0.018142574,0.022698404,0.027918559,0.028338438,0.03826955,0.041638099,0.064525709,0.118891455,0.052698474,0.024953559,0.089750484,0.02513146,0.015840633,0.012334649,0.039405376,0.077878878,0,0,0,0,0,0,0,0,0,0,0,0,0,0,0,0,0,0,0,0,0,0,0,0,0,0,0,0,0,0,0,0,0,0,0,0,0,0,0,0,0,0,0,0,0,0,0,0,0,0,0,0,0,0,0,0,0,0,0,0,0,0,0,0,0,0,0,0,0,0,0,0,0,0,0,0,0,0,0,0,0,0,0,0,0,0,0,0,0,0,0,0,0,0,0,0,0,0
Head 1,30,0.011919414,0.007838023,0.017174786,0.025878051,0.037064917,0.035348624,0.023783524,0.019801963,0.020113379,0.012151693,0.008093557,0.009355258,0.012987301,0.013454925,0.014214961,0.018231643,0.022706909,0.022785947,0.030631548,0.03390529,0.056788336,0.109212652,0.053467833,0.02634697,0.090823688,0.026251199,0.015479937,0.011981526,0.038597509,0.0791701,0.094438523,0,0,0,0,0,0,0,0,0,0,0,0,0,0,0,0,0,0,0,0,0,0,0,0,0,0,0,0,0,0,0,0,0,0,0,0,0,0,0,0,0,0,0,0,0,0,0,0,0,0,0,0,0,0,0,0,0,0,0,0,0,0,0,0,0,0,0,0,0,0,0,0,0,0,0,0,0,0,0,0,0,0,0,0,0,0,0,0,0,0,0,0,0,0,0,0,0
Head 1,31,0.010721834,0.006219914,0.01385554,0.021850085,0.033196863,0.032607242,0.021965571,0.018231731,0.01881404,0.011578057,0.007847397,0.008928618,0.011776911,0.011432887,0.011635949,0.014862557,0.018822975,0.018994486,0.025295939,0.027531074,0.047102973,0.095456868,0.048527505,0.02603215,0.092349745,0.026582766,0.015080678,0.011280869,0.037703604,0.080658995,0.097443126,0.075611018,0,0,0,0,0,0,0,0,0,0,0,0,0,0,0,0,0,0,0,0,0,0,0,0,0,0,0,0,0,0,0,0,0,0,0,0,0,0,0,0,0,0,0,0,0,0,0,0,0,0,0,0,0,0,0,0,0,0,0,0,0,0,0,0,0,0,0,0,0,0,0,0,0,0,0,0,0,0,0,0,0,0,0,0,0,0,0,0,0,0,0,0,0,0,0,0
Head 1,32,0.010122136,0.005271823,0.011330711,0.017860843,0.028214606,0.028882857,0.020116666,0.01690799,0.017585015,0.010852686,0.007466009,0.008571498,0.011126044,0.010273215,0.009924908,0.012295651,0.015446285,0.015634755,0.020916745,0.0225848,0.038851067,0.083083689,0.042206071,0.024351919,0.088292763,0.027008433,0.015498667,0.011111151,0.036622703,0.081674457,0.10109292,0.077966943,0.070854031,0,0,0,0,0,0,0,0,0,0,0,0,0,0,0,0,0,0,0,0,0,0,0,0,0,0,0,0,0,0,0,0,0,0,0,0,0,0,0,0,0,0,0,0,0,0,0,0,0,0,0,0,0,0,0,0,0,0,0,0,0,0,0,0,0,0,0,0,0,0,0,0,0,0,0,0,0,0,0,0,0,0,0,0,0,0,0,0,0,0,0,0,0,0,0
Head 1,33,0.007916842,0.003371848,0.007019483,0.011319735,0.018323166,0.019756112,0.014980691,0.014549084,0.01782275,0.012267897,0.008812663,0.010029429,0.012082223,0.010820998,0.010564449,0.013497461,0.016813215,0.016499186,0.020527899,0.020806307,0.034899078,0.078492083,0.036442503,0.027514055,0.081439823,0.025581321,0.018285485,0.013267182,0.035527941,0.071254708,0.099232934,0.084680967,0.07803876,0.047561634,0,0,0,0,0,0,0,0,0,0,0,0,0,0,0,0,0,0,0,0,0,0,0,0,0,0,0,0,0,0,0,0,0,0,0,0,0,0,0,0,0,0,0,0,0,0,0,0,0,0,0,0,0,0,0,0,0,0,0,0,0,0,0,0,0,0,0,0,0,0,0,0,0,0,0,0,0,0,0,0,0,0,0,0,0,0,0,0,0,0,0,0,0,0
Head 1,34,0.009905037,0.004176729,0.007852466,0.011540372,0.017354943,0.017944489,0.013457097,0.012967435,0.016154924,0.011940886,0.009393767,0.011298328,0.013800939,0.012079971,0.011206641,0.013804387,0.017142685,0.017221628,0.021488266,0.021086145,0.031995263,0.070757397,0.027605982,0.021918302,0.076113552,0.021827949,0.018328033,0.013553237,0.036288228,0.067478456,0.096268512,0.089208245,0.084896788,0.043655533,0.02828736,0,0,0,0,0,0,0,0,0,0,0,0,0,0,0,0,0,0,0,0,0,0,0,0,0,0,0,0,0,0,0,0,0,0,0,0,0,0,0,0,0,0,0,0,0,0,0,0,0,0,0,0,0,0,0,0,0,0,0,0,0,0,0,0,0,0,0,0,0,0,0,0,0,0,0,0,0,0,0,0,0,0,0,0,0,0,0,0,0,0,0,0,0
Head 1,35,0.011326481,0.004563194,0.007892929,0.011006494,0.016359983,0.017013993,0.012816214,0.012014725,0.014452898,0.010528975,0.008748254,0.011717252,0.015590659,0.013470022,0.011383246,0.012767514,0.015145675,0.015416042,0.020625295,0.021119574,0.031794664,0.07213778,0.024891848,0.018510325,0.078162499,0.021258673,0.020026252,0.015122014,0.036247127,0.065269329,0.09104912,0.088032849,0.088610329,0.041366249,0.024890091,0.018671397,0,0,0,0,0,0,0,0,0,0,0,0,0,0,0,0,0,0,0,0,0,0,0,0,0,0,0,0,0,0,0,0,0,0,0,0,0,0,0,0,0,0,0,0,0,0,0,0,0,0,0,0,0,0,0,0,0,0,0,0,0,0,0,0,0,0,0,0,0,0,0,0,0,0,0,0,0,0,0,0,0,0,0,0,0,0,0,0,0,0,0,0
Head 1,36,0.012820251,0.00564664,0.009303811,0.012121514,0.016811145,0.016805001,0.012669525,0.011838987,0.013841996,0.009788598,0.008066737,0.011376824,0.016751412,0.015659299,0.013206652,0.013784738,0.014849175,0.014115463,0.019015683,0.020524181,0.032311462,0.075157858,0.023678482,0.016090591,0.074777089,0.018474169,0.019851886,0.016205551,0.039779592,0.065655522,0.085955024,0.082348198,0.086325504,0.03825577,0.023493251,0.016620569,0.016021868,0,0,0,0,0,0,0,0,0,0,0,0,0,0,0,0,0,0,0,0,0,0,0,0,0,0,0,0,0,0,0,0,0,0,0,0,0,0,0,0,0,0,0,0,0,0,0,0,0,0,0,0,0,0,0,0,0,0,0,0,0,0,0,0,0,0,0,0,0,0,0,0,0,0,0,0,0,0,0,0,0,0,0,0,0,0,0,0,0,0,0
Head 1,37,0.013476867,0.006442352,0.010891934,0.013845732,0.018005367,0.016776327,0.012135672,0.011309484,0.01320198,0.009168434,0.00728216,0.010170157,0.015890416,0.016398022,0.014892089,0.015601545,0.015718114,0.013475375,0.017029939,0.018384067,0.030826433,0.07510113,0.023393769,0.014909531,0.071442306,0.015792375,0.017644966,0.015785143,0.044398803,0.069317512,0.086654186,0.0787706,0.081992067,0.037309036,0.023603357,0.015142467,0.014041349,0.013778973,0,0,0,0,0,0,0,0,0,0,0,0,0,0,0,0,0,0,0,0,0,0,0,0,0,0,0,0,0,0,0,0,0,0,0,0,0,0,0,0,0,0,0,0,0,0,0,0,0,0,0,0,0,0,0,0,0,0,0,0,0,0,0,0,0,0,0,0,0,0,0,0,0,0,0,0,0,0,0,0,0,0,0,0,0,0,0,0,0,0
Head 1,38,0.01978034,0.008652036,0.015071923,0.020132862,0.028515324,0.027351525,0.018833859,0.015618411,0.016149886,0.010630633,0.008138737,0.010177284,0.01442429,0.013679513,0.012178175,0.013048893,0.013646533,0.011316465,0.012798012,0.01208866,0.018884731,0.051480155,0.016712079,0.010878844,0.058953416,0.01262464,0.011309953,0.009775164,0.038485385,0.076139256,0.107643016,0.099207245,0.099517733,0.033841655,0.014154212,0.009056596,0.007619846,0.006439542,0.01504316,0,0,0,0,0,0,0,0,0,0,0,0,0,0,0,0,0,0,0,0,0,0,0,0,0,0,0,0,0,0,0,0,0,0,0,0,0,0,0,0,0,0,0,0,0,0,0,0,0,0,0,0,0,0,0,0,0,0,0,0,0,0,0,0,0,0,0,0,0,0,0,0,0,0,0,0,0,0,0,0,0,0,0,0,0,0,0,0,0
Head 1,39,0.019533709,0.00828029,0.014333601,0.019012511,0.027149795,0.026038647,0.017705148,0.014603245,0.015095257,0.009683305,0.007341394,0.009323761,0.013631103,0.013197317,0.012066863,0.013281052,0.014099091,0.011563035,0.01274756,0.011398953,0.017340459,0.044715226,0.014390951,0.009292427,0.052595798,0.011186055,0.009874399,0.00860572,0.036251441,0.074526422,0.108805738,0.102638841,0.10455247,0.041312397,0.016279798,0.01010665,0.008171496,0.006630986,0.014569588,0.018067483,0,0,0,0,0,0,0,0,0,0,0,0,0,0,0,0,0,0,0,0,0,0,0,0,0,0,0,0,0,0,0,0,0,0,0,0,0,0,0,0,0,0,0,0,0,0,0,0,0,0,0,0,0,0,0,0,0,0,0,0,0,0,0,0,0,0,0,0,0,0,0,0,0,0,0,0,0,0,0,0,0,0,0,0,0,0,0,0
Head 1,40,0.016848775,0.006830704,0.011484357,0.015490957,0.021570031,0.019443933,0.011807735,0.009194857,0.00960409,0.006260362,0.005079453,0.00711999,0.011069293,0.011692295,0.01206224,0.015145471,0.018016361,0.015910486,0.017665392,0.015175623,0.022431081,0.050248649,0.017139381,0.011514833,0.061643086,0.012281409,0.010660988,0.009271856,0.038947158,0.069596983,0.095603175,0.086959302,0.081144735,0.046909377,0.026472082,0.015723871,0.012408979,0.010087201,0.020348521,0.024231318,0.018903665,0,0,0,0,0,0,0,0,0,0,0,0,0,0,0,0,0,0,0,0,0,0,0,0,0,0,0,0,0,0,0,0,0,0,0,0,0,0,0,0,0,0,0,0,0,0,0,0,0,0,0,0,0,0,0,0,0,0,0,0,0,0,0,0,0,0,0,0,0,0,0,0,0,0,0,0,0,0,0,0,0,0,0,0,0,0,0
Head 1,41,0.019975351,0.009660706,0.015551553,0.01936358,0.025001224,0.021853171,0.013525077,0.010571773,0.010796369,0.006831273,0.005241978,0.006859024,0.010106954,0.010434394,0.010813826,0.013958307,0.017523333,0.016801588,0.019695515,0.017242434,0.024211381,0.051153578,0.016440704,0.011494253,0.059849638,0.012877888,0.011099666,0.009099209,0.036732532,0.061157517,0.081175148,0.076286696,0.073176242,0.04197678,0.026655603,0.015932452,0.012335491,0.009683887,0.022036022,0.025531787,0.016861189,0.022424934,0,0,0,0,0,0,0,0,0,0,0,0,0,0,0,0,0,0,0,0,0,0,0,0,0,0,0,0,0,0,0,0,0,0,0,0,0,0,0,0,0,0,0,0,0,0,0,0,0,0,0,0,0,0,0,0,0,0,0,0,0,0,0,0,0,0,0,0,0,0,0,0,0,0,0,0,0,0,0,0,0,0,0,0,0,0
Head 1,42,0.022313267,0.013729465,0.025530435,0.031674135,0.038375575,0.031253975,0.019405996,0.01580511,0.0170181,0.011472,0.008456001,0.009640338,0.012789486,0.01218725,0.011862026,0.014334981,0.016707459,0.014902532,0.016771026,0.014587258,0.020313749,0.041693185,0.012501549,0.008135258,0.045595683,0.008999166,0.007810473,0.006800974,0.031503107,0.057604436,0.079054393,0.075556025,0.079388738,0.035264179,0.018440919,0.011645664,0.008891011,0.006595755,0.01689188,0.021579931,0.010277144,0.009784926,0.026855372,0,0,0,0,0,0,0,0,0,0,0,0,0,0,0,0,0,0,0,0,0,0,0,0,0,0,0,0,0,0,0,0,0,0,0,0,0,0,0,0,0,0,0,0,0,0,0,0,0,0,0,0,0,0,0,0,0,0,0,0,0,0,0,0,0,0,0,0,0,0,0,0,0,0,0,0,0,0,0,0,0,0,0,0,0
Head 1,43,0.018121257,0.011756564,0.024387375,0.032239847,0.0402738,0.032199841,0.019020459,0.014902343,0.01589055,0.010662237,0.007870059,0.009037238,0.011975545,0.011323393,0.011044811,0.013588266,0.016257305,0.014946053,0.017432179,0.015394029,0.021673737,0.039164636,0.012368741,0.00753366,0.039791338,0.007639972,0.00650231,0.005666383,0.027371431,0.05356466,0.07560651,0.072201259,0.075964704,0.035088517,0.019238463,0.012786726,0.010057768,0.007446377,0.016721761,0.02214458,0.011306085,0.010063766,0.026282722,0.035490688,0,0,0,0,0,0,0,0,0,0,0,0,0,0,0,0,0,0,0,0,0,0,0,0,0,0,0,0,0,0,0,0,0,0,0,0,0,0,0,0,0,0,0,0,0,0,0,0,0,0,0,0,0,0,0,0,0,0,0,0,0,0,0,0,0,0,0,0,0,0,0,0,0,0,0,0,0,0,0,0,0,0,0,0
Head 1,44,0.01014422,0.00698681,0.016495973,0.023601295,0.030414164,0.024341054,0.014141877,0.011151376,0.011834215,0.00733375,0.004868234,0.005459396,0.007189907,0.007106447,0.007385498,0.00978797,0.012593835,0.012788019,0.017068515,0.017125614,0.026999308,0.045724154,0.015002969,0.008835255,0.041994564,0.008202439,0.007242491,0.006358373,0.029553251,0.058431543,0.079821236,0.071068101,0.06959109,0.035025459,0.026457818,0.017501609,0.014193151,0.011053321,0.016989101,0.020865267,0.01360618,0.015790122,0.035974536,0.046624556,0.01927593,0,0,0,0,0,0,0,0,0,0,0,0,0,0,0,0,0,0,0,0,0,0,0,0,0,0,0,0,0,0,0,0,0,0,0,0,0,0,0,0,0,0,0,0,0,0,0,0,0,0,0,0,0,0,0,0,0,0,0,0,0,0,0,0,0,0,0,0,0,0,0,0,0,0,0,0,0,0,0,0,0,0,0
Head 1,45,0.009762818,0.006516358,0.015881959,0.024991572,0.035943512,0.03087341,0.018190982,0.013393709,0.013029224,0.007999984,0.005522882,0.006279457,0.008088733,0.007627191,0.007341023,0.008931008,0.010906557,0.010920238,0.014728065,0.015560765,0.025730822,0.045099422,0.01637671,0.009831363,0.042315442,0.008129274,0.007239862,0.006312185,0.028533079,0.055927549,0.076216556,0.067296289,0.064306386,0.028194284,0.022060778,0.015225603,0.013286803,0.011029528,0.017510738,0.020448867,0.012613932,0.014834712,0.037945211,0.04741459,0.016912965,0.016717631,0,0,0,0,0,0,0,0,0,0,0,0,0,0,0,0,0,0,0,0,0,0,0,0,0,0,0,0,0,0,0,0,0,0,0,0,0,0,0,0,0,0,0,0,0,0,0,0,0,0,0,0,0,0,0,0,0,0,0,0,0,0,0,0,0,0,0,0,0,0,0,0,0,0,0,0,0,0,0,0,0,0
Head 1,46,0.013579609,0.009919347,0.021725386,0.032488942,0.048373803,0.04568835,0.02993978,0.021862635,0.019437261,0.011270713,0.007837243,0.009123041,0.012683301,0.012370967,0.011486301,0.012610435,0.013783877,0.012556025,0.015610944,0.015627323,0.024089584,0.045605876,0.015780823,0.008882314,0.034675919,0.007050052,0.005904578,0.004623056,0.022237714,0.042784922,0.059212778,0.05617968,0.058548357,0.02205888,0.013437277,0.009524331,0.008771966,0.007620286,0.018084142,0.024017442,0.011304568,0.00945279,0.029202456,0.038841341,0.010246757,0.00720706,0.026679792,0,0,0,0,0,0,0,0,0,0,0,0,0,0,0,0,0,0,0,0,0,0,0,0,0,0,0,0,0,0,0,0,0,0,0,0,0,0,0,0,0,0,0,0,0,0,0,0,0,0,0,0,0,0,0,0,0,0,0,0,0,0,0,0,0,0,0,0,0,0,0,0,0,0,0,0,0,0,0,0,0
Head 1,47,0.010787649,0.00536716,0.010835738,0.017516891,0.030552227,0.033722855,0.024177687,0.018254079,0.016130261,0.008890645,0.006013225,0.007166594,0.009490714,0.008470698,0.007336692,0.007965093,0.009172532,0.009194191,0.012793051,0.013927064,0.023624022,0.047289707,0.019001225,0.011338984,0.041508328,0.008840634,0.007073907,0.005161274,0.021647196,0.043932609,0.064784117,0.063580461,0.065991409,0.024452087,0.015895745,0.011875794,0.011905636,0.011385479,0.020495299,0.021345232,0.014604363,0.01599329,0.032207597,0.04197624,0.013410845,0.011870229,0.03710188,0.023941413,0,0,0,0,0,0,0,0,0,0,0,0,0,0,0,0,0,0,0,0,0,0,0,0,0,0,0,0,0,0,0,0,0,0,0,0,0,0,0,0,0,0,0,0,0,0,0,0,0,0,0,0,0,0,0,0,0,0,0,0,0,0,0,0,0,0,0,0,0,0,0,0,0,0,0,0,0,0,0,0
Head 1,48,0.010839616,0.00595893,0.011047227,0.016420685,0.027443668,0.031752165,0.026246952,0.02264283,0.021243967,0.011710068,0.007407547,0.00809394,0.010413283,0.009501569,0.008394468,0.008901624,0.009593633,0.008918172,0.011532083,0.012131559,0.020190421,0.04772424,0.017761378,0.011467389,0.04022257,0.00994709,0.008088509,0.005761468,0.021963311,0.040887855,0.058446798,0.057915915,0.061907429,0.023703732,0.014818338,0.01049901,0.010180682,0.009921175,0.020717878,0.021462573,0.014123624,0.016083419,0.03099693,0.039285876,0.01223261,0.011045942,0.037763286,0.020089068,0.024597494,0,0,0,0,0,0,0,0,0,0,0,0,0,0,0,0,0,0,0,0,0,0,0,0,0,0,0,0,0,0,0,0,0,0,0,0,0,0,0,0,0,0,0,0,0,0,0,0,0,0,0,0,0,0,0,0,0,0,0,0,0,0,0,0,0,0,0,0,0,0,0,0,0,0,0,0,0,0,0
Head 1,49,0.009703891,0.006094337,0.011252113,0.015511441,0.023638153,0.026341975,0.023252966,0.023044532,0.024713593,0.014501571,0.008827846,0.008908882,0.010991436,0.010054041,0.009101721,0.009791315,0.010237839,0.008999792,0.011062071,0.011229465,0.018505804,0.048401531,0.016539574,0.011189361,0.04095,0.01098321,0.009129482,0.006546414,0.022647668,0.039074939,0.053515233,0.052244484,0.05721863,0.023021664,0.014347351,0.009675066,0.008936447,0.008625578,0.02075862,0.022363361,0.014270574,0.017281324,0.03152604,0.038455475,0.012777873,0.011309453,0.038873412,0.017587271,0.021552578,0.024432531,0,0,0,0,0,0,0,0,0,0,0,0,0,0,0,0,0,0,0,0,0,0,0,0,0,0,0,0,0,0,0,0,0,0,0,0,0,0,0,0,0,0,0,0,0,0,0,0,0,0,0,0,0,0,0,0,0,0,0,0,0,0,0,0,0,0,0,0,0,0,0,0,0,0,0,0,0,0
Head 1,50,0.007600847,0.00518421,0.011798307,0.019142622,0.031965509,0.035224162,0.028574621,0.026271746,0.028831774,0.019607911,0.013846733,0.013682948,0.015468707,0.013107148,0.011727198,0.013299153,0.01530432,0.013993102,0.016188078,0.014736664,0.021371357,0.051880322,0.017552299,0.012102944,0.047250319,0.010917646,0.008041942,0.005777034,0.018618243,0.031722296,0.043031603,0.041648377,0.044179101,0.015405808,0.009095956,0.006579272,0.006067461,0.005383212,0.01607649,0.020327996,0.010810805,0.011443788,0.033304073,0.046636857,0.011866883,0.007293836,0.029416107,0.011690277,0.010739751,0.010286712,0.027925558,0,0,0,0,0,0,0,0,0,0,0,0,0,0,0,0,0,0,0,0,0,0,0,0,0,0,0,0,0,0,0,0,0,0,0,0,0,0,0,0,0,0,0,0,0,0,0,0,0,0,0,0,0,0,0,0,0,0,0,0,0,0,0,0,0,0,0,0,0,0,0,0,0,0,0,0,0
Head 1,51,0.006146132,0.003866863,0.00880463,0.014737964,0.025475182,0.028482348,0.023003409,0.021330772,0.024569189,0.017967153,0.013892937,0.014646258,0.016714266,0.013517095,0.011416029,0.012573937,0.014612294,0.013700267,0.016333038,0.014881657,0.021410486,0.050305612,0.017638048,0.012025465,0.052331768,0.011950839,0.008712158,0.006228703,0.018230317,0.03083845,0.040252388,0.037840769,0.03907273,0.013699574,0.007838359,0.005722813,0.005369931,0.004772521,0.014992198,0.019315002,0.010430136,0.011911066,0.035059743,0.050631687,0.014416005,0.008638871,0.031841684,0.01402142,0.012201224,0.011251192,0.029247588,0.035129827,0,0,0,0,0,0,0,0,0,0,0,0,0,0,0,0,0,0,0,0,0,0,0,0,0,0,0,0,0,0,0,0,0,0,0,0,0,0,0,0,0,0,0,0,0,0,0,0,0,0,0,0,0,0,0,0,0,0,0,0,0,0,0,0,0,0,0,0,0,0,0,0,0,0,0,0
Head 1,52,0.005362146,0.003207241,0.006781,0.011096916,0.01931658,0.0222946,0.018718183,0.017663933,0.020525921,0.015398017,0.012727089,0.014730427,0.01805822,0.014750411,0.011838552,0.012094516,0.01343443,0.012633419,0.015675921,0.014829982,0.021370638,0.048254676,0.01703378,0.010978255,0.052462857,0.012116047,0.009189429,0.006582143,0.018582111,0.031072425,0.038235653,0.034800943,0.035397593,0.012467671,0.006823464,0.004916871,0.004710014,0.004274839,0.013691936,0.017812109,0.009165064,0.010769126,0.033238471,0.049655344,0.015887642,0.009820869,0.034226216,0.016147796,0.013526408,0.01224181,0.030475631,0.036981806,0.045952827,0,0,0,0,0,0,0,0,0,0,0,0,0,0,0,0,0,0,0,0,0,0,0,0,0,0,0,0,0,0,0,0,0,0,0,0,0,0,0,0,0,0,0,0,0,0,0,0,0,0,0,0,0,0,0,0,0,0,0,0,0,0,0,0,0,0,0,0,0,0,0,0,0,0,0
Head 1,53,0.006082322,0.003286782,0.00631358,0.009874853,0.015869426,0.016293151,0.011740039,0.010187649,0.011796665,0.009439416,0.009015309,0.012474987,0.016739951,0.013855249,0.010625558,0.010318827,0.010840312,0.009863215,0.012023999,0.010988289,0.015330921,0.031863015,0.011931287,0.007039669,0.040326204,0.009435506,0.007787378,0.006370175,0.019574653,0.036564916,0.045858566,0.040706072,0.039630059,0.015303439,0.008212784,0.005954228,0.00557959,0.004995582,0.015336742,0.019569717,0.009658303,0.013110331,0.036244072,0.046267468,0.017286388,0.013952835,0.034384608,0.02015744,0.019825293,0.018189816,0.039659172,0.046486314,0.058617402,0.021160524,0,0,0,0,0,0,0,0,0,0,0,0,0,0,0,0,0,0,0,0,0,0,0,0,0,0,0,0,0,0,0,0,0,0,0,0,0,0,0,0,0,0,0,0,0,0,0,0,0,0,0,0,0,0,0,0,0,0,0,0,0,0,0,0,0,0,0,0,0,0,0,0,0,0
Head 1,54,0.007098768,0.004101872,0.007224509,0.010642381,0.01628145,0.016709708,0.012442986,0.010825438,0.011940904,0.009283556,0.008832412,0.012765547,0.018993475,0.017897816,0.014626876,0.013581385,0.012941387,0.010841318,0.012522676,0.011684886,0.016436903,0.032309562,0.012338917,0.00688782,0.034328151,0.008106765,0.007180689,0.006101409,0.021294232,0.038445748,0.046626508,0.04022269,0.038791146,0.015968254,0.008851396,0.006124486,0.005681844,0.005227589,0.015334494,0.019679433,0.009146412,0.011130045,0.032285839,0.039403513,0.013877297,0.012728143,0.032588903,0.018031774,0.017917011,0.015941899,0.035848364,0.041266739,0.052363079,0.017073859,0.023219705,0,0,0,0,0,0,0,0,0,0,0,0,0,0,0,0,0,0,0,0,0,0,0,0,0,0,0,0,0,0,0,0,0,0,0,0,0,0,0,0,0,0,0,0,0,0,0,0,0,0,0,0,0,0,0,0,0,0,0,0,0,0,0,0,0,0,0,0,0,0,0,0,0
Head 1,55,0.006141674,0.003821507,0.006792317,0.009676483,0.014416034,0.014825613,0.011341226,0.010191379,0.011014487,0.007753932,0.006589079,0.00938818,0.015506444,0.017103197,0.01596568,0.015584239,0.014288722,0.01105106,0.012158485,0.011323443,0.01677599,0.034617703,0.012738801,0.006582553,0.030108342,0.007176997,0.006263745,0.005331426,0.022318158,0.041489642,0.050079908,0.041240621,0.039051022,0.016780997,0.009093588,0.005623099,0.004943382,0.004574822,0.013859991,0.01887775,0.008593091,0.009803365,0.031868421,0.039961051,0.012731696,0.012687436,0.036312658,0.019257315,0.019830974,0.017826155,0.03504952,0.040187966,0.052887097,0.01537645,0.021265561,0.013899616,0,0,0,0,0,0,0,0,0,0,0,0,0,0,0,0,0,0,0,0,0,0,0,0,0,0,0,0,0,0,0,0,0,0,0,0,0,0,0,0,0,0,0,0,0,0,0,0,0,0,0,0,0,0,0,0,0,0,0,0,0,0,0,0,0,0,0,0,0,0,0,0
Head 1,56,0.004610828,0.002383037,0.004567902,0.006976672,0.01095957,0.011544662,0.009017342,0.008617608,0.010693452,0.009123191,0.008712435,0.011685315,0.017479381,0.018384237,0.018071759,0.019499894,0.019907454,0.015743291,0.015972475,0.013738354,0.019605037,0.041785046,0.016720902,0.010438862,0.045139581,0.010226823,0.007985615,0.006340137,0.026423538,0.046814658,0.056522742,0.043977544,0.037146814,0.014454091,0.007318982,0.004444079,0.003616141,0.002958992,0.009720834,0.013332499,0.005950957,0.006418664,0.024903236,0.033994932,0.008949288,0.007371927,0.031238127,0.014597466,0.013496428,0.01160309,0.032613549,0.039911844,0.049302034,0.01027666,0.009813303,0.005782094,0.031114595,0,0,0,0,0,0,0,0,0,0,0,0,0,0,0,0,0,0,0,0,0,0,0,0,0,0,0,0,0,0,0,0,0,0,0,0,0,0,0,0,0,0,0,0,0,0,0,0,0,0,0,0,0,0,0,0,0,0,0,0,0,0,0,0,0,0,0,0,0,0,0
Head 1,57,0.004736067,0.002802427,0.005914945,0.009188016,0.013808138,0.013449944,0.009445122,0.00864583,0.010091936,0.007339569,0.005719752,0.006883143,0.010016496,0.01155352,0.01347782,0.017314745,0.019240631,0.015366069,0.015003423,0.011991251,0.016678667,0.033128321,0.012963804,0.007348758,0.02866962,0.006830813,0.004775343,0.00406617,0.019684939,0.041943163,0.056314263,0.044799678,0.039096911,0.019351337,0.010431253,0.006130843,0.004562652,0.003547839,0.009608905,0.013418305,0.00706916,0.007866447,0.027929781,0.038007017,0.009783427,0.009589648,0.036483828,0.018704649,0.021189822,0.01993042,0.033007301,0.034795489,0.042878635,0.012884676,0.016416799,0.009698599,0.041809205,0.016614601,0,0,0,0,0,0,0,0,0,0,0,0,0,0,0,0,0,0,0,0,0,0,0,0,0,0,0,0,0,0,0,0,0,0,0,0,0,0,0,0,0,0,0,0,0,0,0,0,0,0,0,0,0,0,0,0,0,0,0,0,0,0,0,0,0,0,0,0,0,0
Head 1,58,0.005706144,0.003072547,0.006057411,0.009225409,0.014126102,0.014100495,0.009852611,0.008637566,0.009720576,0.007152607,0.005747405,0.006830878,0.009342171,0.010048321,0.01154084,0.015774924,0.019926466,0.018273067,0.018876242,0.014675925,0.018424343,0.0341531,0.012819757,0.007904797,0.030138411,0.007274587,0.004876957,0.003840339,0.016972778,0.036826979,0.05320961,0.046631388,0.04207544,0.019567709,0.010712405,0.006872294,0.005214495,0.003876675,0.009724888,0.012560486,0.006517882,0.007551284,0.026329396,0.036694378,0.008967162,0.008078679,0.033838708,0.015593274,0.018959077,0.018958969,0.034310784,0.035017468,0.041305792,0.012335637,0.015426937,0.008670422,0.042024493,0.014307193,0.012747296,0,0,0,0,0,0,0,0,0,0,0,0,0,0,0,0,0,0,0,0,0,0,0,0,0,0,0,0,0,0,0,0,0,0,0,0,0,0,0,0,0,0,0,0,0,0,0,0,0,0,0,0,0,0,0,0,0,0,0,0,0,0,0,0,0,0,0,0,0
Head 1,59,0.005859822,0.002744169,0.004501545,0.005870248,0.008408959,0.008649414,0.006673243,0.006059885,0.006799609,0.005225894,0.004652783,0.006368008,0.010266778,0.011930501,0.013250001,0.016603336,0.020051764,0.018916139,0.021322154,0.018454973,0.023540957,0.042825229,0.015658939,0.009755059,0.03785561,0.009943815,0.007966002,0.005981348,0.02330181,0.044900864,0.061921708,0.056286436,0.052139089,0.019056665,0.009294463,0.005680442,0.004427569,0.003336607,0.007995415,0.00980783,0.00413479,0.004466377,0.018501366,0.026753468,0.006583432,0.005309769,0.02643387,0.010261234,0.011253535,0.011348409,0.032338843,0.040595297,0.053194769,0.011220154,0.009887637,0.005402,0.030220546,0.007503265,0.005520212,0.024785921,0,0,0,0,0,0,0,0,0,0,0,0,0,0,0,0,0,0,0,0,0,0,0,0,0,0,0,0,0,0,0,0,0,0,0,0,0,0,0,0,0,0,0,0,0,0,0,0,0,0,0,0,0,0,0,0,0,0,0,0,0,0,0,0,0,0,0,0
Head 1,60,0.005337094,0.002492933,0.004169757,0.005257001,0.007213179,0.007161101,0.005466927,0.005003437,0.00561098,0.00416232,0.003487274,0.004692958,0.007672186,0.009081668,0.010299699,0.013246258,0.016406078,0.016172891,0.019709859,0.018319372,0.024651609,0.042888779,0.015701603,0.009233085,0.034905836,0.009214696,0.007517968,0.00569367,0.021712555,0.043645412,0.061646689,0.057239275,0.056040358,0.01996173,0.009693951,0.005909306,0.004626712,0.003506011,0.0072987,0.008693128,0.003766732,0.003925607,0.015629152,0.022978462,0.005829067,0.004733989,0.024669906,0.009320511,0.010405676,0.010977983,0.032310445,0.041703146,0.057015214,0.013212521,0.011635226,0.006148085,0.032006454,0.008299635,0.005857208,0.025593491,0.03323739,0,0,0,0,0,0,0,0,0,0,0,0,0,0,0,0,0,0,0,0,0,0,0,0,0,0,0,0,0,0,0,0,0,0,0,0,0,0,0,0,0,0,0,0,0,0,0,0,0,0,0,0,0,0,0,0,0,0,0,0,0,0,0,0,0,0,0
Head 1,61,0.005137622,0.002406762,0.004251929,0.005337365,0.006923452,0.006397366,0.004649318,0.004241937,0.004834498,0.003639135,0.002941168,0.003755535,0.005875017,0.006949801,0.008171049,0.011011534,0.014088986,0.014313949,0.018110039,0.017769694,0.02528658,0.043221179,0.017153071,0.009715444,0.033647846,0.00891566,0.007010236,0.005484914,0.020204281,0.041928932,0.060254034,0.055699401,0.056353815,0.020167464,0.009944944,0.006229191,0.004876407,0.003712071,0.006769097,0.007972877,0.003808592,0.003691652,0.013078999,0.018935224,0.004976272,0.003985203,0.020433735,0.008043326,0.008760932,0.009315581,0.028557239,0.037640091,0.053037651,0.0140453,0.012506309,0.006616423,0.031702816,0.008910649,0.005952882,0.023998868,0.031546138,0.055102468,0,0,0,0,0,0,0,0,0,0,0,0,0,0,0,0,0,0,0,0,0,0,0,0,0,0,0,0,0,0,0,0,0,0,0,0,0,0,0,0,0,0,0,0,0,0,0,0,0,0,0,0,0,0,0,0,0,0,0,0,0,0,0,0,0,0
Head 1,62,0.004366799,0.00239203,0.004387713,0.005855291,0.007884447,0.007742437,0.006200077,0.006273455,0.007528512,0.005483808,0.003980367,0.004691173,0.006563902,0.006838781,0.007038995,0.008389637,0.009670066,0.009761987,0.01362624,0.015303937,0.024490882,0.046707079,0.017467737,0.008984145,0.029078173,0.007287718,0.005501626,0.004080191,0.013958199,0.030480361,0.041711945,0.036495864,0.038963713,0.014699185,0.007856888,0.005768712,0.005272511,0.004737072,0.008528532,0.010501558,0.005586166,0.005241028,0.015099359,0.021389412,0.006150575,0.004942298,0.023817688,0.009254049,0.01010014,0.011330877,0.033196982,0.038744058,0.048030764,0.016376754,0.019084193,0.010130595,0.032920294,0.011919081,0.008956403,0.030340478,0.039464645,0.070913002,0.020459507,0,0,0,0,0,0,0,0,0,0,0,0,0,0,0,0,0,0,0,0,0,0,0,0,0,0,0,0,0,0,0,0,0,0,0,0,0,0,0,0,0,0,0,0,0,0,0,0,0,0,0,0,0,0,0,0,0,0,0,0,0,0,0,0,0
Head 1,63,0.005505318,0.002947942,0.005304467,0.007294894,0.010011285,0.009773403,0.007630368,0.007356825,0.008476094,0.006336633,0.004753569,0.00542233,0.00718313,0.007214855,0.007304857,0.008558416,0.009703238,0.009536023,0.01280375,0.014466783,0.02417236,0.051224463,0.021551192,0.011961546,0.035601646,0.008703412,0.006223821,0.004566947,0.015132247,0.030315459,0.039928161,0.033616625,0.034307707,0.012808006,0.007065284,0.005250629,0.004933149,0.004638823,0.009540129,0.011747241,0.006845395,0.006366647,0.016244156,0.021775266,0.006111352,0.005000354,0.022776684,0.009634124,0.009916723,0.010201992,0.030035347,0.033698324,0.040582228,0.013117607,0.016912939,0.00963599,0.032235235,0.01113317,0.008201768,0.028191511,0.0359523,0.063675851,0.016830303,0.014051672,0,0,0,0,0,0,0,0,0,0,0,0,0,0,0,0,0,0,0,0,0,0,0,0,0,0,0,0,0,0,0,0,0,0,0,0,0,0,0,0,0,0,0,0,0,0,0,0,0,0,0,0,0,0,0,0,0,0,0,0,0,0,0,0
Head 1,64,0.007107861,0.002969955,0.004740253,0.005967997,0.008119944,0.007780787,0.005635662,0.004625327,0.004570793,0.003189153,0.002515422,0.003074104,0.004412813,0.004613457,0.004936257,0.006380265,0.008461172,0.009505415,0.013528446,0.015096327,0.024075376,0.049270585,0.022180354,0.014142159,0.043694727,0.011568594,0.008252935,0.005741472,0.019137854,0.036742982,0.052208386,0.049884986,0.052505467,0.018031163,0.008994291,0.006159839,0.005369408,0.004500698,0.010380372,0.011331307,0.005679251,0.00510994,0.01314773,0.017394975,0.004226644,0.00320944,0.01723223,0.006579451,0.00693599,0.006966312,0.024650693,0.030219296,0.04043889,0.009698502,0.010954655,0.006571594,0.035349656,0.008983776,0.005784131,0.025916552,0.033139605,0.05462097,0.010121847,0.006164337,0.029499117,0,0,0,0,0,0,0,0,0,0,0,0,0,0,0,0,0,0,0,0,0,0,0,0,0,0,0,0,0,0,0,0,0,0,0,0,0,0,0,0,0,0,0,0,0,0,0,0,0,0,0,0,0,0,0,0,0,0,0,0,0,0,0
Head 1,65,0.007355492,0.00320076,0.004846037,0.005762869,0.007547249,0.007167168,0.005293529,0.004384441,0.004249609,0.002829615,0.002137431,0.002585806,0.003747078,0.003896222,0.00408642,0.00516784,0.006667631,0.007448153,0.010877968,0.012547701,0.020748276,0.048719883,0.021509519,0.01392174,0.042784821,0.012680568,0.008983172,0.005982408,0.018544834,0.034978598,0.048718728,0.046456315,0.049682077,0.017823327,0.008327314,0.005665497,0.004978321,0.004291497,0.010964977,0.012532909,0.006280534,0.005484147,0.012547521,0.016146977,0.004221008,0.002994164,0.014704563,0.00568769,0.005937775,0.00606381,0.02156432,0.027549516,0.038017388,0.008765833,0.010207597,0.006484924,0.034978926,0.009763926,0.006397456,0.027000355,0.034719311,0.05755531,0.010904599,0.006198312,0.028925965,0.040804259,0,0,0,0,0,0,0,0,0,0,0,0,0,0,0,0,0,0,0,0,0,0,0,0,0,0,0,0,0,0,0,0,0,0,0,0,0,0,0,0,0,0,0,0,0,0,0,0,0,0,0,0,0,0,0,0,0,0,0,0,0,0
Head 1,66,0.00762789,0.003199044,0.004171989,0.004931493,0.006696306,0.006815205,0.005292195,0.004701586,0.00486381,0.00336807,0.002731306,0.003612476,0.005404457,0.00541743,0.005229769,0.006085284,0.006981196,0.006849841,0.008840656,0.008874126,0.013502332,0.044814184,0.01562541,0.009889022,0.038317766,0.010938126,0.007448228,0.0047576,0.013979206,0.026961241,0.036695793,0.033352558,0.033546254,0.012176218,0.004719906,0.003320647,0.003055842,0.002875827,0.009335639,0.012550308,0.006917094,0.006806693,0.015036944,0.020035964,0.005577204,0.003770998,0.016138338,0.006866496,0.007297321,0.007708549,0.025388697,0.033213437,0.045320529,0.010067634,0.013620263,0.009310881,0.041074704,0.014733898,0.011117313,0.028799873,0.033066351,0.056506231,0.01396836,0.010890563,0.04016516,0.055787127,0.011257176,0,0,0,0,0,0,0,0,0,0,0,0,0,0,0,0,0,0,0,0,0,0,0,0,0,0,0,0,0,0,0,0,0,0,0,0,0,0,0,0,0,0,0,0,0,0,0,0,0,0,0,0,0,0,0,0,0,0,0,0,0
Head 1,67,0.007908858,0.004367268,0.005987523,0.006751981,0.008272934,0.007777084,0.006023304,0.005599354,0.006070603,0.004373359,0.003446938,0.004189313,0.005891191,0.005846322,0.005646969,0.006533668,0.007312168,0.006987665,0.008756424,0.00865228,0.012750878,0.043486632,0.01377614,0.009391378,0.040081918,0.012285337,0.009265935,0.006359096,0.017262323,0.030453734,0.038297717,0.033284567,0.032368701,0.012153973,0.005059666,0.003386907,0.002914825,0.002596402,0.00847704,0.012064216,0.006025892,0.006435865,0.016139884,0.021268081,0.006713428,0.004567153,0.016769843,0.006838589,0.007125121,0.007527429,0.023642596,0.030959485,0.04183355,0.009227074,0.011493247,0.007622405,0.036210947,0.012162136,0.010287636,0.028672228,0.032402594,0.053059824,0.012726855,0.01005182,0.037943717,0.052271795,0.009600991,0.008307183,0,0,0,0,0,0,0,0,0,0,0,0,0,0,0,0,0,0,0,0,0,0,0,0,0,0,0,0,0,0,0,0,0,0,0,0,0,0,0,0,0,0,0,0,0,0,0,0,0,0,0,0,0,0,0,0,0,0,0,0
Head 1,68,0.005068513,0.00325726,0.006349267,0.00812335,0.009902743,0.008055725,0.005314244,0.004379576,0.004602098,0.003411764,0.002600793,0.00272038,0.003326855,0.003064514,0.002992185,0.003697185,0.004517183,0.00459954,0.006186794,0.00685118,0.011715089,0.037032932,0.013857211,0.011286028,0.044253908,0.013204347,0.011083597,0.008502476,0.023538176,0.040123049,0.051468123,0.044212796,0.042410731,0.016173037,0.008382191,0.005529835,0.004552557,0.003692336,0.010641597,0.014322467,0.006584701,0.006664416,0.018363716,0.021459337,0.006057899,0.004078979,0.013945246,0.005513656,0.005349161,0.004945441,0.018174818,0.023049168,0.031652465,0.00658185,0.007601751,0.004662696,0.030617645,0.007730262,0.006255928,0.028858451,0.03876482,0.067919612,0.012060199,0.006537228,0.031546652,0.041744784,0.005410293,0.003403532,0.019461634,0,0,0,0,0,0,0,0,0,0,0,0,0,0,0,0,0,0,0,0,0,0,0,0,0,0,0,0,0,0,0,0,0,0,0,0,0,0,0,0,0,0,0,0,0,0,0,0,0,0,0,0,0,0,0,0,0,0,0
Head 1,69,0.004009069,0.0025178,0.005426617,0.007712149,0.010179856,0.008330225,0.005144733,0.003935914,0.00398057,0.002949095,0.0023346,0.002493445,0.002989652,0.00261931,0.002435481,0.002955267,0.003628605,0.003684049,0.004930663,0.005342709,0.009124817,0.03053098,0.010946203,0.009131367,0.041632757,0.011218328,0.009649491,0.007786439,0.022152426,0.039597366,0.051787127,0.044166766,0.041264649,0.015611426,0.007887455,0.005240127,0.004314248,0.003425052,0.009571906,0.013290372,0.006209164,0.006421023,0.019820692,0.024123734,0.006551982,0.004309523,0.013567628,0.005960789,0.005501287,0.0047359,0.016350592,0.020467691,0.028414734,0.00594916,0.006949893,0.004172195,0.029566815,0.007132831,0.005953105,0.028931344,0.039861698,0.073396504,0.014074551,0.007546044,0.034759395,0.046080831,0.006064074,0.00359728,0.020301487,0.027298922,0,0,0,0,0,0,0,0,0,0,0,0,0,0,0,0,0,0,0,0,0,0,0,0,0,0,0,0,0,0,0,0,0,0,0,0,0,0,0,0,0,0,0,0,0,0,0,0,0,0,0,0,0,0,0,0,0,0
Head 1,70,0.004791642,0.003056459,0.006470043,0.009711327,0.012517707,0.009735135,0.005358086,0.003983393,0.00411553,0.003124855,0.002564841,0.002954626,0.003679442,0.003418612,0.003395818,0.004381825,0.005518789,0.005493429,0.006875158,0.006641933,0.010158481,0.03047643,0.009349367,0.006459556,0.039948497,0.007816987,0.006161556,0.005586229,0.019553682,0.037871819,0.046405084,0.035513323,0.030385375,0.01184152,0.005741923,0.00364183,0.00275935,0.002055629,0.00532365,0.008225575,0.004133114,0.004414516,0.016556384,0.024155455,0.00714645,0.005158813,0.015872108,0.008467839,0.007487204,0.006276628,0.017775455,0.021695681,0.029976392,0.006973909,0.008124932,0.004785167,0.034380414,0.008558357,0.007663852,0.031894509,0.039402135,0.068049088,0.017411591,0.012295246,0.033039946,0.043400817,0.007220894,0.005827388,0.025534399,0.03348754,0.009769212,0,0,0,0,0,0,0,0,0,0,0,0,0,0,0,0,0,0,0,0,0,0,0,0,0,0,0,0,0,0,0,0,0,0,0,0,0,0,0,0,0,0,0,0,0,0,0,0,0,0,0,0,0,0,0,0,0
Head 1,71,0.005782655,0.003371851,0.006426297,0.009889477,0.014125826,0.012596158,0.007629349,0.005526764,0.005111529,0.003595566,0.002951586,0.003550648,0.004616915,0.004381522,0.004209365,0.004989179,0.005925008,0.00579966,0.007151882,0.006947364,0.010343968,0.028554758,0.009373846,0.00651608,0.037525576,0.007493367,0.006106298,0.005498785,0.021059114,0.041513201,0.052145049,0.041637499,0.03601218,0.013619952,0.006385634,0.004033671,0.003122222,0.002366278,0.005576354,0.007786597,0.003893509,0.003933895,0.014761391,0.022552703,0.006248884,0.004915995,0.016801318,0.009563206,0.008695535,0.007347829,0.017869245,0.021024127,0.028221997,0.006772463,0.007961655,0.004876571,0.031156667,0.007745503,0.006434827,0.027897764,0.033559572,0.05601576,0.014287178,0.011467232,0.031630006,0.04030595,0.006573869,0.005306951,0.023674361,0.030769937,0.008112518,0.008372516,0,0,0,0,0,0,0,0,0,0,0,0,0,0,0,0,0,0,0,0,0,0,0,0,0,0,0,0,0,0,0,0,0,0,0,0,0,0,0,0,0,0,0,0,0,0,0,0,0,0,0,0,0,0,0,0
Head 1,72,0.005723237,0.003102277,0.00535553,0.008220683,0.012890676,0.013251709,0.009001817,0.006569183,0.005558693,0.003395039,0.002554095,0.003111022,0.004257139,0.004120896,0.003897482,0.004423948,0.005124719,0.005065168,0.006451103,0.006429987,0.009688469,0.027230522,0.008360809,0.005909354,0.03336589,0.006542306,0.005373129,0.004421025,0.019804316,0.040285487,0.052323904,0.043667518,0.038725358,0.014626165,0.006631174,0.004099812,0.00323492,0.002496269,0.005946045,0.007784589,0.003775532,0.003601677,0.013058005,0.021121155,0.005421787,0.004371556,0.018087899,0.009859858,0.009663781,0.008651217,0.018893203,0.021382891,0.027723499,0.006075073,0.007398315,0.004568461,0.030553125,0.00725908,0.005800945,0.028899614,0.035024464,0.058223169,0.013353444,0.011719551,0.036025144,0.045017391,0.007155547,0.005447888,0.022719277,0.030218307,0.006859192,0.007433985,0.00561448,0,0,0,0,0,0,0,0,0,0,0,0,0,0,0,0,0,0,0,0,0,0,0,0,0,0,0,0,0,0,0,0,0,0,0,0,0,0,0,0,0,0,0,0,0,0,0,0,0,0,0,0,0,0,0
Head 1,73,0.005038779,0.003015902,0.004941819,0.007114836,0.011006678,0.012207521,0.009637178,0.007969807,0.006959306,0.003921882,0.002578455,0.002910937,0.00400171,0.004034894,0.003937918,0.004406837,0.004862987,0.004638794,0.005861874,0.005917161,0.009022107,0.026831863,0.007327745,0.005321828,0.028710976,0.005968241,0.005093555,0.003964366,0.019787584,0.040066056,0.052529689,0.044902451,0.041612048,0.016321264,0.007436159,0.004412104,0.003403627,0.002634742,0.006281683,0.008039405,0.003756647,0.003401972,0.011454278,0.018904837,0.004870018,0.00394006,0.01908478,0.009066826,0.009617249,0.009580211,0.019334484,0.021706006,0.027410401,0.005770067,0.006907035,0.00422688,0.028286314,0.006973936,0.005507898,0.029397612,0.036442082,0.060488213,0.012452115,0.011368121,0.039264843,0.050079722,0.007873051,0.005923771,0.022064054,0.02852571,0.005991001,0.006602443,0.004999414,0.004095121,0,0,0,0,0,0,0,0,0,0,0,0,0,0,0,0,0,0,0,0,0,0,0,0,0,0,0,0,0,0,0,0,0,0,0,0,0,0,0,0,0,0,0,0,0,0,0,0,0,0,0,0,0,0
Head 1,74,0.00425179,0.003017315,0.005219596,0.007244692,0.010482624,0.011416091,0.00972837,0.009212895,0.009029545,0.005250415,0.003148057,0.003121581,0.003950084,0.003953987,0.003998837,0.004595575,0.004979638,0.004588473,0.00562223,0.005657512,0.008736555,0.02600644,0.006745102,0.005284449,0.026305556,0.005847482,0.005278329,0.004128708,0.020701848,0.040600516,0.053385992,0.045635458,0.043212898,0.01808944,0.00903782,0.005301915,0.003938061,0.002974218,0.00657332,0.008308442,0.003958488,0.003585014,0.010882506,0.017250363,0.004737135,0.003817529,0.01913988,0.008112602,0.009115582,0.009850333,0.019674351,0.021843765,0.026627319,0.005951259,0.006846251,0.003969466,0.025621505,0.006552221,0.005276426,0.028572882,0.036659122,0.06160083,0.011517796,0.01042022,0.039131802,0.0502287,0.007823563,0.00620815,0.021419479,0.025800139,0.005360453,0.005718681,0.004099934,0.003437405,0.004626944,0,0,0,0,0,0,0,0,0,0,0,0,0,0,0,0,0,0,0,0,0,0,0,0,0,0,0,0,0,0,0,0,0,0,0,0,0,0,0,0,0,0,0,0,0,0,0,0,0,0,0,0,0
Head 1,75,0.003270307,0.002485459,0.004934358,0.007197428,0.010163199,0.010456743,0.008712371,0.00887711,0.010036436,0.006676909,0.00409865,0.003697931,0.004103641,0.003780226,0.003793181,0.004544143,0.005060168,0.004619928,0.005443595,0.005278338,0.008086889,0.023277372,0.006057236,0.005222224,0.025576385,0.005459129,0.005106523,0.004159569,0.020366479,0.040060297,0.054813571,0.046997216,0.04436399,0.018425195,0.01018424,0.006278708,0.004589995,0.003323131,0.006692846,0.008335864,0.004161984,0.003913679,0.011121939,0.01662723,0.004624243,0.003585747,0.017791428,0.007177467,0.008232898,0.009123445,0.020541435,0.022766015,0.026924336,0.006620209,0.007299283,0.003878798,0.024424169,0.006134575,0.00500688,0.026818618,0.036080401,0.063983008,0.010932046,0.009414772,0.039023224,0.049771875,0.00751452,0.006486016,0.022989487,0.026097791,0.005515021,0.005485332,0.00357801,0.002869525,0.003951453,0.004926152,0,0,0,0,0,0,0,0,0,0,0,0,0,0,0,0,0,0,0,0,0,0,0,0,0,0,0,0,0,0,0,0,0,0,0,0,0,0,0,0,0,0,0,0,0,0,0,0,0,0,0,0
Head 1,76,0.002666538,0.001827518,0.003969861,0.006403078,0.009625379,0.009791546,0.007656487,0.007600222,0.009233127,0.007158265,0.00507607,0.004703172,0.004786174,0.003887304,0.003581501,0.004254175,0.004930379,0.004653905,0.005453866,0.005088579,0.007485365,0.019812629,0.005356985,0.004969985,0.025535079,0.00477714,0.004639244,0.003875561,0.018278621,0.036833704,0.05404425,0.048469596,0.045740087,0.017028451,0.010104579,0.006949836,0.005358418,0.00383128,0.007160441,0.008461202,0.004340875,0.004318492,0.011898598,0.016880641,0.004525132,0.003337119,0.015876925,0.00659768,0.007522352,0.008112194,0.022261426,0.024864873,0.028924489,0.007728615,0.008400925,0.004161938,0.024894958,0.005827218,0.004718361,0.025024192,0.034478776,0.064595051,0.010451705,0.008602166,0.040312249,0.050428219,0.007089268,0.006666509,0.026439223,0.029522635,0.006228373,0.005886399,0.003532917,0.002583652,0.00339752,0.004338224,0.004170432,0,0,0,0,0,0,0,0,0,0,0,0,0,0,0,0,0,0,0,0,0,0,0,0,0,0,0,0,0,0,0,0,0,0,0,0,0,0,0,0,0,0,0,0,0,0,0,0,0,0,0
Head 1,77,0.002577154,0.001467957,0.003028792,0.005180235,0.008597194,0.009346312,0.007243106,0.006743004,0.007964116,0.006628454,0.005516524,0.00582835,0.006091073,0.004572989,0.003737919,0.004073832,0.004663886,0.004556236,0.005516672,0.005156364,0.007274292,0.017624937,0.004996137,0.004642966,0.024612904,0.004192661,0.00431114,0.00353764,0.015890874,0.032324936,0.050205097,0.04870021,0.047431663,0.015244474,0.009132659,0.007007978,0.006046278,0.004578009,0.008338685,0.009179194,0.004665002,0.004757147,0.012651091,0.017383397,0.004521169,0.003219089,0.014435806,0.006402038,0.007136054,0.007415154,0.023836762,0.027405519,0.032279298,0.008890005,0.009839142,0.004867828,0.025823766,0.005798705,0.004519671,0.023703674,0.03217205,0.061585095,0.009895271,0.00797376,0.042317573,0.052667793,0.006743435,0.006603122,0.02949566,0.033527765,0.006886209,0.00654781,0.003810864,0.002559859,0.003079495,0.003752614,0.003661789,0.003406639,0,0,0,0,0,0,0,0,0,0,0,0,0,0,0,0,0,0,0,0,0,0,0,0,0,0,0,0,0,0,0,0,0,0,0,0,0,0,0,0,0,0,0,0,0,0,0,0,0,0
Head 1,78,0.002618926,0.00132852,0.002360793,0.003906586,0.006837652,0.008176785,0.00681218,0.006235715,0.006908204,0.005580343,0.005008837,0.006155771,0.00735618,0.005708124,0.004341133,0.004206298,0.004419979,0.004233661,0.005305103,0.005164996,0.007258363,0.017339434,0.004906105,0.00421786,0.022151778,0.0037354,0.004153276,0.003275122,0.014275867,0.028188877,0.044249319,0.045923445,0.047594018,0.013729148,0.007908306,0.006306501,0.006086172,0.005161938,0.009797396,0.010428063,0.005150952,0.005139878,0.013017771,0.017598325,0.004623541,0.003288787,0.013941497,0.006363915,0.006895438,0.007034403,0.023978397,0.02910383,0.036210123,0.00954621,0.011075197,0.005838531,0.026663925,0.006231518,0.004623277,0.023657728,0.030813213,0.058430515,0.009627785,0.007774192,0.044927031,0.057978425,0.006761468,0.00655989,0.031867858,0.037081327,0.007430487,0.007533503,0.004454102,0.002869656,0.003189892,0.003547297,0.003297271,0.003088555,0.003432171,0,0,0,0,0,0,0,0,0,0,0,0,0,0,0,0,0,0,0,0,0,0,0,0,0,0,0,0,0,0,0,0,0,0,0,0,0,0,0,0,0,0,0,0,0,0,0,0,0
Head 1,79,0.002864847,0.001524134,0.002332683,0.00346074,0.005741606,0.007172715,0.006659383,0.006542816,0.00714657,0.005458598,0.004762057,0.006265844,0.008614644,0.007581622,0.005942971,0.005347843,0.004971093,0.004354822,0.005335413,0.005377952,0.00771787,0.018761206,0.00538612,0.004175391,0.019475028,0.003704434,0.00439398,0.003422678,0.014322988,0.026270276,0.039839551,0.042475689,0.047295872,0.013930134,0.007822899,0.005989197,0.006051358,0.005729975,0.011768299,0.012841697,0.006332438,0.005955359,0.013675573,0.017878139,0.005022382,0.003672871,0.014437102,0.006415319,0.006706127,0.006848242,0.022258883,0.028685885,0.038269099,0.009614223,0.011568059,0.006743359,0.026526073,0.007162219,0.005064839,0.023643496,0.029502943,0.053993355,0.009238437,0.007367463,0.042872891,0.059007142,0.006540006,0.006034755,0.0313395,0.036705099,0.007156351,0.007784776,0.004789361,0.003136445,0.003360923,0.003423995,0.002913075,0.002594588,0.002877797,0.004048429,0,0,0,0,0,0,0,0,0,0,0,0,0,0,0,0,0,0,0,0,0,0,0,0,0,0,0,0,0,0,0,0,0,0,0,0,0,0,0,0,0,0,0,0,0,0,0,0
Head 1,80,0.00184364,0.00102119,0.001760063,0.002415298,0.00343824,0.003601791,0.003059361,0.003121544,0.003856211,0.003265222,0.002910739,0.003609022,0.005231312,0.005539966,0.0054916,0.005724832,0.005506666,0.004354683,0.004534166,0.004128831,0.005790811,0.01391264,0.004108388,0.003181,0.013162311,0.002404402,0.002900945,0.002411451,0.012905609,0.02245111,0.035567071,0.03734896,0.041103017,0.015710348,0.011261264,0.007940683,0.007530071,0.006953558,0.014582169,0.01773609,0.010040087,0.009769207,0.023195356,0.027808981,0.008151244,0.006748404,0.02563718,0.010478881,0.011347692,0.01061093,0.032964673,0.039635506,0.051550474,0.01123542,0.01236651,0.006664994,0.026917109,0.007096917,0.004927459,0.021281546,0.026434252,0.045735978,0.007151219,0.005431585,0.034199852,0.046880156,0.005022233,0.003983776,0.030101553,0.038771916,0.006181446,0.005361001,0.0035959,0.002461316,0.002768186,0.002903425,0.002354789,0.001894645,0.001788996,0.002182344,0.012990627,0,0,0,0,0,0,0,0,0,0,0,0,0,0,0,0,0,0,0,0,0,0,0,0,0,0,0,0,0,0,0,0,0,0,0,0,0,0,0,0,0,0,0,0,0,0,0
Head 1,81,0.001778452,0.00088671,0.001543918,0.002130828,0.002997341,0.002979442,0.00231178,0.002247407,0.002800762,0.002444011,0.002254855,0.002828948,0.004107961,0.004425601,0.004684507,0.005413095,0.005660932,0.004559868,0.004582412,0.003887721,0.005292372,0.013601013,0.004005956,0.003059535,0.013020352,0.002173333,0.002382159,0.001931405,0.010892319,0.019407801,0.032700274,0.035207383,0.038467437,0.013474394,0.009566227,0.006729809,0.006326495,0.005791709,0.013391987,0.016749697,0.010201884,0.010374242,0.024217052,0.028993348,0.008065686,0.00640506,0.023958338,0.010305033,0.011288567,0.010359115,0.032597661,0.040553637,0.055908911,0.011964391,0.01350953,0.007205115,0.031942803,0.008394489,0.005729469,0.021324513,0.025843991,0.045163609,0.007043906,0.00529844,0.033472687,0.045756172,0.004869832,0.003851695,0.031136574,0.040896587,0.006483228,0.005846965,0.003998578,0.00277389,0.00316896,0.003375283,0.002721376,0.002142158,0.001990585,0.002399771,0.014242372,0.015526254,0,0,0,0,0,0,0,0,0,0,0,0,0,0,0,0,0,0,0,0,0,0,0,0,0,0,0,0,0,0,0,0,0,0,0,0,0,0,0,0,0,0,0,0,0,0
Head 1,82,0.001814046,0.001078185,0.001911464,0.002761486,0.00374371,0.003590934,0.002682348,0.002792019,0.003809292,0.003461964,0.003089516,0.003746032,0.005174371,0.005515517,0.006039849,0.007434215,0.007640332,0.005709744,0.00527508,0.004113668,0.00561933,0.016548591,0.004521024,0.003411774,0.01764478,0.002674366,0.002638831,0.002289881,0.012951672,0.02228152,0.034106016,0.033146039,0.034162913,0.010791586,0.00671004,0.004264297,0.003567479,0.003111339,0.010503486,0.014451784,0.007730044,0.007816838,0.018500524,0.022221662,0.005710506,0.004275125,0.015448254,0.006781843,0.006800408,0.006111383,0.018635269,0.025239971,0.038093176,0.008265004,0.010152606,0.00616832,0.033955932,0.010671627,0.00756041,0.024879593,0.030894529,0.05750417,0.00935926,0.006911624,0.036599521,0.053395193,0.005897314,0.00487339,0.03816976,0.049849726,0.008440088,0.00936382,0.006375319,0.004699458,0.005559075,0.005898237,0.004475602,0.003233364,0.002886862,0.003625439,0.016739208,0.018497448,0.004952576,0,0,0,0,0,0,0,0,0,0,0,0,0,0,0,0,0,0,0,0,0,0,0,0,0,0,0,0,0,0,0,0,0,0,0,0,0,0,0,0,0,0,0,0,0
Head 1,83,0.002222446,0.001293702,0.002123208,0.003051737,0.00426218,0.004258517,0.003181521,0.003110596,0.003959568,0.003613526,0.003437506,0.004294163,0.005750492,0.005832497,0.006237411,0.007955668,0.009144352,0.007860024,0.007694202,0.00588261,0.007137668,0.018615967,0.005432022,0.004347949,0.021217352,0.003745812,0.003429251,0.00278976,0.012359701,0.020480542,0.03111239,0.032205731,0.03373735,0.011199899,0.007070033,0.004798962,0.004082154,0.003448845,0.012287903,0.01660407,0.008419495,0.009127994,0.022341354,0.027766097,0.007363929,0.005068189,0.016943838,0.007273445,0.007214209,0.006365037,0.018102571,0.023300504,0.033364326,0.007338036,0.008767333,0.005418771,0.034058657,0.009917205,0.007625811,0.024979059,0.030049689,0.051998384,0.009474207,0.006924078,0.035284981,0.049509235,0.006002053,0.004759101,0.032521412,0.043441266,0.007184353,0.007663192,0.00537141,0.004110646,0.004942975,0.005325817,0.004157075,0.003003851,0.002597187,0.003068903,0.014660064,0.016852513,0.003996882,0.0050756,0,0,0,0,0,0,0,0,0,0,0,0,0,0,0,0,0,0,0,0,0,0,0,0,0,0,0,0,0,0,0,0,0,0,0,0,0,0,0,0,0,0,0,0
Head 1,84,0.00228266,0.001276639,0.001962892,0.002817496,0.00409881,0.004268216,0.003137165,0.002818736,0.003273244,0.002837988,0.002820875,0.003878071,0.005467656,0.005416955,0.005500327,0.006923538,0.008541347,0.008339239,0.009136267,0.007219109,0.008227496,0.017895808,0.005200126,0.003988362,0.020750016,0.003698503,0.003370707,0.002594188,0.010849813,0.018145006,0.027183352,0.029406305,0.0312647,0.010071876,0.006499146,0.004563322,0.004018704,0.003337463,0.012324749,0.016289324,0.007160783,0.008209606,0.023163702,0.030491684,0.008382812,0.005615817,0.0180928,0.007774292,0.007765486,0.006815167,0.018986149,0.023948073,0.033690389,0.007307047,0.008355698,0.005036476,0.03466785,0.009136846,0.007462646,0.027675085,0.032724317,0.053897694,0.010422301,0.00743946,0.037345834,0.051702302,0.005921467,0.004666009,0.031383961,0.04408187,0.006844265,0.007083232,0.00505259,0.00393204,0.004909547,0.005501295,0.004528009,0.003370794,0.002890373,0.003257992,0.013619911,0.016024491,0.003356834,0.004600192,0.004008668,0,0,0,0,0,0,0,0,0,0,0,0,0,0,0,0,0,0,0,0,0,0,0,0,0,0,0,0,0,0,0,0,0,0,0,0,0,0,0,0,0,0,0
Head 1,85,0.002275152,0.001348761,0.001964639,0.00226319,0.00271386,0.002529192,0.001926795,0.001733589,0.001851182,0.001377144,0.001146282,0.001457587,0.002250897,0.002588347,0.002889904,0.003631965,0.004445989,0.004544825,0.005787665,0.005687214,0.007588886,0.018098127,0.005494053,0.003480165,0.01488297,0.003025007,0.002820157,0.002063482,0.007971865,0.012079174,0.017496707,0.019646246,0.023997467,0.007392343,0.00565341,0.003869246,0.003822441,0.003791398,0.012660384,0.01677246,0.00850491,0.010121167,0.027710173,0.036740255,0.012604221,0.00945938,0.029217143,0.011560753,0.011531248,0.01038111,0.027429888,0.034622453,0.051736612,0.011478807,0.013268962,0.007663365,0.045676157,0.010728868,0.008346634,0.034943517,0.037933681,0.054385073,0.010294679,0.006741843,0.031397887,0.043380193,0.004254499,0.003139324,0.024942985,0.032931399,0.00477699,0.004481744,0.003261001,0.002458947,0.003132135,0.003558876,0.003015493,0.002403397,0.002176336,0.002547192,0.015084644,0.016887821,0.002932997,0.002602458,0.002027397,0.01850521,0,0,0,0,0,0,0,0,0,0,0,0,0,0,0,0,0,0,0,0,0,0,0,0,0,0,0,0,0,0,0,0,0,0,0,0,0,0,0,0,0,0
Head 1,86,0.001771732,0.001158418,0.001926099,0.002320241,0.002708283,0.002334076,0.001643209,0.001440256,0.00155367,0.00114422,0.000896748,0.001064932,0.00156833,0.001782181,0.00204375,0.00269081,0.003392248,0.003498977,0.004613947,0.004787185,0.007062188,0.017558794,0.005488031,0.003426342,0.015314295,0.002842724,0.002530926,0.001894145,0.007837591,0.01178511,0.016137654,0.016547887,0.019170601,0.005692145,0.004655176,0.002992907,0.002846118,0.002766322,0.010268091,0.01419316,0.006912753,0.008528565,0.026148934,0.034823895,0.011794502,0.00939517,0.029207949,0.011893986,0.011619492,0.009987654,0.025883891,0.031924848,0.047916964,0.010872082,0.012828403,0.007137205,0.045881815,0.010563913,0.008347214,0.03920288,0.044801291,0.066961892,0.012312718,0.007785269,0.031547796,0.042243108,0.004079187,0.002974681,0.024627093,0.032274809,0.004564395,0.004274024,0.003032486,0.002259667,0.002990501,0.00358987,0.003164459,0.002607184,0.00241551,0.002854487,0.017322985,0.019315494,0.003430799,0.002938799,0.002218927,0.020287044,0.016903922,0,0,0,0,0,0,0,0,0,0,0,0,0,0,0,0,0,0,0,0,0,0,0,0,0,0,0,0,0,0,0,0,0,0,0,0,0,0,0,0,0
Head 1,87,0.00116605,0.000964173,0.001798376,0.002584029,0.003397685,0.00329724,0.002441034,0.002268552,0.002483991,0.0017506,0.001297375,0.00162288,0.002504944,0.002995738,0.003497828,0.004541495,0.00535774,0.005318528,0.007027421,0.007463772,0.011193353,0.021557592,0.006664469,0.003893862,0.016479397,0.00289681,0.002684572,0.002111143,0.010567252,0.018037174,0.02322758,0.021061987,0.022010246,0.006525203,0.005225978,0.003222474,0.002835855,0.002536774,0.008955986,0.013299881,0.004704504,0.004920913,0.022458661,0.032810248,0.008750782,0.006848895,0.023775646,0.009668022,0.008977378,0.007647532,0.018187249,0.022273796,0.0323206,0.006937267,0.007240247,0.003898269,0.026255924,0.006849949,0.005503107,0.032022163,0.044205893,0.079375803,0.015958237,0.010069326,0.035130996,0.04954011,0.005343978,0.003882354,0.026088245,0.034943845,0.005745096,0.005361993,0.003592217,0.002756214,0.0038317,0.004911969,0.004668877,0.004122795,0.004033135,0.004950095,0.016314251,0.015775293,0.003501738,0.004063404,0.003080502,0.022997521,0.01972951,0.005206713,0,0,0,0,0,0,0,0,0,0,0,0,0,0,0,0,0,0,0,0,0,0,0,0,0,0,0,0,0,0,0,0,0,0,0,0,0,0,0,0
Head 1,88,0.001059713,0.000780437,0.001548218,0.002469744,0.003540887,0.003568369,0.002609583,0.002367621,0.002585299,0.001914281,0.001474709,0.001777578,0.002540423,0.002908904,0.003406559,0.004510532,0.005425801,0.005337361,0.006737045,0.007108495,0.011100547,0.022265861,0.008226861,0.005345218,0.019642124,0.003571873,0.00306613,0.002412294,0.011877458,0.020719822,0.026930222,0.023061389,0.022032764,0.006782313,0.005423196,0.003405893,0.002968085,0.002610754,0.008715679,0.012603501,0.004991353,0.005208299,0.023517789,0.034338925,0.008304051,0.006840176,0.025700241,0.011621423,0.010832298,0.008838015,0.020095306,0.02317759,0.031281084,0.006926006,0.007223656,0.003847392,0.023864785,0.006351602,0.004812383,0.027045935,0.039479483,0.076258942,0.014910476,0.010052765,0.034875453,0.04595504,0.005819218,0.004042297,0.025036497,0.033220109,0.00564633,0.005148286,0.003467849,0.002573214,0.003321835,0.004068619,0.003809659,0.003437714,0.003549256,0.004526393,0.016445445,0.015778774,0.003414222,0.003788082,0.00274482,0.020133372,0.018181056,0.004379423,0.004683546,0,0,0,0,0,0,0,0,0,0,0,0,0,0,0,0,0,0,0,0,0,0,0,0,0,0,0,0,0,0,0,0,0,0,0,0,0,0,0
Head 1,89,0.001106245,0.00055785,0.000946718,0.001404827,0.002157328,0.00225923,0.001638954,0.00128338,0.001203298,0.000822895,0.000669754,0.000843441,0.001228393,0.001258426,0.001263607,0.001489784,0.001773839,0.001770679,0.002331858,0.002525602,0.004216272,0.011368142,0.004141399,0.003235537,0.014764626,0.002600071,0.002378268,0.001669165,0.00837635,0.013476181,0.018520875,0.017249346,0.016622376,0.00491739,0.003673726,0.002123873,0.001940036,0.001782087,0.007218135,0.009177074,0.004162896,0.005396478,0.019099226,0.026489731,0.00744596,0.007382046,0.027270988,0.013947404,0.015434,0.012462387,0.027376564,0.030964058,0.043150824,0.010003866,0.01272635,0.007011014,0.036425143,0.009545519,0.007288191,0.035352893,0.045599289,0.081534758,0.015111347,0.011662506,0.045179568,0.054097194,0.006406261,0.004239239,0.026726762,0.036489643,0.004993699,0.004924834,0.003485305,0.002429684,0.002881658,0.003105056,0.002552885,0.002104627,0.002137462,0.002858468,0.017093068,0.020115064,0.003295752,0.002972295,0.002092879,0.021678537,0.018657377,0.002704429,0.002441657,0.013506164,0,0,0,0,0,0,0,0,0,0,0,0,0,0,0,0,0,0,0,0,0,0,0,0,0,0,0,0,0,0,0,0,0,0,0,0,0,0
Head 1,90,0.001005529,0.000535783,0.000861523,0.001203562,0.001824633,0.00200382,0.001593178,0.001334975,0.001253066,0.000794701,0.000585213,0.000697888,0.001017507,0.001065864,0.001091231,0.001290983,0.001502141,0.001461795,0.001894854,0.002033423,0.00342105,0.010478997,0.003552073,0.002933514,0.013088214,0.002668423,0.002433342,0.001602864,0.008232733,0.013377671,0.01848213,0.017217211,0.016424309,0.004882126,0.003413157,0.001858369,0.001624236,0.001462461,0.006527903,0.008327208,0.003468231,0.004622948,0.017020816,0.023833236,0.006432584,0.006438795,0.026718507,0.012325935,0.015077173,0.01339316,0.027469059,0.031356569,0.043492727,0.00954227,0.011963572,0.006603951,0.034276649,0.009654085,0.007562093,0.0346306,0.045299236,0.082501225,0.0146158,0.011768376,0.051177189,0.061935239,0.007502886,0.004808377,0.024926914,0.032734763,0.004373669,0.004406462,0.003126386,0.002300811,0.002905229,0.003182059,0.002551747,0.002008632,0.001970173,0.002686673,0.017061755,0.020390285,0.003565301,0.003315502,0.002274512,0.022522919,0.018943878,0.002721186,0.002450325,0.013874901,0.013154976,0,0,0,0,0,0,0,0,0,0,0,0,0,0,0,0,0,0,0,0,0,0,0,0,0,0,0,0,0,0,0,0,0,0,0,0,0
Head 1,91,0.00076759,0.00034361,0.000494031,0.000733869,0.001271458,0.001728194,0.001639716,0.0016543,0.001799346,0.001229892,0.000924855,0.001150765,0.001651406,0.001679826,0.001764025,0.002286747,0.002867925,0.00295784,0.003764715,0.003675237,0.005428333,0.014227334,0.004229209,0.004042387,0.015850192,0.003069354,0.002908585,0.001724812,0.008356902,0.014495493,0.023258489,0.024929741,0.025516067,0.006901546,0.004626207,0.002725397,0.002371079,0.002036777,0.00795545,0.008999596,0.003535248,0.004468506,0.015498468,0.02296523,0.004498629,0.003806474,0.023502147,0.007877127,0.010424512,0.010617918,0.02534679,0.028929736,0.037825521,0.007728237,0.009137162,0.004574091,0.025263298,0.007086968,0.005212907,0.021708669,0.030059529,0.062480539,0.010894191,0.009053773,0.049094863,0.068595931,0.009703721,0.006921177,0.030310687,0.041793779,0.006355292,0.006554667,0.004377449,0.003304059,0.00431221,0.004783324,0.003793297,0.002891076,0.002854697,0.004002405,0.020459283,0.022432948,0.004520282,0.005856651,0.003907122,0.021123886,0.017325187,0.003227162,0.003896556,0.017169936,0.016849073,0.003049303,0,0,0,0,0,0,0,0,0,0,0,0,0,0,0,0,0,0,0,0,0,0,0,0,0,0,0,0,0,0,0,0,0,0,0,0
Head 1,92,0.000762285,0.000402325,0.000579445,0.00077709,0.001169588,0.001456135,0.001407082,0.001555889,0.001874017,0.001381576,0.001029393,0.001214549,0.00166545,0.001669192,0.001747397,0.002287231,0.002877136,0.003024912,0.003940084,0.003920163,0.005616212,0.014202677,0.003930148,0.003947483,0.015956499,0.00351471,0.003759603,0.002353711,0.009341826,0.015141692,0.023544217,0.025742397,0.027512237,0.007775299,0.005521084,0.003264454,0.002751834,0.002289379,0.007880272,0.008904012,0.003357411,0.004576729,0.015640639,0.022306196,0.005099598,0.004271988,0.024185972,0.007014419,0.009481621,0.010294749,0.027475387,0.03239654,0.04268562,0.009346532,0.010229141,0.004871053,0.025239224,0.006989992,0.005548235,0.021880535,0.029130038,0.057572413,0.010503558,0.008194976,0.044629075,0.06561695,0.008996061,0.007221647,0.029729612,0.038469151,0.00671635,0.006513944,0.004045155,0.003022842,0.00414549,0.004909636,0.004076691,0.003097507,0.002863965,0.003658696,0.018622523,0.020475799,0.003960059,0.005710925,0.004067123,0.022107137,0.017100139,0.003176724,0.00353889,0.015611494,0.015995197,0.002617393,0.003320582,0,0,0,0,0,0,0,0,0,0,0,0,0,0,0,0,0,0,0,0,0,0,0,0,0,0,0,0,0,0,0,0,0,0,0
Head 1,93,0.000519541,0.000314458,0.000673635,0.0010161,0.001461457,0.001417275,0.00104835,0.000960951,0.001111531,0.000866815,0.000666363,0.000685945,0.000798343,0.000712596,0.0006954,0.000882947,0.001109757,0.001105711,0.001374934,0.001353447,0.002106651,0.006202266,0.001890007,0.00188527,0.010117493,0.002184344,0.002323534,0.00181938,0.007603261,0.013478201,0.020469235,0.01979552,0.018926891,0.00532975,0.003821381,0.002151327,0.001680751,0.001267043,0.004082479,0.004988708,0.001918228,0.003097839,0.01480115,0.02047367,0.005115908,0.005090014,0.02287907,0.008335664,0.011342274,0.011132389,0.02933478,0.034332376,0.047990978,0.012681885,0.014002512,0.006330195,0.03330189,0.008242977,0.007306224,0.030957298,0.041618917,0.08124885,0.015121482,0.011322998,0.056516804,0.073574111,0.007989557,0.006294007,0.031879302,0.035502229,0.005615409,0.004594017,0.002555878,0.001634753,0.002130738,0.002676536,0.002442749,0.002025689,0.00187853,0.002214786,0.014860143,0.017341187,0.002614687,0.003116543,0.002357851,0.025059313,0.022062318,0.002798431,0.002262763,0.012713148,0.012645799,0.001321681,0.001273313,0.011169117,0,0,0,0,0,0,0,0,0,0,0,0,0,0,0,0,0,0,0,0,0,0,0,0,0,0,0,0,0,0,0,0,0,0
Head 1,94,0.000462056,0.000244868,0.000537774,0.000877982,0.001378783,0.001393961,0.001011144,0.00087938,0.000989385,0.000798719,0.000670147,0.000740342,0.000859949,0.000715731,0.000632403,0.000745156,0.000916473,0.000923793,0.001179848,0.001177964,0.00182768,0.005040137,0.001577746,0.001562169,0.009101585,0.001795181,0.002028588,0.001662093,0.006741516,0.012557774,0.019859068,0.019946745,0.019503405,0.005007463,0.003444138,0.00202651,0.001652921,0.001255266,0.003657545,0.004164533,0.001565655,0.002557509,0.013137446,0.018414551,0.004210507,0.004329803,0.020619897,0.007544239,0.01013103,0.009652969,0.028838139,0.033963975,0.048228707,0.013585431,0.015458081,0.00689641,0.033335734,0.007846653,0.006741102,0.029261261,0.039086837,0.078527123,0.015724283,0.011660966,0.057116672,0.07598713,0.007993847,0.006510245,0.036146998,0.040409021,0.006669622,0.005301539,0.00280586,0.001621536,0.001925165,0.002300549,0.002115621,0.00184692,0.001831571,0.002235709,0.014142968,0.016532257,0.002394569,0.002975289,0.002336176,0.025303515,0.022812964,0.003069738,0.002453398,0.013208824,0.012500672,0.001285972,0.001262098,0.011491831,0.012545442,0,0,0,0,0,0,0,0,0,0,0,0,0,0,0,0,0,0,0,0,0,0,0,0,0,0,0,0,0,0,0,0,0
Head 1,95,0.000458614,0.000211317,0.000425906,0.000705329,0.001194011,0.001321016,0.001011385,0.000857604,0.000900653,0.000698182,0.000612618,0.000751474,0.000945972,0.000791983,0.000650683,0.000687752,0.000786516,0.000780146,0.001024241,0.00106226,0.00165924,0.00440113,0.00140132,0.001293041,0.007801625,0.001472697,0.001753722,0.001454666,0.006058326,0.011684023,0.018893458,0.019920927,0.020590262,0.00496908,0.003141398,0.001884354,0.00162904,0.001305305,0.003648195,0.003888749,0.001410552,0.002170858,0.011303821,0.016244953,0.003424407,0.003701475,0.019608054,0.007008601,0.009280413,0.008726501,0.028043682,0.033514787,0.048900008,0.013707047,0.01646455,0.007737953,0.033452518,0.007885783,0.006335449,0.028240902,0.036663484,0.073130824,0.015725806,0.011842601,0.056369133,0.077794813,0.008085142,0.00647595,0.039170649,0.045470979,0.007515769,0.006125686,0.00328203,0.001791821,0.001930356,0.002083997,0.001817348,0.001601054,0.001680287,0.002203202,0.013209738,0.015394883,0.002224029,0.002748968,0.002184346,0.024664763,0.022357436,0.003262765,0.002664574,0.014626658,0.013014841,0.001271423,0.001229091,0.011357642,0.012846658,0.01429069,0,0,0,0,0,0,0,0,0,0,0,0,0,0,0,0,0,0,0,0,0,0,0,0,0,0,0,0,0,0,0,0
Head 1,96,0.000440565,0.000198877,0.000359736,0.000560566,0.00095043,0.001129781,0.000965079,0.000867388,0.000885677,0.00063411,0.000528372,0.000676553,0.000945941,0.000865209,0.000719742,0.000704566,0.000723257,0.000664244,0.000858878,0.000921804,0.001494645,0.004130905,0.001271971,0.001082241,0.006336,0.001200312,0.001491908,0.001234384,0.005681607,0.010887927,0.017494818,0.018859159,0.020818576,0.005125206,0.003031228,0.001730192,0.001522243,0.001300148,0.003795726,0.003944549,0.001392443,0.001940703,0.009490116,0.013644183,0.002710284,0.003170999,0.019556025,0.006278084,0.008448855,0.00810048,0.026411347,0.031962268,0.048282478,0.012636498,0.016502064,0.008438068,0.033515476,0.008507907,0.006402249,0.028582063,0.036027089,0.069952115,0.015368953,0.01204671,0.054723449,0.079024054,0.008310305,0.006415556,0.041025016,0.049339805,0.007783489,0.006866031,0.003845319,0.002117362,0.002181438,0.00213094,0.001677297,0.001396431,0.001467769,0.002073785,0.012870574,0.014705188,0.002223562,0.002651056,0.002031586,0.024362765,0.02178094,0.00334525,0.002904993,0.016941972,0.014785875,0.001339926,0.001204255,0.011032691,0.012834207,0.014748611,0.013456469,0,0,0,0,0,0,0,0,0,0,0,0,0,0,0,0,0,0,0,0,0,0,0,0,0,0,0,0,0,0,0
Head 1,97,0.000397848,0.000192987,0.000334921,0.000480778,0.000753773,0.000884154,0.000812558,0.000817304,0.000891771,0.000625502,0.000479563,0.000584335,0.000848846,0.0008595,0.000788021,0.000787477,0.000756816,0.00062911,0.000751341,0.000789743,0.001320641,0.003969109,0.001191258,0.000982243,0.005289783,0.001043148,0.001272957,0.001058589,0.005456965,0.010213176,0.016232245,0.017212583,0.019674467,0.005459742,0.003153288,0.001674229,0.001404154,0.001218905,0.003921842,0.004219151,0.001534826,0.001942056,0.008235552,0.011377528,0.002201961,0.002706471,0.019030204,0.005330114,0.007430025,0.007371953,0.024663871,0.030220192,0.046820916,0.011218629,0.015675493,0.008641015,0.03465879,0.009788015,0.007105768,0.029725663,0.037205275,0.070833899,0.014806436,0.011854487,0.05178608,0.076813847,0.008596243,0.00639697,0.041909188,0.051862594,0.007727384,0.007304715,0.004292653,0.002506666,0.002633118,0.002459064,0.001747022,0.001309531,0.001280017,0.001830081,0.013077967,0.014694416,0.002359569,0.002634448,0.001906443,0.023442902,0.020758413,0.003108871,0.002908449,0.018363871,0.016882541,0.001478343,0.001196981,0.010982852,0.012619118,0.014960051,0.014156461,0.014199135,0,0,0,0,0,0,0,0,0,0,0,0,0,0,0,0,0,0,0,0,0,0,0,0,0,0,0,0,0,0
Head 1,98,0.000352766,0.000181341,0.000325218,0.000450402,0.000654422,0.000717001,0.000650055,0.000705131,0.000857387,0.000642126,0.000483801,0.000547653,0.000761599,0.00079629,0.000803285,0.000877598,0.000860218,0.000676732,0.000729585,0.000703092,0.001148892,0.003611289,0.001083004,0.000940008,0.004776851,0.000963421,0.001105887,0.000927188,0.005130714,0.00948002,0.015295539,0.01593424,0.018019414,0.00577463,0.003392935,0.001742165,0.001356778,0.001120595,0.004006866,0.004511305,0.001724489,0.002117249,0.007787453,0.010043681,0.001903928,0.002337735,0.017493222,0.004431125,0.006519077,0.006604687,0.023677463,0.02888364,0.044618227,0.010069977,0.014670031,0.00835418,0.036707893,0.011131977,0.008218506,0.030371251,0.038196445,0.072078347,0.014187819,0.011443832,0.049297825,0.071974672,0.008883315,0.006576695,0.042348351,0.053847346,0.00772273,0.007563484,0.00458203,0.002857256,0.003162648,0.003005805,0.002025824,0.001377076,0.001211574,0.001628874,0.013322082,0.015114835,0.002486636,0.002722636,0.001921696,0.022242937,0.019845935,0.002812116,0.002834353,0.018347992,0.018128797,0.001734631,0.001320022,0.011596227,0.012636798,0.014757567,0.014440236,0.014848914,0.014150345,0,0,0,0,0,0,0,0,0,0,0,0,0,0,0,0,0,0,0,0,0,0,0,0,0,0,0,0,0
Head 1,99,0.000311672,0.000157985,0.000295934,0.00041237,0.000581909,0.000597436,0.000504355,0.000547409,0.000720937,0.000596656,0.000480473,0.000531769,0.000691176,0.00069163,0.000721386,0.00086492,0.000924364,0.000746903,0.000759568,0.000658191,0.000988925,0.003038594,0.000907059,0.000851785,0.00438915,0.000879156,0.000940712,0.000775456,0.004357376,0.008220695,0.013913488,0.014768527,0.01632718,0.005675266,0.003404437,0.001809773,0.001346577,0.001027239,0.004040316,0.00469834,0.001788178,0.00225345,0.007764015,0.009461235,0.001736158,0.001988447,0.015001978,0.003543741,0.005521198,0.005650933,0.023352673,0.028388662,0.043166261,0.009172199,0.01341176,0.007560046,0.038767073,0.011536232,0.009051044,0.030393803,0.038498476,0.072561875,0.013582776,0.01074087,0.048884574,0.068731919,0.00906454,0.006816183,0.042060848,0.055579145,0.007760539,0.007528102,0.00459713,0.002999777,0.003532051,0.003568988,0.002430056,0.001564305,0.001253507,0.001522296,0.013136437,0.015508238,0.002421652,0.002779528,0.002011132,0.021302795,0.019142097,0.00255336,0.002683887,0.017798955,0.018555077,0.002040104,0.001602729,0.013288205,0.013828185,0.01535964,0.014930664,0.015783397,0.015287044,0.013042741,0,0,0,0,0,0,0,0,0,0,0,0,0,0,0,0,0,0,0,0,0,0,0,0,0,0,0,0
Head 1,100,0.000347208,0.000168691,0.000309226,0.000428414,0.000596856,0.000589677,0.000462399,0.000471681,0.000620278,0.000549238,0.000495071,0.000583032,0.000741914,0.000699656,0.000705317,0.000872801,0.001017399,0.000902147,0.000938198,0.000768992,0.001028423,0.002702983,0.000832882,0.000805902,0.004208563,0.000895584,0.000938858,0.000757314,0.003822574,0.007397282,0.012980737,0.014575842,0.016159356,0.006005002,0.003611513,0.0020997,0.001572687,0.001129744,0.004309048,0.005061739,0.00186423,0.002401632,0.008026841,0.009549893,0.001869818,0.001924921,0.012853246,0.003080895,0.004899371,0.005043556,0.023778832,0.029480329,0.044658795,0.009401981,0.013150441,0.007376001,0.041261412,0.011720233,0.0099518,0.031462479,0.03905046,0.070718743,0.013954502,0.0104973,0.048373375,0.065587126,0.0091296,0.007084008,0.039341688,0.053948272,0.008080818,0.007553024,0.004638987,0.0031055,0.003803378,0.004086981,0.002943185,0.001898338,0.001435426,0.001557352,0.011442124,0.014022646,0.002077272,0.002568419,0.001990863,0.019338235,0.017147556,0.002332011,0.002401452,0.016091604,0.016892439,0.002067421,0.001821506,0.014159388,0.014630477,0.015395988,0.014201083,0.014868088,0.014768935,0.012805386,0.015268416,0,0,0,0,0,0,0,0,0,0,0,0,0,0,0,0,0,0,0,0,0,0,0,0,0,0,0
Head 1,101,0.000335576,0.000166054,0.000295941,0.000403452,0.000559703,0.000546744,0.000411823,0.000391086,0.000486997,0.000432049,0.000421784,0.000551868,0.000741751,0.000686995,0.000652138,0.000779269,0.000934579,0.000904988,0.001028921,0.000871066,0.001093097,0.002490371,0.000738364,0.000669926,0.003640981,0.000779013,0.000863948,0.000686047,0.003169955,0.006222609,0.010990821,0.013045427,0.015015158,0.005388109,0.003335016,0.002112663,0.001691425,0.001228549,0.004390351,0.005247941,0.001736438,0.002235306,0.008208734,0.009787435,0.002020598,0.001912341,0.011099059,0.002627865,0.00409285,0.004161638,0.022633459,0.029060781,0.045498881,0.009099569,0.012339983,0.006835082,0.040679529,0.010434793,0.009593535,0.033266708,0.040628858,0.071295105,0.015059184,0.010640337,0.048994176,0.066095486,0.008684558,0.006997113,0.037156731,0.051710021,0.00837102,0.007548163,0.00452887,0.0029857,0.003735049,0.004237062,0.003312294,0.002273158,0.001736662,0.001787391,0.010283013,0.012505844,0.001703358,0.002280737,0.001868901,0.01924482,0.016495094,0.0023351,0.002265857,0.015227425,0.015662203,0.001873939,0.001910805,0.015234645,0.016498854,0.017260162,0.01514347,0.015130905,0.014898757,0.013177959,0.015804606,0.013689443,0,0,0,0,0,0,0,0,0,0,0,0,0,0,0,0,0,0,0,0,0,0,0,0,0,0
Head 1,102,0.000253908,0.00013785,0.000247301,0.000332416,0.00045858,0.0004473,0.000334555,0.000303594,0.000353695,0.000298106,0.000293708,0.000420602,0.000631341,0.000617951,0.000572036,0.000644017,0.000741071,0.000732566,0.000910531,0.000845082,0.001090299,0.00242398,0.00064628,0.000513764,0.002898176,0.00056623,0.000692899,0.000553828,0.002552604,0.004922323,0.008460602,0.010205446,0.012309125,0.003920033,0.002599516,0.001695542,0.001488774,0.001178487,0.004075255,0.005091648,0.00150004,0.0018903,0.008423835,0.010181933,0.00206467,0.001927693,0.010169965,0.00228005,0.003345195,0.003237606,0.019579053,0.025920674,0.043432571,0.007723679,0.010739309,0.005878069,0.037010223,0.008360532,0.008109351,0.034387581,0.04190927,0.073663287,0.016157964,0.011043251,0.049572114,0.0686666,0.007821525,0.00646511,0.036732588,0.050360586,0.008529886,0.00764947,0.004402274,0.002763572,0.003429818,0.003976847,0.003312187,0.002477701,0.002030485,0.002164464,0.010462173,0.011937547,0.001481187,0.002053621,0.001675608,0.021366186,0.017817207,0.002520127,0.00234123,0.015607369,0.015496368,0.001609398,0.001803975,0.016343085,0.019106451,0.021264512,0.018767932,0.018006908,0.017067961,0.015021993,0.018258722,0.015848331,0.007389737,0,0,0,0,0,0,0,0,0,0,0,0,0,0,0,0,0,0,0,0,0,0,0,0,0
Head 1,103,0.000221884,0.000134451,0.000255514,0.000345691,0.000464847,0.000441251,0.000325537,0.000289449,0.000319301,0.000251214,0.000233871,0.000340744,0.000555635,0.000605818,0.000593577,0.000657887,0.000715844,0.000681181,0.000869558,0.000878789,0.001229964,0.002639625,0.000739577,0.000510142,0.002528368,0.000490267,0.000618439,0.000519295,0.002379999,0.004516975,0.007455245,0.008691316,0.010749452,0.003491217,0.002446483,0.001570805,0.001440145,0.001236945,0.003799682,0.005048393,0.001588877,0.001829594,0.008705397,0.010703919,0.002203961,0.002117452,0.009986043,0.002389138,0.003196983,0.002887823,0.016500793,0.022200819,0.039870888,0.006850438,0.00999733,0.005626631,0.035655696,0.007877151,0.007567768,0.036245659,0.044660352,0.079120889,0.018536521,0.012571808,0.047877744,0.066970594,0.007412202,0.005988184,0.036104795,0.048012711,0.008808804,0.008046924,0.004602029,0.002803405,0.003357573,0.003827762,0.00324957,0.002592293,0.002291678,0.002608861,0.01098482,0.011339482,0.001484519,0.001874402,0.00142619,0.021151746,0.017922195,0.00257432,0.002384566,0.01513663,0.014762313,0.001389781,0.001521022,0.015312135,0.018627835,0.022327691,0.020728037,0.019755514,0.01794124,0.015269482,0.018458402,0.016421657,0.007799361,0.008675289,0,0,0,0,0,0,0,0,0,0,0,0,0,0,0,0,0,0,0,0,0,0,0,0
Head 1,104,0.000178813,0.000112281,0.000233942,0.000333049,0.000454691,0.00042559,0.00030678,0.000269145,0.000288549,0.000215847,0.000187181,0.000260244,0.000432624,0.000514139,0.00055561,0.000647982,0.000697309,0.000627849,0.000771151,0.000795659,0.001209901,0.002815474,0.000833379,0.000543083,0.002371714,0.000430005,0.000512188,0.000443064,0.002169956,0.004058804,0.006624669,0.007367436,0.008992286,0.00297848,0.002195147,0.001353999,0.001249976,0.001134601,0.003419147,0.004763107,0.001727249,0.001876582,0.009101019,0.011382185,0.002146952,0.002155214,0.010223557,0.002592509,0.003266246,0.002734753,0.013891185,0.018142156,0.033679847,0.005472469,0.008777411,0.005058598,0.035218392,0.00750943,0.006993053,0.035952047,0.045240659,0.082890064,0.019254809,0.013856577,0.047074758,0.064701401,0.007363604,0.005657808,0.036715727,0.047670111,0.008722946,0.0083484,0.00487223,0.002943607,0.003394112,0.003736214,0.003104727,0.002533476,0.002387566,0.002955409,0.012989769,0.012386709,0.001742479,0.001937553,0.001319992,0.020443523,0.018198257,0.002446424,0.002433071,0.015159588,0.014683137,0.001355464,0.001360954,0.01458786,0.01762574,0.022311313,0.022423659,0.022466652,0.020358371,0.016720176,0.019523591,0.017316183,0.008502764,0.009434937,0.007171902,0,0,0,0,0,0,0,0,0,0,0,0,0,0,0,0,0,0,0,0,0,0,0
Head 1,105,0.000168261,9.76E-05,0.000213613,0.000323897,0.000467848,0.000448472,0.00031909,0.000274932,0.000287034,0.00020606,0.000169013,0.000219039,0.000348413,0.000424361,0.000500453,0.000639665,0.000730385,0.000654579,0.00076309,0.000756798,0.001179826,0.002980442,0.000980706,0.000654788,0.002487014,0.000452727,0.000460507,0.000385343,0.001923439,0.003636698,0.006082501,0.006643957,0.007896784,0.00283582,0.00206927,0.001255971,0.001135807,0.001034837,0.003204078,0.004528993,0.002005013,0.00211075,0.009293813,0.01205238,0.002086807,0.002066697,0.010468436,0.002869601,0.003548898,0.002849296,0.012199559,0.015045035,0.027384965,0.00433013,0.00756172,0.004464983,0.036357705,0.007509733,0.006778335,0.034842379,0.044650834,0.084185533,0.01885603,0.014802064,0.04838039,0.06358967,0.008164313,0.005783565,0.036630545,0.047691178,0.008299758,0.008277149,0.005098466,0.003177828,0.0035897,0.003804894,0.00301921,0.002403827,0.002315753,0.003033125,0.015277522,0.014314941,0.002209788,0.002178215,0.001342018,0.017872963,0.016617931,0.002060388,0.00224896,0.014940355,0.014585711,0.001457566,0.001349472,0.013966682,0.016274014,0.020798523,0.02213227,0.023857985,0.022579832,0.018458532,0.020754145,0.017811095,0.008804752,0.009990352,0.007640287,0.009053613,0,0,0,0,0,0,0,0,0,0,0,0,0,0,0,0,0,0,0,0,0,0
Head 1,106,0.000128605,6.17E-05,0.000134271,0.00021654,0.000355372,0.000374587,0.000275323,0.000232495,0.000233113,0.000157352,0.000124916,0.000158371,0.000249131,0.000304812,0.000379935,0.000525532,0.000651112,0.000604979,0.000691803,0.000650145,0.001011676,0.002403752,0.001007164,0.000685667,0.002048693,0.000430407,0.000352724,0.000259461,0.001229062,0.002451301,0.00434002,0.004829255,0.005635418,0.002264507,0.001572709,0.000936212,0.000840577,0.000767057,0.002687734,0.003799373,0.001983144,0.002127834,0.008464993,0.011771002,0.0018601,0.001812631,0.010481329,0.003110617,0.003974282,0.003127447,0.010613861,0.012264831,0.021391427,0.003340244,0.006183868,0.003662828,0.032427035,0.007053845,0.006059745,0.028906627,0.038519301,0.077140898,0.017014988,0.014568543,0.0482626,0.061492495,0.009292804,0.005824697,0.034011073,0.047148556,0.00715877,0.007449802,0.004913494,0.003221846,0.003627297,0.003674855,0.002737232,0.002079292,0.002038043,0.002862574,0.01801062,0.017616725,0.002861867,0.002658817,0.001513549,0.016705418,0.016016468,0.001915335,0.002345805,0.017774804,0.017431416,0.002096614,0.00182182,0.015997855,0.018313978,0.023369838,0.025526943,0.028753221,0.028397799,0.023511875,0.026022766,0.021565102,0.010389568,0.012268481,0.009783226,0.011593126,0.006017329,0,0,0,0,0,0,0,0,0,0,0,0,0,0,0,0,0,0,0,0,0
Head 1,107,0.000135582,6.10E-05,0.000117415,0.000176392,0.00029254,0.000331704,0.000267813,0.000238116,0.000239868,0.000154511,0.000115796,0.000138156,0.000203479,0.000232913,0.000286258,0.000416828,0.000570606,0.000588634,0.000704664,0.000642134,0.000932478,0.002449902,0.00092524,0.000717287,0.002223611,0.000525574,0.000395749,0.000251316,0.001040946,0.001983181,0.003513209,0.004107805,0.004839661,0.002058686,0.001375126,0.000822474,0.000722881,0.000634055,0.002488473,0.003385046,0.001794555,0.002134168,0.007599807,0.011165202,0.001867099,0.00166317,0.010836585,0.002825175,0.003935999,0.00340625,0.01070378,0.011735125,0.018820552,0.0027838,0.005118913,0.002934251,0.031418987,0.006163521,0.00574557,0.028407313,0.036929864,0.071541891,0.014478373,0.01341094,0.053529304,0.067545399,0.011015994,0.006921214,0.032000426,0.044540722,0.006402358,0.006656663,0.004520292,0.003212063,0.003932898,0.00411027,0.00299554,0.002109327,0.001910564,0.002580269,0.01911859,0.020548366,0.0032768,0.003302396,0.001887728,0.015994409,0.01408984,0.001555188,0.001886128,0.017477063,0.017718332,0.002141558,0.002016744,0.015797731,0.017756844,0.021964038,0.023851996,0.028041713,0.029685399,0.02624752,0.029759916,0.024034949,0.010989164,0.012593037,0.010213922,0.012619119,0.006506282,0.006213948,0,0,0,0,0,0,0,0,0,0,0,0,0,0,0,0,0,0,0,0
Head 1,108,0.000127725,6.34E-05,0.000113338,0.0001535,0.000237308,0.000271239,0.00024005,0.000234567,0.000250496,0.000160433,0.000113808,0.000128253,0.000177871,0.000189273,0.000219454,0.000316357,0.000453079,0.000516228,0.000684827,0.000653107,0.000915003,0.002479979,0.000807993,0.000666367,0.002325337,0.000617538,0.000478876,0.000281607,0.000964922,0.001716991,0.002852136,0.00338346,0.004106233,0.001798403,0.001217522,0.000737149,0.000641892,0.000547116,0.00219873,0.002965494,0.001447089,0.001915355,0.00669474,0.010288382,0.002067667,0.001696339,0.011158825,0.002469434,0.003557919,0.003391032,0.010925988,0.011813811,0.017720167,0.002633125,0.004447157,0.002365927,0.027816085,0.004879578,0.005112819,0.029194964,0.037576646,0.070362486,0.013452111,0.012309501,0.056887213,0.074369647,0.011864259,0.008047329,0.030969534,0.041871529,0.006264153,0.006059797,0.003932753,0.0028785,0.003881853,0.004390559,0.003325601,0.002280121,0.001912193,0.002388109,0.018583274,0.021644277,0.003279137,0.003808394,0.002328856,0.017260075,0.013364284,0.001493736,0.001593283,0.016062435,0.017218169,0.001866745,0.001999655,0.015399186,0.017263429,0.020811578,0.02204803,0.026006795,0.028566271,0.026949104,0.032737467,0.027246216,0.01221016,0.013252023,0.010365307,0.013026669,0.006861113,0.006714982,0.006412033,0,0,0,0,0,0,0,0,0,0,0,0,0,0,0,0,0,0,0
Head 1,109,0.00010577,6.36E-05,0.000120714,0.000155761,0.000216516,0.000229259,0.000207342,0.000221851,0.000264278,0.000182788,0.000128366,0.000137065,0.00017663,0.000174603,0.000188086,0.000258497,0.000365437,0.000436655,0.000638363,0.000669699,0.000968594,0.002509238,0.000765501,0.000632236,0.002469085,0.000685306,0.000588657,0.000359508,0.001022955,0.001695404,0.002529627,0.002840036,0.003464037,0.00153765,0.001133574,0.000703288,0.000614842,0.000518726,0.001898224,0.002634405,0.001198127,0.001707253,0.006279645,0.009717962,0.002453361,0.001935739,0.011310977,0.002319498,0.003159082,0.003086869,0.011173719,0.01221194,0.017555755,0.002824941,0.004249628,0.002052021,0.023397788,0.003744987,0.004316166,0.030173417,0.039924324,0.075334176,0.01401116,0.011819833,0.056477193,0.07694222,0.011452673,0.008797294,0.032128021,0.040979799,0.00709355,0.006098115,0.003558719,0.002477688,0.003504397,0.004342779,0.003592472,0.002580482,0.00211051,0.002437199,0.017686833,0.021291818,0.003122432,0.004091692,0.00273752,0.020133371,0.014028881,0.001737097,0.001547559,0.013253604,0.015093446,0.001447004,0.001722646,0.014815147,0.016601065,0.019672466,0.020391686,0.023662224,0.026070893,0.025325127,0.032886315,0.029111039,0.013524072,0.014200629,0.010459851,0.012696581,0.006800866,0.006882427,0.006690625,0.007271411,0,0,0,0,0,0,0,0,0,0,0,0,0,0,0,0,0,0
Head 1,110,7.86E-05,5.27E-05,0.000116184,0.000157812,0.000208055,0.000198101,0.000166525,0.000180296,0.000235034,0.000184705,0.000139032,0.000147642,0.000179248,0.000164748,0.000163402,0.000209776,0.000282971,0.000335334,0.000517788,0.000597357,0.000941558,0.002307569,0.00073049,0.000587302,0.002565654,0.000642861,0.000617236,0.000422335,0.001121914,0.001798066,0.002443619,0.002470906,0.002861074,0.001205949,0.000983042,0.000627136,0.000560158,0.00047564,0.001516283,0.002170856,0.00096271,0.00142964,0.005901548,0.008920078,0.002563842,0.002097994,0.010612349,0.002319566,0.00285512,0.002609277,0.011314185,0.012581992,0.017841103,0.003117434,0.004324613,0.001908422,0.019482631,0.002851989,0.003378908,0.028912837,0.040343698,0.081200905,0.014480363,0.011351128,0.053215753,0.073453993,0.009799264,0.008519414,0.035410706,0.043218482,0.008620023,0.00671859,0.003508417,0.002175452,0.002962355,0.003863448,0.003508025,0.002783542,0.002396445,0.002677401,0.017444264,0.020960536,0.002894466,0.004017501,0.002878335,0.024571626,0.016662173,0.002222933,0.001734739,0.010887913,0.012561754,0.001083831,0.001344956,0.014680916,0.016537253,0.019372759,0.01965325,0.022236971,0.024187369,0.023485327,0.031812463,0.029910991,0.014846004,0.01596933,0.011437699,0.013142862,0.00688553,0.007000788,0.007015382,0.007717637,0.007283799,0,0,0,0,0,0,0,0,0,0,0,0,0,0,0,0,0
Head 1,111,6.46E-05,4.05E-05,0.000100707,0.000153786,0.000211893,0.000191952,0.000145861,0.00014718,0.00019386,0.000169316,0.000144371,0.000163073,0.000195356,0.000170307,0.000155633,0.000183485,0.000231252,0.00026056,0.000401948,0.000492276,0.000854352,0.002033615,0.000741837,0.000582923,0.002684238,0.000577399,0.000594218,0.000453809,0.001248758,0.002010795,0.00260559,0.002380419,0.002515395,0.000977293,0.000832065,0.000544418,0.00050734,0.000443952,0.00125638,0.001800742,0.000839047,0.001252715,0.005664411,0.008286957,0.002403059,0.002153648,0.009749603,0.002614534,0.002926428,0.002376695,0.011684463,0.013129003,0.01864746,0.003437725,0.004701483,0.002002663,0.01713438,0.002406319,0.002704238,0.02575013,0.037578471,0.082640365,0.014145075,0.011110138,0.051053282,0.068573281,0.0084674,0.007887176,0.039601494,0.0476765,0.010409435,0.007951743,0.003936359,0.002154916,0.00260591,0.003287137,0.003112736,0.002730905,0.00262097,0.003047534,0.017695056,0.020974569,0.002813215,0.003846674,0.002820886,0.028499536,0.020236056,0.002827583,0.002150672,0.009429677,0.01021022,0.000869661,0.001044973,0.014141664,0.016323745,0.019188104,0.01913056,0.021079887,0.022573277,0.021672495,0.029652521,0.028906791,0.015252796,0.017537398,0.01292304,0.014334933,0.007289709,0.007097538,0.007122759,0.007997553,0.007633864,0.006803296,0,0,0,0,0,0,0,0,0,0,0,0,0,0,0,0
Head 1,112,6.31E-05,3.19E-05,7.84E-05,0.000131498,0.000202596,0.000192302,0.000139335,0.000126946,0.000154093,0.000135903,0.0001286,0.000161692,0.00020553,0.000179246,0.000155064,0.000167487,0.000194471,0.000202639,0.000298089,0.0003688,0.000686074,0.001753122,0.000734257,0.000570897,0.002642356,0.000507661,0.000528792,0.000419733,0.001325307,0.002209884,0.002885086,0.002492507,0.002404963,0.000846834,0.00067428,0.000439258,0.00042772,0.00039332,0.001081939,0.001505773,0.000756952,0.00109532,0.005107553,0.007373933,0.001927758,0.001921074,0.00874362,0.002943303,0.003193584,0.002370757,0.011940391,0.013622088,0.019767502,0.003469018,0.004966518,0.002195613,0.016060865,0.002261584,0.002280459,0.021779388,0.032159518,0.076248348,0.012053034,0.010422681,0.051994182,0.067148224,0.007807415,0.007192178,0.042520549,0.052233811,0.011122866,0.009194581,0.004715113,0.002415072,0.002544786,0.002876918,0.00261433,0.002394055,0.002570349,0.003325448,0.018384419,0.021697531,0.002934589,0.003744622,0.00265137,0.031070625,0.023991453,0.003247953,0.002688937,0.00942927,0.009015035,0.000787318,0.000865028,0.013087279,0.015908413,0.019361215,0.019314399,0.020823328,0.02188281,0.020706117,0.027882343,0.027333528,0.014825209,0.018388908,0.01461619,0.016550964,0.008462145,0.007737247,0.007455115,0.008324693,0.008131172,0.007318181,0.006204295,0,0,0,0,0,0,0,0,0,0,0,0,0,0,0
Head 1,113,7.64E-05,3.08E-05,6.46E-05,0.000107135,0.000180002,0.000190815,0.000146571,0.000128368,0.000140615,0.000114727,0.000111564,0.000154353,0.000219141,0.000204957,0.00017743,0.000179341,0.000190834,0.00018129,0.000245723,0.000292233,0.000549608,0.001601348,0.000727215,0.000568255,0.002497402,0.000508067,0.000519913,0.000399384,0.00141689,0.002411152,0.003241449,0.002803743,0.00257885,0.000894232,0.00060984,0.000376982,0.000370361,0.000356542,0.001022925,0.001373281,0.000753616,0.001046107,0.004501134,0.006558381,0.001588764,0.001710649,0.008282904,0.003263003,0.003674275,0.002712554,0.012048004,0.014150403,0.021207236,0.003382067,0.005085697,0.002467252,0.015904121,0.002453419,0.002227476,0.018619318,0.026561726,0.064309277,0.009504714,0.009505335,0.055700496,0.071548015,0.008209692,0.007081554,0.043479741,0.055064183,0.010836927,0.010213095,0.00580376,0.003060005,0.002946968,0.002898445,0.002343361,0.002034062,0.002270736,0.003281849,0.018620713,0.022351859,0.003312831,0.003911906,0.002618868,0.031877209,0.026316328,0.003433815,0.00322508,0.010760933,0.009022501,0.000833632,0.000811092,0.011126378,0.014301541,0.018512798,0.019070884,0.020520817,0.021246608,0.01995312,0.026245244,0.025476644,0.013770239,0.017752353,0.015178763,0.018326342,0.010135193,0.008906099,0.008052495,0.008600467,0.008411258,0.007761725,0.006660602,0.006638971,0,0,0,0,0,0,0,0,0,0,0,0,0,0
Head 1,114,9.70E-05,3.55E-05,6.05E-05,8.85E-05,0.000146337,0.00016865,0.00014615,0.000135992,0.000142421,0.000103888,9.38E-05,0.000132195,0.000208319,0.000219911,0.000205303,0.000206708,0.00020603,0.000178403,0.000218839,0.000240884,0.000436314,0.001522354,0.000663679,0.000523635,0.00222935,0.000541604,0.000539281,0.000392493,0.001524294,0.002606393,0.003607807,0.00321482,0.002959421,0.001081966,0.00061445,0.00034221,0.000316391,0.000305811,0.000954083,0.001270935,0.000732136,0.000985808,0.003770996,0.005644975,0.001343864,0.001494825,0.008089717,0.003183022,0.003919808,0.003158857,0.011689488,0.014422778,0.022607684,0.00319709,0.00483838,0.002564672,0.01615715,0.00280075,0.002398141,0.016581904,0.022240059,0.052246552,0.007134631,0.008080741,0.058591958,0.07911402,0.008836355,0.007137503,0.042618267,0.054874264,0.009680212,0.010264677,0.006521444,0.003828549,0.00371698,0.003328776,0.002342905,0.001780962,0.001861012,0.002836218,0.018165834,0.022395372,0.003759729,0.004211581,0.002674479,0.032185566,0.027451541,0.003374356,0.003519273,0.013422824,0.0104619,0.000984822,0.000849433,0.009168013,0.012024158,0.016604347,0.018266542,0.020313812,0.020955302,0.019538216,0.025199244,0.024197869,0.012935345,0.016633011,0.014761917,0.019231746,0.012102677,0.010915522,0.009478411,0.009489577,0.008928607,0.008264233,0.007323852,0.007314561,0.007595662,0,0,0,0,0,0,0,0,0,0,0,0,0
Head 1,115,0.000111622,4.39E-05,6.67E-05,8.31E-05,0.000121519,0.000137245,0.000129567,0.000136517,0.000151912,0.000105676,8.52E-05,0.00011101,0.000178688,0.000209032,0.000220434,0.000239949,0.000238519,0.000194298,0.000215707,0.000213836,0.000358834,0.001418094,0.00054678,0.00044672,0.001956399,0.000570459,0.000562777,0.000407438,0.001633968,0.002743538,0.00386861,0.00355806,0.003362286,0.00136024,0.000701079,0.000349283,0.00028577,0.000259049,0.000844052,0.001143739,0.000671126,0.00092297,0.003187632,0.004842694,0.001227646,0.001361813,0.007944301,0.002769729,0.003774026,0.003448253,0.011015117,0.014227422,0.023191787,0.003109532,0.004484218,0.002439981,0.016740002,0.003129306,0.002727575,0.015755665,0.019825593,0.043628097,0.005565426,0.006667057,0.05742282,0.083664514,0.008835576,0.007184768,0.042362828,0.053811315,0.008699606,0.009721918,0.006565243,0.004384163,0.004691701,0.004229032,0.002741607,0.001805535,0.00163189,0.002362006,0.017437281,0.021966035,0.004116629,0.004648494,0.002907272,0.032974046,0.028434711,0.003315019,0.003614104,0.01646998,0.013040854,0.001225555,0.000976556,0.007995618,0.009902131,0.013882618,0.016369684,0.019530822,0.020691697,0.01927264,0.024557589,0.023356125,0.012529124,0.015687378,0.013855973,0.018805018,0.013177885,0.013019457,0.011565981,0.011101959,0.009815574,0.008746848,0.00784157,0.008046502,0.008334856,0.008643379,0,0,0,0,0,0,0,0,0,0,0,0
Head 1,116,0.000115281,5.22E-05,8.19E-05,9.21E-05,0.000115042,0.000114906,0.000105691,0.00012235,0.000154425,0.000114327,8.72E-05,0.000101048,0.000150237,0.000179064,0.000208803,0.000258211,0.000277417,0.000227589,0.000236406,0.000210211,0.000318476,0.001244044,0.000426692,0.000367055,0.001802303,0.000565906,0.000561293,0.000435007,0.001714362,0.002857997,0.004117893,0.003893069,0.003775841,0.001655744,0.000863717,0.000406351,0.000290162,0.0002319,0.000718572,0.000984725,0.000573728,0.000847037,0.002817317,0.004265939,0.00119121,0.001287382,0.007545516,0.002292318,0.003356336,0.00337369,0.010516221,0.013962484,0.023267711,0.003306748,0.004366198,0.002256961,0.017979072,0.003291471,0.003075879,0.015857726,0.019002605,0.038882717,0.004808412,0.005594871,0.051873345,0.080360636,0.007786929,0.00694741,0.04420504,0.054814141,0.008483126,0.009192456,0.006155245,0.004468399,0.005404304,0.005355658,0.003523432,0.002136055,0.001655702,0.002075687,0.016539382,0.021139005,0.004110897,0.004955668,0.003228898,0.033858065,0.029587306,0.003356706,0.003589902,0.018709777,0.015984435,0.0015015,0.001188531,0.007962763,0.008688659,0.011386809,0.013707048,0.017653303,0.01991426,0.01895546,0.024277259,0.022880785,0.012418396,0.015178506,0.013083026,0.01765034,0.012821891,0.014242229,0.01385654,0.013577927,0.011515574,0.00964867,0.008361843,0.008676673,0.009162761,0.009458675,0.008777909,0,0,0,0,0,0,0,0,0,0,0
Head 1,117,0.000112257,5.48E-05,9.72E-05,0.000110035,0.000125534,0.000108374,8.75E-05,9.98E-05,0.000138542,0.000116934,9.45E-05,0.000102988,0.000135164,0.000148138,0.00017424,0.00023777,0.000289659,0.000259649,0.000271339,0.000224695,0.00030634,0.000997979,0.00032894,0.000292123,0.001714296,0.000494954,0.00049904,0.000430772,0.00164861,0.002829991,0.004215141,0.004126353,0.004077282,0.001782215,0.001015316,0.000496128,0.000328167,0.000229483,0.000618514,0.000821454,0.000461088,0.000736918,0.002524395,0.003785358,0.001145635,0.001195699,0.00658765,0.001902434,0.002837002,0.002919793,0.010124826,0.013495542,0.022519536,0.003714235,0.004491297,0.002113028,0.019334016,0.003124994,0.003139354,0.016361997,0.019098362,0.036803767,0.004598934,0.004903614,0.04463587,0.070279844,0.00605325,0.006222406,0.047780886,0.059272192,0.008904242,0.008925176,0.00567954,0.004146978,0.005428919,0.006094835,0.004443679,0.002750695,0.001966842,0.002089561,0.015615504,0.020202206,0.003702967,0.004913238,0.003494639,0.034412496,0.030791458,0.003561632,0.003581313,0.019642791,0.018109871,0.001686934,0.001437889,0.009299724,0.008841224,0.010100408,0.011345099,0.014989739,0.018185558,0.018270627,0.024276009,0.022900287,0.012483742,0.015198126,0.012895914,0.016826622,0.011558366,0.013972017,0.015316146,0.016376501,0.014154937,0.011404686,0.009297584,0.009383252,0.009996138,0.010510462,0.009745183,0.008682129,0,0,0,0,0,0,0,0,0,0
Head 1,118,0.000112147,5.23E-05,0.000102486,0.000125666,0.000145311,0.000115587,8.00E-05,8.06E-05,0.000110425,0.000103151,9.55E-05,0.000110138,0.000135011,0.000131339,0.000141567,0.000193714,0.000260517,0.000266294,0.000303773,0.000253547,0.000321897,0.000776026,0.000272394,0.00023198,0.001587057,0.000386147,0.000400738,0.000378654,0.001445411,0.002642583,0.004071929,0.004176955,0.004225297,0.00169922,0.001065788,0.000580457,0.000392884,0.000255826,0.000577564,0.000710618,0.000371674,0.00060856,0.002214596,0.00330576,0.001046502,0.001074748,0.00536747,0.001661869,0.002402491,0.002370821,0.009680584,0.012830029,0.02137698,0.004173558,0.004811854,0.002111741,0.020032927,0.002790719,0.002878563,0.016964026,0.019606959,0.036159385,0.004779234,0.004612163,0.038194664,0.058661036,0.004455929,0.005163786,0.050420322,0.065360442,0.009431225,0.008906949,0.005433805,0.003766041,0.004941601,0.006024308,0.005007663,0.003452821,0.002538929,0.00243261,0.014720819,0.019091472,0.003104202,0.004431888,0.003456816,0.034352913,0.031450626,0.003908329,0.003667609,0.020157786,0.019067787,0.001698551,0.001625153,0.011928035,0.010515028,0.010423576,0.010123516,0.012515387,0.015630025,0.016729638,0.023725679,0.022944955,0.012427626,0.015335971,0.013025999,0.016508026,0.010249871,0.012593371,0.01512741,0.01818415,0.01709469,0.014075515,0.010998649,0.010496188,0.010910828,0.011599016,0.010999659,0.009807002,0.008752323,0,0,0,0,0,0,0,0,0
Head 1,119,0.000122265,5.15E-05,0.000100848,0.000132704,0.000165686,0.000134175,8.59E-05,7.42E-05,8.94E-05,8.24E-05,8.51E-05,0.00011276,0.000145237,0.000133832,0.00012883,0.000160361,0.000217232,0.000245532,0.000318563,0.000292126,0.000370284,0.000659168,0.00026385,0.00019734,0.001382762,0.000293916,0.000317948,0.000311086,0.001255411,0.002446051,0.003820977,0.004100721,0.004317799,0.001571964,0.001048039,0.000633096,0.000473129,0.000316722,0.00061501,0.00069014,0.000332138,0.000506553,0.001904583,0.002841443,0.000914842,0.000971536,0.004456072,0.001586324,0.002189259,0.002031804,0.009167917,0.012113261,0.020471243,0.004496577,0.005276506,0.00233005,0.019899053,0.002595756,0.002575524,0.017894283,0.020604733,0.036612842,0.005258877,0.004776795,0.033962473,0.049915325,0.003450757,0.00419037,0.049506608,0.068620555,0.009321887,0.008986918,0.005518585,0.0036314,0.004521995,0.005529897,0.005027642,0.003958929,0.003250685,0.003140026,0.01421838,0.017934926,0.002671438,0.003834971,0.003107037,0.033796862,0.031203195,0.004330728,0.003930138,0.021455474,0.019715972,0.001617438,0.0016906,0.014963467,0.013400189,0.012308803,0.01023603,0.010935022,0.012911548,0.014202142,0.021543559,0.022018833,0.01200329,0.015157462,0.013028007,0.016406452,0.009420929,0.011056959,0.013615929,0.017890746,0.01880672,0.016857829,0.013399836,0.012221715,0.012027629,0.012475438,0.0119416,0.010939632,0.009738473,0.00867849,0,0,0,0,0,0,0,0
Head 1,120,0.000138216,5.63E-05,0.000102042,0.000135301,0.000179832,0.000157199,0.000103722,8.21E-05,8.42E-05,6.84E-05,6.99E-05,0.000104023,0.000152764,0.000149231,0.000136749,0.000150448,0.000186131,0.000211654,0.000301572,0.000315764,0.000432017,0.000644484,0.000295657,0.000186243,0.001130719,0.00023331,0.000260796,0.000250909,0.001157413,0.002335545,0.003602628,0.00393592,0.004353238,0.001506957,0.001032304,0.000645458,0.000536213,0.000397887,0.00072482,0.000765869,0.000348167,0.000453883,0.001632043,0.002394637,0.00076608,0.000882335,0.003915915,0.001577611,0.002123934,0.001905712,0.008387001,0.01113656,0.019500921,0.004434382,0.005643104,0.002706794,0.019131558,0.002693499,0.002451173,0.019224979,0.022292117,0.038569808,0.00584449,0.005286781,0.031848591,0.044795886,0.002974739,0.003490553,0.044986635,0.06548731,0.008130258,0.00876832,0.005686736,0.003733531,0.004423424,0.00512878,0.004727124,0.004077809,0.003800233,0.004075943,0.014607887,0.017237954,0.002620084,0.003475271,0.002673958,0.032962952,0.030308338,0.004670262,0.004350258,0.023682062,0.020972325,0.001575011,0.001648447,0.017048953,0.016478797,0.015436643,0.011786927,0.010728993,0.011053001,0.01154646,0.017954411,0.019562338,0.011129319,0.014553386,0.01276003,0.016346054,0.009209259,0.010129328,0.012022193,0.016172588,0.018550372,0.018620955,0.016096974,0.014833663,0.01391838,0.01364094,0.012660399,0.011737975,0.010707525,0.009486552,0.00828948,0,0,0,0,0,0,0
Head 1,121,0.000142295,6.27E-05,0.000106784,0.000134971,0.000179202,0.000166263,0.000120289,9.71E-05,9.08E-05,6.29E-05,5.62E-05,8.39E-05,0.000138388,0.000155362,0.000152043,0.000158353,0.000173955,0.000181901,0.000260351,0.000300141,0.000462118,0.000690184,0.000358344,0.000195218,0.000894175,0.000204084,0.000220291,0.000202109,0.001100539,0.002251832,0.003402789,0.003626011,0.004149646,0.00150064,0.001031972,0.000620233,0.000539653,0.000446979,0.000854197,0.000913177,0.00042017,0.00045409,0.001436067,0.00202149,0.000627773,0.000778143,0.003527633,0.001508224,0.002050164,0.001861571,0.007184341,0.009653706,0.01765522,0.003881881,0.005475517,0.002945394,0.017860223,0.003067273,0.002542618,0.020107144,0.024136627,0.041914571,0.006252,0.005783175,0.030811187,0.041864846,0.002886633,0.003058837,0.038288441,0.0563647,0.006279733,0.007830746,0.005473888,0.003828087,0.004547965,0.005014376,0.00441717,0.003872973,0.003905248,0.004790218,0.016446985,0.01786058,0.003071086,0.00350337,0.002373825,0.031892534,0.029253397,0.004661659,0.004663914,0.026027415,0.023243459,0.001676698,0.001595943,0.017768675,0.01857191,0.019050019,0.014919068,0.012352764,0.010841226,0.009912949,0.014600141,0.016297659,0.009852164,0.013480861,0.012148432,0.016069122,0.009416237,0.009952269,0.011061964,0.0142619,0.016752638,0.018354276,0.017816756,0.017849948,0.016937876,0.015879873,0.013922412,0.012576823,0.011657062,0.010560308,0.009164836,0.008830808,0,0,0,0,0,0
Head 1,122,0.000123079,6.35E-05,0.000111384,0.000135473,0.00017348,0.000162052,0.000126027,0.000110684,0.000105073,6.65E-05,5.01E-05,6.60E-05,0.000109415,0.00013673,0.00015225,0.000167217,0.000172655,0.00016084,0.000210279,0.000240532,0.000403846,0.000704376,0.000380968,0.00020424,0.000720212,0.000183097,0.000181035,0.000157519,0.001007319,0.002054588,0.003138161,0.003223084,0.003687707,0.001430614,0.001011158,0.000568407,0.000481827,0.000418779,0.00093495,0.001054863,0.000509757,0.000493661,0.001354171,0.001769423,0.000500854,0.000637376,0.003083923,0.001264057,0.001826396,0.001727873,0.005846732,0.007813383,0.014635944,0.002988813,0.004703372,0.002728403,0.016628396,0.003425117,0.0027425,0.019895302,0.025181752,0.045368683,0.006082104,0.005877659,0.031111211,0.040522009,0.002967615,0.002862831,0.032638181,0.046237987,0.00447883,0.006328369,0.004612545,0.003535506,0.004473814,0.004949228,0.004148064,0.003494376,0.003554123,0.00477421,0.019408014,0.019815024,0.003890235,0.003924027,0.002307821,0.030407574,0.02832761,0.004176491,0.004603469,0.027094977,0.025721919,0.001942591,0.00163412,0.018099129,0.019390061,0.021763327,0.018931907,0.015907506,0.012616258,0.009843088,0.012808729,0.013541057,0.008434586,0.012078134,0.011350826,0.015594551,0.009519167,0.010164023,0.010804623,0.013011078,0.014718662,0.016514931,0.017519644,0.019826448,0.020423265,0.01938818,0.016322587,0.013996804,0.0127562,0.011752809,0.010422116,0.009928579,0.006953322,0,0,0,0,0
Head 1,123,0.000106104,5.96E-05,0.000115522,0.000141368,0.000175348,0.000157231,0.000122505,0.000115859,0.000119977,7.76E-05,5.32E-05,5.92E-05,8.71E-05,0.000108929,0.000136061,0.000171662,0.00018803,0.000168687,0.000198497,0.000207189,0.000348001,0.00069275,0.000409663,0.00023898,0.000672542,0.000203685,0.000170216,0.000140087,0.000879803,0.001842943,0.002976734,0.003020603,0.003376681,0.001454664,0.001037228,0.000582112,0.00046491,0.000390762,0.000983857,0.001175606,0.000641194,0.000613427,0.001421095,0.001736797,0.000462168,0.000538859,0.002623354,0.001054381,0.001621615,0.001615236,0.004935593,0.0065157,0.012036949,0.002490673,0.004087958,0.002402884,0.01609729,0.003810192,0.003101255,0.018420946,0.024717754,0.047046613,0.005842306,0.005637528,0.031701259,0.039384812,0.003301633,0.002964539,0.028281484,0.038029891,0.00346318,0.005040964,0.003682151,0.003054061,0.00421335,0.004963337,0.004145685,0.003345333,0.003284776,0.004444888,0.022965243,0.023297824,0.005135589,0.004844612,0.002625516,0.02774155,0.026379492,0.003538246,0.004145716,0.02556164,0.026505597,0.002380372,0.001882444,0.018784374,0.019559249,0.022645338,0.021880239,0.020196367,0.016008697,0.011174821,0.01251492,0.011588913,0.006874172,0.010005264,0.009857575,0.014118109,0.009057572,0.010189993,0.010854316,0.012507116,0.013309155,0.014366185,0.015528303,0.01929732,0.022394324,0.022990279,0.019597856,0.016079763,0.013944825,0.01263609,0.011431951,0.011165929,0.007801383,0.008231252,0,0,0,0
Head 1,124,9.05E-05,5.15E-05,0.000109363,0.000139876,0.000177579,0.000156026,0.000117284,0.000112076,0.000124881,8.78E-05,6.15E-05,6.15E-05,7.68E-05,8.53E-05,0.000106574,0.000150358,0.000186887,0.000178315,0.000200442,0.000186226,0.000284942,0.000610188,0.000358197,0.000242121,0.000660271,0.000217906,0.000162036,0.000125164,0.000687027,0.001468769,0.002570315,0.002756595,0.003054877,0.001298446,0.000949226,0.000575494,0.000451576,0.000356273,0.001003564,0.001205901,0.000674048,0.000719646,0.001575313,0.001840115,0.000458262,0.00046075,0.002180975,0.000819102,0.001341137,0.001394567,0.004321199,0.005562485,0.009864742,0.002113674,0.003506763,0.001966389,0.015639277,0.00360743,0.003221397,0.016703412,0.02299667,0.045274638,0.005365328,0.005106502,0.033856511,0.040298946,0.003547216,0.003202832,0.026208442,0.033345245,0.002873549,0.004050836,0.002812432,0.002390064,0.003553431,0.004591777,0.004056811,0.003257639,0.003088723,0.003980342,0.025081687,0.026670055,0.005759774,0.00588303,0.003238908,0.025821019,0.02447599,0.00301149,0.003545645,0.023116304,0.025334146,0.002675801,0.002264119,0.020399349,0.020438591,0.022972811,0.023173882,0.023711286,0.02044867,0.014138584,0.014353801,0.011406345,0.005912593,0.008231487,0.008293291,0.012320704,0.007936587,0.009588677,0.010730266,0.012427517,0.012672986,0.01284924,0.013332381,0.017002197,0.021672316,0.024955936,0.023032386,0.019089673,0.015867578,0.013710983,0.012196063,0.012125603,0.008759417,0.009092493,0.006950133,0,0,0
Head 1,125,8.20E-05,4.53E-05,9.88E-05,0.000131993,0.000177457,0.00015933,0.000117101,0.000107619,0.000121316,9.20E-05,7.07E-05,7.07E-05,7.92E-05,7.47E-05,8.32E-05,0.000118476,0.000164072,0.000178643,0.000214002,0.000190417,0.000259188,0.000537359,0.00030386,0.000222657,0.000662541,0.000232505,0.000167473,0.00012219,0.00051834,0.001124135,0.002072287,0.00244504,0.002813728,0.001079162,0.000793764,0.000551217,0.0004583,0.00035253,0.001028704,0.001202301,0.000627601,0.000766906,0.001759922,0.002062983,0.000515646,0.000435639,0.001861567,0.000659284,0.001077617,0.0011433,0.003844025,0.004906406,0.008387526,0.001932092,0.003108612,0.001636893,0.014528879,0.00299008,0.002990715,0.015322631,0.021032726,0.041683022,0.005188895,0.004658479,0.036036741,0.042732295,0.003651318,0.003440753,0.025172813,0.030675124,0.002675952,0.003460204,0.002207835,0.001795581,0.00274207,0.003819945,0.003707172,0.00314459,0.003009227,0.003698068,0.024890175,0.028331641,0.005490427,0.006568807,0.003985804,0.025302947,0.022805575,0.002824312,0.003055017,0.020702954,0.022746701,0.0025269,0.002530649,0.022040665,0.02219571,0.023941122,0.023535354,0.025248434,0.024112923,0.01800783,0.018133573,0.012988395,0.005657574,0.007033695,0.006785569,0.01016236,0.006464118,0.008309879,0.010023674,0.012284795,0.012604865,0.012262072,0.011949656,0.014577014,0.019049136,0.024158092,0.025085198,0.022497496,0.018869516,0.015654368,0.01328325,0.012987333,0.009650117,0.010223384,0.007776899,0.006268504,0,0
Head 1,126,7.94E-05,4.44E-05,9.35E-05,0.000124839,0.000173262,0.00016219,0.000122759,0.000109508,0.000118854,9.18E-05,7.66E-05,8.30E-05,9.28E-05,7.90E-05,7.55E-05,9.68E-05,0.000134891,0.000164166,0.000225807,0.000216734,0.000280136,0.000524808,0.00029747,0.000205664,0.000659905,0.000258995,0.000197119,0.000141489,0.000431065,0.000920733,0.001649695,0.002085712,0.00259633,0.000913521,0.000661728,0.000518884,0.000481691,0.000391642,0.001078564,0.001240551,0.000592331,0.000780048,0.001936929,0.002349025,0.000665613,0.00049684,0.001745463,0.000615041,0.000917054,0.000961301,0.003396183,0.004424601,0.007526456,0.00194126,0.002983097,0.001534191,0.01282789,0.002481904,0.002689502,0.014890755,0.020082945,0.039157573,0.00574327,0.004663466,0.036670838,0.045689996,0.003705754,0.00359767,0.024550313,0.028901458,0.002827094,0.003309917,0.001939102,0.001442514,0.002137139,0.003036526,0.003192053,0.002959952,0.003004254,0.003707606,0.023472153,0.02800256,0.004994128,0.006839123,0.004697362,0.026940174,0.022173516,0.003192356,0.002966817,0.018823089,0.019849712,0.00206121,0.002433114,0.0218702,0.023500884,0.025518145,0.024019251,0.025213372,0.025375426,0.020955889,0.022527952,0.015990352,0.006143213,0.006561445,0.005611213,0.008012488,0.005033671,0.006650195,0.008558176,0.011325891,0.01224124,0.01201458,0.011341319,0.012907312,0.016135715,0.021099035,0.02415657,0.024260743,0.021845495,0.018190337,0.014730697,0.013637948,0.009997997,0.010843051,0.008545157,0.006839776,0.007923624,0
Head 1,127,3.52E-05,1.76E-05,3.97E-05,5.38E-05,7.54E-05,6.93E-05,5.34E-05,4.98E-05,5.58E-05,4.16E-05,3.44E-05,4.04E-05,4.91E-05,4.22E-05,3.75E-05,4.32E-05,5.58E-05,6.80E-05,0.000105842,0.000112672,0.000158901,0.00030448,0.000210298,0.000100409,0.000354212,0.000182241,0.000115222,8.41E-05,0.000198465,0.000534509,0.000888361,0.000997309,0.001286061,0.000498237,0.000236109,0.000188526,0.000178673,0.000152895,0.000422445,0.000616559,0.000299715,0.000322777,0.000971592,0.00150942,0.00046074,0.000255225,0.000917024,0.000358261,0.000384377,0.000382944,0.001467673,0.002233616,0.003993826,0.000904722,0.001078705,0.00054544,0.005069506,0.000982978,0.000932041,0.006528775,0.009953469,0.02306542,0.003479766,0.001953262,0.016358089,0.026256911,0.002025661,0.001432894,0.011313066,0.01544777,0.001751156,0.00143493,0.000802417,0.000530841,0.000745761,0.001023969,0.001048119,0.000983737,0.001046313,0.001414852,0.014079763,0.019951042,0.002926261,0.003259476,0.002528562,0.02596342,0.02113414,0.002665521,0.001798085,0.019440662,0.021016007,0.00122178,0.001352468,0.021251034,0.026746463,0.033434473,0.032761607,0.033643868,0.034549907,0.030902784,0.037720848,0.028852498,0.009961351,0.009683343,0.006762646,0.008844618,0.005246832,0.006663603,0.008374418,0.011532751,0.012954501,0.013189355,0.012649258,0.014431961,0.017934252,0.023784939,0.028423142,0.031331219,0.031430066,0.02853651,0.024609908,0.023739912,0.017188018,0.020418206,0.016920777,0.014262556,0.017467657,0.006001159
Head 1,128,1.65E-05,3.78E-05,5.10E-05,7.01E-05,6.45E-05,5.21E-05,5.08E-05,5.73E-05,4.24E-05,3.44E-05,4.14E-05,5.41E-05,4.97E-05,4.34E-05,4.52E-05,5.10E-05,5.68E-05,8.89E-05,0.000103198,0.000158208,0.000309497,0.000209887,8.86E-05,0.000317154,0.000153941,0.000105685,8.36E-05,0.000192487,0.000486867,0.000725727,0.000755486,0.00099003,0.000392178,0.000188479,0.000145628,0.00014396,0.000135279,0.000357256,0.000552567,0.000274059,0.000274621,0.000888581,0.001425006,0.000471901,0.000276487,0.000922156,0.000377325,0.000347775,0.000319987,0.001156003,0.001762771,0.003166458,0.000739716,0.00087029,0.000456858,0.003634349,0.000756006,0.00068668,0.005328064,0.008227005,0.019214956,0.003264185,0.001776103,0.012553316,0.021579085,0.001707967,0.001171294,0.010242704,0.013975224,0.001798678,0.001398846,0.000772891,0.00047602,0.000613947,0.000782278,0.000772012,0.000740488,0.00082398,0.001189315,0.011886436,0.01647885,0.002455925,0.002608564,0.002077631,0.026131196,0.021303995,0.002994752,0.001909092,0.018320402,0.019565899,0.000995639,0.001023824,0.018756283,0.024797151,0.033277564,0.033802748,0.033741653,0.033576649,0.030661872,0.040073574,0.034353036,0.013172732,0.012538407,0.007970059,0.009269564,0.005090929,0.006091712,0.007499362,0.010502018,0.012378199,0.01335167,0.013380202,0.015289899,0.017961562,0.022146394,0.025458772,0.028845353,0.0314877,0.031515513,0.029087268,0.028271185,0.020120179,0.023531115,0.020080853,0.017984906,0.022696661,0.006913931,0.001852644
Head 1,129,8.92E-05,0.000116654,0.000148808,0.000133166,0.000110296,0.000111546,0.000128151,9.94E-05,7.94E-05,8.95E-05,0.000116186,0.000115236,0.000107631,0.000109752,0.000111771,0.000108709,0.000150542,0.000174465,0.000276139,0.00054689,0.000383679,0.00018219,0.000525301,0.000261731,0.000201743,0.000174242,0.000356229,0.000720102,0.000954838,0.000934738,0.001190169,0.000625919,0.000353256,0.000259317,0.000252024,0.000250152,0.000561039,0.000867314,0.000571365,0.000555466,0.001330753,0.001929232,0.000852268,0.000578037,0.001361376,0.000715195,0.000605328,0.000509671,0.001260169,0.001762073,0.002961457,0.000960224,0.00119807,0.000713181,0.003554323,0.00113108,0.00101727,0.005266387,0.00768587,0.016178614,0.004295149,0.00258291,0.010362743,0.016932461,0.002285678,0.001575033,0.009955297,0.012919915,0.002604362,0.002115908,0.001265431,0.000797695,0.000937524,0.001078791,0.000987734,0.000916111,0.000996129,0.001440529,0.011227897,0.014775584,0.003224464,0.00315941,0.002530099,0.023741094,0.020111144,0.004031505,0.002770729,0.016903136,0.018067107,0.001318295,0.001182923,0.016311901,0.021016303,0.029103287,0.031914618,0.032755982,0.032048374,0.028842939,0.036627561,0.033740662,0.015871029,0.015296303,0.009650974,0.009837614,0.005324009,0.005842288,0.00679602,0.009200743,0.011131866,0.012773403,0.013870672,0.016738147,0.0195239,0.02248754,0.023911625,0.025875587,0.028633468,0.030682476,0.030834924,0.031267717,0.023234742,0.02599176,0.022479968,0.021001576,0.026654055,0.007976011,0.002491666,0.000490653
Head 1,130,6.49E-05,9.20E-05,7.99E-05,5.91E-05,5.62E-05,6.58E-05,5.27E-05,4.46E-05,5.16E-05,6.73E-05,6.64E-05,6.32E-05,6.58E-05,6.71E-05,6.13E-05,7.92E-05,8.56E-05,0.000142394,0.000293995,0.000262492,0.000111369,0.000342726,0.000173945,0.000109452,9.93E-05,0.000222412,0.000554394,0.000758747,0.000657966,0.000758342,0.000476305,0.0002116,0.000146789,0.00013284,0.000124156,0.000283013,0.000507414,0.000408769,0.000363733,0.000915795,0.001498198,0.000638633,0.000407774,0.000978167,0.000683231,0.00051714,0.000385924,0.00085482,0.001232927,0.002132629,0.000666978,0.000778979,0.00044879,0.002468586,0.000842282,0.000677017,0.003531,0.005758154,0.014369485,0.003791616,0.002065165,0.008126425,0.013966356,0.002029514,0.001101301,0.007895485,0.011590392,0.002361097,0.001639152,0.0009872,0.000580604,0.000641084,0.000700592,0.000595752,0.000524643,0.000572878,0.000870482,0.008173185,0.011906048,0.00271391,0.002279379,0.001846209,0.02144186,0.020467514,0.004142339,0.002784802,0.016615458,0.017323973,0.001376131,0.001027543,0.014618107,0.01895247,0.0270185,0.030737069,0.03343438,0.034698881,0.032160517,0.04222912,0.039631907,0.018669296,0.019722572,0.012691642,0.012578042,0.005918298,0.005824338,0.006222483,0.00819208,0.009862922,0.011381873,0.012353501,0.015382914,0.018895071,0.022444196,0.02371072,0.025444062,0.028299326,0.031532925,0.033988498,0.037266601,0.02767848,0.03048332,0.024431793,0.021813665,0.029624781,0.008201726,0.002038297,0.000301119,0.001374991
Head 1,131,4.77E-05,4.47E-05,3.33E-05,3.09E-05,3.47E-05,2.59E-05,2.19E-05,2.67E-05,3.65E-05,3.67E-05,3.55E-05,3.71E-05,3.83E-05,3.46E-05,4.33E-05,4.36E-05,7.09E-05,0.000167512,0.000162327,5.97E-05,0.000212308,0.000112589,5.45E-05,4.67E-05,0.000135373,0.000440328,0.000643928,0.000526,0.00056867,0.000358228,0.000114043,7.66E-05,6.53E-05,5.77E-05,0.000158623,0.00031161,0.000239769,0.00018939,0.000556833,0.001078175,0.000375272,0.000221416,0.000740774,0.00053973,0.000412419,0.000314647,0.000686752,0.001031247,0.001787359,0.000452153,0.000476121,0.000273605,0.001848465,0.000615194,0.000437289,0.002496928,0.004436633,0.012427632,0.002757624,0.001425919,0.007194353,0.013097007,0.001831674,0.000776912,0.006197568,0.010568364,0.001752976,0.001092499,0.000704838,0.000422738,0.000467813,0.000488051,0.00037798,0.000303586,0.000322871,0.00051443,0.006160714,0.009957942,0.002126018,0.001597209,0.001289935,0.018924071,0.019706547,0.003602444,0.00245551,0.018486405,0.01891,0.001581962,0.001048076,0.013597446,0.018032467,0.025877304,0.028956419,0.031531032,0.033506218,0.032213736,0.044217072,0.042469546,0.019778499,0.02299083,0.01606351,0.017340224,0.007685665,0.006990641,0.006636497,0.007994377,0.009134667,0.010434409,0.011422142,0.014539883,0.018505715,0.022476757,0.023406032,0.02452716,0.026580311,0.029383196,0.032718159,0.0388516,0.030351076,0.035220716,0.027307468,0.022782875,0.030281499,0.009614415,0.001988732,0.000214368,0.001075313,0.010605852
Head 1,132,3.26E-05,2.60E-05,2.55E-05,2.96E-05,2.16E-05,1.78E-05,2.16E-05,2.95E-05,3.01E-05,3.00E-05,3.22E-05,3.38E-05,3.07E-05,3.70E-05,3.48E-05,5.27E-05,0.000144186,0.000122528,4.43E-05,0.00018061,9.62E-05,4.13E-05,3.30E-05,0.000118264,0.000422138,0.000631551,0.000509485,0.000535161,0.000317525,8.93E-05,5.93E-05,4.79E-05,4.01E-05,0.000137181,0.000277771,0.000177094,0.000136593,0.00045609,0.000933119,0.000279839,0.00015986,0.000721863,0.000433743,0.000363395,0.000306335,0.000734904,0.001108791,0.001830424,0.000381788,0.000368389,0.00021124,0.001658263,0.000522544,0.000368813,0.002208198,0.004010233,0.011314707,0.002077659,0.001102348,0.007321348,0.01356273,0.001804517,0.000726639,0.005815235,0.010496074,0.00144224,0.000871613,0.000589706,0.000380408,0.000450127,0.000476293,0.000351403,0.000256434,0.000247016,0.000375286,0.005485284,0.009307136,0.001706989,0.001323532,0.001079871,0.018387051,0.019264461,0.002984952,0.002095916,0.019675069,0.020869823,0.001762923,0.001153819,0.01359863,0.017895626,0.025121709,0.027608471,0.02983229,0.031460643,0.030158507,0.041522816,0.040013283,0.018864607,0.023241842,0.017693212,0.02119796,0.00973499,0.008831443,0.007764997,0.008386802,0.008627986,0.009254441,0.010022719,0.013144976,0.017645186,0.022459112,0.02367221,0.024207849,0.024950562,0.026135124,0.028399648,0.034597334,0.028737674,0.036156382,0.029473402,0.02473367,0.031879731,0.011622758,0.002465585,0.000246235,0.001154701,0.011462431,0.019559102
Head 1,133,2.26E-05,2.34E-05,2.85E-05,2.12E-05,1.74E-05,2.09E-05,2.85E-05,2.92E-05,2.98E-05,3.28E-05,3.53E-05,3.28E-05,3.92E-05,3.53E-05,4.97E-05,0.00013549,0.00010258,3.75E-05,0.000162681,8.93E-05,3.81E-05,2.95E-05,0.000110817,0.000407488,0.000614147,0.000496906,0.000515018,0.000308174,8.56E-05,5.68E-05,4.42E-05,3.51E-05,0.000120507,0.000247867,0.000143539,0.000113851,0.000408976,0.000858023,0.00026061,0.000145547,0.00072081,0.000384427,0.00034736,0.000317149,0.000804038,0.001216753,0.001936973,0.000380583,0.00033364,0.000181359,0.001480302,0.000450507,0.000331479,0.001987137,0.003599859,0.010002428,0.001725957,0.000931398,0.007080007,0.013335922,0.001724395,0.000729825,0.005478793,0.009925195,0.001333228,0.000772556,0.00051687,0.00034673,0.000438845,0.000488386,0.000364399,0.000254378,0.000223939,0.000311943,0.004571787,0.007817815,0.001285105,0.001098569,0.000918748,0.017556177,0.018311106,0.002581657,0.001817841,0.019699425,0.021902088,0.001853293,0.001285897,0.013911824,0.018014221,0.02459003,0.02659357,0.028653052,0.03020669,0.029051859,0.04031349,0.039004687,0.0185373,0.023250947,0.018509427,0.023835368,0.011634291,0.011049596,0.009591908,0.009656934,0.008957395,0.008721328,0.008873424,0.011456922,0.015709959,0.020901827,0.022942783,0.023833618,0.02423683,0.024435438,0.02552774,0.030564865,0.02599011,0.034718316,0.030269692,0.026567614,0.034424875,0.012913351,0.002930639,0.000298196,0.001273659,0.011657375,0.01942135,0.019795379
Head 1,134,1.82E-05,2.35E-05,1.84E-05,1.54E-05,1.85E-05,2.52E-05,2.59E-05,2.66E-05,2.98E-05,3.28E-05,3.13E-05,3.81E-05,3.41E-05,4.57E-05,0.000120432,7.99E-05,2.81E-05,0.000136231,7.02E-05,3.12E-05,2.46E-05,9.82E-05,0.000375069,0.000568851,0.000459515,0.000476581,0.000264546,7.57E-05,5.15E-05,3.95E-05,3.01E-05,9.60E-05,0.000202071,0.000104185,8.45E-05,0.000352808,0.000752162,0.000230479,0.000126093,0.000649007,0.000309549,0.000289156,0.000277536,0.000813622,0.001263923,0.002011917,0.000383472,0.000303649,0.000151946,0.001271549,0.000354558,0.000272855,0.001740655,0.003163776,0.008759208,0.00144949,0.000761412,0.006352085,0.012318565,0.001432786,0.000672562,0.00525776,0.009356068,0.001287048,0.00070229,0.000444394,0.000294936,0.000393095,0.000471839,0.000374559,0.000265589,0.000222423,0.000282948,0.003797161,0.00629159,0.000908071,0.000862517,0.000743442,0.016990745,0.017733663,0.00230725,0.001582537,0.018855395,0.022017278,0.001748124,0.001331522,0.0146271,0.018634181,0.024713786,0.026158864,0.027891347,0.02921729,0.027996838,0.039268397,0.038264267,0.018217629,0.022835953,0.01832271,0.024594352,0.012792788,0.013187238,0.012063098,0.012033248,0.010400577,0.009138775,0.008432616,0.010273862,0.013870005,0.018931465,0.021844042,0.023707574,0.024626425,0.024502734,0.024596242,0.02801957,0.023273027,0.031774841,0.029422509,0.027796209,0.0380021,0.013582403,0.003301933,0.000360989,0.001478257,0.012323473,0.019659167,0.019689634,0.015384899
Head 1,135,1.96E-05,1.64E-05,1.44E-05,1.78E-05,2.42E-05,2.46E-05,2.52E-05,2.86E-05,3.22E-05,3.17E-05,3.97E-05,3.60E-05,4.76E-05,0.000114657,7.40E-05,2.43E-05,0.000123908,5.75E-05,2.65E-05,2.21E-05,9.08E-05,0.000366321,0.000566219,0.000454316,0.00047004,0.000236142,7.07E-05,5.06E-05,3.94E-05,2.96E-05,7.99E-05,0.000168615,8.39E-05,6.79E-05,0.000324689,0.000702117,0.000212378,0.000116117,0.000595394,0.00028137,0.000259726,0.000249073,0.000845585,0.001348008,0.002183154,0.000429678,0.000316118,0.000146207,0.001177406,0.000301265,0.000231195,0.001563982,0.002870643,0.008075908,0.001344635,0.000676913,0.005642635,0.011108399,0.001180184,0.000611054,0.005316158,0.009272232,0.001363186,0.000701556,0.000415965,0.000260029,0.000344102,0.000433906,0.00037177,0.000282205,0.000240767,0.000290852,0.003369341,0.005236884,0.000681993,0.000680582,0.000591814,0.016056474,0.017255543,0.002126979,0.001436942,0.017532447,0.021090889,0.001572009,0.001301463,0.015707703,0.01979496,0.025494287,0.026187001,0.027394654,0.028482422,0.027139748,0.038286857,0.037566792,0.017977951,0.022679709,0.018178282,0.024631936,0.013222299,0.014598636,0.014457591,0.015096981,0.012885352,0.01055148,0.008758185,0.009708628,0.012345674,0.01659118,0.019674912,0.022372359,0.024318391,0.024792559,0.024734166,0.027091643,0.021593824,0.028663583,0.027007107,0.026974788,0.039746322,0.013416745,0.003395725,0.000415477,0.001739663,0.013475988,0.020257404,0.019659258,0.014982953,0.013353494
Head 1,136,1.48E-05,1.37E-05,1.78E-05,2.46E-05,2.51E-05,2.53E-05,2.86E-05,3.26E-05,3.26E-05,4.21E-05,3.93E-05,5.28E-05,0.000117023,8.02E-05,2.46E-05,0.000119795,5.03E-05,2.32E-05,1.97E-05,8.36E-05,0.000359101,0.000578915,0.000467049,0.000482615,0.000220566,6.62E-05,4.96E-05,4.05E-05,3.11E-05,6.94E-05,0.000143108,7.68E-05,5.90E-05,0.000292127,0.000651368,0.000191095,0.000104515,0.000534039,0.000282361,0.000251729,0.000234633,0.000847303,0.001390213,0.002325563,0.000484719,0.000345122,0.000153764,0.001127504,0.00028038,0.000198775,0.001357942,0.002521268,0.007314994,0.001264161,0.00061183,0.004826586,0.009518576,0.000994306,0.00052347,0.004992886,0.008746007,0.001393528,0.000692688,0.000401448,0.000234897,0.000293252,0.00036612,0.000326669,0.000267732,0.000246665,0.000304215,0.002972535,0.004342248,0.000574156,0.000537294,0.000451099,0.013211525,0.015000434,0.001842837,0.00125442,0.015621061,0.018861793,0.001360118,0.001162716,0.015863711,0.020496856,0.026351841,0.026456153,0.026947107,0.027698545,0.02629403,0.037073251,0.036581565,0.017585915,0.022671724,0.018416857,0.025144186,0.013721893,0.015675105,0.016511949,0.018430484,0.016413474,0.01332661,0.0103393,0.010412409,0.012102934,0.015299513,0.017785609,0.02065747,0.023497934,0.025146365,0.025922351,0.028336607,0.02197909,0.027654367,0.025281291,0.025326172,0.039253734,0.013233315,0.003316712,0.000431566,0.001903107,0.014491289,0.021035705,0.019964721,0.01466087,0.012810197,0.009898058
Head 1,137,1.21E-05,1.67E-05,2.43E-05,2.53E-05,2.56E-05,2.86E-05,3.27E-05,3.32E-05,4.39E-05,4.23E-05,5.83E-05,0.000124011,9.01E-05,2.61E-05,0.000118798,4.56E-05,2.08E-05,1.75E-05,7.73E-05,0.000343461,0.000578594,0.000479179,0.00050312,0.000209222,6.21E-05,4.78E-05,4.11E-05,3.31E-05,6.48E-05,0.000126285,7.42E-05,5.49E-05,0.000261682,0.000593056,0.00016465,9.38E-05,0.000506242,0.000288213,0.000257153,0.000236197,0.000880954,0.001461484,0.002519483,0.000542285,0.000401884,0.000178285,0.001181194,0.000287438,0.000186655,0.001249178,0.002268675,0.006625195,0.00116104,0.00057912,0.004406051,0.008633204,0.000879502,0.000477153,0.005049912,0.008922401,0.00142323,0.000745314,0.000434219,0.000242691,0.00028306,0.000335789,0.000297302,0.000254031,0.000251254,0.000326402,0.002951348,0.004056504,0.000526512,0.000469469,0.000369109,0.011261245,0.013159984,0.001525478,0.001116051,0.015077112,0.017865948,0.001190802,0.001044468,0.016284203,0.021539761,0.027822098,0.02735126,0.026985956,0.027186116,0.025593949,0.035983089,0.035648931,0.017122429,0.022535881,0.01858467,0.025633955,0.014049738,0.016195357,0.017748358,0.021116439,0.020070337,0.016860025,0.012772915,0.01194576,0.012592884,0.014525133,0.015863249,0.018054793,0.020916017,0.023366047,0.025212433,0.028409777,0.022127511,0.027067687,0.024017043,0.02365469,0.037299071,0.012853258,0.003137464,0.000415762,0.001950823,0.015155017,0.021678491,0.020450143,0.014566597,0.01234846,0.009306616,0.007019305
Head 1,138,1.35E-05,2.10E-05,2.27E-05,2.33E-05,2.59E-05,2.94E-05,3.00E-05,4.04E-05,4.01E-05,5.72E-05,0.000127292,9.51E-05,2.61E-05,0.000110114,4.07E-05,1.77E-05,1.41E-05,6.53E-05,0.000294437,0.000514105,0.000440392,0.000477478,0.000181918,5.11E-05,3.93E-05,3.54E-05,3.02E-05,5.91E-05,0.000109192,6.87E-05,4.83E-05,0.000208388,0.000477885,0.000123092,7.24E-05,0.000439164,0.000252348,0.000230784,0.000215032,0.000814566,0.001372191,0.00245512,0.000509461,0.00041018,0.000189863,0.001212028,0.000293311,0.000174341,0.001132049,0.001983569,0.005716035,0.000962495,0.000500535,0.003828077,0.007478718,0.000738407,0.000395617,0.00454851,0.008226346,0.001202153,0.000697162,0.000423403,0.000236705,0.000264313,0.000293162,0.00024695,0.00021036,0.000219117,0.000307369,0.002949572,0.003929094,0.000498911,0.00041288,0.000297843,0.009170618,0.010737853,0.001117111,0.000891051,0.014605218,0.017025687,0.000985353,0.000865287,0.015947914,0.021955786,0.029316751,0.028906982,0.027790703,0.027241496,0.025257474,0.035113338,0.03473315,0.016566632,0.022054397,0.018401066,0.025835406,0.014167006,0.016252853,0.01801545,0.022431269,0.022964032,0.020827264,0.016436424,0.015098109,0.014843127,0.015591359,0.015530648,0.016604748,0.018815096,0.021329103,0.023840064,0.02801097,0.022302335,0.02720679,0.0234787,0.022270482,0.034352943,0.012539997,0.002976319,0.000378143,0.001858446,0.015192081,0.02208529,0.021309299,0.015048852,0.012420338,0.009101326,0.006716596,0.005186078
Head 1,139,1.65E-05,1.89E-05,2.02E-05,2.28E-05,2.57E-05,2.60E-05,3.53E-05,3.55E-05,5.22E-05,0.000131421,9.49E-05,2.52E-05,1.00E-04,3.77E-05,1.54E-05,1.13E-05,5.47E-05,0.000243598,0.000432865,0.000381927,0.000432214,0.00015705,4.12E-05,3.07E-05,2.79E-05,2.51E-05,5.41E-05,9.74E-05,6.42E-05,4.30E-05,0.000160009,0.000368572,9.15E-05,5.40E-05,0.000373201,0.000201769,0.000193003,0.000189452,0.000712359,0.001229005,0.002280745,0.000439306,0.000383093,0.000187805,0.001235028,0.000305332,0.000170881,0.00106525,0.001800743,0.005049051,0.000782318,0.000420028,0.003381997,0.006667627,0.000641144,0.000332326,0.003926952,0.007245362,0.000937775,0.000607194,0.000389426,0.000228241,0.000257565,0.000272611,0.000213705,0.000172598,0.000179572,0.000267581,0.002960807,0.00392826,0.000506254,0.00038976,0.000257894,0.007509915,0.008503081,0.000795925,0.00068079,0.013938379,0.016439795,0.000818558,0.000708311,0.014912921,0.021326378,0.029969484,0.030551692,0.029241076,0.027880814,0.025155602,0.034287576,0.033670563,0.015940605,0.021253893,0.017810777,0.025678197,0.014275199,0.016461207,0.018130286,0.022857744,0.024512323,0.024001189,0.020472618,0.019556988,0.018831531,0.0184847,0.016733173,0.016338591,0.017439915,0.019363385,0.021905396,0.026718307,0.021986147,0.027609406,0.023694724,0.021768544,0.032068212,0.012043275,0.002840811,0.000331191,0.001657094,0.014425338,0.021663785,0.02155924,0.015439524,0.012610428,0.008980897,0.006394754,0.004839628,0.002718238
Head 1,140,1.22E-05,1.40E-05,1.68E-05,1.93E-05,1.95E-05,2.64E-05,2.65E-05,3.97E-05,0.000124917,7.87E-05,2.05E-05,8.57E-05,3.23E-05,1.19E-05,8.18E-06,4.31E-05,0.000187793,0.000328356,0.000288774,0.00033938,0.000113981,2.83E-05,2.01E-05,1.77E-05,1.61E-05,4.48E-05,8.37E-05,5.04E-05,3.27E-05,0.00011626,0.00026776,6.16E-05,3.45E-05,0.000291702,0.000125618,0.000124441,0.000131816,0.000549288,0.0009757,0.001853381,0.000300766,0.000272136,0.00013926,0.001152134,0.000266262,0.000149235,0.001000206,0.001677157,0.004575671,0.000580726,0.000303698,0.002841315,0.005743699,0.000500489,0.000250177,0.00318508,0.00596616,0.000631561,0.000433932,0.000289538,0.000183927,0.000226185,0.000245193,0.000183353,0.000136961,0.000134199,0.000200971,0.003024625,0.004130397,0.0005005,0.00036618,0.000229691,0.006531829,0.006928663,0.000546566,0.00047189,0.012594305,0.01586323,0.000645432,0.000551599,0.013688162,0.019670146,0.028814726,0.031092837,0.030674826,0.028939174,0.02526685,0.033572253,0.032528117,0.015422063,0.020367455,0.016780248,0.024386941,0.013514706,0.015935073,0.017438503,0.02173543,0.023489272,0.024205547,0.022644321,0.023917029,0.024386017,0.023817787,0.020216186,0.017881855,0.017390145,0.018153472,0.020119099,0.024961174,0.021228468,0.028114529,0.02477303,0.022702288,0.031984594,0.011343156,0.002755037,0.000302739,0.001545571,0.014301813,0.021885106,0.022051884,0.016295699,0.013696566,0.009853046,0.006761777,0.004894862,0.00266998,0.001211375
Head 1,141,1.12E-05,1.44E-05,1.75E-05,1.80E-05,2.43E-05,2.40E-05,3.58E-05,0.000125521,7.48E-05,2.00E-05,8.90E-05,3.43E-05,1.17E-05,7.91E-06,3.98E-05,0.00016774,0.000283799,0.000242694,0.000285717,9.56E-05,2.40E-05,1.71E-05,1.44E-05,1.27E-05,4.11E-05,8.06E-05,4.70E-05,3.11E-05,0.000102825,0.000229111,5.55E-05,2.88E-05,0.000245466,9.42E-05,9.33E-05,0.000102473,0.000479644,0.00086917,0.001639663,0.000260273,0.000231402,0.000118364,0.001132266,0.000255426,0.000150183,0.001009938,0.001711848,0.00460068,0.000529779,0.000255878,0.002515679,0.005094092,0.000440618,0.00022278,0.002842919,0.005308431,0.000537811,0.000361284,0.00023843,0.000157551,0.000209722,0.000243858,0.00018478,0.000132378,0.000120737,0.000169184,0.003065887,0.004390106,0.000518968,0.00037865,0.00024138,0.006068466,0.006054705,0.000455523,0.000374028,0.010324541,0.014128054,0.000544067,0.000476247,0.013196746,0.018537717,0.027121246,0.030429002,0.031504177,0.030430935,0.026131554,0.033657968,0.031702168,0.015102306,0.019818516,0.016173961,0.023227325,0.01270473,0.015415523,0.017148077,0.021312045,0.022701111,0.023436781,0.022793172,0.026107762,0.029022504,0.029826291,0.025180148,0.020835765,0.018388523,0.017552214,0.018382257,0.022387071,0.019354522,0.026730334,0.024667444,0.023466073,0.033200461,0.010418729,0.002617833,0.000294277,0.001500464,0.01444792,0.022248881,0.021789148,0.01600871,0.013850633,0.010413762,0.007212171,0.005035242,0.00260167,0.001146134,0.000879183
Head 1,142,1.16E-05,1.49E-05,1.62E-05,2.24E-05,2.19E-05,3.20E-05,0.000116018,6.72E-05,1.89E-05,9.53E-05,3.51E-05,1.16E-05,7.94E-06,3.74E-05,0.000155169,0.000255855,0.000212707,0.000242454,7.77E-05,1.99E-05,1.49E-05,1.23E-05,1.03E-05,3.69E-05,7.49E-05,4.07E-05,2.86E-05,9.53E-05,0.000203403,5.15E-05,2.50E-05,0.000195875,7.33E-05,7.13E-05,7.71E-05,0.000432034,0.000796535,0.001489219,0.000234954,0.000203731,0.000101742,0.001090593,0.000228574,0.000143806,0.001004691,0.001729687,0.00467288,0.000504987,0.000223184,0.00228204,0.004508484,0.000372219,0.00019472,0.002553777,0.004798764,0.000480177,0.000307657,0.000195204,0.00012732,0.000176554,0.000221224,0.000177399,0.000128535,0.000113336,0.000147043,0.002895863,0.004409264,0.00046488,0.000355864,0.000241393,0.005903475,0.005644879,0.00040572,0.000310345,0.008162781,0.011523522,0.000426158,0.000399723,0.012995283,0.018107837,0.025912076,0.02902988,0.031000804,0.031235345,0.027222149,0.034640364,0.03151729,0.014636195,0.019140387,0.015728407,0.02250652,0.011965694,0.014733615,0.016771084,0.021124875,0.022302166,0.022619182,0.021861527,0.025946952,0.031141039,0.034885474,0.031200433,0.025759537,0.021354798,0.018587913,0.017828705,0.020487981,0.017335936,0.024310943,0.023266245,0.023166103,0.034389019,0.010049082,0.002513205,0.000295027,0.001466799,0.014519077,0.02302536,0.022244478,0.015727762,0.013420885,0.010362568,0.007548429,0.005410021,0.002720959,0.001133422,0.000846015,0.000736635
Head 1,143,1.14E-05,1.31E-05,1.92E-05,1.93E-05,2.81E-05,0.00010314,5.79E-05,1.64E-05,9.69E-05,3.25E-05,1.09E-05,7.63E-06,3.47E-05,0.000144261,0.000230936,0.000187608,0.000206133,5.86E-05,1.52E-05,1.19E-05,1.02E-05,8.46E-06,3.25E-05,6.73E-05,3.21E-05,2.35E-05,8.76E-05,0.000181803,4.62E-05,2.15E-05,0.000151046,5.82E-05,5.43E-05,5.59E-05,0.000379979,0.000718876,0.001357859,0.000205361,0.000175676,8.67E-05,0.000994981,0.000186935,0.000124396,0.000973305,0.001698439,0.004660054,0.000481705,0.000198219,0.002125456,0.004075803,0.000300266,0.000161608,0.002269767,0.004307973,0.000423457,0.000262977,0.000160302,9.97E-05,0.000137557,0.000180111,0.000154794,0.000118998,0.000107787,0.000135352,0.002624776,0.004188197,0.000375885,0.000305688,0.000222027,0.005992128,0.005564015,0.000383961,0.000273154,0.006652063,0.009075358,0.000309015,0.000315171,0.012533311,0.018083673,0.02578532,0.028207967,0.030006569,0.031098599,0.027994569,0.036090825,0.03225131,0.014353283,0.018482959,0.015210373,0.021794559,0.011325237,0.013926275,0.016158676,0.02086531,0.022262074,0.022372343,0.021160159,0.02490484,0.030900747,0.037303779,0.036368486,0.031833231,0.026374612,0.021697089,0.019025724,0.020047579,0.01589811,0.021822359,0.02111955,0.021763081,0.034256626,0.009944186,0.002384735,0.000281863,0.001336217,0.013394435,0.02263022,0.022840824,0.015937235,0.013123312,0.009957284,0.007475256,0.005645722,0.00289048,0.001152954,0.000834546,0.000707928,0.000501239
Head 1,144,1.06E-05,1.65E-05,1.76E-05,2.64E-05,9.87E-05,5.45E-05,1.47E-05,9.60E-05,3.04E-05,1.08E-05,7.68E-06,3.48E-05,0.000144506,0.000222111,0.000176463,0.000189232,4.80E-05,1.21E-05,9.78E-06,8.85E-06,7.61E-06,3.03E-05,6.43E-05,2.72E-05,1.98E-05,8.42E-05,0.000172936,4.40E-05,2.04E-05,0.000125785,5.26E-05,4.64E-05,4.49E-05,0.000335045,0.000657953,0.001294668,0.000184308,0.000158997,8.08E-05,0.000916641,0.00016312,0.000111282,0.00097203,0.001701022,0.004717527,0.000491115,0.000195057,0.002101368,0.003958901,0.000260198,0.000138733,0.002057575,0.003920086,0.000386144,0.000241741,0.000145382,8.64E-05,0.000114536,0.00014887,0.00013304,0.000109249,0.000105532,0.000136488,0.00241226,0.003895687,0.000315583,0.000262501,0.000197897,0.006314094,0.005771519,0.000396974,0.000268902,0.005922818,0.007420482,0.000230089,0.000245515,0.011359752,0.01759997,0.026171148,0.028413286,0.029545562,0.030604575,0.02832775,0.03744806,0.0337115,0.014525252,0.01813202,0.014666546,0.02092489,0.010950982,0.0132699,0.015462606,0.020367414,0.022277746,0.022674317,0.021293731,0.024398975,0.029901894,0.037209373,0.038909659,0.037040088,0.032412209,0.026639165,0.022006663,0.021194067,0.015291614,0.019804258,0.018715532,0.019465374,0.031915676,0.009850703,0.002288543,0.000262705,0.001152299,0.01113069,0.02015288,0.022322018,0.016353738,0.013281247,0.009653481,0.007124857,0.005569859,0.002992013,0.001189292,0.000843998,0.000701299,0.000484352,0.000365877
Head 1,145,1.43E-05,1.63E-05,2.60E-05,0.000105343,5.77E-05,1.43E-05,9.46E-05,3.00E-05,1.12E-05,8.16E-06,3.88E-05,0.000159067,0.000232533,0.000177602,0.000187172,4.46E-05,1.08E-05,8.37E-06,7.82E-06,7.16E-06,2.94E-05,6.55E-05,2.60E-05,1.78E-05,8.51E-05,0.000176247,4.43E-05,2.13E-05,0.000117956,5.42E-05,4.49E-05,4.12E-05,0.000292858,0.000599008,0.001256226,0.00016431,0.000145189,7.90E-05,0.000864431,0.000157081,0.000106075,0.000997427,0.001752277,0.004914527,0.000523472,0.000208301,0.0021726,0.004105655,0.000249727,0.000124961,0.001916509,0.003609391,0.000358683,0.00023302,0.000143062,8.37E-05,0.000106269,0.000132114,0.000116881,9.95E-05,0.000102516,0.000143352,0.002346218,0.003685431,0.000300421,0.00023717,0.000175503,0.006750771,0.00621962,0.000431864,0.000288824,0.005761276,0.006572911,0.000189048,0.000193804,0.009466328,0.015776582,0.02558721,0.029024914,0.030049453,0.030465651,0.028264521,0.037957706,0.035085615,0.01517117,0.018364226,0.014355891,0.020071913,0.010855556,0.012927257,0.014875841,0.019598857,0.021876987,0.022834912,0.021836994,0.024708407,0.029355753,0.035948824,0.03855348,0.039347306,0.037489932,0.032678444,0.026994647,0.02450346,0.016020488,0.018982269,0.016821144,0.017082797,0.028283935,0.009433182,0.002237609,0.00024862,0.001012646,0.008948223,0.016605962,0.020023389,0.016249366,0.01387307,0.009949797,0.006997314,0.005359647,0.002967682,0.001218374,0.000871262,0.000723639,0.000493842,0.000364562,0.000316914
Head 1,146,1.40E-05,2.37E-05,0.000112293,5.92E-05,1.41E-05,9.14E-05,2.95E-05,1.12E-05,8.40E-06,4.40E-05,0.000178885,0.000252994,0.000183425,0.000188365,4.49E-05,1.03E-05,7.34E-06,6.64E-06,6.27E-06,2.69E-05,6.37E-05,2.53E-05,1.64E-05,8.50E-05,0.00017895,4.25E-05,2.16E-05,0.000116274,5.61E-05,4.52E-05,4.02E-05,0.000244792,0.000509204,0.00112993,0.000135679,0.000124985,7.23E-05,0.000816745,0.000155936,0.000103858,0.000989787,0.001752304,0.004996953,0.000530953,0.000221556,0.002238565,0.004280379,0.00025075,0.000115749,0.001816278,0.003315167,0.000319958,0.000218039,0.000138071,8.23E-05,0.000102792,0.000122177,0.000103173,8.65E-05,9.13E-05,0.000137981,0.002370866,0.003567158,0.000307638,0.000223804,0.000155549,0.006996074,0.006716947,0.000442154,0.000306525,0.005987798,0.00641625,0.000177371,0.000162591,0.007596845,0.012905901,0.022748355,0.028213425,0.03068327,0.031029575,0.0284003,0.037994266,0.035850435,0.016034858,0.01920235,0.014577205,0.019710977,0.01086983,0.01286111,0.014590805,0.018924519,0.02117582,0.02249095,0.022145007,0.025489902,0.029870467,0.035415512,0.037318747,0.039038498,0.039890438,0.037914619,0.033240881,0.030196974,0.018551579,0.020065011,0.016164079,0.015401045,0.024817845,0.008534092,0.002169384,0.000244904,0.000971495,0.007699254,0.013531963,0.016470794,0.014568721,0.013684993,0.010336601,0.007113717,0.005173192,0.002812219,0.001186014,0.000870207,0.000740276,0.000509115,0.000372514,0.000316557,0.000272464
Head 1,147,2.13E-05,0.000117657,6.06E-05,1.49E-05,9.49E-05,3.15E-05,1.12E-05,8.74E-06,4.99E-05,0.000204762,0.000290514,0.000202192,0.000199978,5.05E-05,1.11E-05,7.26E-06,6.04E-06,5.52E-06,2.43E-05,6.04E-05,2.61E-05,1.65E-05,8.72E-05,0.000189155,4.24E-05,2.20E-05,0.0001211,6.11E-05,4.94E-05,4.35E-05,0.000212045,0.000433318,0.00097696,0.00011583,0.000109064,6.48E-05,0.000801785,0.000162456,0.000107934,0.000952984,0.001704772,0.004928011,0.000530358,0.000236107,0.002293521,0.004398385,0.000273281,0.000117243,0.001785974,0.003159616,0.00029854,0.000206623,0.000135253,8.43E-05,0.000106497,0.000124173,9.98E-05,7.95E-05,8.18E-05,0.000127105,0.002449126,0.003593372,0.000342734,0.000230921,0.000150839,0.006793179,0.006961467,0.000430727,0.000316025,0.006305779,0.006646512,0.000197993,0.000159901,0.00627955,0.010123071,0.018325834,0.024800142,0.02969062,0.031474423,0.028899183,0.038100708,0.035924442,0.016745005,0.020305401,0.015365138,0.020073097,0.01097944,0.013001454,0.014617294,0.018592257,0.020534318,0.021770708,0.021816028,0.025924329,0.030908739,0.036026709,0.03667422,0.037602436,0.039282374,0.039981712,0.038276833,0.036964193,0.022848595,0.023281906,0.01703994,0.014793183,0.022407677,0.007445185,0.00201618,0.000242453,0.001002463,0.007526984,0.012140084,0.013743036,0.012214696,0.01241619,0.010337379,0.007471499,0.005286944,0.002725149,0.001136285,0.000845182,0.000744369,0.000528728,0.000392497,0.000332861,0.000281874,0.00032048
Head 1,148,0.000111716,5.38E-05,1.47E-05,0.000100768,3.26E-05,1.07E-05,8.45E-06,5.13E-05,0.000216419,0.000319654,0.000223437,0.000214446,5.59E-05,1.19E-05,7.45E-06,5.67E-06,4.76E-06,2.14E-05,5.32E-05,2.41E-05,1.59E-05,8.51E-05,0.000193275,3.98E-05,2.03E-05,0.000122283,6.06E-05,5.10E-05,4.57E-05,0.000189529,0.000369028,0.000806713,9.70E-05,9.16E-05,5.33E-05,0.000788425,0.000153705,0.000105044,0.000888114,0.00159367,0.004613452,0.000488692,0.000232698,0.002343935,0.004456835,0.000291135,0.000121049,0.001791553,0.003122221,0.000274905,0.000186744,0.000124338,8.09E-05,0.000105449,0.000124414,9.77E-05,7.38E-05,7.21E-05,0.000109203,0.00244625,0.003645256,0.000354798,0.000238801,0.000152548,0.006280109,0.006797135,0.000380552,0.000293021,0.006644546,0.007057304,0.000228044,0.000173348,0.005662446,0.00828565,0.014281252,0.019878194,0.026162704,0.030369876,0.02925417,0.038928721,0.036175199,0.017017206,0.021044452,0.016255599,0.020928269,0.010927927,0.012980746,0.014599339,0.01842754,0.020102765,0.021062488,0.021080032,0.025640178,0.03161687,0.037367173,0.037396666,0.037113745,0.037957888,0.039437559,0.040456418,0.042677294,0.028241482,0.02883498,0.019885495,0.015634827,0.021686189,0.006616462,0.001773728,0.000226072,0.001008683,0.007810412,0.011988341,0.01244539,0.010231813,0.010372303,0.00921029,0.007327183,0.005430839,0.002733148,0.001089749,0.000791866,0.000702805,0.000515849,0.000396154,0.000342147,0.000290836,0.000324398,0.000284573
Head 1,149,4.41E-05,1.35E-05,0.000107726,3.29E-05,1.04E-05,8.08E-06,4.98E-05,0.000215433,0.000331225,0.00024245,0.000232563,5.99E-05,1.26E-05,7.98E-06,5.77E-06,4.40E-06,1.98E-05,4.64E-05,2.04E-05,1.44E-05,7.94E-05,0.000191024,3.76E-05,1.84E-05,0.000122678,5.70E-05,5.04E-05,4.70E-05,0.000180067,0.000330133,0.000676001,8.53E-05,7.86E-05,4.35E-05,0.000758216,0.000132489,9.58E-05,0.000839582,0.001490549,0.004202304,0.000442627,0.000221885,0.002390031,0.004499508,0.000300321,0.000128223,0.001816339,0.003163247,0.000259409,0.000168832,0.000112005,7.49E-05,0.000101502,0.00012378,9.86E-05,7.25E-05,6.72E-05,9.57E-05,0.002313707,0.003600913,0.000332698,0.000243929,0.00016077,0.005825683,0.006376798,0.000334649,0.000258899,0.006977214,0.007542878,0.000252117,0.000198232,0.005614255,0.007462333,0.011647401,0.015461641,0.021249641,0.027028201,0.028390763,0.039913513,0.037270747,0.017344872,0.021636903,0.017099036,0.02210422,0.010881382,0.012925275,0.014586978,0.018426327,0.019956579,0.020650819,0.020404162,0.024889087,0.031487189,0.038412496,0.038880512,0.037942987,0.037371192,0.037831113,0.039552212,0.044619139,0.032407727,0.035238508,0.024488376,0.018098446,0.02289732,0.006333636,0.001559076,0.000199623,0.00092928,0.007746208,0.012142479,0.012277238,0.00925658,0.008725023,0.00761548,0.00650656,0.005305385,0.002798332,0.001092768,0.000765088,0.000657342,0.000483441,0.000382558,0.0003408,0.00029745,0.000335165,0.000289402,0.000238596
Head 1,150,1.30E-05,0.000117589,3.59E-05,1.16E-05,8.76E-06,5.09E-05,0.000225436,0.000349084,0.000268844,0.000266104,6.83E-05,1.43E-05,9.57E-06,6.91E-06,4.99E-06,2.04E-05,4.46E-05,1.86E-05,1.36E-05,7.49E-05,0.000191996,4.11E-05,1.91E-05,0.000129876,5.93E-05,5.34E-05,5.23E-05,0.000189321,0.000333172,0.000635119,9.21E-05,7.93E-05,4.14E-05,0.000717062,0.00011949,9.08E-05,0.000852176,0.001505743,0.004091829,0.000468371,0.000234582,0.002485098,0.00469236,0.000331789,0.000149094,0.001880177,0.003294546,0.000281353,0.000170252,0.000110136,7.34E-05,0.000102264,0.000129312,0.000107565,8.02E-05,7.24E-05,9.70E-05,0.002118479,0.003439712,0.000312467,0.00025502,0.000179725,0.005665492,0.005964841,0.000339333,0.000244683,0.007089262,0.007847102,0.000265667,0.000228515,0.005817799,0.007346054,0.010383517,0.012461968,0.016542418,0.021927891,0.02514392,0.038783669,0.038025837,0.017740237,0.022137143,0.0176844,0.023234684,0.011106293,0.013132174,0.014791298,0.018664692,0.020110801,0.020619558,0.02005372,0.02403173,0.030503446,0.038333178,0.040176105,0.039876506,0.038546465,0.037341505,0.037887894,0.043258037,0.033652153,0.039928827,0.029752273,0.022083497,0.026219727,0.006818032,0.001479963,0.000174743,0.000785246,0.006963526,0.01181221,0.012644331,0.009304747,0.008073208,0.006441574,0.005483277,0.004863298,0.002846689,0.001163955,0.000804897,0.00065718,0.000464813,0.000367496,0.000335256,0.000303409,0.000353235,0.000309825,0.0002531,0.000368398
Head 1,151,0.000111862,3.07E-05,1.09E-05,8.38E-06,5.05E-05,0.000223641,0.000336223,0.000263832,0.000272519,6.48E-05,1.42E-05,9.91E-06,7.39E-06,5.30E-06,2.01E-05,4.16E-05,1.49E-05,1.08E-05,6.44E-05,0.000170661,3.79E-05,1.77E-05,0.000127387,5.27E-05,4.70E-05,4.72E-05,0.000186414,0.000320242,0.000580139,8.87E-05,7.26E-05,3.59E-05,0.000599593,9.07E-05,7.10E-05,0.000832153,0.001492638,0.003991844,0.000454614,0.000222471,0.002391159,0.004609821,0.000301682,0.000146881,0.001919672,0.003372355,0.000282932,0.000161544,9.91E-05,6.35E-05,8.91E-05,0.000115764,0.000101198,7.90E-05,7.21E-05,9.35E-05,0.001870626,0.003056728,0.000248139,0.000226251,0.000169281,0.005797054,0.005788425,0.00034166,0.000226755,0.007086027,0.008087683,0.000235834,0.000221177,0.006225929,0.007742506,0.010227658,0.011044691,0.013390149,0.017216595,0.020521466,0.034876846,0.037253775,0.018061133,0.022873234,0.018143293,0.023980748,0.011078617,0.013015292,0.014689627,0.018625876,0.020145498,0.020709155,0.020035081,0.023635043,0.029541684,0.037453406,0.040470447,0.041611154,0.040856641,0.03875871,0.037816428,0.041903824,0.033155128,0.042206854,0.034616299,0.027587144,0.032902382,0.00812311,0.001591678,0.000170084,0.000696808,0.005983914,0.010463295,0.01210767,0.009411321,0.007994214,0.005842652,0.004607437,0.004094603,0.002585432,0.001151579,0.000834599,0.000668638,0.000449514,0.000342513,0.000309563,0.000285911,0.000346123,0.000315556,0.000263138,0.000376431,0.000255677
Head 1,152,2.27E-05,9.08E-06,7.21E-06,5.02E-05,0.000221902,0.000320089,0.000243897,0.000257322,5.57E-05,1.31E-05,9.30E-06,7.24E-06,5.39E-06,1.95E-05,3.94E-05,1.23E-05,8.29E-06,5.41E-05,0.000142253,3.09E-05,1.51E-05,0.00011843,4.48E-05,3.87E-05,3.86E-05,0.000176486,0.000300289,0.00053007,8.01E-05,6.45E-05,3.08E-05,0.000467659,6.68E-05,5.12E-05,0.00076199,0.001427927,0.003921097,0.000415742,0.000198917,0.002152671,0.004216248,0.000246724,0.00012828,0.001918212,0.003384454,0.000270862,0.000151124,8.78E-05,5.32E-05,7.30E-05,9.50E-05,8.55E-05,7.05E-05,6.71E-05,8.84E-05,0.001677462,0.002643653,0.00018915,0.000180679,0.000136917,0.005931695,0.005754164,0.000335525,0.000212766,0.006837034,0.008082259,0.000194679,0.000187563,0.006669894,0.008428773,0.010907422,0.010963515,0.011907061,0.013943643,0.01602258,0.028683284,0.03339101,0.017481169,0.023373228,0.01869216,0.024838418,0.011180946,0.012926401,0.014474059,0.018302554,0.019887805,0.020669695,0.020136295,0.02372599,0.0291433,0.036533915,0.039840933,0.042251732,0.0431129,0.041496176,0.039772309,0.042247351,0.032493323,0.042190291,0.037242733,0.032790363,0.04200694,0.010388049,0.001958003,0.000193295,0.000712304,0.005466395,0.009018453,0.010715249,0.009022213,0.008054772,0.005739407,0.004168289,0.003458531,0.002177994,0.00103592,0.000810452,0.00067026,0.00044084,0.000321029,0.000279844,0.000256264,0.000317299,0.00030148,0.000262593,0.000385356,0.000258816,0.000126927
Head 1,153,9.34E-06,7.81E-06,6.00E-05,0.000268906,0.000377961,0.000270137,0.000279231,6.10E-05,1.49E-05,1.07E-05,8.58E-06,6.69E-06,2.20E-05,4.46E-05,1.45E-05,8.84E-06,5.43E-05,0.00013664,3.06E-05,1.59E-05,0.000120342,5.06E-05,4.19E-05,4.07E-05,0.0001897,0.000325727,0.000568271,9.53E-05,7.60E-05,3.66E-05,0.000421655,7.07E-05,5.03E-05,0.000735006,0.001462683,0.004260708,0.000465836,0.000220212,0.002112775,0.004075815,0.000260661,0.000138243,0.002045067,0.003557478,0.000317773,0.00017793,0.000100643,5.78E-05,7.50E-05,9.49E-05,8.54E-05,7.35E-05,7.43E-05,0.000102382,0.00170802,0.002554119,0.000200756,0.000181746,0.00013398,0.006178519,0.006081956,0.000392928,0.000248204,0.006386659,0.007724873,0.000191859,0.000174296,0.006863667,0.008898663,0.011681474,0.011552013,0.011659906,0.012327438,0.012944323,0.022659894,0.027499376,0.015745081,0.022945423,0.019274615,0.0260689,0.012184178,0.013855036,0.015263633,0.018984407,0.020490637,0.021270806,0.020684389,0.0243051,0.029432889,0.035977602,0.03867577,0.041357819,0.043709349,0.043739989,0.042613007,0.044178762,0.032478593,0.040330466,0.035926878,0.033866078,0.047332149,0.012364839,0.002399891,0.000232646,0.000809604,0.005605439,0.008323858,0.009311433,0.008152564,0.007952602,0.00606415,0.004353666,0.003340886,0.001965648,0.000960487,0.000810082,0.000727077,0.000496529,0.000353217,0.000293905,0.000257983,0.000313346,0.000302809,0.000275353,0.00042297,0.000293409,0.000145106,0.00024943
Head 1,154,7.00E-06,6.34E-05,0.000294456,0.000428265,0.000294639,0.000291622,6.19E-05,1.50E-05,1.09E-05,8.86E-06,7.13E-06,2.39E-05,4.87E-05,1.68E-05,9.37E-06,5.36E-05,0.000127022,2.56E-05,1.38E-05,0.000109757,5.00E-05,4.15E-05,3.93E-05,0.000192662,0.00033449,0.000581667,9.66E-05,7.93E-05,3.92E-05,0.000381087,7.25E-05,4.71E-05,0.000626123,0.001312462,0.004141612,0.000425631,0.000207728,0.002046613,0.003828017,0.000261501,0.000136328,0.002070626,0.003623882,0.000323995,0.000189837,0.000107905,6.05E-05,7.39E-05,8.89E-05,7.71E-05,6.65E-05,7.04E-05,0.000102611,0.001740792,0.002511382,0.000205559,0.000173488,0.000120701,0.005900452,0.00611204,0.000380198,0.000259765,0.006017691,0.007293883,0.000193746,0.000162242,0.006987489,0.009310873,0.012534195,0.012585048,0.012314591,0.012056771,0.011387125,0.018375698,0.021606671,0.012760743,0.020382661,0.018697895,0.026733132,0.013097413,0.014758098,0.0159369,0.019409243,0.020732788,0.021462433,0.020839332,0.024616104,0.02990629,0.03613228,0.038055636,0.040210955,0.043078825,0.044741414,0.045379955,0.048025519,0.034757629,0.041000094,0.035190128,0.033467777,0.050032333,0.014591848,0.002992741,0.000296411,0.001020759,0.006648354,0.008758725,0.008626792,0.007067197,0.007084629,0.005862962,0.004497717,0.003408323,0.001848179,0.000850541,0.000718538,0.000690211,0.000509451,0.00037357,0.000305504,0.000256455,0.000298839,0.000282853,0.000260851,0.000419836,0.000305888,0.000156491,0.000267516,0.000253632
Head 1,155,6.43E-05,0.000308898,0.00048367,0.000339776,0.000326477,6.77E-05,1.53E-05,1.14E-05,9.37E-06,7.66E-06,2.76E-05,5.57E-05,2.06E-05,1.10E-05,5.55E-05,0.000125063,2.26E-05,1.19E-05,9.97E-05,4.84E-05,4.20E-05,4.02E-05,0.000200297,0.000355533,0.000618062,9.89E-05,8.35E-05,4.32E-05,0.000374324,8.15E-05,4.94E-05,0.000528446,0.001121864,0.003718802,0.000365149,0.000188809,0.00209121,0.003798891,0.00028571,0.000144007,0.002051091,0.003627982,0.000321395,0.00020134,0.000118786,6.77E-05,7.93E-05,9.03E-05,7.38E-05,6.13E-05,6.54E-05,9.95E-05,0.001766021,0.002546297,0.000222876,0.00018007,0.000119805,0.005396938,0.005860904,0.000347156,0.000263657,0.005885242,0.006973777,0.000213102,0.000168854,0.006939685,0.009536579,0.0131729,0.013601044,0.013375556,0.012678341,0.011092822,0.016163798,0.017442537,0.009881367,0.016555978,0.016677205,0.026054433,0.014012952,0.016031684,0.017094664,0.020332247,0.021335218,0.021866059,0.021126764,0.024887977,0.030382572,0.036697228,0.038111273,0.039433375,0.041738208,0.043863203,0.045945499,0.050825316,0.037667025,0.04342803,0.035559237,0.032414526,0.048703074,0.016230613,0.003538063,0.00036333,0.001252782,0.008156056,0.010183075,0.008965933,0.006451523,0.006068635,0.005155859,0.004325628,0.003516288,0.001884348,0.000807672,0.000642403,0.00062571,0.000497014,0.000391357,0.00032978,0.000272751,0.000305394,0.00027532,0.000247331,0.000402929,0.00030683,0.000165567,0.000293441,0.000276141,0.000295294
Head 1,156,0.000293095,0.00049678,0.000376072,0.000366861,7.29E-05,1.49E-05,1.13E-05,9.44E-06,7.77E-06,3.11E-05,6.24E-05,2.32E-05,1.24E-05,5.69E-05,0.000125274,2.11E-05,1.02E-05,8.94E-05,4.20E-05,3.87E-05,3.92E-05,0.000199309,0.000370477,0.000656711,9.69E-05,8.16E-05,4.40E-05,0.000373724,8.81E-05,5.23E-05,0.000448982,0.000926026,0.003077731,0.000292248,0.000156561,0.002108134,0.003875228,0.000302055,0.000148126,0.001922928,0.003434505,0.000297458,0.000196184,0.000120437,7.19E-05,8.46E-05,9.31E-05,7.21E-05,5.61E-05,5.77E-05,8.86E-05,0.001677841,0.002478247,0.000225299,0.000182871,0.000120091,0.004799603,0.005264862,0.000293742,0.000239086,0.005833075,0.006730644,0.000223274,0.000177474,0.00654261,0.00934216,0.01334069,0.014262009,0.014390786,0.013698511,0.011625071,0.015623542,0.015256197,0.007807601,0.012719678,0.013386598,0.022912031,0.013902786,0.016874783,0.018322647,0.021578381,0.022188907,0.022351837,0.021446997,0.025002437,0.030468678,0.037072498,0.03853653,0.039415594,0.040925063,0.042497512,0.044786733,0.051364608,0.039732497,0.046913203,0.037774969,0.032760426,0.047083013,0.017510982,0.004085342,0.000433338,0.001450392,0.00958573,0.012274479,0.010442488,0.006694982,0.005559145,0.004400603,0.003785579,0.003372989,0.001937115,0.000812577,0.000598733,0.000556109,0.000449024,0.000376555,0.000336887,0.000287232,0.000320074,0.000276319,0.000235571,0.000373902,0.000288062,0.000162232,0.00030613,0.000298886,0.000318368,0.000321733
Head 1,157,0.000485745,0.000402004,0.00041631,8.03E-05,1.53E-05,1.18E-05,9.85E-06,8.14E-06,3.49E-05,7.10E-05,2.54E-05,1.39E-05,6.06E-05,0.000132449,2.28E-05,9.96E-06,8.50E-05,3.61E-05,3.44E-05,3.75E-05,0.00019416,0.00038413,0.000707938,9.94E-05,8.05E-05,4.46E-05,0.000382366,9.49E-05,5.81E-05,0.000413501,0.000806524,0.002568116,0.00025153,0.00013298,0.002072988,0.004036415,0.000311784,0.000154396,0.001844858,0.003265319,0.00029178,0.000194917,0.000121383,7.60E-05,9.28E-05,0.000102287,7.69E-05,5.61E-05,5.39E-05,8.00E-05,0.001550364,0.002335777,0.000220599,0.000187844,0.000126811,0.004481393,0.00478264,0.000267419,0.000218473,0.005883864,0.006724333,0.00022713,0.000188686,0.006052963,0.008863251,0.01307061,0.014507687,0.015143086,0.014742027,0.012561331,0.016194995,0.014700902,0.006768015,0.010060728,0.010255059,0.018377675,0.012535444,0.016709205,0.019271711,0.023136539,0.023514388,0.023190094,0.022029961,0.02526935,0.030360784,0.036935497,0.038645912,0.039474227,0.040462457,0.04121872,0.042805679,0.049517937,0.039662026,0.049272206,0.040714633,0.034812406,0.047442552,0.01807417,0.00457698,0.000512164,0.001602136,0.010316731,0.014016826,0.012379949,0.00763253,0.005702535,0.004001772,0.003209908,0.002946295,0.001856545,0.000826365,0.000595948,0.000523147,0.000407433,0.000348331,0.000328794,0.000297612,0.000343812,0.000294721,0.000239725,0.000361379,0.000269692,0.000153345,0.000302786,0.000313278,0.000346325,0.000347946,0.000351638
Head 1,158,0.000389442,0.000434199,8.01E-05,1.53E-05,1.19E-05,9.87E-06,8.18E-06,3.60E-05,7.57E-05,2.54E-05,1.44E-05,6.48E-05,0.000141514,2.60E-05,1.04E-05,8.20E-05,3.06E-05,2.86E-05,3.23E-05,0.000176716,0.000370832,0.000721443,9.98E-05,7.67E-05,4.23E-05,0.000381908,9.36E-05,6.07E-05,0.000396274,0.000730775,0.002195423,0.000229766,0.000113768,0.001841296,0.003877231,0.000278869,0.000145337,0.001785303,0.003098015,0.0002934,0.000191006,0.000116184,7.39E-05,9.45E-05,0.000107961,8.20E-05,5.82E-05,5.23E-05,7.31E-05,0.001417349,0.002125903,0.000199074,0.000179795,0.000127303,0.0043161,0.004431681,0.000253353,0.000197469,0.00572873,0.006638096,0.000208497,0.000184205,0.005636304,0.008239208,0.012405407,0.014270881,0.015479429,0.015586008,0.013606333,0.017463828,0.015352762,0.006586608,0.008740999,0.008100772,0.014111199,0.010118196,0.014857369,0.01890086,0.024180802,0.025034145,0.024439927,0.022943983,0.025884002,0.030449385,0.036659326,0.038528111,0.039555769,0.040531341,0.040876277,0.04168082,0.047393974,0.038251936,0.049510248,0.042850591,0.037761107,0.050631981,0.017899781,0.004921941,0.000607866,0.001774277,0.010565098,0.014911627,0.014034745,0.008952796,0.006451519,0.004095957,0.002895437,0.002482348,0.001612038,0.000779231,0.000587166,0.000506591,0.000374757,0.000310759,0.000296772,0.000282102,0.000344645,0.000306801,0.000247484,0.00036002,0.000253836,0.000139727,0.000278354,0.000302018,0.000354151,0.000369553,0.000372176,0.000325598
Head 1,159,0.00042619,7.51E-05,1.53E-05,1.20E-05,9.96E-06,8.27E-06,3.56E-05,7.80E-05,2.50E-05,1.46E-05,7.16E-05,0.000156078,3.03E-05,1.17E-05,8.19E-05,2.82E-05,2.44E-05,2.67E-05,0.000158646,0.000345274,0.000708004,0.000100731,7.43E-05,4.01E-05,0.000387613,8.94E-05,6.06E-05,0.000396931,0.00070399,0.002011603,0.000230067,0.000103558,0.001534453,0.003440229,0.00022702,0.00012579,0.001801891,0.003105,0.000313121,0.000193925,0.00011362,7.07E-05,9.19E-05,0.000109457,8.67E-05,6.25E-05,5.45E-05,7.14E-05,0.001353727,0.001979042,0.000177193,0.000164345,0.000122383,0.004260437,0.00428714,0.000254737,0.00018671,0.005458619,0.006460258,0.000183634,0.00017018,0.005521453,0.007843251,0.011760985,0.013757164,0.015389362,0.016103901,0.014550601,0.019045984,0.016792146,0.007035218,0.008527299,0.007046576,0.011194313,0.007722223,0.011993838,0.016919401,0.023931677,0.026332475,0.026174409,0.024401404,0.027097218,0.031114232,0.036643427,0.038253315,0.039322946,0.040457249,0.040874802,0.041357554,0.045915745,0.036551967,0.047778126,0.042890612,0.03981182,0.055119142,0.017155284,0.004925494,0.000687123,0.001957063,0.010752715,0.015287413,0.015102567,0.010248927,0.007611551,0.004674808,0.002962098,0.002228422,0.001354626,0.000679459,0.000550297,0.000494034,0.000359472,0.000285361,0.000265306,0.000255357,0.000325155,0.000307552,0.000257424,0.000375523,0.000252462,0.00013125,0.000253391,0.00027754,0.000340973,0.000377742,0.000396241,0.000345697,0.000287418
Head 1,160,7.03E-05,1.57E-05,1.26E-05,1.06E-05,8.86E-06,3.68E-05,8.23E-05,2.64E-05,1.55E-05,8.21E-05,0.000178755,3.57E-05,1.38E-05,8.58E-05,3.07E-05,2.39E-05,2.39E-05,0.000147814,0.000321101,0.000677599,0.000103798,7.62E-05,4.10E-05,0.000407483,8.95E-05,6.13E-05,0.000411367,0.000712683,0.0019536,0.000253419,0.000106162,0.001274907,0.00289647,0.00018798,0.000108388,0.001867656,0.003294088,0.000351681,0.000211545,0.000122678,7.34E-05,9.28E-05,0.000112155,9.28E-05,7.01E-05,6.20E-05,7.80E-05,0.001370223,0.001938138,0.000167518,0.000153011,0.000118259,0.004179895,0.004247517,0.000272637,0.000194464,0.00523666,0.006210783,0.000171841,0.00016194,0.005700286,0.007768057,0.011293721,0.013011681,0.014689611,0.015915036,0.014984625,0.020232731,0.018308332,0.007821356,0.009106445,0.006931336,0.009812969,0.006080062,0.009274508,0.013922933,0.02183659,0.026425514,0.027854834,0.026389765,0.029154429,0.032868382,0.037686355,0.038603522,0.039337363,0.040358867,0.040943287,0.041558556,0.045496762,0.035613552,0.045571052,0.041196901,0.039705049,0.05797413,0.016534701,0.004666992,0.000722008,0.002094344,0.010945011,0.015432368,0.015568234,0.011065719,0.008693583,0.005522513,0.003380816,0.002268561,0.00121968,0.000585154,0.000493326,0.00047362,0.000358599,0.000281763,0.000253571,0.000238959,0.000305385,0.000303162,0.000269915,0.000408458,0.000272579,0.000135024,0.000246814,0.000260951,0.000322052,0.000373557,0.000416841,0.00037877,0.000314434,0.000327652
Head 1,161,1.57E-05,1.29E-05,1.12E-05,9.61E-06,4.03E-05,8.98E-05,2.94E-05,1.67E-05,9.21E-05,0.000202343,3.96E-05,1.59E-05,9.22E-05,3.68E-05,2.61E-05,2.34E-05,0.000142247,0.000299427,0.000633853,0.000101993,7.77E-05,4.32E-05,0.000429431,9.27E-05,6.14E-05,0.00042913,0.000735523,0.001952035,0.000284549,0.000116376,0.001100128,0.002420844,0.000165939,9.38E-05,0.001853716,0.003477266,0.000374393,0.000228956,0.000138464,8.12E-05,9.71E-05,0.000114078,9.58E-05,7.58E-05,7.04E-05,8.94E-05,0.001438447,0.001989275,0.000168193,0.000144529,0.00011222,0.003975903,0.004121854,0.000285739,0.000207884,0.005160045,0.005964198,0.000169438,0.000157611,0.005982476,0.007989756,0.011265067,0.012482063,0.013761928,0.015087992,0.014733261,0.020567929,0.019326085,0.008588657,0.010059213,0.007425624,0.009597649,0.005215971,0.007270414,0.010788604,0.018052243,0.024186194,0.028075786,0.02813926,0.031740889,0.035671316,0.039986849,0.039886434,0.039983843,0.040586643,0.041139528,0.042016905,0.04600767,0.035730034,0.044347927,0.039380498,0.038123593,0.057880513,0.016751466,0.004384421,0.000685256,0.00205139,0.010781774,0.015389477,0.015838122,0.011548076,0.009473467,0.006340185,0.004001916,0.002560633,0.001231729,0.00052844,0.000430028,0.000428546,0.000346195,0.0002822,0.00025265,0.000231299,0.000287207,0.000288062,0.000270137,0.000430243,0.000299101,0.000146535,0.000257278,0.000256632,0.000303908,0.00035371,0.000414061,0.000401203,0.000347836,0.000362983,0.00043888
Head 1,162,1.34E-05,1.22E-05,1.08E-05,4.84E-05,0.000106929,3.58E-05,1.89E-05,0.000101648,0.000227382,4.37E-05,1.82E-05,0.000104537,4.72E-05,3.19E-05,2.67E-05,0.000144397,0.000291128,0.000604873,9.87E-05,7.92E-05,4.76E-05,0.000450774,0.000104524,6.59E-05,0.000459834,0.000785827,0.002013207,0.000328828,0.000137941,0.001034933,0.002154567,0.000172076,8.98E-05,0.001727507,0.003491946,0.000374929,0.000244452,0.000162207,9.83E-05,0.000112995,0.000125685,0.000103019,8.28E-05,8.05E-05,0.00010687,0.001547492,0.002110092,0.000187179,0.00014771,0.000111138,0.003733317,0.003893706,0.000297603,0.000228915,0.005328537,0.005953391,0.000186912,0.000167617,0.006180556,0.008353233,0.011702063,0.012499603,0.013120041,0.014001285,0.013827571,0.01970141,0.019252047,0.008981117,0.010833626,0.008113819,0.010100638,0.005044467,0.006222241,0.008485575,0.014089491,0.020105183,0.025832068,0.028403439,0.033944476,0.039058987,0.043453801,0.042300135,0.041602861,0.041583046,0.041734379,0.042550534,0.046724603,0.036307272,0.044072174,0.038180452,0.036134731,0.054797214,0.017897446,0.004350246,0.000625167,0.00188744,0.010210701,0.015052493,0.015970493,0.011929147,0.010008545,0.006923618,0.004588237,0.002987038,0.001381005,0.000534192,0.000397603,0.000386345,0.000324848,0.00028164,0.000261866,0.000239651,0.000288581,0.000283197,0.000270505,0.000444517,0.000331455,0.000169204,0.0002944,0.000280512,0.000310897,0.000345173,0.000403705,0.000409957,0.000378839,0.000414006,0.00050068,0.000826067
Head 1,163,1.10E-05,1.01E-05,5.37E-05,0.000120833,3.96E-05,1.96E-05,0.000103177,0.000236505,4.40E-05,1.88E-05,0.000116573,5.37E-05,3.66E-05,3.03E-05,0.000142662,0.000276257,0.000557822,8.30E-05,6.92E-05,4.43E-05,0.000434638,0.000107288,6.58E-05,0.000471691,0.000813906,0.002037629,0.000331365,0.000146081,0.000989596,0.001963918,0.000177349,8.36E-05,0.001436957,0.003078365,0.000308077,0.000217009,0.00015897,0.000104961,0.000124068,0.000134182,0.000105065,8.17E-05,7.96E-05,0.000110676,0.00164898,0.00225355,0.0002052,0.00014961,0.000105382,0.003521217,0.003588517,0.000269498,0.000219511,0.005459466,0.006056532,0.000196882,0.00016861,0.006019951,0.008330267,0.011997703,0.012906982,0.013212413,0.013553865,0.013151277,0.018772569,0.018865762,0.009244346,0.011548278,0.008927431,0.011160088,0.005321805,0.005927039,0.007161007,0.010959786,0.015454456,0.021071743,0.025538411,0.033686496,0.041497268,0.047427069,0.045686472,0.043934114,0.042961523,0.042348485,0.042838197,0.047262494,0.037033681,0.045063976,0.038624559,0.035649668,0.052570783,0.019566426,0.004710251,0.00060187,0.001750915,0.009534401,0.014326191,0.01557292,0.012035468,0.010380504,0.007326154,0.005041124,0.003411005,0.001593131,0.000574738,0.000384784,0.000342035,0.00027827,0.000248103,0.000241876,0.000228553,0.000274901,0.000262421,0.000246107,0.000404435,0.000317064,0.000171773,0.000309995,0.000296295,0.000316137,0.00033082,0.000370343,0.000376101,0.000362253,0.000421913,0.000535179,0.000885296,0.000787098
Head 1,164,8.37E-06,5.46E-05,0.000127818,3.85E-05,1.89E-05,0.000102044,0.000236543,4.24E-05,1.82E-05,0.000127122,5.35E-05,3.83E-05,3.31E-05,0.000142535,0.000266423,0.000514381,6.66E-05,5.52E-05,3.60E-05,0.00039438,9.92E-05,6.19E-05,0.000469642,0.000832829,0.002070528,0.000302981,0.000138737,0.000962849,0.001837472,0.000176941,7.75E-05,0.001137606,0.002469558,0.000225604,0.000165641,0.000128764,9.42E-05,0.00012159,0.000135554,0.000103874,7.70E-05,7.20E-05,0.000100861,0.001694885,0.002353366,0.000212148,0.000150048,1.00E-04,0.003418582,0.003356808,0.000228644,0.00019064,0.005277557,0.00604571,0.000197569,0.000164269,0.005624132,0.007839212,0.011626993,0.012998259,0.013477831,0.0134612,0.012641857,0.017757788,0.018019184,0.009267638,0.01198609,0.009667201,0.012472329,0.005937175,0.006302106,0.006833856,0.00926011,0.011991013,0.016110906,0.020646375,0.030209975,0.041210454,0.050558563,0.049977545,0.047676325,0.045625705,0.04376325,0.043354671,0.047467392,0.037435766,0.046253905,0.040014539,0.03663484,0.052349489,0.020840218,0.005343924,0.000639496,0.001744779,0.009193331,0.01360087,0.014665567,0.011624588,0.010374842,0.007511412,0.005350265,0.003789652,0.001850611,0.000661046,0.000413974,0.000331013,0.000245898,0.0002127,0.000211856,0.000209051,0.000259373,0.000246663,0.000225364,0.000361244,0.000285947,0.000162118,0.000306113,0.000304767,0.000327221,0.000330513,0.000350014,0.000341737,0.000329523,0.000401726,0.000543843,0.000943145,0.000843717,0.000540262
Head 1,165,5.78E-05,0.000140548,4.24E-05,2.48E-05,0.000138036,0.000295485,5.80E-05,2.67E-05,0.000166984,6.57E-05,5.10E-05,4.58E-05,0.000169226,0.000294714,0.00054173,8.16E-05,6.88E-05,4.28E-05,0.000447835,0.000132624,9.17E-05,0.000608154,0.00113156,0.002876752,0.000462373,0.000199551,0.001150192,0.002081576,0.000223234,9.54E-05,0.001026138,0.001980644,0.000186813,0.000133391,9.35E-05,6.91E-05,9.91E-05,0.000123823,0.000101066,7.58E-05,6.89E-05,9.47E-05,0.001850203,0.002594109,0.000240616,0.000191474,0.000129669,0.00391131,0.003684055,0.00027932,0.000223348,0.004850011,0.005956117,0.00024764,0.000206894,0.005559895,0.007506142,0.011392986,0.013787252,0.015467517,0.015813472,0.014449168,0.01957174,0.019303981,0.010068825,0.012782128,0.010111016,0.01273186,0.006033049,0.006473963,0.006817846,0.008507303,0.009894213,0.012228554,0.015471906,0.024470711,0.037808996,0.052385479,0.056927551,0.056602467,0.054407008,0.051027786,0.048371874,0.049424097,0.03662765,0.042539954,0.035625804,0.031980462,0.043924563,0.0149534,0.004124844,0.000500657,0.001461486,0.008053749,0.011594029,0.012014332,0.009959823,0.009796804,0.007811057,0.005781281,0.004096511,0.002063596,0.000811472,0.0005542,0.000434327,0.000293331,0.000228254,0.00021638,0.000216917,0.000284295,0.000287834,0.000269151,0.000426556,0.000327537,0.00018704,0.000355834,0.000376916,0.000432498,0.000451807,0.000466167,0.000424297,0.000380801,0.00044061,0.000591065,0.001040165,0.00094521,0.000596484,0.000421217
Head 1,166,0.000135006,4.03E-05,2.51E-05,0.000154246,0.00033494,6.39E-05,2.81E-05,0.00017766,7.03E-05,5.58E-05,5.09E-05,0.000195176,0.000329375,0.000567974,8.77E-05,6.94E-05,4.02E-05,0.00043858,0.00012403,9.05E-05,0.000600953,0.001172026,0.00312876,0.000503856,0.000217121,0.001266805,0.002186448,0.000261,0.000114113,0.00099966,0.001853918,0.000196026,0.000129904,8.64E-05,6.27E-05,9.24E-05,0.000123481,0.000108093,8.44E-05,7.68E-05,0.000100742,0.00193098,0.002746612,0.000241053,0.000207231,0.000142567,0.004125718,0.003891095,0.000273936,0.000215016,0.004413959,0.005515371,0.000252312,0.000225877,0.005791804,0.00759305,0.011054604,0.013286576,0.015547166,0.01663929,0.015372812,0.020477224,0.019380996,0.009849711,0.012761049,0.010559374,0.01372518,0.006515224,0.007073345,0.007359585,0.008755109,0.009362303,0.010450413,0.012083189,0.018590996,0.030139474,0.045827314,0.054980867,0.058514692,0.05794872,0.054554794,0.051501572,0.052399307,0.038930703,0.044429604,0.036704492,0.032386631,0.044312086,0.014221402,0.003999289,0.000531996,0.001619112,0.00917343,0.012905787,0.012437986,0.009358454,0.008759404,0.007107262,0.005709797,0.004360021,0.002256795,0.000880189,0.000599869,0.000462862,0.000302408,0.000222064,0.00019874,0.000191498,0.000249202,0.000257233,0.000247152,0.000397125,0.000306449,0.000175436,0.00033476,0.000361346,0.000428991,0.000464604,0.000488002,0.000438209,0.000379559,0.000423408,0.000560748,0.001012461,0.000981014,0.000652286,0.00047788,0.000580054
Head 1,167,3.29E-05,2.17E-05,0.000157671,0.000356485,6.41E-05,2.71E-05,0.00017829,7.10E-05,5.64E-05,5.16E-05,0.000217512,0.000364019,0.000602096,9.22E-05,6.77E-05,3.65E-05,0.000401066,0.000100818,7.55E-05,0.000551087,0.001114326,0.003143279,0.000493701,0.000210813,0.001351201,0.002288813,0.000270648,0.000121701,0.000967391,0.001732793,0.00019947,0.000121007,7.55E-05,5.15E-05,7.44E-05,0.000102867,9.67E-05,8.10E-05,7.74E-05,0.00010054,0.001844141,0.002666343,0.000209613,0.00019487,0.000138436,0.004318642,0.004097376,0.000263076,0.00019672,0.004032205,0.004914478,0.00021859,0.000213138,0.005762983,0.007615316,0.010757973,0.012513209,0.014762314,0.016446859,0.015815401,0.02150365,0.020046672,0.0097914,0.012712461,0.010809284,0.01453416,0.006987952,0.007735345,0.008120666,0.009497517,0.009635773,0.009840566,0.010214461,0.01443447,0.022933483,0.036666341,0.048323117,0.056760866,0.060452852,0.05898384,0.056101277,0.056760781,0.04203682,0.047330998,0.038873706,0.033906028,0.046261646,0.014343007,0.00392481,0.000545363,0.001657153,0.009576786,0.013805008,0.013290854,0.009376936,0.008157201,0.006342176,0.005287039,0.004382631,0.002420755,0.000961458,0.000658827,0.000505849,0.000323957,0.000226702,0.000190094,0.000171718,0.00021537,0.000220873,0.000216505,0.000355868,0.000279279,0.000159612,0.000304916,0.00032905,0.000397602,0.000445665,0.000485705,0.000445471,0.000383034,0.000415572,0.000534063,0.000955959,0.000958823,0.00067534,0.000512546,0.000640866,0.000481036
Head 1,168,1.77E-05,0.000151923,0.000363025,6.03E-05,2.52E-05,0.000178093,7.06E-05,5.51E-05,5.06E-05,0.000234398,0.000398544,0.000653404,9.66E-05,6.70E-05,3.44E-05,0.000359552,8.11E-05,5.95E-05,0.000485694,0.000999949,0.002965086,0.000457565,0.000194975,0.001403238,0.00242302,0.000269682,0.000122883,0.000954068,0.001661415,0.000205856,0.000116595,6.90E-05,4.34E-05,5.90E-05,7.99E-05,7.77E-05,6.97E-05,7.19E-05,9.72E-05,0.0016703,0.002413728,0.000175161,0.000170754,0.000123867,0.004383582,0.004208214,0.000254329,0.000182392,0.00383834,0.004433606,0.000179382,0.000185597,0.005399248,0.007425119,0.010479901,0.01177142,0.013574522,0.015323008,0.015345072,0.021684147,0.020443274,0.0096233,0.012327266,0.010511295,0.014558696,0.007296015,0.008272306,0.008880636,0.010488854,0.010503812,0.010181842,0.009655177,0.012198273,0.01784702,0.028090237,0.038955931,0.050287381,0.059219096,0.062255252,0.06152055,0.062937118,0.046608239,0.05200348,0.042492811,0.036626011,0.049366318,0.015348245,0.0040078,0.000550852,0.001628708,0.009435738,0.01420746,0.014403274,0.010017212,0.008154927,0.005845692,0.004752703,0.00413971,0.002466831,0.001028013,0.0007185,0.000559067,0.000359622,0.000246943,0.000197525,0.000166998,0.000197677,0.000195089,0.000190412,0.000317992,0.000256347,0.000148182,0.000284973,0.000305059,0.000367903,0.000418316,0.000469855,0.000446402,0.000390756,0.000421321,0.000527524,0.000918061,0.000918252,0.000672635,0.000522216,0.000691492,0.000534283,0.000412659
Head 1,169,0.000148463,0.000374192,6.13E-05,2.60E-05,0.000195004,7.76E-05,5.86E-05,5.45E-05,0.000255974,0.000448031,0.000744058,0.000110012,7.38E-05,3.81E-05,0.000345092,7.74E-05,5.39E-05,0.000456257,0.000934574,0.002837623,0.000459024,0.000198591,0.001469151,0.002662598,0.000299209,0.000136553,0.001006654,0.001695704,0.000241298,0.000132795,7.66E-05,4.53E-05,5.69E-05,7.22E-05,6.90E-05,6.40E-05,7.06E-05,0.000102369,0.00160545,0.002270435,0.000173366,0.000169512,0.000122476,0.004547991,0.004371656,0.000273677,0.000192862,0.003920677,0.004297802,0.000160903,0.000168008,0.004932482,0.007106707,0.010362677,0.011567123,0.012962272,0.014411408,0.014744146,0.021634536,0.021183318,0.009954943,0.012430189,0.010302514,0.014299941,0.007591484,0.008756417,0.009568638,0.01146482,0.011604521,0.01110859,0.010052612,0.011543613,0.01510717,0.021976881,0.030017223,0.040727265,0.052631263,0.060938634,0.064530618,0.068325542,0.051246189,0.057217326,0.046861872,0.04025301,0.052793592,0.016430698,0.004202623,0.000560294,0.001579121,0.008865128,0.013807639,0.015097924,0.011115682,0.008949544,0.005982955,0.004479437,0.003811995,0.002388458,0.001077976,0.000786801,0.000629436,0.000411522,0.000283032,0.000221941,0.000179685,0.000201056,0.000187916,0.000177582,0.000293608,0.000241958,0.000144452,0.000280444,0.00030158,0.000362362,0.00041218,0.000469299,0.000460291,0.00041684,0.000456903,0.000567182,0.000953184,0.000915674,0.000669315,0.000532663,0.000740532,0.000602485,0.000479686,0.000557479
Head 1,170,0.000356634,5.55E-05,2.50E-05,0.000212881,7.97E-05,5.93E-05,5.64E-05,0.000266723,0.0004799,0.000819102,0.000116565,7.86E-05,4.12E-05,0.000341005,7.74E-05,5.01E-05,0.00042591,0.000863048,0.002678289,0.000422409,0.000187976,0.001453063,0.002808809,0.000308448,0.000139567,0.001079739,0.001765938,0.000264692,0.000145957,8.34E-05,4.74E-05,5.59E-05,6.56E-05,5.87E-05,5.34E-05,6.07E-05,9.47E-05,0.00159228,0.002193234,0.000176714,0.000165467,0.000115239,0.004664873,0.004554866,0.000275074,0.000197733,0.004193238,0.004488098,0.00014698,0.000143751,0.004447845,0.006516248,0.009918177,0.011419366,0.012746673,0.01383331,0.013989659,0.02089343,0.021325704,0.010367727,0.012939758,0.010406836,0.014226556,0.007792911,0.009163342,0.010200181,0.012408237,0.012799892,0.012388207,0.011114517,0.01211874,0.014380816,0.018739533,0.023638863,0.031457838,0.042801112,0.054562997,0.063776806,0.072522156,0.056257404,0.06362725,0.052185953,0.044944182,0.057904281,0.01761242,0.004617978,0.000610105,0.001633244,0.008524065,0.012888461,0.014487004,0.011485994,0.009780128,0.006525734,0.004534265,0.003558753,0.002176932,0.001038359,0.0007999,0.000674986,0.000457274,0.000319516,0.000249283,0.000196814,0.000210539,0.000185368,0.000165391,0.000265204,0.00021668,0.000132036,0.000260626,0.000285361,0.000345307,0.000391804,0.000445559,0.000442252,0.000411585,0.000466231,0.000593393,0.001000029,0.000924328,0.000648563,0.000509448,0.000731942,0.000626765,0.000524422,0.00062745,0.00051497
Head 1,171,5.31E-05,2.52E-05,0.00023861,8.66E-05,6.42E-05,6.21E-05,0.000288351,0.000525668,0.000905434,0.000130319,8.88E-05,4.80E-05,0.000368822,8.93E-05,5.40E-05,0.000412627,0.00082066,0.002562754,0.000401568,0.000185274,0.00142043,0.002873921,0.000340601,0.000153814,0.001217126,0.001960676,0.000317949,0.000177373,0.00010289,5.80E-05,6.52E-05,7.13E-05,5.86E-05,5.01E-05,5.59E-05,8.98E-05,0.001665554,0.002284385,0.000208627,0.000184974,0.00012504,0.004751597,0.004768195,0.000290146,0.000220048,0.004503888,0.004839213,0.000157347,0.000139815,0.004181901,0.005940538,0.009171266,0.011027617,0.012694063,0.013778524,0.013682076,0.020248778,0.021133697,0.010859536,0.013895424,0.011106554,0.014780508,0.008186305,0.009671294,0.010859723,0.013317529,0.013944147,0.013713393,0.012423652,0.013372709,0.014991004,0.017703665,0.020062175,0.024643509,0.032993685,0.044429146,0.05713832,0.07169386,0.059594885,0.069706455,0.057708684,0.050076306,0.063977413,0.018356485,0.005017523,0.000685839,0.001791584,0.00886624,0.012657263,0.013677731,0.011198997,0.010284228,0.007359982,0.005074407,0.00367645,0.00207124,0.000988329,0.000788409,0.000707563,0.000508391,0.000368318,0.000291046,0.000228483,0.000237391,0.000199638,0.000168133,0.000257442,0.00020365,0.000124613,0.000247134,0.000276671,0.000341275,0.000391218,0.000446103,0.000443586,0.000418787,0.000486916,0.000640685,0.001108675,0.001016291,0.000681968,0.000509361,0.000736867,0.000651733,0.000570348,0.000713854,0.000602721,0.000654089
Head 1,172,2.29E-05,0.000247947,8.43E-05,6.44E-05,6.36E-05,0.000312533,0.000570494,0.000974405,0.000138129,9.52E-05,5.23E-05,0.000416269,0.000101296,5.85E-05,0.000397194,0.000767535,0.00237125,0.000348586,0.000164965,0.001337072,0.002767666,0.000344621,0.000157065,0.001340479,0.002209323,0.000353316,0.000198658,0.00011851,6.79E-05,7.48E-05,7.82E-05,5.96E-05,4.67E-05,4.88E-05,7.64E-05,0.001662559,0.002363892,0.000226128,0.00019509,0.000131615,0.004533841,0.004696557,0.000271803,0.000220036,0.004750016,0.005219363,0.000171443,0.000141837,0.004187364,0.005587765,0.008331511,0.010145442,0.01212953,0.013548853,0.013412844,0.019504404,0.02020734,0.010712991,0.014304726,0.0117691,0.015584075,0.008468057,0.010006987,0.011329226,0.014068405,0.014984175,0.015038053,0.013877894,0.015136467,0.016756684,0.018677358,0.01917246,0.02103959,0.025914114,0.03435326,0.046619769,0.064727515,0.059492718,0.074810974,0.063961044,0.056194395,0.072016276,0.020022303,0.005600369,0.000805873,0.002052876,0.009932718,0.013541309,0.013592226,0.010637722,0.010015025,0.007737772,0.005684326,0.004066238,0.002108047,0.00094189,0.000735448,0.000683741,0.000523933,0.000402957,0.000330432,0.000264259,0.000273292,0.000223742,0.000179392,0.000261229,0.000195314,0.000115369,0.000227576,0.000257379,0.000324137,0.000379032,0.000437787,0.000435101,0.000409542,0.000480047,0.00064705,0.001166239,0.001103412,0.000729022,0.000495315,0.000716265,0.000642036,0.000578438,0.000758865,0.000674715,0.000755198,0.000668559
Head 1,173,0.000243185,7.84E-05,6.27E-05,6.35E-05,0.000347241,0.000634274,0.001059311,0.000147869,0.000101499,5.68E-05,0.000480686,0.000113974,6.53E-05,0.000400447,0.000740858,0.00219123,0.000306892,0.000146747,0.001274716,0.002633833,0.000342759,0.00016052,0.001428296,0.002485176,0.000386443,0.000218958,0.000136333,8.07E-05,8.91E-05,9.15E-05,6.65E-05,4.82E-05,4.65E-05,6.76E-05,0.001569491,0.002387109,0.00022843,0.000201891,0.000142158,0.00426612,0.004460956,0.000253811,0.000215108,0.004945842,0.00551424,0.000188523,0.000155455,0.004468957,0.005642729,0.007866357,0.009231822,0.011135289,0.012889071,0.013072276,0.018962637,0.019344533,0.010278283,0.014213988,0.012297292,0.016692348,0.008893242,0.010412982,0.011757934,0.014698476,0.015871111,0.016265828,0.015338839,0.017056175,0.019147277,0.021092732,0.020458333,0.020361902,0.022368783,0.027289884,0.036328714,0.05339269,0.054003194,0.075084202,0.06854663,0.062076066,0.080478065,0.023018673,0.006383834,0.000949791,0.002267343,0.010887543,0.015016352,0.014506004,0.010524212,0.009479648,0.007497969,0.00599191,0.004581179,0.002341871,0.000969834,0.000707086,0.00064497,0.000511989,0.000419403,0.000363497,0.000302865,0.000319108,0.000260263,0.000203002,0.000282531,0.00019976,0.000111547,0.000215065,0.000240238,0.000304223,0.000361921,0.000427305,0.0004309,0.000406593,0.000476529,0.00064552,0.001187847,0.001176321,0.000796025,0.000498727,0.000714722,0.000639342,0.000581474,0.000782181,0.000729345,0.000859801,0.000786944,0.000651034
Head 1,174,7.46E-05,6.22E-05,6.52E-05,0.00039843,0.000743813,0.001230163,0.000171629,0.000113917,6.52E-05,0.000558483,0.000131357,7.70E-05,0.000440255,0.000772976,0.002132144,0.000300995,0.000141216,0.001273839,0.002631428,0.000352395,0.0001717,0.001500996,0.002784771,0.000440771,0.000250273,0.00016275,0.000100488,0.00011315,0.000116559,8.34E-05,5.73E-05,5.10E-05,6.78E-05,0.00142577,0.002326331,0.000224066,0.000210004,0.000159479,0.004272534,0.004369154,0.000266274,0.00022496,0.005319403,0.005935262,0.000210338,0.000182572,0.00499663,0.006183973,0.008106519,0.008880552,0.010328434,0.012076593,0.012660931,0.018763432,0.019126995,0.009991379,0.01392295,0.012512793,0.017758783,0.009595133,0.011200108,0.012554186,0.015626563,0.016879961,0.017495707,0.016777672,0.018868968,0.021503929,0.024019482,0.023009758,0.021677222,0.021528609,0.023404889,0.02858991,0.041443888,0.044102684,0.068193495,0.068581335,0.066247664,0.088447452,0.027595934,0.007536111,0.001110551,0.002337134,0.010868561,0.016016413,0.016039249,0.011215133,0.009371671,0.007035731,0.005809915,0.004869457,0.002668737,0.001084553,0.000739539,0.000633462,0.00049303,0.000417562,0.00038246,0.000337463,0.000370441,0.00030828,0.000239033,0.00032042,0.000215948,0.000113297,0.000209982,0.000227318,0.000283896,0.000338786,0.000407139,0.000420604,0.000403139,0.000474837,0.000640962,0.001176483,0.001203691,0.00085479,0.00051756,0.000732539,0.00065061,0.00059036,0.000797225,0.000762203,0.000937814,0.000902579,0.000770806,0.000743727
Head 1,175,5.81E-05,6.24E-05,0.000436819,0.000852821,0.001441726,0.000193976,0.000122805,7.21E-05,0.000613152,0.000142366,8.65E-05,0.000506184,0.000853222,0.00218458,0.000312348,0.000137767,0.001235676,0.00257699,0.000330697,0.000167683,0.00147095,0.002875496,0.000469119,0.000265977,0.000177924,0.000114112,0.00013349,0.000141265,0.000102911,6.96E-05,5.84E-05,7.17E-05,0.001244197,0.002097066,0.000199484,0.000196525,0.000160109,0.004394141,0.004312189,0.000287338,0.000231882,0.005512037,0.006169137,0.000209688,0.000195447,0.005452157,0.006873036,0.008800514,0.009072603,0.009859836,0.011131351,0.011780794,0.017958399,0.018736934,0.009756451,0.013397839,0.012104097,0.017797425,0.010056059,0.011888448,0.013353544,0.016517511,0.017722623,0.018459443,0.018019952,0.020531213,0.023698036,0.027067428,0.026401192,0.024670683,0.023166019,0.022724759,0.02464721,0.032812219,0.034128301,0.056547247,0.06299895,0.067431733,0.096203446,0.033650991,0.009431216,0.001364663,0.002431937,0.010150977,0.015852848,0.017297296,0.012640066,0.010186646,0.007031749,0.005538198,0.004822202,0.00289659,0.001237777,0.000829331,0.000665614,0.000484071,0.000401198,0.000376519,0.00035028,0.000407013,0.000355799,0.000282996,0.000374965,0.000245038,0.000121792,0.000214547,0.000222328,0.000269517,0.000317135,0.000382567,0.000403867,0.000396664,0.000474778,0.000641865,0.001163354,0.001192155,0.000878822,0.000542332,0.000749988,0.00065742,0.000592992,0.000800084,0.000769804,0.000968796,0.000975079,0.000878002,0.000874557,0.000890011
Head 1,176,5.70E-05,0.000449996,0.000927594,0.001656003,0.000212409,0.000129991,7.81E-05,0.000651144,0.000152096,9.51E-05,0.000595639,0.000992992,0.002426496,0.000350058,0.000142631,0.001189751,0.002496311,0.000296081,0.00015486,0.001424762,0.002847018,0.000485206,0.000275587,0.000185683,0.000121873,0.00014807,0.000163454,0.000123978,8.56E-05,7.04E-05,8.18E-05,0.001127894,0.001850697,0.00017745,0.000174783,0.000146772,0.004645245,0.004470597,0.00032184,0.000246836,0.005608314,0.006353667,0.000201378,0.000194764,0.005873291,0.007633223,0.009923764,0.010007136,0.010210483,0.010761673,0.010972772,0.016802806,0.018026,0.009600512,0.013040039,0.011597252,0.017237846,0.010240494,0.012443848,0.01425562,0.017656481,0.018770095,0.019437708,0.0191464,0.022127312,0.025825188,0.03000929,0.030042499,0.028659489,0.026725424,0.024780022,0.024249313,0.028600169,0.027074238,0.04446581,0.052429426,0.062383682,0.098724477,0.038700528,0.011884571,0.001788485,0.002782275,0.009700455,0.01485631,0.01714487,0.013697601,0.011464774,0.007603406,0.005526697,0.004606274,0.002876014,0.001332132,0.000936408,0.000741742,0.000505473,0.000393373,0.000361025,0.000342857,0.000417222,0.000388604,0.00032602,0.000441949,0.000287185,0.000138126,0.000230348,0.000226912,0.000263616,0.000300592,0.00035673,0.000377684,0.000377909,0.000462879,0.000636266,0.001154766,0.00116803,0.000870603,0.000571099,0.000770039,0.000663466,0.000593217,0.000801793,0.000768956,0.000971502,0.000999085,0.000941901,0.000987603,0.001043825,0.000895035
Head 1,177,0.000455335,0.000981195,0.001868804,0.000241664,0.000145388,8.98E-05,0.000716713,0.000176671,0.000110684,0.000705177,0.001191039,0.00285723,0.000431302,0.000164828,0.001169711,0.002404084,0.00028138,0.000149185,0.001430784,0.002847762,0.00053438,0.000307179,0.00020931,0.000139778,0.000172853,0.000198838,0.000158988,0.000115445,9.64E-05,0.000109089,0.001125091,0.001716323,0.00018499,0.000171243,0.000141814,0.004882689,0.004854393,0.000392024,0.00029751,0.005692885,0.006517868,0.000217464,0.000207658,0.006302239,0.008254517,0.01096918,0.011205189,0.011115959,0.011007152,0.010535063,0.015632821,0.016962437,0.009474931,0.013003842,0.011504513,0.016856126,0.010508522,0.013117071,0.015534295,0.019527767,0.020741737,0.021217175,0.020724678,0.024031861,0.028166736,0.032803211,0.033300228,0.032467481,0.030833218,0.028332299,0.026218617,0.027786629,0.023297792,0.035092309,0.040666349,0.051582992,0.09121377,0.039047178,0.013603472,0.002313069,0.003474629,0.010131288,0.01415302,0.016005056,0.013693283,0.012507173,0.008650391,0.006062323,0.004650801,0.002798814,0.001372456,0.001046624,0.000873983,0.000589113,0.000431909,0.000375869,0.000348672,0.000427473,0.000418661,0.000374718,0.000531522,0.000354413,0.000170548,0.000269608,0.000252411,0.000278968,0.000305602,0.000352505,0.000367753,0.00037015,0.00046139,0.000648145,0.001193714,0.001205663,0.000898151,0.000630677,0.000836353,0.000709909,0.000628531,0.000848455,0.000811078,0.001019312,0.001047838,0.001008843,0.001098962,0.001219063,0.001081622,0.001197082
Head 1,178,0.000597469,0.001057056,0.000140638,0.000107391,5.92E-05,0.00046566,0.00011366,8.81E-05,0.00054271,0.000959673,0.002483978,0.000402095,0.000198358,0.001172787,0.002044803,0.000199914,0.000135998,0.001273024,0.002143017,0.000306903,0.000221885,0.000126168,7.92E-05,0.000102082,0.000132423,0.00012158,9.94E-05,8.75E-05,0.000100423,0.001043223,0.001325336,9.48E-05,0.000117287,9.18E-05,0.003904535,0.003898937,0.000269306,0.000224633,0.003663401,0.004058541,0.000171116,0.000172933,0.004804108,0.006268077,0.008465361,0.009151668,0.00981483,0.00995581,0.009171223,0.013070308,0.01347194,0.00741439,0.010556464,0.009793679,0.014731676,0.006120245,0.007982537,0.0099365,0.013017607,0.013719646,0.013477316,0.012914443,0.016148517,0.022440452,0.03266855,0.041844226,0.050365888,0.055666812,0.054590639,0.049733207,0.046460118,0.032469943,0.038271718,0.037018392,0.042109407,0.075083368,0.041225232,0.015599705,0.003056299,0.004416257,0.010937849,0.012616207,0.012070923,0.00888009,0.008032725,0.006074957,0.004708221,0.003688639,0.002090285,0.000956592,0.000758379,0.000692203,0.000472225,0.000326609,0.000265726,0.000240357,0.000305668,0.000339991,0.000362561,0.000618089,0.000473711,0.000243467,0.000408661,0.000385806,0.00043016,0.00047001,0.000538274,0.000532668,0.000505167,0.000609758,0.000851429,0.001631972,0.001723449,0.001288556,0.000929832,0.001252339,0.001001654,0.000793819,0.000985888,0.000893649,0.001127851,0.001182925,0.001208862,0.001465077,0.001851038,0.001891794,0.002332695,0.000945684
Head 1,179,0.001200095,8.29E-05,4.42E-05,2.47E-05,0.000387499,5.69E-05,3.08E-05,0.000385946,0.000846555,0.002544152,0.000187225,5.29E-05,0.000717672,0.001374002,7.94E-05,3.02E-05,0.000562142,0.001153513,9.26E-05,4.52E-05,3.00E-05,2.00E-05,2.70E-05,3.70E-05,3.64E-05,3.33E-05,3.54E-05,4.56E-05,0.000699331,0.000981338,7.68E-05,5.45E-05,4.25E-05,0.002506531,0.002907661,0.000177075,0.00011852,0.003447398,0.004061033,0.000141662,0.000119481,0.004382918,0.006025331,0.008188402,0.008359708,0.008244538,0.007770019,0.006677854,0.009103523,0.009030148,0.004620134,0.007129156,0.007114239,0.011934244,0.007337204,0.009796049,0.012165167,0.015808871,0.016628489,0.016202977,0.015056474,0.018027604,0.024115814,0.033920512,0.042073503,0.049670983,0.055153891,0.05543948,0.051644892,0.049699429,0.034096472,0.039531954,0.035967596,0.039287589,0.073135123,0.040129796,0.014415509,0.00261731,0.004616691,0.012939261,0.015825389,0.015133128,0.01117734,0.010380386,0.007827607,0.006586552,0.005766335,0.003497372,0.001687813,0.001364617,0.001257074,0.000911453,0.000650647,0.000512256,0.000424619,0.000482409,0.000476353,0.000474146,0.0007622,0.000594611,0.000316877,0.000508723,0.000453404,0.000459758,0.000451497,0.000468306,0.000438377,0.000402451,0.000485193,0.000691415,0.001369165,0.001486662,0.001152937,0.00066148,0.000939954,0.000744562,0.000574266,0.000684099,0.000585254,0.000715941,0.000743464,0.000756164,0.000912933,0.001201077,0.001275401,0.001704496,0.000115047,0.000352852
Head 1,180,7.97E-05,4.61E-05,2.66E-05,0.000450976,6.15E-05,3.24E-05,0.000402119,0.000862193,0.00260382,0.000190235,5.62E-05,0.00081982,0.001578189,9.04E-05,3.26E-05,0.000587556,0.001162536,9.24E-05,4.62E-05,3.08E-05,2.03E-05,2.62E-05,3.39E-05,3.26E-05,3.04E-05,3.44E-05,4.79E-05,0.000750325,0.000998397,8.01E-05,5.43E-05,3.96E-05,0.002229545,0.002679499,0.000146996,0.000106361,0.003678898,0.004197754,0.000140746,0.000121232,0.004407387,0.006226742,0.008783725,0.009285256,0.009399787,0.008963721,0.007665604,0.010009584,0.009343127,0.004389097,0.006374352,0.006159008,0.010376251,0.006690112,0.009250382,0.012020005,0.016425207,0.018102497,0.018000668,0.016492538,0.018614236,0.023070272,0.030457266,0.036706671,0.044086158,0.05193999,0.056784738,0.057358231,0.058282033,0.040407039,0.044354297,0.036700998,0.035742428,0.061012652,0.034358606,0.012450963,0.002394524,0.004969472,0.015132279,0.018444316,0.017505355,0.012302998,0.010640645,0.007565177,0.006171404,0.005414073,0.003331425,0.001617116,0.001294042,0.001225941,0.000950859,0.000724193,0.000584325,0.000473862,0.000510094,0.000470118,0.000446749,0.000713688,0.000582744,0.000334321,0.000568959,0.000527101,0.000535142,0.000510412,0.000506141,0.000452645,0.000397723,0.000461613,0.000637047,0.001229591,0.001334993,0.001063969,0.000614609,0.000946863,0.000811039,0.000659894,0.000789524,0.000657395,0.000762743,0.000746995,0.000724445,0.00085149,0.00110691,0.00120205,0.00167706,0.000103763,0.000350824,0.000576162
Head 1,181,4.35E-05,2.56E-05,0.000508154,6.19E-05,3.24E-05,0.000415479,0.000861645,0.002566196,0.000182174,5.56E-05,0.00088395,0.001742484,9.67E-05,3.31E-05,0.000599737,0.00115124,8.59E-05,4.33E-05,2.90E-05,1.90E-05,2.39E-05,2.96E-05,2.74E-05,2.52E-05,2.93E-05,4.35E-05,0.00079598,0.001035197,8.21E-05,5.34E-05,3.69E-05,0.00193157,0.002329284,0.000112842,8.55E-05,0.003787488,0.004286018,0.000129853,0.000113528,0.004213819,0.005999501,0.008718287,0.00961093,0.010189147,0.010091545,0.008811644,0.011289124,0.010076849,0.004388939,0.005904662,0.005354695,0.008751794,0.005606093,0.007928587,0.010727524,0.015495061,0.018132953,0.018881051,0.017683223,0.019556699,0.023023207,0.028635968,0.03293578,0.038967624,0.04711955,0.054893296,0.060210831,0.0660455,0.048035469,0.052123927,0.04041582,0.035317726,0.053814955,0.02888515,0.010252342,0.002014321,0.004793019,0.016175671,0.020179151,0.019472597,0.013366384,0.010982569,0.00739201,0.005765137,0.004956113,0.003027007,0.001457518,0.001140702,0.001088618,0.000885243,0.000718158,0.000603708,0.000493591,0.000517906,0.000450664,0.000403618,0.000626467,0.000515423,0.000309314,0.000562587,0.000554502,0.00058507,0.000561529,0.000545312,0.00046975,0.000393167,0.000435359,0.000576867,0.001080078,0.001153056,0.00092454,0.000511198,0.000834373,0.000768984,0.00066992,0.000834757,0.000699765,0.000791915,0.000740434,0.000680223,0.000766315,0.000964201,0.001044085,0.001495528,9.16E-05,0.000340424,0.000553619,0.000550778
Head 1,182,2.42E-05,0.000568999,6.12E-05,3.28E-05,0.000453443,0.000904189,0.002601846,0.000179635,5.55E-05,0.000940356,0.001938584,0.000105203,3.48E-05,0.000638019,0.001205261,8.50E-05,4.17E-05,2.79E-05,1.83E-05,2.29E-05,2.74E-05,2.43E-05,2.14E-05,2.47E-05,3.76E-05,0.000848841,0.001122018,8.67E-05,5.53E-05,3.76E-05,0.001752594,0.002025303,9.09E-05,6.80E-05,0.003833394,0.004435067,0.000116361,0.000103766,0.004026265,0.005683491,0.008343788,0.009430154,0.010385816,0.010790359,0.009890402,0.012962262,0.011514236,0.00479771,0.005963659,0.004954277,0.007626876,0.004646729,0.006560413,0.009042774,0.013625191,0.016856508,0.018604301,0.018283371,0.020484492,0.023486355,0.027771238,0.030152887,0.034150068,0.040765278,0.048713159,0.056791954,0.06753955,0.053397145,0.061089426,0.047448613,0.038996719,0.052958306,0.026047189,0.008762212,0.001665346,0.004297132,0.016211066,0.021346098,0.021775819,0.015269525,0.012239504,0.007818651,0.005721251,0.004732795,0.002859575,0.001372342,0.001045104,0.000976558,0.000800321,0.000678625,0.000600459,0.000512312,0.000544298,0.000460178,0.000388792,0.000571888,0.000453913,0.000273438,0.000520174,0.000547719,0.000616557,0.000618075,0.000609585,0.000519967,0.000420543,0.00044464,0.000560826,0.001003982,0.001027031,0.000808307,0.000435357,0.000722949,0.000702318,0.000653998,0.000867027,0.000754317,0.000856519,0.000780769,0.000684838,0.000735603,0.000879252,0.000919421,0.0013084,8.30E-05,0.00033665,0.000559301,0.000547885,0.000665819
Head 1,183,0.00062106,6.16E-05,3.40E-05,0.000514143,0.00099826,0.002759492,0.000188465,5.76E-05,0.000966852,0.002049958,0.000113204,3.76E-05,0.000700239,0.001314215,9.18E-05,4.36E-05,2.88E-05,1.88E-05,2.34E-05,2.76E-05,2.37E-05,2.02E-05,2.27E-05,3.43E-05,0.000896237,0.001220889,9.48E-05,6.07E-05,4.20E-05,0.001666279,0.001807424,8.37E-05,6.07E-05,0.003660997,0.004439166,0.000106956,9.78E-05,0.004033451,0.005569966,0.008083888,0.009173064,0.010258609,0.01097359,0.010447189,0.014151873,0.012895436,0.005427097,0.006457075,0.005000323,0.007158758,0.004049073,0.005541845,0.007621954,0.01179284,0.015285029,0.017919099,0.018729439,0.0218817,0.025213981,0.028920399,0.02975972,0.031693053,0.036087621,0.042426635,0.050484847,0.06316898,0.053793449,0.066062488,0.053869829,0.044418227,0.056663726,0.024796484,0.007813837,0.001408681,0.003772531,0.01554708,0.021310445,0.022730913,0.016751459,0.0137123,0.008694774,0.006051356,0.004711778,0.002735329,0.001305697,0.000989594,0.000913812,0.000747407,0.000647706,0.000595388,0.000533812,0.000589278,0.000505171,0.00041788,0.00058963,0.000444668,0.00025995,0.000492489,0.000534718,0.000633112,0.000669381,0.000687326,0.000598572,0.000481307,0.000493441,0.00059612,0.001017006,0.000983584,0.000740719,0.000403987,0.000648321,0.000638321,0.000622028,0.000875839,0.000809504,0.000949666,0.000872279,0.000747984,0.000770598,0.000873765,0.000869048,0.001193502,8.50E-05,0.000343317,0.000576591,0.000563374,0.000672536,0.000976237
Head 1,184,9.83E-05,6.69E-05,0.001003834,0.001878696,0.005285268,0.000394669,0.000147656,0.001670043,0.003155825,0.000216973,9.97E-05,0.001077223,0.001730548,0.000198059,0.000109343,6.32E-05,4.10E-05,5.59E-05,7.32E-05,6.67E-05,5.69E-05,6.05E-05,8.56E-05,0.001354852,0.002065341,0.000281635,0.000204239,0.000136765,0.002653846,0.002427598,0.000161144,0.000103371,0.003105027,0.003898264,8.96E-05,9.23E-05,0.004122336,0.005344635,0.007620061,0.00905799,0.01127507,0.01331927,0.013359706,0.020019989,0.019246904,0.008613153,0.010579325,0.007982692,0.010558479,0.006152593,0.007777548,0.0099626,0.014263673,0.01691192,0.018696638,0.019055275,0.023588957,0.029932156,0.036736041,0.038453713,0.038212884,0.038328245,0.03930334,0.041813295,0.048930295,0.040212557,0.052240897,0.045426264,0.040682226,0.05478812,0.016319074,0.004431792,0.000690116,0.002382885,0.013807359,0.019185228,0.020967593,0.016837457,0.015607352,0.011036893,0.008011079,0.005849795,0.003071145,0.001310083,0.000943631,0.000769532,0.00050824,0.000352501,0.000278481,0.000231452,0.000262703,0.000230116,0.000185433,0.0002656,0.000170925,8.27E-05,0.000161149,0.000178722,0.000236358,0.000288365,0.000340284,0.000323689,0.000273246,0.000292128,0.000371123,0.000690188,0.000679265,0.00048278,0.000331069,0.000502038,0.000465901,0.000441681,0.000679395,0.000685854,0.000925289,0.00092232,0.000832669,0.000891849,0.001012753,0.000968044,0.001296285,6.85E-05,0.000140901,0.000259882,0.00027875,0.000355177,0.000519484,0.003537002
Head 1,185,6.38E-05,0.001024483,0.001971243,0.005765421,0.000422883,0.000155213,0.001811578,0.003375956,0.000226159,0.000104027,0.001257822,0.002094259,0.000234913,0.000124019,7.04E-05,4.26E-05,5.35E-05,6.69E-05,6.07E-05,5.29E-05,5.79E-05,8.22E-05,0.001287438,0.002081612,0.000274867,0.00020509,0.000149869,0.002897893,0.002659956,0.000203673,0.000124501,0.002919527,0.003523869,8.76E-05,8.75E-05,0.00415703,0.00549671,0.007637042,0.008613752,0.010284776,0.012178048,0.012568944,0.019524651,0.019372048,0.00884544,0.011326674,0.00877101,0.011445103,0.00623338,0.007281717,0.008931525,0.01277185,0.015468639,0.017531741,0.018049423,0.022351345,0.02871163,0.036102287,0.038731717,0.039079815,0.038888056,0.038911972,0.04029721,0.046651814,0.038449511,0.050828431,0.04556191,0.04250592,0.060166769,0.019286832,0.004778701,0.000701844,0.002228027,0.012914709,0.018279189,0.020163534,0.016096935,0.015013083,0.011119024,0.00867067,0.006663513,0.003447132,0.001383819,0.000974334,0.000815485,0.000565073,0.000401945,0.000313577,0.000252612,0.000279053,0.000246055,0.00020525,0.000303046,0.000195799,8.98E-05,0.000165091,0.000169039,0.000212096,0.000258596,0.000321609,0.000330183,0.000296424,0.000324786,0.000405861,0.000728017,0.000696434,0.00047891,0.000337614,0.000504392,0.000453164,0.000417241,0.000630174,0.000644542,0.000908318,0.000950977,0.000895264,0.0009655,0.001080219,0.00100856,0.001335066,7.91E-05,0.00014835,0.000259563,0.000271895,0.000351544,0.000540556,0.003839758,0.005251902
Head 1,186,0.000995902,0.001952646,0.005903868,0.000413979,0.000155361,0.001988408,0.003688648,0.000233995,0.000103426,0.001377956,0.002400737,0.000247746,0.000131237,7.59E-05,4.45E-05,5.19E-05,6.04E-05,5.24E-05,4.52E-05,5.06E-05,7.45E-05,0.001174172,0.001978925,0.000250741,0.000189044,0.000145534,0.003105878,0.002875866,0.000242463,0.000147069,0.00295185,0.00333363,8.88E-05,8.35E-05,0.003976185,0.005556122,0.007867228,0.008625402,0.009766945,0.011221523,0.011649995,0.018532332,0.01896874,0.008791447,0.011678939,0.009379373,0.012501853,0.006716889,0.007270256,0.008304779,0.011435692,0.01383645,0.016084958,0.01703018,0.021330016,0.027590694,0.035241,0.038640898,0.040073812,0.040499255,0.040303044,0.040801041,0.046391029,0.037697535,0.050135769,0.045528371,0.043372221,0.063276738,0.023878917,0.005610904,0.00073968,0.002047634,0.011290711,0.016257193,0.018496281,0.014971473,0.013900993,0.010382757,0.008441095,0.006952866,0.003741196,0.00145471,0.000983405,0.000817848,0.000584534,0.000433254,0.000343602,0.000273713,0.000293244,0.000253432,0.000213205,0.00032166,0.000214685,9.79E-05,0.000175951,0.000168902,0.000197077,0.000228843,0.000284923,0.0003073,0.000295537,0.000343675,0.000439268,0.000774703,0.00072,0.000477916,0.000332895,0.000496539,0.000435927,0.00039076,0.000573648,0.000579121,0.000829371,0.000901791,0.000893236,0.000997595,0.001126537,0.001039262,0.001355008,8.06E-05,0.00016048,0.000264301,0.000262517,0.000331517,0.000521295,0.003691032,0.005614195,0.005017951
Head 1,187,0.001916004,0.005806137,0.000409218,0.000161215,0.002183351,0.004092324,0.000258527,0.000109296,0.001463176,0.002606259,0.000260563,0.000143394,8.68E-05,5.22E-05,5.88E-05,6.38E-05,5.18E-05,4.28E-05,4.70E-05,7.13E-05,0.001064392,0.001804464,0.000242784,0.000184346,0.00014556,0.00329504,0.003081651,0.000297847,0.000186837,0.003122654,0.003333302,0.000102564,8.97E-05,0.003623524,0.005338143,0.007977791,0.008945902,0.009849492,0.010814213,0.010990003,0.017417185,0.018276013,0.008732624,0.011766079,0.009697095,0.013300098,0.007532252,0.007810128,0.008342759,0.010760161,0.012566277,0.014670866,0.016058609,0.020661552,0.027002044,0.034681916,0.038455989,0.040769618,0.042230818,0.042446624,0.042307496,0.046852235,0.03700693,0.04892442,0.044664159,0.043279659,0.063996017,0.028067034,0.006893679,0.000855069,0.002020211,0.009773194,0.013795897,0.016055143,0.013657643,0.012924652,0.009621104,0.007759454,0.006597677,0.003793001,0.00153286,0.001032909,0.000843596,0.000604512,0.000461797,0.000379034,0.00030851,0.000327989,0.000278445,0.000231652,0.000347499,0.000238981,0.000112194,0.000200821,0.00018722,0.000205429,0.000221803,0.000262295,0.000281647,0.0002822,0.000348982,0.000468449,0.000831804,0.000759187,0.000490095,0.000334587,0.000489993,0.000423973,0.000376331,0.000541877,0.000537146,0.000760219,0.000841238,0.000869681,0.001020648,0.001194288,0.001114691,0.00143039,8.34E-05,0.000184359,0.000285586,0.000265836,0.00031808,0.000487622,0.003363723,0.005567507,0.005408566,0.006462788
Head 1,188,0.00574123,0.000380642,0.000157797,0.00238307,0.004579816,0.000272502,0.000111789,0.001574911,0.002820407,0.000259601,0.000145986,9.15E-05,5.77E-05,6.57E-05,6.93E-05,5.32E-05,4.12E-05,4.27E-05,6.45E-05,0.000993336,0.001648167,0.00022436,0.000168467,0.000132295,0.003509134,0.003410496,0.000331416,0.000216418,0.003467991,0.003617675,0.000123204,9.77E-05,0.003296542,0.004926578,0.007714019,0.009099308,0.010104737,0.010707214,0.010436902,0.016118269,0.017051434,0.008443364,0.011633249,0.009859302,0.014040637,0.008539933,0.008925578,0.009180673,0.011034055,0.012005703,0.013430258,0.014681403,0.019314088,0.025710005,0.033307988,0.037121169,0.039851654,0.042345271,0.043604478,0.043766506,0.047852632,0.036743555,0.047836371,0.043344352,0.042573195,0.064267769,0.032706179,0.009187461,0.001180462,0.002438725,0.009737749,0.012500458,0.014003756,0.012214837,0.012008476,0.009161763,0.007344613,0.00626884,0.003760572,0.001610023,0.001117168,0.000912901,0.000646914,0.000495388,0.000414298,0.000346169,0.000370521,0.000312466,0.000255291,0.000374691,0.000260012,0.00012585,0.000226781,0.00021195,0.000225662,0.000229164,0.000252609,0.00025808,0.000257843,0.000333454,0.000478361,0.000896555,0.000836614,0.00053612,0.000352124,0.00050914,0.000434074,0.000379035,0.000537914,0.000520225,0.000715556,0.000780904,0.000816685,0.000997127,0.001224047,0.001184265,0.001528472,8.58E-05,0.0002101,0.00032304,0.000288983,0.000328512,0.000481619,0.002915527,0.005115093,0.005431001,0.007108291,0.007511199
Head 1,189,0.000349415,0.000150014,0.002532478,0.004976114,0.000278041,0.000113695,0.001723642,0.003065218,0.000260565,0.000144844,9.15E-05,6.00E-05,7.06E-05,7.56E-05,5.68E-05,4.16E-05,4.02E-05,5.81E-05,0.000951108,0.001527643,0.000204159,0.000153031,0.00011856,0.003570745,0.003689428,0.000337066,0.000229855,0.003794468,0.003992209,0.000152097,0.000112002,0.003143798,0.004556505,0.007217262,0.008973438,0.010466661,0.011163018,0.010537838,0.015634945,0.016137589,0.008066123,0.011334463,0.009852742,0.014467053,0.009276533,0.010147089,0.010529851,0.012193927,0.012377186,0.012894269,0.013507064,0.017798517,0.024228603,0.032025084,0.036086749,0.038999312,0.042068202,0.044375695,0.04557785,0.050207227,0.037981484,0.048250202,0.042494934,0.041357085,0.063533887,0.034131609,0.010936137,0.00156127,0.003140954,0.011009331,0.012554952,0.012754944,0.010649079,0.01062656,0.008438777,0.006892953,0.00583653,0.003487906,0.001538711,0.001115634,0.000937613,0.000666642,0.000506731,0.000424517,0.000360637,0.000391964,0.000333941,0.000271091,0.000391201,0.000269098,0.000131985,0.000240252,0.000229302,0.000245238,0.000242618,0.000252809,0.000240222,0.000228094,0.000293933,0.000439377,0.000883076,0.000873772,0.000573434,0.000355377,0.000514739,0.000433769,0.000371719,0.000522947,0.000496421,0.000667423,0.000709815,0.000731802,0.000905446,0.001155875,0.001174051,0.001569102,8.83E-05,0.000218083,0.000347561,0.000309448,0.000339649,0.000474088,0.002460245,0.00436207,0.004903595,0.007011989,0.008046083,0.007344548
Head 1,190,0.000146004,0.002618577,0.005168622,0.000282059,0.000118981,0.001912229,0.0033815,0.000278159,0.000149666,9.45E-05,6.34E-05,7.64E-05,8.44E-05,6.46E-05,4.65E-05,4.26E-05,5.75E-05,0.000914457,0.001420475,0.000187276,0.000144343,0.000112782,0.00338701,0.003738168,0.000335809,0.000239226,0.004027907,0.004282967,0.000194701,0.00014231,0.003165042,0.004328814,0.00659451,0.008305017,0.010210096,0.011416504,0.010897973,0.015736051,0.015630687,0.007686938,0.010818211,0.009613732,0.014358629,0.009446086,0.010861681,0.011758684,0.013726607,0.013443347,0.013117275,0.012843205,0.01633946,0.022281198,0.030007528,0.034515381,0.03775372,0.041029554,0.043882858,0.04611427,0.051860962,0.039712027,0.049564369,0.042379338,0.040088974,0.061533414,0.032882534,0.011411658,0.001894872,0.003978479,0.013078404,0.013711515,0.012643756,0.009598154,0.009180726,0.007383669,0.006271308,0.005407474,0.003218565,0.001429466,0.001072926,0.000935754,0.000686302,0.000528194,0.000444153,0.000380547,0.000418453,0.000363144,0.000298312,0.000425904,0.000291027,0.00014299,0.000258767,0.000250734,0.000272432,0.000270358,0.000274704,0.000246264,0.00021818,0.000267206,0.000393789,0.000815962,0.00086038,0.000598524,0.000351632,0.000513817,0.000432229,0.000366303,0.000509226,0.000477198,0.000633501,0.00066159,0.000668377,0.000816029,0.001054689,0.001112523,0.00155508,9.58E-05,0.000222037,0.000370218,0.000339636,0.000369499,0.000496602,0.002164877,0.003715734,0.004226463,0.006356883,0.007917278,0.007787988,0.009243805
Head 1,191,0.002605329,0.005206481,0.000245046,0.000109107,0.00207683,0.003714196,0.000266926,0.000139895,8.72E-05,5.84E-05,7.13E-05,8.11E-05,6.44E-05,4.70E-05,4.23E-05,5.41E-05,0.000878959,0.001322969,0.000149125,0.000119749,9.42E-05,0.003091843,0.003565501,0.00028133,0.000205124,0.00431588,0.004592213,0.000205913,0.00015806,0.003335088,0.004364231,0.006274486,0.007628933,0.00952341,0.011154247,0.011061946,0.016070599,0.015506989,0.007252309,0.010061359,0.008995461,0.013743667,0.008985445,0.01091696,0.012623043,0.015511383,0.01533374,0.014453015,0.013252756,0.015819663,0.020821135,0.027929829,0.032541752,0.03616501,0.039651711,0.042689595,0.045504168,0.052340794,0.04107447,0.051624153,0.043585598,0.040035833,0.060749453,0.032941215,0.011651708,0.002175786,0.004821121,0.015549083,0.015789812,0.014001124,0.009628844,0.008385476,0.00639395,0.005465585,0.004871206,0.002948121,0.001296594,0.000978484,0.000869336,0.000656126,0.000516855,0.000438323,0.000377051,0.000417962,0.00036662,0.000304783,0.00043442,0.000295516,0.000143503,0.000258879,0.000252303,0.000278209,0.000280491,0.000285326,0.000248639,0.000207742,0.00023912,0.000336509,0.000694101,0.000760924,0.000565488,0.000322247,0.000487217,0.000417285,0.000354361,0.000489552,0.000450353,0.000591015,0.000605373,0.000597774,0.000711827,0.000910011,0.000970138,0.001407339,9.21E-05,0.000198381,0.000348212,0.000335673,0.000375918,0.00050783,0.001848959,0.003056953,0.00340125,0.00520453,0.006910747,0.007372433,0.0095126,0.005960829
Head 1,192,0.00531791,0.000249534,0.000115734,0.002296614,0.00418282,0.000304655,0.000154638,9.66E-05,6.43E-05,7.78E-05,8.93E-05,7.38E-05,5.59E-05,5.09E-05,6.28E-05,0.000880917,0.001277801,0.00014221,0.000116907,9.38E-05,0.00286851,0.003347583,0.000286116,0.000207857,0.00473752,0.005063229,0.000246088,0.000203007,0.003665166,0.00468317,0.006357353,0.007239976,0.00874628,0.010437329,0.010877242,0.016332796,0.015889866,0.007238518,0.0096948,0.008491003,0.012927664,0.00842813,0.010498133,0.012757445,0.016617479,0.017094413,0.016189894,0.014320008,0.016018081,0.019868961,0.025800189,0.02997236,0.033802859,0.037542295,0.040620171,0.043539494,0.0506263,0.04088128,0.052410346,0.044812974,0.040623393,0.059954293,0.032540366,0.011043457,0.002141233,0.005043431,0.016779179,0.01754565,0.016022608,0.010599274,0.008483239,0.005927282,0.004853006,0.004362664,0.002738786,0.001233473,0.000943059,0.00084641,0.000653841,0.000531861,0.000463656,0.000406937,0.000457529,0.000407704,0.000345658,0.000490541,0.000336879,0.000163809,0.000288496,0.000279298,0.000308567,0.000315717,0.000326152,0.000285055,0.00023184,0.000252637,0.000332598,0.000648812,0.000701253,0.000544022,0.000318762,0.000491573,0.000432169,0.000373903,0.000515236,0.000469512,0.000608463,0.000615934,0.000600482,0.000699793,0.000874437,0.000922858,0.001349497,9.28E-05,0.000197394,0.000354648,0.000357002,0.000414882,0.000570875,0.001904688,0.002979415,0.00315026,0.004659494,0.006261974,0.007055549,0.009889567,0.006648992,0.009689362
Head 1,193,0.000225193,0.000108316,0.002408891,0.00447208,0.000308053,0.000156766,9.82E-05,6.45E-05,7.74E-05,8.82E-05,7.43E-05,5.84E-05,5.47E-05,6.79E-05,0.000905546,0.001247169,0.000128197,0.000105065,8.31E-05,0.002685042,0.003073014,0.000263799,0.000190062,0.005046452,0.005443872,0.000243262,0.00021138,0.003874618,0.004959078,0.0065791,0.007109657,0.008126853,0.00951053,0.010184648,0.016030865,0.016308941,0.007494671,0.009805315,0.008273008,0.012386144,0.007858038,0.009868178,0.012387868,0.017010717,0.018462474,0.018159021,0.016119815,0.017373255,0.020236587,0.024834784,0.028001798,0.031615101,0.035802849,0.039464798,0.042803071,0.050010409,0.040924102,0.053569667,0.046967801,0.042990059,0.062349696,0.033235021,0.010777202,0.002036079,0.004904101,0.016406937,0.01755774,0.017065708,0.011657463,0.009040726,0.005811816,0.004323527,0.003690532,0.002334984,0.001080278,0.000842733,0.000758128,0.000586675,0.000484369,0.00043103,0.000386138,0.000442893,0.000400313,0.000345196,0.000493209,0.000343557,0.000168544,0.000292796,0.000281773,0.000310408,0.000320037,0.000335847,0.000299558,0.000244562,0.000260849,0.00032826,0.000604301,0.000614925,0.000471168,0.000288945,0.000446346,0.00039997,0.000354898,0.000496896,0.000451074,0.000576411,0.000573596,0.000551411,0.000633828,0.00077905,0.000807713,0.00117196,8.45E-05,0.000181718,0.000327461,0.000335196,0.00040406,0.000578185,0.001849933,0.002783683,0.002819258,0.003980614,0.005222981,0.005958077,0.008843013,0.00636918,0.00998089,0.007437475
Head 1,194,0.000111636,0.002521355,0.004736674,0.000336247,0.000174321,0.000111177,7.32E-05,8.68E-05,9.73E-05,8.21E-05,6.65E-05,6.44E-05,8.19E-05,0.001010947,0.001310434,0.000141838,0.000109251,8.32E-05,0.002539681,0.002830531,0.000269606,0.000194206,0.005237622,0.005877988,0.000266505,0.000233719,0.004159733,0.005356179,0.007070474,0.00740745,0.007942998,0.008780329,0.009224499,0.01473751,0.015750924,0.007659059,0.010019833,0.008230671,0.011954571,0.007449997,0.00921067,0.011600074,0.016381476,0.018653251,0.019358553,0.017833568,0.019256273,0.021559242,0.024826165,0.026445482,0.028928511,0.032733675,0.036628962,0.040422458,0.047458392,0.039208643,0.051692396,0.046477679,0.043670099,0.063115321,0.033575855,0.01074689,0.001972563,0.004904639,0.016379207,0.017325485,0.017388994,0.012621601,0.010102659,0.006364737,0.004362293,0.003399415,0.002071857,0.00098155,0.000789692,0.000723595,0.000565544,0.000473319,0.000430855,0.000396632,0.000466331,0.000431181,0.000380545,0.000548569,0.000391554,0.000198103,0.000336124,0.000320716,0.000348565,0.000356769,0.000375304,0.000340528,0.000283247,0.000302406,0.000372671,0.000654078,0.000617925,0.000448038,0.000298597,0.000448709,0.000402995,0.000364426,0.00051983,0.000478282,0.000606461,0.000595366,0.000563704,0.000639169,0.000773716,0.000788491,0.001118445,8.70E-05,0.000191791,0.000340889,0.000345454,0.000420665,0.000617936,0.002030978,0.002947476,0.002889853,0.003870044,0.004824273,0.005352806,0.008023323,0.006123339,0.010351225,0.008243729,0.013136745
Head 1,195,0.002508162,0.004790704,0.000307797,0.000166959,0.000107851,7.16E-05,8.52E-05,9.48E-05,7.91E-05,6.43E-05,6.38E-05,8.33E-05,0.001165384,0.001450087,0.000148352,0.000105506,7.54E-05,0.002386205,0.002591907,0.000231412,0.000170143,0.005116985,0.006052135,0.000250797,0.000214563,0.004417374,0.005682091,0.007531418,0.007860257,0.008121076,0.008490346,0.008472697,0.01330446,0.014545646,0.007469189,0.010124063,0.008309489,0.011827861,0.006996928,0.008448486,0.010529086,0.015095484,0.017866284,0.019627802,0.019138226,0.021641165,0.024419125,0.027112814,0.027140761,0.027923552,0.03052396,0.033992592,0.038065363,0.045345273,0.037760921,0.049908195,0.045417633,0.043750197,0.064544514,0.034272172,0.01105913,0.001990446,0.005165776,0.017395027,0.01750174,0.01714088,0.012813977,0.010859612,0.007142241,0.004762466,0.003395573,0.001879925,0.000850632,0.000683863,0.000636274,0.000503287,0.000424098,0.00038942,0.000364161,0.000438653,0.000414445,0.000373322,0.000550415,0.000398772,0.000205589,0.000347197,0.000329702,0.000355049,0.000360382,0.000378353,0.000346218,0.000292331,0.000316812,0.000393502,0.000687063,0.000616906,0.000414087,0.000290504,0.000421809,0.000370999,0.000335363,0.000490823,0.000463779,0.000597849,0.000586126,0.000546702,0.000609255,0.000726294,0.000727485,0.001014773,8.68E-05,0.000185423,0.000330226,0.000326551,0.000392513,0.000583889,0.002004958,0.002887488,0.002794833,0.003636783,0.004343742,0.004606999,0.006760024,0.0052366,0.009456398,0.008067667,0.013849574,0.011031673
Head 1,196,0.006293414,0.000457251,0.00022566,0.000165461,0.000113323,0.000126587,0.000138523,0.000122498,0.000109226,0.000115546,0.000147067,0.001764833,0.002205403,0.000235427,0.000135104,9.42E-05,0.002715087,0.002885354,0.000253467,0.000175825,0.004828027,0.005601988,0.000268348,0.000247135,0.005051205,0.006753318,0.008942939,0.009320091,0.009656199,0.010419751,0.011115712,0.017317884,0.020042947,0.012306137,0.016912175,0.014761524,0.019568892,0.011569957,0.012389382,0.01358002,0.017358717,0.019443994,0.020552687,0.019169856,0.020482229,0.022354025,0.024550594,0.024828777,0.025969421,0.02855099,0.031486597,0.034385264,0.03930163,0.03237075,0.039751917,0.035523046,0.03370953,0.047937665,0.029887227,0.01079648,0.002532893,0.005573079,0.015311719,0.015143279,0.015344734,0.01198156,0.010412867,0.007464528,0.005507973,0.004216769,0.002393774,0.00103031,0.000764387,0.000679281,0.000533596,0.000436336,0.000378223,0.000331963,0.00037682,0.000358345,0.000348805,0.000538548,0.000451403,0.000274323,0.000462627,0.00045343,0.000496771,0.000527118,0.000595694,0.000609748,0.000570727,0.000647019,0.000785202,0.001242343,0.001086994,0.000732331,0.000743154,0.001030137,0.000879329,0.000746099,0.000980904,0.00088229,0.001080714,0.001042294,0.000973705,0.001051486,0.001192003,0.001157713,0.001514291,0.000203272,0.000268664,0.000486531,0.00050612,0.000618298,0.000925915,0.003292284,0.004492048,0.004058763,0.004771306,0.005123785,0.004890061,0.006465619,0.004830316,0.008299359,0.007329158,0.012738787,0.010649134,0.008636651
Head 1,197,0.000423053,0.000225029,0.000171115,0.000122968,0.000140194,0.000150525,0.000127422,0.000110115,0.000117418,0.00015701,0.002081224,0.002604767,0.000311582,0.000164661,0.000107227,0.002690765,0.00278131,0.000244777,0.000175145,0.004771322,0.005699078,0.000284557,0.000248291,0.004924165,0.006693997,0.009093063,0.009691115,0.00986331,0.010047294,0.009984108,0.014768694,0.016917806,0.01082196,0.015661633,0.014530056,0.020327918,0.012793617,0.013737634,0.014498034,0.01763895,0.019296564,0.020683412,0.020111874,0.022421116,0.024861105,0.026687466,0.025578761,0.025081782,0.026397552,0.028751522,0.031817589,0.037479855,0.03171619,0.039576545,0.035496619,0.033554643,0.046840236,0.029944783,0.011199161,0.002458609,0.005448407,0.015640177,0.015203354,0.014853803,0.011583052,0.010323728,0.007654002,0.005753398,0.004411655,0.002483399,0.001057448,0.00076104,0.000656883,0.000511695,0.000424642,0.000377105,0.000336812,0.000383681,0.000355066,0.000332922,0.000504811,0.000427495,0.000273385,0.000476503,0.000480011,0.000524208,0.000539115,0.000585271,0.000587623,0.000558829,0.000662499,0.000852447,0.001408557,0.001239903,0.000803708,0.000812859,0.00111443,0.000943924,0.000793504,0.001035646,0.000929739,0.001125371,0.001074671,0.000991738,0.001063388,0.001196005,0.001147983,0.001476683,0.000183226,0.000259793,0.000488962,0.000511791,0.000614627,0.000913139,0.003507471,0.004856685,0.004464746,0.005326801,0.00565411,0.00519458,0.006476812,0.004613929,0.007775818,0.0069223,0.012606625,0.011184861,0.009432225,0.01097063
Head 1,198,0.000203959,0.000156408,0.000117666,0.000140913,0.000154288,0.000127402,0.000105225,0.000108921,0.000146302,0.002370718,0.003070955,0.000376131,0.000191369,0.00012162,0.002753248,0.002747953,0.00022656,0.000161228,0.004536469,0.005627432,0.000280875,0.000236672,0.004765664,0.006509056,0.008978332,0.009858374,0.010133929,0.010023734,0.009327467,0.012904614,0.014096763,0.008963081,0.013373326,0.013068172,0.019486427,0.013019766,0.01459323,0.015352965,0.018045329,0.019049235,0.020201368,0.020165509,0.023656564,0.027554296,0.030225217,0.028415857,0.026335945,0.026021739,0.027076952,0.029442012,0.035156012,0.03042808,0.039154373,0.035692614,0.033968188,0.047083471,0.029740937,0.011763447,0.002544909,0.005555952,0.016559381,0.015946226,0.014788414,0.011102302,0.009875554,0.007529866,0.005831211,0.004554372,0.002556943,0.001071948,0.000747039,0.000619641,0.000467295,0.000383909,0.000345171,0.000315734,0.000368948,0.000340018,0.000308446,0.000456951,0.00037678,0.000243444,0.000438993,0.000459367,0.000513723,0.000525483,0.000553674,0.000536633,0.000502528,0.000605922,0.000819285,0.001444815,0.001332366,0.00086258,0.000845329,0.001158831,0.000973139,0.000805474,0.001046242,0.000941259,0.001138522,0.001083561,0.000990753,0.001054141,0.001176776,0.001115773,0.001415582,0.00016533,0.000222023,0.000442851,0.000477934,0.000573688,0.00083827,0.003361878,0.004757676,0.004447402,0.005467668,0.005890152,0.005347847,0.006415831,0.00433912,0.007045216,0.006133092,0.011478987,0.010668714,0.009406347,0.011308679,0.008385682
Head 1,199,0.0001355,0.000104103,0.000131583,0.000151929,0.000127662,0.00010321,0.000103007,0.00013335,0.002603851,0.003539665,0.000410404,0.00021333,0.000139011,0.00292605,0.002821581,0.00021331,0.000146193,0.004182867,0.00533587,0.000262252,0.000223843,0.004736992,0.006436165,0.008838062,0.009901777,0.010465078,0.010402254,0.009293111,0.012028392,0.012221088,0.00742554,0.011061057,0.011172096,0.017526647,0.01229629,0.014731818,0.016056797,0.018773917,0.019195179,0.019698186,0.019553002,0.023634572,0.029124938,0.033777099,0.032590553,0.029515343,0.027555896,0.026937576,0.027943859,0.032842647,0.028573174,0.037676238,0.03510889,0.034035735,0.047752686,0.0288548,0.012154197,0.00278512,0.005910205,0.017911872,0.017353211,0.01537602,0.010884847,0.009401781,0.007256246,0.005831503,0.004722045,0.002674988,0.001111217,0.000760647,0.000610844,0.000443301,0.000352456,0.000312356,0.000288416,0.000347361,0.000326844,0.000294347,0.000430916,0.00034087,0.000215197,0.000394411,0.000425141,0.00049321,0.000515245,0.000539224,0.000506285,0.000456801,0.000539876,0.000740913,0.001375814,0.001358717,0.000916696,0.000864047,0.001192254,0.000993856,0.000807377,0.001038107,0.000933376,0.001135463,0.001085619,0.000992242,0.00104682,0.001163277,0.001095983,0.001385435,0.000160502,0.000180627,0.000379272,0.000432881,0.000537161,0.000785408,0.003039561,0.004419655,0.004190536,0.005314183,0.005900991,0.00541721,0.006414042,0.004175333,0.006480786,0.005415235,0.010130497,0.009623132,0.009098006,0.011423628,0.008655468,0.005986783
Head 1,200,8.51E-05,0.00011093,0.000135563,0.000119669,9.84E-05,9.71E-05,0.000120482,0.002707557,0.003871961,0.000388298,0.000215772,0.00014988,0.003210913,0.003010178,0.000205799,0.000132556,0.003880811,0.004900535,0.00022427,0.000202276,0.004776311,0.006521866,0.008845818,0.009884154,0.010671854,0.010898923,0.009689484,0.012020025,0.011324455,0.006310912,0.009067243,0.009190466,0.014908947,0.010722975,0.013810155,0.016092433,0.019511776,0.019896131,0.019825609,0.01914425,0.023008607,0.029345475,0.036315665,0.037299771,0.034613207,0.031554621,0.029199973,0.028446525,0.032035369,0.027256172,0.036244616,0.034251373,0.033777017,0.048625112,0.027820332,0.012002081,0.002955312,0.00606565,0.018671423,0.018889945,0.016670804,0.011130024,0.009036856,0.00677634,0.005560492,0.004727708,0.002752154,0.001133342,0.000765786,0.000600624,0.000421602,0.000321925,0.000275215,0.000249878,0.000305216,0.000294187,0.000268335,0.000396922,0.000302973,0.000182591,0.00033608,0.000365152,0.000436155,0.000470844,0.000501844,0.000466784,0.000406626,0.000461554,0.000619806,0.001171992,0.001231447,0.000890099,0.000814998,0.001158439,0.000972424,0.000781168,0.000990805,0.000880964,0.001077776,0.001038926,0.000959849,0.001009884,0.001120077,0.001051736,0.001338391,0.000156012,0.000137334,0.000292772,0.000351708,0.000462291,0.000699824,0.002508509,0.003804423,0.003660264,0.004777172,0.005498198,0.005192217,0.00624935,0.003991172,0.005970651,0.004744778,0.00866758,0.008175674,0.008333674,0.010904174,0.008478463,0.005975293,0.002881571
Head 1,201,9.80E-05,0.000122418,0.000113961,9.87E-05,0.000100245,0.000122715,0.002688866,0.003993077,0.000370673,0.00021693,0.000164156,0.003608531,0.003301985,0.000234323,0.000137491,0.003708413,0.004424086,0.000192245,0.000184286,0.004626787,0.006568494,0.008976933,0.009851689,0.010567569,0.0110619,0.010153448,0.012582797,0.011388169,0.005809271,0.007734981,0.007513559,0.012159986,0.009031241,0.012261406,0.015356136,0.019867646,0.021012653,0.020887595,0.01961905,0.02253221,0.028191909,0.035917267,0.039343935,0.038883254,0.036333114,0.03287572,0.030190153,0.031866476,0.02577579,0.033811286,0.032110311,0.032149117,0.047304515,0.026458286,0.011138094,0.00280882,0.005509776,0.017253699,0.019318124,0.018490693,0.012412448,0.009519198,0.006642658,0.005279973,0.004633265,0.002849728,0.001205217,0.000818045,0.000635773,0.00043684,0.000322865,0.000265637,0.000233231,0.000281358,0.000274208,0.000255529,0.000386966,0.000293165,0.000170619,0.000311702,0.00033455,0.00040284,0.000447029,0.000493302,0.000470285,0.000408023,0.000447304,0.000571792,0.00104113,0.001110509,0.00085625,0.000787284,0.001171938,0.001015238,0.000825652,0.001033613,0.000898661,0.001087468,0.001047269,0.000982747,0.001039671,0.001151968,0.001076493,0.001371245,0.000159086,0.000117884,0.000238139,0.000289917,0.000404436,0.000653456,0.002252915,0.003590201,0.003511733,0.004647514,0.00544761,0.005282536,0.006560706,0.004244965,0.006212867,0.004735465,0.008205083,0.007457787,0.007962904,0.010731217,0.008563484,0.006240575,0.003093941,0.002919872
Head 1,202,0.00011184,0.000106241,9.65E-05,0.000102829,0.000129752,0.002717895,0.004043401,0.00035982,0.000212808,0.000171031,0.004207215,0.003814237,0.000290828,0.000158804,0.00386647,0.004255059,0.000171486,0.000165179,0.004293281,0.006379278,0.009057483,0.009945721,0.010494949,0.011020738,0.010435573,0.013221691,0.012031166,0.005870257,0.007200597,0.006470607,0.010004545,0.007489992,0.010401136,0.013774594,0.019088807,0.021494264,0.022117047,0.020876659,0.023062168,0.027480192,0.034339108,0.038692571,0.04068641,0.040357102,0.037543468,0.033791658,0.033727214,0.025492083,0.032128181,0.030010587,0.030287975,0.045286346,0.025243251,0.010452107,0.002653575,0.004866203,0.014507299,0.017533334,0.018775713,0.013743878,0.010644455,0.007045765,0.005188354,0.004414336,0.002800533,0.00124436,0.000873003,0.00069014,0.000472074,0.000341218,0.000271119,0.000228809,0.000266944,0.000257464,0.00024216,0.000374653,0.0002866,0.000164641,0.000298786,0.000315541,0.000376959,0.000422307,0.000478646,0.000473247,0.000420971,0.000459467,0.000566828,0.000976315,0.001007546,0.000793193,0.000740221,0.001147297,0.001040662,0.000880912,0.001116075,0.000957115,0.001134124,0.001072305,0.001010182,0.001078427,0.001200536,0.001122593,0.001424939,0.000167297,0.000115759,0.000208615,0.000239989,0.00033979,0.000581806,0.001986184,0.003323683,0.003368903,0.004552882,0.005397423,0.005321127,0.006806682,0.004554479,0.006692838,0.005013646,0.008257887,0.007115751,0.007536466,0.010335983,0.008439934,0.006334347,0.003261355,0.003159821,0.003255316
Head 1,203,6.13E-05,5.49E-05,6.12E-05,8.38E-05,0.002496232,0.003762454,0.000292075,0.000127335,0.000104014,0.004578087,0.004827953,0.000295054,0.000140862,0.005266638,0.005636892,0.000186396,0.000141184,0.004144094,0.006435322,0.009928079,0.01155576,0.012239046,0.012542869,0.011477187,0.014019111,0.01238014,0.005604216,0.006665722,0.005552173,0.008413218,0.005936083,0.008405467,0.011309617,0.016168091,0.01865601,0.019611144,0.019072469,0.021500189,0.026012123,0.032844719,0.037810609,0.042869911,0.04760861,0.049844835,0.049466092,0.050873403,0.035813089,0.04089639,0.033497177,0.030938862,0.046701804,0.024000501,0.009800027,0.002459782,0.004752067,0.01356244,0.015501979,0.015854659,0.011651769,0.009446821,0.006332839,0.004595615,0.003706705,0.002222792,0.0009706,0.000681514,0.000569725,0.000405615,0.000296529,0.000232965,0.00018842,0.000205026,0.000185579,0.000167836,0.00026098,0.000204119,0.000119071,0.00022517,0.000237167,0.000274081,0.000290077,0.000309644,0.000288279,0.000249448,0.000277202,0.000354699,0.000640057,0.000666563,0.000521988,0.000408484,0.000702137,0.000676801,0.000591529,0.000773852,0.0006582,0.000766622,0.000692759,0.000645478,0.000717704,0.00084036,0.000844144,0.001139063,0.000141893,0.000110163,0.000187982,0.000182202,0.000222909,0.000363907,0.000967871,0.00164217,0.001771115,0.002656692,0.003513027,0.00372079,0.004938064,0.003226676,0.004653787,0.003300971,0.005298208,0.004369145,0.003579143,0.005108574,0.004261778,0.00311565,0.001470559,0.001338991,0.001310489,0.00146979
Head 1,204,4.78E-05,5.38E-05,7.58E-05,0.0025985,0.003852167,0.000274177,0.000115523,9.39E-05,0.004686545,0.005101849,0.000287271,0.000138713,0.006091933,0.006343008,0.000189578,0.000136165,0.004018142,0.006033465,0.009258467,0.010839263,0.0116934,0.012362747,0.011811391,0.014905584,0.013492973,0.006135824,0.006985605,0.005413443,0.007556467,0.004865325,0.006736683,0.00924569,0.013989617,0.017385144,0.019529853,0.019857682,0.022516377,0.026430476,0.03176285,0.035059214,0.039377723,0.044834543,0.049499493,0.052379675,0.056531165,0.040583894,0.045719568,0.036018968,0.031696212,0.045775201,0.022175191,0.008713829,0.002233123,0.004497131,0.012722209,0.014620688,0.015487618,0.011959951,0.010099211,0.00687683,0.004857401,0.003709436,0.002120894,0.000910728,0.000645423,0.000557055,0.000412646,0.00031157,0.000247362,0.00019821,0.000209327,0.000182985,0.000160491,0.000244564,0.00018925,0.000109746,0.000209453,0.000223843,0.000263289,0.000284434,0.000309681,0.000292669,0.000254064,0.000279525,0.000348556,0.000605429,0.000607119,0.00046769,0.000347482,0.00060706,0.000610959,0.000566979,0.000785594,0.000692433,0.000815265,0.000723846,0.000652685,0.000704189,0.000802223,0.000798093,0.001084,0.000148703,0.000123916,0.00020001,0.000179572,0.000204831,0.000322554,0.000835799,0.00135711,0.001438282,0.002163889,0.002945202,0.003274224,0.004660316,0.003264669,0.004951316,0.003605225,0.00568956,0.004463992,0.003236591,0.00458944,0.003945475,0.003052222,0.001531763,0.001473301,0.001474448,0.001598544,0.001090791
Head 1,205,5.17E-05,7.38E-05,0.00276955,0.004108103,0.000292341,0.000119753,9.67E-05,0.004789799,0.005311676,0.000300652,0.000149478,0.007220621,0.007543329,0.000228008,0.000154171,0.004150484,0.005900236,0.008779822,0.010154077,0.011012012,0.011876651,0.011751822,0.015383071,0.014493997,0.006876144,0.007784551,0.005812363,0.007554369,0.004360252,0.005691319,0.007596099,0.011665069,0.01525724,0.018394981,0.020038515,0.02378732,0.028139079,0.032751013,0.034284212,0.036856595,0.041173555,0.046194118,0.051328626,0.058706708,0.044256728,0.050782382,0.039518479,0.033547744,0.046156611,0.021197928,0.00782799,0.001944641,0.004054556,0.011669256,0.013407022,0.014358357,0.011517169,0.01021972,0.007251125,0.005179665,0.0038371,0.002092034,0.000867524,0.000606041,0.000527978,0.00040366,0.000318516,0.000262173,0.000214383,0.000224772,0.000191806,0.000162888,0.000239755,0.000181612,0.000103996,0.000197849,0.000213168,0.000253757,0.000278482,0.000308652,0.00029734,0.000262174,0.000290648,0.00036011,0.000609896,0.000589756,0.000438704,0.000313329,0.000537075,0.000548714,0.000531345,0.000778728,0.000726136,0.00088772,0.000798553,0.000709363,0.000745962,0.000820048,0.000793939,0.001061632,0.000158955,0.000146459,0.000231978,0.000196571,0.000205715,0.000300798,0.000810406,0.001244459,0.001270966,0.001867806,0.002541745,0.002887275,0.004302829,0.00321146,0.005151566,0.003941418,0.006299211,0.004872941,0.003099093,0.004195189,0.003576412,0.002829447,0.001494101,0.00153172,0.001627325,0.001806404,0.001222079,0.001535074
Head 1,206,6.85E-05,0.002881279,0.004355073,0.000297783,0.000121277,9.75E-05,0.004797511,0.005323894,0.000292109,0.000148512,0.008188469,0.008881954,0.000270702,0.000175993,0.004500166,0.006034135,0.008536651,0.009563426,0.010258288,0.01111595,0.011209598,0.015131239,0.014804026,0.007394855,0.008588,0.006401883,0.007988877,0.004127503,0.005017383,0.00630962,0.009453667,0.012546565,0.015920317,0.018619908,0.023797184,0.029636078,0.034851659,0.035402715,0.036315348,0.038824499,0.042692982,0.048374038,0.058040805,0.046467263,0.055713981,0.04413268,0.036958165,0.048972566,0.021610016,0.007450078,0.001734665,0.00370519,0.011054303,0.012611942,0.013318624,0.010788416,0.009909863,0.007345268,0.005451293,0.004049365,0.002139121,0.000848721,0.000573696,0.000489756,0.000376004,0.000306069,0.000262418,0.000223033,0.000238351,0.000202836,0.000168562,0.000239371,0.00017581,9.82E-05,0.000184347,0.000198677,0.000238356,0.000264739,0.000297442,0.000291024,0.000260518,0.000292871,0.000365835,0.00061629,0.000582928,0.00041846,0.000288426,0.000473103,0.000475136,0.000465272,0.000709082,0.00070016,0.0009033,0.000846273,0.000759082,0.000790903,0.000846684,0.000794045,0.00103441,0.000163201,0.000163836,0.000268813,0.000224797,0.000220142,0.000295984,0.00079025,0.001154465,0.001125142,0.00159171,0.002122007,0.002411174,0.003689717,0.002886536,0.004909833,0.003991266,0.006661697,0.005273167,0.003090253,0.003947066,0.003250542,0.002543789,0.00136836,0.001467618,0.001659867,0.001898021,0.001334203,0.001669669,0.001755962
Head 1,207,0.002881087,0.004506192,0.000290189,0.00012134,9.90E-05,0.004834003,0.005277913,0.000282015,0.00014286,0.008756839,0.010022421,0.000312312,0.000202601,0.00504365,0.006464827,0.00860618,0.009154924,0.009523287,0.010221328,0.010388898,0.014379187,0.014506595,0.007590545,0.009179054,0.007033376,0.008725628,0.004153342,0.00472558,0.005520886,0.007830787,0.010149904,0.013090867,0.016071737,0.02207268,0.029590722,0.036578096,0.037503611,0.037540972,0.038308453,0.040204134,0.044791721,0.054802991,0.04625845,0.058715694,0.048709363,0.041400205,0.053892449,0.023383226,0.007543336,0.001615832,0.003428501,0.010622861,0.012137049,0.012574497,0.010067042,0.009319433,0.007077779,0.005521102,0.004271544,0.002272029,0.00087691,0.000571969,0.000468169,0.000350821,0.00028791,0.000254741,0.000226043,0.000250474,0.000217366,0.000180247,0.000248793,0.000177216,9.58E-05,0.000175093,0.000186451,0.000223717,0.000250611,0.000285124,0.000283432,0.000257684,0.00029401,0.000372078,0.000629803,0.000592425,0.000417309,0.000282087,0.00043816,0.000422855,0.000405841,0.000623983,0.000641514,0.000872657,0.000866104,0.000804665,0.000848214,0.000899301,0.000820343,0.001036741,0.000164625,0.000173883,0.000306868,0.000266783,0.000255763,0.00032254,0.000803297,0.001138288,0.001059628,0.001431054,0.001837163,0.002048362,0.003153856,0.002536075,0.004520424,0.003882964,0.006833733,0.005668341,0.003306188,0.003996606,0.003134045,0.002366823,0.001261888,0.001379935,0.001635845,0.001899574,0.001430809,0.001872535,0.001955807,0.001926488
Head 1,208,0.004523944,0.00027256,0.000119693,0.000100179,0.005047996,0.00536837,0.000282726,0.000139069,0.00899603,0.010915963,0.000346606,0.000232048,0.00584903,0.007370598,0.009326648,0.009354388,0.009238726,0.009582669,0.009608078,0.013475118,0.013907135,0.007551319,0.00954097,0.007623903,0.009679141,0.004450913,0.004828476,0.005251195,0.00692368,0.008477801,0.010680625,0.013278106,0.019154387,0.027590604,0.036627043,0.039332226,0.039830536,0.039663542,0.039621439,0.042278033,0.050813738,0.043896299,0.05842676,0.051536288,0.04582588,0.060460724,0.026392845,0.008144404,0.001609456,0.003300375,0.010395295,0.011863786,0.012078602,0.009528412,0.008759316,0.006656257,0.005376685,0.004374805,0.002417878,0.000939949,0.000604047,0.000472803,0.000337633,0.000270388,0.000240977,0.000220708,0.000255055,0.000229893,0.000194653,0.00026604,0.000185791,9.74E-05,0.000171426,0.000177933,0.000210871,0.000235997,0.000270286,0.00027242,0.000251854,0.000292253,0.000376483,0.000645195,0.000609398,0.000427401,0.000295218,0.000435282,0.000399265,0.000366726,0.000551504,0.000574055,0.000808546,0.000848979,0.000830967,0.000907156,0.000978132,0.000883046,0.001088111,0.000163354,0.00017307,0.000331599,0.0003103,0.000306545,0.00037864,0.000846867,0.001195304,0.001079096,0.001394466,0.001700314,0.001821703,0.002752394,0.002224403,0.004088522,0.003667859,0.006801659,0.005970763,0.003692935,0.004293555,0.003211204,0.002306727,0.00118752,0.001282079,0.001549389,0.001786228,0.001446487,0.002048331,0.002235254,0.00217806,0.002052203
Head 1,209,0.000236815,0.000110526,9.45E-05,0.005402585,0.005612401,0.000277935,0.000131845,0.008804296,0.011211568,0.000344791,0.000242901,0.006792913,0.008688189,0.010702082,0.01022474,0.009515465,0.009352494,0.009018114,0.012545529,0.01302746,0.007208789,0.009489556,0.007938127,0.01051649,0.004853252,0.005154425,0.005317121,0.006528592,0.007428221,0.008852994,0.010734685,0.015739204,0.023917023,0.034240294,0.039522603,0.042021926,0.042373545,0.041171115,0.041930806,0.04826992,0.041217513,0.055985611,0.052218553,0.049471769,0.068447106,0.030666156,0.009405468,0.001771156,0.003467093,0.01072077,0.011985743,0.011904156,0.009217829,0.008350793,0.006256704,0.005125517,0.004335275,0.00250196,0.00100199,0.000651678,0.000496614,0.000336988,0.000256883,0.000223469,0.000205674,0.000245492,0.000231406,0.000204063,0.000283829,0.000198061,0.000101761,0.000172244,0.000172436,0.000199229,0.000220042,0.000251336,0.000255233,0.000239104,0.000281816,0.000370308,0.000647247,0.000617944,0.000435138,0.000313105,0.000444414,0.000387199,0.000335913,0.000482984,0.000493578,0.000701285,0.000765906,0.00079116,0.00090612,0.00101872,0.000932844,0.001141301,0.000158527,0.00015961,0.000326695,0.000331608,0.000351293,0.000447971,0.000828751,0.001202271,0.001082686,0.001364756,0.00158355,0.001609536,0.00233557,0.001848188,0.003443491,0.003176706,0.006205605,0.005777223,0.004145805,0.004746423,0.003423598,0.002344231,0.001146736,0.001192621,0.001424943,0.001567018,0.001329871,0.002048798,0.002419759,0.002455433,0.002281602,0.001629635
Head 1,210,0.000112536,9.73E-05,0.005800789,0.006011119,0.000310634,0.000142882,0.008408977,0.010981745,0.000364029,0.000267585,0.007600389,0.010119135,0.012502328,0.011662602,0.010324401,0.009569326,0.008727811,0.011710945,0.01195436,0.006617773,0.008928456,0.007786762,0.010802625,0.005313008,0.005676755,0.005712975,0.006647616,0.007058688,0.007828557,0.008956394,0.012771087,0.019692736,0.02970292,0.036956411,0.042291887,0.044906098,0.04418575,0.043981899,0.048313193,0.039762177,0.052640948,0.050007548,0.049537785,0.072057515,0.033181872,0.01038533,0.001941491,0.003726609,0.011292333,0.012290732,0.011790217,0.008896299,0.007917,0.005836492,0.004796615,0.004148765,0.002489472,0.001049932,0.000710816,0.000547331,0.000362974,0.000263669,0.000219781,0.000197,0.000235617,0.000228655,0.000210655,0.000303423,0.000217765,0.000113202,0.000186108,0.000180234,0.000201554,0.000217268,0.000244662,0.000247759,0.00023391,0.000278519,0.000372275,0.000663613,0.000645992,0.000462621,0.000350521,0.000495162,0.000419812,0.000347259,0.00047067,0.000461473,0.000640932,0.000706869,0.000758626,0.000909595,0.001078844,0.001029043,0.001280724,0.000160177,0.000153038,0.000319689,0.000344075,0.000392914,0.000534308,0.000855701,0.001281035,0.001177207,0.001478564,0.001657087,0.001604194,0.002198347,0.001673742,0.003054146,0.002839573,0.005703176,0.005579346,0.004787909,0.005507723,0.00393121,0.002617188,0.001233064,0.001212631,0.001385327,0.00144933,0.001234357,0.001988163,0.002536576,0.002771417,0.002678621,0.001898325,0.002717335
Head 1,211,8.21E-05,0.006241458,0.006596333,0.000288092,0.000133375,0.008297928,0.010763014,0.000316445,0.000241353,0.008424405,0.011894469,0.015211339,0.014283334,0.012311522,0.01088132,0.009357648,0.011928361,0.011693447,0.006234108,0.008472287,0.007568362,0.01100893,0.005749969,0.006334422,0.006410584,0.007273374,0.007317257,0.007522348,0.007940456,0.010612987,0.015894864,0.02436519,0.031984359,0.039409541,0.04502546,0.04642291,0.046556156,0.049758736,0.039170109,0.049801212,0.046963237,0.04794069,0.074254043,0.03609233,0.011967929,0.002335403,0.004460243,0.012949913,0.013472494,0.012464106,0.009069531,0.007836658,0.005630895,0.004567853,0.00396875,0.002417039,0.001047411,0.000733887,0.000581277,0.000385144,0.00026941,0.000212939,0.000181223,0.000211547,0.000205818,0.000195219,0.000294808,0.000219722,0.000116626,0.00019146,0.000180734,0.000195272,0.00020334,0.000223064,0.000222269,0.000208498,0.000249121,0.000337323,0.00061605,0.000613359,0.00044701,0.000351951,0.000512109,0.000431822,0.000344994,0.000443484,0.000409244,0.000543005,0.000584418,0.00063436,0.000784817,0.0009803,0.000985202,0.001279056,0.000149094,0.000132001,0.000275146,0.000303856,0.000371696,0.000553682,0.000737848,0.001165437,0.001118109,0.001454633,0.001630539,0.001533104,0.002006804,0.001435348,0.002531106,0.002295709,0.00469133,0.004710093,0.005013167,0.005995783,0.004292965,0.00281517,0.001271755,0.001187719,0.001286894,0.001240865,0.001018165,0.00166899,0.00227086,0.002715676,0.002841249,0.002084023,0.002959342,0.001443952
Head 1,212,0.006364214,0.006959205,0.000301884,0.000142903,0.008230306,0.010401479,0.000316717,0.000242172,0.008562965,0.012827856,0.017265268,0.016740095,0.014428094,0.012443137,0.010254844,0.012338587,0.011504447,0.005847494,0.007784232,0.006989065,0.010455326,0.005992425,0.006845298,0.007077718,0.008020584,0.007886076,0.007705295,0.007586855,0.009359465,0.013166368,0.019647198,0.026266286,0.034236088,0.042332359,0.047167871,0.049797464,0.053903528,0.041699044,0.050412245,0.045702532,0.045835905,0.071727164,0.035513405,0.012275191,0.002498443,0.004915961,0.014272095,0.014607716,0.013144539,0.009221146,0.007707926,0.005390491,0.00429283,0.003705602,0.002276242,0.001019768,0.000740488,0.000615627,0.000424747,0.000298488,0.000229663,0.000185989,0.000207012,0.000195189,0.000184771,0.000286616,0.000223498,0.000124598,0.000208588,0.000196693,0.000207912,0.000209568,0.000222651,0.000216436,0.000200376,0.000238039,0.000323373,0.000597068,0.000605854,0.000450512,0.000352232,0.000540884,0.000470998,0.000377978,0.000469646,0.000412379,0.000517684,0.000533477,0.000570449,0.000711199,0.000917435,0.00097089,0.001326307,0.000147574,0.000129441,0.00025772,0.000280367,0.000351379,0.000558207,0.00071359,0.001144029,0.001135182,0.001532204,0.00174699,0.001633287,0.002062008,0.00140145,0.002335392,0.002042213,0.004104821,0.004163937,0.005295898,0.006679977,0.004937683,0.003280728,0.001480776,0.001331825,0.001371137,0.001261332,0.000972222,0.001519435,0.002069403,0.002601509,0.002944471,0.0023284,0.003443968,0.001664897,0.001901815
Head 1,213,0.007167137,0.000285054,0.000142099,0.008588221,0.010438863,0.000301433,0.000227689,0.008427685,0.013242328,0.018908614,0.019327082,0.017131716,0.014818811,0.011977704,0.013702058,0.012128899,0.005807028,0.007385914,0.006485023,0.009778782,0.006016531,0.007170604,0.007690304,0.00891627,0.008813358,0.008411357,0.007884178,0.008984646,0.011606378,0.016221296,0.021107394,0.028031295,0.036781967,0.044479664,0.050643258,0.057580311,0.045166943,0.053086728,0.046167042,0.044628289,0.068656236,0.034568097,0.012607826,0.002730799,0.005543672,0.016067496,0.016396152,0.014639166,0.010000391,0.008072609,0.005461221,0.004208794,0.003557645,0.002173175,0.000988117,0.000728274,0.000631428,0.00045935,0.00033383,0.000256777,0.000201049,0.00021282,0.000190304,0.00017418,0.000270931,0.000217702,0.000127532,0.000222595,0.000214826,0.000226401,0.000222689,0.000228756,0.000215194,0.000194379,0.00022752,0.000307385,0.000569219,0.000584719,0.00044187,0.000328563,0.000537244,0.000494192,0.000410962,0.000509059,0.000431882,0.000513353,0.000498769,0.000511773,0.000626176,0.000812148,0.000889581,0.001273531,0.000145599,0.000131975,0.000248641,0.000258686,0.000320037,0.000525911,0.000661411,0.001055023,0.001070408,0.001509526,0.001792093,0.001714704,0.002153914,0.001410268,0.002226054,0.00184799,0.003576387,0.003568035,0.005180209,0.00704746,0.00548576,0.003763034,0.00172359,0.001526373,0.001519525,0.00134251,0.000967988,0.001410071,0.001845701,0.002344443,0.002813006,0.002417352,0.003886378,0.001946959,0.002189982,0.001744691
Head 1,214,0.000266178,0.000140411,0.009300757,0.011007681,0.000299994,0.000221091,0.008124582,0.012981107,0.019412035,0.02105955,0.019635012,0.017518599,0.014275271,0.015819555,0.013451697,0.006120043,0.007306663,0.006114906,0.009031941,0.005783997,0.007169112,0.008016576,0.009647586,0.009801454,0.009418849,0.008694176,0.009388823,0.011184664,0.014339403,0.017432019,0.022453602,0.029953144,0.038465548,0.047495686,0.05834908,0.048287001,0.057345401,0.048719682,0.045136161,0.066125497,0.032612614,0.01245892,0.002871889,0.005998354,0.017560856,0.018214421,0.016431982,0.011130922,0.008773855,0.005768171,0.004262507,0.003469714,0.002079956,0.000951419,0.000701766,0.000625138,0.000478021,0.000366244,0.000290787,0.000227943,0.000234133,0.000198395,0.000171357,0.000258104,0.000206712,0.000125223,0.000229013,0.000231622,0.000250449,0.000245974,0.000246814,0.000224279,0.000195857,0.000223446,0.000297478,0.000547993,0.000565431,0.000431652,0.000295717,0.000507807,0.000498495,0.000441697,0.000566341,0.000480659,0.000551821,0.000507412,0.000491864,0.000576711,0.000729549,0.000804871,0.001183957,0.000147896,0.00014336,0.000257589,0.000253774,0.000299531,0.000484314,0.000651241,0.000993912,0.000998201,0.001442346,0.001788606,0.001785195,0.002298896,0.001496173,0.002268551,0.001789363,0.003273745,0.003135952,0.004754035,0.007008569,0.005878139,0.004266351,0.002028567,0.001806505,0.001774156,0.00153943,0.001056332,0.001427718,0.001742693,0.002129233,0.002577077,0.002340698,0.004114977,0.002237011,0.002635781,0.002070643,0.002012566
Head 1,215,0.000139256,0.009979676,0.011787047,0.000309205,0.00022325,0.007857442,0.012329344,0.018747009,0.021291042,0.02101887,0.019765735,0.016700568,0.01844432,0.015438907,0.006854955,0.007682488,0.006046641,0.008499121,0.005418032,0.006856383,0.007940606,0.009960032,0.010519614,0.010399438,0.009728562,0.01029324,0.011594023,0.013705099,0.015282248,0.018360699,0.023693476,0.030949801,0.040553715,0.054031048,0.048468295,0.060639691,0.052285951,0.047540952,0.066205241,0.030633913,0.011986552,0.002912216,0.006120614,0.018153189,0.019474184,0.018014472,0.012348504,0.009696837,0.00629301,0.004480769,0.003474946,0.002011435,0.000913479,0.000668483,0.000601851,0.000476146,0.00038431,0.000320363,0.000259384,0.000266637,0.000219157,0.000179014,0.000255818,0.000197052,0.000119068,0.000223792,0.000237518,0.000268642,0.000270979,0.000272431,0.000242659,0.00020537,0.000226791,0.000294432,0.000534256,0.000548566,0.000419196,0.000262916,0.000458736,0.000474151,0.000450565,0.000614205,0.000541313,0.000621479,0.000554159,0.000509706,0.00056604,0.000682491,0.000736897,0.001084144,0.000160801,0.000161585,0.000281634,0.000265553,0.000295952,0.00045399,0.000706598,0.001007721,0.000969077,0.001384324,0.001756278,0.001824165,0.002445722,0.001632076,0.002434215,0.001857052,0.003202652,0.002902137,0.004096491,0.006343124,0.005740218,0.004492925,0.002276878,0.002094845,0.002079283,0.001830355,0.001227952,0.001561536,0.001766579,0.002012834,0.002340195,0.002137422,0.003959097,0.002348358,0.00300705,0.002469745,0.002375101,0.00279463
Head 1,216,0.010576652,0.012770799,0.000307926,0.000222596,0.008049731,0.01210515,0.018072927,0.020827234,0.021492077,0.021447664,0.019139988,0.021670019,0.018303588,0.008133488,0.008702551,0.006462471,0.008524708,0.005120381,0.006457047,0.007637703,0.009957721,0.010967383,0.01128801,0.010904869,0.011656879,0.012846858,0.014363951,0.014766409,0.016231265,0.019425217,0.024490526,0.032585558,0.045992661,0.044755973,0.060589354,0.054957192,0.05073572,0.068749823,0.029543106,0.011521089,0.002905025,0.006012491,0.018027043,0.020161634,0.019317476,0.013553639,0.01074857,0.006985872,0.004874878,0.003625227,0.002007132,0.000885676,0.000635075,0.00056681,0.000453187,0.000379528,0.000332196,0.000282737,0.000299562,0.00024698,0.000195272,0.000265278,0.000192203,0.000111346,0.000209001,0.000228407,0.000270589,0.000285549,0.000295197,0.000263495,0.000218234,0.000232915,0.000292085,0.000516926,0.000523433,0.00039719,0.000233587,0.000399688,0.000422286,0.000423432,0.000618238,0.000579175,0.000688852,0.00061589,0.000548618,0.000578587,0.000657902,0.000678833,0.000973979,0.000182037,0.00017734,0.000308418,0.000285449,0.000304323,0.000438212,0.000793493,0.001060948,0.000956016,0.001307795,0.00165207,0.001759359,0.00247343,0.001728229,0.002618336,0.001982717,0.003282145,0.002812395,0.003494392,0.005415881,0.005148927,0.004337395,0.002366445,0.002303387,0.002364652,0.002112568,0.001423406,0.001756262,0.001874425,0.001985566,0.002160275,0.001897287,0.003534804,0.002215579,0.003097821,0.002761248,0.002787165,0.003247258,0.003021342
Head 1,217,0.013852901,0.00030227,0.000223818,0.008796354,0.012644771,0.018143693,0.020514568,0.021470468,0.022393908,0.021162754,0.025121363,0.021994868,0.010076191,0.010603736,0.007591234,0.009446871,0.005169628,0.006302489,0.00740143,0.009827779,0.01115986,0.011967999,0.012047536,0.01330212,0.014796176,0.016174516,0.015706487,0.015906895,0.017355144,0.020302583,0.026139464,0.03753297,0.038747337,0.05720688,0.056169525,0.054776471,0.075220555,0.030555164,0.011623845,0.00294673,0.005761263,0.017084276,0.019994102,0.020073365,0.014640161,0.011872582,0.007784596,0.005417641,0.003933489,0.002098913,0.000888327,0.000617593,0.000534842,0.000420395,0.000356854,0.000324099,0.000290392,0.000322395,0.000274007,0.000216266,0.000284724,0.000194146,0.000105206,0.00019189,0.000208991,0.000254042,0.000279604,0.000301523,0.000276631,0.000229827,0.000241203,0.000293783,0.000504941,0.000499241,0.000372131,0.000211956,0.00034402,0.00035782,0.000367062,0.000566533,0.000565376,0.000712777,0.000660843,0.000589536,0.000603207,0.000652473,0.000636305,0.000872907,0.000209338,0.000186622,0.000329118,0.000305822,0.00031924,0.00043627,0.000884846,0.001144208,0.000970075,0.001247945,0.00152006,0.00160818,0.002329068,0.001700091,0.002669441,0.00205297,0.003348817,0.002757671,0.003088301,0.004549923,0.004307725,0.003766526,0.002180851,0.002280095,0.002489482,0.002259156,0.001576908,0.001965786,0.002038929,0.002030934,0.002048081,0.001677576,0.003009488,0.001897396,0.002811815,0.002715737,0.002967211,0.003616931,0.003322422,0.002415356
Head 1,218,0.000265724,0.000203829,0.009804833,0.013794214,0.018950097,0.020382883,0.020748133,0.021931289,0.021626953,0.027133824,0.024968652,0.011906199,0.012696645,0.008945998,0.010664752,0.005313984,0.006172391,0.007126871,0.009634902,0.011324342,0.012702145,0.013321975,0.015292251,0.017483881,0.019228891,0.018172048,0.017365048,0.01734834,0.0184089,0.021955857,0.030445805,0.031755369,0.049867976,0.052996021,0.055887777,0.081404403,0.033051051,0.011750139,0.002775658,0.005179398,0.015736798,0.019517168,0.020679131,0.015686013,0.013072487,0.008667938,0.006076242,0.004352727,0.002225294,0.00088713,0.000595183,0.000501865,0.000384451,0.000323805,0.000298535,0.000277314,0.00032385,0.000291115,0.000239584,0.000319428,0.000210297,0.000105837,0.000183956,0.000192196,0.000232255,0.000263376,0.000299396,0.000289011,0.000246662,0.000258558,0.00030646,0.000509282,0.000485583,0.000350868,0.000202984,0.000311968,0.000310718,0.000314684,0.000499856,0.000524115,0.000706373,0.000692788,0.000635634,0.000645654,0.000674793,0.000622005,0.000808834,0.000232504,0.000186362,0.000334941,0.000315749,0.000333845,0.000451573,0.001010354,0.001327161,0.001077361,0.001298946,0.001490632,0.001523036,0.00223125,0.001692795,0.002815479,0.002268677,0.003793357,0.003079589,0.003193981,0.004236778,0.003803224,0.00334831,0.002043561,0.002322732,0.002740176,0.00248673,0.001803895,0.002311103,0.002396352,0.002320271,0.0022295,0.001715051,0.002905133,0.001751128,0.002620282,0.002675826,0.003207731,0.004309026,0.00415872,0.002972374,0.001654823
Head 1,219,0.000178621,0.011154994,0.015783876,0.021168295,0.021687653,0.021015346,0.02170665,0.021679271,0.028422387,0.0276388,0.014000079,0.015512525,0.011110201,0.01301214,0.005908909,0.006395266,0.006967963,0.009149977,0.010749133,0.012402247,0.013569841,0.016397553,0.019685177,0.022458099,0.021442976,0.020081455,0.018899223,0.018267112,0.019699285,0.025229437,0.0252715,0.040491182,0.045704685,0.052286655,0.082367174,0.036207885,0.01258626,0.002838957,0.004851337,0.014025563,0.017770499,0.019819202,0.015987311,0.013936337,0.009472602,0.006808452,0.00495855,0.002523104,0.000964885,0.000623105,0.000501431,0.000365434,0.000297644,0.000271671,0.000255773,0.000309293,0.000292543,0.000254115,0.000350353,0.000230242,0.000110462,0.00018296,0.000180158,0.000209516,0.000236242,0.000276392,0.000281111,0.000252184,0.000272959,0.000323868,0.000524461,0.000481168,0.000334709,0.000206466,0.000295684,0.000275702,0.000267455,0.000423047,0.000453174,0.00064429,0.000674777,0.000657012,0.000688318,0.000719884,0.000639536,0.000788808,0.000256816,0.000185318,0.000337567,0.000323219,0.000348592,0.000474594,0.000999736,0.001394284,0.001132065,0.001309138,0.00140389,0.00134223,0.001908401,0.001451483,0.002531147,0.002141268,0.003767748,0.003128879,0.003392251,0.004040909,0.003265331,0.002697358,0.001627267,0.001955616,0.002503789,0.002287398,0.001764215,0.002411866,0.002580956,0.002483203,0.002298796,0.001664931,0.002648403,0.001486045,0.002162601,0.002237089,0.002861583,0.004266223,0.004531628,0.00339802,0.001829329,0.000770285
Head 1,220,0.012264586,0.017933838,0.024295922,0.024335366,0.022425482,0.021943837,0.021307746,0.028224668,0.028582022,0.015473808,0.018060161,0.013519961,0.016007259,0.007066675,0.007179294,0.007255434,0.008920545,0.010076161,0.01154358,0.012859809,0.016139345,0.020339482,0.024398847,0.024306005,0.023374185,0.021852531,0.0200429,0.019781584,0.022856837,0.020983165,0.032218002,0.036868867,0.044803947,0.076640218,0.038827881,0.013988089,0.003108758,0.004862043,0.012721799,0.015767517,0.017959734,0.015401969,0.014228336,0.010074431,0.007498349,0.005613375,0.002923512,0.001116176,0.000711805,0.000554259,0.000385143,0.000298717,0.000263567,0.00024416,0.000296801,0.000290405,0.000266968,0.00038649,0.000264579,0.000127369,0.00020322,0.000188541,0.000206006,0.000222491,0.00025794,0.000270609,0.000256518,0.000293366,0.000359641,0.000580007,0.000520684,0.000351582,0.000236216,0.000318575,0.000277978,0.000254133,0.000386389,0.000407846,0.000590487,0.000650104,0.000678456,0.00075551,0.000824659,0.000737195,0.000882707,0.000292644,0.000204148,0.000367946,0.000353251,0.000386877,0.000536795,0.000990752,0.001501896,0.001285046,0.001488597,0.00151826,0.001344318,0.00177828,0.00130226,0.002280878,0.001992436,0.003675091,0.003202621,0.004104014,0.004504943,0.003252736,0.002418297,0.001368551,0.001645552,0.002214381,0.00206452,0.001697589,0.002506834,0.002855261,0.002833288,0.002612659,0.001834053,0.002739223,0.001425838,0.001929256,0.001910749,0.002453373,0.003901309,0.004607163,0.003849235,0.002165248,0.000905666,0.000923044
Head 1,221,0.019417722,0.027359482,0.02793275,0.025281066,0.023472836,0.021568995,0.027798111,0.028319919,0.016018279,0.019745989,0.015681827,0.019298585,0.008769373,0.008697706,0.008324065,0.009561932,0.010195207,0.011257725,0.012388967,0.015785405,0.020586265,0.02574743,0.026796645,0.026869349,0.025807802,0.023490466,0.022068929,0.023393128,0.019369813,0.027210576,0.029770663,0.036595881,0.066774279,0.039148241,0.015259115,0.003458352,0.005263742,0.01260996,0.0147365,0.016341526,0.014350239,0.013951166,0.010387608,0.008084004,0.00621745,0.003301929,0.001270662,0.000813034,0.000626918,0.000423077,0.000313483,0.00026503,0.000236579,0.000282061,0.00027749,0.000264511,0.000403179,0.00029283,0.000146616,0.000233506,0.000209077,0.000215334,0.000218161,0.000241259,0.000249621,0.000242419,0.000291333,0.000376058,0.000625875,0.000566941,0.000376844,0.000267359,0.00035169,0.000291979,0.000251554,0.000363048,0.00036754,0.000524468,0.000586602,0.000640577,0.000758709,0.000883305,0.000824865,0.000997041,0.000305386,0.000220699,0.000396094,0.000376706,0.000412805,0.000583512,0.000920054,0.001509735,0.001402587,0.001714192,0.001752504,0.001483362,0.001824645,0.001248349,0.002115829,0.001843189,0.003506174,0.003196659,0.005036715,0.005360613,0.003564033,0.002371682,0.001206403,0.001366254,0.001828867,0.001748906,0.001499031,0.002373073,0.002917078,0.003082495,0.002943105,0.002079407,0.003009033,0.001480631,0.001855788,0.001705364,0.002080841,0.003306899,0.004133657,0.003820076,0.002336867,0.001032611,0.001063582,0.000946932
Head 1,222,0.028946979,0.031085856,0.028831016,0.026095714,0.022673566,0.027626142,0.02729168,0.015676677,0.0200474,0.016900619,0.021834744,0.010694414,0.010748579,0.009988235,0.01078642,0.010761334,0.01121806,0.011929628,0.015153967,0.020215901,0.026111959,0.028192306,0.029397823,0.029315161,0.027254349,0.025387319,0.025636248,0.019600369,0.024855021,0.025049472,0.029561134,0.054807797,0.035930336,0.015539905,0.003739442,0.005868713,0.013374987,0.014675771,0.015320276,0.013186798,0.01317622,0.010315045,0.008493799,0.006776126,0.003684624,0.001445426,0.000933119,0.000721445,0.000482344,0.000347322,0.000284066,0.000244389,0.000282348,0.000272981,0.000262364,0.000411975,0.000317628,0.000170404,0.000279571,0.000251796,0.000251585,0.000240692,0.000249088,0.000244772,0.000234427,0.000288878,0.000391755,0.00068497,0.000646697,0.000434969,0.000308913,0.000408443,0.000331155,0.000272583,0.000372899,0.000358611,0.000492855,0.000543625,0.000602032,0.000743702,0.000920212,0.000913627,0.001145162,0.000313631,0.000249388,0.000454484,0.000431127,0.000464462,0.000652928,0.000868521,0.001485677,0.001494038,0.001980898,0.002131929,0.001806685,0.00211415,0.001347687,0.002139684,0.001799616,0.003418539,0.003221371,0.006417383,0.007007538,0.004524063,0.002767742,0.001256825,0.001281613,0.001617291,0.001576012,0.001388058,0.002316245,0.003056624,0.003463972,0.003475695,0.002528158,0.003626012,0.001754274,0.002082547,0.001790052,0.002030332,0.003053302,0.003783224,0.003688906,0.002460588,0.001196077,0.001329819,0.001186905,0.00141928
Head 1,223,0.030730899,0.033235732,0.033069558,0.029090535,0.033572655,0.031014694,0.017485997,0.022164522,0.019299423,0.025069449,0.014395337,0.014849332,0.014239279,0.015336175,0.014851095,0.014635862,0.014603933,0.017746534,0.023279214,0.029619355,0.031607017,0.032162093,0.031417403,0.029085515,0.026780149,0.025997916,0.01841468,0.020201577,0.017422892,0.017964633,0.031018609,0.022060867,0.010377835,0.002857763,0.005882492,0.015236141,0.015308937,0.014452987,0.011704324,0.011780676,0.010114416,0.009148294,0.007603231,0.004168788,0.001678382,0.001126252,0.00092085,0.000660615,0.000488354,0.000393526,0.000326988,0.000361649,0.000341315,0.000326295,0.000515153,0.00041353,0.000237466,0.000401011,0.000373555,0.000376197,0.000352627,0.000345876,0.000314636,0.000280211,0.000326516,0.000432136,0.000756393,0.000753663,0.000527188,0.000395457,0.000532221,0.000441791,0.000364812,0.000484319,0.000459705,0.000612909,0.000656948,0.000708485,0.000863856,0.001077097,0.001123415,0.001465847,0.00046114,0.000326408,0.000563956,0.000516266,0.000526346,0.000704272,0.001278975,0.002060202,0.002098026,0.00283891,0.003202342,0.002774612,0.003085283,0.001843099,0.002621204,0.002065152,0.003713204,0.003492557,0.006288667,0.007180706,0.004946096,0.003179805,0.001467622,0.001390397,0.001570746,0.001429284,0.001205059,0.001864704,0.002431779,0.002899378,0.003124889,0.002429787,0.003456978,0.001758295,0.002059493,0.001781572,0.001982835,0.002811034,0.003266989,0.003133116,0.002259169,0.001246401,0.001530029,0.001477415,0.001688554,0.002691214
Head 1,224,0.032482225,0.034164872,0.031417191,0.036312822,0.032409549,0.017300628,0.021301899,0.018948363,0.025796071,0.015726523,0.016994458,0.016653288,0.017911635,0.017027458,0.016192451,0.015428631,0.017741764,0.022566553,0.028751884,0.031499114,0.033271734,0.033629723,0.031956602,0.030107265,0.029743213,0.021284543,0.022515543,0.018083407,0.016713303,0.02587951,0.018831339,0.00887363,0.002563735,0.005638255,0.015609331,0.016311167,0.015517035,0.011768296,0.010845217,0.008840182,0.008223348,0.007512567,0.004569938,0.001911301,0.001261077,0.001002525,0.000721711,0.000546888,0.000448456,0.000369541,0.000396236,0.000355547,0.000325099,0.000499253,0.000408631,0.000246325,0.000437742,0.00042819,0.000441917,0.000412903,0.000393006,0.000341863,0.000289903,0.000324077,0.000418277,0.000726197,0.000749328,0.000557798,0.000403667,0.000567872,0.000486797,0.000403526,0.000517787,0.000469428,0.000598616,0.000623702,0.000662485,0.000806828,0.001015012,0.001089521,0.001489326,0.000414297,0.000342927,0.000619416,0.000595082,0.000608363,0.000798951,0.00127936,0.001975959,0.002002887,0.002800111,0.003386649,0.003168885,0.003699162,0.002199282,0.00297064,0.002177751,0.003646194,0.003340082,0.006227029,0.007787262,0.005577281,0.003558511,0.001590859,0.001408964,0.001472568,0.001288764,0.001066164,0.001631839,0.002117206,0.002567944,0.002906812,0.00242134,0.003681418,0.001945855,0.002243302,0.001855792,0.001939549,0.002599652,0.002901502,0.002687902,0.001936481,0.001098591,0.001434296,0.001524406,0.001897455,0.00306509,0.003475573
Head 1,225,0.029970326,0.028185856,0.03237763,0.029932186,0.017513128,0.01983884,0.01730095,0.02365296,0.01797891,0.020180568,0.019742304,0.019893564,0.017663835,0.015456078,0.013526368,0.013674325,0.015046382,0.016685719,0.017134244,0.018021492,0.019712631,0.021675149,0.024184529,0.02796391,0.02417607,0.027913608,0.023429297,0.020313052,0.024765387,0.024390923,0.014506164,0.005749664,0.012096924,0.026177444,0.023853479,0.022437248,0.016726581,0.014054035,0.010646988,0.008733044,0.007835304,0.005650185,0.002924605,0.002112434,0.001650541,0.001162226,0.000913266,0.00080469,0.000713031,0.000758112,0.000638417,0.000519205,0.000664046,0.000540087,0.000374072,0.00066179,0.000739906,0.000840955,0.000815822,0.000765262,0.000643255,0.000535029,0.00058913,0.000757482,0.001277715,0.001342054,0.001072561,0.001201251,0.001764407,0.001657919,0.001420122,0.001723317,0.001459658,0.001599468,0.001429575,0.001312172,0.001487027,0.001754392,0.001843131,0.002482436,0.000485404,0.000258413,0.000521991,0.000557076,0.000585062,0.000726302,0.001502896,0.00189725,0.00175756,0.002434495,0.003065503,0.00332863,0.004488356,0.003056954,0.00427848,0.003257555,0.004952061,0.004330437,0.004992709,0.007755843,0.007060294,0.005004142,0.002378289,0.002008376,0.001975288,0.001846668,0.001510253,0.002291581,0.002911633,0.003353426,0.003675762,0.003256306,0.005525724,0.003644876,0.004667677,0.003800426,0.003236284,0.003169253,0.002706602,0.002145324,0.001572834,0.000936219,0.001236899,0.00143619,0.002056388,0.005765744,0.007061914,0.003814754
Head 1,226,0.028266011,0.032571543,0.029719599,0.016442263,0.018851217,0.016267646,0.023121813,0.017665261,0.022043314,0.022991017,0.024034007,0.020956729,0.017303972,0.014028206,0.013258296,0.014084562,0.015549302,0.015989061,0.017018475,0.01877817,0.0206638,0.023553306,0.028021272,0.025278466,0.030704625,0.027598673,0.025517797,0.032422554,0.021625256,0.011606725,0.004253692,0.008200333,0.018904934,0.019770483,0.019178847,0.014068379,0.011719176,0.008296936,0.006524357,0.005606896,0.003898352,0.002107961,0.001614305,0.001301163,0.000895887,0.000665102,0.000565924,0.000493673,0.000542751,0.000475493,0.000398844,0.000522259,0.000413201,0.000279827,0.000499094,0.000573676,0.000693219,0.000720454,0.000704518,0.000593517,0.000475977,0.0004953,0.000614816,0.00104244,0.001100068,0.000897626,0.000890732,0.001297193,0.001215121,0.001042605,0.001257329,0.001049941,0.001124842,0.000985616,0.000885428,0.000969594,0.001157999,0.001248435,0.001757954,0.000409474,0.000285098,0.000612891,0.000767712,0.000943648,0.001322086,0.002179303,0.002647468,0.002356492,0.003134968,0.003874688,0.004120748,0.005605265,0.003954674,0.005514962,0.004142992,0.006094228,0.005099186,0.00663597,0.010484964,0.010152462,0.007794455,0.003785969,0.002979135,0.002649273,0.002583814,0.001976175,0.002976635,0.003968963,0.004912559,0.005646815,0.005025471,0.008360427,0.005451462,0.007068704,0.006077063,0.005532768,0.005575072,0.004630105,0.003355797,0.002175227,0.001163828,0.001496113,0.001768854,0.002699305,0.006917325,0.00932484,0.002678286,0.001161083
Head 1,227,0.036167298,0.035620272,0.019789709,0.022497905,0.01754305,0.023064492,0.016905755,0.021905085,0.025371891,0.029790459,0.0278158,0.024024842,0.020083159,0.019797806,0.021305585,0.023055898,0.022726081,0.022730974,0.023759844,0.025261518,0.027931275,0.032304797,0.027458526,0.033460815,0.029506052,0.02704376,0.033584353,0.017592277,0.007995365,0.002258193,0.00570222,0.017941538,0.017953146,0.017691664,0.014186829,0.013055915,0.009939039,0.007134967,0.005237286,0.003245125,0.001739339,0.001481496,0.001265035,0.000860201,0.000613234,0.000506521,0.000449466,0.000525715,0.000487183,0.000409664,0.000541004,0.000379733,0.000224031,0.00039908,0.000465757,0.000607529,0.00069835,0.000740116,0.000637116,0.000497327,0.000491253,0.000579206,0.000961614,0.000943163,0.000699913,0.000659852,0.000918989,0.000849969,0.000758042,0.001010727,0.000906155,0.001027131,0.000896418,0.000778813,0.000828158,0.000968879,0.00102075,0.001439376,0.000384973,0.000231955,0.000459614,0.000548243,0.000689635,0.001000925,0.002601518,0.003112935,0.002608307,0.003187376,0.00366348,0.003658348,0.00489031,0.00339716,0.004940067,0.003507679,0.005096381,0.003734767,0.003343344,0.005439874,0.005905556,0.005400725,0.002895517,0.00255566,0.002358653,0.00171554,0.001197468,0.001719286,0.002252577,0.002763407,0.00302839,0.002468317,0.00397535,0.002512997,0.003737325,0.003760033,0.004060594,0.004558962,0.003868779,0.002741074,0.001774636,0.000887631,0.001096404,0.001274892,0.001938538,0.004064844,0.005578165,0.00195239,0.000689252,0.001063258
Head 1,228,0.037514623,0.02040307,0.02293212,0.018515257,0.023924513,0.014876542,0.018764604,0.022617664,0.029314158,0.031139381,0.029130407,0.024310729,0.02173035,0.021129761,0.021258047,0.019947613,0.019152347,0.018799717,0.018702799,0.020052239,0.023694571,0.022200046,0.02895594,0.028421117,0.028635485,0.038345475,0.022795966,0.010582081,0.004328263,0.008171048,0.019566277,0.021510566,0.022406373,0.016882474,0.014094716,0.010322235,0.008032492,0.006447088,0.003981516,0.00200237,0.001602293,0.001432896,0.001095085,0.000845519,0.000700992,0.000592428,0.000658067,0.00060868,0.000538105,0.000723679,0.00051858,0.000293843,0.00046615,0.000489168,0.000598876,0.000699971,0.000809254,0.000783337,0.000650314,0.000624689,0.000671166,0.000996466,0.000970323,0.000772225,0.000889569,0.001269249,0.001227379,0.0011336,0.001487347,0.001371268,0.001597522,0.001441064,0.001252032,0.001218657,0.001268912,0.001215481,0.001624559,0.000547102,0.000230714,0.000427485,0.000532433,0.000735326,0.001206335,0.002402269,0.002972469,0.002411578,0.002764805,0.00304367,0.003071388,0.004369742,0.003470848,0.005490242,0.004546999,0.006975973,0.00545802,0.004306476,0.005722038,0.005550672,0.005325739,0.003487183,0.003481491,0.003340698,0.00296306,0.00187746,0.002277993,0.002623545,0.003164352,0.003817214,0.003489249,0.005870454,0.003642081,0.004942174,0.004858509,0.005579937,0.007105893,0.006563556,0.004462287,0.002418723,0.00102292,0.001051251,0.001131404,0.001795784,0.005197729,0.007467707,0.001853637,0.000884831,0.00107369,0.000262079
Head 1,229,0.022395793,0.025673816,0.020614769,0.025922379,0.014822867,0.017602589,0.020810081,0.027954029,0.032305147,0.033489551,0.030402729,0.027895393,0.026456349,0.025373988,0.022622718,0.020945877,0.020001121,0.019388303,0.020205738,0.023386328,0.021561852,0.028360244,0.028498348,0.029781651,0.041214358,0.026394518,0.011373397,0.004211022,0.006985023,0.015958484,0.01820001,0.020370152,0.016636284,0.014531578,0.010798473,0.008321664,0.006592534,0.003958663,0.001917454,0.001496775,0.001362884,0.001091242,0.000880891,0.000739723,0.000617985,0.000670999,0.000611818,0.00054504,0.000751823,0.000544348,0.000300253,0.000462786,0.000456699,0.000530341,0.000609601,0.000730385,0.000767629,0.000695217,0.00070675,0.000762088,0.00107824,0.000979523,0.000733968,0.000856143,0.001214276,0.001188408,0.001132116,0.001533254,0.001465406,0.001769453,0.001645651,0.001462755,0.001413308,0.001416506,0.001283213,0.001627899,0.00062687,0.000237119,0.000390422,0.000445656,0.000603433,0.001038314,0.002314407,0.003093457,0.002561598,0.002855977,0.002937838,0.002754695,0.003766188,0.003022923,0.00501502,0.004427403,0.007249679,0.005882548,0.004833834,0.00573746,0.004999849,0.004639918,0.003237629,0.003680476,0.004042503,0.003639525,0.002265296,0.002544769,0.002634756,0.002912325,0.003400012,0.003150894,0.005579048,0.003497919,0.004793521,0.004705289,0.005542567,0.007594846,0.007729847,0.005696604,0.003079392,0.001256466,0.001166364,0.001109655,0.001634732,0.004480993,0.00681336,0.002027001,0.000882245,0.000937655,0.000255308,0.000203649
Head 1,230,0.025160117,0.020657513,0.025891183,0.014933442,0.016610445,0.018478012,0.024347855,0.029360872,0.033312727,0.033608105,0.033059388,0.031955089,0.029903749,0.025351612,0.022257619,0.020201867,0.018711692,0.018680444,0.020952024,0.018836062,0.024675256,0.024993906,0.026817488,0.038120344,0.028417988,0.012208294,0.004089151,0.005800391,0.012429346,0.014873966,0.017587774,0.015559749,0.014528927,0.011370823,0.008994259,0.007196385,0.004296119,0.002013403,0.001492781,0.001337304,0.001097983,0.000931063,0.000814862,0.000691418,0.000736514,0.000655615,0.000577806,0.000801034,0.000596927,0.00033613,0.00051444,0.000488874,0.00053471,0.000582875,0.000688377,0.000754587,0.000742564,0.000820119,0.00092845,0.001299053,0.001136835,0.000803805,0.000911447,0.00126165,0.001225179,0.001183437,0.001626086,0.001601186,0.001991736,0.001926426,0.001775263,0.001742623,0.001717588,0.00149481,0.001787625,0.000763765,0.000308059,0.0004488,0.000457971,0.000569427,0.000952638,0.002615153,0.003832547,0.003407512,0.003897869,0.003863401,0.003387208,0.00427492,0.003316119,0.005385329,0.00493318,0.008399805,0.007283467,0.006999183,0.007516877,0.005740822,0.004758269,0.003277195,0.003968871,0.00494336,0.005159683,0.00344106,0.003764779,0.003545908,0.003475177,0.00370757,0.003339866,0.005959606,0.00390298,0.005440676,0.005379031,0.006340726,0.008930335,0.009782039,0.007988689,0.004531919,0.001942649,0.001705452,0.001438668,0.001856206,0.004499315,0.006788213,0.002657701,0.001068893,0.001001886,0.000336201,0.00026681,0.00059365
Head 1,231,0.021226544,0.027072763,0.015816629,0.016875109,0.017508518,0.021686435,0.025800191,0.030747756,0.034327451,0.037498135,0.03877455,0.036971897,0.030607892,0.025716946,0.022206852,0.019549597,0.01849998,0.019777317,0.01696445,0.021761885,0.02182606,0.023731263,0.03450828,0.030589977,0.01438034,0.004641548,0.005551149,0.01031859,0.012076103,0.014349065,0.013543483,0.013618525,0.011390923,0.009336817,0.0076239,0.004625073,0.002147888,0.00152679,0.001317742,0.001070164,0.000931997,0.000852422,0.000752897,0.000808606,0.000712805,0.000617498,0.000848466,0.000644138,0.000373859,0.000579251,0.000544181,0.000567266,0.000576122,0.000641011,0.000692804,0.000712394,0.000852562,0.001044,0.00151129,0.001322066,0.000897061,0.000978479,0.00130073,0.001231949,0.001184535,0.001640207,0.001647908,0.002092669,0.002099521,0.002019077,0.002062735,0.002067117,0.001777148,0.002023077,0.000928035,0.000392348,0.000529448,0.000488331,0.000542871,0.000835065,0.002396089,0.003841452,0.003772906,0.00465249,0.004674158,0.003942916,0.00462408,0.003386644,0.005252786,0.004810927,0.00841681,0.007826474,0.009699749,0.01006408,0.006906092,0.004938094,0.003044303,0.003596572,0.004819873,0.005804697,0.00435627,0.005061093,0.004664467,0.004169988,0.003960281,0.003282446,0.005656394,0.003775492,0.005425531,0.00544471,0.006385855,0.009004417,0.010308092,0.00929241,0.005680341,0.002666308,0.002403547,0.001880892,0.002133853,0.004370376,0.006201725,0.003341814,0.001118618,0.000941818,0.000374079,0.000306363,0.000665939,0.000767149
Head 1,232,0.028123485,0.016840545,0.018041432,0.017929232,0.020642664,0.023043981,0.02701286,0.0317307,0.038444318,0.044146936,0.04517309,0.038204949,0.031492725,0.026134556,0.021968631,0.019792596,0.020177025,0.016393786,0.020282952,0.01963811,0.021079343,0.031097328,0.030511377,0.016347956,0.005429068,0.005824231,0.009463198,0.010343426,0.011552072,0.010930932,0.01159284,0.010419303,0.009039218,0.007616661,0.004695414,0.002183711,0.001523405,0.001269528,0.000995339,0.000859749,0.000804556,0.000740866,0.00081847,0.0007284,0.000621723,0.000840744,0.000634865,0.00037504,0.0005986,0.000574295,0.000593071,0.000572532,0.000591426,0.000598325,0.000604303,0.000754068,0.001000094,0.001567695,0.001451171,0.000986578,0.001007617,0.001293669,0.001182236,0.001108818,0.001534647,0.001553738,0.002001654,0.002060797,0.00204651,0.002184565,0.002282086,0.002005036,0.00225112,0.001031216,0.000436384,0.000583601,0.000510874,0.000513037,0.000703397,0.001938336,0.003279317,0.003537158,0.004846932,0.005217512,0.004444994,0.004997196,0.003422862,0.004949612,0.004333576,0.00756873,0.007367592,0.012635758,0.013592598,0.008966253,0.005706016,0.002999428,0.003164318,0.0041377,0.005391788,0.004570033,0.005977918,0.005860589,0.005133725,0.004440565,0.00328057,0.005168538,0.003358272,0.00493934,0.005103752,0.00606318,0.00847826,0.009697513,0.009191171,0.005981759,0.003113806,0.003133602,0.002486706,0.002601948,0.004557916,0.005721745,0.003955975,0.001104244,0.000862037,0.000376496,0.000326611,0.000721763,0.00079795,0.000759859
Head 1,233,0.016599745,0.019881573,0.02085161,0.023518877,0.024077954,0.026219375,0.030088339,0.039327227,0.049984802,0.056279898,0.051303148,0.044288367,0.038294315,0.033164933,0.029945623,0.029762613,0.022278097,0.026712842,0.024262261,0.02489488,0.036579154,0.031521611,0.016648592,0.004216981,0.005736792,0.010724399,0.009887476,0.009626997,0.00854903,0.009061187,0.00811415,0.006593618,0.005261806,0.003278297,0.001572668,0.001194638,0.000963121,0.000678018,0.000542846,0.000504515,0.000490567,0.000596272,0.000559687,0.00047937,0.000657204,0.000483419,0.00028682,0.000488888,0.000500385,0.000539255,0.000515106,0.000496479,0.000454204,0.000430036,0.000545478,0.000791439,0.001419013,0.001395763,0.000949539,0.000834785,0.001049199,0.00090386,0.000794909,0.001084669,0.001045612,0.001309625,0.001309941,0.001293242,0.001470629,0.001692447,0.001606575,0.001907455,0.00072831,0.000332406,0.000497129,0.00046034,0.000462991,0.00059677,0.001457378,0.00252694,0.002988042,0.004629149,0.005599289,0.005145879,0.005976825,0.003869939,0.005495413,0.004306085,0.007191306,0.006478481,0.008737921,0.010716655,0.007340321,0.00427615,0.001742866,0.001558706,0.001863247,0.002139949,0.001964917,0.003213488,0.003882811,0.003845943,0.003306094,0.002251092,0.003364529,0.002030946,0.003074076,0.003142954,0.003576478,0.00459688,0.004853116,0.004509646,0.003308292,0.001865463,0.002205753,0.001947597,0.002149952,0.002959309,0.003470612,0.002698905,0.000644727,0.000581967,0.000201778,0.000178836,0.000398297,0.000417641,0.000362213,0.000502938
Head 1,234,0.018336276,0.020806216,0.024545183,0.024537168,0.024701485,0.026022067,0.033670038,0.046406407,0.058794111,0.059373692,0.053832736,0.046296299,0.039204113,0.035041239,0.034637529,0.025540423,0.028901733,0.024298407,0.023215489,0.034045439,0.026153423,0.014110425,0.004384443,0.006898852,0.013462643,0.011753077,0.009907688,0.007331578,0.007256553,0.006866407,0.006368732,0.005436283,0.003255367,0.001462685,0.001119891,0.000933617,0.000666121,0.000514705,0.000455069,0.000427803,0.000523398,0.000511908,0.000456764,0.00063994,0.000459031,0.000260784,0.000446073,0.000467856,0.000534413,0.000542371,0.000533534,0.000461941,0.000394407,0.000453389,0.000629273,0.001182081,0.001308505,0.00098597,0.000830258,0.001063725,0.000893054,0.000749457,0.000993787,0.000949017,0.00121144,0.001217665,0.001182606,0.001314396,0.001525063,0.001511483,0.001921615,0.000724483,0.000295089,0.000477493,0.000477177,0.000487022,0.00060049,0.001168206,0.001928975,0.002269253,0.003706681,0.005035629,0.005206498,0.006575783,0.004338453,0.005980636,0.004509567,0.007245609,0.006332215,0.008470685,0.010651464,0.00785001,0.004999673,0.002031786,0.001618521,0.001604428,0.001716143,0.001514296,0.002539628,0.003415572,0.003923215,0.00373543,0.002512633,0.003339181,0.001769671,0.002479215,0.002582929,0.00319518,0.004365132,0.004417473,0.003698271,0.002552554,0.001429765,0.001911438,0.002031847,0.002505993,0.003582591,0.003601038,0.002095005,0.000587621,0.000542289,0.000169527,0.000153968,0.000355419,0.000377918,0.000315993,0.000388499,0.000482108
Head 1,235,0.018963579,0.02407987,0.02506016,0.024751369,0.024292698,0.029115798,0.039715391,0.05361256,0.06004728,0.060002044,0.053875696,0.045362413,0.039758068,0.038684938,0.028659437,0.031568058,0.025495401,0.022697303,0.031763978,0.023782609,0.0114978,0.003875999,0.006691457,0.014291836,0.013540707,0.011566112,0.007538889,0.006431264,0.005603741,0.005529831,0.005335711,0.003451421,0.001528434,0.001143651,0.0009559,0.000700705,0.000548683,0.000477851,0.000433861,0.000517017,0.000509435,0.000471605,0.0006734,0.000491037,0.000271993,0.00045463,0.000468421,0.000541568,0.000575537,0.000596498,0.000527,0.000433256,0.000456762,0.00057496,0.001015945,0.001172057,0.000989137,0.000831837,0.001121691,0.000961969,0.000798663,0.001013943,0.000941735,0.001204437,0.001230765,0.0012111,0.001330664,0.001518725,0.001511625,0.001992382,0.000703854,0.000291895,0.000485179,0.000524039,0.000566318,0.000711484,0.001089847,0.001713568,0.001920186,0.00306962,0.004378706,0.00500668,0.007078748,0.005048504,0.007070267,0.005308734,0.008087823,0.006855418,0.008797252,0.01102509,0.008330135,0.005715006,0.002536961,0.002018668,0.001815428,0.001667908,0.001368198,0.002186798,0.002993031,0.003771323,0.004106172,0.003035331,0.004013289,0.00194705,0.00237694,0.002299224,0.002877377,0.00426201,0.004563184,0.00370594,0.002397409,0.001265993,0.001676997,0.002008562,0.002893209,0.004646089,0.004588634,0.002000829,0.000652106,0.000552643,0.000167318,0.000147225,0.000343645,0.000375739,0.000314824,0.000308122,0.000419878,0.001075306
Head 1,236,0.022323346,0.024829131,0.025448307,0.024620047,0.027428616,0.034921244,0.046703368,0.055455539,0.061379705,0.0601767,0.052536152,0.045727517,0.043213867,0.031680714,0.03466348,0.027941264,0.024000319,0.031575337,0.024181304,0.010198842,0.003209447,0.005586176,0.01254747,0.013422834,0.013133394,0.008711345,0.006671981,0.004938839,0.004490916,0.00455306,0.003325776,0.001577448,0.001178036,0.000964059,0.000701971,0.000556863,0.000489048,0.000438572,0.000510706,0.000496305,0.000465812,0.000672644,0.000508821,0.000283947,0.000466962,0.000469599,0.000533645,0.000572449,0.000614964,0.000570833,0.000479408,0.000489918,0.000570797,0.000911794,0.000994989,0.000879722,0.000792155,0.001119324,0.001007098,0.000859553,0.001067809,0.000957355,0.001189568,0.001212986,0.001217676,0.001358737,0.00154281,0.001515464,0.001992035,0.000584281,0.000289226,0.000468846,0.000524087,0.000604643,0.000808379,0.001060565,0.001609646,0.001714954,0.002587285,0.003617538,0.004312416,0.006685184,0.00527059,0.007919509,0.006129559,0.009048121,0.007474516,0.008890034,0.011389279,0.00871301,0.006143312,0.002945345,0.002467619,0.002209716,0.001749537,0.001327343,0.001994732,0.002635365,0.003368033,0.003989879,0.003320179,0.004825809,0.002338423,0.00260042,0.002238396,0.002581814,0.00387369,0.004500377,0.003849713,0.0024567,0.001224293,0.001480384,0.0017662,0.002797517,0.005334083,0.005909188,0.002209867,0.000749976,0.00058535,0.000171414,0.000140596,0.000325569,0.00036616,0.000317403,0.000262833,0.000335872,0.000955124,0.002122086
Head 1,237,0.023065504,0.025046136,0.025186909,0.027457112,0.032671571,0.041194547,0.048671558,0.05737317,0.062225848,0.059020311,0.053361736,0.049568079,0.035436098,0.038003553,0.030823087,0.026509782,0.033317897,0.0259612,0.010386524,0.002966764,0.00495425,0.010584872,0.011740339,0.012956031,0.009772602,0.007659602,0.005126397,0.003990371,0.003729192,0.002878562,0.001544407,0.001228127,0.001017893,0.000728691,0.000572883,0.000506061,0.000455577,0.000524874,0.000502963,0.000469768,0.000676189,0.000527684,0.000305165,0.000495404,0.000493434,0.00054906,0.000579136,0.000622595,0.000596231,0.000522747,0.000545034,0.000624383,0.000931663,0.00091841,0.000781448,0.000758593,0.001085741,0.00102227,0.000916227,0.001155532,0.001021152,0.001213801,0.001199904,0.001201772,0.00137314,0.001586823,0.001560312,0.002013523,0.000495529,0.000314105,0.000480297,0.000522104,0.000621221,0.000881055,0.00103918,0.001527318,0.001591269,0.002282751,0.003030935,0.003560538,0.005725747,0.004946758,0.008171125,0.006768567,0.010097194,0.008253407,0.008877899,0.011794349,0.009387798,0.006721699,0.003341866,0.002910872,0.002691925,0.001967937,0.001387411,0.001965849,0.002483045,0.003075775,0.003690627,0.003314051,0.005360981,0.002811294,0.00312915,0.002488381,0.002543122,0.003506011,0.0041454,0.003823963,0.002579389,0.001294886,0.001459667,0.001610312,0.00251138,0.00535895,0.006889564,0.002559558,0.000859882,0.00067458,0.00018885,0.000142898,0.000312989,0.000349774,0.000313687,0.000255238,0.000288028,0.000788713,0.001946722,0.003418214
Head 1,238,0.02337195,0.023189221,0.024845712,0.028575668,0.033535842,0.037127167,0.043745793,0.051047206,0.053977881,0.054309495,0.051483251,0.036744464,0.034706112,0.026454391,0.022139177,0.026452919,0.024462907,0.012167174,0.005089075,0.006663549,0.009044092,0.008189742,0.008374847,0.007236568,0.007106054,0.005808419,0.004812775,0.004098829,0.002969304,0.001856203,0.001714396,0.001685139,0.001358638,0.001085803,0.000935959,0.000820361,0.000882089,0.00083783,0.000791362,0.001071222,0.000858486,0.000522383,0.000765495,0.000738411,0.000796465,0.000821782,0.000864058,0.000811645,0.000711036,0.000742687,0.000850039,0.001222,0.001129723,0.00089661,0.001013694,0.001334184,0.001250731,0.00116108,0.001505751,0.001410119,0.001665868,0.001625956,0.001607865,0.00183951,0.002209169,0.002339663,0.003100875,0.000885463,0.00066627,0.00097244,0.000983092,0.001081197,0.00145072,0.001373638,0.001796628,0.001808491,0.002438362,0.003057332,0.003363226,0.005078627,0.004657647,0.007767878,0.007112889,0.010772632,0.008950029,0.012223168,0.01545075,0.013792136,0.011451436,0.006602034,0.005880427,0.005416745,0.004733284,0.003105151,0.003866591,0.004636839,0.005629264,0.006619078,0.005950751,0.008883151,0.005058791,0.005566134,0.004355662,0.004041597,0.004758383,0.00504049,0.0047326,0.00343339,0.002022249,0.002586504,0.002965178,0.00419596,0.010797575,0.014185595,0.005207634,0.001757659,0.001605537,0.000456953,0.000307369,0.000546495,0.000544078,0.000463088,0.000360355,0.000394299,0.000948287,0.00216292,0.004094928,0.004389069
Head 1,239,0.023246173,0.025257204,0.028772447,0.032497577,0.034082595,0.038681183,0.045249749,0.05015203,0.05486498,0.056566905,0.043224931,0.04060531,0.030194677,0.024197059,0.027655745,0.025784658,0.012334511,0.004961737,0.00685684,0.009783033,0.008358493,0.00786165,0.006392764,0.006269075,0.00531078,0.004551436,0.003782572,0.002539323,0.001509485,0.001374833,0.001419142,0.001243153,0.001063679,0.000947475,0.000832786,0.000877896,0.000814677,0.00076256,0.001030683,0.000851315,0.000540196,0.000791314,0.0007593,0.000804068,0.000814549,0.000846856,0.000793176,0.000697469,0.000732728,0.000844268,0.001218475,0.001102806,0.000833631,0.000903069,0.001193843,0.001129389,0.001064906,0.001402807,0.001352442,0.001623802,0.001589054,0.001547574,0.00173333,0.002051959,0.002191469,0.002972846,0.000920019,0.000731971,0.001078689,0.00106573,0.001130798,0.001506475,0.001495561,0.001847829,0.001786092,0.002313364,0.002803794,0.00298869,0.004387975,0.004026498,0.006904489,0.006701524,0.010854963,0.009498395,0.013616422,0.016362075,0.01435562,0.012242883,0.007542286,0.007089763,0.00687375,0.006037703,0.003818163,0.004335312,0.004734053,0.005424509,0.006341673,0.005949916,0.009473599,0.005864381,0.006810354,0.005457133,0.004948338,0.005454469,0.005299922,0.004640344,0.003252384,0.001929026,0.002542749,0.003012379,0.004340617,0.010985951,0.015363572,0.005623495,0.002011334,0.001900822,0.000624404,0.000416338,0.000699348,0.000650582,0.000518573,0.00034217,0.000367252,0.000865033,0.001933602,0.003712123,0.004618384,0.005275985
Head 1,240,0.024404218,0.02814612,0.031406797,0.031614821,0.03401171,0.038345218,0.042699717,0.049364161,0.055817373,0.047105163,0.046397075,0.034935292,0.027295683,0.029900409,0.028419383,0.012786097,0.004698513,0.006797354,0.011020013,0.00937543,0.008126884,0.005951218,0.005553558,0.004817874,0.004409699,0.003791737,0.002446919,0.001354536,0.001168124,0.001219139,0.001141965,0.001057615,0.000997074,0.000897372,0.00094154,0.000854224,0.000782897,0.001044549,0.00087616,0.000573975,0.000847015,0.00081265,0.000849046,0.000845883,0.000871207,0.00081453,0.000720994,0.000763957,0.000892621,0.001311033,0.001192767,0.000868748,0.000918842,0.001213428,0.001137144,0.001061546,0.001380767,0.001351477,0.001646042,0.001629744,0.001567588,0.001702417,0.001946923,0.002040398,0.002774812,0.000866013,0.000758746,0.001144461,0.001138263,0.00118344,0.001557967,0.001773874,0.0021296,0.001990821,0.002488232,0.002904999,0.002989756,0.004181603,0.0037221,0.006345436,0.006415488,0.011155588,0.010649905,0.015483081,0.017733576,0.014898213,0.012580756,0.008130121,0.007992214,0.008204336,0.007805403,0.005016468,0.005331775,0.005260193,0.005502248,0.006122416,0.005730561,0.009397859,0.006254353,0.007723514,0.006591314,0.006158474,0.006677181,0.006107543,0.00494279,0.003253671,0.001891125,0.002466416,0.002963561,0.004327082,0.010990395,0.01594393,0.005583127,0.002134467,0.002298231,0.000838933,0.000582458,0.000953278,0.000850282,0.000638444,0.000391492,0.000404055,0.000897376,0.001879105,0.003446072,0.004810992,0.005364386,0.010341366
Head 1,241,0.027216269,0.030657163,0.030356083,0.031317689,0.033595305,0.036201499,0.042167474,0.050705377,0.047346383,0.050795197,0.040574621,0.031890281,0.033385001,0.033326123,0.014743701,0.00501008,0.006807664,0.011924346,0.010682175,0.009056471,0.006086057,0.005170162,0.004282499,0.004012952,0.003666732,0.002435222,0.001296554,0.001031397,0.001023446,0.000971458,0.000959728,0.000973051,0.000925681,0.000995983,0.000897129,0.000802902,0.001043587,0.000879521,0.000593923,0.000893475,0.000872161,0.000910745,0.000894067,0.000905499,0.000839279,0.000742763,0.000788409,0.000927672,0.001373571,0.001266319,0.000915636,0.000920752,0.001210771,0.001129739,0.001047945,0.001339995,0.001318349,0.001617557,0.00163567,0.001589701,0.001704521,0.001892057,0.001923916,0.002566685,0.000863767,0.000767064,0.001192586,0.001222642,0.001264535,0.001624179,0.002010432,0.002378654,0.002153087,0.002600318,0.002927221,0.002919484,0.003903994,0.003335593,0.005500411,0.005546488,0.009973995,0.010330777,0.016975394,0.0196261,0.01597264,0.013014213,0.008514256,0.008537096,0.009214429,0.009345656,0.006420973,0.006795888,0.006248574,0.005898533,0.006011545,0.005375846,0.008870552,0.00621067,0.008128874,0.0074212,0.007273034,0.008030837,0.007220062,0.005541719,0.003376986,0.001868532,0.00232776,0.002769741,0.004117779,0.010186562,0.015244449,0.005658343,0.002102966,0.00241795,0.000983345,0.000729507,0.001238287,0.001122403,0.000822417,0.000464771,0.000446167,0.000929852,0.001848134,0.00320646,0.004876452,0.005509653,0.010354523,0.013199443
Head 1,242,0.03183813,0.031939432,0.032255497,0.032960895,0.03346803,0.037349623,0.045208748,0.044748735,0.053093821,0.04664192,0.038745277,0.040196393,0.040383253,0.017963734,0.005549672,0.00659863,0.011961259,0.011658689,0.010264515,0.006724732,0.005298292,0.004027954,0.003615553,0.003388424,0.002351565,0.001244791,0.000928327,0.000847132,0.000755689,0.000745234,0.000789489,0.00080072,0.000914534,0.00084631,0.000750048,0.000956016,0.000784353,0.000525189,0.000809333,0.000812228,0.000869234,0.000860494,0.000868299,0.000797825,0.000700534,0.000741481,0.000877616,0.001319486,0.00122759,0.000887461,0.000858018,0.001118458,0.001031439,0.000947221,0.001207325,0.001189275,0.001472529,0.001522415,0.001516227,0.0016448,0.001812029,0.001790601,0.002317564,0.000791756,0.000662444,0.001074699,0.001156666,0.001230985,0.001561119,0.002159757,0.002584693,0.002276888,0.00266824,0.002891359,0.002787622,0.003608675,0.002962559,0.004736165,0.00460508,0.008303481,0.008924244,0.016423088,0.020074055,0.016463066,0.013028283,0.008308566,0.008249205,0.009137907,0.009627917,0.007211606,0.008196128,0.007577205,0.006694159,0.006151445,0.004978849,0.007896922,0.005507865,0.007607148,0.007480823,0.007905239,0.009257828,0.008545361,0.006452092,0.003632764,0.001850975,0.002140636,0.002440269,0.003635563,0.008927377,0.013726321,0.00580972,0.001967238,0.002196652,0.000965148,0.000740277,0.001345098,0.001298127,0.00097864,0.000515512,0.000462145,0.000908959,0.001754998,0.002947555,0.004966682,0.0057166,0.010859121,0.013540921,0.010591481
Head 1,243,0.032455649,0.033236343,0.033293191,0.032147527,0.033654109,0.039063621,0.038976025,0.049499601,0.048176218,0.044162419,0.047788832,0.046958201,0.022133159,0.006699008,0.006645674,0.011390216,0.011852829,0.010990626,0.007407973,0.005697464,0.004079476,0.003434045,0.003168246,0.002271121,0.00124877,0.000928527,0.000804555,0.000665395,0.000623806,0.000657659,0.000693374,0.000840351,0.000825104,0.000752382,0.000958059,0.000765149,0.000501068,0.000764375,0.00077586,0.000850617,0.000861898,0.000881624,0.000813494,0.000712594,0.000747801,0.000880307,0.001324435,0.00123906,0.00090538,0.000866669,0.00109727,0.000990003,0.000894536,0.001128796,0.001107028,0.001370922,0.001441762,0.001481095,0.00164294,0.001836588,0.001801181,0.002268085,0.00088755,0.00060541,0.000984318,0.001113983,0.001259322,0.001626738,0.002311929,0.002864955,0.002527664,0.002902231,0.003018047,0.002786753,0.003462674,0.002760892,0.004252947,0.003975816,0.006986153,0.007519017,0.016277775,0.020911314,0.017737912,0.014139044,0.008896042,0.008644165,0.009520256,0.009699693,0.007749533,0.009597674,0.009448588,0.008360438,0.007192378,0.005245127,0.007536225,0.004942425,0.006842583,0.007091379,0.008147608,0.010393165,0.010283342,0.008031314,0.004386524,0.002101763,0.00223939,0.00236867,0.003396908,0.008281299,0.012500067,0.006537098,0.002136929,0.002075632,0.001033601,0.00081376,0.00153869,0.001593027,0.00128079,0.00065946,0.000551407,0.000984872,0.001778699,0.002838192,0.005345521,0.006336281,0.01219606,0.015338774,0.011467006,0.007555058
Head 1,244,0.031949893,0.032639533,0.031063242,0.030802503,0.033415984,0.031935025,0.041044883,0.042793646,0.043515839,0.051212233,0.04906062,0.025011493,0.007837401,0.006633952,0.010259471,0.011102138,0.0108141,0.007711943,0.006032082,0.004196251,0.003287548,0.002865786,0.00205416,0.001191337,0.00093107,0.000813171,0.000643966,0.00056741,0.000575133,0.000607062,0.000760318,0.000796973,0.000770701,0.001010526,0.000805547,0.000519481,0.000768281,0.000771545,0.00085205,0.000881199,0.000921374,0.000863152,0.000761061,0.000791201,0.000916915,0.001359627,0.001270978,0.000942013,0.000925131,0.001145901,0.001017076,0.00090717,0.001126278,0.001087464,0.001325502,0.001390626,0.00145652,0.001647136,0.001888838,0.00187857,0.002334034,0.001124499,0.000591034,0.000896605,0.001025492,0.00123157,0.001670109,0.002489651,0.00325579,0.002987222,0.003444604,0.003487862,0.003104487,0.003694374,0.002889584,0.004261747,0.003849007,0.006438809,0.00672561,0.017067634,0.022482112,0.019924778,0.01652739,0.010578907,0.010143338,0.010893421,0.01033917,0.00837395,0.010884392,0.011563133,0.010841232,0.009338707,0.006447048,0.008302581,0.004968224,0.006465964,0.006665712,0.008003314,0.010987427,0.011908938,0.010117841,0.005753427,0.002744188,0.002739815,0.002658207,0.003532829,0.008741643,0.012456357,0.008138257,0.002764141,0.002238096,0.001285912,0.001032972,0.001944792,0.002128309,0.001863408,0.001018149,0.000821416,0.00131131,0.002143017,0.00316667,0.006222499,0.007452663,0.014390518,0.018729178,0.014113638,0.008783381,0.009369917
Head 1,245,0.041646656,0.043579403,0.044193633,0.046193134,0.040007491,0.051538456,0.054439951,0.05976592,0.079492882,0.055586156,0.025773872,0.006291944,0.006387046,0.011113102,0.01266027,0.013755807,0.011577061,0.010056943,0.006667884,0.004437727,0.003293773,0.00218577,0.001239148,0.000995933,0.000820533,0.000553559,0.000413394,0.000372755,0.000368693,0.000460937,0.00048558,0.000467079,0.000646458,0.000491414,0.000294522,0.000463596,0.000480446,0.000559874,0.000607025,0.000661686,0.00064419,0.000594836,0.000653001,0.000794503,0.001218755,0.001128425,0.000829124,0.000693818,0.000877863,0.000794878,0.000733602,0.000972977,0.000943774,0.001160261,0.001203376,0.001277029,0.001534454,0.00186905,0.001897715,0.002327692,0.001040039,0.000565226,0.000763728,0.000775918,0.000889374,0.001182273,0.001773025,0.00241409,0.002315477,0.002821018,0.00291311,0.002631036,0.003269977,0.002585429,0.004048077,0.003639861,0.006107345,0.006040831,0.013334983,0.019465242,0.01826082,0.015096921,0.008792286,0.008202431,0.008555081,0.005984182,0.004799407,0.006875794,0.008208014,0.008296551,0.007216157,0.004751039,0.005994326,0.00321027,0.004053588,0.003930083,0.004663847,0.006711138,0.008061145,0.007885633,0.005195529,0.002610764,0.002673469,0.002429516,0.003044171,0.00520952,0.00707204,0.005284942,0.002084642,0.001090364,0.00065823,0.000511377,0.000993141,0.001111769,0.001060875,0.000688924,0.000601679,0.001013867,0.001788499,0.002842723,0.004572794,0.00513007,0.009934388,0.013256012,0.010274436,0.005648834,0.00504022,0.006875607
Head 1,246,0.045039721,0.048656229,0.05164481,0.042588599,0.050019357,0.049533881,0.055673521,0.084421173,0.058660772,0.029616911,0.008933146,0.009617056,0.014785015,0.014757696,0.014320379,0.011786621,0.011341857,0.008760835,0.006291649,0.004214371,0.002292444,0.001162611,0.000972572,0.000910607,0.000670617,0.000489538,0.00040419,0.000361703,0.000422898,0.000449614,0.000460067,0.000685705,0.000539193,0.000318258,0.00048476,0.000479198,0.000545617,0.000597923,0.000673609,0.000667868,0.000620142,0.000680156,0.000826714,0.001295035,0.001223946,0.000877756,0.000737093,0.000933864,0.000827055,0.000752673,0.001011496,0.000993739,0.001243284,0.001261369,0.001292036,0.001507876,0.001848439,0.001964048,0.002534863,0.001514878,0.000682147,0.000833008,0.000761781,0.000835122,0.001137374,0.0017055,0.00237254,0.002383073,0.0030095,0.003175687,0.002834544,0.003392273,0.002595844,0.003985659,0.003646326,0.006172903,0.005854244,0.012339344,0.016344501,0.015459418,0.014157291,0.009057115,0.008931451,0.009243796,0.006683462,0.004899224,0.006493519,0.007959449,0.00904246,0.008934952,0.006262552,0.007485746,0.003645064,0.004142481,0.003734548,0.004314919,0.00615515,0.00724857,0.007215455,0.005075189,0.00274464,0.003053452,0.002852538,0.003335288,0.005777251,0.007046813,0.00476763,0.00210411,0.001031448,0.000668374,0.000500041,0.000890282,0.000926446,0.000882097,0.000670425,0.000712486,0.001270286,0.00208157,0.003085545,0.004793053,0.005070008,0.009534197,0.012534762,0.010396722,0.006276208,0.005503053,0.006528073,0.006560927
Head 1,247,0.050358519,0.057099469,0.048199974,0.05391337,0.049115781,0.051547494,0.080417871,0.062359534,0.030627972,0.010071027,0.011908242,0.018748051,0.018302377,0.016615288,0.012334956,0.011523883,0.00957695,0.008008231,0.005765286,0.002893802,0.001235016,0.000935018,0.000906985,0.000746088,0.000590603,0.000487836,0.000406455,0.00043131,0.000429173,0.000440216,0.000684633,0.000577899,0.000351807,0.000543437,0.000516908,0.000560003,0.000596853,0.000679232,0.000692004,0.000657895,0.000731633,0.00088251,0.001369377,0.001329618,0.000958844,0.000769822,0.001005804,0.000887657,0.000797685,0.001055764,0.001033146,0.001322675,0.001354209,0.001371516,0.001551309,0.001841379,0.001965973,0.00263815,0.001898689,0.000879006,0.001020539,0.000856718,0.000856538,0.001129581,0.00164792,0.002321329,0.002382071,0.003109922,0.003420289,0.003128203,0.003713371,0.002715859,0.00400765,0.003659899,0.006246746,0.005980345,0.013015172,0.015450577,0.013199983,0.011995427,0.008293532,0.009039533,0.010028913,0.007739776,0.005542608,0.006697195,0.007609455,0.008752367,0.009589205,0.007611637,0.009689217,0.004614144,0.004734744,0.003829945,0.00411622,0.005772074,0.006698495,0.006567287,0.004649868,0.002634714,0.003161088,0.003201901,0.003876226,0.006610424,0.007667137,0.004553736,0.001971346,0.000894365,0.000669173,0.000506438,0.000883546,0.000848658,0.000750094,0.000551011,0.000678417,0.001423453,0.002410056,0.003391861,0.005188097,0.005397834,0.00981928,0.012195279,0.009895057,0.006487945,0.006147529,0.005869662,0.006081761,0.00729731
Head 1,248,0.060363606,0.054096948,0.061696261,0.053937651,0.051847789,0.075753003,0.069228321,0.032599095,0.010173506,0.012201748,0.020259824,0.021173067,0.019912569,0.013949314,0.011914526,0.009411244,0.008481987,0.006980896,0.003766514,0.001477403,0.00096903,0.000871573,0.000738225,0.000641588,0.000567741,0.000473296,0.000471663,0.000425226,0.00040786,0.000619066,0.000551849,0.000357542,0.000585869,0.000562163,0.000587343,0.000592927,0.000651228,0.000664074,0.00064646,0.000744744,0.000912435,0.001398403,0.001370217,0.001005987,0.000761389,0.001030297,0.000927574,0.000837991,0.001089608,0.001041361,0.001326524,0.001370402,0.001397371,0.001579198,0.001826363,0.001912983,0.002579992,0.001790877,0.001058117,0.001256677,0.001019646,0.00093266,0.001143496,0.001607081,0.002245256,0.002300444,0.003081192,0.003529089,0.003359368,0.004066526,0.002867024,0.00406453,0.003570889,0.005968953,0.005833969,0.013841828,0.016357379,0.012634929,0.010343773,0.007003845,0.008067778,0.009829194,0.00808578,0.006177863,0.007402273,0.007744893,0.008264931,0.009137119,0.007972631,0.011617013,0.005950759,0.005966895,0.004393551,0.004198513,0.00548672,0.006200916,0.005995527,0.004177313,0.00242538,0.003057949,0.003318622,0.004347134,0.007259955,0.008774512,0.005034335,0.001785834,0.000779332,0.000636029,0.000499928,0.00092667,0.000863178,0.000703491,0.000454466,0.000570579,0.001377015,0.002604515,0.003747962,0.005637252,0.005957263,0.010653441,0.012714749,0.009618203,0.006309066,0.006513954,0.005500456,0.005414307,0.006855744,0.005388628
Head 1,249,0.048530973,0.058697678,0.05281252,0.049247108,0.065933213,0.068623297,0.032905348,0.009143697,0.010357846,0.017527489,0.020037502,0.020606767,0.014973342,0.012181461,0.008729046,0.007631281,0.006786023,0.004208241,0.00174512,0.001056704,0.000843936,0.000668047,0.000599397,0.000576956,0.000517988,0.000523658,0.000452447,0.000407705,0.000576832,0.000526154,0.000367631,0.000630595,0.000636779,0.000667693,0.000648162,0.000674021,0.000666906,0.00065336,0.000776606,0.000979277,0.001490836,0.001449282,0.001081828,0.000781591,0.001042422,0.000945001,0.000859176,0.001102213,0.001033388,0.001284858,0.001336095,0.001390497,0.001621974,0.001888817,0.001955361,0.002559656,0.001650698,0.001391793,0.001784106,0.001496159,0.00130252,0.001443435,0.002061752,0.002735776,0.0027376,0.003634663,0.004198011,0.004095043,0.005024194,0.003527493,0.00481018,0.004026263,0.006301976,0.006161642,0.015609141,0.019944357,0.015204744,0.011256091,0.007097358,0.008024926,0.01035584,0.008892718,0.007795473,0.010263273,0.010711464,0.010550111,0.010793992,0.009459156,0.014652789,0.008474872,0.008844074,0.006362738,0.005498517,0.006437666,0.006925051,0.006645707,0.004669876,0.002810217,0.003590732,0.004016493,0.005526845,0.009039048,0.01161239,0.0077633,0.002426917,0.001071066,0.000897577,0.000722646,0.001384349,0.001298966,0.001015202,0.000585962,0.000683087,0.001638138,0.003313586,0.005016217,0.007495489,0.008079018,0.013961356,0.016268518,0.011659719,0.007189444,0.007551839,0.006210178,0.005593244,0.006882811,0.005705169,0.010185463
Head 1,250,0.054971147,0.052159671,0.049484953,0.062297482,0.064705759,0.034810774,0.009668824,0.010328985,0.016352717,0.018690553,0.020074395,0.015812375,0.013287855,0.009049282,0.007264828,0.006284368,0.004256799,0.002019787,0.001257463,0.000930989,0.000659738,0.000562849,0.000558759,0.000541183,0.000579744,0.000503729,0.000430119,0.000557392,0.00048776,0.000352674,0.000619475,0.000675915,0.000748982,0.000729916,0.000722958,0.000671743,0.000634331,0.000756463,0.000989404,0.001555547,0.001516837,0.001144763,0.000825661,0.00105814,0.000960588,0.000882009,0.001145725,0.00106949,0.001282848,0.001298651,0.001331368,0.001583374,0.001890302,0.001973988,0.002528006,0.001451317,0.001508868,0.0021849,0.001994965,0.001763174,0.001824017,0.002528532,0.003083494,0.002968505,0.003869782,0.004502787,0.004492523,0.005649696,0.004066655,0.005511419,0.004424809,0.006481364,0.006065536,0.014385487,0.02101355,0.017683661,0.012838116,0.007335254,0.007526638,0.009374394,0.007947807,0.007679781,0.011590728,0.013229056,0.012920918,0.012184186,0.010067797,0.015592338,0.010116625,0.011806542,0.009030321,0.007471962,0.007681674,0.007368544,0.006662199,0.00464658,0.002836378,0.003749902,0.004316762,0.006097263,0.009993986,0.013440716,0.009636527,0.002878257,0.001408018,0.001042671,0.000851677,0.001700822,0.001672235,0.001310631,0.000691654,0.000757484,0.001700423,0.003512189,0.005714367,0.008494519,0.00940014,0.016116144,0.019056773,0.013660406,0.007870344,0.007922672,0.006811895,0.005738592,0.006528436,0.005364913,0.010546746,0.011110483
Head 1,251,0.055796444,0.056298632,0.070983782,0.062555254,0.0372683,0.011741069,0.012218302,0.017942633,0.019452754,0.020390345,0.016774531,0.015076032,0.01048902,0.007998551,0.00637941,0.004242852,0.002232894,0.001528717,0.001139648,0.000745558,0.000578599,0.000551764,0.000550548,0.000629569,0.000576252,0.000485721,0.000589044,0.000464465,0.000315863,0.000537223,0.000615263,0.000742313,0.000778598,0.000785762,0.000702158,0.000622644,0.000707782,0.000922563,0.00150887,0.001508059,0.001162402,0.000854256,0.001048704,0.000943711,0.000870771,0.001171247,0.001123633,0.001343737,0.001322178,0.001298525,0.001505514,0.001801222,0.001890487,0.002419283,0.001358528,0.001286261,0.002125344,0.002203325,0.002137307,0.002220406,0.002951416,0.00330755,0.002978664,0.003709482,0.004304985,0.00438875,0.005786116,0.004420707,0.006213377,0.004941633,0.006941783,0.005975312,0.01160239,0.01828734,0.017856114,0.01443764,0.008113972,0.00765685,0.00863097,0.006618352,0.00641062,0.010616882,0.013751727,0.014529348,0.013426553,0.010249111,0.014765916,0.009878286,0.012896363,0.011267728,0.010113893,0.01002858,0.008577494,0.006840225,0.004382316,0.002499719,0.003363037,0.004058872,0.00599425,0.010346577,0.014058291,0.009548353,0.003211292,0.001653418,0.001049415,0.000832994,0.001708126,0.001802157,0.001494079,0.000675115,0.000757778,0.0016653,0.003423201,0.005825777,0.008945586,0.010038202,0.017656481,0.021577451,0.015981892,0.008884139,0.008306971,0.006984245,0.005920941,0.006387531,0.005011288,0.010528556,0.01182298,0.005612948
Head 1,252,0.057821449,0.07833419,0.05795503,0.035037138,0.012668627,0.013950895,0.020625699,0.021123715,0.020556455,0.01643021,0.015492297,0.011549831,0.009059918,0.006780546,0.004095995,0.002175401,0.001626978,0.001305125,0.00085128,0.000609916,0.000534953,0.000515749,0.000608117,0.000600073,0.000537211,0.000658504,0.000486834,0.000304044,0.000477656,0.000534779,0.000673438,0.000767776,0.000831972,0.00075622,0.000646494,0.000690959,0.000863098,0.001427366,0.001464787,0.001151395,0.000905142,0.001078394,0.000941782,0.00084706,0.001147752,0.001134463,0.00139735,0.001375233,0.001315604,0.001464995,0.001729055,0.001821612,0.002371271,0.001444658,0.001044102,0.001865221,0.002172585,0.002397513,0.002702349,0.003684431,0.003958612,0.003350468,0.003888723,0.004340153,0.0043582,0.005823852,0.004671882,0.0068748,0.005688997,0.008049786,0.006548357,0.010301972,0.015315099,0.016195839,0.015203708,0.009347753,0.00876986,0.009101504,0.006169743,0.005581393,0.009255935,0.013189492,0.015913025,0.015882799,0.011899455,0.015488914,0.009793879,0.012952462,0.012556979,0.01290458,0.01371494,0.011304715,0.008116378,0.004715166,0.002424082,0.003120394,0.003832784,0.005798729,0.01131186,0.014904886,0.008953142,0.004045502,0.00202752,0.001279864,0.000966923,0.001896521,0.002048125,0.001784722,0.00068841,0.0008197,0.0018044,0.003565805,0.006001991,0.00986004,0.011090825,0.020006886,0.025064521,0.019549111,0.011334444,0.010147837,0.00741991,0.006509811,0.006848437,0.005072915,0.010578531,0.012418779,0.005908138,0.004262333
Head 1,253,0.079591885,0.056314144,0.031308457,0.012103192,0.014345651,0.023200728,0.024090011,0.022538153,0.016769676,0.015550012,0.01217927,0.010429922,0.007972216,0.00444416,0.002183083,0.001648179,0.001421844,0.00098784,0.000697013,0.000568711,0.000507038,0.000581045,0.00059567,0.000578589,0.000758862,0.00056605,0.000332811,0.000482313,0.000497095,0.000608509,0.000724273,0.000854911,0.000837249,0.000731049,0.000754105,0.000884787,0.001407231,0.001449846,0.001155497,0.000994438,0.001189968,0.00101294,0.000877212,0.001152972,0.001148726,0.00146986,0.001487599,0.001430765,0.001536256,0.001752,0.001814052,0.00239155,0.001638716,0.000892245,0.001592139,0.001980037,0.002455298,0.003153274,0.00447258,0.004939194,0.004036547,0.004363124,0.00456575,0.004382524,0.005743829,0.004690917,0.007163942,0.006327196,0.009394207,0.007644166,0.01067662,0.013556717,0.013630233,0.013981978,0.009931476,0.010190452,0.010586009,0.00646559,0.00533706,0.008133006,0.011610313,0.015495107,0.017685836,0.014286174,0.018017467,0.010486605,0.012811968,0.012616394,0.014433416,0.017587563,0.015521477,0.010805523,0.005764446,0.002637027,0.003026877,0.003577878,0.005447143,0.012266525,0.015869644,0.00832842,0.004863663,0.002179218,0.001619321,0.00117825,0.002178248,0.002312802,0.002063356,0.000682183,0.000832119,0.001913198,0.003746938,0.006119203,0.010991522,0.012243058,0.022395803,0.028317705,0.022741679,0.014399746,0.013192808,0.007906164,0.007040994,0.00749907,0.005379201,0.010610156,0.012520551,0.00598964,0.004376305,0.003597045
Head 1,254,0.063410901,0.031361125,0.011520577,0.013647358,0.024208903,0.02740711,0.026885014,0.01915616,0.01661963,0.012734951,0.011711814,0.009853066,0.005563315,0.002504768,0.001758298,0.001535572,0.001143545,0.000844008,0.000673135,0.00055627,0.000593417,0.000589764,0.000596355,0.00084071,0.000672128,0.000394665,0.000550663,0.000514543,0.000574984,0.000661261,0.000812315,0.000869239,0.000817653,0.000864267,0.000978776,0.001459897,0.001458093,0.001156812,0.001082737,0.001347955,0.001145436,0.000964925,0.00120397,0.001167559,0.001517007,0.001589544,0.001587419,0.001702094,0.001885044,0.001888286,0.002474304,0.001675425,0.000822559,0.001375956,0.001698718,0.002238669,0.003266142,0.004956262,0.006022926,0.005002089,0.005230569,0.005129645,0.004626392,0.005780344,0.004592781,0.007110866,0.006597936,0.010432146,0.008964066,0.013127546,0.01429491,0.01224718,0.011938743,0.009243336,0.01072599,0.01221204,0.007163878,0.005612657,0.007735965,0.010160888,0.013652845,0.017342553,0.015930694,0.021811951,0.012247332,0.013514402,0.012329054,0.014233295,0.019492261,0.019802719,0.014865701,0.007703286,0.003259679,0.003237128,0.003444656,0.005078417,0.012893824,0.017260944,0.00873765,0.005199177,0.002055981,0.001943328,0.001404183,0.002527416,0.002578091,0.002270015,0.000696928,0.000795093,0.001905847,0.00389022,0.006337804,0.012627925,0.013773817,0.025163297,0.03188362,0.025257729,0.017116275,0.01687349,0.008831718,0.007604049,0.008300086,0.00597965,0.011178641,0.012809367,0.006168455,0.004467383,0.003672688,0.002805375
Head 1,255,0.03390649,0.010930685,0.012024505,0.022040062,0.027475668,0.030028787,0.022301862,0.018529288,0.013308221,0.012153607,0.011142214,0.006904134,0.003067947,0.001975825,0.001649398,0.001259233,0.000987023,0.000809743,0.000648739,0.000645881,0.000593241,0.000583679,0.000849553,0.000740701,0.000465597,0.000666245,0.000591455,0.000597462,0.000622306,0.00073296,0.000816201,0.000833943,0.000951494,0.001104334,0.001577813,0.0014939,0.001146669,0.001152966,0.001505018,0.001310144,0.001102347,0.001315194,0.001213276,0.001528889,0.001613079,0.001674545,0.001860469,0.002060963,0.002015166,0.002573167,0.001434966,0.00082119,0.00124929,0.001433697,0.001861507,0.002909235,0.004990268,0.006810884,0.006065894,0.006522853,0.006172469,0.005243013,0.006113793,0.004558974,0.006913788,0.006465121,0.010685748,0.009922384,0.016932845,0.017544249,0.012795461,0.010594828,0.007881845,0.009729489,0.012457357,0.007624251,0.006072898,0.007962868,0.009416255,0.011652222,0.015017981,0.015320078,0.024409726,0.014557571,0.015507645,0.012777652,0.013442652,0.018593846,0.021278812,0.018507672,0.010191687,0.004399119,0.003956898,0.003652045,0.004900435,0.012812019,0.018349605,0.010457025,0.005007335,0.001922922,0.002188288,0.001650351,0.003028931,0.002989851,0.002552357,0.000828056,0.000817813,0.00187782,0.003961951,0.006655878,0.014927651,0.015807083,0.028017322,0.03532343,0.027016103,0.018524485,0.019654697,0.010588061,0.008480956,0.00917,0.006719189,0.012276673,0.013454901,0.006494028,0.004610255,0.003656157,0.002776366,0.002966929
Head 1,256,0.0111852,0.011042723,0.019171791,0.024713593,0.029444704,0.02444105,0.021098757,0.014592044,0.012375842,0.011413062,0.007776276,0.003738264,0.002339449,0.001841587,0.001358059,0.001089361,0.000934623,0.000765726,0.000742112,0.00062933,0.000568365,0.000800271,0.00072164,0.000493673,0.000757208,0.000691291,0.000667907,0.000628763,0.000668567,0.000713357,0.000753595,0.000934418,0.001176637,0.001723337,0.001578266,0.001155813,0.001164065,0.001561693,0.001408186,0.001215891,0.001444772,0.001283575,0.001525576,0.001555775,0.001622663,0.001882472,0.002149658,0.002107199,0.002620036,0.001100492,0.000852093,0.001219152,0.001279413,0.001553923,0.002398263,0.004591518,0.006791579,0.006640089,0.007751221,0.00747015,0.006162242,0.006747096,0.004683049,0.006759317,0.006062399,0.010057824,0.009813242,0.019614385,0.022079879,0.01527034,0.010691172,0.006824364,0.007967096,0.010778951,0.007183904,0.006136339,0.008327378,0.009376809,0.01043492,0.012364671,0.012735456,0.022958139,0.015639942,0.018132187,0.014508959,0.013654704,0.017065864,0.01974294,0.019361306,0.011904308,0.005721151,0.005202331,0.004310607,0.005077771,0.012015239,0.017955001,0.012747147,0.004418436,0.001865386,0.002181543,0.001779264,0.003478985,0.003453034,0.002892708,0.001067588,0.000925599,0.001861183,0.003803523,0.006601388,0.017512357,0.018146399,0.030748483,0.038254607,0.028309824,0.018509669,0.020171272,0.012614832,0.009503776,0.009758553,0.007159863,0.013353086,0.014283562,0.006827749,0.004764619,0.003614168,0.002567132,0.002746431,0.002840479
Head 1,257,0.010875442,0.01716144,0.020761203,0.024251459,0.02208274,0.021316152,0.015631525,0.01252572,0.010701062,0.00733902,0.003916467,0.002592432,0.002034154,0.001438934,0.001127142,0.000984064,0.000840256,0.000828616,0.000681045,0.000565457,0.000741578,0.000640511,0.000456577,0.000740279,0.000730192,0.000729405,0.000660941,0.000640124,0.000619829,0.000629181,0.000804895,0.001101571,0.001750106,0.001639535,0.001166608,0.00111449,0.001493148,0.001380968,0.001231927,0.001515313,0.001351152,0.001535815,0.001480084,0.001480103,0.001729547,0.002033909,0.002045547,0.002526619,0.000894672,0.000843983,0.001191432,0.00117683,0.00132678,0.001915159,0.004167649,0.006241391,0.006563928,0.008432543,0.008668204,0.007246638,0.007654435,0.005066498,0.006874314,0.005802698,0.009328987,0.009064252,0.019324046,0.024763348,0.018522259,0.012290158,0.006736571,0.006839355,0.008747519,0.006270836,0.00568794,0.008253788,0.00956061,0.010126437,0.010758011,0.010203038,0.018504851,0.014230358,0.019286055,0.016870588,0.015513601,0.017139245,0.017955814,0.017893933,0.01204493,0.006643299,0.006761448,0.005536245,0.005815273,0.011563475,0.01653339,0.0142266,0.004139517,0.002111122,0.002153981,0.001903785,0.003925641,0.00404127,0.003430481,0.001472938,0.001269438,0.002177164,0.003914928,0.006598403,0.020290844,0.020859335,0.033614177,0.040426373,0.029554062,0.018280089,0.019281531,0.014592608,0.011096469,0.01070782,0.007648217,0.014452855,0.015542352,0.007344225,0.00511325,0.003813718,0.002514028,0.002441656,0.00255173,0.004048291
Head 1,258,0.019027328,0.020903809,0.021612415,0.019034097,0.019789496,0.016330915,0.013726758,0.011166381,0.007142444,0.003916798,0.002767571,0.002273415,0.001602858,0.001212081,0.001038749,0.000903946,0.00091948,0.000769451,0.000615031,0.000763115,0.000604268,0.000416531,0.000690513,0.000731487,0.000790287,0.000741799,0.000692561,0.000605126,0.000553389,0.000670955,0.000939894,0.001634597,0.001677795,0.001232304,0.00107296,0.001433423,0.00133292,0.001203787,0.00153969,0.001420124,0.001619054,0.001507496,0.00142666,0.001611123,0.001903975,0.001977988,0.002517253,0.00088166,0.000798346,0.001170435,0.001152944,0.001239558,0.001647624,0.003711874,0.005369008,0.005791562,0.008047822,0.009161655,0.008200621,0.008814376,0.005720023,0.00727713,0.005746999,0.008800684,0.008208649,0.017306257,0.024287399,0.020737061,0.014789427,0.007568388,0.006624303,0.007291989,0.005247376,0.0048157,0.00732701,0.00916044,0.010141512,0.010328826,0.008827718,0.014488561,0.01128233,0.017101794,0.017285151,0.01754798,0.018856781,0.017533058,0.015949665,0.010716685,0.006403306,0.007657051,0.007029377,0.007269714,0.012304951,0.01534328,0.013374208,0.003890871,0.002255542,0.001930687,0.001814512,0.003947984,0.004298509,0.003735479,0.001609657,0.001615604,0.002677835,0.004195876,0.006362867,0.021655744,0.023406774,0.037972692,0.044057909,0.031538159,0.01864486,0.018434303,0.015478735,0.012724904,0.01199658,0.008154578,0.014985095,0.01632818,0.007572218,0.005280454,0.004018908,0.002608336,0.002287376,0.002169036,0.003608015,0.004339343
Head 1,259,0.024634747,0.023199691,0.018055569,0.018054606,0.015899837,0.014891883,0.012661239,0.007723283,0.004052454,0.002912821,0.002508103,0.001835282,0.001379901,0.001151931,0.000992107,0.001022067,0.000884592,0.000713822,0.00086614,0.000635283,0.000403259,0.00065794,0.00071505,0.000829934,0.000844106,0.000818745,0.000685359,0.000564965,0.000612132,0.000799943,0.001413072,0.001592824,0.001277656,0.001035149,0.001407789,0.001316091,0.001188599,0.00154518,0.001473128,0.001742433,0.001628962,0.001492881,0.001596216,0.001824913,0.001908032,0.002528652,0.000982586,0.000737625,0.00112731,0.001162271,0.001252318,0.001587405,0.003459568,0.004747672,0.004941061,0.006994408,0.0086856,0.008576203,0.009964844,0.006640331,0.008143134,0.006098909,0.008784874,0.007706344,0.01516248,0.021694794,0.020503461,0.016803861,0.009113202,0.007515634,0.007136755,0.00469934,0.004121015,0.006166388,0.008089787,0.009738307,0.010400756,0.008533501,0.012585432,0.009030174,0.013693498,0.015283254,0.018022779,0.02130419,0.019122003,0.015515515,0.009551008,0.005583314,0.007349963,0.007986862,0.009178516,0.014820406,0.016276605,0.012079992,0.00389743,0.002299402,0.001653662,0.001568211,0.003563047,0.004155086,0.003766355,0.001406869,0.001722909,0.003238708,0.004880411,0.006569084,0.020804936,0.024223719,0.042005684,0.04868098,0.033899512,0.019544857,0.018168552,0.015174401,0.013919462,0.013770303,0.009120043,0.0156631,0.016916994,0.007692242,0.005269003,0.00405926,0.002721508,0.002314018,0.00195183,0.003025459,0.003828699,0.003890584
Head 1,260,0.026706366,0.018959505,0.01690213,0.014215048,0.014292381,0.013522529,0.008550264,0.00426726,0.002975538,0.002596605,0.001986718,0.001537791,0.001274642,0.001074233,0.001092965,0.000964236,0.000803507,0.000980353,0.000695076,0.00040382,0.000630589,0.000663297,0.000786367,0.000859727,0.000907922,0.00079388,0.000632459,0.000622067,0.000721222,0.00117656,0.001359999,0.001194699,0.000953334,0.001344557,0.001280493,0.001162377,0.00150198,0.001450771,0.001787203,0.001726549,0.001595332,0.001639605,0.001774059,0.00179065,0.00239864,0.001012273,0.000670943,0.00102077,0.001103078,0.001240201,0.001595199,0.00337939,0.00452778,0.004421982,0.00600303,0.007649949,0.008163961,0.010526898,0.007529623,0.009370391,0.006900799,0.009387454,0.007750375,0.013874464,0.018932683,0.01817113,0.016598769,0.010316921,0.009054957,0.008170605,0.004626716,0.003785069,0.005288928,0.006803804,0.008608852,0.010041499,0.008605314,0.012280987,0.007956168,0.011010069,0.012281988,0.016089613,0.022313356,0.021918327,0.017163103,0.009576294,0.005106049,0.006485545,0.007813837,0.01042227,0.018104326,0.019380994,0.012508634,0.004457697,0.002342944,0.001517536,0.001356032,0.003109027,0.003848672,0.00372584,0.001172366,0.00160455,0.003662384,0.00604653,0.007741511,0.020074496,0.024126755,0.045155235,0.054544527,0.037280358,0.021261187,0.018990539,0.01427357,0.014264343,0.015566629,0.01060484,0.017060822,0.017882932,0.008101576,0.005370848,0.004043092,0.002797612,0.002482259,0.001977947,0.002691909,0.003180896,0.003389088,0.004192785
Head 1,261,0.022307845,0.018244233,0.013507359,0.013007417,0.013348364,0.009475107,0.004829759,0.003267818,0.002772564,0.002139395,0.001719931,0.001460303,0.001229942,0.001230925,0.001081818,0.000920805,0.001133987,0.000809568,0.000445623,0.000664077,0.00065577,0.000750173,0.000834723,0.000943394,0.000901144,0.000752319,0.000722257,0.000760661,0.00108836,0.001168202,0.001058125,0.000889581,0.001283209,0.001255846,0.001166634,0.001499413,0.00143919,0.001802572,0.001804355,0.001737157,0.001797716,0.001875062,0.001789744,0.002314543,0.000958186,0.000670637,0.000954848,0.001030892,0.001205863,0.001626312,0.003404367,0.004646872,0.004352354,0.005537401,0.006788863,0.007404352,0.010382688,0.008120697,0.010804578,0.008112376,0.010628693,0.008367891,0.013706136,0.017666802,0.016015036,0.014760884,0.010170926,0.010116549,0.009741013,0.004799114,0.003733354,0.004895912,0.00588345,0.007241382,0.008839928,0.00816748,0.012365769,0.007633165,0.009576444,0.009793498,0.012759986,0.019873485,0.022978095,0.019625438,0.01066515,0.005231294,0.005870407,0.006906744,0.0101345,0.020056421,0.0236848,0.015774144,0.005438124,0.002392574,0.00146741,0.001172315,0.002605692,0.003305323,0.003419021,0.001025832,0.001334083,0.003498752,0.006907548,0.009531698,0.020250907,0.023503531,0.045847859,0.059688482,0.041147217,0.023160404,0.020238599,0.013381555,0.013613519,0.016296389,0.011949449,0.019043226,0.019400261,0.008979291,0.005784752,0.004119818,0.002797649,0.002640179,0.002176787,0.002718025,0.002813523,0.002755899,0.003625575,0.004416623
Head 1,262,0.020604445,0.014061158,0.011905722,0.01178549,0.009108953,0.005099369,0.003552601,0.002970506,0.002241146,0.001818125,0.001581601,0.001356078,0.001347709,0.001174091,0.001005859,0.001242565,0.000911538,0.000500166,0.000716291,0.000667991,0.000717847,0.000770578,0.000883931,0.000908073,0.000828752,0.00084104,0.000872292,0.00113142,0.001063937,0.000906751,0.000841532,0.001194585,0.001187766,0.001139129,0.001487989,0.001424197,0.001767996,0.001790337,0.001790941,0.001937411,0.002037094,0.00188082,0.002297554,0.000844446,0.000747103,0.000962048,0.000967519,0.00112647,0.001575518,0.003398788,0.004834034,0.004574908,0.005577822,0.006376886,0.006685826,0.009584656,0.00809496,0.011842499,0.009452619,0.012469202,0.009604306,0.013961769,0.017198771,0.014635227,0.012719168,0.008947008,0.009868899,0.010721616,0.005081281,0.003883587,0.004950457,0.005603029,0.00642023,0.007633997,0.00736825,0.012116458,0.007721326,0.009382503,0.008714492,0.010320282,0.016018257,0.020889772,0.020894494,0.012340796,0.006105031,0.006175358,0.006460616,0.009183584,0.019872554,0.027178574,0.022151155,0.006847511,0.002703171,0.001617338,0.001131376,0.002274688,0.002758801,0.00295144,0.001046718,0.001186946,0.003090939,0.007006599,0.011311912,0.022501629,0.023459312,0.044366948,0.061285887,0.044583753,0.025201662,0.021751301,0.012846578,0.012743463,0.015895708,0.012546523,0.020906294,0.021225397,0.010175853,0.00653811,0.004444933,0.002829983,0.00268346,0.002358645,0.002971401,0.002801436,0.002385578,0.002894734,0.003792703,0.006289819
Head 1,263,0.016310832,0.012547008,0.010838283,0.008107627,0.00499025,0.003818612,0.003345431,0.002504616,0.001997608,0.001744113,0.001524754,0.001523188,0.001331889,0.001143727,0.001411158,0.001058393,0.00059767,0.000830127,0.000750127,0.000763649,0.000772235,0.000852295,0.000884828,0.000862335,0.00095428,0.001054417,0.001357755,0.001148751,0.000869743,0.000871219,0.001168335,0.001142747,0.001112952,0.00150296,0.001464647,0.001796552,0.001796166,0.001809837,0.002046134,0.002245256,0.002101282,0.002477029,0.000853138,0.000937247,0.001109061,0.000998695,0.00109248,0.001512658,0.003270945,0.004795106,0.004815582,0.005932198,0.006478362,0.006367889,0.008761378,0.007649736,0.012111601,0.010494011,0.014625223,0.011365077,0.015031538,0.017748518,0.014590194,0.011871363,0.007882252,0.008878157,0.010511278,0.005279229,0.004035632,0.005150524,0.005728672,0.006207219,0.006890473,0.006518533,0.011033183,0.007530201,0.009594598,0.008614153,0.009221844,0.012908788,0.016822007,0.01896069,0.012917004,0.007123188,0.007331556,0.006924273,0.008695963,0.018600626,0.027590508,0.028705504,0.008232747,0.00324842,0.001976382,0.00125854,0.002191933,0.002368671,0.002447216,0.001162044,0.001196224,0.002766585,0.006320676,0.011677734,0.026451107,0.024687598,0.042862933,0.059264872,0.046444155,0.027424401,0.023809562,0.012686013,0.012141612,0.014862112,0.012112791,0.021480614,0.022480767,0.011191182,0.00742381,0.005081831,0.003062184,0.002715492,0.002418167,0.003263576,0.00307595,0.00239099,0.002484145,0.002979385,0.005379816,0.007478801
Head 1,264,0.015410283,0.011959979,0.007739803,0.004657305,0.003808753,0.003644331,0.002870274,0.002296235,0.001991637,0.001745088,0.001744555,0.001538032,0.00132959,0.001653774,0.001258041,0.00073191,0.001003402,0.000895754,0.000883157,0.000849456,0.00088742,0.000882991,0.000866312,0.001015915,0.001222931,0.001694759,0.001409881,0.000956708,0.000964709,0.001218063,0.001131396,0.001074289,0.001483954,0.001499599,0.001873796,0.001863262,0.001845073,0.002108388,0.002397506,0.002338665,0.002793144,0.000977528,0.001198433,0.001402231,0.00115065,0.001134238,0.001473501,0.003089651,0.004539269,0.004833148,0.006237485,0.006842698,0.006426195,0.008250658,0.007008556,0.011449574,0.010695959,0.016467327,0.013519753,0.017380636,0.019065971,0.01515005,0.011853853,0.007342088,0.007990897,0.009687639,0.005526097,0.004255964,0.005399341,0.005983398,0.006334925,0.006634853,0.005926743,0.00965893,0.006862398,0.009408854,0.008801101,0.00917831,0.011601935,0.013635676,0.015306749,0.011407265,0.00714672,0.008416983,0.008034457,0.009123775,0.01796075,0.025936347,0.029955033,0.008813846,0.003759211,0.002511705,0.001557477,0.002378952,0.002194371,0.00200823,0.001169217,0.001244946,0.002630711,0.005472717,0.010435599,0.031066101,0.027522214,0.043842699,0.055964556,0.045041364,0.028633891,0.026189698,0.012526124,0.011833115,0.014043934,0.011363216,0.020816604,0.022822235,0.011596531,0.008009699,0.005788114,0.003516051,0.002892512,0.002414695,0.003389239,0.003377336,0.0026575,0.002511813,0.002577969,0.0043595,0.00663683,0.007224751
Head 1,265,0.014464266,0.008410268,0.004483881,0.003552816,0.003576192,0.003056762,0.00257112,0.002266332,0.001984098,0.001969052,0.00173266,0.001504724,0.001883993,0.001455738,0.00086655,0.00119659,0.001066871,0.001036659,0.000967821,0.000968253,0.000909079,0.000857329,0.001010587,0.001281589,0.00194219,0.001738904,0.001149478,0.001094475,0.001348234,0.001179794,0.001050967,0.001415362,0.001458246,0.001891765,0.001923459,0.001888167,0.002126253,0.002426131,0.002441119,0.003035614,0.001105225,0.001385371,0.00174854,0.001417558,0.001276001,0.001511137,0.002912255,0.004194516,0.004558305,0.006176265,0.007098256,0.006695889,0.00819388,0.006509094,0.01031068,0.009912156,0.016688811,0.015028154,0.021224184,0.021605209,0.016168989,0.012194714,0.007187917,0.007415325,0.008767868,0.00559411,0.004473071,0.005661377,0.006228435,0.006562945,0.006710592,0.005693078,0.008665917,0.006065407,0.008548211,0.008515385,0.00932517,0.011544039,0.012228609,0.012450962,0.009132565,0.006121472,0.008427555,0.009097767,0.010459044,0.018903734,0.024907019,0.02669101,0.008522222,0.00395419,0.003096381,0.00201999,0.002925526,0.002373044,0.001842302,0.001071934,0.001274282,0.002737934,0.00516401,0.009132561,0.034210168,0.031881046,0.04933688,0.056074262,0.042232439,0.027958404,0.027555808,0.01247672,0.01168781,0.013605957,0.01076172,0.019356174,0.021848349,0.011202121,0.007947369,0.006108773,0.003998483,0.003273054,0.002525258,0.003397191,0.003459117,0.002872738,0.002738826,0.002541366,0.003718609,0.005362124,0.006370982,0.006906706
Head 1,266,0.007078274,0.003705413,0.002785833,0.002657756,0.002281546,0.001959584,0.001763709,0.00161884,0.001703527,0.001624026,0.001522724,0.001919714,0.001554116,0.000986633,0.001367857,0.001293385,0.00134684,0.001334955,0.001367385,0.001263844,0.001122773,0.001219726,0.001455033,0.002142863,0.002044121,0.001446497,0.001525801,0.001708222,0.001398179,0.001166909,0.001461474,0.001503618,0.001975357,0.002119129,0.002143704,0.002353579,0.002632929,0.00264209,0.003256192,0.000952105,0.001506661,0.00211899,0.001991025,0.001816289,0.00190638,0.002239981,0.00277101,0.002738773,0.003400563,0.003893244,0.003770176,0.004675037,0.003899866,0.006127345,0.006202301,0.010961503,0.011346708,0.016745504,0.01789671,0.014345888,0.011851488,0.007630984,0.007665291,0.008492414,0.005178097,0.004604399,0.006106379,0.007089914,0.007706984,0.007727399,0.006223047,0.008239726,0.005571966,0.007543782,0.008219755,0.010213942,0.013742499,0.014285918,0.013093559,0.008756483,0.005763584,0.00818865,0.010249581,0.013492866,0.021574488,0.02733285,0.022239273,0.008595658,0.004219476,0.003949207,0.002838848,0.004074633,0.003349209,0.002397693,0.001080175,0.001271533,0.002795219,0.00513579,0.008596955,0.034430493,0.038002834,0.062157594,0.068813011,0.048980046,0.032404244,0.033349052,0.015212895,0.013269695,0.014264429,0.01060725,0.018195551,0.020571439,0.01046834,0.007350311,0.005757305,0.003970482,0.00322889,0.002298078,0.002680534,0.002610144,0.00227297,0.002339778,0.002191169,0.002900012,0.003762896,0.004374733,0.005231024,0.003454862
Head 1,267,0.005675202,0.003746273,0.003261163,0.002771704,0.002581441,0.002551817,0.002415045,0.00250442,0.002192691,0.001880712,0.002299098,0.001832525,0.001130161,0.001649665,0.001514409,0.001476912,0.00134665,0.001287249,0.001126429,0.000968111,0.00105267,0.001280165,0.001990332,0.002044177,0.001569515,0.001416191,0.001837546,0.00155342,0.001239459,0.001445439,0.001364577,0.001755838,0.001888455,0.001962635,0.002247274,0.002520286,0.002497396,0.003196622,0.000904684,0.001215882,0.0019479,0.001951018,0.001834243,0.002000915,0.0029076,0.003950575,0.003968404,0.005356559,0.006564485,0.006789993,0.008757886,0.006464818,0.009382772,0.008218587,0.013846052,0.01409356,0.027775723,0.030873982,0.021421289,0.014291746,0.007627216,0.007060645,0.007615191,0.00454843,0.004105293,0.005761677,0.006473406,0.006728504,0.006818925,0.005604467,0.008259943,0.005266516,0.006814268,0.00672597,0.007859452,0.01085694,0.011798119,0.010568713,0.006537845,0.003910303,0.005573266,0.007401468,0.011104204,0.022398144,0.028843783,0.023122223,0.007300401,0.003514502,0.00323774,0.002463585,0.004180358,0.003473938,0.002274929,0.000898222,0.001051373,0.002669766,0.005415708,0.008626064,0.028285677,0.034054611,0.062754683,0.070345663,0.04309481,0.024573382,0.024871049,0.013599887,0.011641856,0.012868945,0.009723592,0.016556855,0.018054213,0.009226248,0.006464245,0.004996091,0.003696866,0.003691872,0.003140582,0.003868527,0.003552848,0.002822608,0.002876749,0.002836906,0.003752331,0.004264373,0.004194863,0.004743951,0.002311496,0.007050336
Head 1,268,0.004154396,0.003363581,0.002598373,0.00233997,0.00239229,0.002422143,0.002687242,0.002437574,0.002089498,0.002483374,0.001965003,0.001236046,0.001822124,0.00173282,0.001734433,0.001587697,0.001489949,0.001272015,0.001061521,0.001110956,0.001301814,0.00194741,0.001952108,0.001574503,0.001524881,0.002017658,0.001756325,0.001408387,0.001583813,0.001413004,0.001704742,0.001790972,0.001896653,0.00225834,0.00260555,0.002582833,0.003245717,0.000719392,0.001073182,0.001819204,0.002038904,0.002145777,0.002452822,0.003234121,0.004221177,0.004045162,0.005198749,0.006190163,0.006496484,0.00874371,0.006701145,0.009848516,0.008258243,0.013123389,0.013121438,0.025526181,0.033200216,0.025193496,0.016682483,0.008461458,0.00728739,0.007357291,0.003913939,0.003565875,0.00538712,0.006411243,0.00670871,0.006631809,0.005347038,0.007995858,0.005134865,0.006626025,0.006402154,0.007261257,0.009990306,0.011376915,0.010523898,0.006448227,0.003624279,0.00473407,0.006087522,0.009733298,0.022500174,0.031959698,0.023824316,0.007527556,0.003828214,0.00320114,0.002486486,0.004531972,0.004167512,0.002873159,0.001035284,0.001039401,0.00248498,0.005351729,0.00900034,0.022784829,0.028814303,0.058682829,0.074149065,0.04629606,0.023977924,0.022551611,0.015166348,0.012550336,0.013005533,0.009447886,0.016128074,0.017042156,0.008562391,0.005893249,0.004367281,0.003123582,0.003272343,0.003171658,0.004252662,0.003977744,0.003025133,0.002931948,0.002945714,0.004084576,0.004563835,0.004020862,0.003990587,0.002096176,0.006236408,0.0114847
Head 1,269,0.00408577,0.002959026,0.002432286,0.00238877,0.00247211,0.002920834,0.002851033,0.00254698,0.003059407,0.002372688,0.001490219,0.002152764,0.0020981,0.002184552,0.002063941,0.001949707,0.001635913,0.001332858,0.001352639,0.001551186,0.002284153,0.002168889,0.001709151,0.001826662,0.002395169,0.002117351,0.001723794,0.00195069,0.001693543,0.00191632,0.001888072,0.001943114,0.002345663,0.002817218,0.002876977,0.003606536,0.000757148,0.001043427,0.00173609,0.002032241,0.002401148,0.003024495,0.003742064,0.004745972,0.004475689,0.005507576,0.006243027,0.006356466,0.008560161,0.006859607,0.010530519,0.008833684,0.013629589,0.012841349,0.021356925,0.031106804,0.027547866,0.020081993,0.010178326,0.008277733,0.007695829,0.003764135,0.003169487,0.004888124,0.006323113,0.007066131,0.007003932,0.005453578,0.007864132,0.004986302,0.006561492,0.006369427,0.007092009,0.009370589,0.010643682,0.010229609,0.006565591,0.00361936,0.004454361,0.005273928,0.008050811,0.02110835,0.0320439,0.022386102,0.007707059,0.004238193,0.003153313,0.002393815,0.004347045,0.00431423,0.003284443,0.001245847,0.001144721,0.002386217,0.004965619,0.008807951,0.01902259,0.023056429,0.049482584,0.070815936,0.049569685,0.025134483,0.021458393,0.016277052,0.014043705,0.013830012,0.009417139,0.01602467,0.016676921,0.008076732,0.00549907,0.004006316,0.002706578,0.002702722,0.002741534,0.004151901,0.004304886,0.003393417,0.00311887,0.002971019,0.004187285,0.004920157,0.004300075,0.003871013,0.002152555,0.005100024,0.010742952,0.013236942
Head 1,270,0.003857999,0.002998618,0.002724152,0.002685565,0.003186937,0.003299832,0.003155114,0.004014021,0.003115297,0.00193074,0.002697668,0.002610974,0.002787929,0.002759046,0.002716215,0.002294947,0.001838632,0.001803095,0.002013249,0.002964916,0.002739796,0.00206018,0.002341707,0.003079029,0.002730733,0.002235879,0.002573944,0.00223895,0.002465686,0.002278977,0.002207821,0.002568259,0.003104886,0.003287486,0.004256305,0.001085861,0.001131696,0.00175136,0.001992322,0.002513738,0.003516966,0.004327823,0.00544617,0.005161121,0.006215498,0.006829157,0.006704296,0.008758264,0.00711337,0.011235525,0.00972331,0.01521115,0.013614378,0.018256854,0.026328836,0.026083164,0.022278264,0.012385184,0.010191589,0.008904954,0.004329108,0.003157802,0.004469716,0.005958687,0.007317266,0.007797238,0.006142213,0.008429192,0.005078625,0.006593049,0.006444705,0.007294444,0.009479568,0.010380179,0.009898656,0.00658364,0.003641276,0.004451885,0.005048425,0.007172601,0.020290267,0.030496737,0.017798761,0.007220756,0.004271513,0.003058869,0.002268376,0.003914781,0.003956754,0.003251484,0.001334093,0.001299298,0.002513477,0.004738476,0.008188138,0.016638722,0.018513514,0.039976187,0.060772896,0.048128255,0.026387868,0.021704942,0.015817562,0.015276898,0.015333414,0.009911219,0.016113777,0.016505085,0.007580274,0.005058974,0.003718136,0.002480687,0.002330372,0.00225042,0.00360316,0.004169948,0.003692649,0.003526002,0.00321018,0.004302034,0.00511631,0.004630694,0.004107931,0.002452712,0.004446079,0.009308101,0.012982942,0.013296643
Head 1,271,0.00370964,0.003243275,0.002975497,0.003350012,0.003477617,0.003501698,0.004793874,0.003874005,0.002398918,0.003306552,0.003093605,0.003263484,0.003312443,0.003438478,0.003021993,0.002445315,0.002348255,0.002527142,0.003663084,0.003364018,0.002434711,0.002764206,0.003758386,0.003351745,0.002744104,0.003180828,0.002801767,0.003124938,0.002809631,0.00259282,0.002832438,0.0032812,0.003486026,0.004678802,0.001595145,0.001298782,0.001828332,0.001919647,0.002394031,0.003577619,0.00475115,0.006081506,0.005802679,0.006932635,0.007526546,0.007224767,0.009113281,0.007244019,0.011428086,0.010236301,0.016661728,0.014833572,0.017135208,0.022146467,0.021732431,0.020714363,0.013326504,0.012137243,0.010829,0.005635867,0.003634844,0.004394197,0.005422336,0.006873904,0.008035382,0.00681559,0.009425443,0.005425289,0.00668508,0.006387386,0.007369786,0.009833754,0.010608413,0.009840106,0.00651036,0.003602778,0.004424683,0.005038873,0.006956357,0.020169685,0.029422324,0.014033105,0.006368357,0.003891497,0.00297479,0.002202824,0.003631669,0.003580218,0.003014768,0.001283211,0.00141652,0.002856564,0.005037615,0.008055775,0.016008217,0.016296916,0.034030937,0.050749321,0.042277675,0.02601994,0.02262347,0.014419215,0.015589857,0.01713234,0.011140787,0.01696711,0.016910013,0.007371325,0.004704744,0.003426903,0.002327083,0.002157457,0.001940796,0.002991253,0.003566522,0.003501286,0.003757902,0.003574409,0.004589115,0.005244093,0.004776637,0.004330173,0.002715257,0.00424257,0.008046017,0.011332715,0.01287588,0.014081225
Head 1,272,0.003815328,0.003381214,0.003567348,0.003520397,0.003554792,0.00508847,0.004384551,0.00280048,0.003961945,0.003609479,0.003671367,0.003679805,0.003935488,0.003638845,0.003064313,0.002976838,0.003119583,0.004352823,0.003945323,0.002786148,0.002986737,0.004270598,0.003880319,0.003199144,0.003691613,0.003258423,0.003700074,0.003329005,0.003016924,0.003140798,0.003409783,0.003495279,0.00471396,0.002024351,0.001542361,0.002002836,0.001910366,0.002222843,0.003341644,0.0048533,0.006428928,0.006163395,0.007381808,0.00800754,0.007651557,0.009468717,0.007250884,0.011192955,0.010135598,0.017003987,0.015606905,0.017779192,0.020711185,0.018422691,0.017535398,0.012575207,0.01314039,0.013021155,0.007520516,0.004668577,0.004927928,0.00525388,0.006207299,0.007523102,0.006971564,0.010469021,0.006038532,0.007074803,0.006369299,0.007162528,0.009788315,0.010748614,0.009895483,0.006387551,0.003513371,0.004254712,0.004893938,0.006870205,0.019465387,0.02875728,0.01274891,0.005433655,0.003188591,0.002794985,0.00211314,0.003495774,0.003364512,0.002809512,0.001162476,0.001388231,0.003102459,0.005566167,0.00842208,0.01688122,0.015964203,0.031631123,0.044517085,0.035886694,0.023630572,0.022742176,0.012629555,0.01443464,0.017748995,0.01232079,0.018197611,0.017614279,0.007424624,0.004478645,0.003114165,0.002118292,0.002032879,0.00180166,0.002615057,0.002974906,0.002977052,0.003552891,0.003792675,0.005024679,0.005546553,0.004890518,0.004433539,0.002873665,0.004318167,0.007478969,0.009772804,0.011238766,0.013665512,0.013000255
Head 1,273,0.003394398,0.003482452,0.003242979,0.003161077,0.004512704,0.004123759,0.002801844,0.004178394,0.003833533,0.003777607,0.0036392,0.003851711,0.00367896,0.003261702,0.003302415,0.00346516,0.00463544,0.004085644,0.002834604,0.002844849,0.00419384,0.003899997,0.003271298,0.003752666,0.003291671,0.003751878,0.003427415,0.003153997,0.003262262,0.003379924,0.003296435,0.004288021,0.00207918,0.001787829,0.002189312,0.001924763,0.00203623,0.002893956,0.004872403,0.006639087,0.006409175,0.007715274,0.008296556,0.007871308,0.009543024,0.007021069,0.010399377,0.009229,0.015391857,0.014747786,0.018637314,0.021099206,0.016889598,0.014649285,0.010739224,0.012373332,0.014014913,0.008963165,0.00594055,0.005993758,0.005580545,0.005714922,0.006511505,0.006245398,0.010265099,0.006284949,0.007300266,0.006240557,0.006617459,0.008975851,0.010225978,0.009766721,0.006317359,0.003532148,0.004140442,0.004668108,0.006641145,0.017560117,0.027207978,0.014281536,0.005145025,0.002829181,0.002842748,0.002250581,0.00385783,0.003719821,0.00308479,0.001279774,0.001490147,0.003466828,0.006488024,0.009644879,0.019407669,0.017555563,0.032237899,0.042358864,0.031590052,0.020547759,0.021423826,0.012241991,0.013745191,0.018000543,0.013630995,0.020397784,0.01941685,0.00823712,0.004784049,0.003112386,0.002028681,0.001986742,0.001817764,0.002536608,0.002666933,0.002503097,0.00305959,0.003658234,0.005317275,0.005973871,0.005116852,0.004504782,0.00291002,0.004432424,0.007324723,0.008636528,0.009239048,0.011474257,0.011987441,0.018533565
Head 1,274,0.003820158,0.003442312,0.003155382,0.004289201,0.003943829,0.002812581,0.004467708,0.004310435,0.00427687,0.003984885,0.004056472,0.003854308,0.003542019,0.003805446,0.004172342,0.005552281,0.004718315,0.003169767,0.003007083,0.004384147,0.004129364,0.003548503,0.004163851,0.003654073,0.004117388,0.003757266,0.003491805,0.003675255,0.003736593,0.003472672,0.004230191,0.002078658,0.002113443,0.002578332,0.002141134,0.002067891,0.002667272,0.004752504,0.006577406,0.006438232,0.007906825,0.00853318,0.008107224,0.009828489,0.007109732,0.010342711,0.008857218,0.014386778,0.013939569,0.018567748,0.022347594,0.017172605,0.013219348,0.008887713,0.010392662,0.013052261,0.009565289,0.007181116,0.007786925,0.006896718,0.006104918,0.006007233,0.005416756,0.009388616,0.006261707,0.007811847,0.006646309,0.006596799,0.008375934,0.009446981,0.00932779,0.006129391,0.003499875,0.004048377,0.004373884,0.006129017,0.015044837,0.024768284,0.016257539,0.004454092,0.002388672,0.002381058,0.001930185,0.003517024,0.003487555,0.002916939,0.001316515,0.00144727,0.003358192,0.00670808,0.010587021,0.022497538,0.019525316,0.033440374,0.041676514,0.028597923,0.016806602,0.017525788,0.011251505,0.012077045,0.016058529,0.013052223,0.021207195,0.020661674,0.008952799,0.005143676,0.003154908,0.001876201,0.001769263,0.001683865,0.002447337,0.002502504,0.002160693,0.002479035,0.003087739,0.005076759,0.006313967,0.005572229,0.004766596,0.003204438,0.004538903,0.007639368,0.008493827,0.008268591,0.0096496,0.010307745,0.017901484,0.016262416
Head 1,275,0.003284325,0.002935023,0.003779574,0.003384313,0.002497574,0.004101085,0.004257775,0.004439763,0.004147407,0.004061762,0.003700939,0.003383521,0.003760435,0.004354505,0.00599054,0.005060726,0.003321989,0.003036275,0.004186065,0.003891125,0.003382842,0.004096859,0.003661404,0.004078463,0.003683727,0.003427325,0.003707375,0.003853737,0.00358059,0.004158633,0.002163464,0.00242751,0.003007491,0.002441285,0.002200606,0.00252567,0.004792487,0.006477,0.006475125,0.00814736,0.0088854,0.008436864,0.010055869,0.007231141,0.010172202,0.008384579,0.012869922,0.012161907,0.016095115,0.021242248,0.017340155,0.012795934,0.007789062,0.008494825,0.010742198,0.008543238,0.007263992,0.008934152,0.008399749,0.007028501,0.00599134,0.004752915,0.007661546,0.005401679,0.00733032,0.006601834,0.006436504,0.00752683,0.008026394,0.008045623,0.005608417,0.003449366,0.00417716,0.004441143,0.005903776,0.012817143,0.02070225,0.018349873,0.004544126,0.002421307,0.002327772,0.001942076,0.003586195,0.003666329,0.003154456,0.001641431,0.001769665,0.003723664,0.007139137,0.011510401,0.025987955,0.022418706,0.035563234,0.042348783,0.028157366,0.015078275,0.014673527,0.011418208,0.011874354,0.015070819,0.012509928,0.021788094,0.022224953,0.01012913,0.006051697,0.003717707,0.002057222,0.001737549,0.001596351,0.00240207,0.002519,0.002094796,0.002164209,0.00251487,0.004274836,0.005917118,0.005771637,0.005100666,0.003591663,0.004574685,0.007702341,0.008432942,0.007646191,0.008031923,0.008115697,0.014561915,0.014378523,0.026419593
Head 1,276,0.003238289,0.00408291,0.003430038,0.002434843,0.003968808,0.004323638,0.004847216,0.004780918,0.00471198,0.004115747,0.003596053,0.003949962,0.00473865,0.007002494,0.006203599,0.004080934,0.003701884,0.004783216,0.004227859,0.003564708,0.004436342,0.004093197,0.0046647,0.004203843,0.0038541,0.00417045,0.004414762,0.004159318,0.004769779,0.002677744,0.002587594,0.003506277,0.002966219,0.002649759,0.002810167,0.004772618,0.006228004,0.006216664,0.007957288,0.008958196,0.008672378,0.010451098,0.00759255,0.010700398,0.00871201,0.013139077,0.011901094,0.013826989,0.018939253,0.016837019,0.012955145,0.007333524,0.007259267,0.00847902,0.007239357,0.006563477,0.009209947,0.009992156,0.008952961,0.007193762,0.004949356,0.006820609,0.00456797,0.006531619,0.006494293,0.00684943,0.007908661,0.007759988,0.007238777,0.004962496,0.003064679,0.003988911,0.004439468,0.005795718,0.012281253,0.018099204,0.015550417,0.004019748,0.00220732,0.001885713,0.001551545,0.002846733,0.002924768,0.002517803,0.001456282,0.001740631,0.003671944,0.006782106,0.011036132,0.027176952,0.024150724,0.038015626,0.043748584,0.028380582,0.01397127,0.012121213,0.010359704,0.010923485,0.013344809,0.010673059,0.019393545,0.021060007,0.009869374,0.006209577,0.004042591,0.002224138,0.001694226,0.001388489,0.002075599,0.002289435,0.001990246,0.001983765,0.002083617,0.003364232,0.004892698,0.005336872,0.005213122,0.004162001,0.004747745,0.007918309,0.008780306,0.00785971,0.007724584,0.007153037,0.012331554,0.012443868,0.025695639,0.0214309
Head 1,277,0.004039183,0.003308916,0.002235731,0.00350109,0.003810391,0.004476937,0.004757265,0.004971915,0.004372345,0.003691913,0.003880653,0.00456124,0.006956138,0.006602944,0.004554009,0.004149091,0.005207815,0.004375261,0.00349182,0.004274861,0.004001046,0.004723297,0.00432317,0.003941719,0.004180218,0.004411069,0.004221258,0.004928357,0.003193128,0.002473865,0.00364433,0.003326051,0.003090202,0.003224707,0.004868804,0.006147227,0.005961522,0.007521992,0.008630034,0.008561326,0.01050316,0.007724142,0.01080115,0.008814259,0.013086703,0.011393659,0.011936848,0.01554888,0.0144322,0.012182571,0.007172427,0.006890197,0.007403404,0.006174262,0.005599434,0.008266213,0.010103521,0.010338963,0.008849284,0.005826483,0.006884577,0.004094047,0.005485797,0.005681843,0.006604405,0.00814185,0.007776894,0.00668225,0.004359396,0.002597007,0.003494212,0.004215266,0.005721048,0.012493245,0.016484637,0.012379813,0.004029841,0.002093481,0.001828646,0.001474048,0.00260663,0.002650381,0.002270919,0.001263083,0.001761611,0.004025715,0.007243013,0.011224031,0.027759457,0.025843069,0.041596677,0.046829995,0.030145813,0.014625611,0.01165424,0.009576173,0.010540191,0.012888053,0.009948949,0.017634757,0.019741345,0.009467499,0.006237661,0.004390032,0.002604437,0.001938472,0.001407375,0.001893923,0.002054557,0.001883622,0.001960114,0.001976378,0.002890123,0.003977999,0.004509031,0.004869256,0.004353073,0.005025675,0.008115168,0.009013749,0.008187388,0.007932235,0.006904981,0.010917866,0.010543237,0.022636458,0.020053778,0.024263209
Head 1,278,0.003334411,0.002184079,0.00328383,0.003427393,0.004023456,0.004504405,0.005089845,0.004754418,0.004057643,0.004123153,0.004593875,0.006810676,0.006767743,0.005021183,0.004749733,0.00604281,0.004926807,0.003707143,0.004282433,0.003915378,0.004730455,0.004459453,0.004148542,0.004338862,0.004480951,0.004255363,0.005045635,0.003525335,0.002258502,0.003534276,0.003527137,0.00353349,0.003858751,0.004928349,0.006200496,0.00578667,0.007030787,0.008029101,0.008136393,0.010288767,0.007685036,0.010769612,0.00889373,0.013102886,0.011232505,0.01141651,0.013600538,0.012096262,0.010705432,0.006849797,0.00687761,0.007184186,0.005492573,0.004849717,0.007121148,0.009187256,0.010572495,0.010297326,0.007206278,0.008009676,0.004194607,0.004843412,0.004744806,0.005779247,0.007930389,0.008045608,0.006668514,0.004071452,0.002226926,0.002853552,0.003614567,0.005325239,0.013096703,0.016379513,0.009920131,0.003912676,0.001793547,0.001752422,0.001391398,0.0024199,0.002434152,0.002055988,0.000993801,0.00150596,0.003982033,0.007622853,0.011500762,0.026584128,0.026286734,0.044666309,0.050997932,0.032364193,0.015889844,0.012177477,0.008827018,0.009789086,0.01229532,0.009364001,0.015858477,0.017632794,0.008605343,0.005802968,0.004313736,0.002845797,0.002298019,0.001601503,0.001872237,0.00182701,0.001646563,0.001828389,0.001928952,0.002690763,0.003362676,0.003610455,0.00404732,0.004046116,0.005111162,0.00827,0.009041233,0.008209353,0.008017624,0.006864826,0.010261906,0.009251765,0.019188339,0.01728514,0.022724543,0.024804432
Head 1,279,0.002178781,0.003231297,0.003213565,0.003614773,0.004039872,0.004785445,0.004841153,0.004391235,0.004531451,0.004864223,0.006754486,0.006586379,0.005119927,0.005268972,0.006995562,0.005745613,0.004193708,0.004540799,0.003919737,0.004651173,0.004442964,0.004279652,0.004556953,0.004663301,0.004346154,0.005129002,0.003089503,0.002044918,0.003255063,0.003434909,0.003722399,0.004432416,0.004937003,0.006386188,0.005836105,0.006812463,0.007521676,0.007597268,0.009833368,0.007469532,0.010713405,0.008989939,0.013218962,0.011357743,0.011411878,0.012894864,0.010520828,0.008967312,0.006021276,0.006524714,0.007119882,0.004975585,0.004280161,0.006152945,0.007901567,0.009573003,0.010485899,0.008340701,0.009936839,0.004954646,0.00496005,0.004242484,0.004841882,0.006994187,0.007889444,0.006905915,0.004163146,0.002120086,0.002431762,0.00296124,0.004593317,0.013209278,0.017433261,0.008919137,0.003632331,0.001510824,0.00164355,0.001285687,0.002245122,0.002246032,0.001879997,0.000816114,0.001169363,0.003434073,0.00749842,0.011964258,0.024713565,0.02506936,0.044924732,0.05454905,0.034945052,0.017447641,0.013350709,0.008573676,0.009117913,0.011672771,0.008973741,0.014900626,0.016012488,0.007830841,0.005259147,0.003928779,0.002767669,0.00254717,0.001926472,0.00210926,0.001806484,0.001457036,0.001602427,0.001808284,0.002633886,0.003145761,0.003083166,0.003278704,0.003459272,0.004798149,0.008354246,0.009255892,0.008338252,0.008091208,0.00692272,0.010239111,0.008787359,0.017062698,0.014803115,0.020171355,0.023595313,0.024092846
Head 1,280,0.003393734,0.00331963,0.003563976,0.003812119,0.004476542,0.00475745,0.004664392,0.005147181,0.005648618,0.007530596,0.006895904,0.005301775,0.006008701,0.008298339,0.007045923,0.005172321,0.005397935,0.004379641,0.004894734,0.00454468,0.004440849,0.004904881,0.005105788,0.004724213,0.005462523,0.002428348,0.001968692,0.003083328,0.003257333,0.003709088,0.004812327,0.004818541,0.006465777,0.0060048,0.006921399,0.007339882,0.007187647,0.009238103,0.007076982,0.01050203,0.008987259,0.013348836,0.01159966,0.011447586,0.013195545,0.010172798,0.007953345,0.005178426,0.005836464,0.006818737,0.004579316,0.003882651,0.005547679,0.006973819,0.008386807,0.009657169,0.008614062,0.011779413,0.00621811,0.005927508,0.004446195,0.004382284,0.005931633,0.007079318,0.006848798,0.004398735,0.002236156,0.002342285,0.00255288,0.003817824,0.012214579,0.01801208,0.008579694,0.00310056,0.001303003,0.001484456,0.001166032,0.002066344,0.002061216,0.001721287,0.000748905,0.000922627,0.002660183,0.00645006,0.011587465,0.023208816,0.023100402,0.042115666,0.05526755,0.037176076,0.018965825,0.014734115,0.008745598,0.008686095,0.010897543,0.008431327,0.014318697,0.014908426,0.007180974,0.004747972,0.003459419,0.00243028,0.002445429,0.00213778,0.002495022,0.002017717,0.001423561,0.001401992,0.001571585,0.002464586,0.003067033,0.002879641,0.002809898,0.002980011,0.004123671,0.00798324,0.009430025,0.008630401,0.008217401,0.006957131,0.010370407,0.008789037,0.016372252,0.013373708,0.017687581,0.02137561,0.023255574,0.019438488
Head 1,281,0.003422884,0.003617029,0.003692569,0.004132411,0.004357492,0.004471624,0.005330173,0.006298464,0.008613768,0.007516544,0.005486107,0.006647069,0.009367239,0.008251287,0.006226975,0.006544377,0.005157393,0.005406766,0.004727303,0.004498398,0.005082055,0.005448665,0.005118804,0.005836972,0.001959965,0.001936398,0.002997279,0.00305311,0.003487939,0.004738487,0.004716283,0.006402011,0.006149654,0.007231245,0.007518673,0.007079305,0.008781658,0.006673486,0.01014449,0.008849828,0.01344694,0.011767529,0.011072454,0.013574433,0.010598373,0.007778663,0.004663019,0.005103889,0.00615457,0.004228943,0.003548719,0.005117276,0.00640907,0.00754056,0.008584876,0.008042709,0.012322195,0.007348942,0.007488857,0.005381194,0.004639915,0.005401082,0.006098518,0.006225135,0.00438552,0.002379817,0.00247905,0.002443686,0.003294518,0.010623177,0.016960131,0.008090639,0.002607166,0.001248794,0.001378821,0.001110297,0.001983042,0.001959912,0.001629733,0.000766375,0.000839806,0.002155529,0.005256901,0.010504816,0.023125887,0.021995366,0.038976137,0.053302519,0.038524404,0.020375423,0.016107067,0.009233542,0.008783218,0.0104697,0.007990899,0.014107243,0.014575606,0.006824056,0.004460363,0.003186428,0.002148062,0.002165252,0.002109162,0.002851105,0.002450197,0.001632644,0.001392634,0.001401309,0.002218292,0.00296915,0.002883243,0.002687074,0.002731218,0.003508982,0.007263355,0.009414445,0.009158567,0.008701152,0.00719863,0.010559773,0.008992425,0.016712921,0.013095465,0.016228367,0.019147275,0.02150422,0.01876542,0.016464012
Head 1,282,0.003879565,0.003912818,0.004184728,0.00419891,0.004261092,0.005284714,0.006767901,0.010065489,0.008921302,0.006219501,0.007553597,0.010775974,0.009742144,0.007543083,0.008192786,0.006536432,0.006637815,0.005457749,0.004885035,0.005413805,0.005873279,0.00567545,0.006572208,0.001850746,0.001956042,0.003091269,0.003037611,0.003363538,0.004557303,0.004738497,0.006268165,0.006152614,0.007513381,0.007959914,0.007367771,0.008761924,0.006466294,0.009778922,0.008621478,0.013579045,0.012010581,0.010142949,0.013125163,0.010929441,0.008102022,0.004555521,0.004657754,0.005450568,0.004042071,0.003326108,0.004762136,0.005993901,0.007018844,0.007783361,0.007232357,0.011577901,0.007738752,0.008973292,0.006875838,0.005709894,0.005769443,0.005627123,0.005441082,0.004007045,0.002353679,0.002675763,0.00261125,0.003218395,0.009575688,0.015179589,0.006530706,0.002023397,0.001225607,0.001218817,0.001039675,0.001884984,0.001847489,0.001509134,0.000758325,0.000831252,0.001908248,0.004246419,0.00864571,0.02253144,0.020984905,0.035750952,0.048182085,0.036737237,0.020612931,0.016884863,0.009556557,0.009210795,0.010539156,0.00778423,0.013952741,0.014587039,0.006545315,0.004212758,0.00299927,0.001955403,0.001858608,0.001830502,0.002824865,0.002794837,0.001993239,0.001589318,0.00138323,0.001992079,0.002713441,0.002809116,0.002695317,0.002684073,0.00313142,0.006412519,0.008881235,0.009439898,0.009407338,0.007759344,0.010956741,0.009251665,0.017413571,0.013540315,0.015972538,0.017829049,0.019635823,0.017482452,0.016061744,0.012870883
Head 1,283,0.003754827,0.003975201,0.003817549,0.003716523,0.004568302,0.006107907,0.009929449,0.0095543,0.006729044,0.007853103,0.011409244,0.010418545,0.008082145,0.008915228,0.007335124,0.007524146,0.006027066,0.005099484,0.005356253,0.005659016,0.005525601,0.00657148,0.001765275,0.001750297,0.002941372,0.002940317,0.003194242,0.004237328,0.004983826,0.00634158,0.006162329,0.007712658,0.008463935,0.007915021,0.009130277,0.006479481,0.009395542,0.008270651,0.013385678,0.012106182,0.009282339,0.011961028,0.010423833,0.008129264,0.004558815,0.004398886,0.004835329,0.003794975,0.003096075,0.004322792,0.005442272,0.006484952,0.007179416,0.006519958,0.010170098,0.007203671,0.009223209,0.00798289,0.00712817,0.006894215,0.005852252,0.004954175,0.003502744,0.002120137,0.002632624,0.002751949,0.003326228,0.00882491,0.012893799,0.004822005,0.001682986,0.001252576,0.001177381,0.001095495,0.002038603,0.002012255,0.001610701,0.0007794,0.000937757,0.002055691,0.004026848,0.007538382,0.022775844,0.021827536,0.035911039,0.045089893,0.034209445,0.02034553,0.017439745,0.010000139,0.010017965,0.01122327,0.008043644,0.013929035,0.014833208,0.006531595,0.004193075,0.003047342,0.002025589,0.001839014,0.001703811,0.002696957,0.002990288,0.002441495,0.002039775,0.001629637,0.001999153,0.002494601,0.002622875,0.002681748,0.002638507,0.003045126,0.005748317,0.007915308,0.008993346,0.00975462,0.008413499,0.011495352,0.009559395,0.017680921,0.013953186,0.016236372,0.01717405,0.017824208,0.015500952,0.014453604,0.012041964,0.018961381
Head 1,284,0.003722833,0.003531044,0.003292943,0.003867615,0.005099714,0.008653051,0.009253912,0.007068357,0.0077424,0.01179867,0.011014373,0.008528043,0.0093097,0.007807285,0.008230026,0.006658834,0.005494175,0.005437949,0.005416118,0.005150961,0.006214101,0.00160047,0.001407798,0.002536424,0.002709546,0.00300231,0.003953056,0.005176358,0.006417151,0.005979483,0.007475163,0.008508123,0.008287455,0.009653149,0.006655741,0.009080894,0.007749961,0.012463816,0.011544076,0.008576031,0.010885913,0.009572639,0.007832843,0.004599269,0.004355307,0.004512339,0.003498475,0.002868361,0.003882204,0.004789475,0.005787546,0.006574813,0.005969669,0.009063616,0.006425577,0.008481196,0.00813013,0.008213973,0.008511516,0.006895305,0.005116953,0.00323196,0.001858136,0.00234764,0.002685901,0.003465069,0.008407397,0.011265909,0.003518804,0.001376373,0.001133339,0.001029414,0.00105365,0.002121192,0.002229527,0.001805064,0.000745021,0.000984333,0.002265984,0.004163113,0.006889839,0.021703456,0.022582341,0.037763122,0.044854872,0.03202755,0.019316381,0.017176183,0.010212383,0.010619111,0.012042427,0.00853819,0.013800694,0.014645592,0.006415088,0.004061649,0.00296017,0.002051622,0.001890799,0.001665934,0.002491644,0.002859584,0.002627537,0.002510532,0.002087648,0.002279636,0.002440267,0.002359059,0.002456458,0.002443545,0.003038283,0.005376415,0.00694389,0.007878783,0.00914389,0.008521539,0.011833518,0.009830355,0.017358692,0.013896637,0.016436813,0.017128404,0.016891163,0.013964836,0.012590608,0.010525551,0.017661512,0.027481763
Head 1,285,0.003418199,0.003151963,0.003535345,0.004413942,0.00727607,0.008234856,0.006996593,0.007414576,0.012025087,0.011781923,0.009326234,0.010053562,0.008447064,0.009063181,0.007526736,0.006290413,0.006036337,0.005651419,0.005071567,0.005983177,0.001379783,0.001118908,0.002078705,0.002391822,0.002812807,0.003799559,0.005360582,0.006640073,0.005846736,0.007057026,0.008078079,0.008212919,0.01004496,0.007010172,0.009217712,0.007514117,0.011504528,0.010616435,0.00760308,0.009777633,0.008551205,0.007159805,0.004474428,0.004355858,0.004425888,0.003206018,0.002660142,0.003542314,0.004233264,0.005053925,0.00586123,0.005430324,0.008335669,0.005798267,0.007512831,0.007503951,0.008364188,0.009817806,0.008519902,0.006047741,0.003411162,0.001764559,0.002043026,0.002405147,0.003404753,0.008077686,0.010674119,0.002935853,0.001145671,0.000941645,0.000784288,0.000840299,0.001866327,0.002198144,0.001916867,0.000684174,0.000910551,0.002281063,0.004376221,0.006790489,0.019258486,0.021584522,0.038165942,0.045940511,0.030860046,0.017820738,0.015758889,0.010067843,0.010735198,0.0126626,0.009184017,0.013960996,0.014457516,0.006396078,0.003944296,0.002765796,0.00192965,0.001868961,0.001663226,0.002326989,0.002570378,0.002451215,0.002670956,0.002566793,0.002848643,0.002729473,0.002281705,0.002192431,0.002172,0.002928563,0.005261353,0.006446321,0.006940382,0.008103283,0.008008727,0.011804478,0.010083582,0.017035043,0.013590915,0.016240681,0.017222514,0.0168017,0.013356613,0.011419094,0.009211876,0.015803695,0.026303984,0.029530596
Head 1,286,0.003151263,0.003496211,0.004159729,0.006395244,0.007062895,0.006401541,0.007008104,0.0118567,0.012357829,0.010320283,0.011271129,0.009469426,0.010132945,0.008562724,0.007393634,0.007168004,0.006506407,0.005502411,0.006131178,0.001206403,0.000939384,0.001673405,0.001979524,0.002502669,0.003585242,0.005522517,0.007046922,0.00600133,0.006896948,0.007597618,0.007771334,0.009956707,0.007297819,0.009699753,0.007698515,0.01107642,0.009859095,0.006514776,0.008711328,0.00767539,0.006426804,0.004182085,0.004273828,0.004452384,0.002959067,0.00246422,0.003298546,0.003863848,0.004471567,0.005136386,0.004826821,0.00769062,0.005325798,0.006774122,0.006707273,0.007724509,0.010000788,0.009891177,0.007526609,0.004097832,0.001938353,0.001930114,0.002094193,0.003038336,0.007357231,0.010309326,0.002923965,0.001023665,0.00078446,0.000570766,0.000596789,0.001405099,0.00185798,0.001837145,0.000658898,0.000796966,0.002033936,0.004275993,0.00686385,0.016886519,0.019206665,0.035536535,0.046140902,0.030901143,0.016757185,0.014068229,0.009766003,0.010499452,0.012796351,0.009658906,0.014318186,0.014471497,0.006587223,0.003992456,0.002644275,0.001753273,0.001735885,0.001629376,0.00224985,0.002355579,0.002158344,0.00246462,0.002745329,0.003479989,0.003377702,0.002533584,0.002100544,0.002012767,0.002612359,0.005018631,0.00619346,0.006357032,0.00708436,0.007064848,0.011113184,0.010052824,0.016979456,0.01344433,0.015794694,0.017027024,0.016932746,0.013346756,0.010996975,0.008436418,0.014001906,0.024285648,0.028974136,0.029502746
Head 1,287,0.003191294,0.003772987,0.005509518,0.0056609,0.005079155,0.005888802,0.010067268,0.01111595,0.010017358,0.011550658,0.009930547,0.010503463,0.00881121,0.007751434,0.00775245,0.007107418,0.00586602,0.006158818,0.001092404,0.000843361,0.001338498,0.001488749,0.001927728,0.002909905,0.005384007,0.007162555,0.006201199,0.006974271,0.007322148,0.007268243,0.009401197,0.007311336,0.010080709,0.008071369,0.011084969,0.009344789,0.005543478,0.0076739,0.007066256,0.005951165,0.003900413,0.004072155,0.004359374,0.002778643,0.002259982,0.003019738,0.003523189,0.00395379,0.004369016,0.004061728,0.006628091,0.004744949,0.006188922,0.006081893,0.006866217,0.008996365,0.00976456,0.008468028,0.004971414,0.002371562,0.002111022,0.001982544,0.002609397,0.006127551,0.009085539,0.003216627,0.001022967,0.000751678,0.000464503,0.000450526,0.001031552,0.001452425,0.001640206,0.000713407,0.000782692,0.001818581,0.003946691,0.006862413,0.015816277,0.01684266,0.03070695,0.04294388,0.03100297,0.016422527,0.012815126,0.009536576,0.010529288,0.012947122,0.010098347,0.014870855,0.014821131,0.006970175,0.004238054,0.002696805,0.001645128,0.001543545,0.001503223,0.002194587,0.002314927,0.002040063,0.002237508,0.002639391,0.003848555,0.004223202,0.003206178,0.002363071,0.002009062,0.002310171,0.004579012,0.006007271,0.00619348,0.006509867,0.006190525,0.00977243,0.009357694,0.016420728,0.013273911,0.015096468,0.016192794,0.016489524,0.013323705,0.01103622,0.008218342,0.012644801,0.021279098,0.026545279,0.02816573,0.050737958
Head 1,288,0.003425363,0.004986641,0.004872524,0.004128263,0.00489441,0.008127338,0.009201496,0.008871989,0.011123192,0.010250547,0.011084044,0.009241629,0.00808571,0.008196927,0.007690843,0.006452558,0.006602623,0.001272332,0.000879537,0.001211431,0.001182843,0.001452569,0.002196144,0.004990296,0.006810296,0.00619357,0.007042511,0.007205292,0.00686609,0.008596255,0.006954744,0.009877773,0.008286972,0.011297701,0.009089158,0.00465086,0.006204033,0.006037617,0.005375979,0.003610807,0.003803337,0.004101421,0.002738232,0.002117637,0.002713331,0.003163855,0.00353894,0.003777153,0.003376299,0.005267266,0.003867772,0.005297328,0.005400204,0.006115732,0.007762996,0.008460214,0.007993341,0.005284458,0.002771501,0.002472661,0.002109125,0.002375786,0.004921891,0.007047144,0.003068125,0.000979315,0.000724077,0.000387463,0.000345238,0.000703745,0.000966003,0.001180392,0.000697836,0.000775022,0.001590919,0.003203191,0.00575724,0.014223726,0.013896985,0.023456555,0.033122092,0.026706237,0.015089646,0.011317267,0.008294217,0.009747566,0.012172994,0.009763116,0.014182754,0.014335607,0.007066145,0.004437734,0.002869429,0.001664026,0.001385771,0.001263499,0.001909449,0.002138087,0.001948469,0.002056232,0.002333964,0.00355678,0.004473177,0.003857821,0.002851683,0.002213121,0.002074772,0.003740507,0.005113475,0.005581546,0.005836304,0.005261857,0.00778727,0.007549447,0.013948104,0.011966464,0.01356883,0.014265058,0.014469326,0.012051919,0.010369577,0.007851759,0.011465303,0.017848229,0.021917738,0.023988916,0.045771528,0.103860855
Head 1,289,0.005505566,0.005439722,0.004341437,0.004920621,0.0079228,0.008690774,0.008388139,0.011100483,0.011028161,0.012916353,0.011224999,0.009954353,0.010141651,0.009689162,0.008442484,0.008930068,0.002301431,0.001124775,0.001428504,0.001217993,0.001332695,0.001914488,0.004514731,0.006306085,0.005991521,0.00701877,0.007194231,0.006598399,0.007776797,0.006044263,0.008616832,0.007602958,0.011107239,0.009102473,0.004554535,0.005320897,0.004936115,0.004542283,0.003154569,0.003455329,0.003814634,0.002993034,0.002208456,0.002648104,0.003010562,0.003419602,0.003678037,0.003166963,0.004571767,0.003109432,0.004191195,0.004337338,0.005127452,0.006669672,0.007127375,0.006748176,0.004694023,0.002637023,0.002598309,0.002256951,0.002347189,0.004507543,0.005781607,0.002295713,0.000727708,0.000524744,0.000277527,0.000232573,0.00042156,0.000506,0.000573036,0.000435275,0.000542447,0.001138413,0.002125258,0.003700593,0.010784741,0.010422166,0.016797211,0.02239299,0.01857885,0.011509425,0.008952379,0.00601996,0.007456244,0.009881457,0.008098348,0.01155402,0.011966996,0.006045666,0.003880704,0.00264232,0.001574174,0.001218345,0.000961769,0.001352321,0.001505358,0.001433312,0.001552456,0.001683806,0.0024869,0.003335714,0.003342694,0.002849087,0.002386157,0.001917005,0.002926531,0.003767271,0.004271145,0.004798959,0.004377671,0.006239572,0.005782811,0.011178997,0.010177345,0.012336517,0.013143486,0.01297528,0.010666036,0.009262718,0.007187085,0.010863204,0.016536674,0.019396354,0.021088794,0.043101896,0.109936722,0.09846238
Head 1,290,0.005882516,0.004731512,0.004870513,0.007894316,0.008452424,0.007968822,0.010471242,0.010741589,0.013480977,0.012561981,0.011684032,0.012109905,0.011586641,0.01025454,0.01115829,0.003368051,0.00142885,0.001790737,0.001419064,0.001388556,0.001840988,0.004042234,0.005787685,0.005626483,0.006795757,0.007153909,0.00658943,0.007532758,0.005527037,0.007572575,0.006752926,0.01030953,0.008985805,0.00512015,0.005315198,0.004364381,0.003803538,0.002677665,0.003067845,0.003551041,0.003149169,0.002387327,0.002756315,0.002971394,0.003308797,0.003623987,0.003164052,0.004465698,0.002841092,0.003562011,0.003551671,0.004271928,0.005881996,0.006459767,0.006107105,0.004259025,0.002489999,0.00265954,0.002491474,0.002649832,0.004599539,0.005428758,0.001971425,0.000584633,0.000376035,0.00023145,0.000191119,0.000327221,0.000347881,0.0003468,0.00027227,0.000371401,0.000870511,0.001626743,0.002679016,0.008840855,0.009014598,0.014426811,0.017916156,0.01400658,0.009055056,0.007571961,0.004534305,0.005595212,0.007875764,0.00673975,0.009381815,0.009723025,0.005069065,0.003296871,0.002329788,0.001492189,0.001199248,0.000888196,0.001107377,0.001120671,0.001035088,0.001165672,0.001294007,0.001872327,0.002465461,0.002607633,0.002529359,0.002342143,0.002002549,0.002732986,0.003083448,0.003312551,0.003871391,0.003729092,0.005424354,0.004854677,0.009116959,0.008399761,0.010838165,0.012137804,0.012054556,0.009757331,0.008301813,0.006434948,0.009988166,0.015523001,0.017796697,0.018798511,0.038235765,0.104383804,0.094527878,0.079258293
Head 1,291,0.004780317,0.005552768,0.00936855,0.010301554,0.00967926,0.011741878,0.011688562,0.014134684,0.013548602,0.013297096,0.0141101,0.013110171,0.01130161,0.011576517,0.003132259,0.001748317,0.002077654,0.001513991,0.001270719,0.001467747,0.00264305,0.003742042,0.003742816,0.004705989,0.005247218,0.005220504,0.006226948,0.004903182,0.006581862,0.006219825,0.009583601,0.009796967,0.007483862,0.007568289,0.005610047,0.004229084,0.002936838,0.003189395,0.003701842,0.004405648,0.003492821,0.003614636,0.003190368,0.00283553,0.002709236,0.002321908,0.003299427,0.002191837,0.002526585,0.002304377,0.002524816,0.003385416,0.003923274,0.003983485,0.002841296,0.001827023,0.00196701,0.001900467,0.002079643,0.003887955,0.004695673,0.002136626,0.000634065,0.000389921,0.000331404,0.000301838,0.000505356,0.000520852,0.00047764,0.000339618,0.000428579,0.000999037,0.00192862,0.003114611,0.010410567,0.010694813,0.016255265,0.019043868,0.013554954,0.008626977,0.007757755,0.004878195,0.00566489,0.007805253,0.007002845,0.008977273,0.008669291,0.004836878,0.003172504,0.002223051,0.001516718,0.001358061,0.001148047,0.001380893,0.001311892,0.001172478,0.00136058,0.001717957,0.002647785,0.003488434,0.003634914,0.00356648,0.003566412,0.003318525,0.004323395,0.00431414,0.004178905,0.004770807,0.0049341,0.007532308,0.007034743,0.01161827,0.010445423,0.012763501,0.014714108,0.01516928,0.012430508,0.010070003,0.00728759,0.010062141,0.014967566,0.016976241,0.017271487,0.031570751,0.077555895,0.069147147,0.060016155,0.053329609
Head 1,292,0.005269994,0.008771825,0.009647392,0.009111325,0.011122899,0.011032688,0.0132494,0.012918055,0.013192787,0.014881093,0.014543278,0.012876986,0.013103366,0.002962077,0.002014767,0.00255349,0.001865996,0.001476919,0.001537105,0.002361984,0.003251055,0.003250125,0.004194843,0.004813315,0.004895488,0.005914954,0.004586043,0.005979358,0.005372069,0.007980065,0.008209031,0.007576031,0.008530215,0.00649881,0.004567271,0.002839025,0.002864863,0.003303388,0.003892993,0.00342778,0.003997301,0.003727389,0.003195137,0.002791345,0.002218068,0.003075911,0.002061959,0.002419672,0.002170777,0.002263715,0.00288413,0.003307042,0.003460458,0.002561873,0.001741201,0.002026654,0.002045061,0.002296073,0.003834598,0.004653748,0.002570879,0.000634147,0.000344718,0.000313581,0.000287934,0.000495646,0.000508368,0.000443904,0.000298365,0.000358761,0.000827037,0.001645692,0.002751137,0.010188512,0.011276294,0.017635146,0.021013446,0.014399419,0.008410513,0.007293806,0.004598622,0.005086267,0.006825148,0.0062131,0.008366754,0.008162049,0.004667798,0.003109323,0.002175228,0.001450826,0.001285811,0.001118935,0.001378537,0.001277572,0.001046809,0.001092711,0.001304181,0.002072779,0.002899413,0.003177505,0.003264074,0.003511501,0.003504144,0.004919633,0.004831251,0.004274736,0.004352071,0.004252288,0.006682012,0.006524307,0.011311207,0.010115536,0.012034942,0.013844711,0.014700427,0.012524283,0.010413601,0.007565269,0.009994411,0.014380064,0.016344428,0.016840402,0.031001626,0.074761532,0.06341771,0.053753931,0.053503249,0.03519772
Head 1,293,0.008436913,0.009188373,0.008701118,0.010828154,0.010806103,0.012889489,0.01256049,0.013008117,0.015316122,0.015828477,0.014648375,0.015121381,0.003018073,0.002174906,0.003033836,0.002339579,0.001851047,0.001795537,0.002367483,0.003036005,0.002943368,0.003786108,0.004432025,0.004635691,0.005785472,0.004563294,0.005933851,0.005118229,0.007218552,0.007085701,0.006573463,0.008304408,0.00703339,0.005054983,0.00291825,0.002688045,0.002898212,0.003335087,0.003091068,0.004064438,0.004245272,0.003791462,0.003165445,0.002320672,0.003004317,0.001985183,0.002385896,0.002170618,0.002216741,0.002656666,0.002873873,0.002925869,0.002201081,0.001527919,0.001914089,0.002051394,0.002397243,0.003965956,0.004763686,0.002669529,0.000625887,0.000340105,0.000273919,0.000245598,0.000427241,0.000444156,0.000381487,0.000251196,0.000298045,0.000676359,0.001366679,0.002381131,0.008474014,0.010082953,0.016609516,0.020864077,0.014623675,0.008061387,0.006507794,0.004220937,0.004582684,0.00592582,0.005318877,0.00758023,0.007598216,0.004405431,0.00301009,0.002152198,0.001421085,0.001220166,0.001061252,0.001355935,0.001292327,0.001031352,0.000982028,0.001059572,0.001637744,0.002355529,0.002683869,0.002855022,0.00346269,0.003406429,0.005290657,0.005521508,0.004764288,0.004363355,0.003842775,0.005805046,0.005725614,0.010582042,0.009580815,0.011240825,0.012726268,0.013687586,0.012161355,0.010647903,0.00804076,0.010489824,0.014478227,0.016135957,0.01667371,0.031100824,0.07446558,0.060619846,0.049611583,0.053733084,0.036280438,0.029229326
Head 1,294,0.008107745,0.007587247,0.009541681,0.009656665,0.011622184,0.01134326,0.011775657,0.014117649,0.015246246,0.014864433,0.015934044,0.003069669,0.002129778,0.003262215,0.002707544,0.002228552,0.002119383,0.002451431,0.002905529,0.002677396,0.003342817,0.003926396,0.004186605,0.005390489,0.004391201,0.005798806,0.004966086,0.006791838,0.006313496,0.005554205,0.007334996,0.006930856,0.005479188,0.00319054,0.002778382,0.002749948,0.002912793,0.002663351,0.003725696,0.004364646,0.004303679,0.003687724,0.002583917,0.003033996,0.001888755,0.002226942,0.002060644,0.002144487,0.002519065,0.002577216,0.002476436,0.001846957,0.001275959,0.001700336,0.001974467,0.002438739,0.004133298,0.004840208,0.0026099,0.000707538,0.000369603,0.000285354,0.000243024,0.000405976,0.00041828,0.000354922,0.000214139,0.000265535,0.000606224,0.001213111,0.00213401,0.007244263,0.009070951,0.015829884,0.020988205,0.015591021,0.008629785,0.006560441,0.003888306,0.004320845,0.005494677,0.004801165,0.006983527,0.007174096,0.004181378,0.002939434,0.002199242,0.001498824,0.001259106,0.001051121,0.001330868,0.001307446,0.001070568,0.000984969,0.000969437,0.001382988,0.001942719,0.002267547,0.002525655,0.003362576,0.003333022,0.0055473,0.006328099,0.005704584,0.004999745,0.004002895,0.005487249,0.005197143,0.009905729,0.009199342,0.010930768,0.012174639,0.012894065,0.011597926,0.010533919,0.008346036,0.011123502,0.014946076,0.0160973,0.016443985,0.030943431,0.075469859,0.060149293,0.046968397,0.052954771,0.036761679,0.029417297,0.032009795
Head 1,295,0.006187594,0.007669017,0.007788449,0.009505377,0.009381565,0.009807714,0.011812515,0.013110774,0.013393813,0.015103754,0.002823882,0.001917553,0.003173651,0.002861629,0.00251802,0.002465801,0.002575917,0.002849268,0.002464971,0.00291947,0.003370588,0.003624925,0.004790668,0.004039906,0.005463981,0.004776248,0.00648351,0.005821472,0.00482768,0.006239179,0.006285329,0.00554481,0.003492354,0.003043241,0.0028306,0.002642476,0.002286642,0.003186439,0.004016264,0.004433617,0.004158158,0.002984372,0.003270353,0.001885197,0.00205941,0.001866533,0.001975197,0.00235552,0.002355506,0.002137271,0.001550247,0.001037637,0.001413296,0.001773424,0.002363491,0.0042867,0.004962005,0.002481484,0.000870003,0.000422332,0.000347318,0.000279946,0.000437394,0.000437157,0.000362815,0.000186504,0.000242512,0.000573612,0.001147624,0.00199755,0.00625259,0.008139919,0.015093082,0.021133296,0.016853908,0.009917704,0.007425673,0.003674897,0.004207867,0.00537504,0.004598293,0.006604996,0.006832055,0.003983693,0.002863408,0.002251862,0.001651518,0.001432979,0.001165548,0.00140341,0.001373517,0.001159241,0.00108005,0.001014551,0.001317532,0.001715423,0.001958993,0.002249754,0.003160199,0.00336682,0.005868633,0.007268143,0.007056316,0.006253986,0.004739414,0.005813201,0.005101535,0.009414745,0.008844343,0.010801467,0.012052011,0.012539635,0.011176486,0.010251035,0.008420708,0.011621706,0.01562068,0.016369278,0.016354661,0.030152794,0.074475452,0.05950515,0.044502124,0.050499078,0.035195705,0.028291762,0.030901758,0.041899197
Head 1,296,0.006057798,0.006060875,0.007418758,0.007427183,0.007876577,0.009501125,0.010698795,0.011324723,0.013446675,0.002405757,0.001656963,0.002850987,0.002766214,0.002640615,0.002789511,0.002819178,0.002964037,0.002409266,0.002656581,0.002925132,0.003101924,0.00412521,0.003569047,0.004947301,0.004492085,0.006149106,0.005474106,0.004366016,0.005308487,0.00538689,0.00516934,0.003676505,0.003404686,0.003140434,0.002564098,0.002053001,0.002681628,0.003404645,0.004094635,0.004353924,0.003452722,0.00379406,0.002083149,0.002043074,0.00172649,0.001783813,0.002163731,0.002191231,0.001930987,0.00136972,0.00087705,0.001151709,0.001498463,0.002147859,0.004398201,0.00524855,0.002415081,0.001084598,0.000504654,0.000461814,0.000356406,0.000516134,0.000493827,0.000398512,0.000174452,0.000223956,0.000541764,0.001096567,0.001882554,0.005084509,0.00675753,0.013144001,0.019556182,0.016983844,0.011214861,0.008817766,0.003548212,0.00409523,0.005303005,0.004524769,0.006319692,0.006448072,0.003763141,0.002733232,0.002224987,0.001782797,0.001690654,0.001416448,0.001613377,0.001523538,0.00129464,0.001239916,0.001165047,0.00140576,0.001655104,0.001757712,0.001987042,0.002854306,0.003313773,0.00598841,0.007959591,0.008431023,0.007892503,0.005968039,0.006679733,0.005376276,0.009016871,0.008305173,0.010320511,0.011727836,0.012168167,0.010702392,0.009725732,0.008130293,0.011519019,0.015823349,0.016519967,0.01622878,0.028484557,0.069197141,0.057107057,0.041787587,0.045954227,0.031735923,0.02565291,0.028542027,0.039197773,0.060467009
Head 1,297,0.004979738,0.005998238,0.006021198,0.00646988,0.007842015,0.008834247,0.009458977,0.011596311,0.002014465,0.001435954,0.00247504,0.002477733,0.002507112,0.0029027,0.003156548,0.003261176,0.002537872,0.002618713,0.002691798,0.002736575,0.003559045,0.003069979,0.004345899,0.004080362,0.005715159,0.005171081,0.003924783,0.004502647,0.004326908,0.004164944,0.003248431,0.00331729,0.003285613,0.002595329,0.00195391,0.002338212,0.002770287,0.003334822,0.003880399,0.00352175,0.004319586,0.002442918,0.002243989,0.001722148,0.001632679,0.001928656,0.001988088,0.001756585,0.001231641,0.000751103,0.000907439,0.001139869,0.00169866,0.004005696,0.005273908,0.002258735,0.001111088,0.000532787,0.000531934,0.000404826,0.000566767,0.000520928,0.000406643,0.000162002,0.000188822,0.00045418,0.000954833,0.001673909,0.003832992,0.004971316,0.009760701,0.015197376,0.014093116,0.010446428,0.009124523,0.003221363,0.003603138,0.004740861,0.004138855,0.005794703,0.005795535,0.003335168,0.002379267,0.001913191,0.001600881,0.00168918,0.001563433,0.001780827,0.001619201,0.001335408,0.001286355,0.001250689,0.001495887,0.001647192,0.001589032,0.001666191,0.00235207,0.002855809,0.005388624,0.007580459,0.008734183,0.008909725,0.007141211,0.00784451,0.005970137,0.008914692,0.007695272,0.009333216,0.010792093,0.011422859,0.010032333,0.008999313,0.007471249,0.010630844,0.015066545,0.01606353,0.015749164,0.026269289,0.061685793,0.054368857,0.040482223,0.042795382,0.028704496,0.022933068,0.025807125,0.036978453,0.059103325,0.083117753
Head 1,298,0.005062154,0.004997033,0.005378902,0.00659849,0.007461971,0.007993641,0.009834645,0.001662787,0.001271426,0.002153367,0.002150791,0.002223731,0.002734774,0.003518526,0.00362251,0.00278526,0.00276334,0.002658385,0.002555433,0.003159679,0.002660865,0.00377318,0.003594153,0.005108612,0.004759253,0.003469681,0.0039838,0.003653728,0.003309721,0.002616452,0.002831167,0.003081607,0.002597685,0.001940396,0.002205802,0.002392176,0.002670575,0.003103212,0.003083294,0.004376517,0.002793959,0.002651774,0.001927957,0.001632507,0.001754275,0.001770995,0.001593485,0.001138708,0.000685379,0.000760025,0.000869991,0.001262314,0.003246615,0.004812069,0.002164874,0.000995425,0.000551095,0.000548115,0.000429145,0.000606579,0.000549949,0.000421375,0.000172341,0.000170691,0.000370537,0.000780638,0.00142001,0.002842522,0.003503712,0.006602655,0.010452303,0.010140856,0.008131619,0.007962048,0.002911438,0.003049177,0.003917002,0.003511739,0.005114189,0.005080307,0.00289792,0.00202771,0.001567609,0.001286466,0.001444164,0.001529314,0.00189533,0.001751045,0.001397559,0.001288806,0.00126643,0.001555886,0.00170269,0.001536531,0.00145563,0.001933761,0.002289917,0.004497388,0.006620076,0.008096091,0.008828957,0.00763608,0.00871217,0.006699344,0.009166354,0.007322907,0.008187572,0.009275115,0.010008111,0.008941577,0.008065999,0.006632837,0.009166963,0.013047975,0.014350234,0.014415871,0.023331519,0.051632944,0.04863767,0.037554406,0.038039915,0.025301043,0.019815909,0.021879589,0.031998891,0.054623067,0.080592141,0.112995416
Head 1,299,0.004333877,0.004532552,0.005545116,0.006313636,0.006775372,0.008279746,0.001329791,0.001092708,0.001834239,0.001791498,0.0018516,0.002343349,0.003693069,0.003804253,0.002944845,0.002891595,0.002653454,0.00239895,0.002775115,0.00225039,0.003169861,0.003022673,0.004382969,0.004152669,0.002813945,0.003385947,0.003163115,0.002766905,0.002113686,0.002295233,0.002658623,0.002515742,0.001909622,0.002149831,0.00221013,0.002262647,0.002439315,0.002413378,0.003752808,0.002762512,0.002985999,0.002266188,0.001813136,0.001733568,0.001613045,0.001433323,0.001046818,0.000637811,0.000680877,0.00070474,0.000936963,0.002385166,0.003814005,0.001834244,0.000753297,0.000514516,0.000464868,0.000380443,0.0005555,0.00051314,0.000399424,0.000179085,0.000155721,0.000285635,0.000560636,0.001044429,0.002155223,0.002486774,0.004365536,0.006799662,0.006816761,0.005680661,0.006005802,0.002475563,0.002498399,0.003076924,0.002776942,0.004292978,0.004362321,0.002445087,0.001682486,0.001246592,0.000946606,0.001018902,0.00115319,0.001632231,0.001667386,0.001373403,0.001208224,0.001142528,0.001423621,0.001631997,0.001479366,0.001304138,0.001649162,0.001650257,0.003243872,0.004987677,0.006462522,0.007452373,0.006844743,0.0082426,0.006673202,0.009092417,0.006950997,0.007073609,0.007507117,0.007991909,0.007275387,0.006756292,0.005615636,0.007635954,0.010673214,0.011956414,0.012521691,0.020800374,0.044864524,0.043875877,0.034508906,0.032598417,0.022305466,0.017557863,0.018919403,0.026980201,0.046862163,0.073953137,0.110070966,0.127826959
Head 1,300,0.004006081,0.004709248,0.005295417,0.005683608,0.006949706,0.001129966,0.000958146,0.001600708,0.001515862,0.001532271,0.001928457,0.003889178,0.004028322,0.003171403,0.003150795,0.002841114,0.002445415,0.002619615,0.002015566,0.002743935,0.002611923,0.003889866,0.00373797,0.002358318,0.002870786,0.002808397,0.00252697,0.001922466,0.002078295,0.00248315,0.002664961,0.002078739,0.002310845,0.002294507,0.002201889,0.002167194,0.002004659,0.00309831,0.002531267,0.003187945,0.002753141,0.002302591,0.00204726,0.001693689,0.00140065,0.001019414,0.000639706,0.000697773,0.000688932,0.000828647,0.001842116,0.002879799,0.001449057,0.000584405,0.000483606,0.000404367,0.000349436,0.000515772,0.00048581,0.000389073,0.0001931,0.000165024,0.00025519,0.000425204,0.000741954,0.001831665,0.00199593,0.003171639,0.004569776,0.004611116,0.004011773,0.004531108,0.002025654,0.002077927,0.002506989,0.002279344,0.003658467,0.003907909,0.002190842,0.00151171,0.001106809,0.000784744,0.000754765,0.000810532,0.001239543,0.001445572,0.001339571,0.0012053,0.001088018,0.001296869,0.001529169,0.00146624,0.001297672,0.001658252,0.00127553,0.002259981,0.003440848,0.004693263,0.005868479,0.005801287,0.007323296,0.006258396,0.008793985,0.006739134,0.006453111,0.006291328,0.006314919,0.00571936,0.005452924,0.004679979,0.006481067,0.008851908,0.009805243,0.010555583,0.01832916,0.040180232,0.040399004,0.032325566,0.026512245,0.018559014,0.015203301,0.016607989,0.023088947,0.038332634,0.059377469,0.09110897,0.109449074,0.146282911
Head 1,301,0.004363279,0.00475341,0.005042814,0.006203908,0.001186374,0.000841226,0.001480572,0.00143179,0.0014224,0.001719434,0.003971267,0.004172566,0.003284801,0.003315453,0.003042014,0.002596932,0.002641658,0.001894545,0.00239482,0.002199413,0.003299837,0.003240833,0.001953213,0.002298422,0.002255646,0.002078008,0.001584349,0.001670571,0.001959175,0.002449746,0.002032062,0.002313614,0.002316877,0.002189899,0.00203308,0.001711462,0.002418411,0.001960521,0.002672745,0.002670065,0.002581793,0.00242882,0.001887724,0.001400954,0.00093788,0.000571089,0.000640493,0.000653433,0.000768387,0.001485417,0.00208536,0.001006454,0.000421102,0.000376642,0.000313837,0.000289993,0.000448547,0.000434134,0.000348152,0.000174471,0.000163659,0.000244869,0.00035562,0.000541928,0.001551892,0.001720828,0.00259758,0.003338499,0.003085409,0.002611366,0.003008194,0.00156562,0.001651829,0.001987931,0.001789165,0.002842502,0.003175196,0.001811956,0.001271391,0.000950599,0.000671651,0.000599888,0.000575125,0.000845404,0.001047438,0.001105405,0.001110101,0.001022237,0.001140933,0.001291873,0.001278239,0.001211136,0.001634253,0.001128855,0.001757916,0.002426796,0.003239945,0.004298511,0.004595456,0.006157065,0.005555599,0.008164044,0.006540099,0.006310088,0.005840603,0.005395417,0.004618066,0.004308902,0.003758844,0.005504322,0.007666375,0.008275124,0.008792422,0.015623785,0.036330972,0.038519602,0.031895947,0.024180612,0.015896708,0.013058575,0.014687532,0.021070452,0.034960121,0.052137669,0.078262813,0.096400551,0.134510174,0.116008416
Head 1,302,0.004416455,0.004554965,0.005574995,0.001216735,0.000705645,0.001319789,0.001359374,0.001389742,0.001656781,0.003951785,0.004333891,0.00337333,0.003420607,0.003208568,0.002793917,0.002822877,0.001917918,0.002241167,0.001922331,0.002786199,0.002750349,0.001698628,0.00194709,0.001851283,0.001693759,0.001297992,0.001350229,0.001541297,0.002062856,0.001837213,0.002205884,0.002283352,0.002189751,0.002006557,0.001588673,0.00206473,0.001542018,0.002063295,0.002218512,0.002477488,0.00269428,0.002204169,0.001553242,0.000931681,0.000518303,0.000559618,0.000588469,0.000719229,0.001271861,0.001624618,0.000753944,0.000318707,0.000257932,0.000229758,0.000222652,0.000376677,0.000389565,0.000319699,0.000143485,0.000146036,0.000234119,0.000328192,0.000443011,0.001338739,0.001574813,0.002424412,0.002920666,0.002381399,0.001822871,0.002020668,0.001217798,0.001304999,0.001594281,0.001420857,0.002187187,0.0024757,0.001442931,0.001023695,0.00077542,0.000560008,0.000499887,0.000445807,0.000596013,0.000712893,0.000794992,0.000907,0.000929918,0.001041483,0.00111166,0.001061486,0.001037558,0.001475759,0.001056027,0.001553258,0.001908137,0.002325488,0.00306959,0.00345973,0.005018936,0.004813235,0.007389039,0.006237396,0.006317665,0.005874425,0.005152171,0.004107325,0.003589537,0.003039622,0.004611023,0.006769867,0.007331321,0.007606189,0.013401986,0.032540161,0.036794838,0.032154839,0.024991581,0.015027093,0.01171844,0.012942272,0.019192476,0.03365412,0.050783239,0.073573828,0.088043503,0.124819197,0.11098323,0.078581057
Head 1,303,0.004186955,0.004989925,0.001177114,0.000600542,0.001133586,0.001239261,0.001347499,0.001639839,0.003963903,0.004612734,0.003580816,0.00359983,0.003388745,0.003016476,0.003113076,0.002093758,0.002315371,0.001849032,0.002477489,0.002371663,0.001523024,0.001754162,0.001632022,0.001464665,0.001133764,0.001183946,0.001334201,0.001754777,0.001661335,0.002129818,0.002311675,0.002268424,0.002089888,0.001612165,0.001981275,0.00135422,0.001685313,0.001807845,0.002190298,0.002758013,0.002571742,0.001893474,0.00107189,0.000545794,0.000530564,0.000541836,0.000682776,0.001176666,0.001440013,0.000726519,0.000295475,0.000201484,0.0001846,0.000179409,0.000327378,0.000371369,0.000328847,0.000139196,0.000143395,0.000243767,0.000352178,0.000444797,0.001216904,0.001487548,0.002383553,0.00288378,0.002160718,0.001461661,0.001483912,0.001043797,0.001121333,0.001389281,0.001242367,0.001860474,0.002084698,0.001259082,0.000907137,0.000686467,0.000499687,0.000458295,0.000404326,0.000497046,0.000547293,0.000595561,0.000734513,0.000867016,0.001060583,0.001120408,0.00101152,0.000956209,0.001389387,0.001055005,0.001574396,0.001796105,0.001955014,0.002395543,0.002697341,0.004176817,0.00428876,0.00686256,0.006086633,0.006470427,0.006239505,0.005436361,0.004143094,0.003383837,0.002710011,0.004012409,0.006102742,0.006822838,0.007017724,0.01201932,0.028755704,0.034033358,0.031502549,0.026247352,0.015431901,0.011368209,0.011639441,0.016700847,0.030517751,0.048950553,0.07145223,0.081846483,0.112259872,0.100804254,0.072858587,0.070848309
Head 1,304,0.004491728,0.001051462,0.000520846,0.00093918,0.001034476,0.001199198,0.001548457,0.003628935,0.004572944,0.00366412,0.003707194,0.003480027,0.003127054,0.003317911,0.002278752,0.002489992,0.001887754,0.002326298,0.002076304,0.001299955,0.001532537,0.00143076,0.001257251,0.000960103,0.001003593,0.001122596,0.001422248,0.001364377,0.001855699,0.002155847,0.00221831,0.002104131,0.001638644,0.001986346,0.001265341,0.001449684,0.00145252,0.001745809,0.002384375,0.002565117,0.002146667,0.001255615,0.000616659,0.000540233,0.000504556,0.000615089,0.001061987,0.001304837,0.000735526,0.000275698,0.000155704,0.000140494,0.000129121,0.000243632,0.000297453,0.000290768,0.00012738,0.000128698,0.000224839,0.000347113,0.000447222,0.001090221,0.001301165,0.002170733,0.00280235,0.00208701,0.001268959,0.00113527,0.000858388,0.000932395,0.001169874,0.001044313,0.001557347,0.001705662,0.001045268,0.000760666,0.000571937,0.000408493,0.00038005,0.00034492,0.000416577,0.000427499,0.000429713,0.00052284,0.000673469,0.000941303,0.001071899,0.000960315,0.000858201,0.001220074,0.000946309,0.001515397,0.001751373,0.00177725,0.001955724,0.002046052,0.003207349,0.003442653,0.005878062,0.005491108,0.006132812,0.00625675,0.005649213,0.004281474,0.003355469,0.002523944,0.003489316,0.005269327,0.006113698,0.00641751,0.011094247,0.026256206,0.031788375,0.030371642,0.025836755,0.015986955,0.011687811,0.011086833,0.014536265,0.026024835,0.044765025,0.070687458,0.081835173,0.108487539,0.093972385,0.067730583,0.066994913,0.060052179
Head 1,305,0.001016006,0.000516273,0.000844337,0.000876062,0.001036248,0.001411782,0.003261214,0.00441291,0.003773905,0.003926112,0.003689147,0.003302599,0.003539778,0.002522552,0.002798849,0.002102928,0.002436106,0.002005804,0.001149522,0.001346935,0.001278696,0.001121913,0.000849276,0.000893528,0.001003346,0.001251417,0.00116962,0.001621612,0.001994498,0.002169349,0.00214372,0.001724809,0.00209246,0.001295908,0.001397162,0.001289643,0.00145282,0.001977428,0.002322422,0.002247441,0.00146829,0.000756648,0.000632241,0.000533947,0.00059131,0.001013066,0.001245119,0.000827637,0.000291369,0.000145232,0.000124471,0.000105534,0.000190831,0.000236055,0.000250555,0.000130422,0.000131127,0.00022311,0.000353774,0.000477536,0.00106201,0.001173307,0.001931076,0.002644619,0.002102129,0.001247115,0.001008584,0.000740191,0.000818286,0.001035419,0.000927057,0.001395458,0.001506372,0.000939745,0.000699401,0.000533546,0.000374114,0.000341083,0.000313783,0.000385307,0.000382765,0.000357477,0.0004053,0.000523766,0.000810956,0.001043079,0.000999747,0.000875768,0.001196757,0.000884904,0.001461418,0.001786258,0.001804827,0.001830221,0.001734411,0.00258405,0.002780245,0.005025613,0.004933336,0.005757716,0.006182446,0.005864729,0.004577396,0.003585331,0.002600696,0.003304477,0.004706662,0.005510336,0.005952255,0.010597724,0.024916446,0.029968508,0.028795563,0.022903232,0.015765026,0.012333035,0.011467271,0.01357692,0.022027938,0.037976719,0.065027922,0.080472253,0.106657572,0.088831268,0.062701628,0.062586971,0.056614991,0.059143003
Head 1,306,0.000561592,0.000836013,0.000776751,0.000876291,0.001215759,0.002702562,0.003839443,0.003549129,0.00390705,0.003786757,0.00340525,0.003656078,0.002679199,0.003063672,0.002363247,0.002707619,0.002099699,0.001059572,0.001175651,0.001115272,0.000986048,0.000738693,0.000780264,0.000877977,0.001139896,0.001002643,0.001343395,0.00168684,0.001929173,0.002010991,0.001702201,0.002110905,0.001313671,0.001384483,0.001198916,0.001249014,0.001597071,0.001876478,0.001988571,0.00146857,0.000840551,0.000742122,0.000602256,0.000602176,0.000972652,0.001164787,0.000822144,0.000281495,0.000132666,0.000108365,8.51E-05,0.000141994,0.000165494,0.000177924,0.000110388,0.000118213,0.000200919,0.000318494,0.000450769,0.001027604,0.001037047,0.001630551,0.002268953,0.00195777,0.001226193,0.000956251,0.000591159,0.000671747,0.000868325,0.000779405,0.001192655,0.00128208,0.000795396,0.000599274,0.000470543,0.000329869,0.000289802,0.000260187,0.000327666,0.000327878,0.000296287,0.000311851,0.000375495,0.00059621,0.000852643,0.000918168,0.000846814,0.001103749,0.000787843,0.001266867,0.001639492,0.001751731,0.001753275,0.001533509,0.002085842,0.00212097,0.003950643,0.004014173,0.004918557,0.005538532,0.005519649,0.004516542,0.003656929,0.002649509,0.003200093,0.004225268,0.004772569,0.005204838,0.009695304,0.023799598,0.028451942,0.027186066,0.019218961,0.014112492,0.01225561,0.012134211,0.013810506,0.019953966,0.031905234,0.05644311,0.077208191,0.109376967,0.090964951,0.062150672,0.060786128,0.055103201,0.057790004,0.046553664
Head 1,307,0.000924377,0.000771264,0.000785622,0.001046818,0.002286831,0.003305212,0.003240311,0.003807319,0.003919082,0.003627974,0.003910707,0.002886384,0.003341476,0.002670405,0.00312633,0.002389581,0.001098256,0.001107771,0.001006229,0.000882663,0.000661803,0.000707279,0.000805527,0.001126452,0.00095183,0.001193124,0.001451166,0.001683808,0.00184167,0.00166158,0.002142135,0.001381985,0.001455839,0.001220422,0.001199439,0.001424604,0.001573502,0.001681224,0.001338184,0.000860595,0.00085743,0.000731765,0.000698278,0.001002296,0.001141931,0.000804566,0.00028163,0.000131262,0.000109182,8.21E-05,0.000126976,0.000133918,0.000135658,8.91E-05,0.000108032,0.000194495,0.000305564,0.000435834,0.001111804,0.00104878,0.001543122,0.002034734,0.001814359,0.001243623,0.001011878,0.000485683,0.000563726,0.000755877,0.000690594,0.001072189,0.00115661,0.00070568,0.000531705,0.00042998,0.000310949,0.00026879,0.000230526,0.000287382,0.000289977,0.000262742,0.000268616,0.000300568,0.000456354,0.000675132,0.000806374,0.000828189,0.00103139,0.000790243,0.001175048,0.001520726,0.001718623,0.001796528,0.001539698,0.001929512,0.001799302,0.003246011,0.003308757,0.004242809,0.00500725,0.005227307,0.004504622,0.003826974,0.002855105,0.003414501,0.004245226,0.004479683,0.004744246,0.008905734,0.022999046,0.027903425,0.026940456,0.017327623,0.012209255,0.011385338,0.01248922,0.014891987,0.020293919,0.028905611,0.047779452,0.068381146,0.105732866,0.093039393,0.06373354,0.060805742,0.053903714,0.056113645,0.044290505,0.038512077
Head 1,308,0.000807204,0.00073901,0.000905441,0.001840074,0.002628645,0.002599661,0.003191554,0.003510997,0.003425548,0.003819593,0.002820446,0.003306985,0.002700221,0.003289377,0.002579698,0.001097772,0.001022442,0.000855227,0.000710008,0.000519968,0.000562586,0.000659812,0.00102821,0.000879273,0.001057305,0.001203189,0.001331123,0.001454217,0.001363144,0.001873789,0.001274038,0.001385687,0.001163846,0.001116858,0.001266351,0.001295949,0.00129978,0.001014123,0.000686401,0.000774085,0.000742042,0.000749207,0.000948344,0.00106878,0.000655454,0.000225215,0.000106684,9.03E-05,6.67E-05,0.000101448,9.80E-05,8.91E-05,5.31E-05,7.15E-05,0.000147716,0.000246211,0.000358331,0.001057725,0.000983343,0.001398798,0.001701094,0.001443571,0.001033474,0.000914989,0.000346631,0.000397478,0.000558309,0.000529603,0.000855551,0.000939207,0.000559791,0.000413184,0.000333975,0.000247656,0.000218111,0.000182261,0.000220533,0.000218718,0.000197259,0.000203017,0.000220518,0.000320128,0.000461567,0.000569053,0.000639379,0.000796598,0.000701988,0.00100262,0.001245853,0.00143664,0.001595942,0.001421316,0.001761926,0.00152832,0.002587489,0.002500789,0.00323459,0.00393445,0.004280158,0.003867769,0.003459791,0.002702769,0.003367925,0.00418833,0.004188769,0.004200048,0.007634488,0.020436388,0.025445802,0.025435347,0.018016478,0.011102782,0.010108938,0.011777151,0.015437788,0.022162169,0.030148137,0.045203745,0.062024333,0.100755975,0.095163941,0.068394423,0.066558458,0.058023334,0.058982715,0.044876829,0.037729017,0.022534985
Head 1,309,0.000764997,0.000844842,0.001608807,0.002224936,0.002157977,0.002707125,0.003153662,0.003272091,0.003834008,0.002860969,0.003369607,0.002753924,0.003416248,0.002789393,0.001190669,0.001086083,0.000848497,0.000645027,0.000443706,0.00046795,0.000557649,0.000902391,0.000834958,0.001035093,0.001136304,0.001174118,0.001221262,0.001140004,0.001638685,0.001191738,0.001364384,0.001183501,0.001134256,0.001248477,0.001201252,0.001117021,0.000822276,0.000563182,0.000691335,0.000745272,0.000828664,0.000945481,0.001076779,0.000642622,0.000216289,0.00010355,8.97E-05,6.65E-05,0.000103584,9.56E-05,7.85E-05,3.90E-05,5.44E-05,0.000125549,0.000226493,0.000338975,0.001147416,0.001107803,0.00156091,0.001762352,0.001364343,0.000954416,0.000900009,0.000295116,0.000318375,0.000447142,0.000437133,0.000747079,0.000843511,0.000502793,0.000369234,0.000296523,0.000223704,0.000203754,0.000171877,0.000202587,0.000194892,0.000170868,0.000174777,0.000187834,0.000264935,0.000366251,0.000446746,0.000531542,0.00066509,0.000714294,0.00103189,0.00121519,0.001354113,0.001518628,0.001408749,0.001798511,0.001527146,0.002425383,0.002178633,0.00272693,0.003316783,0.003717297,0.003510447,0.003311121,0.002735737,0.003558946,0.004531701,0.004431885,0.004237734,0.007192106,0.018544411,0.022880485,0.02340864,0.020497957,0.011163856,0.009356769,0.010766471,0.015048355,0.023864556,0.033862729,0.047761671,0.05927477,0.0924237,0.088409685,0.066444479,0.068099402,0.061021145,0.062153559,0.046003241,0.037498765,0.021091612,0.018746184
Head 1,310,0.003454723,0.003811189,0.004938565,0.004781976,0.005988979,0.007182825,0.007882431,0.00943633,0.006870984,0.007819625,0.006124435,0.007521376,0.00662287,0.001961647,0.001967985,0.001478209,0.000998806,0.000578952,0.000515694,0.000531343,0.001209448,0.001163815,0.001567491,0.001755203,0.001768129,0.001710818,0.001428317,0.001897634,0.001283959,0.001476652,0.001337981,0.001372967,0.001605926,0.00155809,0.001332157,0.000931544,0.000599879,0.000757144,0.000905054,0.001202656,0.001927228,0.002142398,0.001104761,0.000231901,0.000189625,9.19E-05,8.04E-05,0.000147045,0.000139179,0.000101364,7.34E-05,8.96E-05,0.000214539,0.000401248,0.000594038,0.001084287,0.001340971,0.002151781,0.002449327,0.001659957,0.000996029,0.000890878,0.000673932,0.000635923,0.000768708,0.000675068,0.001094669,0.001208913,0.000740521,0.00054076,0.000427306,0.000329251,0.000319714,0.000278865,0.000320095,0.000287226,0.000233656,0.000228725,0.000232826,0.000305277,0.000368814,0.000398769,0.000477173,0.000434297,0.000871403,0.001448693,0.001585705,0.001544736,0.001578547,0.001459792,0.001995861,0.001787506,0.002819591,0.002440294,0.002935324,0.003395804,0.003557238,0.003096855,0.002836563,0.002363346,0.003290618,0.004488281,0.004411957,0.004083344,0.006812009,0.017094456,0.021098586,0.02200124,0.01823476,0.009155333,0.006592117,0.007286074,0.011280729,0.021208746,0.036020041,0.054430112,0.061370943,0.079683572,0.068867743,0.051166803,0.054044526,0.052186802,0.057917681,0.048614465,0.044962712,0.026631637,0.022925647,0.002005716
Head 1,311,0.003701958,0.004617497,0.004223684,0.004996013,0.005878178,0.006629403,0.008570515,0.006791244,0.008171946,0.006318055,0.007391424,0.006185291,0.001654654,0.001825652,0.001497966,0.001048255,0.000589671,0.000489145,0.000458834,0.000881261,0.000837155,0.001224029,0.001518762,0.001630844,0.001587523,0.00128198,0.001641129,0.001073143,0.001221355,0.001121365,0.001185998,0.001442309,0.00146285,0.001247226,0.000826067,0.00048254,0.000563239,0.000667634,0.000960464,0.001732463,0.002056004,0.001000678,0.000238183,0.000186909,8.30E-05,7.11E-05,0.000136719,0.000143084,0.000111723,6.80E-05,7.45E-05,0.00017747,0.000360813,0.000576309,0.000942799,0.001248237,0.002221663,0.002849369,0.001992142,0.001112351,0.000903484,0.00069393,0.000627794,0.000709572,0.00059355,0.000976213,0.001085221,0.000677353,0.000504738,0.000401704,0.000309106,0.000309759,0.000287769,0.000340884,0.000307049,0.000244262,0.000231668,0.000234892,0.000313536,0.00036922,0.000361318,0.000386318,0.000371417,0.00072027,0.001411856,0.001725487,0.001690217,0.001594492,0.001369252,0.001841035,0.001688332,0.002767217,0.00237072,0.002748698,0.003085727,0.003194228,0.002767405,0.002540465,0.002133299,0.003011611,0.00424958,0.004378915,0.004116451,0.006684056,0.015510092,0.018163184,0.018397026,0.021091642,0.011617684,0.00780387,0.007457403,0.010057236,0.018271115,0.034708764,0.061598066,0.073597491,0.090565398,0.072334729,0.050365601,0.050881851,0.048551198,0.054103822,0.045788564,0.043808695,0.027860306,0.025643419,0.001771201,0.001441802
Head 1,312,0.001482799,0.001249896,0.001391619,0.001581694,0.001745371,0.002383179,0.002089025,0.002832542,0.002389441,0.002998693,0.00249487,0.000945594,0.000972385,0.00082534,0.000605528,0.000357835,0.000303256,0.000293656,0.000325428,0.000327632,0.000523489,0.000735936,0.000855923,0.000863044,0.0007118,0.000914922,0.000636556,0.000761411,0.000759313,0.000858512,0.001075915,0.001093332,0.000929358,0.0005564,0.000302655,0.000332889,0.000385449,0.000532375,0.000762858,0.000970827,0.000488664,0.000239082,0.000115541,8.98E-05,6.27E-05,0.000103725,0.000104515,8.33E-05,2.57E-05,2.84E-05,6.63E-05,0.000142708,0.000251703,0.000873324,0.001052848,0.001861344,0.002410553,0.001764052,0.0010324,0.000855586,0.000279583,0.000246885,0.000275731,0.000232389,0.000423337,0.000510688,0.000320964,0.000256251,0.000219559,0.000176147,0.000177095,0.000165745,0.000198767,0.000187774,0.000156994,0.000150953,0.000154046,0.000209059,0.000261202,0.000268124,0.000285212,0.000402134,0.000500986,0.000988234,0.001355496,0.001507647,0.001515912,0.001315334,0.001683625,0.001527967,0.002508106,0.00209209,0.002303079,0.002444529,0.00250931,0.002280158,0.002234594,0.002059926,0.003129726,0.004700216,0.00523825,0.005195363,0.00805982,0.016883172,0.01690123,0.014749717,0.026477927,0.016463144,0.01197275,0.010863626,0.01245326,0.019538127,0.03414119,0.06196114,0.079520583,0.107300162,0.088392302,0.059053272,0.056670088,0.052004199,0.058126491,0.047068845,0.041348871,0.023850592,0.020616025,0.000490369,0.000356988,0.008275864
Head 1,313,0.00135292,0.001443769,0.001542291,0.001617555,0.00215577,0.001965078,0.00285623,0.002594792,0.003453741,0.002919137,0.001021357,0.001043752,0.00094269,0.000750653,0.000468451,0.000393257,0.000358741,0.000344313,0.000306072,0.000457716,0.000660879,0.00083077,0.000902016,0.000771973,0.000982888,0.000667632,0.000779714,0.000770038,0.000874509,0.001109152,0.001164812,0.001036296,0.000646434,0.000345228,0.000354378,0.00037813,0.00049396,0.000832704,0.001107549,0.00048262,0.000286558,0.000160211,0.000114929,7.81E-05,0.000120598,0.000119931,9.85E-05,3.28E-05,3.24E-05,6.60E-05,0.000133365,0.000239687,0.00074183,0.000870472,0.001607082,0.002269148,0.001864513,0.001175718,0.000964223,0.00032801,0.000292623,0.000307826,0.000238921,0.000414678,0.000486371,0.000294674,0.000233927,0.000201991,0.000162832,0.000164195,0.000158178,0.000200538,0.000199666,0.000173146,0.000164463,0.000160662,0.000212246,0.000266133,0.000270478,0.000273672,0.000386131,0.000428416,0.000890222,0.001397738,0.001771448,0.001894577,0.001623648,0.001934104,0.00172111,0.002807493,0.002393237,0.002589488,0.002638055,0.002577311,0.002242282,0.00215435,0.001983375,0.00306853,0.004675474,0.005414868,0.005667987,0.009230385,0.019293327,0.018818682,0.015152981,0.021909343,0.015437722,0.012273048,0.011427095,0.012350864,0.017193746,0.027956717,0.053616747,0.077553369,0.112189017,0.094323851,0.061421108,0.055223186,0.048697952,0.053614639,0.044238195,0.039223593,0.023057481,0.020717278,0.000531718,0.000356612,0.008315549,0.016254799
Head 1,314,0.004116635,0.004165413,0.004111663,0.00507948,0.004524895,0.006780799,0.006587816,0.009210627,0.007651039,0.00144155,0.001393539,0.001278142,0.00115472,0.000815407,0.000746415,0.000665801,0.001027314,0.000670904,0.000741856,0.000882582,0.001090593,0.001286238,0.001191615,0.001593994,0.001023986,0.001141523,0.001020576,0.001062798,0.001258359,0.001270055,0.001131181,0.000802894,0.000447857,0.000456599,0.000445982,0.000549012,0.001357821,0.001818625,0.000664098,0.000248534,0.000254685,9.67E-05,7.37E-05,0.000116873,0.000115571,9.96E-05,6.86E-05,6.44E-05,0.000122237,0.000223553,0.000393727,0.000596883,0.000668001,0.001201244,0.001821495,0.001781569,0.001370753,0.001202199,0.000725405,0.00070944,0.000769159,0.00056934,0.000880016,0.000951222,0.000540172,0.00039003,0.000314106,0.000239814,0.000230778,0.000213841,0.000285072,0.000300531,0.0002791,0.000272917,0.000253562,0.000317353,0.000384951,0.00037753,0.000353901,0.000297472,0.000397975,0.000774773,0.001296285,0.001881098,0.002269815,0.001936681,0.002128178,0.001684166,0.002658987,0.002297024,0.00259986,0.002722366,0.002598894,0.002139527,0.001966856,0.001694167,0.002573345,0.003686157,0.003910315,0.003951693,0.007084549,0.017194834,0.019271402,0.016747544,0.015413662,0.01118899,0.009760537,0.010424433,0.012160705,0.015219625,0.021123772,0.039338034,0.065877602,0.109892637,0.102812588,0.069853976,0.059259396,0.047918782,0.047719005,0.038348638,0.034666024,0.021205876,0.021571113,0.001695352,0.001171239,0.012718473,0.021063251,0.001293191
Head 1,315,0.003969219,0.00383841,0.004490983,0.003739973,0.005445053,0.005424105,0.008234835,0.007553554,0.001596668,0.001412787,0.001135468,0.000951211,0.000688691,0.000680105,0.000666335,0.001202513,0.000772316,0.000749476,0.000754425,0.000832941,0.000973495,0.000963125,0.001428848,0.000966045,0.001080883,0.000936634,0.00094231,0.001103281,0.00110662,0.000988893,0.000704409,0.000411097,0.000431812,0.000419864,0.000500545,0.001111754,0.00148821,0.000509944,0.000174132,0.000192113,8.44E-05,6.99E-05,0.00011266,0.00010577,8.55E-05,6.07E-05,5.72E-05,0.000109926,0.000192818,0.000319223,0.000556023,0.000606307,0.001020213,0.001422471,0.001331451,0.001124921,0.001155243,0.000660825,0.000640749,0.000725758,0.000557159,0.000828106,0.000872045,0.000488424,0.000340106,0.000267032,0.000206734,0.000207136,0.000194834,0.000255051,0.000263577,0.000248218,0.000256899,0.000250594,0.000311311,0.000367405,0.000357971,0.000343448,0.000291614,0.00036937,0.000628787,0.00093948,0.001360651,0.001849582,0.001811612,0.002146593,0.001675268,0.002472552,0.002070333,0.002344058,0.002516167,0.002419442,0.001960217,0.001733229,0.00143641,0.002192052,0.003218568,0.003413334,0.003438836,0.006175441,0.015768871,0.018736608,0.01703882,0.015756898,0.010314791,0.009187622,0.011051333,0.015250591,0.020955669,0.026605342,0.039864913,0.057472371,0.095796309,0.098854698,0.076699048,0.071035661,0.056833945,0.052363373,0.039143365,0.033856411,0.020034343,0.019873397,0.001816468,0.001308634,0.013956376,0.024308305,0.00115266,0.000868419
Head 1,316,0.003586438,0.004112949,0.003209623,0.004436081,0.004275505,0.006696252,0.006719801,0.001737418,0.001572218,0.00115478,0.000858464,0.000589517,0.000591783,0.000626873,0.001308011,0.000913862,0.000874067,0.000778256,0.000732445,0.000768645,0.000741186,0.001184912,0.000856675,0.001012211,0.000887458,0.000878955,0.001018607,0.001012341,0.000891721,0.000611856,0.00036083,0.000387216,0.000382895,0.000465826,0.000921942,0.001255514,0.000448151,0.000121537,0.000147243,6.60E-05,6.04E-05,0.000107381,0.000102275,7.90E-05,5.65E-05,5.10E-05,9.92E-05,0.000173637,0.000274177,0.000516002,0.000577487,0.000937552,0.001202046,0.000999859,0.000811146,0.000919382,0.000610568,0.000569086,0.000656716,0.000527098,0.000795221,0.000833031,0.000463567,0.000311361,0.000230547,0.000171274,0.00017441,0.000169665,0.000223095,0.000224869,0.000207084,0.000220739,0.000230119,0.000297717,0.000347665,0.000329319,0.00031663,0.000275442,0.000356939,0.000578849,0.000761478,0.001007365,0.001408489,0.0015511,0.002118773,0.001755522,0.002518253,0.002013048,0.002189417,0.002346853,0.002281453,0.001843998,0.001591974,0.001277499,0.001931792,0.002920425,0.003144354,0.003147864,0.005569985,0.014335758,0.017898818,0.017368127,0.017266056,0.009901333,0.008135907,0.009841412,0.01535371,0.025249824,0.034839164,0.047147743,0.056348249,0.085066825,0.086980298,0.073827744,0.077917904,0.06680239,0.060684428,0.04265289,0.034699611,0.019590706,0.018431151,0.001822621,0.001380846,0.01278705,0.02460674,0.001038008,0.000732326,0.000628558
Head 1,317,0.004484853,0.003390951,0.004393365,0.003968854,0.005980514,0.006264193,0.001939673,0.001963352,0.001449755,0.000980524,0.000610812,0.000579915,0.000626459,0.001385742,0.001109852,0.001161076,0.001016677,0.000848512,0.000764899,0.00066581,0.001051722,0.000805587,0.001021456,0.000940671,0.00093838,0.001073583,0.001072318,0.000959748,0.000655344,0.000395926,0.000427436,0.000420071,0.000511174,0.00085918,0.001167834,0.000510994,0.000113421,0.000144384,6.21E-05,6.23E-05,0.000122845,0.000126688,0.000100381,7.62E-05,6.36E-05,0.000114805,0.000194692,0.000294374,0.000574017,0.00067996,0.001081845,0.001327884,0.00099902,0.000720467,0.000809274,0.000689761,0.000614253,0.000687143,0.000567625,0.000876703,0.000928325,0.00053729,0.000363445,0.00025913,0.000180564,0.000178009,0.000178301,0.000240727,0.000241171,0.000213266,0.000220413,0.000236199,0.000323342,0.000390306,0.000367997,0.000348592,0.000325874,0.000404649,0.000664239,0.000804091,0.000938603,0.001219384,0.001397372,0.002164852,0.002022849,0.003012145,0.002391504,0.002451463,0.002539319,0.002461362,0.001999293,0.001706733,0.001337211,0.001928025,0.002898968,0.003215364,0.003284759,0.00576753,0.01413243,0.017590526,0.017754817,0.019297438,0.010688672,0.008023674,0.008941687,0.01400722,0.02615485,0.0427352,0.06023851,0.062970139,0.079937272,0.071636431,0.060295377,0.070415311,0.068951316,0.067381464,0.04707231,0.036293596,0.01997401,0.017941335,0.001880433,0.001498457,0.011306435,0.022204669,0.00108559,0.000709181,0.000566378,0.000671683
Head 1,318,0.003167583,0.004013863,0.003407698,0.004818561,0.004881305,0.00161306,0.001881173,0.001555964,0.001061747,0.000603828,0.000513492,0.00051437,0.001149245,0.00100033,0.001197616,0.001157357,0.000954743,0.000762927,0.000567967,0.000804872,0.000603812,0.000816599,0.00081546,0.000859679,0.000987732,0.000972398,0.000864148,0.000579604,0.000347099,0.000381409,0.000378672,0.000461534,0.000716396,0.000946969,0.000466141,9.57E-05,0.000123163,4.55E-05,4.65E-05,9.87E-05,0.000112724,9.61E-05,7.77E-05,6.45E-05,0.00011007,0.000182093,0.000272928,0.000518066,0.000643599,0.001056962,0.001318731,0.000951347,0.000592412,0.000591795,0.000642415,0.000576541,0.000618246,0.000500641,0.000796759,0.000867598,0.000515533,0.000357964,0.000254591,0.000166817,0.000151463,0.000147835,0.000208521,0.000219492,0.00019648,0.000196442,0.000205303,0.000289219,0.000367339,0.000355309,0.000333224,0.000341218,0.000379548,0.000660714,0.000807037,0.000872648,0.001010409,0.001086144,0.001752705,0.001808566,0.003020767,0.002516913,0.00250999,0.002481323,0.002341728,0.001901371,0.001632734,0.001275287,0.001780827,0.002596654,0.002893786,0.003009373,0.005462307,0.013271279,0.01611919,0.016327463,0.020174362,0.011681905,0.008292604,0.008231323,0.011590102,0.021759598,0.041855007,0.072119892,0.08018446,0.094202176,0.071365327,0.05183807,0.058568031,0.062538251,0.06970787,0.052538931,0.040302794,0.021283912,0.018064471,0.001776285,0.001395822,0.009581177,0.018842869,0.001120061,0.000691105,0.000494829,0.00055319,0.000593994
Head 1,319,0.004170935,0.003452237,0.00457128,0.004308581,0.001406669,0.00174823,0.001665366,0.001275835,0.000732338,0.000578939,0.000519159,0.001063587,0.000922468,0.001187834,0.001309576,0.001188105,0.000938418,0.000629263,0.000756544,0.000517582,0.000688119,0.000725613,0.000826214,0.000986247,0.000971536,0.000860137,0.000580529,0.00034872,0.000391536,0.000397375,0.000477829,0.000706386,0.00086114,0.000461897,0.000107364,0.000128146,4.32E-05,4.29E-05,9.02E-05,0.000110868,0.000104489,9.05E-05,8.12E-05,0.000133245,0.000206601,0.000295984,0.000527991,0.000674715,0.00114788,0.001496536,0.00112014,0.00065574,0.000570097,0.000654969,0.000626075,0.000659964,0.000515992,0.000803792,0.000891034,0.000547036,0.000397065,0.000295358,0.000192691,0.000160821,0.000143728,0.000199378,0.000218885,0.00020615,0.000206244,0.000206049,0.000282004,0.000365783,0.000369324,0.000353748,0.000403082,0.000387807,0.000685847,0.000884174,0.000954338,0.001023631,0.000998936,0.001524164,0.001627014,0.00302103,0.002774944,0.002875645,0.002788287,0.002533989,0.002023841,0.001729964,0.001354879,0.001848868,0.002566276,0.002792531,0.002919488,0.005497546,0.01361418,0.016122207,0.016035855,0.02021529,0.012856713,0.009321217,0.008694891,0.010708624,0.017776966,0.034679271,0.070399642,0.092967972,0.113939986,0.080012567,0.049448252,0.048352156,0.050382599,0.061404269,0.05263681,0.043530669,0.023368595,0.019243598,0.001865178,0.001409187,0.008953661,0.016502831,0.00124241,0.000773521,0.000514187,0.000514791,0.00052554,0.000619996
Head 1,320,0.003268375,0.004246172,0.003751947,0.001196238,0.001404124,0.001423646,0.001258346,0.000801825,0.000648294,0.000542717,0.001044084,0.000830312,0.001039736,0.001239918,0.001284439,0.001115819,0.000742093,0.000784573,0.000460973,0.000548552,0.000566182,0.000685286,0.000887685,0.000905568,0.00079882,0.00053224,0.000309666,0.000346942,0.000361467,0.000436176,0.000695797,0.000781272,0.000384322,0.000104816,0.000112874,3.67E-05,3.40E-05,6.73E-05,8.33E-05,8.35E-05,7.68E-05,7.85E-05,0.000137218,0.000207846,0.000284393,0.000453174,0.000578704,0.001023713,0.001394347,0.001109695,0.000668054,0.000534001,0.000560203,0.000581594,0.000638092,0.00048557,0.000721224,0.000799417,0.000495843,0.000369752,0.000291434,0.000200195,0.000162812,0.000130545,0.000165898,0.00017903,0.000177513,0.000188955,0.000188732,0.000248852,0.000317084,0.000327737,0.000326396,0.00040605,0.000353971,0.000602534,0.00080652,0.000910526,0.000978631,0.000892826,0.001243284,0.001259337,0.002465479,0.00247159,0.002829002,0.0028444,0.00252844,0.001957355,0.001631035,0.001270692,0.001757985,0.002400299,0.002521246,0.002579934,0.004974043,0.013213718,0.015862424,0.01563449,0.019110452,0.012835261,0.009970723,0.009560158,0.011065789,0.015853088,0.027317209,0.057422508,0.090972543,0.132034898,0.101300448,0.058754038,0.048854325,0.044055704,0.052228983,0.049138423,0.045756716,0.025840897,0.021296706,0.001943804,0.001406937,0.008769209,0.01553768,0.001270075,0.000825825,0.000547019,0.000505421,0.000464743,0.000522706,0.000492402
Head 1,321,0.004246183,0.003700144,0.001214577,0.001254608,0.001196939,0.00112544,0.00082153,0.000747559,0.000651028,0.00123187,0.000898947,0.001016837,0.00117508,0.001301305,0.001285838,0.000947217,0.000995736,0.000526368,0.000534029,0.000491601,0.000580988,0.000804335,0.000884106,0.000808635,0.000540712,0.000307682,0.000332139,0.000346588,0.000424387,0.000737554,0.000805584,0.000345128,0.000101147,9.65E-05,3.39E-05,2.96E-05,5.44E-05,6.41E-05,6.47E-05,6.21E-05,6.88E-05,0.000135263,0.000214317,0.000287286,0.000406022,0.000506301,0.000903294,0.001258633,0.001050926,0.000694523,0.00056662,0.000481207,0.000518557,0.000614902,0.000479617,0.000678447,0.000732639,0.000458285,0.000342824,0.00027929,0.00020677,0.000178431,0.000137615,0.000155538,0.000151936,0.000147037,0.000166125,0.000175984,0.000233425,0.000287964,0.000292204,0.000295758,0.00040181,0.00033208,0.000530573,0.000699116,0.000816111,0.000924412,0.000848923,0.001124054,0.001047434,0.001975362,0.002033866,0.002565279,0.002812775,0.002582508,0.001982606,0.001597982,0.001215835,0.001687456,0.002330515,0.002410629,0.002391393,0.004484833,0.012379803,0.015377101,0.015460998,0.018961681,0.012656714,0.010440236,0.010806957,0.01298767,0.017453361,0.025523296,0.046808802,0.07596983,0.126020804,0.11613486,0.074954651,0.05994324,0.046367072,0.047482129,0.043351091,0.04351569,0.026913023,0.023621684,0.002127913,0.00156982,0.009330468,0.015874758,0.001333767,0.000903191,0.000633151,0.000586046,0.000498267,0.000511937,0.000452321,0.000358376
Head 1,322,0.003718487,0.001359541,0.001285813,0.001087046,0.00096639,0.000749714,0.000770699,0.000750485,0.001467577,0.001043317,0.001085794,0.001142964,0.001226455,0.001301241,0.001091487,0.00127713,0.000671868,0.000608516,0.00048039,0.000503838,0.000689064,0.000806477,0.000790264,0.000545284,0.000313765,0.000327368,0.000334462,0.000415658,0.000769584,0.000878838,0.000355697,9.28E-05,8.22E-05,3.12E-05,2.64E-05,4.70E-05,5.19E-05,5.05E-05,5.12E-05,5.62E-05,0.000123176,0.000216812,0.000302251,0.000381641,0.00046151,0.000808483,0.001134003,0.000959649,0.000682743,0.000600876,0.000428224,0.000447275,0.000566138,0.000469306,0.000664412,0.000695738,0.000436966,0.000321951,0.000260026,0.000200454,0.000190181,0.00015502,0.000165205,0.00014308,0.000124258,0.000138402,0.000155066,0.000218069,0.000268479,0.000263027,0.000261693,0.00037419,0.000313013,0.000489006,0.000619909,0.000717825,0.000842717,0.000807416,0.001087446,0.000958432,0.001679515,0.001661355,0.002185508,0.002625386,0.002616915,0.002081355,0.001659079,0.001223691,0.001647373,0.002296039,0.002389724,0.002320197,0.004136782,0.011310756,0.014489998,0.015192583,0.019513173,0.012378672,0.010272144,0.011213047,0.014624097,0.020665783,0.028359326,0.044340611,0.064070158,0.107272431,0.112530276,0.086975634,0.077347524,0.056962706,0.050057806,0.039930332,0.039081004,0.025750183,0.024732018,0.002145624,0.001673903,0.010132966,0.016854914,0.001380516,0.000933842,0.00068903,0.00068028,0.000574123,0.000547876,0.000435898,0.000316664,0.000282588
Head 1,323,0.000826885,0.000723229,0.00058876,0.000502307,0.000406151,0.000458475,0.000526974,0.000595928,0.000499862,0.00056163,0.000593286,0.000567941,0.000528632,0.000421749,0.00049133,0.000283836,0.000270334,0.000222483,0.000233427,0.000322904,0.000400752,0.000445226,0.000305686,0.00019287,0.000215631,0.000241324,0.000309993,0.000442557,0.000598085,0.000390543,0.000202539,9.34E-05,8.05E-05,5.19E-05,7.02E-05,6.74E-05,6.32E-05,4.03E-05,4.84E-05,0.000107811,0.000203363,0.000300571,0.000634576,0.000595751,0.000920372,0.001151333,0.000901949,0.000601089,0.000550566,0.000184623,0.000188044,0.000250279,0.00022875,0.000359682,0.000392899,0.000247192,0.00018491,0.000146235,0.000105856,9.31E-05,7.34E-05,7.38E-05,6.05E-05,4.90E-05,5.26E-05,6.32E-05,0.000102817,0.000148139,0.000161632,0.000164445,0.000520801,0.000191589,0.000294144,0.000382293,0.000462193,0.000579337,0.000615656,0.000928678,0.000911876,0.00168873,0.00169834,0.002183014,0.002670433,0.002918427,0.002684503,0.002389441,0.001955973,0.002532652,0.003450126,0.003756348,0.003725644,0.005944495,0.013350992,0.014144512,0.01401173,0.02401958,0.017648026,0.015465313,0.01588154,0.018296856,0.024067663,0.03075039,0.042866752,0.055716075,0.09028367,0.098000214,0.084013328,0.085820876,0.06895718,0.061280109,0.043913011,0.036358695,0.021822348,0.019559013,0.000933073,0.000720696,0.009787058,0.017265396,0.000657802,0.000415659,0.000274791,0.000248363,0.000207334,0.000193193,0.000142272,9.32E-05,7.81E-05,0.007085672
Head 1,324,0.000952876,0.000729402,0.000548731,0.000396857,0.000436329,0.000533015,0.000635135,0.000566718,0.00067725,0.000725654,0.000674874,0.000609562,0.000494932,0.000613224,0.000380045,0.000367913,0.000282849,0.000258815,0.00031335,0.000368863,0.000425168,0.000313589,0.000209278,0.000237851,0.000252552,0.000304589,0.000471166,0.000666372,0.000476001,0.000214084,0.000103986,9.67E-05,6.28E-05,8.28E-05,7.27E-05,6.16E-05,4.29E-05,4.76E-05,0.00010149,0.000200108,0.00032994,0.000745261,0.000694124,0.001030042,0.001259774,0.00098901,0.000661002,0.000625762,0.000210736,0.000190651,0.000234111,0.000210198,0.000354068,0.000391067,0.000244918,0.000186816,0.000150429,0.000109403,9.88E-05,8.40E-05,9.02E-05,7.22E-05,5.20E-05,4.74E-05,5.05E-05,8.22E-05,0.000125542,0.000144539,0.000150326,0.000498484,0.000176106,0.000276544,0.000359402,0.00042848,0.000526003,0.000557919,0.000863032,0.000864415,0.001624576,0.001577451,0.001971792,0.002417025,0.002767751,0.002688995,0.00252254,0.002132828,0.002721598,0.003636795,0.004027967,0.004134106,0.006628752,0.0142888,0.014230078,0.01327441,0.022112131,0.016497197,0.014863855,0.015940465,0.019052427,0.025896169,0.034172971,0.046912927,0.055517126,0.080760919,0.080544338,0.070980512,0.082165636,0.07643538,0.07260932,0.04926065,0.036752418,0.020387942,0.018117644,0.000904769,0.000687727,0.010201045,0.018330324,0.000776757,0.00049662,0.000330472,0.000301918,0.000258357,0.000243576,0.000173035,0.000104206,7.77E-05,0.007655167,0.010657655
Head 1,325,0.000521092,0.000358822,0.000224699,0.000223829,0.000266861,0.000316472,0.000292626,0.000377969,0.00042835,0.000406269,0.000360153,0.00028345,0.000354612,0.00022452,0.000229342,0.00017721,0.000154658,0.000172026,0.000188115,0.000213099,0.000161601,0.000111667,0.000137926,0.000147419,0.00017125,0.000299751,0.000414412,0.000318368,0.000135428,7.76E-05,7.12E-05,4.92E-05,6.65E-05,5.44E-05,4.04E-05,2.72E-05,2.72E-05,5.39E-05,0.000101866,0.000175191,0.000490476,0.000511685,0.000772799,0.000950497,0.000746795,0.000510653,0.000507072,0.000175142,0.000137361,0.00014888,0.00012393,0.000220265,0.000247875,0.00015278,0.000118076,9.92E-05,7.37E-05,6.71E-05,5.84E-05,6.60E-05,5.43E-05,3.80E-05,3.08E-05,2.83E-05,4.29E-05,6.72E-05,8.23E-05,9.15E-05,0.000327204,0.000109187,0.000171197,0.000217163,0.000250188,0.000296732,0.000306841,0.000483838,0.000489489,0.00100608,0.000977822,0.00122817,0.001504554,0.001754255,0.00177596,0.001759813,0.001581943,0.002146195,0.002952872,0.003403328,0.003735489,0.006317106,0.013919618,0.01275128,0.010819437,0.018925484,0.014617112,0.013639662,0.015932672,0.020766124,0.029640429,0.03970325,0.053974438,0.061344523,0.085471503,0.07640478,0.06178521,0.072762422,0.074558064,0.080297194,0.056145381,0.039968807,0.019645136,0.016204346,0.000544806,0.000392402,0.010002279,0.019390894,0.000505617,0.000345739,0.000234661,0.000219015,0.00018941,0.000185193,0.000132457,7.83E-05,5.46E-05,0.009596791,0.012779515,0.008245537
Head 1,326,0.000419556,0.000243488,0.000215444,0.000234039,0.000288729,0.000274103,0.000370823,0.000447679,0.000446539,0.000399843,0.000308712,0.000374238,0.000243804,0.000258765,0.000208138,0.000179635,0.000182251,0.000173383,0.000177005,0.000132854,9.60E-05,0.000131758,0.000153746,0.000179135,0.000317672,0.000414371,0.000275437,0.000120764,8.83E-05,8.07E-05,6.11E-05,8.62E-05,6.93E-05,4.74E-05,2.92E-05,3.11E-05,5.92E-05,0.000102091,0.000165995,0.000485776,0.000539943,0.000833062,0.000988127,0.000763009,0.000524254,0.000531622,0.000202976,0.000156178,0.000155467,0.000118995,0.00021036,0.000236333,0.000138048,0.000106548,9.25E-05,7.20E-05,6.61E-05,5.76E-05,6.85E-05,6.13E-05,4.51E-05,3.50E-05,2.78E-05,3.55E-05,5.07E-05,6.31E-05,7.67E-05,0.000295265,0.000104979,0.000165852,0.000209915,0.000241551,0.000284438,0.000287566,0.000433801,0.000431577,0.000890962,0.000878253,0.001107886,0.001326445,0.001513203,0.001530318,0.001554258,0.001455847,0.002060566,0.002806284,0.003138172,0.003491045,0.006121459,0.014258368,0.013605397,0.01121488,0.018146671,0.012815324,0.011677467,0.014322797,0.020185865,0.030316623,0.041593891,0.05820071,0.067642249,0.093243547,0.077316649,0.055544857,0.060345709,0.063447088,0.076495081,0.060478929,0.04502083,0.02074505,0.015304444,0.000573018,0.000373797,0.008899359,0.019051231,0.00049165,0.000357443,0.000258648,0.000243796,0.000206171,0.000198158,0.000143015,8.47E-05,5.77E-05,0.009791182,0.01328444,0.008322905,0.010579731
Head 1,327,0.000475043,0.000395749,0.000365456,0.000729263,0.000621091,0.000785313,0.000907138,0.000917566,0.000818191,0.00058656,0.000669014,0.000427162,0.000505581,0.000479606,0.00048352,0.000496698,0.000393322,0.000289515,0.000180452,0.000108373,0.000142893,0.000176547,0.000230178,0.00046989,0.000522685,0.000245786,5.60E-05,8.42E-05,2.51E-05,2.29E-05,4.12E-05,3.96E-05,2.92E-05,2.57E-05,2.73E-05,5.59E-05,9.40E-05,0.00014468,0.000240792,0.000347567,0.000587514,0.000732152,0.000590205,0.000436798,0.00045109,0.000325631,0.000265312,0.000265932,0.000200252,0.000339475,0.000396411,0.000239478,0.000180787,0.000153472,0.000118897,0.000106238,8.57E-05,0.000103029,0.000104809,9.61E-05,8.97E-05,7.14E-05,7.71E-05,8.86E-05,9.33E-05,0.000106621,0.000186732,0.000141205,0.000216774,0.000266459,0.000307851,0.000365785,0.000360968,0.00050625,0.000462378,0.000869342,0.00080693,0.00096713,0.00105574,0.001069332,0.000983924,0.000982854,0.000929545,0.001465172,0.00204362,0.002033756,0.001983073,0.003463909,0.009109876,0.010552952,0.009966092,0.018928938,0.011036185,0.008638072,0.009693723,0.013524003,0.020800758,0.031657849,0.054337271,0.077744223,0.121248648,0.10222733,0.064329453,0.056970119,0.052979149,0.064153865,0.058056619,0.049732391,0.022967855,0.016122758,0.001091874,0.000684693,0.007048501,0.017318202,0.000811123,0.000602993,0.000485246,0.000503286,0.000438324,0.000450725,0.000363058,0.000240521,0.000173145,0.006602058,0.009979375,0.011935227,0.014702033,0.000359789
Head 1,328,0.000450044,0.000400234,0.000712572,0.0005975,0.000753576,0.000888279,0.000945209,0.000902561,0.00066811,0.000741762,0.000434788,0.000466754,0.000436332,0.000474187,0.000557792,0.000484058,0.000344567,0.000189632,9.78E-05,0.000113366,0.000142401,0.000207322,0.000484179,0.000552172,0.000204011,5.33E-05,8.02E-05,2.41E-05,2.22E-05,4.21E-05,4.40E-05,3.39E-05,2.43E-05,2.51E-05,5.55E-05,9.89E-05,0.000145577,0.00019791,0.000304868,0.000569541,0.000748575,0.000583907,0.00041417,0.000417076,0.000335039,0.000277068,0.000280415,0.000206225,0.000329621,0.000373486,0.000223156,0.000165798,0.00013874,0.000112254,0.000109934,9.18E-05,0.000102486,9.83E-05,9.16E-05,9.57E-05,8.66E-05,9.39E-05,9.53E-05,8.59E-05,9.05E-05,0.000170292,0.000137069,0.000225087,0.000274431,0.000307347,0.000363858,0.000368376,0.00052648,0.00048323,0.000868654,0.00080777,0.000989368,0.001098624,0.001088929,0.000947716,0.000891207,0.000823873,0.001353791,0.00206062,0.00214536,0.002063135,0.003405308,0.008718749,0.010756289,0.01044662,0.02193867,0.012191572,0.00879726,0.009159459,0.012665945,0.020424534,0.031811278,0.053313065,0.07450147,0.119129725,0.109840155,0.073149547,0.061754178,0.050264578,0.0543992,0.050451107,0.049222849,0.026406812,0.01942754,0.001167315,0.000737406,0.005629352,0.014118885,0.000726172,0.000519674,0.000443586,0.000504745,0.00045925,0.000464697,0.000368296,0.000240349,0.000177972,0.005717292,0.009021345,0.01211409,0.016995475,0.000323245,0.000481623
Head 1,329,0.000459249,0.00074481,0.000601718,0.000743138,0.000865797,0.000933285,0.000944394,0.000755525,0.000893383,0.000507513,0.00049678,0.000423524,0.00044551,0.00056503,0.000567023,0.000443943,0.000241045,0.000112172,0.000107764,0.000120039,0.00017635,0.000472723,0.000593424,0.000195233,4.84E-05,7.13E-05,2.07E-05,1.86E-05,3.69E-05,4.20E-05,3.57E-05,2.50E-05,2.23E-05,4.86E-05,9.35E-05,0.000142204,0.000154396,0.000236689,0.000471598,0.00069087,0.000559458,0.000390211,0.000383711,0.000336445,0.000274276,0.000279421,0.000205807,0.000319242,0.000345591,0.000206152,0.000150018,0.00012033,9.59E-05,0.000101629,9.40E-05,0.000104734,9.34E-05,8.12E-05,8.65E-05,8.83E-05,0.000107281,0.000108382,8.61E-05,7.76E-05,0.00015212,0.000111561,0.000201109,0.000254606,0.000278968,0.000320089,0.000324499,0.000481659,0.000451844,0.000797926,0.000730924,0.000892691,0.00102526,0.001042797,0.0008908,0.000793047,0.000690183,0.001103344,0.001780004,0.002022452,0.002019634,0.00325123,0.007856682,0.009979424,0.009929277,0.023349974,0.013815719,0.009672459,0.009310861,0.012249031,0.020245792,0.033347901,0.056232881,0.074080035,0.112832099,0.107847154,0.07961487,0.071513459,0.055282753,0.052227035,0.043685175,0.043176081,0.026757106,0.022826154,0.001197241,0.000804866,0.005373652,0.011988878,0.00071614,0.00046739,0.000389721,0.000475982,0.000473024,0.000499662,0.000396581,0.000252749,0.000183416,0.005153209,0.007739568,0.010688556,0.017272223,0.000341266,0.000484395,0.000388924
Head 1,330,0.000757488,0.000585108,0.000702147,0.000802145,0.000850534,0.000868276,0.000734169,0.000943879,0.000559416,0.000539699,0.000422267,0.000399754,0.00048278,0.000518675,0.000464272,0.000274972,0.000129044,0.00011079,0.000103704,0.000135509,0.000381665,0.000529668,0.000173011,3.81E-05,5.71E-05,1.57E-05,1.36E-05,2.63E-05,3.09E-05,2.87E-05,2.46E-05,1.91E-05,3.73E-05,7.32E-05,0.000120595,0.000121215,0.000167906,0.000327264,0.000519897,0.000461512,0.00033038,0.000319407,0.000283267,0.000230939,0.000236616,0.000177127,0.000278228,0.000295236,0.00017603,0.000127038,9.87E-05,7.40E-05,7.80E-05,7.84E-05,9.52E-05,8.50E-05,6.91E-05,6.80E-05,7.05E-05,9.65E-05,0.000109366,8.76E-05,7.06E-05,0.000136432,8.07E-05,0.000152133,0.000209765,0.000240934,0.000273976,0.000272072,0.000406071,0.000388851,0.000700137,0.000634249,0.000747562,0.000859789,0.000900086,0.000782242,0.000688836,0.000572405,0.000855397,0.001355015,0.001634057,0.001746111,0.002921783,0.006856402,0.008699472,0.008669239,0.020726347,0.014113977,0.010577541,0.00997507,0.012134776,0.019014558,0.032345314,0.058210842,0.077009968,0.111534752,0.102886066,0.079990692,0.079234369,0.065123349,0.059024923,0.043484613,0.038544413,0.024193989,0.023169495,0.001176479,0.000820082,0.006227517,0.011885084,0.000775943,0.000462813,0.000349184,0.000413209,0.000432134,0.000494471,0.000412349,0.00026664,0.000185612,0.004907949,0.006872615,0.008849251,0.014768752,0.000372683,0.00051259,0.000386792,0.000262049
Head 1,331,0.000598735,0.000691673,0.000771556,0.000800331,0.000800556,0.000687249,0.000925061,0.000594914,0.000610506,0.000474024,0.000416089,0.00045076,0.000462479,0.000441052,0.000290858,0.000150281,0.000131157,0.000109922,0.000122086,0.000319944,0.000449569,0.000151969,2.99E-05,4.99E-05,1.32E-05,1.13E-05,2.08E-05,2.37E-05,2.27E-05,2.56E-05,1.92E-05,3.24E-05,5.82E-05,9.82E-05,0.000107732,0.000135218,0.000241771,0.000382152,0.000368465,0.000285682,0.00028498,0.000248911,0.000205199,0.000208144,0.000156905,0.000249907,0.000267663,0.00016074,0.000117291,9.18E-05,6.58E-05,6.48E-05,6.55E-05,8.73E-05,8.37E-05,6.85E-05,6.23E-05,5.92E-05,8.22E-05,0.000103723,9.16E-05,7.36E-05,0.000137648,6.49E-05,0.000113874,0.000162993,0.00019993,0.000235217,0.000232918,0.000341466,0.000328451,0.000611223,0.000557529,0.000637029,0.000712106,0.000744281,0.000660829,0.000593443,0.000489526,0.000701666,0.001050535,0.001272727,0.001439943,0.002584771,0.006191124,0.007724778,0.007584116,0.016894786,0.012891904,0.010872676,0.010996538,0.01310563,0.018951084,0.030993437,0.057755917,0.079731785,0.11361751,0.099216849,0.075579986,0.078536585,0.071158946,0.068572253,0.048455637,0.038250294,0.021807117,0.020922747,0.001201526,0.000835836,0.007888027,0.01375629,0.000863388,0.00050695,0.0003524,0.000380401,0.00038674,0.000464908,0.000416732,0.000290162,0.000203438,0.0049726,0.006595284,0.007967857,0.012160503,0.000409396,0.000555819,0.00040792,0.000260619,0.000161772
Head 1,332,0.000678649,0.000737937,0.000756744,0.000743407,0.000628058,0.000842616,0.000569833,0.000631132,0.000516962,0.00045416,0.000457299,0.00042561,0.000396231,0.000276274,0.00015836,0.000153451,0.000128914,0.000128142,0.000291909,0.000379751,0.000123731,2.27E-05,4.40E-05,1.09E-05,9.71E-06,1.75E-05,1.90E-05,1.78E-05,2.49E-05,2.05E-05,3.20E-05,5.00E-05,7.89E-05,9.73E-05,0.000116641,0.000192871,0.000283999,0.000279976,0.000233562,0.000245551,0.000221943,0.000191089,0.000195087,0.000146232,0.000230487,0.000250046,0.000148271,0.000108321,8.64E-05,6.11E-05,5.56E-05,5.23E-05,7.27E-05,7.61E-05,6.74E-05,6.10E-05,5.31E-05,6.85E-05,8.92E-05,8.76E-05,7.67E-05,0.000140729,5.89E-05,9.05E-05,0.000124825,0.000158447,0.000197142,0.000199197,0.000286879,0.000272606,0.0005228,0.000492687,0.000569626,0.000624462,0.000637783,0.000566875,0.000515893,0.000428721,0.000615347,0.000878287,0.001021554,0.001177122,0.002277826,0.005968287,0.007624947,0.007516542,0.014043014,0.010676433,0.009826743,0.011113003,0.014036273,0.019556943,0.02973018,0.054604422,0.079919204,0.119743213,0.102627516,0.07315442,0.073436834,0.069256119,0.072831057,0.054274227,0.041264877,0.020917378,0.018326351,0.001228396,0.000823697,0.009083883,0.016303714,0.000871735,0.000529401,0.000360718,0.000357865,0.000332266,0.000391277,0.000368533,0.000282055,0.000214023,0.00495516,0.006626776,0.008210395,0.011115212,0.000432358,0.000586936,0.000423614,0.000258883,0.000142962,0.000117572
Head 1,333,0.000273758,0.000253502,0.000241619,0.00021694,0.000314782,0.000249056,0.000299613,0.000272784,0.000258525,0.000266749,0.000236997,0.000209754,0.000127675,7.43E-05,7.43E-05,6.98E-05,7.13E-05,0.000122644,0.000182646,4.32E-05,1.54E-05,2.45E-05,1.30E-05,1.12E-05,1.96E-05,2.25E-05,2.35E-05,1.87E-05,2.10E-05,3.76E-05,5.81E-05,8.35E-05,0.000178952,0.000153705,0.000213651,0.00025123,0.000208654,0.000162329,0.000178685,0.000105328,0.000107425,0.00012813,0.000102683,0.000155977,0.00016429,8.33E-05,5.33E-05,3.72E-05,2.35E-05,1.92E-05,1.63E-05,2.09E-05,2.23E-05,2.17E-05,2.28E-05,2.28E-05,2.96E-05,3.69E-05,3.56E-05,3.12E-05,0.000142714,2.30E-05,3.16E-05,4.23E-05,5.89E-05,9.00E-05,0.000110947,0.000178522,0.000175438,0.000329609,0.000316296,0.000378151,0.000435259,0.00047858,0.000468999,0.000455552,0.000411625,0.000632817,0.000961721,0.001144443,0.00132383,0.002353953,0.005809668,0.007885386,0.008553223,0.020631189,0.01487029,0.013571971,0.015216489,0.019426702,0.026988592,0.035145465,0.049347769,0.061655011,0.094266981,0.094330139,0.077660993,0.081893921,0.073774084,0.072264642,0.051959418,0.038502637,0.019591751,0.016147472,0.00136841,0.001018806,0.011249159,0.021597901,0.000800957,0.000487499,0.000328718,0.000313227,0.000271915,0.00028826,0.000258591,0.000202481,0.000169586,0.007511511,0.010459214,0.01051785,0.013437672,0.000191065,0.00022992,0.000155133,8.54E-05,4.19E-05,3.22E-05,0.00214871
Head 1,334,0.000830377,0.00078334,0.000662485,0.000900654,0.000648938,0.000764809,0.000700579,0.000686399,0.000718394,0.00059577,0.000460024,0.000281743,0.000170443,0.000200712,0.00022107,0.000252301,0.000423884,0.000462723,0.000127284,1.66E-05,3.95E-05,8.02E-06,8.10E-06,1.63E-05,1.79E-05,1.56E-05,2.12E-05,2.30E-05,4.49E-05,6.62E-05,8.24E-05,9.39E-05,0.000123218,0.000191235,0.000228602,0.000184253,0.000151614,0.00017875,0.000193254,0.000180672,0.000211423,0.000173583,0.000256515,0.000273899,0.000158577,0.000107453,8.06E-05,5.74E-05,5.15E-05,4.22E-05,5.05E-05,5.19E-05,5.14E-05,5.73E-05,5.48E-05,6.29E-05,6.85E-05,6.46E-05,6.65E-05,0.000133884,7.06E-05,8.97E-05,9.57E-05,0.000106559,0.000142165,0.000167272,0.0002646,0.000247527,0.000430484,0.000407989,0.000509933,0.000601393,0.000635236,0.000578223,0.000529814,0.000448744,0.00066709,0.000945256,0.000970861,0.000973817,0.001734736,0.005006093,0.007812224,0.009523497,0.01562625,0.008208058,0.006450598,0.007640743,0.012086355,0.021007305,0.032007534,0.048751634,0.064015195,0.103707232,0.103811428,0.080038041,0.078246593,0.067909233,0.069534615,0.057651624,0.049969513,0.025471194,0.019123074,0.001760399,0.001212497,0.008756973,0.021253327,0.001028549,0.000660692,0.000521332,0.000571399,0.000471135,0.000447378,0.000369091,0.000281825,0.000255831,0.005242468,0.007456275,0.011170592,0.014492725,0.000720367,0.000967033,0.000692492,0.00041723,0.00021266,0.000137002,0.002620241,0.000211945
Head 1,335,0.000836498,0.000666524,0.000876725,0.000623251,0.000732722,0.000690091,0.000711671,0.000805087,0.000719328,0.000555286,0.000312612,0.000171892,0.000186669,0.00020925,0.000264785,0.000453532,0.00051072,0.000138319,1.63E-05,3.51E-05,6.28E-06,6.14E-06,1.32E-05,1.59E-05,1.46E-05,1.86E-05,1.92E-05,4.05E-05,6.72E-05,8.68E-05,8.19E-05,0.000114652,0.000187987,0.000231944,0.000173059,0.000123324,0.000133548,0.000169021,0.000150923,0.000175322,0.000148744,0.000225579,0.000244855,0.00015086,0.00010469,7.73E-05,5.41E-05,4.99E-05,4.25E-05,4.90E-05,4.70E-05,4.40E-05,4.97E-05,5.23E-05,6.58E-05,7.07E-05,6.07E-05,5.74E-05,0.000123329,6.73E-05,9.41E-05,9.75E-05,9.70E-05,0.000115655,0.000133479,0.000227238,0.000229286,0.000406673,0.000378575,0.000459591,0.000540869,0.000580796,0.000536153,0.000491396,0.00041559,0.000607855,0.000887935,0.000945536,0.000926737,0.001521537,0.00394696,0.006026051,0.007750883,0.017972084,0.009602425,0.006704175,0.006752537,0.009754148,0.018146714,0.032744922,0.055200383,0.068733037,0.100092173,0.09554486,0.075608641,0.078120224,0.069791287,0.071102418,0.058288254,0.052196659,0.028859498,0.022583509,0.001733155,0.001278465,0.007466444,0.018328361,0.001125219,0.000685143,0.000524554,0.000617164,0.000552088,0.000535416,0.000416496,0.000287998,0.000239576,0.005327235,0.007819179,0.011871472,0.015862107,0.000846558,0.001103714,0.000778988,0.000469522,0.000251469,0.000165241,0.002985739,0.000211927,0.000168925
Head 1,336,0.000673191,0.000837696,0.000574451,0.000668797,0.000632653,0.000666064,0.00079138,0.000769827,0.000633716,0.000353704,0.000181221,0.000177312,0.000186362,0.000239536,0.000451975,0.000542352,0.000164341,1.88E-05,3.60E-05,5.67E-06,4.97E-06,1.05E-05,1.34E-05,1.34E-05,1.84E-05,1.75E-05,3.65E-05,6.68E-05,9.53E-05,7.83E-05,0.000108596,0.000185199,0.000247402,0.000188091,0.000120827,0.000115328,0.000157253,0.000137472,0.000156689,0.000134353,0.00021377,0.00023856,0.000154396,0.000110918,8.16E-05,5.43E-05,4.86E-05,4.17E-05,4.80E-05,4.41E-05,3.85E-05,4.13E-05,4.51E-05,6.38E-05,7.45E-05,6.28E-05,5.43E-05,0.000118789,5.99E-05,9.32E-05,0.000103363,9.95E-05,0.000106318,0.000112855,0.000193806,0.000205619,0.000390674,0.000363277,0.00042941,0.000495688,0.000537257,0.000505973,0.000474237,0.000406444,0.000583762,0.000861293,0.000965172,0.000964317,0.001549282,0.003658467,0.005131677,0.00645933,0.018449407,0.01142734,0.007873395,0.006939621,0.008436775,0.014646597,0.029243153,0.057985649,0.076206051,0.105195396,0.093496047,0.072125964,0.076255701,0.070914991,0.073290639,0.058214664,0.050914023,0.029171206,0.024335338,0.001553592,0.001178856,0.006820346,0.015459985,0.001215827,0.000699094,0.000489958,0.000564707,0.000538192,0.000562855,0.000441995,0.000289921,0.000217466,0.005025132,0.007828726,0.011872428,0.016277419,0.000894101,0.001147231,0.000800034,0.00046722,0.000248831,0.000169427,0.002799671,0.000191661,0.000141709,0.000184514
Head 1,337,0.000859731,0.000559296,0.000631861,0.000590833,0.000624088,0.000753565,0.000775478,0.000695833,0.000413596,0.000210526,0.000192882,0.00018392,0.000218091,0.0004481,0.000551839,0.000176631,2.25E-05,3.93E-05,5.93E-06,4.54E-06,8.49E-06,1.05E-05,1.12E-05,1.83E-05,1.69E-05,3.31E-05,6.15E-05,9.63E-05,7.61E-05,9.88E-05,0.000168662,0.000240813,0.000201587,0.000129521,0.000111529,0.000146038,0.000128531,0.000142626,0.000119832,0.000194483,0.000223159,0.000150534,0.000114298,8.82E-05,5.82E-05,4.93E-05,4.11E-05,4.77E-05,4.36E-05,3.66E-05,3.65E-05,3.80E-05,5.70E-05,7.42E-05,6.74E-05,5.68E-05,0.000123859,5.31E-05,8.50E-05,0.000104272,0.000106388,0.000108854,0.000105041,0.000167624,0.000177627,0.000362871,0.000349213,0.00041361,0.000465639,0.00049731,0.000471141,0.000453074,0.000398886,0.00057001,0.000827783,0.000958929,0.001003593,0.001669635,0.003802754,0.004830219,0.005604379,0.015970767,0.0121405,0.009424298,0.008213537,0.008571049,0.012374167,0.023533495,0.052562948,0.079513028,0.114097901,0.098117441,0.071659654,0.073261328,0.069535233,0.07465858,0.059493769,0.050510477,0.028512951,0.024762034,0.001449531,0.001078135,0.007312608,0.014786695,0.001378881,0.000795946,0.000519123,0.000544531,0.000515374,0.000578194,0.000484267,0.000326354,0.00023314,0.004607324,0.007661941,0.011986745,0.016820082,0.000953106,0.001238805,0.000877557,0.000501661,0.000256411,0.000177633,0.002411611,0.000198098,0.000138243,0.000165208,0.000222931
Head 1,338,0.00060313,0.000644735,0.000583855,0.0006105,0.000735059,0.000767472,0.000730998,0.000473629,0.00025577,0.00023785,0.000215144,0.000228785,0.000485903,0.00057669,0.000173621,2.57E-05,4.29E-05,7.08E-06,4.96E-06,7.91E-06,8.71E-06,8.95E-06,1.78E-05,1.72E-05,3.19E-05,5.59E-05,8.91E-05,7.42E-05,9.00E-05,0.000148524,0.000213639,0.00019761,0.000141708,0.000121485,0.000138163,0.000124463,0.000137107,0.000112057,0.000175954,0.00020331,0.000140501,0.000111802,9.32E-05,6.52E-05,5.43E-05,4.28E-05,4.87E-05,4.46E-05,3.77E-05,3.62E-05,3.47E-05,5.00E-05,6.88E-05,6.92E-05,6.20E-05,0.000131508,5.10E-05,7.49E-05,9.56E-05,0.000106833,0.00011467,0.000106649,0.000153835,0.000153599,0.000319584,0.000321214,0.000396832,0.000446427,0.000465338,0.000434408,0.000419688,0.000376791,0.000546351,0.000776671,0.000897285,0.000972973,0.001705476,0.004034831,0.004849316,0.005195,0.01251338,0.010782615,0.009972012,0.009911465,0.010208166,0.012459217,0.019775471,0.042741645,0.072700135,0.116358772,0.106431916,0.076724395,0.074065737,0.068267934,0.074455135,0.061435416,0.052363086,0.02854668,0.024665013,0.001493194,0.001063078,0.008793462,0.016639678,0.001518133,0.000942269,0.000619169,0.000594117,0.000516955,0.000577651,0.000510291,0.00037203,0.000279097,0.004209158,0.007190689,0.011826178,0.017346557,0.001008342,0.001361847,0.001012806,0.000588491,0.000290306,0.000194966,0.002075983,0.000227247,0.000156812,0.00017366,0.000216603,0.000197188
Head 1,339,0.000686349,0.000590199,0.000601462,0.000721319,0.000748498,0.000723775,0.000494109,0.000286592,0.000284288,0.000262262,0.000265244,0.000556689,0.00062466,0.000164364,2.60E-05,4.34E-05,8.48E-06,5.86E-06,8.38E-06,8.01E-06,7.37E-06,1.61E-05,1.67E-05,3.18E-05,5.27E-05,8.06E-05,7.22E-05,8.57E-05,0.000136062,0.000185564,0.000176021,0.000143341,0.000134119,0.000131974,0.000118823,0.000132882,0.0001079,0.000161599,0.000184648,0.00012862,0.000104492,9.27E-05,7.12E-05,6.21E-05,4.74E-05,5.11E-05,4.53E-05,3.83E-05,3.69E-05,3.36E-05,4.48E-05,6.00E-05,6.41E-05,6.36E-05,0.000132919,5.35E-05,6.94E-05,8.36E-05,9.72E-05,0.000113726,0.000109983,0.000150872,0.000139475,0.000276618,0.000280214,0.00036505,0.00042333,0.000438274,0.000400991,0.000381174,0.000343426,0.000513193,0.000733804,0.000834491,0.000910589,0.001631746,0.004115575,0.004946279,0.005124184,0.010320921,0.008702165,0.009007907,0.010718479,0.012604316,0.014948144,0.019813374,0.036114365,0.060653467,0.105922118,0.1093897,0.084352091,0.08057899,0.070623316,0.07472156,0.062917337,0.055158146,0.029378256,0.024523363,0.001572369,0.00109407,0.010181501,0.019779723,0.001509149,0.001025544,0.000732998,0.000697303,0.000552898,0.000571376,0.000496598,0.000379323,0.000312432,0.004067795,0.00672088,0.011278678,0.017779283,0.001017284,0.0014356,0.001139476,0.00070008,0.000349821,0.000223297,0.001995804,0.000261776,0.000182532,0.000197462,0.000229128,0.000190687,0.000177047
Head 1,340,0.000637848,0.000615104,0.000726855,0.000752123,0.000725251,0.000501175,0.00030644,0.00032235,0.000315141,0.000326544,0.00065874,0.000722072,0.000169833,2.57E-05,4.39E-05,1.02E-05,7.44E-06,1.06E-05,9.17E-06,7.40E-06,1.56E-05,1.68E-05,3.41E-05,5.65E-05,8.20E-05,7.48E-05,9.17E-05,0.0001439,0.000184265,0.000165988,0.000143806,0.000150688,0.000138761,0.000119218,0.000134259,0.000110449,0.000160162,0.000178109,0.000123802,0.000100205,9.08E-05,7.60E-05,7.37E-05,5.89E-05,6.07E-05,5.05E-05,4.08E-05,3.93E-05,3.55E-05,4.46E-05,5.51E-05,5.75E-05,6.09E-05,0.000129012,6.10E-05,7.44E-05,8.09E-05,9.05E-05,0.000111315,0.000116247,0.000163521,0.000145327,0.000264267,0.00025843,0.000345174,0.00041861,0.000444228,0.00040314,0.000372923,0.000329882,0.00049929,0.000734552,0.000835968,0.000905799,0.001587907,0.004116941,0.005143106,0.005425466,0.01004589,0.007450284,0.007649634,0.01019589,0.014411036,0.019369051,0.024307536,0.036492471,0.052631814,0.08959616,0.100732565,0.087145738,0.089006923,0.076612383,0.076636069,0.06319797,0.056797765,0.0308116,0.025212545,0.00163293,0.001148457,0.010517436,0.022007478,0.001422065,0.001016784,0.000811678,0.000840168,0.000649653,0.000608989,0.000487711,0.000359687,0.000312144,0.00433379,0.006540801,0.010187764,0.017101211,0.000985685,0.001412515,0.001179868,0.000778074,0.000420139,0.000267,0.002204594,0.000292075,0.000202351,0.000224357,0.000253679,0.000195888,0.000162805,0.000217728
Head 1,341,0.000638284,0.000715058,0.000729719,0.000702174,0.000482238,0.0003037,0.000331947,0.000341358,0.000375644,0.000734201,0.000836487,0.000185553,2.33E-05,4.29E-05,1.03E-05,8.02E-06,1.23E-05,1.06E-05,7.83E-06,1.50E-05,1.53E-05,3.22E-05,5.62E-05,8.17E-05,7.03E-05,9.13E-05,0.000145811,0.000182527,0.000152023,0.000126745,0.000142372,0.000143353,0.00011416,0.000125612,0.000105019,0.000154461,0.000167273,0.000114677,9.05E-05,7.92E-05,6.71E-05,7.13E-05,6.39E-05,6.84E-05,5.53E-05,4.16E-05,3.84E-05,3.49E-05,4.37E-05,5.12E-05,4.98E-05,5.22E-05,0.000111842,6.22E-05,7.98E-05,8.10E-05,8.26E-05,9.82E-05,0.000107605,0.000164019,0.000149602,0.00025746,0.000236929,0.000306157,0.000380435,0.000424177,0.000395743,0.000365246,0.00031637,0.000468185,0.00070025,0.000811866,0.000877828,0.001482499,0.003728434,0.004815096,0.00531973,0.010584693,0.006943015,0.006396438,0.008383928,0.013308417,0.02182268,0.031199751,0.044310801,0.053399194,0.079338826,0.085729495,0.079847641,0.092037961,0.084835678,0.0837707,0.06528122,0.057056949,0.031461995,0.025919262,0.001565627,0.001130975,0.009904657,0.02229847,0.001326777,0.000927888,0.000777984,0.000910001,0.000755733,0.000690923,0.000510381,0.000342535,0.000282939,0.00517544,0.007040269,0.009196834,0.015013061,0.000958153,0.001338572,0.001129371,0.000774833,0.000458846,0.000312035,0.002547781,0.000316814,0.00020865,0.000236928,0.000275326,0.000210943,0.000162423,0.000197058,0.000234853
Head 1,342,0.000233414,0.000214839,0.000203085,0.000134828,9.25E-05,0.000116595,0.000142277,0.000170248,0.000297212,0.000418277,5.03E-05,1.28E-05,1.77E-05,7.19E-06,4.79E-06,6.95E-06,6.32E-06,5.01E-06,4.84E-06,6.56E-06,1.71E-05,3.75E-05,6.74E-05,9.07E-05,9.94E-05,0.000175684,0.000242747,0.000214797,0.000170837,0.000181656,8.53E-05,8.02E-05,9.52E-05,7.97E-05,0.000113236,0.000112428,6.37E-05,4.44E-05,3.51E-05,2.78E-05,2.93E-05,2.94E-05,3.68E-05,3.38E-05,2.51E-05,2.07E-05,1.67E-05,1.91E-05,2.06E-05,1.79E-05,1.63E-05,5.65E-05,1.93E-05,3.02E-05,3.76E-05,4.31E-05,5.08E-05,5.13E-05,7.20E-05,6.28E-05,0.000108321,9.89E-05,0.000125408,0.000163427,0.000211236,0.000235228,0.00024655,0.00023125,0.00034768,0.00052142,0.000628106,0.000716709,0.00120045,0.00284257,0.003357382,0.003615334,0.015040507,0.010921345,0.009631111,0.011373855,0.016302435,0.026281368,0.040009823,0.06054331,0.071549296,0.090496585,0.086740792,0.074582264,0.081711225,0.07534676,0.073726788,0.053776499,0.044134904,0.025971564,0.023565974,0.001238128,0.000958298,0.011713512,0.021956105,0.001175359,0.000930691,0.000797109,0.000987632,0.000949047,0.000943062,0.000658845,0.000378911,0.000246636,0.006715647,0.008965703,0.008317702,0.011483045,0.000402949,0.000531546,0.000462407,0.000316179,0.000185008,0.000132272,0.002988603,0.000125489,6.63E-05,6.08E-05,6.33E-05,4.54E-05,3.52E-05,4.16E-05,4.65E-05,0.004854336
Head 1,343,0.000234621,0.000204975,0.000129959,8.57E-05,0.000107553,0.000132095,0.000162065,0.000291348,0.000432737,5.33E-05,1.25E-05,2.02E-05,7.02E-06,4.64E-06,6.86E-06,6.34E-06,4.98E-06,4.65E-06,5.83E-06,1.40E-05,2.98E-05,5.52E-05,7.33E-05,8.00E-05,0.000141793,0.000194406,0.000171404,0.000133015,0.000144814,8.21E-05,7.61E-05,8.59E-05,7.05E-05,0.000104214,0.000106612,5.99E-05,4.13E-05,3.15E-05,2.34E-05,2.33E-05,2.35E-05,3.20E-05,3.25E-05,2.60E-05,2.16E-05,1.71E-05,1.93E-05,2.07E-05,1.75E-05,1.50E-05,4.71E-05,1.55E-05,2.50E-05,3.18E-05,3.66E-05,4.31E-05,4.41E-05,6.42E-05,5.82E-05,0.000102635,8.98E-05,0.000104504,0.000124657,0.000153715,0.000171289,0.000186349,0.000182648,0.00028694,0.000438199,0.000533495,0.000613496,0.001040065,0.002401836,0.002760174,0.002933364,0.014016756,0.010536497,0.008961574,0.009963186,0.013647232,0.022263,0.037044521,0.062934823,0.077647969,0.096250348,0.085194625,0.06843695,0.075049639,0.074604645,0.079751283,0.059572063,0.046292387,0.024941335,0.021301808,0.001157561,0.000863209,0.010464885,0.021045104,0.001069025,0.000808861,0.000665264,0.00083677,0.000857723,0.000958268,0.000734576,0.000445551,0.000282723,0.00748663,0.010206635,0.009311892,0.011229965,0.000419852,0.000534638,0.000456857,0.000309206,0.00018517,0.00014564,0.003096008,0.000172482,9.16E-05,8.06E-05,8.05E-05,5.55E-05,4.17E-05,4.74E-05,4.95E-05,0.004919586,0.006114495
Head 1,344,0.000222317,0.000131195,8.10E-05,0.000100064,0.000125522,0.000157483,0.000286601,0.00042152,5.17E-05,1.31E-05,2.28E-05,7.50E-06,4.85E-06,7.06E-06,6.62E-06,5.21E-06,4.55E-06,5.72E-06,1.29E-05,2.57E-05,4.60E-05,6.31E-05,6.91E-05,0.000124492,0.000167079,0.00014518,0.000109876,0.000118407,7.87E-05,7.55E-05,8.27E-05,6.55E-05,9.57E-05,0.00010076,5.65E-05,3.91E-05,2.99E-05,2.16E-05,2.02E-05,1.91E-05,2.62E-05,2.88E-05,2.59E-05,2.33E-05,1.87E-05,2.03E-05,2.11E-05,1.76E-05,1.50E-05,4.34E-05,1.39E-05,2.19E-05,2.78E-05,3.24E-05,3.88E-05,4.00E-05,5.87E-05,5.46E-05,9.98E-05,8.81E-05,9.88E-05,0.00010872,0.000123164,0.00013099,0.000142645,0.000145086,0.000244276,0.000387483,0.00047546,0.000548866,0.000951402,0.002220436,0.002497935,0.002572427,0.013147119,0.010242718,0.008755064,0.00951084,0.012479535,0.019508362,0.032440785,0.059208095,0.080071762,0.10519512,0.091630392,0.067563675,0.068152256,0.067050509,0.077015035,0.063358061,0.050844733,0.02602022,0.020376526,0.001154828,0.000820325,0.009077714,0.01959504,0.000969129,0.000722961,0.000584119,0.000718818,0.000737201,0.000880585,0.000746306,0.000500568,0.000335447,0.007460995,0.011099724,0.011149413,0.012394209,0.000430297,0.000529469,0.000439707,0.000291567,0.000173227,0.000140111,0.003105839,0.000210542,0.000120459,0.000105882,0.000100356,6.45E-05,4.60E-05,5.10E-05,5.20E-05,0.004905269,0.00582138,0.00730791
Head 1,345,0.000398834,0.000223907,0.000252151,0.000292839,0.000362983,0.000850455,0.001004306,0.000184893,2.78E-05,6.73E-05,1.00E-05,7.54E-06,1.23E-05,1.28E-05,1.08E-05,1.60E-05,1.70E-05,3.19E-05,5.11E-05,7.40E-05,4.43E-05,5.83E-05,0.000106565,0.000151417,0.000138635,0.000105179,0.000100987,0.000145246,0.000127077,0.000122406,8.68E-05,0.000126842,0.000139796,8.79E-05,6.73E-05,5.72E-05,4.42E-05,4.14E-05,3.61E-05,4.71E-05,5.23E-05,5.19E-05,5.13E-05,4.11E-05,4.35E-05,4.46E-05,3.76E-05,3.35E-05,7.03E-05,3.23E-05,5.04E-05,6.43E-05,7.19E-05,7.92E-05,7.44E-05,0.000103642,9.66E-05,0.000189999,0.000180899,0.000218005,0.000234331,0.000234916,0.000215,0.000209803,0.000194405,0.000312628,0.000460966,0.000518287,0.000557972,0.001004583,0.002554476,0.003247957,0.003548096,0.009543617,0.007141707,0.005901719,0.006131177,0.007524899,0.010884056,0.018890632,0.043513454,0.078560971,0.129538298,0.114873141,0.072917506,0.061628029,0.054861438,0.066574998,0.065487884,0.063349545,0.033555716,0.025728252,0.00132698,0.000774342,0.006980592,0.016921105,0.000953125,0.00062267,0.000476061,0.000540537,0.000490244,0.000567721,0.000519085,0.000389482,0.000289798,0.005085679,0.009264249,0.014401825,0.017376324,0.000757694,0.000987244,0.000777289,0.000487836,0.000283421,0.000222172,0.002701955,0.000401086,0.000278919,0.00029063,0.000305443,0.000212591,0.000159663,0.000186556,0.00019268,0.004737793,0.005605825,0.00689714,0.000302313
Head 1,346,0.000268012,0.000271267,0.000302509,0.000382766,0.00096757,0.001169925,0.000189905,3.32E-05,7.18E-05,1.21E-05,8.65E-06,1.33E-05,1.35E-05,1.18E-05,1.68E-05,1.78E-05,3.53E-05,5.80E-05,8.10E-05,4.35E-05,5.41E-05,9.91E-05,0.000142928,0.000133662,0.000108269,0.000106864,0.000140459,0.00012837,0.000132411,9.63E-05,0.000130416,0.000138557,8.83E-05,6.68E-05,5.66E-05,4.57E-05,4.55E-05,3.94E-05,4.65E-05,4.77E-05,4.77E-05,5.27E-05,4.87E-05,5.43E-05,5.38E-05,4.26E-05,3.62E-05,7.53E-05,3.36E-05,4.98E-05,6.20E-05,7.11E-05,8.36E-05,8.22E-05,0.000113076,0.000100391,0.000184531,0.000175566,0.000220888,0.00024804,0.000247982,0.000218158,0.000201059,0.000179902,0.000292621,0.000453801,0.000525148,0.000558745,0.000962239,0.002402804,0.003119281,0.003477828,0.009537118,0.007372533,0.006391244,0.006917351,0.008666816,0.011983114,0.018112283,0.035987962,0.063601904,0.114972882,0.122770533,0.090248242,0.076107465,0.058852259,0.060453545,0.056491472,0.058257803,0.034802947,0.029035604,0.001545776,0.000950747,0.007499188,0.017151767,0.000970531,0.000630843,0.000500831,0.000586737,0.000520465,0.000581182,0.000528607,0.000415336,0.000342738,0.004696363,0.008458053,0.014701109,0.021666011,0.000853455,0.001117174,0.000876776,0.00054933,0.00032708,0.00024905,0.002778598,0.000409186,0.000307317,0.000354412,0.000393987,0.000275256,0.000193915,0.000213003,0.000216701,0.004267025,0.005635014,0.007738084,0.000306977,0.000335938
Head 1,347,0.000301278,0.000307629,0.000379613,0.000999051,0.001308709,0.000220358,3.59E-05,7.14E-05,1.38E-05,9.55E-06,1.41E-05,1.39E-05,1.22E-05,1.85E-05,1.82E-05,3.67E-05,6.35E-05,9.04E-05,4.60E-05,5.24E-05,9.17E-05,0.000131179,0.000122535,0.000103903,0.000109757,0.000140601,0.000127746,0.000139535,0.000107442,0.000142248,0.000146112,9.39E-05,6.92E-05,5.62E-05,4.48E-05,4.70E-05,4.30E-05,4.92E-05,4.64E-05,4.36E-05,4.96E-05,5.17E-05,6.47E-05,6.65E-05,5.09E-05,4.04E-05,7.94E-05,3.44E-05,4.88E-05,5.80E-05,6.57E-05,8.09E-05,8.52E-05,0.000123802,0.000108658,0.000187485,0.000170555,0.000213792,0.000250019,0.00025924,0.000227877,0.000202622,0.000172808,0.000272668,0.000435848,0.000526789,0.000565107,0.000941264,0.00225793,0.00294182,0.003376768,0.009317108,0.007357022,0.006583124,0.007407049,0.009780849,0.013990938,0.020012166,0.034232587,0.053321391,0.094761811,0.112925813,0.099967562,0.096053042,0.072950371,0.06510175,0.052730191,0.051537968,0.032646354,0.029919846,0.001657622,0.001107811,0.008508619,0.018328004,0.000999119,0.000616206,0.000486221,0.000593016,0.000534351,0.000585778,0.000518231,0.000406944,0.000353151,0.004818884,0.007858184,0.012881131,0.021982126,0.000929085,0.001206896,0.000937976,0.000578119,0.000350631,0.000272003,0.002689717,0.000400905,0.000300924,0.00037514,0.000457043,0.000342706,0.000240047,0.000247951,0.000239617,0.003810806,0.005129583,0.007800591,0.000315523,0.000321109,0.00034109
Head 1,348,0.000325185,0.00037253,0.000933907,0.001335878,0.000263875,3.53E-05,7.00E-05,1.46E-05,1.00E-05,1.45E-05,1.37E-05,1.19E-05,2.12E-05,1.91E-05,3.64E-05,6.45E-05,9.69E-05,5.11E-05,5.27E-05,8.49E-05,0.000116796,0.000106582,8.95E-05,9.93E-05,0.000138141,0.00012182,0.000135773,0.000110687,0.000151675,0.000154649,1.00E-04,7.23E-05,5.57E-05,4.14E-05,4.31E-05,4.19E-05,5.03E-05,4.59E-05,3.97E-05,4.24E-05,4.59E-05,6.49E-05,7.46E-05,5.95E-05,4.56E-05,8.44E-05,3.45E-05,4.78E-05,5.47E-05,6.00E-05,7.39E-05,8.15E-05,0.000127925,0.00011667,0.000198492,0.000171674,0.000204393,0.000239341,0.000258393,0.00023441,0.000209671,0.000173926,0.000259652,0.000410377,0.000514599,0.000570606,0.000956953,0.00220965,0.002828508,0.003301304,0.008619973,0.006988261,0.006418717,0.007366864,0.010048303,0.015257832,0.022752535,0.036818475,0.050351221,0.081450045,0.094657026,0.093434177,0.107170291,0.09158583,0.08000847,0.056460809,0.047786351,0.028834803,0.027335392,0.001633576,0.001155109,0.009492838,0.019866491,0.00106925,0.000611043,0.000452475,0.000551413,0.000512758,0.000571311,0.000500065,0.000386034,0.00033275,0.00556425,0.008186554,0.011115511,0.018965151,0.001002868,0.001267864,0.000968325,0.000574967,0.000342006,0.00027906,0.002482971,0.000403251,0.000280204,0.000350755,0.00045865,0.000381133,0.000287886,0.000294001,0.000267839,0.003703348,0.00459284,0.007090201,0.000333131,0.000321388,0.000314259,0.000391387
Head 1,349,0.000415651,0.000891722,0.001288326,0.000317466,3.67E-05,7.51E-05,1.64E-05,1.16E-05,1.65E-05,1.50E-05,1.26E-05,2.73E-05,2.37E-05,4.02E-05,6.73E-05,0.000103207,6.26E-05,6.08E-05,8.86E-05,0.00011283,9.94E-05,8.01E-05,8.97E-05,0.000145901,0.000124794,0.000134811,0.000112874,0.000162019,0.0001694,0.000112973,8.36E-05,6.39E-05,4.46E-05,4.31E-05,4.22E-05,5.45E-05,5.16E-05,4.30E-05,4.17E-05,4.25E-05,6.29E-05,8.14E-05,7.30E-05,5.83E-05,0.000105706,3.94E-05,5.19E-05,5.64E-05,5.87E-05,6.95E-05,7.69E-05,0.000127176,0.000123859,0.000219912,0.000188034,0.000210624,0.000236124,0.000256235,0.000240917,0.000223151,0.000186781,0.000265044,0.000397125,0.000499917,0.000576069,0.000998469,0.002237099,0.002700125,0.003088323,0.007639697,0.006497304,0.006202281,0.007296899,0.010049327,0.015690343,0.025003424,0.041635979,0.053291101,0.076760598,0.078651682,0.076028071,0.097551614,0.099988788,0.098451883,0.06770359,0.050174732,0.026807478,0.023931032,0.001658639,0.001197593,0.010554018,0.022040885,0.001259701,0.000701227,0.000477782,0.000546433,0.000507816,0.000580632,0.00051612,0.000400642,0.000336479,0.006890409,0.009577252,0.011031099,0.016161093,0.001152216,0.001411289,0.001069871,0.000621132,0.000351653,0.000294818,0.002421549,0.000458277,0.000296383,0.000347435,0.000456101,0.000409729,0.000348932,0.00037867,0.000339599,0.00418394,0.004511476,0.006327886,0.000373213,0.000358547,0.000326512,0.000374733,0.00045684
Head 1,350,0.000890564,0.001186425,0.000319428,3.66E-05,7.89E-05,1.74E-05,1.27E-05,1.79E-05,1.59E-05,1.29E-05,3.16E-05,2.97E-05,4.70E-05,7.05E-05,0.000103225,7.20E-05,6.97E-05,9.58E-05,0.000111672,9.36E-05,7.11E-05,7.66E-05,0.000146378,0.000126489,0.000131462,0.000108461,0.000158871,0.000172997,0.000118618,9.13E-05,7.24E-05,4.97E-05,4.37E-05,3.97E-05,5.29E-05,5.37E-05,4.67E-05,4.32E-05,3.97E-05,5.54E-05,7.55E-05,7.66E-05,6.86E-05,0.000130078,4.59E-05,5.65E-05,5.86E-05,5.85E-05,6.63E-05,7.12E-05,0.000117669,0.000119755,0.00022853,0.000202485,0.000222633,0.000236017,0.000246114,0.000232203,0.00022166,0.000191701,0.000271083,0.000385512,0.000468218,0.000546682,0.000994047,0.002286218,0.002639205,0.002927934,0.006635467,0.005723284,0.005634792,0.006866179,0.009529588,0.014752543,0.024328057,0.04358349,0.0581985,0.081095688,0.074004449,0.063178882,0.078993335,0.090834826,0.106841974,0.082244754,0.05957751,0.028145723,0.021946596,0.001718444,0.001192924,0.010639096,0.023623452,0.00141808,0.000815556,0.000530225,0.000553369,0.000483586,0.000547842,0.000497907,0.000399519,0.000337088,0.007768681,0.011416339,0.012862859,0.015660509,0.001255281,0.001513452,0.001152952,0.000663453,0.000350822,0.000282654,0.002455001,0.000507371,0.000320619,0.000346811,0.000426376,0.000381313,0.000353624,0.000429606,0.000409368,0.004980871,0.00491872,0.00603894,0.000388244,0.000382484,0.000344928,0.000368426,0.000414945,0.000474192
Head 1,351,0.001141547,0.000275112,3.61E-05,7.73E-05,1.73E-05,1.30E-05,1.85E-05,1.63E-05,1.27E-05,3.03E-05,3.34E-05,5.53E-05,7.73E-05,0.000102793,7.38E-05,7.59E-05,0.000105854,0.000115498,9.06E-05,6.47E-05,6.56E-05,0.000138039,0.000123482,0.000126285,0.000100284,0.000143569,0.000160355,0.000111381,8.87E-05,7.44E-05,5.37E-05,4.53E-05,3.70E-05,4.65E-05,4.87E-05,4.56E-05,4.40E-05,3.82E-05,4.78E-05,6.15E-05,6.56E-05,6.65E-05,0.000139486,5.16E-05,6.07E-05,5.99E-05,5.75E-05,6.32E-05,6.57E-05,0.000105144,0.000107115,0.000214458,0.000201273,0.00023079,0.000239637,0.000237385,0.000217001,0.000206525,0.000183633,0.000270601,0.00038087,0.000440742,0.000501604,0.000928664,0.002262213,0.002599572,0.002848836,0.006154926,0.005059246,0.004944867,0.006206389,0.00886894,0.01366785,0.022279393,0.041381564,0.059963595,0.088306539,0.079165891,0.060025111,0.066313148,0.074475326,0.097921014,0.089755796,0.072581328,0.033187289,0.022772832,0.001812473,0.00119159,0.009563359,0.023504622,0.001450877,0.000896925,0.00060014,0.000599047,0.000480689,0.000511317,0.000456812,0.000372653,0.000326783,0.007659132,0.012759286,0.016539652,0.018596366,0.001291415,0.001575051,0.001226428,0.000720353,0.000368891,0.000272139,0.002815196,0.000536241,0.000351338,0.000370753,0.000420946,0.000347477,0.000318435,0.00042144,0.000448638,0.005889084,0.005874803,0.006588926,0.000398286,0.000391564,0.000366596,0.000387974,0.000409831,0.000434608,0.000581054
Head 1,352,0.000263118,4.19E-05,8.02E-05,1.91E-05,1.46E-05,2.11E-05,1.91E-05,1.48E-05,2.99E-05,3.74E-05,7.03E-05,9.92E-05,0.000120769,7.64E-05,8.52E-05,0.000127166,0.000137741,0.000102467,6.97E-05,6.63E-05,0.000143302,0.000132836,0.000138071,0.00010714,0.000144502,0.000159472,0.000112561,9.15E-05,8.04E-05,6.33E-05,5.61E-05,4.34E-05,4.87E-05,4.85E-05,4.70E-05,4.95E-05,4.46E-05,5.19E-05,5.95E-05,6.01E-05,6.45E-05,0.00015121,6.34E-05,7.50E-05,7.06E-05,6.42E-05,6.79E-05,6.84E-05,0.000105177,0.000103944,0.000206153,0.000201891,0.000248858,0.000267253,0.000259892,0.000228795,0.000209766,0.000185822,0.000282715,0.000408086,0.000460568,0.000500553,0.000887431,0.002192651,0.002555504,0.002827021,0.006438499,0.004967357,0.004607603,0.005739332,0.008469957,0.013344762,0.021250965,0.038398597,0.057405356,0.089756519,0.086589888,0.064348079,0.063360617,0.062906466,0.080756813,0.083485633,0.080308668,0.040889136,0.027449764,0.002046927,0.001339331,0.00852141,0.021914538,0.001504361,0.00099455,0.000718956,0.000741693,0.000568628,0.000555601,0.000464413,0.000367311,0.000332708,0.007028075,0.012861704,0.020202294,0.024337677,0.001394308,0.001732248,0.001382578,0.000847228,0.000449902,0.000306872,0.003519001,0.000555118,0.000390006,0.000434857,0.000484213,0.000372885,0.000316007,0.000416285,0.00048146,0.006767889,0.007288413,0.008064,0.00045971,0.000423704,0.000402395,0.000438786,0.000456853,0.000454811,0.000565597,0.000684555
Head 1,353,4.46E-05,7.20E-05,1.84E-05,1.31E-05,1.94E-05,1.79E-05,1.40E-05,2.29E-05,3.11E-05,7.13E-05,0.000120908,0.000158695,8.63E-05,9.17E-05,0.000145258,0.000159772,0.000113944,7.17E-05,6.44E-05,0.00012655,0.000121439,0.000132714,0.000102959,0.000137253,0.000146956,9.90E-05,7.78E-05,6.64E-05,5.30E-05,5.08E-05,4.13E-05,4.53E-05,4.26E-05,3.92E-05,4.25E-05,4.11E-05,5.00E-05,5.41E-05,4.95E-05,4.99E-05,0.000105326,5.61E-05,7.38E-05,7.15E-05,6.43E-05,6.68E-05,6.59E-05,0.000101003,9.61E-05,0.00018377,0.000173949,0.000219118,0.000245423,0.000247841,0.000218479,0.000197021,0.00017045,0.000261757,0.000391213,0.000438696,0.000451957,0.000761023,0.001856034,0.002175164,0.002443556,0.007339625,0.005286806,0.00451701,0.005241678,0.007563227,0.012298641,0.020524209,0.037860446,0.056028869,0.087614588,0.089812264,0.071289346,0.070498914,0.064929098,0.075428843,0.074740365,0.075603604,0.042320978,0.030515783,0.001949347,0.001306009,0.007677189,0.020433957,0.001491924,0.000979328,0.000746082,0.000836567,0.000669405,0.000640741,0.000499046,0.000358033,0.00030605,0.006460157,0.012137568,0.019989504,0.027333779,0.001326096,0.00170553,0.00141493,0.000903786,0.000520466,0.000365046,0.004014008,0.000568151,0.000387482,0.000451803,0.000520524,0.000394228,0.000316103,0.000400635,0.000471267,0.0070627,0.007996138,0.009222437,0.000566014,0.000474642,0.000425987,0.000462671,0.000486823,0.000474892,0.000559154,0.000627482,0.000608017
Head 1,354,8.13E-05,2.26E-05,1.52E-05,2.22E-05,2.10E-05,1.72E-05,2.50E-05,3.14E-05,7.46E-05,0.000140809,0.000197396,9.15E-05,9.61E-05,0.00016073,0.000192937,0.000142827,8.78E-05,7.45E-05,0.000140322,0.000133796,0.000147549,0.000115323,0.000151502,0.000157232,0.000106619,8.36E-05,7.03E-05,5.70E-05,5.86E-05,5.14E-05,5.52E-05,4.81E-05,4.08E-05,4.32E-05,4.44E-05,5.78E-05,6.23E-05,5.26E-05,4.86E-05,0.000105491,5.77E-05,8.50E-05,8.79E-05,7.89E-05,7.79E-05,7.37E-05,0.000110599,0.00010366,0.000192887,0.00017914,0.000226625,0.000262789,0.000275588,0.0002451,0.000217642,0.000184159,0.000275766,0.000422399,0.000495698,0.000514538,0.000826867,0.001869073,0.002119255,0.002330869,0.007844964,0.005981741,0.004964612,0.005379169,0.007339852,0.011913603,0.020537652,0.038354732,0.055236254,0.083677769,0.088501841,0.075537011,0.077109441,0.067928292,0.071480252,0.06610968,0.068460077,0.043517392,0.035552662,0.002040218,0.001417509,0.007687889,0.018547563,0.001624001,0.001036716,0.000793681,0.000937063,0.00080431,0.000787497,0.000594183,0.000398206,0.000318566,0.006285894,0.011575374,0.018763306,0.028960191,0.001385193,0.001771873,0.001478227,0.000955902,0.000591639,0.000441314,0.00428042,0.00057753,0.000388063,0.000469851,0.000573378,0.000448702,0.000350452,0.000403459,0.000442794,0.007364248,0.008815096,0.010657823,0.000704407,0.000564664,0.000476084,0.000502045,0.000530023,0.000522533,0.00060177,0.000640208,0.000578103,0.000844436
Head 1,355,2.55E-05,1.62E-05,2.24E-05,2.09E-05,1.76E-05,2.67E-05,3.04E-05,6.89E-05,0.000138813,0.00021826,9.71E-05,9.45E-05,0.000157734,0.0002035,0.000162625,0.000101024,8.23E-05,0.000147789,0.000139238,0.00015193,0.000118479,0.000156787,0.000159253,0.000107313,8.40E-05,6.97E-05,5.52E-05,5.81E-05,5.52E-05,6.32E-05,5.43E-05,4.25E-05,4.11E-05,4.15E-05,5.84E-05,6.81E-05,5.78E-05,4.94E-05,0.000103985,5.26E-05,8.35E-05,9.48E-05,8.92E-05,8.62E-05,7.78E-05,0.000113492,0.000105275,0.000196472,0.000178634,0.000220983,0.000258143,0.000279942,0.000254703,0.00022797,0.000189392,0.000272438,0.00041238,0.000503977,0.000544842,0.000888487,0.001920788,0.002060292,0.002157833,0.007227818,0.006167382,0.005369438,0.005733847,0.007349143,0.011316882,0.019719265,0.038525883,0.055879552,0.081787132,0.084406227,0.074972749,0.081858881,0.075181678,0.076378085,0.064183176,0.061884135,0.040357083,0.036670834,0.001974696,0.001384277,0.008615986,0.018563889,0.001763811,0.001083103,0.000791797,0.000926719,0.000837278,0.000872834,0.000672541,0.000439747,0.000326814,0.006385387,0.011304731,0.016618935,0.027021239,0.001394498,0.001780298,0.001489768,0.000946932,0.000596792,0.000484611,0.003977578,0.000607219,0.00038545,0.000456346,0.000580757,0.000483903,0.00039786,0.000443735,0.000444415,0.007567952,0.00940071,0.011947046,0.000845241,0.000702679,0.000569975,0.000565825,0.000579714,0.000573931,0.000667868,0.000701598,0.000599122,0.000823043,0.000793741
Head 1,356,1.54E-05,1.67E-05,1.35E-05,1.04E-05,8.51E-06,1.24E-05,3.02E-05,6.32E-05,0.000107831,9.52E-05,6.52E-05,0.000100586,0.000117328,9.15E-05,5.37E-05,4.13E-05,3.76E-05,4.55E-05,6.00E-05,5.31E-05,7.43E-05,8.11E-05,5.43E-05,4.39E-05,3.78E-05,3.08E-05,3.16E-05,2.99E-05,3.49E-05,3.22E-05,2.64E-05,2.50E-05,2.55E-05,3.53E-05,4.31E-05,4.09E-05,3.68E-05,6.56E-05,3.86E-05,6.41E-05,8.12E-05,8.57E-05,8.49E-05,7.18E-05,9.19E-05,7.88E-05,0.000139504,0.000118824,0.000134261,0.000142854,0.000149837,0.000140916,0.000133371,0.000121462,0.000183056,0.000282312,0.000351499,0.000398627,0.000632565,0.001293415,0.00127215,0.001179822,0.006796909,0.006516105,0.006273773,0.006833401,0.008139858,0.011309793,0.017967999,0.033517845,0.048306376,0.067995518,0.071346581,0.063969433,0.070884198,0.068786494,0.075643092,0.066173151,0.061000712,0.039884828,0.035464816,0.001706204,0.001349778,0.012990413,0.024472157,0.002129917,0.001601643,0.001243119,0.001378123,0.001333797,0.001512955,0.001253058,0.000859394,0.000627845,0.009780533,0.015880931,0.019965902,0.028489709,0.001591268,0.002093015,0.002012326,0.001504216,0.001013224,0.000840165,0.004914274,0.000939283,0.000554083,0.000523363,0.000535761,0.000377304,0.00029299,0.000315393,0.000308665,0.00874134,0.012445246,0.015606331,0.000525487,0.000429932,0.000333021,0.000277405,0.000232953,0.000194203,0.000203551,0.000206422,0.000225509,0.000293995,0.000270845,0.039751846
Head 1,357,2.07E-05,1.57E-05,1.15E-05,9.71E-06,1.39E-05,3.10E-05,6.09E-05,0.000105311,0.000107115,6.97E-05,0.000104585,0.000120549,9.90E-05,6.26E-05,4.93E-05,4.19E-05,5.09E-05,6.46E-05,5.44E-05,7.33E-05,7.89E-05,5.15E-05,4.20E-05,3.75E-05,3.19E-05,3.34E-05,3.26E-05,4.03E-05,3.88E-05,3.22E-05,2.94E-05,2.78E-05,3.63E-05,4.46E-05,4.42E-05,4.09E-05,6.34E-05,3.95E-05,6.34E-05,8.39E-05,9.74E-05,0.000104699,9.06E-05,0.000110758,9.22E-05,0.000159379,0.000135706,0.000152176,0.000156901,0.000157454,0.00014068,0.000128894,0.000114712,0.0001751,0.000270799,0.000340937,0.000403056,0.000682734,0.001466562,0.001411337,0.001203428,0.00558459,0.005483123,0.005824754,0.007066909,0.008822869,0.011619527,0.016671171,0.029589674,0.043459028,0.06289801,0.066840455,0.059824731,0.066079743,0.065050498,0.072943546,0.064600162,0.058740135,0.037151139,0.032949988,0.001609241,0.00120169,0.013824593,0.025389791,0.001922862,0.001470914,0.001169009,0.001249181,0.001169238,0.001335949,0.001179502,0.000871733,0.000667093,0.008883516,0.014029653,0.017068848,0.02454797,0.001370563,0.001807284,0.001755015,0.001321704,0.000902098,0.000793343,0.004100524,0.001033951,0.000634627,0.000593211,0.000588914,0.000399793,0.000303183,0.000325196,0.000305726,0.007153349,0.01099069,0.014949898,0.0005118,0.000477892,0.000422895,0.000374875,0.000312834,0.000246126,0.000241647,0.000234516,0.000241811,0.000304622,0.000261501,0.03566375,0.062930971
Head 1,358,1.91E-05,1.31E-05,1.06E-05,1.55E-05,3.33E-05,6.01E-05,9.76E-05,0.000117114,7.53E-05,0.000109305,0.000117995,9.45E-05,6.28E-05,5.29E-05,4.40E-05,5.31E-05,6.61E-05,5.36E-05,6.76E-05,6.97E-05,4.37E-05,3.50E-05,3.17E-05,2.84E-05,3.15E-05,3.21E-05,4.12E-05,4.09E-05,3.48E-05,3.18E-05,2.90E-05,3.53E-05,4.14E-05,4.18E-05,4.08E-05,5.76E-05,4.04E-05,6.02E-05,7.54E-05,8.90E-05,0.000103392,9.64E-05,0.000118906,9.83E-05,0.000161999,0.000139256,0.000158526,0.000164692,0.000162243,0.000138916,0.000121113,0.000103142,0.000156808,0.00024285,0.000304202,0.000367675,0.000650321,0.001497321,0.001512671,0.001271288,0.004888743,0.004372691,0.00482023,0.006605724,0.009514046,0.013339221,0.01790031,0.027914213,0.037771218,0.053821266,0.058456574,0.053954579,0.061081566,0.060778145,0.068617143,0.062063996,0.057296481,0.035794843,0.030924506,0.00160877,0.001184415,0.014501361,0.027615696,0.00174571,0.001375125,0.001163154,0.001267261,0.001137199,0.001229075,0.001088703,0.000845993,0.000703708,0.008995198,0.013277728,0.015881535,0.022588262,0.001317554,0.001715739,0.001653351,0.001256887,0.000871071,0.000780748,0.00402744,0.001142271,0.000749828,0.000740575,0.000745859,0.000498837,0.000362826,0.000384913,0.000358536,0.006281488,0.009769494,0.014144844,0.0005022,0.00049686,0.000498256,0.000504112,0.000457886,0.000359026,0.000329587,0.000295735,0.000272473,0.000342496,0.000292113,0.03680544,0.060817506,0.055434782
Head 1,359,1.64E-05,2.12E-05,2.83E-05,6.18E-05,0.000105106,0.000154299,0.000110644,9.77E-05,0.000140992,0.00014875,0.000115208,8.48E-05,8.58E-05,0.000135426,0.000136905,0.000154035,0.000119825,0.000149563,0.000149022,9.00E-05,6.55E-05,5.33E-05,4.30E-05,4.45E-05,4.16E-05,5.35E-05,5.45E-05,4.92E-05,4.82E-05,4.09E-05,4.51E-05,4.74E-05,4.33E-05,4.28E-05,7.88E-05,4.28E-05,5.56E-05,5.90E-05,6.35E-05,7.83E-05,8.39E-05,0.000122342,0.0001047,0.000174936,0.000149257,0.000176855,0.000194399,0.00020078,0.000178733,0.000161951,0.00013683,0.000210517,0.000310863,0.000347781,0.00037171,0.000662142,0.001690369,0.001904701,0.001918372,0.004557382,0.003157803,0.002910465,0.004014227,0.006927388,0.011987284,0.018132368,0.028894676,0.039147712,0.06066988,0.066113226,0.059671905,0.067150325,0.066647276,0.074739024,0.066213474,0.05979301,0.031910464,0.02438206,0.001770623,0.001111484,0.009120511,0.024152363,0.001214262,0.000793385,0.000638941,0.00073484,0.000591408,0.000576256,0.000463784,0.000341363,0.000290172,0.006097343,0.010262053,0.013159801,0.018051298,0.000839338,0.00106976,0.000930821,0.000597971,0.000362886,0.000295347,0.002760915,0.000544219,0.000351114,0.000388373,0.000430824,0.000318097,0.000253567,0.000330709,0.000372593,0.005307,0.007065983,0.010288263,0.000532813,0.000519909,0.000567522,0.000703348,0.000799362,0.000750505,0.000779528,0.00074671,0.000562561,0.000754129,0.000656284,0.036766253,0.065978169,0.057447415,0.00128004
Head 1,360,2.32E-05,3.05E-05,6.89E-05,0.000122118,0.000175419,0.000120582,0.000113571,0.000170003,0.000178532,0.00012677,8.24E-05,7.90E-05,0.000144511,0.00014438,0.000160479,0.000125754,0.000155963,0.000154208,9.35E-05,6.69E-05,5.23E-05,4.09E-05,4.27E-05,4.12E-05,5.30E-05,5.43E-05,4.96E-05,5.05E-05,4.58E-05,5.17E-05,5.15E-05,4.32E-05,4.04E-05,8.07E-05,4.45E-05,6.18E-05,6.33E-05,6.21E-05,7.14E-05,7.73E-05,0.000120967,0.00011164,0.000188735,0.000161225,0.000186387,0.000203591,0.000211771,0.000190321,0.000172048,0.000144901,0.000220385,0.000330272,0.000372731,0.00038933,0.000654721,0.001565295,0.001781964,0.001879501,0.005560041,0.003664176,0.002958253,0.003584983,0.005982256,0.011429895,0.02002701,0.033840317,0.042824008,0.05974742,0.060641311,0.053566854,0.06112022,0.062152851,0.071230076,0.064896725,0.061083399,0.034666397,0.02657236,0.001930006,0.001271167,0.008000815,0.021936372,0.001332457,0.000839561,0.000670405,0.000818741,0.000702402,0.000689379,0.000535784,0.000372739,0.000302197,0.006724799,0.011542482,0.014876229,0.019350324,0.000930196,0.001126357,0.000940757,0.000597471,0.0003756,0.000313779,0.003380768,0.000555689,0.000366692,0.000427548,0.000498003,0.000380218,0.000297239,0.000361072,0.000397089,0.006408204,0.007634748,0.010098004,0.000611281,0.000538466,0.000544638,0.000674654,0.000829894,0.00087282,0.000975128,0.000942495,0.0006589,0.000828104,0.000709898,0.033990469,0.066933893,0.063386008,0.001310181,0.001358551
Head 1,361,2.78E-05,6.34E-05,0.000120643,0.000181862,0.000115497,0.000110937,0.000175468,0.00019611,0.000137678,8.04E-05,6.97E-05,0.000142818,0.000144006,0.000159216,0.000124674,0.000155885,0.000154584,9.47E-05,6.74E-05,5.09E-05,3.78E-05,3.88E-05,3.81E-05,4.96E-05,5.08E-05,4.63E-05,4.82E-05,4.68E-05,5.69E-05,5.72E-05,4.47E-05,3.78E-05,7.64E-05,3.99E-05,6.10E-05,6.51E-05,6.16E-05,6.58E-05,6.85E-05,0.000110792,0.000108093,0.000191473,0.00016452,0.000186158,0.000199815,0.000206911,0.000185818,0.000167789,0.000140747,0.000213312,0.000327147,0.000382008,0.000398895,0.000655738,0.001475899,0.001626105,0.001722993,0.006006401,0.004221295,0.003185606,0.003368038,0.004997656,0.00949057,0.018602272,0.035757512,0.046650335,0.062247466,0.059612971,0.050859772,0.057618529,0.058851883,0.067675918,0.061593838,0.059269235,0.035806432,0.029034495,0.001842132,0.001261022,0.007233229,0.019046592,0.00135893,0.000809647,0.000610031,0.000757221,0.000695939,0.00072974,0.000576089,0.000389712,0.000296966,0.006733208,0.012275179,0.016838789,0.022035461,0.001002344,0.001176189,0.000937974,0.000568085,0.000355292,0.000306588,0.003603692,0.000522755,0.000345222,0.000415418,0.000512035,0.000410347,0.000325285,0.000373026,0.00038696,0.007807992,0.008850488,0.010955027,0.000694463,0.000580118,0.00054013,0.000633621,0.000793833,0.000911454,0.00112912,0.001174887,0.000801561,0.000959832,0.000785252,0.031383082,0.066182293,0.070261508,0.001372997,0.001368383,0.001403406
Head 1,362,6.39E-05,0.000123727,0.000197716,0.000124374,0.000113855,0.00018269,0.000218403,0.000163784,9.31E-05,7.27E-05,0.00014945,0.000156859,0.000173356,0.000134538,0.000165494,0.000164292,0.000102757,7.44E-05,5.63E-05,4.05E-05,3.97E-05,3.85E-05,5.10E-05,5.30E-05,4.89E-05,5.08E-05,5.08E-05,6.60E-05,7.06E-05,5.55E-05,4.36E-05,8.62E-05,3.89E-05,6.15E-05,7.07E-05,6.91E-05,7.10E-05,6.94E-05,0.00010817,0.000107835,0.000201086,0.000179311,0.000202493,0.000213503,0.000217869,0.00019491,0.000176536,0.000148383,0.000221788,0.000338152,0.000406449,0.000435488,0.000725299,0.001566279,0.001631507,0.00166208,0.005956396,0.004868632,0.003867412,0.003847943,0.004944559,0.0082484,0.016004898,0.034124516,0.049297117,0.067032672,0.062357433,0.050890971,0.055395029,0.055963326,0.064423814,0.05852503,0.056276176,0.035358578,0.030642729,0.001884269,0.001315412,0.007637107,0.017965855,0.001557268,0.000906692,0.000638264,0.000749648,0.000703506,0.000793139,0.000668324,0.000469419,0.000349656,0.006490453,0.012579242,0.018673675,0.025010344,0.001179919,0.001363196,0.001053224,0.000604374,0.000361344,0.000317201,0.003479169,0.000545205,0.000361213,0.000431372,0.000547244,0.000462528,0.000391031,0.000446991,0.0004374,0.009147874,0.010597073,0.012696092,0.000818526,0.000699638,0.000627384,0.0006793,0.000802891,0.000934874,0.00125485,0.001455071,0.001074332,0.001266712,0.000980892,0.030153852,0.061475322,0.068656474,0.001591193,0.001519688,0.001480814,0.001343222
Head 1,363,0.000122057,0.000201864,0.000138344,0.000116181,0.000181564,0.000222033,0.000179383,0.000106041,7.87E-05,0.000150068,0.000166648,0.000188378,0.000145257,0.000173768,0.00017249,0.000108676,8.00E-05,6.19E-05,4.42E-05,4.14E-05,3.82E-05,5.01E-05,5.23E-05,4.88E-05,5.06E-05,5.09E-05,6.88E-05,7.94E-05,6.68E-05,5.22E-05,9.70E-05,3.88E-05,5.85E-05,7.05E-05,7.35E-05,7.73E-05,7.29E-05,0.000107366,0.000105197,0.000203512,0.00018985,0.000220671,0.000232222,0.000232612,0.000204762,0.000184441,0.000154977,0.000231316,0.000349304,0.000425417,0.00046996,0.00081894,0.001803482,0.001801,0.001732612,0.005335608,0.004927378,0.00443354,0.004628651,0.005547623,0.007958789,0.013717705,0.029377023,0.046855729,0.069169059,0.066507317,0.053465307,0.055861454,0.054767262,0.062337235,0.056526355,0.053841047,0.033782832,0.030318419,0.001933757,0.001349275,0.008757671,0.018781405,0.001740225,0.001025205,0.000694851,0.000747786,0.000670644,0.000773197,0.000694358,0.000524619,0.000407996,0.005999692,0.012163774,0.019276658,0.02725802,0.001294816,0.001511039,0.001156043,0.000633741,0.000352079,0.000301717,0.003034706,0.000544484,0.00036323,0.0004271,0.00054181,0.000470057,0.000425107,0.00051233,0.000495629,0.009578649,0.012082612,0.014861559,0.000859432,0.000779206,0.000716311,0.000742019,0.000806839,0.000885165,0.001199368,0.00150821,0.001265118,0.001581537,0.001216868,0.032145172,0.059964795,0.064243622,0.001797302,0.001676218,0.001550041,0.001346653,0.001778808
Head 1,364,0.000196795,0.000159094,0.000124865,0.000184266,0.000216768,0.000182029,0.000117462,8.97E-05,0.00014789,0.00017127,0.000201444,0.000157216,0.000179509,0.000176254,0.000112087,8.36E-05,6.70E-05,4.97E-05,4.62E-05,4.07E-05,5.14E-05,5.28E-05,4.98E-05,5.23E-05,5.22E-05,7.00E-05,8.42E-05,7.71E-05,6.42E-05,0.000111738,4.35E-05,5.79E-05,6.73E-05,7.31E-05,8.16E-05,7.81E-05,0.000109872,0.000103084,0.000196715,0.000189637,0.000231178,0.000249289,0.000248361,0.000215636,0.000191719,0.000160297,0.000239369,0.000356717,0.00043033,0.000482911,0.000871037,0.002013724,0.001990851,0.00185089,0.004603398,0.004396573,0.004494375,0.005355741,0.006749227,0.008903674,0.012977561,0.024616219,0.039889209,0.063602,0.06634146,0.055471905,0.057287499,0.054230738,0.06001886,0.054257832,0.051543523,0.031820904,0.028564382,0.002016032,0.001426012,0.010397194,0.021414213,0.001870718,0.001168529,0.000810475,0.000824138,0.000680081,0.000749065,0.000684494,0.000554598,0.000473322,0.005758184,0.011531335,0.019127019,0.028754482,0.001437928,0.001723463,0.001346219,0.000734358,0.000385866,0.000310036,0.002763114,0.000564162,0.000381572,0.000445308,0.000554024,0.000478491,0.000447443,0.000581483,0.000588398,0.009169771,0.012732168,0.01686069,0.000866986,0.000831416,0.00082087,0.000873148,0.000909343,0.000915852,0.001166769,0.001486498,0.001369014,0.001912806,0.001569884,0.038997516,0.065692283,0.062883869,0.002081782,0.001943837,0.001746955,0.001428313,0.001810402,0.001920348
Head 1,365,0.000192345,0.000147618,0.000205908,0.000223774,0.000182274,0.000125326,0.000103361,0.000150785,0.000175585,0.000215401,0.000173933,0.000191884,0.0001848,0.000117922,8.78E-05,7.16E-05,5.59E-05,5.41E-05,4.71E-05,5.68E-05,5.58E-05,5.15E-05,5.48E-05,5.51E-05,7.24E-05,8.63E-05,8.31E-05,7.54E-05,0.000123759,5.38E-05,6.38E-05,6.69E-05,7.08E-05,8.28E-05,8.36E-05,0.000117814,0.000106807,0.000192846,0.000186018,0.000236097,0.000266828,0.000272724,0.0002379,0.000208989,0.000172939,0.000256573,0.000380541,0.000451324,0.000503379,0.000905651,0.002174127,0.002200222,0.002059156,0.004358214,0.003838847,0.004118991,0.005555165,0.007984609,0.010979639,0.014384297,0.022673991,0.033202037,0.053486619,0.06020955,0.054736707,0.059038773,0.055049766,0.058373831,0.051538803,0.048778147,0.029895602,0.02636705,0.002076774,0.001524227,0.01151615,0.024362922,0.001937083,0.001289295,0.000960586,0.000991032,0.00077174,0.000776705,0.000675458,0.000551571,0.00051033,0.005949474,0.011131983,0.017917806,0.028225034,0.001562214,0.001915072,0.00154796,0.000870981,0.000454655,0.000344337,0.002803889,0.000590888,0.00039815,0.000471318,0.000579966,0.000493288,0.000457096,0.000621057,0.000672769,0.008433516,0.012264916,0.017472662,0.000883533,0.000840219,0.000874645,0.001002192,0.001073329,0.001030212,0.001194643,0.001421865,0.001313886,0.002034924,0.00189714,0.047591314,0.07638523,0.065445602,0.002394821,0.00222762,0.002036968,0.001613225,0.001908612,0.001940239,0.00242246
Head 1,366,0.000169288,0.000229959,0.000233192,0.00017485,0.000118376,0.000104112,0.000150898,0.000168886,0.000210482,0.000177238,0.000195587,0.000185532,0.000119232,8.79E-05,7.08E-05,5.65E-05,5.78E-05,5.26E-05,6.26E-05,5.88E-05,5.16E-05,5.38E-05,5.48E-05,7.19E-05,8.38E-05,8.08E-05,7.72E-05,0.000124314,6.40E-05,7.32E-05,6.85E-05,6.61E-05,7.60E-05,8.04E-05,0.000119603,0.000109263,0.000186851,0.000174111,0.000220227,0.000257483,0.000274794,0.000246435,0.000217307,0.000178693,0.000260394,0.000386719,0.000456212,0.000502376,0.000874234,0.002079228,0.002153238,0.002086608,0.004363004,0.003410439,0.003470971,0.004862467,0.007928106,0.01258557,0.017160127,0.0240239,0.029786421,0.043799125,0.049167987,0.048164465,0.057141706,0.055932984,0.058617588,0.049874809,0.046164129,0.028199093,0.024363011,0.001997696,0.00154437,0.011124067,0.025109474,0.001914791,0.001311563,0.001037518,0.0011518,0.000907958,0.000856965,0.000687178,0.000528846,0.00049243,0.006644189,0.011382002,0.016584562,0.025767194,0.001669064,0.002039133,0.001689129,0.000990922,0.000538263,0.000402652,0.003120846,0.000620609,0.000403677,0.000484852,0.000602506,0.000512394,0.000462485,0.00062262,0.000701564,0.008318357,0.011531825,0.016711552,0.000952969,0.000851076,0.000872377,0.001058028,0.001226729,0.0012141,0.001336582,0.001443281,0.001200761,0.001895593,0.001972947,0.055367462,0.091839634,0.07597281,0.002740719,0.002459161,0.002311136,0.001856176,0.002114982,0.002025778,0.002453901,0.00285793
Head 1,367,0.000245948,0.000246287,0.000171196,0.000105393,9.13E-05,0.000145938,0.000156436,0.000191693,0.000164943,0.000188127,0.000178319,0.000115513,8.45E-05,6.63E-05,5.19E-05,5.43E-05,5.26E-05,6.48E-05,6.05E-05,5.03E-05,5.00E-05,5.05E-05,6.74E-05,7.84E-05,7.43E-05,7.15E-05,0.000118308,6.85E-05,8.34E-05,7.45E-05,6.47E-05,6.79E-05,7.07E-05,0.000110958,0.000105808,0.000180929,0.000163011,0.000198969,0.000232903,0.000256978,0.000238372,0.000214291,0.000176117,0.000250188,0.000369275,0.000438208,0.000480999,0.000820034,0.001889393,0.001953965,0.001945462,0.004412723,0.003212542,0.002945268,0.003884982,0.006576456,0.012041131,0.019281667,0.02815944,0.031426437,0.040535025,0.041041423,0.039685979,0.050643194,0.05424124,0.059664059,0.049975317,0.04494749,0.027189367,0.023154484,0.001763736,0.001402564,0.009642061,0.022885153,0.001814598,0.001223665,0.000967261,0.001144771,0.000959404,0.000906596,0.00068623,0.000485263,0.000420129,0.007367399,0.012188169,0.015912822,0.022825044,0.001689288,0.002014735,0.001663312,0.00098633,0.000552787,0.000423989,0.003362646,0.000604106,0.000370137,0.000440366,0.00055783,0.000485639,0.000439335,0.000574824,0.000642641,0.009000173,0.011281891,0.015407675,0.001018775,0.000848713,0.000805652,0.00096135,0.001183094,0.001269854,0.001441938,0.001489367,0.00109749,0.001608396,0.001712818,0.058124661,0.105182655,0.091466703,0.003057925,0.002580983,0.002400568,0.00196792,0.002265266,0.002098074,0.002399148,0.002727363,0.002728324
Head 1,368,0.000268732,0.000184447,0.000103285,8.25E-05,0.000143397,0.000151092,0.000177053,0.000150169,0.000177489,0.000170849,0.000111914,8.29E-05,6.48E-05,4.92E-05,5.03E-05,5.02E-05,6.57E-05,6.44E-05,5.34E-05,5.02E-05,4.84E-05,6.44E-05,7.57E-05,7.13E-05,6.75E-05,0.000114796,6.84E-05,9.20E-05,8.50E-05,7.01E-05,6.58E-05,6.33E-05,9.88E-05,9.80E-05,0.000175072,0.000157363,0.000184753,0.000209562,0.000231995,0.000221554,0.000206623,0.000174036,0.000243946,0.000352384,0.000419055,0.000463374,0.000788837,0.001744683,0.001745115,0.001723486,0.004377776,0.00326994,0.002788193,0.003328179,0.005258519,0.00994421,0.018523056,0.031713657,0.036481149,0.043347798,0.038211238,0.033166934,0.04156268,0.047822252,0.057773553,0.05034687,0.044946693,0.02682882,0.02256096,0.001554636,0.001224085,0.008410085,0.020026824,0.001777405,0.001190998,0.000908772,0.001089555,0.000974934,0.000981076,0.000748084,0.000505774,0.000396626,0.007931477,0.013605922,0.017314326,0.021998476,0.001765956,0.002059332,0.001684455,0.00099549,0.000562946,0.000447777,0.003623207,0.000634598,0.000372247,0.000421261,0.000527352,0.000464555,0.000432762,0.000560615,0.000609117,0.010697034,0.012364341,0.015167383,0.001128522,0.000928775,0.000823279,0.000909095,0.001103585,0.001256974,0.001551647,0.001665105,0.001159107,0.001515505,0.001498023,0.056830388,0.110238276,0.104157865,0.003623397,0.002945984,0.002605336,0.002104389,0.002485633,0.002323767,0.002550005,0.002754966,0.002672908,0.002507929
Head 1,369,0.000178982,9.81E-05,7.24E-05,0.00011397,0.000121098,0.000137906,0.000112105,0.000135908,0.000133114,8.71E-05,6.58E-05,5.30E-05,4.01E-05,3.96E-05,3.86E-05,5.21E-05,5.33E-05,4.54E-05,4.17E-05,3.84E-05,5.14E-05,6.38E-05,6.39E-05,6.23E-05,0.000104491,6.39E-05,9.13E-05,9.24E-05,7.90E-05,7.02E-05,6.09E-05,8.76E-05,8.39E-05,0.000156976,0.000141719,0.000164954,0.000181036,0.000194614,0.000183877,0.000173038,0.000147312,0.000209031,0.000299213,0.000359635,0.000408573,0.000724027,0.001601391,0.001473383,0.001370569,0.003543105,0.003028726,0.002712527,0.003240384,0.004827784,0.008455148,0.01583395,0.030304929,0.039473113,0.049238402,0.041727982,0.032983486,0.038223721,0.043659054,0.055417202,0.050216399,0.044962678,0.026081627,0.021702014,0.001207115,0.000899405,0.007756618,0.017542232,0.001368137,0.000931888,0.000675304,0.000769576,0.000688569,0.00073682,0.000589432,0.000410226,0.000311753,0.007689824,0.014062819,0.018948294,0.02315896,0.001488052,0.001771991,0.001471437,0.000873072,0.000482656,0.000378434,0.003662285,0.000547726,0.000323788,0.000347403,0.000423828,0.000370513,0.000357511,0.000479504,0.000513636,0.012138528,0.014536775,0.017141597,0.000980819,0.000846096,0.000728142,0.000721578,0.000783514,0.000837481,0.001052829,0.001187675,0.000870841,0.001088969,0.000981365,0.057128303,0.113231614,0.114279896,0.003055448,0.002617377,0.002248179,0.001778667,0.002153885,0.002107259,0.002326089,0.002408612,0.002194404,0.00198679,0.001293037
Head 1,370,0.000116708,8.28E-05,0.000113911,0.000128696,0.000147874,0.000117209,0.000138545,0.000136295,8.80E-05,6.70E-05,5.57E-05,4.35E-05,4.22E-05,3.92E-05,5.22E-05,5.59E-05,5.12E-05,4.86E-05,4.31E-05,5.32E-05,6.33E-05,6.38E-05,6.42E-05,0.000109578,6.81E-05,9.87E-05,0.000106821,9.77E-05,8.78E-05,7.24E-05,9.46E-05,8.60E-05,0.000159639,0.000147967,0.000175772,0.0001902,0.00019852,0.000185063,0.000175777,0.000153699,0.000224554,0.000317811,0.000370654,0.000415902,0.00074515,0.001694978,0.001562389,0.001415312,0.003538355,0.003086541,0.002822904,0.003385689,0.0048545,0.007854386,0.013893324,0.027840072,0.041141324,0.056461312,0.049110509,0.035838645,0.036503125,0.038515151,0.049486741,0.048449639,0.046304151,0.027170012,0.02214092,0.001248458,0.000878389,0.007638279,0.017136613,0.001341729,0.000958305,0.000712778,0.000788128,0.000686781,0.000741788,0.000615377,0.00044521,0.000343316,0.007122515,0.014137773,0.021331945,0.0257126,0.001482083,0.001797972,0.001520698,0.000912297,0.000498423,0.000378727,0.003696182,0.000573586,0.000349823,0.000362439,0.000415069,0.000342511,0.000327791,0.000460005,0.000514278,0.012709915,0.016649166,0.019665089,0.001003078,0.000912992,0.000835511,0.000819012,0.000834734,0.00083487,0.001032488,0.00120708,0.000943011,0.001177612,0.000992262,0.05350861,0.106689967,0.107931398,0.003188122,0.002975973,0.002597285,0.001958312,0.002259547,0.00221302,0.002516182,0.002621794,0.00231598,0.001973937,0.001261338,0.001734286
Head 1,371,9.27E-05,0.000107243,0.000127112,0.000152651,0.000121012,0.000136971,0.000133178,8.49E-05,6.40E-05,5.38E-05,4.43E-05,4.46E-05,4.03E-05,5.07E-05,5.39E-05,5.23E-05,5.40E-05,4.95E-05,5.81E-05,6.37E-05,6.11E-05,6.13E-05,0.000105166,6.79E-05,9.76E-05,0.00010911,0.000107077,0.000102701,8.55E-05,0.00010485,8.87E-05,0.000155139,0.000143491,0.000176009,0.000193238,0.000198296,0.000180228,0.000168543,0.000148581,0.000226421,0.000328614,0.000375872,0.000408106,0.000711003,0.001645044,0.001558241,0.001418758,0.003479268,0.002994206,0.002766552,0.003399449,0.004931173,0.007623498,0.012178317,0.023021301,0.036044013,0.055189665,0.054302134,0.040918365,0.03845216,0.035738617,0.042431362,0.042584032,0.044236943,0.027742228,0.023207769,0.001300556,0.000902538,0.0076062,0.017057639,0.001240308,0.000923654,0.000733307,0.000828819,0.000705475,0.000746289,0.000622589,0.000464393,0.000376189,0.006307444,0.013046569,0.022666661,0.030163599,0.001443458,0.001806673,0.001573186,0.000972586,0.000547095,0.000402813,0.003825431,0.000592131,0.000380409,0.000401254,0.000442814,0.000340438,0.000303257,0.000424042,0.000493534,0.011971191,0.017931033,0.023188619,0.000993943,0.000923909,0.000912345,0.000944979,0.000960204,0.00090375,0.001051976,0.001219047,0.000976715,0.001308353,0.001104671,0.053288329,0.10896498,0.110550441,0.002975342,0.003108013,0.002991906,0.002288396,0.002490851,0.002329452,0.00266489,0.002858988,0.002557297,0.002112216,0.001322885,0.001713042,0.001898345
Head 1,372,0.000102486,0.000121961,0.000154215,0.000126597,0.000140251,0.000133634,8.47E-05,6.23E-05,5.15E-05,4.36E-05,4.71E-05,4.40E-05,5.29E-05,5.32E-05,5.11E-05,5.61E-05,5.62E-05,6.75E-05,7.02E-05,6.23E-05,5.96E-05,0.000100147,6.86E-05,9.88E-05,0.000110539,0.000112424,0.000115,0.000101068,0.000123995,0.000100149,0.000160368,0.000141879,0.000174516,0.000196736,0.000204329,0.000183234,0.000167143,0.000145037,0.000224612,0.000340027,0.000394208,0.00041815,0.000692066,0.001564642,0.001523259,0.001423017,0.003607748,0.003021816,0.002755995,0.003428772,0.005185322,0.008222139,0.012365118,0.020831766,0.030682081,0.04855407,0.054157011,0.046312638,0.045075059,0.03862799,0.040381677,0.037767202,0.040110093,0.027183151,0.0243547,0.001332865,0.00096116,0.007761769,0.017151201,0.001147432,0.000850275,0.000711768,0.000858775,0.000745661,0.000774239,0.000629172,0.00046476,0.000388688,0.005954687,0.01180681,0.021220736,0.03251439,0.001407546,0.001793573,0.001594642,0.001014963,0.000606263,0.000451376,0.003951139,0.000597142,0.000392055,0.000433827,0.000486278,0.000363637,0.000298491,0.000391231,0.000452185,0.010557588,0.017283116,0.025278453,0.000999431,0.000905511,0.000920744,0.001025095,0.001106858,0.001038185,0.001136553,0.001244279,0.000949967,0.001361082,0.00122621,0.052459881,0.110393606,0.114164196,0.002642746,0.002910131,0.003193795,0.002704422,0.002943361,0.002612127,0.002863938,0.003076289,0.002832641,0.002378058,0.001486106,0.00183256,0.001906201,0.001908476
Head 1,373,5.06E-05,6.79E-05,5.50E-05,5.45E-05,4.60E-05,2.49E-05,1.63E-05,1.25E-05,1.07E-05,1.27E-05,1.44E-05,1.91E-05,2.08E-05,1.99E-05,2.10E-05,2.18E-05,2.60E-05,2.64E-05,2.35E-05,2.33E-05,2.86E-05,4.20E-05,8.76E-05,0.000131118,0.000160069,0.000168804,0.000145066,0.000159413,0.000132337,0.000189312,0.000175676,0.000207172,0.000238958,0.000258773,0.000239174,0.000215876,0.0001842,0.000260781,0.000381868,0.000444779,0.000489829,0.000805108,0.001796271,0.001848299,0.001560782,0.005104341,0.003686488,0.00294332,0.003146509,0.004375552,0.007338669,0.012161378,0.021337014,0.029405341,0.04007937,0.039967112,0.031617321,0.029129125,0.023807999,0.02407524,0.022613527,0.024709433,0.019669952,0.019694975,0.000680609,0.00051381,0.007436958,0.014250697,0.000657406,0.000546225,0.000511211,0.000693117,0.000749326,0.000860232,0.000740957,0.000546966,0.000448233,0.011987691,0.019769402,0.029970702,0.040716354,0.001424562,0.001824891,0.001800784,0.001451097,0.001149396,0.001044207,0.01067641,0.001278175,0.000955028,0.001074043,0.001240901,0.000948743,0.000727598,0.000794812,0.000823058,0.017304728,0.025586393,0.034535177,0.001836986,0.001781302,0.00181882,0.001976208,0.002166012,0.002057544,0.002134136,0.001978015,0.001301644,0.001342183,0.000984744,0.042168975,0.087479234,0.102853261,0.001610747,0.00162777,0.001904569,0.001705073,0.001791764,0.001463408,0.001353262,0.001266791,0.001076354,0.000899751,0.000504142,0.000572446,0.000547146,0.00050504,0.119790912
Head 1,374,6.06E-05,5.11E-05,5.28E-05,4.46E-05,2.36E-05,1.48E-05,1.06E-05,8.40E-06,9.68E-06,1.15E-05,1.64E-05,1.85E-05,1.79E-05,1.89E-05,2.06E-05,2.67E-05,2.88E-05,2.48E-05,2.16E-05,2.36E-05,2.99E-05,6.29E-05,0.00010112,0.000134802,0.000152902,0.000137715,0.000155986,0.000129487,0.000179548,0.000157213,0.000174472,0.00019666,0.000215394,0.000203096,0.000186483,0.000158055,0.00021926,0.000319096,0.000378362,0.000420421,0.000688702,0.001479501,0.001548208,0.00135236,0.004524014,0.003524228,0.00288112,0.002982137,0.003910535,0.006294521,0.010321076,0.018224558,0.025055042,0.034376923,0.035107106,0.029906552,0.030080264,0.025369724,0.024150088,0.019814683,0.019277165,0.014998806,0.016322754,0.00056642,0.00044085,0.007668622,0.013724612,0.000540196,0.000410945,0.00035809,0.000481043,0.000546382,0.000685726,0.000628201,0.000481794,0.000389664,0.011215044,0.017387504,0.025411731,0.035646021,0.00122939,0.001574883,0.001523512,0.001176743,0.000920663,0.000901077,0.008592448,0.001156155,0.000844503,0.000946159,0.001143676,0.000937498,0.000751395,0.000800399,0.000761084,0.014413729,0.021057172,0.030607399,0.001587324,0.0015896,0.001601505,0.001732932,0.001983639,0.002031415,0.002290643,0.002273341,0.001468523,0.001502161,0.001057349,0.039038375,0.073905438,0.085191853,0.001380636,0.001301141,0.001540696,0.001550465,0.001919413,0.001762439,0.001654102,0.001461052,0.001160144,0.000940855,0.000552195,0.000645481,0.000616523,0.00053415,0.12081106,0.102586344
Head 1,375,4.28E-05,4.64E-05,4.07E-05,2.13E-05,1.32E-05,9.12E-06,6.64E-06,7.00E-06,8.00E-06,1.20E-05,1.44E-05,1.46E-05,1.55E-05,1.70E-05,2.30E-05,2.68E-05,2.45E-05,2.09E-05,2.03E-05,2.19E-05,4.21E-05,6.79E-05,9.78E-05,0.000122788,0.000119312,0.00014116,0.000119695,0.000166331,0.000141301,0.000148465,0.000158795,0.000169566,0.000160983,0.000152254,0.000131983,0.000184382,0.00026388,0.000309963,0.000346942,0.000583571,0.001260494,0.001321205,0.001169279,0.00359338,0.002937941,0.002581909,0.002772264,0.003561611,0.005394698,0.008293764,0.014224099,0.019694068,0.027824685,0.028621837,0.025032524,0.026952859,0.024499319,0.024044247,0.018559767,0.015966922,0.01101925,0.011628184,0.000455905,0.000356901,0.007520647,0.013629258,0.000438844,0.000318182,0.000258883,0.000324208,0.000359545,0.000474022,0.000467893,0.0003896,0.000328927,0.010271932,0.015516987,0.021747585,0.029229412,0.000988866,0.001271782,0.00122254,0.00091061,0.000670848,0.000672164,0.006482979,0.001026377,0.000735796,0.000788796,0.000933812,0.000785255,0.000669505,0.000754419,0.00070868,0.011594305,0.016340723,0.024349736,0.001196216,0.001268341,0.001312055,0.001414428,0.001619448,0.001698085,0.002037923,0.002214306,0.001525603,0.001618662,0.001111407,0.040851086,0.068949685,0.071314052,0.001237521,0.001057589,0.001161497,0.001165776,0.001602932,0.001722046,0.001832611,0.001661083,0.001249483,0.000933837,0.000537559,0.000630418,0.000628104,0.000555293,0.131805271,0.100437783,0.095664486
Head 1,376,3.85E-05,3.53E-05,1.88E-05,1.17E-05,8.12E-06,5.72E-06,5.57E-06,5.86E-06,8.66E-06,1.06E-05,1.14E-05,1.27E-05,1.41E-05,1.91E-05,2.33E-05,2.30E-05,2.07E-05,1.90E-05,1.88E-05,3.10E-05,4.55E-05,6.57E-05,8.96E-05,9.56E-05,0.000121091,0.000107096,0.000151055,0.000127825,0.000130774,0.000132822,0.000134483,0.000124479,0.000118401,0.0001051,0.000151591,0.000217839,0.00025182,0.000280798,0.000481972,0.001067739,0.001118406,0.00099936,0.002793614,0.002260402,0.00210912,0.00243882,0.003279482,0.00489835,0.006991078,0.011025574,0.014717655,0.021147644,0.022020578,0.019512555,0.021987533,0.02138776,0.022477258,0.017686043,0.014379168,0.008771153,0.008323421,0.000372607,0.00029496,0.006517743,0.012838898,0.000350008,0.000251965,0.000198774,0.000233343,0.000240649,0.000311375,0.000318616,0.000287522,0.000265259,0.009001819,0.0135895,0.019301133,0.024670634,0.000785604,0.001009456,0.000969088,0.000713276,0.000498751,0.000485983,0.00521714,0.000887449,0.000654183,0.000692083,0.000787918,0.000651569,0.000565355,0.000678324,0.000666708,0.009501246,0.012677277,0.018623432,0.000885093,0.00096391,0.001040779,0.001156091,0.001334534,0.001392609,0.001697365,0.001957667,0.001438558,0.001668346,0.001180701,0.044325251,0.069899425,0.064220518,0.001151375,0.000924955,0.000931645,0.000867745,0.001191348,0.001410837,0.001757504,0.001791918,0.001386192,0.00098298,0.000532562,0.000588805,0.000589048,0.000539661,0.14008531,0.104579113,0.089845449,0.077904776
Head 1,377,3.16E-05,1.74E-05,1.10E-05,7.75E-06,5.45E-06,5.11E-06,4.97E-06,6.89E-06,8.30E-06,9.19E-06,1.08E-05,1.24E-05,1.68E-05,2.04E-05,2.11E-05,2.05E-05,1.91E-05,1.92E-05,2.82E-05,3.60E-05,4.82E-05,6.73E-05,7.79E-05,0.000107881,0.000102082,0.000147265,0.000127036,0.000130204,0.000128724,0.00012418,0.000110229,0.000102342,9.11E-05,0.000134582,0.0001975,0.000226571,0.000250017,0.000430593,0.000979262,0.001044606,0.000955545,0.002521937,0.001895718,0.001763771,0.002127571,0.003072873,0.004866083,0.006834532,0.009860946,0.012070454,0.016825315,0.01740713,0.01543608,0.01788481,0.018139862,0.020322546,0.017004292,0.01402363,0.008032886,0.006788201,0.000325858,0.000263673,0.005171898,0.011308218,0.000294333,0.00021159,0.00016662,0.000189727,0.000182495,0.000219673,0.000219592,0.00020358,0.000204398,0.00794068,0.012200394,0.017999284,0.022263709,0.000659275,0.000835153,0.0007922,0.000581039,0.000394179,0.000365168,0.004772421,0.000735292,0.000565285,0.000617421,0.000690522,0.00055682,0.000472709,0.000578316,0.000602129,0.008349508,0.010383777,0.014525572,0.000689434,0.000721862,0.000793348,0.000927691,0.001116199,0.001182531,0.00143542,0.001684464,0.001277708,0.001618496,0.00123737,0.044524748,0.070322804,0.060285624,0.001093002,0.000845632,0.00080728,0.000690998,0.000879334,0.001045692,0.00144828,0.001714093,0.00148922,0.001094824,0.000573188,0.000580537,0.000549652,0.000501923,0.134666458,0.103546813,0.085699655,0.066230968,0.080108441
Head 1,378,1.45E-05,9.55E-06,6.88E-06,4.94E-06,4.67E-06,4.42E-06,5.72E-06,6.44E-06,6.91E-06,8.30E-06,1.02E-05,1.42E-05,1.73E-05,1.80E-05,1.83E-05,1.73E-05,1.90E-05,2.70E-05,3.01E-05,3.50E-05,4.54E-05,5.34E-05,8.04E-05,8.28E-05,0.000125831,0.000112501,0.000117873,0.000116384,0.000108848,9.21E-05,8.17E-05,7.09E-05,0.000104961,0.000159127,0.000186961,0.000206998,0.000355213,0.000809912,0.000869748,0.000810302,0.002152205,0.001549057,0.001396334,0.001672417,0.002509758,0.004293964,0.006393997,0.00898657,0.01006171,0.013095989,0.012987948,0.011423498,0.013654439,0.01439981,0.017036246,0.01520294,0.013280866,0.007696712,0.006131432,0.000258533,0.000218348,0.003672891,0.008549458,0.000243911,0.000173927,0.000136146,0.000156108,0.000145517,0.000164365,0.000155403,0.000139863,0.000144149,0.00643735,0.010192809,0.016151639,0.02024056,0.000574568,0.000713033,0.000658423,0.00047887,0.000324183,0.000291685,0.004523022,0.000593771,0.000476107,0.000559675,0.000651326,0.000528742,0.000435372,0.000511893,0.00053683,0.008004461,0.009240611,0.012021042,0.000622246,0.000602396,0.000632272,0.000753018,0.000948436,0.001046455,0.001283189,0.001511326,0.001096855,0.001490239,0.001256752,0.042304847,0.07159555,0.063066728,0.001156102,0.000872706,0.000805192,0.00065284,0.000764017,0.000847746,0.001179258,0.001541428,0.001542848,0.001284799,0.000694463,0.000678886,0.000597476,0.000513908,0.131155804,0.105780207,0.09029229,0.066901989,0.074576318,0.052850761
Head 1,379,8.50E-06,6.29E-06,4.59E-06,4.41E-06,4.21E-06,5.27E-06,5.62E-06,5.68E-06,6.66E-06,8.39E-06,1.23E-05,1.54E-05,1.61E-05,1.66E-05,1.60E-05,1.91E-05,2.84E-05,3.02E-05,3.10E-05,3.52E-05,3.89E-05,6.03E-05,6.68E-05,0.000109354,0.000103594,0.000112557,0.000113426,0.000105681,8.70E-05,7.40E-05,6.18E-05,8.80E-05,0.000133427,0.000161146,0.000182024,0.000315587,0.000713711,0.000766136,0.000717461,0.001906413,0.001389205,0.00121541,0.001387969,0.002029089,0.00360583,0.005904385,0.008836691,0.00962946,0.011607645,0.010557799,0.008789419,0.010469776,0.01133276,0.014057686,0.013257228,0.01234768,0.007591435,0.006090495,0.000213166,0.000185177,0.002814769,0.006385036,0.000223164,0.000157045,0.000119313,0.000136204,0.0001267,0.000138457,0.000124462,0.000105947,0.000105619,0.005353879,0.008808684,0.014832392,0.018785255,0.000540817,0.000658349,0.000587067,0.000417017,0.000279917,0.000248822,0.004427821,0.00048536,0.00039675,0.000495032,0.000615464,0.000524951,0.000438677,0.000491655,0.000496068,0.008508667,0.009297059,0.011092192,0.000616835,0.000558315,0.000539254,0.000617298,0.000783419,0.000904071,0.001153775,0.001387781,0.000969161,0.001328052,0.001180283,0.037534662,0.067284025,0.064003915,0.001267242,0.00093728,0.000830265,0.000649228,0.000718849,0.000735695,0.00095505,0.001260987,0.001385929,0.00133405,0.000801934,0.000815824,0.000693917,0.000552764,0.124789178,0.10486646,0.093861319,0.070379734,0.075547166,0.048182555,0.045659557
Head 1,380,5.87E-06,4.35E-06,4.20E-06,4.07E-06,5.12E-06,5.32E-06,5.11E-06,5.68E-06,7.06E-06,1.08E-05,1.40E-05,1.49E-05,1.54E-05,1.50E-05,1.88E-05,3.02E-05,3.34E-05,3.25E-05,3.28E-05,3.23E-05,4.78E-05,5.42E-05,9.58E-05,9.76E-05,0.000112397,0.000118152,0.000112378,9.21E-05,7.64E-05,6.14E-05,8.25E-05,0.000120809,0.000147136,0.000170127,0.000304638,0.00069799,0.000751747,0.000696583,0.00175211,0.001344821,0.001186176,0.001299175,0.001768619,0.003029964,0.005246673,0.008734124,0.010136902,0.011984657,0.010063322,0.007651667,0.008619525,0.009199227,0.011687922,0.011431582,0.011239062,0.007399945,0.006270843,0.000180089,0.000155229,0.002483331,0.005160881,0.000216341,0.000151908,0.000111475,0.000122924,0.00011374,0.000122666,0.000106972,8.63E-05,8.10E-05,0.004372174,0.007581788,0.013573407,0.017573433,0.000505502,0.000620241,0.000540044,0.000370628,0.000240196,0.000210568,0.004142832,0.000393947,0.000319186,0.000407398,0.000534793,0.000485014,0.000431198,0.000479491,0.000462605,0.009007924,0.0099886,0.011280248,0.000611353,0.000540366,0.000487307,0.00051824,0.000627113,0.000729904,0.000972811,0.0012257,0.000872045,0.001183303,0.001064666,0.032577641,0.059070129,0.059718691,0.001402645,0.00103025,0.000874357,0.000657528,0.00070546,0.000677218,0.000800915,0.000991509,0.001108558,0.00118209,0.000831907,0.000942273,0.000836089,0.000645892,0.11565385,0.100751303,0.094192095,0.073489934,0.079073712,0.04774439,0.040652629,0.048759338
Head 1,381,1.03E-05,1.15E-05,1.27E-05,1.81E-05,1.94E-05,1.83E-05,1.94E-05,2.14E-05,3.12E-05,3.85E-05,3.72E-05,3.44E-05,3.78E-05,3.66E-05,5.71E-05,6.60E-05,6.59E-05,6.28E-05,5.43E-05,6.92E-05,6.33E-05,0.00010423,9.57E-05,0.000112757,0.000123472,0.000122105,9.89E-05,7.91E-05,5.73E-05,7.44E-05,0.00010379,0.000123145,0.000137271,0.000245513,0.000548725,0.000511625,0.000468439,0.000832763,0.000781486,0.000750341,0.000948279,0.001460371,0.002490784,0.004232391,0.007559138,0.010241511,0.013673853,0.013027841,0.010929371,0.012276237,0.012334685,0.014008977,0.012480463,0.01275857,0.009222948,0.009570594,0.000318417,0.000248121,0.003418662,0.006310701,0.000303444,0.000203407,0.000147734,0.000170378,0.000151901,0.000163906,0.000134572,0.000100505,8.28E-05,0.002172127,0.003992284,0.006613148,0.010302966,0.000473302,0.000595833,0.000500125,0.000294868,0.000169139,0.000136825,0.00123661,0.000195577,0.000129506,0.000153155,0.000197368,0.000171129,0.000148824,0.000171191,0.000153578,0.003224256,0.004928943,0.007326255,0.000261212,0.000231226,0.000215735,0.000233286,0.000281896,0.000316382,0.000401655,0.000493925,0.000352357,0.000482012,0.000432995,0.025765963,0.053816304,0.055595055,0.000929711,0.000801939,0.000786632,0.000704641,0.00088193,0.000872534,0.000963603,0.00103525,0.001046937,0.001095806,0.00089042,0.001319567,0.001442025,0.001288473,0.099469267,0.079682335,0.080227375,0.074986748,0.103288896,0.07001657,0.060367215,0.06750416,0.003103664
Head 1,382,8.99E-06,9.87E-06,1.48E-05,1.69E-05,1.66E-05,1.76E-05,1.88E-05,2.66E-05,3.34E-05,3.37E-05,3.20E-05,3.16E-05,3.27E-05,4.93E-05,5.80E-05,6.12E-05,6.11E-05,5.32E-05,6.52E-05,5.65E-05,8.85E-05,7.94E-05,9.25E-05,0.000103072,0.000106147,9.09E-05,7.61E-05,5.62E-05,7.14E-05,9.40E-05,0.000105192,0.000113882,0.000202626,0.000461719,0.000443264,0.000418299,0.000668781,0.000600363,0.00058308,0.00076884,0.001233759,0.002113355,0.00347298,0.00598461,0.008226609,0.011507939,0.011234541,0.009536328,0.010808814,0.010999557,0.012404219,0.010598365,0.010183204,0.007015174,0.007292148,0.000276695,0.000214411,0.003492502,0.006554188,0.000266146,0.000184184,0.000136655,0.000157935,0.00014061,0.000152621,0.000126497,9.61E-05,7.97E-05,0.002083291,0.003657934,0.005715562,0.008388295,0.000442394,0.000573137,0.000495349,0.00029705,0.000167041,0.000132703,0.001111496,0.000197555,0.000127204,0.000144216,0.000182409,0.000162091,0.000150688,0.00018966,0.000178392,0.002929141,0.004504534,0.006862801,0.000250047,0.000222472,0.000208448,0.000222518,0.000264084,0.000290707,0.000367401,0.000454109,0.000335652,0.000459082,0.00041113,0.029317247,0.058601718,0.056006733,0.000955237,0.000806704,0.000780509,0.000692046,0.000890191,0.000925746,0.001057788,0.00110147,0.001025814,0.000978404,0.000770049,0.001175782,0.001404306,0.001387374,0.111040287,0.083976574,0.077433899,0.068424404,0.095490001,0.070391327,0.067117326,0.079276808,0.00340688,0.00297483
Head 1,383,8.59E-06,1.30E-05,1.57E-05,1.64E-05,1.79E-05,1.89E-05,2.60E-05,3.24E-05,3.38E-05,3.36E-05,3.16E-05,3.41E-05,4.92E-05,5.72E-05,6.22E-05,6.52E-05,5.87E-05,7.17E-05,6.10E-05,9.18E-05,7.97E-05,8.99E-05,9.82E-05,0.000102154,9.15E-05,8.13E-05,6.33E-05,8.18E-05,0.000104589,0.000110614,0.000114243,0.000196076,0.000438976,0.000418049,0.000400143,0.000656001,0.000558287,0.000531358,0.000702864,0.001145177,0.001979185,0.003204445,0.00538259,0.007402633,0.010619101,0.010473298,0.00884425,0.010034342,0.010463659,0.012125308,0.010308825,0.009415475,0.006016383,0.005906364,0.000260559,0.000200278,0.003440033,0.006984043,0.000252959,0.000179856,0.000136497,0.000157398,0.000139991,0.000152666,0.000127524,9.75E-05,8.10E-05,0.002139246,0.003722655,0.005642779,0.007637281,0.00041572,0.000550233,0.000494081,0.000307672,0.000173365,0.000135921,0.001124499,0.000212302,0.000133791,0.000143137,0.000170047,0.000147395,0.000140899,0.000192011,0.000195748,0.002854558,0.004256056,0.006347077,0.000252363,0.000222766,0.0002091,0.000219499,0.000253859,0.000273498,0.000344411,0.000429801,0.000333711,0.000458258,0.000408925,0.032293726,0.064500667,0.058443367,0.001010093,0.000830982,0.000785706,0.000669587,0.000855935,0.000926214,0.001123182,0.001188713,0.001059499,0.000926409,0.000677139,0.001009453,0.001267442,0.001382578,0.121101163,0.092729181,0.079743877,0.06366735,0.083104402,0.062189206,0.063930251,0.082015201,0.003420159,0.003001851,0.004354895
Head 1,384,1.07E-05,1.29E-05,1.43E-05,1.67E-05,1.83E-05,2.47E-05,2.99E-05,3.12E-05,3.23E-05,3.05E-05,3.53E-05,4.92E-05,5.48E-05,5.94E-05,6.40E-05,6.01E-05,7.46E-05,6.36E-05,9.28E-05,7.86E-05,8.65E-05,9.16E-05,9.33E-05,8.43E-05,7.77E-05,6.40E-05,8.68E-05,0.000112806,0.000115374,0.000112877,0.000182125,0.000391051,0.000362934,0.000349547,0.000624146,0.000507318,0.000462736,0.000598951,0.000981204,0.001724071,0.002772924,0.004526412,0.006150284,0.009005253,0.009192913,0.007837621,0.008780709,0.009120368,0.010795136,0.009514073,0.008812036,0.005443014,0.004996314,0.000240087,0.000186855,0.002906707,0.006507029,0.000226522,0.000166021,0.000130128,0.000152643,0.000135391,0.000146473,0.000121626,9.32E-05,7.86E-05,0.00203167,0.003641749,0.005803789,0.007639016,0.000379668,0.000508195,0.000471591,0.000308292,0.00017918,0.000136976,0.001178643,0.000214609,0.000138416,0.000145611,0.000163404,0.000134001,0.000123974,0.000174979,0.000194943,0.002837193,0.004129576,0.00595754,0.000263111,0.000224657,0.000209554,0.000218375,0.00024765,0.00025863,0.000317403,0.000394652,0.000314154,0.000447516,0.000407307,0.032887205,0.070761606,0.065308698,0.001019613,0.000857348,0.000817396,0.000670238,0.000807753,0.000858804,0.001088386,0.001226864,0.001121582,0.000949638,0.000631318,0.000874361,0.001073996,0.001231695,0.120851986,0.10113246,0.088922925,0.066780172,0.079717509,0.055425685,0.056962743,0.0776527,0.003365238,0.002933966,0.004307219,0.003963621
Head 1,385,1.01E-05,1.12E-05,1.39E-05,1.64E-05,2.30E-05,2.74E-05,2.79E-05,2.89E-05,2.78E-05,3.45E-05,4.88E-05,5.28E-05,5.56E-05,5.95E-05,5.74E-05,7.36E-05,6.43E-05,9.24E-05,7.66E-05,8.23E-05,8.47E-05,8.36E-05,7.42E-05,6.88E-05,5.86E-05,8.33E-05,0.000113811,0.000118112,0.000112159,0.000170112,0.000341865,0.000302036,0.000286673,0.000569564,0.000464388,0.000406408,0.00050045,0.000799469,0.001421989,0.002323735,0.003742195,0.004935077,0.007195256,0.007607355,0.006735396,0.007624999,0.007843299,0.009223076,0.008298218,0.007952924,0.005013698,0.004498205,0.000208966,0.000167968,0.002240034,0.005282551,0.000194166,0.0001427,0.000113541,0.000137458,0.000124866,0.000135976,0.000112031,8.49E-05,7.19E-05,0.001809832,0.003356742,0.005695865,0.007814503,0.000343539,0.000457616,0.000431658,0.000293446,0.000180531,0.000138761,0.001214565,0.000206783,0.000138113,0.000148503,0.000164253,0.000129424,0.000112675,0.000153469,0.000176802,0.002836649,0.004073822,0.005736195,0.000288132,0.000234764,0.000211519,0.000217026,0.00024397,0.000250934,0.00030022,0.000366938,0.000286175,0.000421637,0.000397409,0.030092997,0.07218577,0.073239349,0.000981902,0.000847407,0.000839749,0.000696068,0.00080252,0.000810515,0.001013209,0.0011913,0.001151591,0.001009575,0.000631998,0.000820855,0.000938748,0.001045725,0.11387895,0.103618622,0.098601282,0.075378351,0.08610715,0.054602385,0.052423891,0.071121454,0.003351751,0.002921989,0.004266058,0.004011726,0.003629517
Head 1,386,9.30E-06,1.15E-05,1.43E-05,2.15E-05,2.64E-05,2.67E-05,2.71E-05,2.65E-05,3.42E-05,5.08E-05,5.52E-05,5.69E-05,5.90E-05,5.67E-05,7.42E-05,6.72E-05,9.73E-05,8.03E-05,8.48E-05,8.56E-05,8.26E-05,7.13E-05,6.52E-05,5.61E-05,8.12E-05,0.0001166,0.000127252,0.000122519,0.000180639,0.000339979,0.000281236,0.000253374,0.000520134,0.000451186,0.000395543,0.000469883,0.00071875,0.001262662,0.002100572,0.003405114,0.004348356,0.006121051,0.00650648,0.00600028,0.007038375,0.007313055,0.008488746,0.00758466,0.0073875,0.004844034,0.004449757,0.000189609,0.0001574,0.001895069,0.004356619,0.000182734,0.000132244,0.00010391,0.000127433,0.000119802,0.000133439,0.000109978,8.18E-05,6.79E-05,0.001650152,0.00308457,0.005303125,0.00783105,0.000320876,0.000421691,0.000397707,0.000275313,0.000178473,0.000142584,0.001189542,0.000197015,0.000134551,0.000148832,0.000167615,0.000130968,0.000108957,0.000138166,0.000154163,0.002860104,0.004120315,0.005760637,0.000324429,0.000260112,0.000224859,0.000223314,0.000245935,0.000249231,0.000290424,0.000344775,0.000259234,0.000384795,0.000374395,0.02614155,0.067659564,0.076780617,0.000963222,0.000834595,0.000854553,0.000739719,0.000850429,0.000822561,0.000970146,0.001120968,0.001112635,0.001028728,0.000638115,0.000817403,0.000879721,0.000915847,0.105571806,0.099898934,0.102726765,0.084306501,0.097981848,0.059135079,0.052016713,0.066190071,0.003329991,0.002893982,0.004136286,0.00389197,0.003583714,0.003500421
Head 1,387,9.65E-06,1.19E-05,1.88E-05,2.48E-05,2.60E-05,2.62E-05,2.55E-05,3.30E-05,5.15E-05,5.85E-05,6.11E-05,6.18E-05,5.79E-05,7.47E-05,6.95E-05,0.000102715,8.59E-05,8.93E-05,8.87E-05,8.40E-05,7.11E-05,6.43E-05,5.52E-05,7.91E-05,0.000115182,0.000132126,0.000133409,0.000200218,0.000363338,0.000285116,0.000239638,0.000441441,0.000419613,0.000387594,0.000462401,0.000678753,0.001142068,0.001904595,0.003177024,0.00403482,0.005440781,0.005605401,0.005237795,0.006382809,0.00691604,0.008134416,0.007172205,0.0068712,0.004573534,0.004355125,0.000177022,0.000148354,0.001797089,0.00382572,0.000182468,0.000130698,9.95E-05,0.000119563,0.000115212,0.000133116,0.000112459,8.38E-05,6.76E-05,0.001574412,0.002886311,0.004757834,0.007304281,0.000310188,0.000401401,0.000376218,0.000260636,0.000173323,0.000146125,0.001080449,0.000194773,0.000133427,0.000147744,0.000169633,0.000134548,0.000111553,0.000134371,0.000140503,0.002830605,0.004137965,0.005815104,0.000359912,0.000301492,0.000257005,0.000245129,0.000259949,0.000257302,0.00029353,0.000339496,0.000247419,0.000354468,0.000342467,0.023091415,0.060286239,0.073342785,0.000987614,0.000839292,0.000856891,0.000771749,0.000923991,0.000903493,0.001018557,0.001110805,0.001067316,0.001001757,0.000627787,0.000829418,0.00088424,0.000873812,0.101324841,0.095599532,0.101170272,0.08872094,0.108727142,0.067212991,0.056822505,0.067542426,0.003404401,0.002932664,0.004125104,0.003825725,0.003498837,0.003451595,0.002613799
Head 1,388,1.09E-05,1.70E-05,2.35E-05,2.61E-05,2.70E-05,2.56E-05,3.30E-05,5.23E-05,6.25E-05,6.78E-05,6.83E-05,6.22E-05,7.69E-05,7.23E-05,0.000108722,9.41E-05,9.79E-05,9.59E-05,8.91E-05,7.41E-05,6.62E-05,5.65E-05,7.93E-05,0.000113579,0.000133332,0.000142039,0.000223835,0.000409295,0.000314606,0.000247774,0.000367086,0.000373964,0.000372678,0.00046682,0.000678478,0.001080536,0.001745448,0.002966741,0.003863627,0.005105553,0.005043689,0.004577274,0.005562059,0.006250726,0.007644655,0.006877373,0.006523664,0.004325937,0.00418373,0.000176885,0.000145769,0.001871928,0.003666898,0.000188659,0.000137625,0.000102916,0.000118189,0.00011338,0.000134205,0.000118425,9.15E-05,7.38E-05,0.001582406,0.002822545,0.004517172,0.006817699,0.000314858,0.000402058,0.000373346,0.00025771,0.000171154,0.000149597,0.001004629,0.000206049,0.000144216,0.000157892,0.000182049,0.000146537,0.000123999,0.000147692,0.000146518,0.00289197,0.004312412,0.006077902,0.000384254,0.000351261,0.000311413,0.000292777,0.00029914,0.000286474,0.000321312,0.000367112,0.000264613,0.000360358,0.000332211,0.022058254,0.054353759,0.065942496,0.001056442,0.000892956,0.000886459,0.000799422,0.000990419,0.001016231,0.001152135,0.001207707,0.001096965,0.000995389,0.000629035,0.000850728,0.000926415,0.000901115,0.098580189,0.092835099,0.09809164,0.088877432,0.113396764,0.074288078,0.063763984,0.073121481,0.003600717,0.00304094,0.004259605,0.003909847,0.003518694,0.003403296,0.002582544,0.002530601
Head 1,389,1.40E-05,1.94E-05,2.27E-05,2.50E-05,2.32E-05,3.12E-05,4.82E-05,5.85E-05,6.64E-05,6.92E-05,6.31E-05,7.48E-05,6.91E-05,0.000103611,9.31E-05,9.92E-05,9.75E-05,8.89E-05,7.21E-05,6.30E-05,5.29E-05,7.33E-05,0.000102431,0.000119008,0.000130623,0.000217257,0.000422474,0.000334362,0.000255589,0.000288624,0.000290854,0.000307767,0.000421142,0.000648607,0.001013697,0.001538128,0.002524999,0.003353872,0.004525057,0.004466291,0.003954442,0.004676621,0.005277173,0.006662206,0.006276654,0.006079042,0.003996205,0.003809997,0.00017015,0.000136292,0.001890494,0.003582519,0.000172726,0.000131604,0.000100151,0.000111211,0.00010234,0.000118558,0.000106918,8.67E-05,7.30E-05,0.001522718,0.002653277,0.004242924,0.006265745,0.00029747,0.000380975,0.000354544,0.000246362,0.000161698,0.000140108,0.000919652,0.000205279,0.000149203,0.000163398,0.000186568,0.00014891,0.000126567,0.000154465,0.000153008,0.002749908,0.004273229,0.006205888,0.000363867,0.000361628,0.000348648,0.00034127,0.000346253,0.000317565,0.000341594,0.00038074,0.000272103,0.000364558,0.000324901,0.02251851,0.052302357,0.05981759,0.001056649,0.000917472,0.000898491,0.000786426,0.00096338,0.001025627,0.00122289,0.00130563,0.001152837,0.000993844,0.000617812,0.000826788,0.00092156,0.000918173,0.097415961,0.092275463,0.096751109,0.087789804,0.113888167,0.077677459,0.069822647,0.081204168,0.003912364,0.003165947,0.004399747,0.004024276,0.00361791,0.003457472,0.002586999,0.002528165,0.001967287
Head 1,390,1.69E-05,1.98E-05,2.30E-05,2.12E-05,3.14E-05,4.77E-05,5.72E-05,6.59E-05,7.13E-05,6.66E-05,7.76E-05,7.03E-05,0.000102337,9.42E-05,0.000103548,0.000104365,9.53E-05,7.61E-05,6.47E-05,5.30E-05,7.23E-05,9.88E-05,0.000111731,0.000122593,0.000208748,0.00043205,0.000367754,0.000287047,0.000263664,0.000243182,0.000255683,0.000371314,0.000625169,0.001024348,0.001508808,0.002329246,0.003029472,0.004136426,0.004159751,0.003667761,0.00422844,0.004652635,0.005863607,0.005737851,0.005804363,0.003897083,0.003675293,0.000175612,0.000138591,0.001911619,0.003639919,0.000160263,0.000126418,0.000100451,0.000112585,0.000100405,0.000110595,9.81E-05,8.09E-05,7.15E-05,0.001536933,0.002595521,0.004171447,0.006064987,0.000290614,0.000373069,0.000346269,0.000243032,0.000159541,0.000134622,0.000925287,0.000201133,0.00015252,0.000172338,0.000198166,0.00015716,0.000131304,0.000162036,0.000163577,0.002641631,0.004199643,0.006304407,0.000341212,0.000347951,0.000359835,0.000379597,0.000402827,0.000366817,0.000379225,0.000404986,0.00028018,0.000373129,0.000329948,0.023334609,0.052846182,0.057132274,0.001020989,0.000924162,0.000929065,0.000802572,0.000947279,0.001003062,0.001237809,0.00138166,0.001242351,0.001051112,0.000642878,0.000824857,0.000908408,0.000918748,0.095485464,0.090298325,0.095017873,0.086552627,0.112887852,0.078262225,0.072973661,0.087374523,0.004403039,0.003458303,0.004692308,0.004226097,0.003779293,0.00360023,0.002669545,0.00255606,0.001974878,0.002084119
Head 1,391,1.66E-05,1.93E-05,1.78E-05,2.92E-05,4.51E-05,5.35E-05,6.11E-05,6.72E-05,6.48E-05,7.65E-05,6.88E-05,9.60E-05,8.84E-05,9.88E-05,0.000103019,9.62E-05,7.72E-05,6.45E-05,5.14E-05,6.84E-05,9.17E-05,0.00010055,0.00010748,0.000180172,0.000383699,0.000357162,0.000297978,0.000253292,0.00020869,0.000203461,0.000292683,0.000527051,0.000944507,0.001439349,0.002140116,0.002653129,0.003557663,0.003624779,0.003247881,0.003734566,0.003997941,0.004895289,0.004819146,0.005079937,0.003592571,0.003458495,0.000172107,0.000138,0.001781137,0.003431903,0.000140992,0.000112119,9.24E-05,0.000108891,9.80E-05,0.000104008,8.86E-05,7.14E-05,6.38E-05,0.001529169,0.002481597,0.004016198,0.005792693,0.000276089,0.000354688,0.000326602,0.000231863,0.000155545,0.000129175,0.000971687,0.000185541,0.000145152,0.000172055,0.000204781,0.000165118,0.000134934,0.000163895,0.000167309,0.002576045,0.004039312,0.006222028,0.000321578,0.000320107,0.000338555,0.000383442,0.00044328,0.000423979,0.000437631,0.000451298,0.00029141,0.000380729,0.000335582,0.02360392,0.054172862,0.057797454,0.000941572,0.000880167,0.000928342,0.000821544,0.000947071,0.000970339,0.001189641,0.00137339,0.001285543,0.001113615,0.000680861,0.000837814,0.000886428,0.000880424,0.096310668,0.088525876,0.093363017,0.085995212,0.113276884,0.078633375,0.074450016,0.091116577,0.004751496,0.003765366,0.005001274,0.004384752,0.003845982,0.003647385,0.002694508,0.002539013,0.001918505,0.002007445,0.002035999
Head 1,392,1.55E-05,1.45E-05,2.46E-05,4.07E-05,4.96E-05,5.65E-05,6.19E-05,6.07E-05,7.36E-05,6.70E-05,9.15E-05,8.32E-05,9.22E-05,9.83E-05,9.47E-05,7.78E-05,6.51E-05,5.09E-05,6.54E-05,8.59E-05,9.20E-05,9.53E-05,0.000155445,0.000330213,0.000332169,0.000299647,0.000261524,0.000199502,0.000175554,0.000232959,0.000416851,0.000802555,0.001334872,0.00205921,0.002496155,0.003244182,0.003244592,0.002915066,0.003387168,0.003593087,0.004277551,0.004103183,0.004362866,0.003233973,0.003257061,0.000160608,0.000131353,0.001616325,0.003113611,0.000123975,9.52E-05,7.80E-05,9.64E-05,9.09E-05,9.71E-05,8.03E-05,6.21E-05,5.35E-05,0.001514006,0.002405685,0.003819339,0.005426031,0.000252997,0.000324116,0.000292854,0.000205963,0.000140261,0.000117756,0.000980178,0.000162548,0.000126868,0.000155266,0.000193616,0.000162801,0.000133451,0.00015772,0.000158155,0.002512321,0.003783131,0.005839845,0.000299792,0.000285191,0.000292362,0.000338753,0.000422569,0.000440505,0.000479482,0.000497246,0.000305097,0.000379237,0.000325046,0.022457955,0.053485963,0.058939964,0.00084369,0.000780936,0.000851506,0.000790864,0.000933045,0.000940486,0.00111307,0.001276578,0.0012259,0.001112703,0.000694714,0.000850351,0.000869736,0.000826946,0.100079462,0.087824605,0.091218308,0.084864758,0.114219137,0.080077298,0.07606189,0.093677655,0.004802203,0.003999502,0.00536481,0.004624201,0.00393245,0.003662767,0.00268191,0.00252219,0.001876954,0.001916528,0.001929811,0.001767264
Head 1,393,3.57E-06,9.16E-06,1.61E-05,2.24E-05,2.83E-05,3.23E-05,3.07E-05,3.49E-05,3.29E-05,4.47E-05,4.36E-05,4.77E-05,5.13E-05,5.01E-05,4.09E-05,3.34E-05,2.58E-05,3.19E-05,4.33E-05,5.13E-05,6.23E-05,0.000119653,0.000303008,0.000432473,0.00045851,0.000559882,0.000418723,0.00041928,0.000528463,0.000779393,0.001288047,0.002105589,0.00349489,0.004514428,0.005883075,0.005586915,0.004683692,0.005165777,0.00511764,0.005571126,0.004831914,0.004480169,0.003120743,0.003003059,9.16E-05,7.31E-05,0.001634186,0.002703829,7.48E-05,5.46E-05,4.31E-05,4.98E-05,4.92E-05,5.47E-05,5.12E-05,4.50E-05,4.47E-05,0.002094758,0.003105209,0.005767235,0.007839157,0.000273614,0.000336144,0.000284519,0.000190917,0.000120365,0.000103146,0.002646811,0.000187193,0.000156986,0.000204322,0.000289278,0.000284152,0.000264567,0.000304848,0.000289376,0.007873317,0.010798009,0.015687492,0.00046991,0.000509666,0.000558648,0.000669674,0.000875247,0.001003158,0.001216257,0.001358041,0.000744651,0.000881451,0.000731056,0.031467617,0.051902439,0.05343084,0.001206538,0.001119664,0.001175276,0.00114933,0.00149422,0.001667136,0.002059713,0.002412723,0.002365911,0.002290599,0.001638305,0.001843677,0.001703615,0.001301829,0.079515837,0.062578358,0.062816158,0.065937161,0.097916365,0.083683029,0.085850619,0.099246137,0.00266061,0.002239947,0.002703911,0.002156005,0.001695536,0.001427798,0.000986101,0.000901437,0.000685667,0.000669455,0.00064384,0.000582627,0.04818166
Head 1,394,8.52E-06,1.48E-05,2.09E-05,2.70E-05,3.10E-05,2.93E-05,3.31E-05,3.09E-05,4.24E-05,4.16E-05,4.56E-05,4.94E-05,4.95E-05,4.24E-05,3.60E-05,2.79E-05,3.31E-05,4.10E-05,4.46E-05,5.12E-05,9.85E-05,0.000258909,0.000386248,0.000437929,0.000530315,0.000372224,0.000355872,0.000436329,0.000638405,0.001067486,0.001814204,0.003203438,0.004390797,0.005882603,0.005403158,0.004271951,0.004596445,0.004675259,0.005330215,0.004667127,0.004204287,0.002780696,0.002610765,8.71E-05,6.80E-05,0.001654181,0.002813573,7.09E-05,5.14E-05,3.90E-05,4.33E-05,4.14E-05,4.53E-05,4.11E-05,3.50E-05,3.34E-05,0.001995578,0.003029935,0.005532844,0.006876778,0.000239311,0.000304353,0.000261608,0.000172908,0.000101923,8.20E-05,0.002385358,0.000150346,0.0001187,0.000145396,0.000201088,0.000204804,0.000209757,0.000272718,0.000279265,0.007943021,0.010486914,0.014863589,0.000398038,0.000431043,0.000462709,0.000537136,0.000694508,0.000818017,0.001059937,0.00127193,0.000733456,0.000855064,0.000683969,0.034057643,0.054413345,0.05258467,0.001184133,0.00105972,0.001024118,0.000930084,0.001206612,0.001396978,0.001808694,0.002131478,0.002030342,0.001922074,0.001460671,0.001758083,0.00179522,0.001494813,0.092104018,0.068580382,0.060622748,0.055682931,0.078590609,0.068661928,0.077203475,0.098141052,0.002456297,0.002212009,0.002925073,0.002465422,0.001952774,0.001591132,0.001045342,0.000930831,0.00070986,0.000707512,0.000673872,0.000570733,0.04359927,0.048372775
Head 1,395,1.30E-05,1.83E-05,2.40E-05,2.84E-05,2.72E-05,3.09E-05,2.83E-05,3.85E-05,3.76E-05,4.15E-05,4.51E-05,4.59E-05,4.07E-05,3.60E-05,2.89E-05,3.44E-05,4.10E-05,4.08E-05,4.28E-05,7.83E-05,0.000207833,0.000320184,0.000388925,0.000532842,0.000343794,0.00030529,0.000354496,0.000506831,0.000848863,0.00145511,0.002644596,0.003851008,0.005521351,0.005235699,0.004013679,0.004090874,0.004025269,0.00465022,0.004212049,0.003885883,0.002510388,0.002262498,8.10E-05,6.25E-05,0.001463835,0.002710169,6.41E-05,4.71E-05,3.60E-05,3.95E-05,3.66E-05,3.89E-05,3.38E-05,2.76E-05,2.57E-05,0.001715681,0.002781542,0.005377938,0.006491607,0.000196035,0.000261616,0.000233937,0.00015821,9.12E-05,6.82E-05,0.002277749,0.000123705,9.46E-05,0.000110479,0.000143982,0.000142,0.00014831,0.000211825,0.000243324,0.007569678,0.009968879,0.013936715,0.000337185,0.000353622,0.000374676,0.000429173,0.000547038,0.000643669,0.00086066,0.001097584,0.000676602,0.000825603,0.000662166,0.035381064,0.0591009,0.055991534,0.001118514,0.001014792,0.000952896,0.000799047,0.000968624,0.001090937,0.00146368,0.001802012,0.001743162,0.00162874,0.001249456,0.001517334,0.001636841,0.001501866,0.097444817,0.075550005,0.064256862,0.052753564,0.067622095,0.054860521,0.062946685,0.086767145,0.002137885,0.001977216,0.002804848,0.002556541,0.002136173,0.00176436,0.001119901,0.00094291,0.00068783,0.000685402,0.000671498,0.000572446,0.042899974,0.044399869,0.046768863
Head 1,396,1.58E-05,2.07E-05,2.51E-05,2.49E-05,2.91E-05,2.65E-05,3.54E-05,3.36E-05,3.69E-05,4.02E-05,4.11E-05,3.74E-05,3.42E-05,2.86E-05,3.51E-05,4.20E-05,3.99E-05,3.84E-05,6.40E-05,0.00016135,0.000246048,0.000312939,0.000535766,0.000331879,0.000274371,0.000294007,0.000398655,0.00065887,0.00112338,0.002030241,0.003020277,0.004602969,0.004699183,0.003743967,0.003766188,0.003543546,0.003952296,0.003571474,0.003381965,0.002223984,0.001995804,7.12E-05,5.62E-05,0.001201992,0.002401868,5.65E-05,4.16E-05,3.22E-05,3.61E-05,3.36E-05,3.54E-05,2.95E-05,2.29E-05,2.07E-05,0.001417342,0.002426845,0.004989769,0.006358421,0.000158075,0.000220671,0.000207398,0.000146983,8.80E-05,6.42E-05,0.002256578,0.000109856,8.23E-05,9.42E-05,0.000117358,0.00011046,0.000111629,0.000163045,0.000203007,0.006951842,0.009240931,0.013020296,0.000316032,0.00031389,0.000320261,0.000361507,0.000457279,0.000537349,0.000727644,0.000964358,0.00061282,0.000809228,0.000681982,0.034181949,0.062047616,0.061544362,0.001065709,0.000984273,0.000947658,0.000778841,0.000891162,0.000940754,0.001241044,0.00156581,0.001567426,0.001495901,0.001154868,0.00139816,0.001523641,0.001479379,0.098283753,0.079893745,0.069248237,0.054275505,0.064747497,0.047283258,0.051501688,0.072209708,0.002022938,0.001891184,0.002763818,0.002681412,0.002404615,0.002108901,0.001364156,0.001117538,0.000768453,0.000729559,0.000712139,0.000621154,0.043851923,0.04416088,0.043304317,0.033045791
Head 1,397,3.32E-05,4.25E-05,4.62E-05,6.12E-05,5.86E-05,8.45E-05,7.54E-05,8.07E-05,8.21E-05,7.76E-05,6.67E-05,6.12E-05,5.32E-05,7.23E-05,9.55E-05,9.74E-05,9.13E-05,0.000134908,0.000260958,0.000259103,0.000252894,0.000296787,0.000248304,0.000217343,0.000243127,0.000329907,0.000497667,0.000727697,0.001139044,0.001521432,0.002236845,0.002461191,0.002319734,0.002726472,0.002815184,0.0031875,0.00277777,0.002683826,0.001845949,0.001898376,0.000112804,0.000100989,0.001229463,0.002347247,9.33E-05,6.61E-05,4.69E-05,5.05E-05,4.59E-05,5.22E-05,4.52E-05,3.60E-05,3.05E-05,0.001013456,0.001788094,0.003217812,0.005097246,0.000135248,0.000185009,0.000169515,0.000114915,7.12E-05,5.56E-05,0.000622061,7.40E-05,5.69E-05,6.59E-05,7.97E-05,7.02E-05,6.42E-05,8.65E-05,9.71E-05,0.001976332,0.003046897,0.004908098,0.000210358,0.000203169,0.000193293,0.000198587,0.00022452,0.000231535,0.000281871,0.000366676,0.000278559,0.000407127,0.000347185,0.018362053,0.043064188,0.048704915,0.000554872,0.000465867,0.00045975,0.000405302,0.000495635,0.000539229,0.000689183,0.000808329,0.000761029,0.000684272,0.000451015,0.000565204,0.000601992,0.000579643,0.099855557,0.086427666,0.082672879,0.06878598,0.090375505,0.060540285,0.059560202,0.079363689,0.002340863,0.002067412,0.003244467,0.003436222,0.003454919,0.003555155,0.00264669,0.00245173,0.001675326,0.001582205,0.001494597,0.001291766,0.037816294,0.043784838,0.046607874,0.031326231,0.002991446
Head 1,398,2.05E-05,2.08E-05,2.62E-05,2.53E-05,3.52E-05,3.23E-05,3.43E-05,3.60E-05,3.62E-05,3.31E-05,3.15E-05,2.82E-05,3.63E-05,4.64E-05,4.63E-05,4.30E-05,6.41E-05,0.000137412,0.000179103,0.000211854,0.000510007,0.000364197,0.000308503,0.000299977,0.000345879,0.000507726,0.000832818,0.001500327,0.002200699,0.003375725,0.003673698,0.003270043,0.003585971,0.003454612,0.00371751,0.003172775,0.002914679,0.001948939,0.001806249,5.79E-05,4.83E-05,0.000927263,0.001860213,5.58E-05,3.97E-05,2.96E-05,3.27E-05,3.17E-05,3.48E-05,2.85E-05,2.04E-05,1.69E-05,0.001056081,0.001874831,0.003688624,0.005563591,0.0001096,0.000158794,0.000160445,0.00012254,8.16E-05,6.43E-05,0.002026939,0.000100744,7.17E-05,7.83E-05,9.18E-05,8.04E-05,7.52E-05,0.000100641,0.000123109,0.00587259,0.007946189,0.011278534,0.000302627,0.000291986,0.000269714,0.000276123,0.000320547,0.000361774,0.000484595,0.00066064,0.000436848,0.000648333,0.000622025,0.028064542,0.056602687,0.065645047,0.00103245,0.000902858,0.000878716,0.000742974,0.000836318,0.000813129,0.000962658,0.001134911,0.001136967,0.001149573,0.000902891,0.001152489,0.001264437,0.001237531,0.093368478,0.080365904,0.073990241,0.0593183,0.068073682,0.043478567,0.039993428,0.05031465,0.001576394,0.001461562,0.002117068,0.002169204,0.002157901,0.002160373,0.001587701,0.001412411,0.000964274,0.000830723,0.00072884,0.000596344,0.048248742,0.050077144,0.047261529,0.032071754,0.000937976,0.042776659
Head 1,399,1.82E-05,2.29E-05,2.27E-05,3.30E-05,3.08E-05,3.26E-05,3.35E-05,3.29E-05,2.95E-05,2.81E-05,2.57E-05,3.34E-05,4.35E-05,4.53E-05,4.39E-05,6.63E-05,0.000137091,0.00016368,0.000175617,0.000397623,0.000315419,0.000294953,0.000301454,0.000337173,0.000455484,0.000700049,0.001234473,0.001800327,0.002732506,0.002938202,0.002668236,0.00305592,0.003111656,0.003466809,0.002957996,0.002642002,0.001718659,0.001590171,4.90E-05,4.08E-05,0.000829507,0.001605222,5.37E-05,3.87E-05,2.84E-05,3.00E-05,2.87E-05,3.22E-05,2.69E-05,1.94E-05,1.57E-05,0.000895244,0.001559528,0.002854153,0.004512317,8.70E-05,0.000126999,0.000131693,0.000103682,7.16E-05,5.99E-05,0.001664766,9.73E-05,6.91E-05,7.32E-05,8.33E-05,7.08E-05,6.47E-05,8.36E-05,9.74E-05,0.005029573,0.006975962,0.009987722,0.000276622,0.000285447,0.000265518,0.000262261,0.00028516,0.000303056,0.000391234,0.000527598,0.00035083,0.000540075,0.000542506,0.02586004,0.051293172,0.060870282,0.001080787,0.000918693,0.000865296,0.000725069,0.000822159,0.000805649,0.000931765,0.001044425,0.000992566,0.000976546,0.000762202,0.001011731,0.001149904,0.001143455,0.090800114,0.07990583,0.074385293,0.060383588,0.069735572,0.043759312,0.03822533,0.045003653,0.001451652,0.001290262,0.001832667,0.001870211,0.001905515,0.001985207,0.001549943,0.001489656,0.00108231,0.000952783,0.000812058,0.000623294,0.047192674,0.050722051,0.049139105,0.032945774,0.000928251,0.039215278,0.034293123
Head 1,400,1.99E-05,1.99E-05,3.01E-05,2.90E-05,3.14E-05,3.21E-05,3.08E-05,2.69E-05,2.52E-05,2.31E-05,3.03E-05,3.95E-05,4.22E-05,4.31E-05,6.84E-05,0.000145056,0.000166482,0.00016277,0.000304287,0.000250477,0.000258727,0.000293764,0.000344104,0.000446726,0.000636518,0.001064186,0.001525567,0.002295402,0.00240957,0.002164615,0.002517091,0.002683463,0.00314803,0.002776994,0.002465653,0.001548181,0.001393889,4.27E-05,3.45E-05,0.000765573,0.001458325,4.96E-05,3.72E-05,2.78E-05,2.83E-05,2.60E-05,2.87E-05,2.45E-05,1.80E-05,1.47E-05,0.000778718,0.00130715,0.002193221,0.003483068,6.72E-05,9.82E-05,0.00010323,8.33E-05,5.88E-05,5.13E-05,0.001346544,9.11E-05,6.59E-05,6.89E-05,7.62E-05,6.21E-05,5.52E-05,6.97E-05,7.79E-05,0.004132507,0.005931829,0.008643189,0.000225166,0.000253551,0.000251459,0.000253196,0.000265835,0.000265011,0.000321817,0.000415677,0.00027077,0.000424027,0.000438466,0.024618169,0.047011495,0.053789336,0.00108133,0.00091409,0.000839597,0.000682645,0.000763212,0.000760534,0.00089012,0.000976737,0.000881489,0.000817726,0.000618536,0.000828211,0.000975623,0.001007419,0.087250009,0.079319775,0.074566767,0.060865242,0.07065618,0.044451654,0.038280215,0.043388564,0.001409393,0.001169222,0.001598992,0.001581844,0.001607037,0.001698581,0.001377321,0.001412594,0.001112308,0.00105213,0.000922707,0.000688612,0.045044035,0.050326977,0.050820518,0.034654684,0.000944598,0.039063767,0.031608351,0.031391978
Head 1,401,1.60E-05,2.43E-05,2.43E-05,2.73E-05,2.85E-05,2.71E-05,2.30E-05,2.09E-05,1.88E-05,2.46E-05,3.21E-05,3.46E-05,3.67E-05,6.09E-05,0.000136644,0.000160863,0.000150243,0.000223893,0.000174624,0.000187502,0.000236618,0.000309675,0.000418193,0.000573162,0.000891706,0.001220264,0.00180852,0.001853379,0.0016289,0.001879141,0.002042537,0.002500242,0.002339339,0.002161586,0.001351629,0.001177013,3.56E-05,2.78E-05,0.000637716,0.001238097,4.03E-05,3.20E-05,2.53E-05,2.59E-05,2.30E-05,2.43E-05,2.05E-05,1.53E-05,1.28E-05,0.00066796,0.001069038,0.001694239,0.002630773,5.17E-05,7.48E-05,7.84E-05,6.47E-05,4.69E-05,4.17E-05,0.001109419,7.94E-05,6.06E-05,6.55E-05,7.24E-05,5.72E-05,4.86E-05,6.01E-05,6.57E-05,0.003399407,0.004984026,0.007378486,0.000177917,0.000211722,0.000226641,0.0002446,0.000263083,0.000253314,0.000288049,0.00034632,0.000208323,0.000328024,0.0003482,0.024257243,0.046005066,0.050490785,0.001058492,0.000932949,0.000866634,0.000687852,0.000733778,0.000720454,0.000854587,0.000954208,0.00084964,0.000754106,0.000543892,0.000701362,0.000821446,0.000865995,0.083700515,0.079330578,0.077185437,0.063860625,0.074216932,0.045965172,0.039209757,0.043731399,0.001512623,0.001174945,0.001530065,0.001434222,0.001419909,0.00149206,0.001223871,0.001299037,0.001081325,0.001104943,0.00103914,0.000797276,0.041243065,0.047266163,0.04986883,0.035075445,0.000963243,0.040683497,0.031423923,0.029118031,0.017268727
Head 1,402,4.58E-05,4.75E-05,5.77E-05,6.48E-05,6.41E-05,5.45E-05,4.81E-05,4.02E-05,5.09E-05,6.45E-05,6.81E-05,7.08E-05,0.000115455,0.000245533,0.000265419,0.000252446,0.000223332,0.000165702,0.000145129,0.000175778,0.000264138,0.000436402,0.000698461,0.001088238,0.001258728,0.001462009,0.001225411,0.000955725,0.001083769,0.001239222,0.001648749,0.001657935,0.001770786,0.001251584,0.001222882,6.38E-05,5.67E-05,0.000609914,0.001103596,6.66E-05,5.47E-05,4.20E-05,4.59E-05,4.01E-05,3.97E-05,2.99E-05,2.06E-05,1.57E-05,0.000630919,0.001025071,0.001607985,0.002348319,7.81E-05,0.000106073,9.61E-05,6.91E-05,4.42E-05,3.36E-05,0.000471847,4.02E-05,3.11E-05,3.66E-05,4.51E-05,3.92E-05,3.45E-05,4.36E-05,4.68E-05,0.001434456,0.002095954,0.003076145,0.000131763,0.000139032,0.000137084,0.000147361,0.000172609,0.0001784,0.00020258,0.000230838,0.000142899,0.000196763,0.000188855,0.014761829,0.03672104,0.042541794,0.000693232,0.000589916,0.000522368,0.000395714,0.000398624,0.000361524,0.00039895,0.000442329,0.000421722,0.000409728,0.000279967,0.000370249,0.000411486,0.000403613,0.08517196,0.086387962,0.089756064,0.075251982,0.09145043,0.053487226,0.045201115,0.054186977,0.001320527,0.001093941,0.001620495,0.00157282,0.001504373,0.001568301,0.001299767,0.001448022,0.00122492,0.001382125,0.001445331,0.001250441,0.032205615,0.033092063,0.035665721,0.026725434,0.00219483,0.043505777,0.036339439,0.03486811,0.01750977,0.003122233
Head 1,403,3.67E-05,4.55E-05,5.29E-05,5.43E-05,4.78E-05,4.32E-05,3.65E-05,4.55E-05,5.58E-05,5.69E-05,5.80E-05,9.40E-05,0.000203871,0.000238474,0.000238264,0.000209713,0.000152072,0.000127269,0.000145714,0.000207522,0.000330452,0.000538225,0.000909634,0.001164566,0.001431303,0.001199561,0.000880166,0.000902562,0.000948592,0.001203399,0.001209252,0.001339081,0.00100328,0.001044237,5.42E-05,4.64E-05,0.000511419,0.000884552,5.40E-05,4.55E-05,3.61E-05,4.09E-05,3.73E-05,3.82E-05,2.92E-05,2.00E-05,1.45E-05,0.000524673,0.000866713,0.001428815,0.002063685,6.87E-05,9.52E-05,8.63E-05,6.23E-05,4.03E-05,3.06E-05,0.000435706,3.58E-05,2.79E-05,3.26E-05,4.03E-05,3.53E-05,3.15E-05,4.01E-05,4.27E-05,0.001319679,0.002045493,0.003066121,0.000121425,0.000130695,0.000130511,0.000139488,0.000162633,0.000169317,0.000197305,0.000228882,0.000141986,0.000184813,0.000165228,0.01316649,0.033413224,0.040366851,0.000660634,0.000609543,0.000570278,0.000445979,0.00045233,0.000401685,0.000418606,0.00043212,0.000387301,0.00036415,0.000253366,0.000340619,0.000387255,0.000384495,0.074857175,0.079638593,0.088086896,0.079211235,0.100525394,0.06016523,0.050065503,0.057384428,0.001303998,0.001050416,0.001567175,0.001522186,0.001441181,0.001466287,0.001179038,0.001292163,0.001096373,0.001270668,0.001392687,0.001256736,0.035394162,0.035057489,0.035331514,0.024769157,0.002138845,0.039888155,0.035177778,0.036245994,0.01927731,0.003269111,0.002362726
Head 1,404,4.18E-05,4.99E-05,5.30E-05,4.86E-05,4.54E-05,3.92E-05,4.92E-05,5.94E-05,5.85E-05,5.75E-05,8.99E-05,0.000193826,0.000242999,0.000256187,0.000233579,0.000165766,0.000136073,0.00015065,0.000205415,0.000309141,0.000476972,0.000801566,0.001101399,0.001479592,0.001335923,0.000992912,0.000951904,0.000902884,0.001039526,0.000996208,0.001104102,0.000862469,0.00095445,5.57E-05,4.70E-05,0.000523131,0.000877072,5.10E-05,4.36E-05,3.61E-05,4.21E-05,3.98E-05,4.20E-05,3.30E-05,2.30E-05,1.67E-05,0.000501389,0.000820435,0.001411571,0.00209675,6.78E-05,9.62E-05,8.81E-05,6.44E-05,4.22E-05,3.21E-05,0.000450841,3.74E-05,2.96E-05,3.44E-05,4.22E-05,3.68E-05,3.28E-05,4.23E-05,4.55E-05,0.001242338,0.002058544,0.003265933,0.000120189,0.000130279,0.000133754,0.000145279,0.000169476,0.000175187,0.000204853,0.000241517,0.000156702,0.000203713,0.000175772,0.012686856,0.031594917,0.038121294,0.000630067,0.000622001,0.000630629,0.000521264,0.000539937,0.000479582,0.000488214,0.000479935,0.000405672,0.000358991,0.000248369,0.000328365,0.000378307,0.000387311,0.06539759,0.070488207,0.081476249,0.078528188,0.105282627,0.066392653,0.056173556,0.062808998,0.001421873,0.001087382,0.001576711,0.001521139,0.001441968,0.001464895,0.001161521,0.001237578,0.001026821,0.001188383,0.001352062,0.001297065,0.038097631,0.039111882,0.038465507,0.025417037,0.002336,0.036824811,0.032778513,0.035217218,0.020098057,0.003306383,0.00253553,0.002872038
Head 1,405,3.46E-05,3.63E-05,3.43E-05,3.32E-05,3.03E-05,3.78E-05,4.68E-05,4.90E-05,5.12E-05,7.94E-05,0.000166775,0.000227096,0.000256814,0.000537664,0.000383182,0.000338378,0.00038335,0.00052322,0.000811001,0.001308838,0.002172774,0.00285316,0.003907984,0.003630497,0.002936916,0.003134696,0.003184727,0.003644021,0.003227945,0.003053258,0.00204694,0.001957425,9.62E-05,7.86E-05,0.001118906,0.002056056,9.05E-05,7.47E-05,6.20E-05,7.70E-05,7.66E-05,8.62E-05,7.22E-05,5.46E-05,4.36E-05,0.001748652,0.002488028,0.003320992,0.004285333,0.000191793,0.000257935,0.000250677,0.000199569,0.000142577,0.00011596,0.00177516,0.000186829,0.000145979,0.000162915,0.000194294,0.000168737,0.000146764,0.000176323,0.000180077,0.003670388,0.004856997,0.006614988,0.000331799,0.000323839,0.000284929,0.000276821,0.000299121,0.000299074,0.000337803,0.000370862,0.000217359,0.000292109,0.000287805,0.025207968,0.054251648,0.06772577,0.001368057,0.001462909,0.001461795,0.001317711,0.001412695,0.001289128,0.001294901,0.001247823,0.001009591,0.000842153,0.000503382,0.000596575,0.000636386,0.00061054,0.065731972,0.063860171,0.06899175,0.065066501,0.086597867,0.058147293,0.051749621,0.058023356,0.00161395,0.001244914,0.001551613,0.001275633,0.001043945,0.00092391,0.000678909,0.000688715,0.000558995,0.000578325,0.000570627,0.000483133,0.022199921,0.023991242,0.02725856,0.021976648,0.000866804,0.037521075,0.033612013,0.034308918,0.020111209,0.001521339,0.001095845,0.001149554,0.003057312
Head 1,406,2.92E-05,2.78E-05,2.75E-05,2.56E-05,3.25E-05,3.97E-05,4.04E-05,4.12E-05,6.37E-05,0.000136423,0.000194889,0.000227167,0.000500118,0.000352272,0.000304368,0.000332637,0.000434033,0.000645421,0.00103871,0.00184013,0.002663055,0.0039335,0.00374771,0.002917766,0.002908018,0.002816707,0.003186355,0.002849595,0.002708731,0.001791227,0.001701873,8.58E-05,6.64E-05,0.000969655,0.001815416,7.31E-05,5.97E-05,4.95E-05,6.12E-05,6.14E-05,7.16E-05,6.20E-05,4.80E-05,3.79E-05,0.001530763,0.002286943,0.003242827,0.004090398,0.000158184,0.000215146,0.000209756,0.000165933,0.000117216,9.48E-05,0.001574315,0.000158314,0.000124379,0.000135397,0.000157401,0.000134075,0.000117377,0.00014641,0.000153108,0.003471281,0.004858292,0.006797814,0.000290131,0.000290915,0.000262395,0.000251916,0.000265912,0.00026085,0.000298381,0.000336023,0.000195857,0.000254313,0.000229345,0.022868853,0.050430555,0.0643057,0.001099097,0.00125036,0.001295335,0.001193731,0.001320984,0.001262876,0.001317143,0.001270697,0.000988342,0.000781778,0.000454127,0.000525291,0.000562822,0.000546558,0.062576003,0.063462012,0.070236348,0.066892661,0.090347484,0.061807621,0.056845911,0.065412968,0.001547188,0.001176027,0.001511292,0.001269483,0.001037127,0.000887876,0.00061425,0.000597771,0.000476505,0.000505654,0.000520865,0.000449013,0.023736762,0.024953235,0.026685026,0.020193452,0.000782963,0.034675252,0.032123677,0.034192443,0.020277921,0.001358062,0.001037474,0.001127895,0.003091052,0.002220342
Head 1,407,2.45E-05,2.44E-05,2.31E-05,3.04E-05,3.78E-05,3.79E-05,3.76E-05,5.66E-05,0.000121199,0.000179256,0.000216198,0.000519114,0.000361757,0.00030879,0.000330191,0.000419667,0.0006027,0.0009329,0.001644079,0.002491845,0.003965289,0.004078262,0.003270898,0.003167003,0.002895096,0.003108339,0.002719376,0.002573239,0.001685105,0.001591868,8.64E-05,6.53E-05,0.000905553,0.001742135,6.41E-05,5.11E-05,4.26E-05,5.29E-05,5.33E-05,6.34E-05,5.64E-05,4.51E-05,3.65E-05,0.001406678,0.002157433,0.003220758,0.004194673,0.000138402,0.000189815,0.000185697,0.000146664,0.000103766,8.33E-05,0.001449564,0.000140194,0.000112074,0.000121663,0.000138402,0.000114316,9.73E-05,0.000122518,0.000131324,0.003156619,0.004662011,0.006892303,0.000253486,0.000255578,0.000236938,0.000231057,0.00024372,0.000234612,0.00026532,0.000301366,0.000176881,0.00023296,0.000201934,0.02122301,0.047913693,0.061939273,0.000840234,0.001013955,0.001117446,0.001082018,0.001233523,0.001224173,0.001337334,0.001331319,0.001033054,0.000789642,0.000440494,0.000483487,0.000503417,0.000488109,0.058557823,0.060577016,0.06922093,0.067707635,0.09392146,0.065184772,0.061627626,0.073011965,0.001587486,0.001171729,0.001492941,0.001263196,0.001040438,0.000885132,0.00059027,0.000548488,0.000415394,0.000433382,0.000456773,0.000407854,0.024372336,0.026386902,0.02765117,0.019727329,0.000723739,0.031861704,0.029679991,0.03263149,0.019793496,0.001177147,0.000933046,0.001079294,0.003206689,0.002349457,0.002011095
Head 1,408,2.02E-05,1.92E-05,2.62E-05,3.40E-05,3.45E-05,3.37E-05,4.93E-05,0.000103036,0.000153505,0.0001899,0.000518354,0.000363193,0.000307311,0.000321325,0.000401351,0.000570817,0.00086427,0.001475134,0.002198154,0.003596561,0.003968778,0.003431677,0.003450029,0.003108137,0.003174983,0.002649402,0.002432201,0.001563745,0.001462376,8.23E-05,6.22E-05,0.000797199,0.001585732,5.43E-05,4.12E-05,3.38E-05,4.25E-05,4.32E-05,5.24E-05,4.75E-05,3.88E-05,3.22E-05,0.001271948,0.001959354,0.002966595,0.004088258,0.000116271,0.000158887,0.000155674,0.000123079,8.88E-05,7.25E-05,0.001310182,0.000121793,9.80E-05,0.000107408,0.000121522,9.81E-05,8.00E-05,9.82E-05,0.000105659,0.002784315,0.004214945,0.006604725,0.000224128,0.000224384,0.000210104,0.000209484,0.000226213,0.000218378,0.000243506,0.00027352,0.00015574,0.000209039,0.000179919,0.019211942,0.044709932,0.059377085,0.000622436,0.000762966,0.000890209,0.000926753,0.001111063,0.001148,0.001307979,0.001361854,0.001087304,0.000834058,0.00044719,0.00046502,0.000458771,0.000429115,0.057399299,0.058238897,0.067387201,0.067666836,0.0969785,0.068272389,0.065897979,0.080282144,0.001627574,0.001194232,0.001488266,0.001246692,0.001030196,0.000885532,0.000587028,0.000537426,0.000388947,0.00038842,0.000402778,0.000363702,0.024675984,0.027968785,0.029730881,0.020534126,0.000662689,0.030527532,0.027648717,0.030726431,0.019022791,0.001031101,0.000812682,0.000984302,0.003208868,0.002528243,0.002228361,0.001737526
Head 1,409,1.28E-05,1.75E-05,2.39E-05,2.60E-05,2.70E-05,4.59E-05,0.000107076,0.000156862,0.000196054,0.00051731,0.000389308,0.000338293,0.000352453,0.000438062,0.000661598,0.001093919,0.002005241,0.002895431,0.004535249,0.004594103,0.003856044,0.00432108,0.004435641,0.004935298,0.003922926,0.003132344,0.001699224,0.001442351,8.46E-05,6.22E-05,0.000709454,0.001417488,4.67E-05,2.81E-05,1.81E-05,1.95E-05,1.91E-05,2.44E-05,2.33E-05,1.99E-05,1.73E-05,0.000963233,0.001531966,0.002206441,0.00302818,8.83E-05,0.000118622,0.000104534,7.34E-05,4.67E-05,3.83E-05,0.000758506,7.89E-05,6.26E-05,6.85E-05,7.93E-05,6.67E-05,5.54E-05,6.43E-05,6.21E-05,0.001844646,0.002378982,0.003557669,9.61E-05,9.68E-05,8.55E-05,8.31E-05,9.27E-05,0.000100858,0.000132831,0.000175216,0.000120341,0.000169017,0.000141071,0.016542356,0.035968501,0.046336211,0.000371814,0.000398847,0.000411924,0.000431225,0.000601568,0.000749043,0.001009326,0.001180287,0.001029613,0.000847778,0.000472147,0.000492378,0.000443248,0.000347713,0.076904565,0.063850947,0.060281437,0.05167501,0.076119117,0.055542517,0.061130095,0.088153467,0.001106184,0.000979256,0.00140726,0.001261035,0.001036558,0.000855201,0.000535981,0.000483907,0.000342878,0.000331968,0.000312449,0.000253969,0.03096508,0.03561841,0.039539542,0.028489301,0.000724122,0.042563912,0.033687495,0.032721847,0.016893685,0.000943489,0.000698981,0.0007965,0.00312697,0.002736542,0.002921338,0.002672195,0.007462885
Head 1,410,1.72E-05,2.34E-05,2.55E-05,2.69E-05,4.66E-05,0.000110927,0.000157108,0.000189874,0.000487499,0.000381792,0.00035295,0.000382285,0.000468012,0.000664766,0.001038233,0.001881644,0.002784532,0.004425184,0.004454996,0.003610353,0.003954942,0.004177242,0.005053511,0.004432457,0.003699027,0.001945989,0.00152492,9.29E-05,6.72E-05,0.00068859,0.001400035,5.33E-05,3.27E-05,2.05E-05,2.02E-05,1.82E-05,2.20E-05,2.10E-05,1.83E-05,1.65E-05,0.000864901,0.001467725,0.002284997,0.003141959,8.58E-05,0.000116181,0.000103466,7.35E-05,4.59E-05,3.65E-05,0.000776437,8.29E-05,6.87E-05,7.50E-05,8.40E-05,6.89E-05,5.78E-05,6.93E-05,6.96E-05,0.002020592,0.002642564,0.003809049,0.000106536,0.000110791,0.000100197,9.50E-05,9.92E-05,0.000100911,0.000128603,0.000172451,0.000123109,0.000180274,0.000150417,0.016001668,0.033598773,0.041791193,0.000375305,0.000404047,0.000388649,0.000370188,0.00048904,0.000621587,0.000909872,0.001169077,0.001094171,0.000935289,0.000532145,0.000554276,0.000508166,0.000408268,0.079392545,0.071012184,0.067190014,0.053699523,0.072211079,0.048513558,0.0521641,0.07709229,0.000967676,0.000852509,0.001275935,0.001222194,0.001068952,0.000904391,0.000562644,0.000498694,0.000354585,0.000355909,0.000348288,0.000282473,0.033141814,0.03759728,0.040471524,0.028703798,0.000766301,0.044268116,0.036067881,0.034676816,0.017177606,0.000923517,0.000711308,0.000814482,0.003131401,0.00278612,0.00299674,0.00286059,0.00894885,0.005632027
Head 1,411,2.32E-05,2.52E-05,2.66E-05,4.64E-05,0.000114815,0.000163204,0.000193687,0.000461825,0.000356579,0.000344398,0.000396281,0.000503835,0.000699659,0.001014287,0.001721368,0.002549766,0.004190089,0.004429654,0.003593815,0.003758578,0.003768674,0.004597833,0.0044336,0.004147872,0.002309459,0.001757186,0.000103428,7.43E-05,0.000656546,0.001339865,5.90E-05,3.76E-05,2.44E-05,2.30E-05,1.89E-05,2.06E-05,1.86E-05,1.61E-05,1.52E-05,0.000710925,0.001269963,0.002218629,0.003336831,8.25E-05,0.000113999,0.00010247,7.43E-05,4.64E-05,3.48E-05,0.000809388,7.93E-05,7.04E-05,8.14E-05,9.15E-05,7.29E-05,5.93E-05,7.08E-05,7.39E-05,0.002071665,0.002904598,0.004231636,0.000112868,0.000116273,0.000108538,0.000105697,0.000106846,0.000100669,0.000118196,0.000153143,0.000111165,0.000177721,0.000158344,0.015135487,0.03180429,0.038856048,0.000363651,0.000417832,0.000402763,0.000356729,0.000418995,0.000491683,0.000729531,0.00102313,0.001070754,0.000996999,0.000606169,0.00062917,0.000574737,0.000471339,0.073618226,0.072106123,0.074422441,0.060520649,0.07689108,0.045806509,0.044830218,0.063885987,0.000913369,0.000756092,0.001106472,0.001103071,0.00104611,0.000949446,0.000607699,0.000521842,0.00035435,0.000350842,0.000357386,0.000305809,0.033504263,0.039385423,0.041929509,0.028597273,0.000741546,0.043164581,0.037140783,0.037088968,0.018560397,0.000888111,0.000694117,0.00083615,0.003108426,0.002844167,0.003024416,0.002871677,0.009407008,0.006712081,0.006685554
Head 1,412,2.59E-05,2.72E-05,4.69E-05,0.000117637,0.000171563,0.000205764,0.000475506,0.0003513,0.000338509,0.000401543,0.000539887,0.000783033,0.001115686,0.001748152,0.002411521,0.003868439,0.004287338,0.003719482,0.003982577,0.0038016,0.00434291,0.00417982,0.004242766,0.002644351,0.002141967,0.000113484,8.40E-05,0.000674836,0.001317234,6.58E-05,4.26E-05,2.86E-05,2.77E-05,2.20E-05,2.17E-05,1.78E-05,1.42E-05,1.34E-05,0.000621814,0.00108034,0.001909335,0.003286483,7.95E-05,0.000112141,0.000101346,7.48E-05,4.83E-05,3.54E-05,0.000859072,7.11E-05,6.50E-05,8.20E-05,9.87E-05,8.10E-05,6.41E-05,7.27E-05,7.53E-05,0.002056849,0.003059291,0.004722837,0.000125165,0.000122887,0.000113158,0.00011437,0.000118647,0.000109364,0.000118248,0.000140004,9.50E-05,0.000159625,0.000156721,0.013849172,0.029532842,0.036588259,0.000333332,0.000397284,0.000403196,0.000363301,0.000397532,0.000412452,0.000559248,0.0007865,0.000900131,0.000949701,0.000644558,0.000701205,0.000639261,0.000519835,0.069486566,0.067205966,0.074633203,0.066602804,0.087437645,0.04920353,0.043198179,0.05608061,0.000918341,0.00072005,0.000969773,0.000932984,0.000915306,0.000901517,0.000628304,0.000555507,0.000364963,0.000337173,0.000332849,0.000293085,0.030766319,0.038753811,0.043372832,0.029554982,0.000647307,0.041221105,0.035851471,0.037344206,0.020000853,0.000854716,0.000627547,0.000769509,0.002900447,0.002764957,0.003031299,0.002859931,0.008730241,0.006701469,0.007575841,0.007529634
Head 1,413,2.20E-05,3.72E-05,9.08E-05,0.000132971,0.000161728,0.000377348,0.000278705,0.000265364,0.000315376,0.000436272,0.000664767,0.000996112,0.001539808,0.001973211,0.002917812,0.003159538,0.002910527,0.003358633,0.003290066,0.003575326,0.003204471,0.003225636,0.002183314,0.001966325,9.23E-05,7.09E-05,0.000603967,0.00108242,5.85E-05,3.76E-05,2.54E-05,2.57E-05,2.10E-05,2.01E-05,1.52E-05,1.11E-05,9.67E-06,0.000510728,0.000813407,0.001349232,0.002477452,6.61E-05,9.46E-05,8.62E-05,6.47E-05,4.38E-05,3.32E-05,0.000787571,5.74E-05,5.13E-05,6.77E-05,8.97E-05,8.07E-05,6.62E-05,7.23E-05,7.09E-05,0.001928005,0.002879922,0.004661313,0.000132383,0.000127106,0.000110902,0.000111376,0.000119774,0.00011376,0.000120537,0.000132317,7.79E-05,0.000125834,0.000128857,0.012241073,0.025882447,0.033078171,0.000299837,0.000348635,0.000360188,0.000346226,0.000390793,0.000381251,0.000458163,0.000589834,0.000669206,0.000769843,0.000596149,0.000727581,0.000700524,0.000566517,0.075005159,0.065609336,0.072237372,0.070104696,0.100316145,0.059178524,0.049492974,0.058150396,0.00096066,0.000748682,0.000945297,0.000835506,0.000786891,0.000791419,0.000591418,0.000571471,0.000389133,0.000344132,0.000314296,0.000262364,0.027347934,0.035313133,0.0423925,0.03041482,0.000576915,0.04064725,0.033753481,0.035233736,0.020056549,0.000889715,0.000600536,0.000700732,0.002416011,0.002306378,0.002654873,0.002605874,0.006773213,0.005281402,0.006399753,0.007237777,0.003544781
Head 1,414,3.52E-05,8.52E-05,0.000125366,0.000153834,0.000350948,0.000257189,0.000241907,0.000283934,0.000390417,0.000608268,0.000976997,0.00160183,0.00203246,0.002801416,0.002779025,0.002503377,0.003030347,0.003204163,0.003569582,0.003028793,0.002850197,0.001918243,0.001835534,8.78E-05,6.70E-05,0.000664779,0.001121623,6.31E-05,4.04E-05,2.68E-05,2.71E-05,2.29E-05,2.21E-05,1.62E-05,1.10E-05,8.61E-06,0.000507403,0.000751089,0.001075331,0.001845831,6.05E-05,8.76E-05,8.05E-05,6.06E-05,4.10E-05,3.25E-05,0.000739621,5.43E-05,4.55E-05,5.78E-05,7.95E-05,7.78E-05,7.05E-05,7.95E-05,7.56E-05,0.001962533,0.002827511,0.004571295,0.000144005,0.000141859,0.000119396,0.000114847,0.000123057,0.000120865,0.000131471,0.000140331,7.67E-05,0.000110787,0.000108594,0.011981115,0.023927558,0.029631972,0.000305087,0.000329779,0.000322723,0.00031501,0.000382377,0.000384099,0.000435545,0.000501907,0.000520612,0.000593411,0.000497372,0.000693004,0.000754293,0.00064905,0.087419897,0.069109969,0.06868425,0.065487139,0.097763658,0.064168878,0.056225237,0.064216517,0.000994075,0.000798401,0.000999509,0.000825878,0.000717931,0.000688005,0.000521621,0.000548601,0.000414031,0.000382391,0.00033538,0.000256582,0.024923574,0.03084188,0.038311806,0.029804084,0.00057727,0.04204331,0.033319112,0.033281662,0.019111583,0.000952311,0.000632666,0.000681447,0.002271192,0.002043156,0.002368749,0.002455411,0.0058524,0.00459293,0.005609358,0.006834377,0.003778541,0.003570937
Head 1,415,8.02E-05,0.000118218,0.000145903,0.000333286,0.00023681,0.00021911,0.00025458,0.000343908,0.000527234,0.000873983,0.001548558,0.002096497,0.002881626,0.002650563,0.002190044,0.002564039,0.002859019,0.003429661,0.002961454,0.002664802,0.001688662,0.001590965,8.59E-05,6.27E-05,0.000716771,0.001223728,6.66E-05,4.41E-05,2.93E-05,2.88E-05,2.45E-05,2.41E-05,1.77E-05,1.17E-05,8.54E-06,0.000507913,0.000742767,0.00098468,0.001466614,5.43E-05,8.03E-05,7.53E-05,5.74E-05,3.81E-05,3.03E-05,0.000710179,5.44E-05,4.38E-05,5.15E-05,6.82E-05,6.86E-05,6.82E-05,8.52E-05,8.43E-05,0.002062096,0.002871271,0.004471667,0.000149818,0.000156449,0.000133744,0.000123689,0.000127544,0.000125049,0.000140703,0.000152985,8.29E-05,0.000108011,9.60E-05,0.012514965,0.023727961,0.027445037,0.000321199,0.000335269,0.000302412,0.000277837,0.000347114,0.00037156,0.00043468,0.000476403,0.000445793,0.000464602,0.000388623,0.000582389,0.000724589,0.000707489,0.099337213,0.078462489,0.070940375,0.061603624,0.088292152,0.062134564,0.059519116,0.071195558,0.001013677,0.000829166,0.001078195,0.000877936,0.000716843,0.000632325,0.000451726,0.000481471,0.000396902,0.000407724,0.000375184,0.000275048,0.024323391,0.027493069,0.032861058,0.02655589,0.000601147,0.042643849,0.033975866,0.032564443,0.017882023,0.000964069,0.000681002,0.000708405,0.002277218,0.00189217,0.002056725,0.00215668,0.004957836,0.004004829,0.004853888,0.005972939,0.003485764,0.003779329,0.003741623
Head 1,416,0.000121311,0.000151247,0.000374549,0.000246468,0.000218532,0.000249046,0.000332207,0.000498129,0.000813726,0.001502203,0.002222432,0.003271594,0.00301106,0.002295654,0.00244639,0.002654654,0.003342674,0.003084103,0.002840002,0.001713262,0.001522971,9.31E-05,6.43E-05,0.000759703,0.001420165,7.07E-05,4.93E-05,3.42E-05,3.35E-05,2.78E-05,2.71E-05,2.02E-05,1.33E-05,9.42E-06,0.000507359,0.000782598,0.001044973,0.001409078,4.81E-05,7.31E-05,7.05E-05,5.53E-05,3.62E-05,2.78E-05,0.00074132,5.49E-05,4.44E-05,4.92E-05,6.00E-05,5.72E-05,5.78E-05,7.97E-05,8.73E-05,0.00213926,0.002992955,0.004520645,0.000147547,0.000159564,0.000143998,0.000133392,0.000132495,0.000125372,0.000140878,0.000156451,8.83E-05,0.000111473,9.17E-05,0.013235058,0.025499538,0.027892195,0.000318643,0.000343574,0.000299797,0.000251517,0.000297983,0.000323314,0.000402729,0.000452338,0.000404272,0.000381514,0.000294551,0.000434599,0.000583211,0.00065561,0.099396005,0.087603286,0.078926437,0.062851161,0.08201059,0.056304321,0.056575086,0.072615854,0.001016561,0.000809344,0.001081597,0.000902625,0.000727504,0.000608887,0.000402279,0.000403774,0.000337351,0.000379703,0.000390252,0.00030095,0.025253402,0.026508691,0.029005148,0.022480965,0.000585896,0.039983645,0.034022287,0.032907281,0.017320994,0.000882218,0.00067919,0.000735033,0.002441323,0.001941836,0.001911225,0.001880562,0.004285082,0.00357384,0.004397193,0.005352772,0.003111819,0.003609664,0.004084437,0.005425646
Head 1,417,0.000122698,0.00024633,0.000141765,0.000114682,0.000113765,0.000133059,0.000179848,0.000284884,0.000538012,0.000874483,0.001409385,0.001354374,0.000997234,0.000914334,0.0008417,0.000917141,0.000828898,0.000803968,0.00055647,0.000535283,2.08E-05,1.41E-05,0.000276619,0.00053228,1.70E-05,1.34E-05,1.13E-05,1.27E-05,1.21E-05,1.24E-05,1.01E-05,7.26E-06,5.61E-06,0.000356984,0.000576721,0.000721404,0.000933365,2.27E-05,3.31E-05,3.23E-05,2.50E-05,1.66E-05,1.28E-05,0.000479886,2.03E-05,1.45E-05,1.53E-05,1.84E-05,1.66E-05,1.62E-05,2.24E-05,2.57E-05,0.001508219,0.002419994,0.00397743,5.81E-05,6.78E-05,7.29E-05,8.13E-05,9.79E-05,0.000108308,0.00013569,0.000160289,7.35E-05,8.64E-05,7.08E-05,0.014472516,0.028276343,0.031936336,0.000239232,0.000268492,0.000278407,0.000254762,0.000304501,0.000320289,0.000377013,0.000416271,0.00037447,0.000359751,0.000306106,0.000435649,0.000585393,0.000670296,0.077967376,0.072615571,0.072196119,0.065785699,0.087096684,0.064756036,0.065057419,0.078196384,0.001763232,0.001530971,0.002109347,0.001863577,0.001625333,0.001418458,0.000961092,0.000948504,0.000798727,0.000890979,0.000965077,0.000803408,0.031441238,0.030221004,0.029778393,0.021734618,0.001041592,0.036910601,0.035157468,0.038907964,0.025057282,0.001599227,0.001316743,0.001467388,0.002479731,0.001958471,0.001761369,0.001587806,0.002856122,0.002349793,0.003003921,0.003923092,0.002589547,0.003004454,0.003327583,0.004242392,0.007923564
Head 1,418,0.000304048,0.000173862,0.000134526,0.000126304,0.000141942,0.000186842,0.000284366,0.000520714,0.000861382,0.001480093,0.001556073,0.001212824,0.001105165,0.000973715,0.001009011,0.000882015,0.000836067,0.000562412,0.000529913,2.31E-05,1.56E-05,0.00027846,0.000584711,1.70E-05,1.30E-05,1.12E-05,1.30E-05,1.27E-05,1.35E-05,1.12E-05,8.10E-06,6.22E-06,0.000355316,0.000587014,0.000744211,0.000986669,1.98E-05,2.94E-05,2.98E-05,2.40E-05,1.68E-05,1.33E-05,0.000517516,2.18E-05,1.57E-05,1.60E-05,1.79E-05,1.49E-05,1.35E-05,1.85E-05,2.22E-05,0.001359884,0.002165533,0.003647483,5.07E-05,5.85E-05,6.40E-05,7.31E-05,8.94E-05,9.96E-05,0.000126504,0.000154144,7.26E-05,8.85E-05,7.12E-05,0.014269311,0.029373482,0.033546209,0.000192216,0.000218191,0.000235815,0.000220312,0.000263911,0.000280269,0.000342752,0.000391242,0.00034981,0.0003176,0.00024539,0.000328268,0.000434542,0.000525117,0.077517539,0.075520582,0.076437019,0.067994751,0.086779349,0.06274718,0.063827567,0.079976968,0.00176898,0.001506049,0.002043196,0.001820159,0.00160167,0.001402002,0.000927892,0.000879818,0.000712417,0.000791597,0.000896759,0.000798452,0.034397133,0.033320989,0.031134088,0.020824483,0.001009442,0.031595249,0.029723875,0.033285499,0.02163671,0.001358429,0.00115144,0.001372369,0.002536249,0.002158014,0.001936074,0.001628721,0.002763378,0.002086416,0.002546537,0.003275443,0.002191138,0.002657011,0.003195041,0.004525749,0.007603327,0.007128165
Head 1,419,0.000210896,0.000162755,0.000145621,0.000154354,0.000195035,0.000285823,0.00050231,0.000810006,0.001417041,0.001591499,0.00134327,0.001276188,0.00112331,0.001123778,0.000948246,0.000866988,0.000568263,0.000522151,2.59E-05,1.79E-05,0.000260357,0.000578914,1.79E-05,1.31E-05,1.10E-05,1.30E-05,1.30E-05,1.45E-05,1.25E-05,9.30E-06,7.24E-06,0.000344628,0.000575952,0.00072781,0.001013888,1.82E-05,2.66E-05,2.70E-05,2.23E-05,1.65E-05,1.38E-05,0.000522777,2.39E-05,1.77E-05,1.81E-05,1.95E-05,1.55E-05,1.30E-05,1.67E-05,1.97E-05,0.001243188,0.001900915,0.00317615,4.72E-05,5.29E-05,5.71E-05,6.53E-05,8.04E-05,9.07E-05,0.00011668,0.000146031,7.22E-05,9.23E-05,7.55E-05,0.0133105,0.028792465,0.03443848,0.000163732,0.000179916,0.000199295,0.000193472,0.000236493,0.000255262,0.000320793,0.000380063,0.00034895,0.000314403,0.000226152,0.000282366,0.0003508,0.000415895,0.074787244,0.075460933,0.07910604,0.070888236,0.088773698,0.062265441,0.061945569,0.078063495,0.00186729,0.001586504,0.002095997,0.001869198,0.001655768,0.001463821,0.000964921,0.000893327,0.000693183,0.000739795,0.000833855,0.000772109,0.036499187,0.037056591,0.03437693,0.021783629,0.001046399,0.028352106,0.025465541,0.028124563,0.018342389,0.001201167,0.0009985,0.001213816,0.002402391,0.002243913,0.002144514,0.001788021,0.002975407,0.002031358,0.002264418,0.002740652,0.001801269,0.00219821,0.002767534,0.004280737,0.007538497,0.007012978,0.009301383
Head 1,420,0.00019714,0.000175421,0.000177294,0.000211819,0.000295193,0.000495289,0.000768698,0.001330294,0.001531054,0.001367197,0.00136535,0.001237881,0.001236176,0.001029058,0.000910212,0.000580789,0.000518459,2.82E-05,1.98E-05,0.000244016,0.000550069,1.95E-05,1.36E-05,1.11E-05,1.27E-05,1.28E-05,1.48E-05,1.35E-05,1.05E-05,8.41E-06,0.000329462,0.00055193,0.000684976,0.000999475,1.73E-05,2.44E-05,2.44E-05,2.01E-05,1.54E-05,1.37E-05,0.000498857,2.56E-05,1.98E-05,2.07E-05,2.22E-05,1.71E-05,1.36E-05,1.62E-05,1.82E-05,0.001163987,0.001694039,0.002745229,4.39E-05,4.90E-05,5.24E-05,5.98E-05,7.31E-05,8.29E-05,0.000107718,0.000138593,7.19E-05,9.64E-05,8.15E-05,0.012348207,0.027022671,0.033436492,0.000151505,0.000156723,0.000170664,0.000167586,0.000207857,0.000228942,0.000294518,0.000359813,0.000340663,0.000311026,0.000216132,0.000257793,0.00030159,0.000341187,0.070988812,0.073582925,0.079774573,0.072910152,0.090838857,0.062442683,0.060160041,0.074320644,0.001946957,0.001653272,0.002129326,0.001895686,0.001687337,0.00150307,0.000995666,0.000916038,0.000695592,0.000718587,0.000791995,0.000740096,0.037611842,0.040721036,0.038812127,0.024196684,0.001156337,0.027277853,0.022854758,0.024115395,0.015407643,0.001106535,0.00089582,0.001076272,0.002111022,0.002119866,0.002204289,0.001925613,0.003356379,0.002171667,0.00222371,0.002478026,0.001545084,0.001823676,0.002310057,0.003754882,0.007497685,0.007011004,0.009186612,0.011862502
Head 1,421,0.000209674,0.000208874,0.000238937,0.000316897,0.000503586,0.000740836,0.001238726,0.001414222,0.001310707,0.001379831,0.001309897,0.001329327,0.001109789,0.000956723,0.000598212,0.000518064,3.06E-05,2.19E-05,0.000229708,0.000509973,2.19E-05,1.46E-05,1.15E-05,1.26E-05,1.25E-05,1.46E-05,1.40E-05,1.14E-05,9.69E-06,0.000310927,0.000514229,0.000610897,0.000922915,1.73E-05,2.32E-05,2.24E-05,1.80E-05,1.39E-05,1.30E-05,0.000446562,2.67E-05,2.18E-05,2.39E-05,2.61E-05,2.02E-05,1.57E-05,1.74E-05,1.81E-05,0.001090331,0.001508162,0.002340672,4.14E-05,4.61E-05,4.90E-05,5.59E-05,6.78E-05,7.68E-05,9.96E-05,0.000129232,7.07E-05,9.85E-05,8.76E-05,0.011346267,0.024380419,0.030545507,0.000150588,0.00014438,0.000151376,0.000148001,0.000184659,0.00020686,0.000269916,0.000337442,0.000331949,0.000313381,0.000218141,0.000253291,0.000280646,0.000298065,0.065556817,0.068632558,0.076572314,0.072523139,0.091655873,0.063306354,0.059354268,0.070861906,0.002115217,0.001795499,0.002237171,0.00196643,0.00174371,0.001557386,0.001044338,0.000964101,0.000726513,0.000727872,0.000772422,0.000712599,0.035968874,0.04213744,0.042908169,0.027671151,0.001339359,0.028119272,0.021818139,0.021506542,0.01325399,0.001081381,0.00084531,0.000982872,0.001825307,0.001921972,0.002180659,0.002057824,0.003890262,0.002491649,0.00240607,0.00248397,0.001462308,0.001616643,0.001964436,0.003179477,0.007531311,0.007176412,0.009532952,0.012076437,0.021038214
Head 1,422,0.000220423,0.000249221,0.000320637,0.000489129,0.000687224,0.001109355,0.001216346,0.001125114,0.001228385,0.00123141,0.001303945,0.001117899,0.000953015,0.000580961,0.000483717,2.87E-05,2.04E-05,0.00019946,0.000433181,2.12E-05,1.38E-05,1.04E-05,1.09E-05,1.04E-05,1.19E-05,1.17E-05,9.98E-06,8.92E-06,0.000265718,0.000433827,0.000493818,0.000751772,1.55E-05,1.99E-05,1.82E-05,1.41E-05,1.05E-05,1.01E-05,0.000345772,2.26E-05,1.93E-05,2.24E-05,2.57E-05,2.06E-05,1.61E-05,1.71E-05,1.67E-05,0.000978722,0.001299667,0.001920207,3.41E-05,3.81E-05,4.03E-05,4.60E-05,5.52E-05,6.19E-05,7.97E-05,0.000103327,5.90E-05,8.47E-05,7.95E-05,0.010418185,0.021904076,0.027250066,0.000147279,0.000132484,0.000131221,0.000124091,0.000153069,0.000173019,0.000228121,0.000289756,0.000292911,0.000285422,0.000202815,0.000234588,0.000251544,0.000251647,0.061293632,0.064165629,0.072858378,0.071044408,0.092371412,0.064658016,0.059995268,0.06993176,0.002158124,0.00183094,0.002248026,0.001949309,0.001713329,0.001517622,0.001017891,0.000946072,0.00071419,0.00070594,0.0007229,0.000642247,0.032615274,0.040932488,0.045383707,0.031227881,0.001461003,0.031480115,0.022895284,0.020911662,0.011955519,0.001076232,0.000809766,0.000907949,0.001472207,0.001552265,0.001873854,0.001925098,0.003879873,0.002574609,0.002462067,0.002419465,0.001333026,0.001371594,0.001570259,0.002464571,0.007273699,0.007075776,0.009720913,0.012509601,0.02133649,0.020044656
Head 1,423,0.000259068,0.000331212,0.000494395,0.000676769,0.001063121,0.001100922,0.000975991,0.00106183,0.001100416,0.001224021,0.001106035,0.00096304,0.000583957,0.000469687,2.77E-05,1.93E-05,0.000179774,0.000379986,2.06E-05,1.34E-05,9.96E-06,9.90E-06,8.96E-06,9.85E-06,9.61E-06,8.44E-06,7.91E-06,0.000230453,0.000373055,0.000413126,0.000613588,1.47E-05,1.81E-05,1.56E-05,1.15E-05,8.16E-06,7.70E-06,0.00027098,1.82E-05,1.63E-05,2.01E-05,2.44E-05,2.06E-05,1.66E-05,1.77E-05,1.65E-05,0.000920091,0.001188896,0.00166862,2.83E-05,3.15E-05,3.33E-05,3.83E-05,4.57E-05,5.08E-05,6.46E-05,8.29E-05,4.88E-05,7.07E-05,6.89E-05,0.009830195,0.020145649,0.024405079,0.000147428,0.000128553,0.000120439,0.000107762,0.000128022,0.000143113,0.000188918,0.000242686,0.000251174,0.000252502,0.000187724,0.000219313,0.00023226,0.000222727,0.057578877,0.060188785,0.069165356,0.068842083,0.09189181,0.065384544,0.060936753,0.070316076,0.002170361,0.001850229,0.002276775,0.001961663,0.001707626,0.001484772,0.000981472,0.000905383,0.000684832,0.000678481,0.000683704,0.000588257,0.028877199,0.037623312,0.044748604,0.033174723,0.001525948,0.036130644,0.025658881,0.022116501,0.011632631,0.001104612,0.000805954,0.000876121,0.001211893,0.001230181,0.001510357,0.001655334,0.003494608,0.002521501,0.002529243,0.002466804,0.001297505,0.001243339,0.001323118,0.001959022,0.006975703,0.006889869,0.009762396,0.012966899,0.022360217,0.02027468,0.018236067
Head 1,424,0.000342708,0.000507583,0.000691337,0.001076606,0.001063186,0.000889082,0.000930846,0.000961032,0.00109969,0.001050023,0.000956701,0.000594732,0.00047181,2.83E-05,1.91E-05,0.000170789,0.000350567,2.08E-05,1.37E-05,1.02E-05,9.87E-06,8.49E-06,8.77E-06,8.32E-06,7.32E-06,7.08E-06,0.000206217,0.00033136,0.000366012,0.000522132,1.50E-05,1.80E-05,1.49E-05,1.05E-05,7.05E-06,6.33E-06,0.000228095,1.49E-05,1.39E-05,1.80E-05,2.33E-05,2.10E-05,1.80E-05,1.96E-05,1.82E-05,0.000914725,0.001169015,0.001576892,2.55E-05,2.78E-05,2.93E-05,3.40E-05,4.06E-05,4.49E-05,5.66E-05,7.15E-05,4.28E-05,6.16E-05,6.13E-05,0.009496881,0.018972119,0.022264108,0.000151894,0.000133243,0.000120484,0.000101828,0.00011434,0.0001232,0.000159592,0.000204774,0.000215524,0.000223157,0.000178277,0.000212549,0.000226718,0.000213611,0.054334212,0.056351069,0.065239102,0.066034645,0.090180039,0.065449849,0.061937895,0.071465015,0.002190568,0.001892345,0.002359013,0.002041787,0.001773236,0.001515177,0.00098203,0.000885139,0.000664191,0.0006584,0.000660551,0.000557804,0.025482567,0.033393085,0.041419648,0.032762833,0.001517543,0.040286418,0.029184464,0.024596255,0.012198459,0.00116211,0.000828589,0.000882217,0.001051237,0.001007259,0.00120282,0.001353546,0.002875269,0.002310662,0.002548473,0.002596984,0.001366599,0.00124474,0.001231311,0.001684807,0.006730549,0.006691537,0.0096509,0.013222707,0.023415223,0.021143533,0.018333299,0.01901217
Head 1,425,0.000503084,0.000693589,0.001095136,0.001055872,0.000839292,0.000833575,0.000830689,0.000945164,0.000931692,0.000891037,0.000579057,0.000464347,2.82E-05,1.86E-05,0.000161482,0.000326273,2.02E-05,1.36E-05,1.03E-05,1.00E-05,8.33E-06,8.07E-06,7.26E-06,6.19E-06,6.00E-06,0.00018258,0.00029298,0.000329631,0.000452481,1.52E-05,1.82E-05,1.46E-05,9.96E-06,6.38E-06,5.35E-06,0.000196447,1.17E-05,1.10E-05,1.48E-05,2.03E-05,1.96E-05,1.80E-05,2.08E-05,2.00E-05,0.000913344,0.001176489,0.001559662,2.39E-05,2.49E-05,2.56E-05,2.97E-05,3.58E-05,3.96E-05,4.98E-05,6.17E-05,3.74E-05,5.30E-05,5.33E-05,0.009177711,0.018270778,0.02097939,0.000152056,0.000137737,0.000124203,0.000101033,0.000107385,0.000109362,0.000135773,0.000170441,0.000179723,0.000190261,0.000164981,0.000202739,0.000221312,0.000209903,0.05221482,0.053039979,0.061363183,0.062828153,0.087864697,0.065053374,0.062922604,0.073444843,0.002145645,0.001897685,0.002426824,0.002135417,0.00187251,0.00159332,0.001019857,0.000896261,0.00066045,0.000647458,0.000646595,0.000540274,0.022907462,0.02946472,0.037078377,0.03059165,0.001435,0.043124214,0.032924738,0.028253788,0.013680281,0.001264455,0.000880401,0.000927591,0.000954901,0.000856558,0.000962947,0.001062116,0.002090734,0.001841462,0.002287567,0.002563502,0.001429318,0.001297422,0.001223722,0.00155372,0.006487278,0.00644601,0.009391688,0.013227942,0.024327995,0.022395484,0.019240996,0.019186061,0.016759694
Head 1,426,0.00069523,0.001129992,0.001095049,0.000848262,0.000803431,0.000759908,0.000833309,0.000819132,0.000810025,0.000553623,0.000458691,2.90E-05,1.89E-05,0.000157711,0.000318229,2.02E-05,1.38E-05,1.07E-05,1.07E-05,8.87E-06,8.22E-06,6.95E-06,5.61E-06,5.26E-06,0.000167754,0.000270061,0.000310547,0.000413902,1.58E-05,1.91E-05,1.53E-05,1.03E-05,6.41E-06,5.03E-06,0.000178816,9.66E-06,8.84E-06,1.21E-05,1.72E-05,1.76E-05,1.74E-05,2.16E-05,2.20E-05,0.000920253,0.001209438,0.001612861,2.45E-05,2.41E-05,2.37E-05,2.71E-05,3.26E-05,3.63E-05,4.57E-05,5.58E-05,3.40E-05,4.72E-05,4.74E-05,0.008817537,0.01788337,0.020577421,0.000149127,0.000141604,0.000131129,0.000105967,0.000108672,0.000104311,0.000122023,0.00014661,0.000151673,0.000161668,0.0001501,0.000190447,0.000214605,0.000208814,0.05125653,0.050518956,0.057804469,0.059377916,0.084745303,0.063998468,0.063489586,0.075629801,0.002027967,0.001856805,0.002454036,0.002218622,0.001985133,0.001705774,0.001091573,0.000941358,0.000678292,0.000648722,0.000640361,0.000530843,0.021325251,0.026403872,0.032729477,0.027307265,0.001291008,0.043085121,0.035275031,0.031959735,0.015802316,0.00137714,0.000938528,0.000982593,0.000917942,0.000778477,0.000812865,0.000845628,0.001437174,0.001323673,0.001821951,0.002293353,0.001419346,0.001358195,0.001278586,0.001546162,0.006298031,0.006204305,0.009056953,0.012987189,0.024799792,0.023659848,0.020724341,0.020543274,0.017236935,0.016111782
Head 1,427,0.001124664,0.001120071,0.000868846,0.000800314,0.000723686,0.000756078,0.000717667,0.000710489,0.00050019,0.000429484,2.86E-05,1.86E-05,0.000151088,0.000309643,1.98E-05,1.35E-05,1.07E-05,1.11E-05,9.38E-06,8.62E-06,6.95E-06,5.29E-06,4.69E-06,0.000155078,0.000251779,0.000297589,0.000388449,1.58E-05,1.96E-05,1.60E-05,1.08E-05,6.69E-06,5.01E-06,0.000163649,8.19E-06,7.15E-06,9.55E-06,1.37E-05,1.46E-05,1.52E-05,2.04E-05,2.24E-05,0.000907826,0.001219638,0.00166118,2.61E-05,2.44E-05,2.27E-05,2.49E-05,2.95E-05,3.30E-05,4.20E-05,5.12E-05,3.12E-05,4.25E-05,4.20E-05,0.008373982,0.017562244,0.020712556,0.00014019,0.000139525,0.000134194,0.000110651,0.0001131,0.000104642,0.000116148,0.000132253,0.000130924,0.000136873,0.000131583,0.000171287,0.000199761,0.000201569,0.052094284,0.04981748,0.055667736,0.056374352,0.081402183,0.062419783,0.063744769,0.078290582,0.001804805,0.001721418,0.002374464,0.002226331,0.002049756,0.001795675,0.001158871,0.000996373,0.000707221,0.000660017,0.000641463,0.000524409,0.021181403,0.025033776,0.029943123,0.024509992,0.001148651,0.041487023,0.036107317,0.034988038,0.018058063,0.001473305,0.00098832,0.001029684,0.000899881,0.000733881,0.000714489,0.000688013,0.000950093,0.000860477,0.001247822,0.001732457,0.001198486,0.001270642,0.001268877,0.001540949,0.006101784,0.005903287,0.008562967,0.012362818,0.024446635,0.024253909,0.022022983,0.022362716,0.018539228,0.016571017,0.010785442
Head 1,428,0.001513734,0.001241346,0.001214501,0.001177128,0.001219842,0.001100886,0.001031658,0.000755923,0.000695512,6.93E-05,5.03E-05,0.000285845,0.000481275,4.96E-05,3.37E-05,2.51E-05,2.49E-05,2.26E-05,2.22E-05,1.84E-05,1.36E-05,1.09E-05,0.000201394,0.000303511,0.000415111,0.000529211,3.48E-05,4.28E-05,3.35E-05,2.22E-05,1.31E-05,9.19E-06,0.000229075,1.09E-05,9.84E-06,1.26E-05,1.83E-05,2.11E-05,2.39E-05,3.34E-05,3.93E-05,0.002081825,0.002715484,0.003887318,7.70E-05,8.30E-05,7.87E-05,8.37E-05,9.93E-05,0.000116168,0.000156184,0.000196203,0.000121493,0.00015162,0.000137033,0.012802527,0.024162844,0.030229777,0.000411329,0.000424203,0.000408805,0.00037034,0.000422341,0.000420647,0.000462154,0.000491794,0.000450724,0.000450505,0.000471942,0.000603962,0.00066604,0.000613202,0.049093001,0.042094797,0.043564271,0.044075895,0.06520237,0.056659643,0.062970884,0.079379715,0.004174657,0.004388936,0.006002544,0.005675461,0.005047636,0.004247993,0.002758651,0.002357205,0.001662784,0.001455066,0.001276428,0.000963635,0.02088456,0.023558246,0.02786391,0.023685673,0.002023671,0.039120503,0.034884393,0.035369307,0.020661999,0.003066105,0.002095194,0.002057178,0.001795224,0.001528033,0.001511274,0.00145311,0.002040628,0.001758127,0.002207379,0.002854143,0.001976847,0.002266417,0.002432306,0.003032195,0.005357027,0.005035766,0.007003336,0.010012385,0.019408775,0.020427153,0.019958973,0.021554423,0.019216778,0.017920816,0.011939166,0.00207776
Head 1,429,0.00389621,0.003701838,0.00336506,0.003467534,0.003242927,0.00319433,0.002320603,0.002063086,0.000251175,0.000185254,0.000757642,0.001348762,0.000203628,0.000137057,9.90E-05,9.43E-05,7.96E-05,7.59E-05,6.15E-05,4.58E-05,3.82E-05,0.000519342,0.000902186,0.001154249,0.001638927,0.000123968,0.00015292,0.000126702,8.47E-05,5.04E-05,3.42E-05,0.000477331,4.10E-05,3.53E-05,4.31E-05,5.73E-05,6.30E-05,7.08E-05,0.000101247,0.000126301,0.003303427,0.004420912,0.00606567,0.000264218,0.00026444,0.000231418,0.000222662,0.000233491,0.000250275,0.000318367,0.00041755,0.000306344,0.000435556,0.000429951,0.015557104,0.030637514,0.039979465,0.000977028,0.000996407,0.00086942,0.000686497,0.000661741,0.000569637,0.000580309,0.000601423,0.000559425,0.000564127,0.000555241,0.000713314,0.000771936,0.000715487,0.049780644,0.045648415,0.048818395,0.047002144,0.065104097,0.047858514,0.04887832,0.062305052,0.003374751,0.00354814,0.00507422,0.005506271,0.005667703,0.005342416,0.003709461,0.003075352,0.001978262,0.001565475,0.001284419,0.000934822,0.021920519,0.025254408,0.028213166,0.02112833,0.001700645,0.032093495,0.030562336,0.033807352,0.020439642,0.002696675,0.001796259,0.001693612,0.001835611,0.001602842,0.00164647,0.001577651,0.001810208,0.001577974,0.002034138,0.002586613,0.001743467,0.001978461,0.002240901,0.003122481,0.005875704,0.005620279,0.007409405,0.009360986,0.016122878,0.015018617,0.014254538,0.016676411,0.01688448,0.018122107,0.013067208,0.0049361,0.007538328
Head 1,430,0.003824904,0.003441771,0.003434526,0.003081053,0.00293513,0.002091181,0.001881413,0.000230229,0.000168684,0.000768436,0.001358241,0.000201362,0.000140034,0.000103778,9.71E-05,8.03E-05,7.58E-05,6.08E-05,4.48E-05,3.68E-05,0.000460243,0.000790794,0.000988041,0.001484737,0.000112735,0.00014563,0.000128812,9.03E-05,5.50E-05,3.72E-05,0.0004107,4.14E-05,3.35E-05,3.82E-05,4.76E-05,5.03E-05,5.67E-05,8.46E-05,0.000110367,0.002760987,0.00410844,0.006181105,0.000270983,0.000284485,0.000254025,0.000239142,0.000235597,0.000232675,0.000277325,0.00035305,0.000267984,0.000399189,0.0004091,0.01555209,0.029699396,0.037892096,0.000991167,0.001035902,0.000930986,0.000748097,0.00073032,0.000635082,0.000641072,0.000633862,0.000551881,0.000523781,0.000519811,0.000690683,0.000800057,0.000798058,0.05140109,0.046265222,0.04793267,0.045397863,0.063125961,0.046849184,0.048109107,0.060750209,0.002963021,0.002986463,0.004255474,0.004763977,0.005272379,0.005417302,0.004107829,0.003663507,0.002475693,0.001986835,0.001605048,0.001114874,0.022549264,0.026654009,0.029899349,0.021694159,0.00172062,0.030148046,0.028034003,0.031622581,0.020446185,0.002735845,0.001975926,0.001980975,0.001942312,0.001679988,0.00165279,0.001512691,0.001547751,0.00131971,0.001720313,0.00224505,0.001564791,0.001858066,0.0022022,0.003159008,0.006004628,0.006083213,0.008460467,0.011055441,0.019176245,0.01728926,0.01545171,0.017032495,0.016719272,0.018203562,0.013734179,0.005128392,0.008388467,0.00609179
Head 1,431,0.003815532,0.003738682,0.003221013,0.002946545,0.002021467,0.001785976,0.000215215,0.000157317,0.000804115,0.001475433,0.000197777,0.000143158,0.000111901,0.000106566,8.76E-05,8.13E-05,6.41E-05,4.66E-05,3.80E-05,0.000468642,0.000765387,0.000884827,0.001374021,0.000103483,0.000138376,0.000131747,9.96E-05,6.47E-05,4.50E-05,0.000402818,4.75E-05,3.68E-05,3.93E-05,4.54E-05,4.47E-05,4.81E-05,7.19E-05,9.72E-05,0.002286796,0.003626736,0.005944282,0.000282113,0.000311543,0.000290457,0.000279183,0.000270021,0.000250445,0.000274227,0.000324484,0.000234974,0.000363211,0.000392677,0.015863083,0.029609082,0.036608018,0.001026528,0.001102596,0.001038049,0.000862063,0.000847044,0.000742147,0.000751486,0.000729014,0.000604322,0.000533232,0.000498593,0.000650852,0.000779277,0.000834595,0.053433206,0.047514327,0.04770704,0.043985564,0.060080193,0.04455439,0.046151653,0.058498759,0.002751913,0.002639509,0.003589539,0.003946805,0.004520711,0.004996485,0.004172855,0.004078453,0.002976203,0.002490478,0.00204478,0.001402217,0.022653894,0.027315753,0.031298351,0.022647314,0.001715428,0.029150611,0.025797689,0.028508957,0.018996507,0.002567285,0.001955239,0.002109696,0.002045676,0.001821709,0.00175453,0.00152618,0.001463066,0.001178372,0.001507571,0.001982623,0.001422831,0.001751813,0.00216514,0.003227107,0.005998233,0.006357553,0.00931273,0.012654971,0.022412596,0.020187385,0.017331386,0.017951733,0.016614258,0.017593589,0.013490412,0.005446421,0.009616475,0.00711964,0.005635237
Head 1,432,0.001574577,0.001326959,0.001191122,0.000819528,0.000699027,6.59E-05,5.01E-05,0.000275434,0.000559134,5.37E-05,3.78E-05,3.11E-05,3.20E-05,2.84E-05,2.73E-05,2.21E-05,1.63E-05,1.34E-05,0.000178379,0.000277825,0.000368547,0.000572216,3.15E-05,4.15E-05,3.90E-05,3.08E-05,2.13E-05,1.53E-05,0.000187659,1.43E-05,1.11E-05,1.18E-05,1.31E-05,1.14E-05,1.04E-05,1.39E-05,1.90E-05,0.001038052,0.00159632,0.002804748,7.08E-05,8.06E-05,8.10E-05,8.91E-05,9.97E-05,0.000101665,0.000116519,0.000135542,8.85E-05,0.000136762,0.000146174,0.012273872,0.024756303,0.031892296,0.000340543,0.000374392,0.00041167,0.000397745,0.000440147,0.000428985,0.000495442,0.000568422,0.000533386,0.000492599,0.000437538,0.00049986,0.000538397,0.000556693,0.052999977,0.048877131,0.050319444,0.045614954,0.058208782,0.042121258,0.043294929,0.057404004,0.002646369,0.002620072,0.003468106,0.003671711,0.004150349,0.004656548,0.003941779,0.003936777,0.002950215,0.002565121,0.002298335,0.001785664,0.02806255,0.033417363,0.037488736,0.027006615,0.002019018,0.032481529,0.027965795,0.030426539,0.020440474,0.002713289,0.002027818,0.00240189,0.001933919,0.00205035,0.002125056,0.001782287,0.002027554,0.00137976,0.001512818,0.001805621,0.001246223,0.001481218,0.001834708,0.002920619,0.006598195,0.006757844,0.009377175,0.012074112,0.020965334,0.020840613,0.020433325,0.023725007,0.023428278,0.024196891,0.017416589,0.002876501,0.005373985,0.00383949,0.002955676,0.002340788
Head 1,433,0.001574723,0.001350359,0.000902648,0.000759824,6.32E-05,4.79E-05,0.000277499,0.000555089,5.81E-05,4.00E-05,3.23E-05,3.31E-05,3.07E-05,3.07E-05,2.57E-05,1.88E-05,1.49E-05,0.000204648,0.00030631,0.000354862,0.000532406,3.27E-05,4.14E-05,3.87E-05,3.10E-05,2.27E-05,1.82E-05,0.000189272,1.76E-05,1.32E-05,1.35E-05,1.46E-05,1.24E-05,1.07E-05,1.28E-05,1.57E-05,0.000935063,0.001356885,0.002311155,7.01E-05,8.38E-05,8.40E-05,9.15E-05,0.000103874,0.000109484,0.000126567,0.000141886,8.41E-05,0.00012108,0.00012833,0.011148763,0.022194518,0.02962842,0.000351505,0.000364517,0.00039263,0.000397558,0.000472318,0.000482659,0.00054955,0.000614057,0.000572059,0.000537981,0.000463137,0.000531354,0.000556577,0.000542937,0.055521414,0.05062997,0.050821502,0.045730345,0.057661172,0.041688018,0.041172523,0.052095663,0.002453757,0.002501339,0.00324476,0.003265138,0.003527356,0.003937721,0.003553676,0.003991946,0.003403523,0.003165309,0.002836897,0.002147559,0.029875023,0.034389824,0.039204743,0.029553453,0.002300129,0.034209248,0.027497856,0.028196774,0.01863377,0.00292906,0.002109608,0.00232551,0.001883202,0.002015916,0.00228505,0.002101762,0.002656659,0.001699564,0.001644149,0.001782982,0.001182331,0.001404669,0.001739313,0.002719156,0.006458666,0.006665487,0.009686877,0.012969985,0.022316154,0.021751355,0.020575732,0.02305419,0.022384422,0.023274053,0.017189112,0.002978649,0.006337491,0.004728687,0.003580705,0.002425592,0.002686888
Head 1,434,0.001555957,0.00100656,0.0008188,6.51E-05,4.70E-05,0.000291254,0.000566887,6.30E-05,4.39E-05,3.51E-05,3.47E-05,3.20E-05,3.28E-05,2.93E-05,2.26E-05,1.79E-05,0.000224303,0.000337151,0.000374547,0.000515247,3.59E-05,4.36E-05,3.98E-05,3.13E-05,2.28E-05,1.94E-05,0.00017801,2.09E-05,1.57E-05,1.55E-05,1.62E-05,1.32E-05,1.11E-05,1.27E-05,1.41E-05,0.000832816,0.001172337,0.001899238,5.93E-05,7.75E-05,8.23E-05,9.03E-05,0.00010171,0.000107899,0.000127489,0.00014427,8.35E-05,0.000111303,0.000108972,0.010653843,0.020154577,0.026206756,0.000342275,0.000351145,0.000355304,0.000348464,0.00042653,0.000467535,0.000558784,0.000630657,0.000576809,0.000530335,0.000444586,0.000510322,0.000536887,0.000512097,0.056501258,0.054195803,0.054117426,0.047474556,0.058285367,0.04212521,0.041329078,0.051312726,0.00218281,0.002205343,0.002900426,0.002854255,0.002943497,0.003103799,0.002739263,0.003211982,0.003046922,0.003212965,0.003117646,0.002393639,0.032566212,0.035778482,0.039953854,0.030794514,0.002661814,0.036874916,0.028780675,0.027815605,0.017112717,0.002902198,0.002157892,0.002286232,0.00185297,0.001872235,0.002136683,0.002113955,0.003033827,0.002011036,0.001824453,0.001769732,0.001044196,0.001177436,0.001448633,0.002256168,0.00575566,0.00593972,0.008811056,0.012406289,0.022268765,0.022109205,0.020723419,0.022497024,0.021071956,0.021410812,0.015873974,0.002574574,0.00598943,0.004876935,0.003819704,0.002206541,0.00242321,0.002550827
Head 1,435,0.001157252,0.000920321,7.36E-05,5.02E-05,0.000312663,0.000598101,6.92E-05,4.96E-05,4.07E-05,3.92E-05,3.50E-05,3.54E-05,3.29E-05,2.70E-05,2.23E-05,0.000236386,0.000364633,0.000414918,0.000540096,4.09E-05,4.83E-05,4.27E-05,3.29E-05,2.36E-05,2.04E-05,0.00018084,2.51E-05,1.97E-05,1.95E-05,2.00E-05,1.57E-05,1.28E-05,1.40E-05,1.48E-05,0.000752222,0.001070274,0.001679952,5.10E-05,7.07E-05,8.13E-05,9.35E-05,0.000106274,0.000112548,0.000133592,0.000152721,9.00E-05,0.00011514,0.000105951,0.010141465,0.018208731,0.02249801,0.000334703,0.000355187,0.000350921,0.000327885,0.000390789,0.000438508,0.000548376,0.000642811,0.000600038,0.000548202,0.000459162,0.000515694,0.000540693,0.000514066,0.052014228,0.054071072,0.056335941,0.049759328,0.059475154,0.042283915,0.040800683,0.049584068,0.002109757,0.002046075,0.002679365,0.002618045,0.002647695,0.002682726,0.002287433,0.002645862,0.002640376,0.003086743,0.003351049,0.002784541,0.035281394,0.03811181,0.041249737,0.03162932,0.003204508,0.038410552,0.030261325,0.02840112,0.016575646,0.002861262,0.00222887,0.00237472,0.001940446,0.001863993,0.002048061,0.002068163,0.003340066,0.002433418,0.002253155,0.002062213,0.001105176,0.001124884,0.00130446,0.001970814,0.00527702,0.005516662,0.008191121,0.011810828,0.021715801,0.02214819,0.021015016,0.022524789,0.020637922,0.020376928,0.0150179,0.002209523,0.005439023,0.004873776,0.004104133,0.002179658,0.002318782,0.002477867,0.004574858
Head 1,436,0.000941664,6.98E-05,4.60E-05,0.000295973,0.000563944,6.03E-05,4.46E-05,3.84E-05,3.77E-05,3.26E-05,3.16E-05,2.95E-05,2.50E-05,2.18E-05,0.000211023,0.000332105,0.000401469,0.000518287,3.89E-05,4.55E-05,3.92E-05,2.96E-05,2.10E-05,1.77E-05,0.000168002,2.33E-05,1.93E-05,2.01E-05,2.08E-05,1.60E-05,1.26E-05,1.34E-05,1.36E-05,0.000607235,0.000887586,0.001392781,3.63E-05,5.06E-05,6.19E-05,7.67E-05,9.16E-05,9.89E-05,0.000118197,0.000136598,8.19E-05,0.000105239,9.48E-05,0.009666163,0.017093649,0.02021458,0.000280513,0.000316439,0.000317292,0.000286836,0.000323874,0.000352894,0.000448729,0.000551284,0.000540296,0.00050698,0.000434699,0.000481215,0.00050215,0.000480363,0.047288384,0.052581131,0.058788717,0.054048944,0.064566299,0.04449439,0.041558035,0.049077876,0.002080196,0.001897543,0.002420401,0.00231429,0.002305384,0.002271638,0.001855173,0.002052027,0.002022265,0.002487467,0.002989866,0.00276614,0.036402013,0.040290635,0.043234777,0.032558631,0.003472448,0.040000949,0.032344792,0.030377505,0.017015984,0.002680033,0.002089471,0.002288017,0.00186962,0.001744139,0.001835214,0.001815292,0.002908967,0.002319346,0.002348974,0.002201186,0.001118603,0.001029837,0.001091047,0.001566506,0.004591756,0.004879029,0.007318785,0.010753072,0.020480096,0.021412501,0.020707604,0.022374909,0.020273209,0.019447291,0.013877973,0.001785111,0.004272901,0.004108553,0.003809714,0.002049979,0.002149884,0.002277113,0.004280487,0.003840862
Head 1,437,6.27E-05,4.11E-05,0.000268813,0.000506744,4.93E-05,3.69E-05,3.34E-05,3.48E-05,3.00E-05,2.83E-05,2.58E-05,2.21E-05,1.99E-05,0.000182829,0.00028657,0.000364987,0.000482434,3.67E-05,4.28E-05,3.59E-05,2.66E-05,1.89E-05,1.55E-05,0.000155061,2.03E-05,1.73E-05,1.93E-05,2.10E-05,1.65E-05,1.26E-05,1.30E-05,1.28E-05,0.000479719,0.000714717,0.00114378,2.68E-05,3.56E-05,4.42E-05,5.85E-05,7.52E-05,8.51E-05,0.000103766,0.000120886,7.24E-05,9.45E-05,8.57E-05,0.008998484,0.016009966,0.018669868,0.000225353,0.000269428,0.000283878,0.000260157,0.000282883,0.00029105,0.000359502,0.000449855,0.000462541,0.000455871,0.000409639,0.000452852,0.000467513,0.000445095,0.042998176,0.048699513,0.05832582,0.057630528,0.07156013,0.048909079,0.044284523,0.050371151,0.002160595,0.001887127,0.002311365,0.002128613,0.002075575,0.002007623,0.001586597,0.001672984,0.001570744,0.001914543,0.002431683,0.002488922,0.035920806,0.041617967,0.045372739,0.033814594,0.003604575,0.041149072,0.034107123,0.032800764,0.018355081,0.00261427,0.001943799,0.002156161,0.001733154,0.001608925,0.001642813,0.001556811,0.00225353,0.001891281,0.002126744,0.002172023,0.001129266,0.000982832,0.000948195,0.001258517,0.003975958,0.004249196,0.006479915,0.00967661,0.018987816,0.020291949,0.020077055,0.022199383,0.020238936,0.019077647,0.013080596,0.001504854,0.003188177,0.003123986,0.003133439,0.001854529,0.00198713,0.002080982,0.00395546,0.003528551,0.002655748
Head 1,438,4.15E-05,0.000283074,0.00052634,4.64E-05,3.36E-05,3.11E-05,3.45E-05,3.09E-05,2.88E-05,2.58E-05,2.17E-05,1.95E-05,0.000182839,0.000279514,0.00034605,0.000469467,3.75E-05,4.35E-05,3.56E-05,2.56E-05,1.81E-05,1.49E-05,0.000156832,1.91E-05,1.63E-05,1.91E-05,2.22E-05,1.84E-05,1.42E-05,1.43E-05,1.36E-05,0.000416813,0.000615463,0.001003036,2.32E-05,2.82E-05,3.37E-05,4.57E-05,6.27E-05,7.61E-05,9.65E-05,0.000113547,6.89E-05,9.01E-05,8.34E-05,0.00854845,0.01528272,0.017830454,0.000192044,0.000230117,0.000255932,0.00024804,0.000273299,0.000269061,0.000312242,0.000378371,0.000397504,0.000411065,0.000388655,0.000438645,0.00045097,0.000423706,0.040390592,0.043545604,0.0533121,0.056559481,0.075058721,0.053381879,0.047903404,0.052555099,0.00227254,0.001970689,0.002306613,0.002016159,0.001884267,0.001789202,0.001398211,0.001438308,0.001295871,0.001507943,0.001908102,0.002086989,0.033633824,0.041149672,0.046874963,0.035762455,0.003824692,0.042014413,0.034858916,0.034072436,0.019764088,0.00276002,0.001903495,0.002042314,0.001748199,0.001634786,0.001668221,0.001525188,0.002060324,0.001711268,0.002046424,0.002320157,0.001336712,0.001181842,0.001070081,0.001287427,0.003655206,0.003820453,0.005893958,0.008957448,0.017843863,0.019495895,0.019757388,0.022360101,0.020799441,0.019683169,0.013265948,0.001547506,0.002845638,0.002673813,0.002740726,0.001747024,0.001985483,0.002130958,0.004052706,0.003583601,0.002707111,0.003660047
Head 1,439,0.000287291,0.000521754,4.23E-05,2.92E-05,2.64E-05,3.04E-05,2.88E-05,2.81E-05,2.53E-05,2.09E-05,1.84E-05,0.000184866,0.00027501,0.00032093,0.000429965,3.79E-05,4.37E-05,3.51E-05,2.45E-05,1.70E-05,1.43E-05,0.000149723,1.79E-05,1.47E-05,1.73E-05,2.14E-05,1.93E-05,1.59E-05,1.60E-05,1.47E-05,0.000376861,0.000529287,0.000851254,2.14E-05,2.41E-05,2.62E-05,3.41E-05,4.81E-05,6.28E-05,8.58E-05,0.000105537,6.60E-05,8.45E-05,7.83E-05,0.008094209,0.014319302,0.017020145,0.000169262,0.000194148,0.000217594,0.000224051,0.000264387,0.000262614,0.000289599,0.000329646,0.000338242,0.000359432,0.000357224,0.000426177,0.000450875,0.000420138,0.04117706,0.040826671,0.048233442,0.052858669,0.07503821,0.05777977,0.053444494,0.057758953,0.002342902,0.002113557,0.002460063,0.002069035,0.001831294,0.001666022,0.001267662,0.001291585,0.001137208,0.001255621,0.001506607,0.0016372,0.031207148,0.039244547,0.046858631,0.037564833,0.004134084,0.044028673,0.036048416,0.03538014,0.021337241,0.003168063,0.002024353,0.001990079,0.001717639,0.001596623,0.001657383,0.001513049,0.001898025,0.001486362,0.001759386,0.002134242,0.001378101,0.00133681,0.001226558,0.001377706,0.003556173,0.003468742,0.005255391,0.008060417,0.016303066,0.018156582,0.018794933,0.021832868,0.020919759,0.020333612,0.013775299,0.001702205,0.002594265,0.002236501,0.002202096,0.001480707,0.001798783,0.002039292,0.003971252,0.003488004,0.002590797,0.00351307,0.003301663
Head 1,440,0.000512125,3.82E-05,2.54E-05,2.18E-05,2.47E-05,2.44E-05,2.54E-05,2.39E-05,2.03E-05,1.75E-05,0.0001848,0.000274788,0.000303166,0.000381951,3.71E-05,4.27E-05,3.44E-05,2.33E-05,1.56E-05,1.32E-05,0.000132128,1.71E-05,1.32E-05,1.48E-05,1.83E-05,1.76E-05,1.61E-05,1.72E-05,1.60E-05,0.000346044,0.000457849,0.000704444,1.99E-05,2.14E-05,2.13E-05,2.53E-05,3.41E-05,4.58E-05,6.79E-05,9.07E-05,6.24E-05,7.86E-05,7.11E-05,0.007956754,0.013645403,0.016223183,0.000156586,0.000168352,0.000178777,0.000186275,0.00023856,0.000254217,0.000283151,0.00030547,0.000293276,0.000302037,0.000304633,0.000387723,0.000441163,0.000426338,0.044745848,0.041734438,0.045517929,0.048009694,0.070046209,0.058939002,0.058992267,0.066013753,0.002313404,0.002205209,0.002691507,0.002278197,0.001943602,0.001666971,0.001199253,0.001200387,0.001050602,0.001135157,0.001287206,0.001313262,0.029326562,0.036651134,0.044884223,0.037862517,0.004625775,0.046744209,0.037871271,0.036719602,0.022426512,0.003791922,0.002389882,0.002148452,0.001689002,0.001526316,0.00158295,0.001469956,0.001782347,0.001304289,0.001446444,0.001751359,0.001210478,0.001340566,0.001366314,0.001553895,0.003818067,0.003358205,0.004747672,0.007164527,0.014704861,0.016700884,0.017653979,0.020957362,0.020557102,0.02067386,0.014412835,0.001977606,0.002561398,0.002014223,0.001825457,0.001215982,0.001507666,0.001832688,0.003810711,0.003442015,0.002508078,0.003359599,0.003147585,0.002191738
Head 1,441,3.92E-05,2.61E-05,2.14E-05,2.29E-05,2.21E-05,2.41E-05,2.40E-05,2.17E-05,1.92E-05,0.000195842,0.000304637,0.00033404,0.000396919,3.93E-05,4.56E-05,3.75E-05,2.53E-05,1.62E-05,1.33E-05,0.000125843,1.86E-05,1.39E-05,1.46E-05,1.71E-05,1.64E-05,1.62E-05,1.92E-05,1.89E-05,0.00034188,0.00043839,0.000639122,2.05E-05,2.19E-05,2.10E-05,2.27E-05,2.77E-05,3.54E-05,5.39E-05,7.79E-05,6.14E-05,8.04E-05,7.19E-05,0.008191499,0.013610939,0.015763115,0.00016,0.00016621,0.000162666,0.000159746,0.00020849,0.000238917,0.000286295,0.000310572,0.000282623,0.000270253,0.000258696,0.000334379,0.0004072,0.00042331,0.046800058,0.044514447,0.045928251,0.044740926,0.063116476,0.055046201,0.059909757,0.072350316,0.002168206,0.002107245,0.00272529,0.002432817,0.002101214,0.001737024,0.00117202,0.001117212,0.000957125,0.001036892,0.001153815,0.001115224,0.028279794,0.035033502,0.042879596,0.037028663,0.005034925,0.049141429,0.040407866,0.038737323,0.023354156,0.004325637,0.002884651,0.002510715,0.00179094,0.001587099,0.001595451,0.001478758,0.00190173,0.001336862,0.001375432,0.001548529,0.001046528,0.001248571,0.001445024,0.001803647,0.004510419,0.003644084,0.004628886,0.006568278,0.013275203,0.015168826,0.016359335,0.019890856,0.020013541,0.020873161,0.015267699,0.002419074,0.002999722,0.002220952,0.001841432,0.001143811,0.001318168,0.001631843,0.003639867,0.003531007,0.002640082,0.00350581,0.003211459,0.002246236,0.002403976
Head 1,442,2.50E-05,2.04E-05,2.09E-05,1.90E-05,2.06E-05,2.11E-05,2.03E-05,1.94E-05,0.000192751,0.000319595,0.000364242,0.000430528,3.76E-05,4.39E-05,3.75E-05,2.59E-05,1.62E-05,1.26E-05,0.000121103,1.91E-05,1.44E-05,1.44E-05,1.57E-05,1.42E-05,1.40E-05,1.80E-05,1.94E-05,0.000325552,0.000418692,0.000588354,1.99E-05,2.09E-05,1.99E-05,2.06E-05,2.29E-05,2.66E-05,3.87E-05,5.75E-05,5.13E-05,7.39E-05,6.91E-05,0.008409253,0.014303716,0.016319655,0.000154255,0.000163244,0.000152905,0.000138732,0.000171217,0.00019982,0.000261367,0.000304535,0.000278868,0.000251258,0.000217159,0.000267723,0.000331273,0.000369215,0.046043493,0.047719602,0.049968291,0.045683399,0.060345724,0.050333027,0.05683402,0.074405633,0.002025266,0.001919654,0.002554447,0.002426275,0.002210579,0.001843596,0.001190795,0.001059756,0.000853723,0.000912035,0.001020716,0.000971823,0.026950164,0.033813413,0.041202959,0.035226189,0.004783884,0.050074004,0.042865615,0.041487608,0.024412068,0.004488591,0.003193416,0.002903563,0.001860986,0.001682189,0.001639025,0.001466933,0.002018518,0.001377922,0.001358381,0.001406889,0.000876055,0.001032547,0.001296846,0.001850252,0.005416756,0.00427503,0.00497164,0.006458763,0.01244833,0.013892918,0.015070432,0.018743547,0.019243004,0.020479223,0.015413261,0.002746073,0.003564521,0.002579846,0.00202895,0.001207008,0.001223823,0.001417848,0.003279844,0.003426733,0.002752858,0.003774361,0.003392201,0.002284748,0.002468159,0.001904366
Head 1,443,2.11E-05,2.15E-05,1.86E-05,1.92E-05,1.94E-05,1.91E-05,1.96E-05,0.000191943,0.000332836,0.000393811,0.00049825,3.80E-05,4.44E-05,3.93E-05,2.81E-05,1.81E-05,1.36E-05,0.000129736,2.03E-05,1.57E-05,1.59E-05,1.66E-05,1.40E-05,1.30E-05,1.68E-05,1.95E-05,0.000318684,0.000418404,0.000580603,2.17E-05,2.18E-05,2.06E-05,2.11E-05,2.22E-05,2.36E-05,3.11E-05,4.42E-05,4.11E-05,6.61E-05,6.85E-05,0.0080655,0.014696573,0.017270287,0.000152264,0.000168257,0.000159805,0.000138875,0.000156132,0.000171785,0.000230884,0.000290829,0.000284487,0.000258415,0.00020466,0.000235227,0.000278127,0.000315592,0.042093206,0.047751036,0.054065812,0.049655646,0.062469438,0.047665957,0.051897243,0.070054643,0.001973983,0.001793705,0.002325407,0.002283714,0.002220397,0.001963313,0.001290992,0.001100885,0.000822472,0.000830515,0.000917631,0.00088465,0.025240777,0.032700986,0.040323276,0.033943966,0.00414069,0.049349412,0.044289693,0.044459973,0.026527284,0.004725132,0.003431196,0.003327121,0.001922895,0.001847028,0.001813137,0.001562905,0.00233786,0.001560717,0.001523377,0.001498579,0.000867139,0.000940253,0.001162972,0.001795981,0.006415077,0.005290678,0.005954089,0.007092217,0.01246838,0.013045865,0.013789457,0.017300325,0.018176192,0.019740999,0.015221264,0.003110187,0.004404082,0.003215663,0.002497775,0.001507357,0.001360782,0.001374808,0.002992787,0.00318126,0.002766861,0.004060333,0.003735816,0.002433388,0.00258015,0.0020056,0.002149787
Head 1,444,6.68E-05,5.84E-05,5.42E-05,4.75E-05,4.05E-05,3.93E-05,0.000279496,0.000443013,0.000500027,0.000730901,0.000108433,0.000128229,0.000115166,9.06E-05,6.50E-05,4.77E-05,0.000191948,4.86E-05,3.82E-05,4.16E-05,4.51E-05,3.83E-05,3.26E-05,3.76E-05,4.43E-05,0.000361009,0.000447328,0.000603919,8.08E-05,7.36E-05,6.09E-05,5.90E-05,5.85E-05,5.57E-05,5.96E-05,6.52E-05,5.68E-05,9.00E-05,0.000108364,0.005177392,0.010554148,0.014206404,0.000285848,0.000337798,0.000332114,0.000300809,0.000309196,0.00028389,0.000324809,0.000400584,0.000440613,0.000466813,0.000386134,0.000450488,0.000474553,0.000487093,0.032912768,0.037072532,0.045776557,0.045211207,0.056953419,0.038597833,0.036480244,0.047446307,0.002863257,0.002682079,0.003285212,0.003177468,0.003234452,0.003288159,0.002606908,0.002476256,0.001829444,0.001632314,0.00153974,0.001346151,0.01805676,0.022761686,0.029506274,0.026042765,0.003895571,0.042771976,0.041908573,0.046899073,0.030697022,0.008068254,0.005114398,0.004878416,0.002703857,0.002619827,0.002799389,0.002413048,0.003486568,0.002243734,0.002264333,0.002351221,0.00135773,0.001381174,0.001544829,0.002393441,0.009354241,0.009464161,0.012440591,0.014973785,0.023668164,0.021717377,0.02055477,0.023918008,0.02383104,0.024887366,0.018305974,0.005097486,0.00646021,0.004905832,0.003988771,0.003431734,0.003173324,0.002593445,0.004395107,0.003892637,0.003280569,0.005636286,0.006245987,0.004437447,0.004828575,0.003752764,0.004355661,0.007103678
Head 1,445,5.47E-05,5.34E-05,4.72E-05,3.86E-05,3.41E-05,0.000276461,0.000435491,0.000450485,0.00064965,9.94E-05,0.000115487,0.000104352,8.30E-05,6.28E-05,5.09E-05,0.00019096,5.18E-05,3.90E-05,4.11E-05,4.51E-05,3.89E-05,3.31E-05,3.56E-05,3.76E-05,0.000362226,0.000448466,0.000587763,8.77E-05,8.39E-05,6.75E-05,6.14E-05,5.85E-05,5.56E-05,5.96E-05,6.23E-05,5.02E-05,6.98E-05,7.84E-05,0.003998563,0.008244104,0.012110313,0.000272042,0.000316675,0.000306625,0.000290591,0.000319821,0.000296764,0.00031242,0.000346959,0.00036042,0.000392328,0.000336911,0.000428571,0.000464627,0.000456421,0.031594034,0.035455853,0.044720333,0.0474023,0.062794305,0.044270761,0.03979218,0.0471646,0.002653417,0.002532686,0.003102704,0.00289409,0.002823326,0.00280728,0.002297635,0.002382054,0.001931743,0.001779899,0.001609408,0.00130264,0.018514097,0.021509657,0.026818275,0.023541886,0.003354352,0.038218632,0.037292928,0.043055248,0.030254986,0.009009594,0.005893649,0.00530155,0.002771705,0.002498656,0.002754001,0.002580262,0.00404012,0.002615056,0.002492415,0.002486859,0.001398891,0.001419635,0.001531047,0.002192879,0.008628416,0.009306901,0.013520566,0.017594652,0.027858712,0.024193438,0.021190133,0.023177631,0.022514293,0.023765365,0.017768007,0.005203119,0.006721998,0.005337835,0.004370896,0.003843556,0.003850403,0.00329326,0.005194149,0.004052768,0.002952496,0.004749282,0.005420812,0.004209189,0.004831065,0.003676429,0.004020065,0.005914805,0.005525737
Head 1,446,4.92E-05,4.52E-05,3.77E-05,3.23E-05,0.000269413,0.000425258,0.000418646,0.000580076,9.11E-05,0.000105196,9.61E-05,7.67E-05,5.86E-05,5.03E-05,0.000177427,5.47E-05,4.08E-05,4.10E-05,4.46E-05,3.89E-05,3.44E-05,3.69E-05,3.65E-05,0.000361636,0.000472717,0.000623542,9.04E-05,9.71E-05,8.25E-05,7.33E-05,6.64E-05,6.09E-05,6.47E-05,6.66E-05,5.28E-05,6.53E-05,6.58E-05,0.003326634,0.006373371,0.009348689,0.000265698,0.000315403,0.000297015,0.000282578,0.000328116,0.000322174,0.000335076,0.000345245,0.000329,0.000343669,0.000305621,0.000416866,0.000482726,0.000476787,0.028333273,0.031739213,0.03992008,0.044408388,0.061886806,0.047698796,0.0440455,0.049688928,0.002703484,0.002562216,0.003192443,0.002979402,0.00287098,0.002771431,0.002262966,0.00245224,0.002160676,0.002130147,0.001936356,0.001467842,0.018561764,0.020429818,0.024417644,0.021055184,0.003349981,0.033553492,0.032511365,0.037992392,0.02806448,0.009583541,0.007091472,0.006445411,0.003169201,0.00261691,0.002771669,0.002721867,0.004404994,0.003074329,0.002924317,0.002816672,0.00150833,0.001494322,0.001566965,0.002096523,0.007688014,0.008751546,0.013883334,0.020092072,0.033940855,0.029240437,0.024121661,0.024456494,0.022515235,0.023553848,0.018048119,0.005235804,0.007204812,0.006205548,0.005246608,0.0043244,0.004549505,0.004193453,0.006598901,0.004821128,0.003086941,0.004417405,0.004825424,0.003944979,0.00498056,0.004019759,0.004328438,0.005143926,0.004941407,0.00522635
Head 1,447,4.15E-05,3.65E-05,3.19E-05,0.000260451,0.000410528,0.000407088,0.00053891,7.85E-05,9.28E-05,8.74E-05,7.12E-05,5.46E-05,4.73E-05,0.000170866,5.88E-05,4.51E-05,4.35E-05,4.52E-05,3.81E-05,3.40E-05,3.84E-05,3.79E-05,0.000329692,0.000470622,0.000653926,7.96E-05,9.67E-05,9.36E-05,8.75E-05,7.79E-05,6.76E-05,6.94E-05,7.07E-05,5.75E-05,6.70E-05,6.05E-05,0.003109327,0.005384306,0.007168382,0.000239636,0.000305108,0.000286971,0.000264795,0.000309353,0.000323339,0.000358175,0.00036669,0.00032329,0.000303619,0.000265345,0.000366018,0.000458125,0.000491225,0.025730243,0.029357992,0.03653793,0.040812366,0.057994112,0.04834421,0.048329834,0.05537032,0.002852532,0.002537256,0.003156589,0.002951427,0.002840375,0.002658967,0.002092198,0.002240823,0.002077251,0.002273047,0.002265608,0.001744524,0.018963896,0.020486234,0.023386439,0.019310372,0.003445792,0.029991446,0.028662441,0.032945395,0.024187105,0.008305083,0.00730309,0.007447614,0.003773365,0.00294763,0.002816528,0.002678459,0.004321111,0.003372517,0.003445553,0.003340844,0.00171266,0.001637541,0.001697668,0.00221718,0.006641183,0.007758188,0.012853153,0.020480199,0.038820732,0.03552917,0.029131079,0.027786948,0.023541451,0.02312023,0.017457942,0.005003606,0.006801408,0.006491646,0.005951534,0.004718448,0.00497536,0.004944653,0.008364025,0.006258933,0.003775689,0.004694426,0.004479361,0.003442832,0.004593117,0.004102094,0.004676683,0.004729681,0.004104923,0.00445808,0.004473212
Head 1,448,3.35E-05,3.11E-05,0.000257796,0.000397896,0.000406069,0.000538614,6.63E-05,8.04E-05,7.81E-05,6.62E-05,5.25E-05,4.46E-05,0.000182155,6.05E-05,4.90E-05,4.80E-05,4.82E-05,3.85E-05,3.25E-05,3.77E-05,3.91E-05,0.000286087,0.000437124,0.000660641,6.63E-05,8.31E-05,9.10E-05,9.64E-05,9.20E-05,7.84E-05,7.61E-05,7.42E-05,6.00E-05,7.06E-05,6.14E-05,0.003115304,0.00522955,0.006296015,0.000195004,0.000271848,0.000275493,0.000254063,0.000284194,0.000296392,0.000350033,0.000381686,0.000336767,0.000292001,0.000237948,0.000304004,0.000380444,0.000439499,0.023485968,0.027109904,0.034320619,0.038548566,0.054965541,0.047006439,0.050330728,0.061020952,0.003189214,0.002632931,0.003112211,0.002834602,0.002723929,0.002542041,0.001941999,0.001973252,0.001782955,0.002045625,0.002275062,0.001943503,0.018733509,0.020880299,0.023433419,0.018427974,0.003250551,0.027480358,0.026007758,0.029442048,0.020962611,0.006283816,0.006041662,0.007292099,0.004279474,0.003484323,0.003073289,0.00262403,0.003881076,0.003180837,0.003616544,0.003765579,0.001958704,0.001792029,0.001794726,0.002342567,0.00564674,0.006653927,0.01123187,0.018895308,0.03994469,0.040410031,0.03514367,0.033520613,0.026716849,0.023920715,0.016761327,0.004818311,0.006024854,0.006087901,0.006160145,0.00511433,0.005288451,0.00535169,0.009783948,0.007877688,0.004984064,0.005825825,0.004858857,0.003173759,0.003963273,0.003700852,0.004674453,0.005000862,0.003718619,0.003639033,0.003688227,0.003841353
Head 1,449,2.98E-05,0.000274813,0.000402179,0.000402402,0.000546223,5.92E-05,7.16E-05,7.01E-05,6.13E-05,5.23E-05,4.54E-05,0.000214812,6.19E-05,5.23E-05,5.46E-05,5.61E-05,4.44E-05,3.48E-05,3.84E-05,4.06E-05,0.000266375,0.000397676,0.000632773,6.21E-05,7.26E-05,8.20E-05,9.73E-05,0.000106107,9.72E-05,9.32E-05,8.59E-05,6.45E-05,7.60E-05,6.69E-05,0.002992139,0.005216217,0.006157514,0.000159007,0.000228972,0.000258017,0.000256279,0.000283503,0.000284308,0.000336188,0.000388019,0.000363117,0.000317103,0.000242921,0.000281716,0.000325261,0.000371443,0.022084942,0.024407569,0.031379603,0.036269411,0.05258695,0.045448449,0.050134446,0.063360505,0.003755297,0.003090946,0.003402851,0.002908596,0.00269279,0.002509323,0.001909637,0.001873811,0.001606214,0.00178283,0.002067044,0.001968468,0.01810709,0.020933622,0.023880502,0.018547866,0.002994432,0.026189735,0.024251441,0.027110461,0.019017717,0.00512478,0.004657028,0.00613468,0.004428104,0.00404133,0.003644604,0.002870664,0.003740672,0.002905617,0.003461071,0.003945778,0.002254328,0.002062142,0.00197567,0.002512305,0.005051267,0.005779436,0.009798691,0.01672064,0.037454836,0.041602612,0.039637711,0.04011403,0.031888667,0.026716525,0.017026249,0.005114364,0.00548003,0.00541991,0.005818013,0.005441372,0.005740097,0.005722506,0.010706974,0.009027614,0.006224988,0.007516928,0.006023234,0.003428472,0.003650135,0.003155464,0.004154614,0.005514497,0.003828858,0.003291588,0.002937294,0.003084649,0.003620515
Head 1,450,0.000300393,0.000420888,0.000392839,0.00052687,5.32E-05,6.25E-05,5.98E-05,5.22E-05,4.72E-05,4.39E-05,0.000239319,5.90E-05,4.98E-05,5.44E-05,5.92E-05,4.92E-05,3.79E-05,3.87E-05,3.92E-05,0.000271028,0.000362581,0.000564583,6.03E-05,6.39E-05,6.71E-05,8.15E-05,9.96E-05,0.000104339,0.000108003,9.96E-05,7.01E-05,7.80E-05,6.76E-05,0.002709282,0.004984009,0.00619613,0.000128612,0.000173868,0.000204867,0.000224722,0.000266216,0.000266978,0.000305241,0.000355051,0.000349759,0.000326065,0.000246029,0.000275389,0.000292834,0.00030878,0.022849692,0.023047993,0.028587168,0.033242214,0.04922206,0.0435961,0.048685674,0.062740743,0.003897711,0.003524822,0.003833169,0.003117751,0.00271101,0.002451821,0.001856284,0.001827694,0.001531105,0.001604283,0.001796092,0.001769947,0.018063806,0.020701515,0.023888217,0.018868973,0.002833853,0.025685949,0.022970298,0.025256237,0.01759153,0.004713897,0.003739363,0.004672985,0.00414991,0.004196683,0.004212331,0.003368633,0.003979573,0.002758829,0.003099832,0.003675673,0.002346331,0.002312447,0.00222778,0.002735605,0.004876575,0.005122381,0.008511221,0.014417715,0.033071745,0.039266888,0.041106507,0.04592042,0.038744729,0.032428659,0.019344583,0.006097166,0.005536757,0.004983264,0.005224546,0.005424801,0.006104657,0.00618389,0.01170704,0.009912222,0.007141176,0.009285436,0.007834185,0.004318472,0.003990316,0.002938348,0.003599078,0.005741412,0.004239298,0.003520068,0.002705516,0.002485072,0.002935331,0.003038197
Head 1,451,0.000477987,0.000421176,0.000534831,5.19E-05,5.87E-05,5.44E-05,4.59E-05,4.18E-05,4.19E-05,0.000256178,6.00E-05,4.97E-05,5.38E-05,6.05E-05,5.36E-05,4.32E-05,4.24E-05,4.03E-05,0.000311512,0.000370599,0.000530718,6.36E-05,6.43E-05,6.17E-05,7.02E-05,8.76E-05,0.000102256,0.0001202,0.000120861,8.83E-05,9.10E-05,7.36E-05,0.00247924,0.004596933,0.006066005,0.000122299,0.000147925,0.000165719,0.000189213,0.000246478,0.000262008,0.00029577,0.000335034,0.000332128,0.00032537,0.000250077,0.000286275,0.000295273,0.000288044,0.023953749,0.022797266,0.026564816,0.029876532,0.043995064,0.040186536,0.045446575,0.058903933,0.003591649,0.003674394,0.004246534,0.003503677,0.002924218,0.002510423,0.001843487,0.001825299,0.001548065,0.001583616,0.001688149,0.001618364,0.019416653,0.021218264,0.023776526,0.018901296,0.003074115,0.024997566,0.021831339,0.023599016,0.016389165,0.004913833,0.003587363,0.00394152,0.004049107,0.004241179,0.004719466,0.004118906,0.0049368,0.003174504,0.003160766,0.003553319,0.002375112,0.002563598,0.002637997,0.003232556,0.005269981,0.004975936,0.00772864,0.012558195,0.028158525,0.034199052,0.038379524,0.047389477,0.044183731,0.039562382,0.023751142,0.007740517,0.006634258,0.005369475,0.005128273,0.00542198,0.006359977,0.006761906,0.013081488,0.011112672,0.008011862,0.010863358,0.00983462,0.005791352,0.005108238,0.003289321,0.003468784,0.005518992,0.00455049,0.004074788,0.002990575,0.002366266,0.002464217,0.002562184,0.003417076
Head 1,452,0.000376422,0.000478467,2.07E-05,2.31E-05,2.19E-05,1.74E-05,1.52E-05,1.54E-05,0.000212476,2.57E-05,2.01E-05,2.14E-05,2.42E-05,2.21E-05,1.94E-05,2.05E-05,1.99E-05,0.000379041,0.000514649,0.000744458,3.39E-05,3.28E-05,3.08E-05,3.27E-05,3.85E-05,4.34E-05,5.17E-05,5.49E-05,3.86E-05,4.08E-05,3.27E-05,0.002561687,0.004936154,0.006871704,6.60E-05,7.96E-05,9.45E-05,0.000108857,0.000143314,0.000155664,0.000176969,0.00019831,0.000193505,0.00019205,0.000141667,0.00016386,0.000175074,0.000170365,0.026208425,0.025146879,0.029537277,0.033964362,0.05125672,0.047280423,0.053552497,0.068192102,0.002046541,0.002157868,0.002682384,0.002430885,0.002222025,0.001986337,0.001447673,0.001389495,0.001140888,0.001112148,0.001152528,0.001062191,0.025419986,0.027211701,0.028930582,0.022010736,0.001811609,0.027779315,0.025283124,0.028758755,0.021553794,0.003464645,0.002819951,0.003158321,0.002820828,0.002995984,0.003279563,0.002975092,0.00479848,0.003463197,0.003605808,0.004124216,0.002958463,0.003191882,0.003254967,0.00374083,0.006556783,0.005899798,0.008485304,0.012853848,0.026116023,0.029877093,0.031861577,0.038169485,0.036021132,0.032550134,0.020012427,0.007495082,0.00685281,0.005322364,0.004906307,0.005028149,0.005734737,0.006065293,0.011340162,0.009792724,0.007110914,0.009038555,0.007960339,0.004835766,0.004296261,0.002818984,0.00282174,0.002504155,0.002094964,0.001789846,0.00134419,0.001065177,0.001033824,0.000983753,0.001181401,0.002944797
Head 1,453,0.000546687,2.38E-05,2.64E-05,2.48E-05,1.91E-05,1.59E-05,1.59E-05,0.00020269,2.83E-05,2.27E-05,2.37E-05,2.63E-05,2.46E-05,2.30E-05,2.58E-05,2.57E-05,0.000430298,0.000575767,0.0008041,4.04E-05,3.97E-05,3.66E-05,3.64E-05,3.95E-05,4.26E-05,5.18E-05,5.91E-05,4.56E-05,4.98E-05,3.85E-05,0.002470223,0.004495232,0.00603884,6.54E-05,7.54E-05,8.17E-05,8.88E-05,0.000119213,0.000139445,0.000172239,0.000199973,0.00019319,0.000187117,0.000139241,0.000162578,0.000176747,0.000172031,0.02746564,0.026231946,0.029305562,0.031356033,0.046204854,0.042665794,0.050565533,0.067995451,0.001708776,0.001852133,0.002474646,0.00240865,0.002289886,0.002030867,0.001420415,0.001317987,0.001058418,0.00103326,0.001053945,0.000928035,0.027800966,0.030435763,0.032270703,0.024263587,0.001898291,0.030000655,0.026571987,0.029299162,0.020950966,0.003081919,0.002578996,0.002827616,0.002615332,0.002807281,0.003116037,0.002946778,0.004745387,0.003511189,0.003515309,0.003759755,0.002560933,0.00283393,0.003129987,0.003875605,0.007412179,0.006344766,0.008559655,0.01243281,0.024915285,0.028142564,0.03024156,0.03732986,0.037002701,0.035477661,0.02298101,0.008072365,0.007200597,0.005331721,0.004503584,0.004607785,0.004962353,0.005247517,0.010372227,0.009446385,0.00704937,0.009176249,0.008229935,0.005217199,0.004894547,0.003233027,0.003027252,0.002512089,0.002016844,0.001781759,0.001414576,0.001122048,0.001010229,0.000865247,0.000984846,0.002425575,0.003345787
Head 1,454,2.59E-05,2.89E-05,2.72E-05,2.09E-05,1.69E-05,1.67E-05,0.000190029,3.04E-05,2.48E-05,2.60E-05,2.84E-05,2.64E-05,2.52E-05,2.92E-05,3.02E-05,0.00043659,0.000592365,0.000827979,4.58E-05,4.51E-05,4.16E-05,4.07E-05,4.22E-05,4.33E-05,5.13E-05,6.00E-05,5.00E-05,5.88E-05,4.67E-05,0.002460505,0.004324281,0.005533879,6.53E-05,7.24E-05,7.43E-05,7.61E-05,9.98E-05,0.000119004,0.000156354,0.000192058,0.000191444,0.000186393,0.000140876,0.000163691,0.000178378,0.000175453,0.029091787,0.027899122,0.030418826,0.030749416,0.04367483,0.038705502,0.045938294,0.063889854,0.001443243,0.001556911,0.002144827,0.002207246,0.002235464,0.002073334,0.001472697,0.001357593,0.001070093,0.00103815,0.001054189,0.000917373,0.029954288,0.034556661,0.037328966,0.027715299,0.00204435,0.0324746,0.02785716,0.029782794,0.020455075,0.002820125,0.00237694,0.002648212,0.002360093,0.002641571,0.003011971,0.002905217,0.004303989,0.003244062,0.003237253,0.003341986,0.002191381,0.002385023,0.002706163,0.003541281,0.008015648,0.006802183,0.008892068,0.012411868,0.024213852,0.026635397,0.028404711,0.035635982,0.036780488,0.037310712,0.025659945,0.008340518,0.00740685,0.005369035,0.004283455,0.004483665,0.004520513,0.004568346,0.009119671,0.008554945,0.00664499,0.0090173,0.008254841,0.005299651,0.005148174,0.003473144,0.00322106,0.002628794,0.001989018,0.001719757,0.001385784,0.001127828,0.001013273,0.000826586,0.000885713,0.002089035,0.002938655,0.002963576
Head 1,455,6.84E-05,6.11E-05,4.68E-05,3.63E-05,3.11E-05,0.000189664,4.90E-05,4.65E-05,5.54E-05,6.39E-05,5.98E-05,5.38E-05,6.12E-05,6.50E-05,0.000390444,0.000508384,0.000693269,7.81E-05,7.53E-05,7.07E-05,7.43E-05,7.68E-05,7.42E-05,8.17E-05,9.49E-05,0.000100901,0.000144404,0.000137045,0.002544604,0.0043403,0.005139109,0.000138475,0.00015416,0.000140298,0.000121273,0.000128767,0.000128765,0.000163068,0.000214802,0.000241625,0.000254666,0.000225038,0.000263855,0.000272627,0.000263308,0.022763735,0.023119038,0.028010556,0.029247601,0.040475298,0.031565648,0.03409588,0.046413243,0.002091606,0.002069668,0.002677089,0.002787476,0.002999194,0.002969715,0.002159244,0.00185423,0.00128569,0.001155836,0.001145833,0.001039711,0.022140808,0.029992905,0.036350604,0.027395222,0.003196857,0.032308459,0.027695602,0.029234376,0.018336121,0.004129689,0.003122982,0.003577609,0.002869562,0.003293583,0.003905252,0.003768893,0.003930522,0.003206481,0.003666742,0.003864611,0.002176302,0.001956869,0.001924662,0.002571124,0.007907744,0.007627289,0.010525795,0.014180507,0.026594825,0.026176484,0.02612274,0.033082388,0.036104158,0.040999018,0.031300865,0.008595444,0.008133992,0.006588959,0.005737987,0.006828575,0.006420321,0.005628996,0.010987789,0.009913028,0.007964822,0.012254639,0.011771796,0.007341306,0.007687567,0.005576315,0.005773616,0.006471991,0.004317228,0.003527574,0.00277027,0.002419416,0.002389238,0.001883075,0.001852048,0.00318652,0.004145946,0.004288677,0.002155796
Head 1,456,6.40E-05,4.91E-05,3.88E-05,3.40E-05,0.000188193,4.79E-05,4.34E-05,5.29E-05,6.46E-05,6.44E-05,6.02E-05,6.70E-05,6.97E-05,0.000410543,0.000524019,0.000714045,9.54E-05,8.72E-05,7.68E-05,7.94E-05,8.32E-05,8.17E-05,8.76E-05,9.52E-05,9.75E-05,0.00013929,0.00014542,0.002502815,0.004271744,0.005106219,0.00016671,0.000172306,0.000155492,0.000136663,0.000144202,0.000134706,0.000154111,0.000189336,0.000213504,0.000239521,0.000228575,0.000285832,0.000298883,0.000282577,0.023941997,0.022253111,0.026006518,0.027692514,0.039493002,0.03126489,0.032574631,0.042273585,0.001982861,0.002029953,0.002552189,0.002569766,0.002766825,0.002891178,0.002321179,0.002178382,0.001578784,0.001357933,0.001233249,0.001050812,0.020486845,0.028242871,0.036805779,0.029981079,0.003105376,0.035403106,0.029272081,0.030252069,0.019464541,0.004746201,0.003320457,0.003604569,0.002513807,0.002922857,0.003708885,0.003778225,0.003516834,0.002861385,0.003367391,0.003829814,0.002412803,0.002256847,0.002126044,0.002592349,0.008418891,0.008293334,0.012026364,0.016562182,0.030004242,0.028033683,0.025988175,0.030673837,0.032316677,0.036925517,0.029362645,0.00923248,0.007880064,0.006523469,0.005814014,0.007572337,0.007614715,0.006624124,0.011781258,0.009680627,0.00737721,0.011490004,0.011691068,0.007670136,0.008000712,0.005712377,0.005977326,0.006805029,0.004892517,0.003932245,0.002847072,0.002295346,0.002247922,0.001878825,0.001951413,0.00308183,0.003986399,0.003962663,0.001810568,0.002230431
Head 1,457,4.27E-05,3.44E-05,3.13E-05,0.00017535,4.41E-05,3.96E-05,4.90E-05,6.28E-05,6.66E-05,6.54E-05,7.18E-05,7.18E-05,0.000404796,0.000490229,0.00064125,9.46E-05,8.51E-05,7.27E-05,7.51E-05,8.08E-05,8.20E-05,8.80E-05,9.18E-05,9.18E-05,0.000126958,0.000140529,0.002586405,0.004259641,0.00496192,0.000202501,0.000195852,0.000170906,0.00014959,0.000157855,0.000143998,0.000154472,0.000178464,0.000195283,0.000220769,0.000217475,0.000282384,0.000303542,0.000287437,0.024066094,0.021281678,0.023844382,0.025384611,0.036479916,0.030191271,0.031504706,0.03929057,0.001997566,0.002098939,0.00256127,0.002435507,0.002512136,0.002608379,0.002206253,0.00225271,0.001792517,0.001599166,0.001432641,0.001186935,0.017999994,0.024993518,0.035313889,0.032306295,0.003760312,0.040510453,0.031989455,0.030743364,0.019090049,0.00599379,0.003931406,0.003975886,0.002398115,0.002711603,0.003553183,0.003825934,0.003118081,0.002548745,0.003017569,0.003551734,0.002421008,0.002374192,0.002217263,0.002515729,0.008599884,0.008377815,0.012587733,0.018115951,0.033257592,0.030808231,0.027033957,0.029340681,0.028589452,0.031431906,0.025373125,0.009192538,0.007606123,0.006872952,0.006649085,0.00819108,0.008843121,0.007968403,0.013717887,0.010593306,0.007612524,0.011601123,0.012110923,0.008287126,0.008777775,0.006250344,0.006564676,0.007321315,0.005456469,0.004383235,0.003001627,0.002237142,0.002120883,0.001831348,0.002030912,0.003213271,0.004216621,0.004141041,0.001620014,0.002074981,0.002417894
Head 1,458,3.12E-05,2.87E-05,0.00017688,4.12E-05,3.50E-05,4.11E-05,5.29E-05,5.90E-05,6.36E-05,7.35E-05,7.32E-05,0.000470989,0.000540335,0.000653234,0.000100891,9.19E-05,7.51E-05,7.25E-05,7.57E-05,7.86E-05,8.80E-05,9.20E-05,9.06E-05,0.000112331,0.00011857,0.002690204,0.004417351,0.005129396,0.000252319,0.00023156,0.000187222,0.000156295,0.000167032,0.000153721,0.000156784,0.000164982,0.000165685,0.000180457,0.00017837,0.00024869,0.000287994,0.000282335,0.025388105,0.022173751,0.023109926,0.023107601,0.032328114,0.027723331,0.029822102,0.037371565,0.001708477,0.001904624,0.002448695,0.00230289,0.002244464,0.002198186,0.001837203,0.001981523,0.001752154,0.001693659,0.001523507,0.001182356,0.016664565,0.020695413,0.028621951,0.028142383,0.003579141,0.042361539,0.034349874,0.032219015,0.019230271,0.00679765,0.004419858,0.004035945,0.002334277,0.002368343,0.003028862,0.003448966,0.002952644,0.002486445,0.002897648,0.003428632,0.002468417,0.002702085,0.002740178,0.003067415,0.009125747,0.008447159,0.012441533,0.018444173,0.03504717,0.033466991,0.029179361,0.030116867,0.027112598,0.027767008,0.021518283,0.009781997,0.007733213,0.007267554,0.007394593,0.008622002,0.009950047,0.0099027,0.017598065,0.013117582,0.008559299,0.012111628,0.012465682,0.008984558,0.009991527,0.007171937,0.007366608,0.007535984,0.0062514,0.00546429,0.00383519,0.002622704,0.002190946,0.001771121,0.002037631,0.003132242,0.004377625,0.004460054,0.001521747,0.001843298,0.002194607,0.002843938
Head 1,459,9.20E-06,0.000141429,1.66E-05,1.41E-05,1.67E-05,2.13E-05,2.30E-05,2.48E-05,2.84E-05,2.78E-05,0.000443522,0.000565714,0.000682842,4.54E-05,4.18E-05,3.63E-05,3.55E-05,3.74E-05,3.88E-05,4.32E-05,4.59E-05,3.67E-05,4.46E-05,4.47E-05,0.002099108,0.003598908,0.004238442,9.83E-05,8.85E-05,7.48E-05,6.24E-05,6.70E-05,6.49E-05,7.13E-05,8.20E-05,8.86E-05,0.000102725,9.14E-05,0.000122784,0.000142175,0.000139299,0.024109608,0.023697598,0.026159137,0.026213253,0.03481305,0.02766454,0.027831996,0.033609383,0.000802119,0.000879102,0.001172616,0.001149004,0.001172363,0.001179603,0.000990322,0.00109635,0.001026611,0.001076327,0.001091138,0.000926302,0.02410097,0.029587662,0.038511593,0.036189497,0.002461255,0.050298482,0.041311175,0.038416605,0.022807982,0.003675258,0.002473571,0.002224471,0.001218636,0.001290635,0.001690018,0.002047568,0.002507355,0.002372959,0.002780856,0.003155706,0.002268817,0.002408722,0.002480034,0.002814967,0.011844177,0.010386347,0.014073131,0.019336928,0.033574808,0.031893674,0.028309319,0.029909797,0.027830793,0.028361429,0.02195777,0.00972233,0.009125477,0.008692806,0.008725423,0.008977819,0.009575387,0.008701931,0.01402804,0.010503247,0.007020016,0.009498317,0.009787798,0.007355582,0.008186609,0.006011027,0.005920901,0.004109042,0.003358396,0.002821243,0.001989832,0.001334895,0.001039774,0.000795432,0.000846042,0.001998174,0.003044977,0.003268978,0.000818303,0.000936914,0.00088003,0.000969784,0.003023878
Head 1,460,0.000139282,1.58E-05,1.33E-05,1.53E-05,1.86E-05,1.96E-05,2.15E-05,2.66E-05,2.75E-05,0.000453808,0.00061931,0.000760472,4.65E-05,4.48E-05,4.08E-05,3.99E-05,4.06E-05,4.04E-05,4.45E-05,4.77E-05,3.79E-05,4.48E-05,4.17E-05,0.002122702,0.003707989,0.004242017,0.000100223,9.58E-05,7.99E-05,6.23E-05,6.35E-05,5.96E-05,6.47E-05,7.15E-05,7.15E-05,7.64E-05,6.65E-05,9.15E-05,0.000113318,0.000121157,0.023376435,0.024879873,0.028310353,0.027886854,0.036288638,0.028075978,0.02823415,0.034344185,0.000650067,0.000673465,0.00092107,0.000916941,0.000936227,0.000921148,0.000741717,0.000803274,0.000765168,0.000867427,0.000959673,0.000846978,0.026830135,0.031380806,0.03792119,0.033381298,0.002078629,0.04898297,0.042440251,0.041177873,0.024168035,0.003146763,0.002267611,0.002114945,0.001188982,0.001150831,0.001348417,0.001536387,0.001700251,0.001727687,0.002184092,0.002591652,0.001850232,0.002048222,0.002258644,0.002728722,0.011073506,0.009954468,0.013493843,0.01890037,0.034273028,0.033492278,0.030223021,0.031824544,0.028602162,0.027715841,0.020267351,0.00858435,0.007749214,0.00737706,0.007576786,0.008436659,0.009030893,0.00870733,0.015260358,0.011753461,0.007558737,0.009461128,0.008842172,0.006219838,0.007072463,0.005457645,0.00565652,0.00375562,0.003051591,0.002691433,0.002116229,0.001557684,0.001229272,0.00087669,0.000858317,0.001767741,0.002671757,0.002984033,0.000853495,0.000911264,0.000765567,0.000796567,0.002500718,0.002631576
Head 1,461,3.98E-05,3.50E-05,3.80E-05,4.10E-05,3.78E-05,3.70E-05,4.82E-05,5.86E-05,0.000489082,0.000723146,0.000968359,0.000116489,0.000114101,0.00010895,0.000110713,0.000107958,9.73E-05,9.80E-05,9.89E-05,9.61E-05,0.000119123,0.000110654,0.002412913,0.004591986,0.005421671,0.000254856,0.000305632,0.000289674,0.000228033,0.000208224,0.000171701,0.000172779,0.000176938,0.000157332,0.000136336,0.00011047,0.000135077,0.000156965,0.000181335,0.016601697,0.019413201,0.024530478,0.02468293,0.031248944,0.022849649,0.023162998,0.029889425,0.001112667,0.001053678,0.00137667,0.001402227,0.001489892,0.001518996,0.001215865,0.001198753,0.001036034,0.001149944,0.001341861,0.001288638,0.02259923,0.02564919,0.027846826,0.020932572,0.002226283,0.031040082,0.030297622,0.034352954,0.021911427,0.004302973,0.003458664,0.003962046,0.002851781,0.002627753,0.002533188,0.002201263,0.001516282,0.001412248,0.00190554,0.002422589,0.001694717,0.001919848,0.002305503,0.003361719,0.009154716,0.009772613,0.014333513,0.020475656,0.038733948,0.038914848,0.036823116,0.040271249,0.035186339,0.031161357,0.019551041,0.007548871,0.006372893,0.005536231,0.005630465,0.008805306,0.009533035,0.009858372,0.020697504,0.018145835,0.012908907,0.016694328,0.013870711,0.007918712,0.008248096,0.006326071,0.007339682,0.006435903,0.004904147,0.004280993,0.003673025,0.00336643,0.00330417,0.002480148,0.00226815,0.00297623,0.003401612,0.003318932,0.001638616,0.001704766,0.001562446,0.001540033,0.003791652,0.003925983,0.003910409
Head 1,462,3.28E-05,3.69E-05,4.10E-05,3.80E-05,3.56E-05,4.31E-05,5.09E-05,0.000450409,0.000689561,0.000982472,0.000124358,0.000117544,0.000110768,0.00011567,0.000119021,0.000111457,0.000111745,0.000109229,0.000101087,0.000124477,0.000116934,0.002120647,0.004227849,0.00534016,0.000228404,0.000278183,0.000294839,0.000263853,0.000255245,0.000206501,0.000195356,0.000192344,0.00017051,0.000149182,0.000118225,0.000137589,0.000146491,0.000156729,0.013717062,0.015539303,0.020774584,0.023102706,0.031390231,0.023513233,0.022975259,0.028218927,0.001138501,0.001072387,0.001323395,0.001290235,0.00135143,0.001413633,0.001178595,0.001184265,0.000997278,0.001042027,0.001185082,0.001197121,0.022676228,0.02742314,0.03061278,0.022420425,0.002185232,0.028745823,0.027356494,0.032292005,0.02243568,0.004239442,0.003236049,0.00373804,0.002994943,0.002923193,0.002909275,0.002404929,0.001307031,0.00110252,0.001434885,0.001888101,0.001400332,0.001617579,0.001908938,0.002767828,0.008078368,0.009124972,0.014513336,0.021473525,0.040158842,0.039956179,0.038023211,0.042894095,0.039342184,0.035827532,0.022115069,0.007674386,0.006128667,0.004837081,0.004564372,0.00820195,0.009363862,0.00972834,0.020176649,0.017659096,0.013109462,0.01807146,0.015738364,0.008852133,0.008463374,0.00592543,0.006648597,0.006059658,0.004707125,0.004011489,0.003236208,0.002912697,0.00304672,0.002549471,0.002502332,0.003461449,0.003678217,0.003223421,0.001507667,0.001652495,0.001600662,0.001541177,0.00365875,0.003566419,0.003187333,0.003474793
Head 1,463,1.17E-05,1.37E-05,1.39E-05,1.48E-05,2.00E-05,2.43E-05,0.000387173,0.000647193,0.000927661,5.22E-05,4.74E-05,4.54E-05,4.68E-05,4.85E-05,4.61E-05,4.74E-05,4.92E-05,4.02E-05,5.03E-05,4.77E-05,0.001912248,0.003694104,0.004355807,9.36E-05,0.000104697,0.000109921,9.64E-05,9.52E-05,8.13E-05,8.09E-05,8.14E-05,7.24E-05,6.54E-05,5.00E-05,6.12E-05,7.27E-05,8.40E-05,0.013100207,0.015071192,0.019919293,0.022685627,0.031930231,0.025771538,0.026311748,0.031869065,0.000621968,0.000574401,0.000723089,0.000709026,0.000745153,0.000765976,0.000615518,0.000615395,0.000526404,0.00056413,0.00067106,0.000700961,0.025220178,0.032560475,0.03870099,0.030726917,0.001856489,0.03990351,0.038010444,0.04341672,0.030840915,0.003278742,0.002542,0.002730898,0.001585105,0.001526924,0.001476324,0.001253646,0.000786664,0.000717296,0.00097722,0.0013528,0.001127881,0.001390284,0.001699543,0.002328912,0.010219633,0.010241293,0.014710233,0.020886479,0.037722163,0.038280979,0.036475305,0.040359572,0.037192125,0.034642104,0.023154115,0.009257312,0.007305803,0.005788211,0.00541298,0.008029652,0.008738305,0.008748598,0.016994528,0.014995617,0.011050523,0.013966364,0.011719652,0.006775577,0.006465487,0.004730152,0.005233507,0.003659066,0.002716857,0.002269475,0.001862204,0.001650141,0.001610546,0.001267564,0.001134425,0.002113614,0.002438705,0.002354695,0.000765799,0.000867404,0.000731225,0.000642114,0.002290813,0.002393811,0.001304033,0.001301459,0.003334017
Head 1,464,3.67E-05,3.64E-05,3.58E-05,4.08E-05,4.23E-05,0.000401816,0.000600622,0.00089128,0.000125822,0.000127594,0.000118567,0.000118781,0.000123859,0.000124021,0.00013288,0.000134283,0.000120343,0.000136408,0.000121095,0.001901884,0.003463765,0.004450802,0.000214683,0.000228895,0.000240897,0.000252887,0.000309628,0.000300385,0.000288676,0.000258817,0.000206248,0.000170137,0.000130687,0.000152544,0.000155011,0.000146032,0.011744839,0.011379655,0.013800888,0.016033106,0.024722377,0.02224591,0.023587409,0.028167691,0.001079233,0.001071014,0.001291976,0.001163815,0.001106605,0.001090425,0.000921248,0.001016237,0.000928774,0.000965908,0.001000025,0.000924909,0.019628035,0.026057703,0.032996889,0.026620135,0.0026011,0.029326523,0.023667691,0.025535857,0.018324962,0.004131015,0.003041097,0.003154545,0.00298799,0.003043508,0.003396766,0.003062975,0.001450989,0.001025835,0.001076746,0.00127816,0.000955952,0.001225388,0.001551018,0.002223931,0.006418549,0.007103896,0.012616253,0.021436147,0.043466862,0.043925907,0.040621988,0.044676702,0.042177364,0.041768771,0.028289467,0.009613523,0.008379206,0.005996596,0.004708429,0.00664183,0.00829371,0.009814779,0.021397324,0.018461036,0.013213466,0.018976629,0.018362658,0.011757982,0.011468209,0.007173602,0.006799465,0.005543198,0.004446882,0.004066621,0.003218854,0.002590274,0.002497719,0.002199436,0.002539081,0.004383609,0.005012673,0.004044698,0.001372877,0.001418523,0.001481579,0.001655652,0.003643234,0.00355825,0.002407498,0.002403622,0.005340881,0.003666259
Head 1,465,3.44E-05,3.50E-05,4.17E-05,4.28E-05,0.000389413,0.000575542,0.000836123,0.000112796,0.000124565,0.000124429,0.000126105,0.000128868,0.00012724,0.000138757,0.000146898,0.000142154,0.000158908,0.000134418,0.002097419,0.003481442,0.004072609,0.000226805,0.000228739,0.000221581,0.000221146,0.00028244,0.000309994,0.000337022,0.000317669,0.000247171,0.000190668,0.000140065,0.000159021,0.000162952,0.000153348,0.011575857,0.011176813,0.012678703,0.013735943,0.020735057,0.01977401,0.02293676,0.029179482,0.001036258,0.00103103,0.001281727,0.001165864,0.001081771,0.001007403,0.000805521,0.000874785,0.000830558,0.000927801,0.000993264,0.000896801,0.018831676,0.025480991,0.033429969,0.028584812,0.003069662,0.033077057,0.025433611,0.025165346,0.016582778,0.003880881,0.003036679,0.00312739,0.00299403,0.00303237,0.003401784,0.003222893,0.001596316,0.001130223,0.001096379,0.001155451,0.000781211,0.000981365,0.001298527,0.001950665,0.006087732,0.006403591,0.011053811,0.01941219,0.041987333,0.04471631,0.042277608,0.045919493,0.042667784,0.042529777,0.030329281,0.010300784,0.009262253,0.006858447,0.005206591,0.006128495,0.007198084,0.0089287,0.020799186,0.018910531,0.013583663,0.018953407,0.018096011,0.012098452,0.01279439,0.008418389,0.007723356,0.005563238,0.004168463,0.003835116,0.003210644,0.002637899,0.002428779,0.001999095,0.002255933,0.004371664,0.005520557,0.004797617,0.00156437,0.001457273,0.001381008,0.001552393,0.003208519,0.00335762,0.002447129,0.002161533,0.004847897,0.002995688,0.003254202
Head 1,466,3.53E-05,4.34E-05,4.62E-05,0.00038909,0.000567701,0.000799756,0.000107799,0.000126018,0.000136562,0.000144515,0.000148332,0.000143351,0.000153231,0.000163584,0.000166887,0.000187494,0.000157243,0.002340605,0.003624875,0.003864804,0.000251353,0.000250762,0.000228788,0.000212849,0.000264884,0.000313526,0.000389258,0.000412983,0.000339136,0.000257012,0.000182746,0.000194788,0.000196233,0.000185967,0.010906201,0.01084957,0.011726392,0.011580631,0.016027577,0.015209343,0.01881215,0.025922293,0.001061525,0.001067344,0.001359052,0.001272809,0.001192845,0.001083573,0.00083645,0.000879426,0.00084987,0.001008576,0.001139344,0.001034822,0.016541371,0.021999802,0.029151663,0.026459763,0.003481981,0.034549285,0.02700888,0.025310175,0.015491391,0.003997034,0.003318643,0.003536253,0.003222604,0.003395239,0.003848895,0.003779582,0.00197876,0.001442122,0.00133688,0.001253176,0.000762125,0.000884161,0.001167801,0.001815211,0.00632747,0.006324987,0.010233814,0.017657835,0.039502472,0.044961028,0.044793695,0.049275097,0.045082971,0.043885097,0.032003049,0.011612711,0.01058448,0.0084687,0.00667007,0.006710379,0.007050451,0.008373746,0.019633191,0.018732136,0.014026529,0.019402985,0.018356908,0.012491475,0.014121041,0.010065261,0.00950548,0.006370814,0.004411382,0.003945468,0.003381595,0.002861582,0.002611549,0.002050014,0.00220478,0.004692963,0.006136164,0.005629338,0.001817465,0.001563461,0.001405659,0.001509471,0.003143193,0.003340683,0.002673453,0.002240819,0.005398117,0.002656922,0.002988589,0.004533853
Head 1,467,4.01E-05,4.47E-05,0.000385309,0.000566654,0.00078557,9.21E-05,0.000106295,0.000123593,0.000143443,0.000156492,0.000152227,0.000158338,0.000167963,0.000175271,0.000207407,0.00018093,0.00258412,0.004057272,0.004113979,0.000255671,0.000267897,0.000245011,0.000212545,0.00023708,0.000269394,0.00035875,0.00043878,0.000410882,0.000329862,0.000232287,0.000227044,0.00021358,0.000198652,0.009803482,0.010526726,0.011943758,0.011454919,0.014615661,0.012641435,0.01531562,0.022061646,0.001060598,0.001046387,0.001326071,0.001273069,0.001229492,0.001124833,0.000842139,0.000821448,0.000748398,0.000896433,0.001093178,0.001087566,0.01526682,0.020257426,0.026539065,0.024215266,0.003403804,0.035191976,0.029541822,0.027881518,0.016057337,0.003789724,0.003111219,0.003495803,0.003148126,0.003501008,0.003971333,0.003845923,0.002148588,0.00167242,0.001633855,0.001478062,0.000820171,0.000823343,0.000996379,0.001555095,0.006404046,0.006327824,0.009634666,0.015675046,0.034776933,0.041360568,0.044129755,0.051446937,0.048030674,0.045566797,0.032387141,0.011923387,0.011133856,0.00956307,0.00826097,0.007961868,0.007504123,0.007989627,0.018191144,0.017967954,0.014507118,0.020680677,0.019347416,0.012628487,0.014405891,0.010992158,0.011317668,0.00788196,0.005057919,0.004118199,0.003389433,0.00296472,0.00283455,0.002203374,0.002205152,0.005035397,0.006512594,0.006256871,0.002185715,0.001906554,0.0016285,0.001528463,0.003137637,0.003101178,0.002842722,0.002481461,0.005893632,0.002414922,0.00247723,0.003883389,0.004544456
Head 1,468,4.07E-05,0.000387439,0.000569322,0.000789994,8.33E-05,8.88E-05,0.000102383,0.000127658,0.000153435,0.000159001,0.000165339,0.000171998,0.000174593,0.000214342,0.000201035,0.002630252,0.004378061,0.00458429,0.000247735,0.000270097,0.000259963,0.000227132,0.000232785,0.000236972,0.000300814,0.000394489,0.000426877,0.000395076,0.000297093,0.000280678,0.000242021,0.000208581,0.008743654,0.0095473,0.011685463,0.011826326,0.014858492,0.011769085,0.013079228,0.018255172,0.001040199,0.001033877,0.001270878,0.001214477,0.001197055,0.001132642,0.000862597,0.000807057,0.000678821,0.000757767,0.000926983,0.001001156,0.014125429,0.018865425,0.024742063,0.022503423,0.003013162,0.034031119,0.030799031,0.030900642,0.018232891,0.003923194,0.002924831,0.003280075,0.002941228,0.003486901,0.004143265,0.003988843,0.002211469,0.001782138,0.001872574,0.00177346,0.000981482,0.000873719,0.000912542,0.001305945,0.006209826,0.006219577,0.009334185,0.0143999,0.030452518,0.03609959,0.040141426,0.05022664,0.049888264,0.048129734,0.033497442,0.012743165,0.011552132,0.010115932,0.009464333,0.009747367,0.008954392,0.008464958,0.017525019,0.016658148,0.014038334,0.021325951,0.020828562,0.013342027,0.014627934,0.011174499,0.01233665,0.009693316,0.006336285,0.004805974,0.003567757,0.002997578,0.002980764,0.002436648,0.002426072,0.005742556,0.007131458,0.006778059,0.00241243,0.002359709,0.002118578,0.001824026,0.003640496,0.003072628,0.002789303,0.002683609,0.006148626,0.002561696,0.002257329,0.003213007,0.003877016,0.004301365
Head 1,469,0.000399689,0.000573498,0.000790115,8.02E-05,7.88E-05,8.36E-05,0.000103351,0.000132781,0.000151454,0.000166768,0.000175499,0.000172683,0.000207857,0.000204158,0.002531433,0.004387674,0.004962774,0.0002445,0.000260422,0.000256106,0.000235688,0.000241796,0.000225781,0.000253757,0.000317773,0.00036775,0.000395262,0.000338377,0.000341815,0.000285624,0.000224305,0.008392861,0.00858605,0.010760008,0.01175708,0.015533692,0.01213017,0.012443061,0.016064862,0.000949041,0.000994749,0.001214271,0.001140286,0.001114211,0.001072743,0.000846474,0.000803961,0.000650606,0.000661936,0.000747344,0.000802901,0.013227299,0.017470442,0.023217447,0.021485692,0.002643174,0.032743812,0.030912381,0.033200659,0.021200998,0.004542016,0.003008607,0.003075156,0.002654912,0.003196032,0.004085969,0.004117086,0.002200788,0.001773086,0.001926108,0.001959316,0.001160148,0.001010002,0.000941129,0.001169062,0.005904676,0.005900101,0.00900068,0.01367471,0.027634345,0.03157115,0.034991387,0.045767743,0.048812781,0.050132006,0.035578359,0.01457444,0.012326103,0.010464245,0.009999141,0.011035522,0.01081661,0.009808911,0.018426705,0.015915954,0.012860411,0.020363018,0.0214519,0.014457415,0.015508377,0.011312502,0.012503033,0.010659479,0.007870261,0.006138772,0.004197953,0.003151886,0.002993393,0.002532369,0.002677516,0.006438345,0.008019229,0.007447865,0.002392,0.002647477,0.002661188,0.002405463,0.004754177,0.003476845,0.002674768,0.002673078,0.005810896,0.002971985,0.002398411,0.0029583,0.003163073,0.003589275,0.003724806
Head 1,470,0.000504789,0.000702619,2.98E-05,3.02E-05,3.36E-05,4.06E-05,5.09E-05,5.61E-05,5.96E-05,6.25E-05,4.99E-05,5.96E-05,6.00E-05,0.001793482,0.00334147,0.003930665,9.48E-05,9.51E-05,9.48E-05,8.77E-05,9.09E-05,8.71E-05,9.80E-05,0.000118567,0.000129046,0.000134021,9.67E-05,9.76E-05,8.48E-05,6.80E-05,0.006070897,0.006619362,0.008827356,0.010633815,0.01523984,0.01291155,0.013748932,0.017554613,0.00046306,0.000472661,0.000580325,0.000546516,0.000540218,0.000520233,0.000405341,0.000394569,0.000324995,0.000330702,0.000366444,0.000372721,0.014565333,0.019492524,0.026518557,0.025107099,0.001362635,0.038282055,0.036150549,0.03941622,0.026917338,0.003102405,0.002292143,0.002367378,0.001420302,0.001634659,0.002032581,0.002090028,0.00148653,0.001182888,0.001222897,0.001184545,0.00070168,0.000613138,0.000581999,0.000721656,0.007546011,0.007510348,0.011318868,0.016945371,0.032000814,0.034144491,0.034649223,0.041756984,0.042944446,0.044729341,0.034275729,0.018341027,0.018378502,0.01727513,0.016897479,0.01578073,0.014813588,0.012545013,0.020749412,0.017145587,0.013336158,0.019477561,0.020331414,0.014370142,0.015394674,0.011285424,0.011589194,0.008142259,0.005763311,0.004533271,0.003211408,0.002401239,0.002150888,0.001744389,0.001755694,0.004883719,0.006202613,0.005856284,0.001501918,0.001651915,0.001531035,0.001268886,0.003424743,0.002745529,0.001334389,0.001304078,0.004086707,0.001348549,0.001125905,0.001249934,0.001204371,0.001198625,0.001099898,0.002191537
Head 1,471,0.000755887,3.24E-05,3.28E-05,3.50E-05,3.99E-05,4.82E-05,5.36E-05,5.93E-05,6.48E-05,5.28E-05,6.13E-05,6.07E-05,0.001873362,0.003426764,0.00402973,0.000112234,0.000110505,0.00010549,9.59E-05,0.000101402,9.76E-05,0.000105383,0.000118073,0.00012153,0.000125612,9.74E-05,0.000107197,9.92E-05,8.05E-05,0.00618129,0.006352527,0.007969848,0.009372498,0.01380083,0.012196918,0.01340839,0.017296256,0.000415713,0.000439587,0.000568388,0.000547758,0.000538506,0.000508008,0.000389157,0.000377931,0.000311293,0.000310822,0.000322596,0.00030024,0.013633542,0.017296262,0.02314917,0.022278486,0.001106117,0.037226472,0.036350619,0.041187033,0.029096968,0.00304389,0.002295933,0.002258339,0.001325981,0.001421742,0.001718924,0.001807398,0.001420223,0.001151161,0.001207066,0.001199472,0.000730547,0.000670578,0.000645133,0.000762672,0.00788771,0.00764916,0.011373271,0.017268911,0.033210978,0.035255261,0.035121225,0.041410398,0.042001292,0.044031482,0.034227341,0.019990807,0.018563747,0.01720532,0.016695702,0.015615562,0.015187278,0.013635032,0.022858331,0.018399823,0.013360412,0.01857017,0.01906812,0.013993182,0.015706567,0.011824239,0.012098651,0.008385608,0.006340118,0.005311581,0.003921413,0.002851092,0.002357667,0.001774438,0.001740363,0.004376681,0.005777982,0.005703963,0.001445499,0.001609075,0.001508967,0.001371235,0.00377051,0.003118142,0.001544625,0.001406861,0.003735339,0.001446937,0.001252032,0.001361231,0.00119853,0.001066176,0.000922602,0.001782821,0.004011822
Head 1,472,3.39E-05,3.45E-05,3.66E-05,4.13E-05,4.94E-05,5.52E-05,6.22E-05,6.96E-05,5.92E-05,6.78E-05,6.67E-05,0.001947155,0.003479017,0.004001793,0.000128722,0.000127531,0.000121579,0.000109834,0.000116294,0.000111382,0.000117575,0.00012626,0.000125668,0.000128855,0.000106905,0.000124733,0.000122219,0.000102912,0.006418124,0.006337862,0.007584153,0.008693604,0.012809752,0.011578513,0.012987125,0.016867694,0.000397198,0.000423919,0.000565797,0.000559123,0.000560838,0.000534334,0.000411518,0.000400359,0.000331628,0.000330501,0.000335541,0.000300201,0.013894564,0.016847609,0.021671148,0.02044379,0.000988473,0.035176363,0.035369679,0.041684158,0.030761199,0.003047458,0.002423923,0.002438501,0.00133492,0.001384753,0.001614305,0.001681763,0.001276314,0.001056766,0.001149512,0.0011872,0.000751509,0.000705521,0.000673865,0.000757981,0.008033656,0.007686445,0.011291115,0.017293269,0.033961166,0.036476493,0.036328245,0.042429347,0.042556994,0.044442363,0.034721561,0.021286393,0.016912175,0.015670065,0.015461063,0.016051827,0.015910422,0.01479908,0.025014391,0.019928796,0.013876712,0.018198406,0.017797831,0.012855837,0.01462546,0.011367874,0.011987979,0.00814947,0.006323814,0.005498091,0.004248847,0.003178755,0.002617817,0.001911343,0.001811136,0.004081126,0.005338283,0.005354153,0.001389193,0.001555202,0.001473807,0.001393378,0.003968046,0.003330438,0.001694173,0.001493928,0.00362805,0.001489922,0.00129946,0.001429275,0.001231548,0.001040953,0.000855869,0.001575428,0.003587268,0.003662291
Head 1,473,8.26E-05,8.58E-05,9.21E-05,9.83E-05,9.83E-05,0.000108597,0.000129603,0.000167639,0.000224211,0.000232141,0.003657136,0.005999298,0.006225819,0.000377225,0.000404207,0.000365419,0.000301764,0.000300731,0.000277163,0.000294472,0.0003035,0.000279542,0.000257378,0.000239399,0.000311232,0.000360108,0.000377111,0.010274724,0.010109602,0.011133282,0.010970129,0.014447626,0.011890291,0.012972314,0.016939661,0.000669408,0.000632715,0.000830484,0.000853145,0.000910542,0.000918235,0.000728729,0.000690368,0.000553365,0.000557614,0.000573214,0.000514794,0.01262604,0.015723841,0.01938509,0.016573252,0.001639924,0.026411036,0.026716068,0.032487851,0.024459263,0.004202989,0.003568621,0.003877439,0.002442156,0.002557289,0.002773903,0.002638201,0.001438151,0.001206628,0.001435361,0.001606513,0.00102059,0.001046544,0.00112377,0.001420185,0.006799175,0.006644626,0.009378759,0.013870127,0.028138125,0.030047998,0.03019532,0.036491647,0.038134914,0.042702124,0.035247058,0.022099303,0.015396027,0.012293979,0.01073448,0.013039127,0.012604715,0.012828566,0.026370538,0.022889249,0.016067309,0.020948136,0.018208358,0.01138463,0.013327024,0.010940444,0.013038138,0.008820472,0.006607263,0.005952577,0.005331986,0.004902888,0.004667296,0.003285169,0.002803964,0.00555023,0.006935275,0.007096293,0.00212688,0.002353503,0.002099943,0.002079177,0.006075726,0.00567367,0.004200932,0.003607495,0.006425043,0.003151385,0.002711437,0.003572308,0.003500826,0.00294813,0.002140391,0.002548982,0.005844126,0.006307985,0.003657106
Head 1,474,3.15E-05,3.52E-05,4.17E-05,4.68E-05,5.52E-05,6.62E-05,6.61E-05,7.76E-05,7.56E-05,0.002276195,0.003995029,0.004246513,0.000137992,0.000133221,0.000127624,0.000113378,0.00012116,0.00011818,0.00012561,0.000128298,0.000118415,0.000112408,9.48E-05,0.000118405,0.000131858,0.000129257,0.007359179,0.006960516,0.007401918,0.007537494,0.010435589,0.009493212,0.011130402,0.015097037,0.000309526,0.000322964,0.000447037,0.000458769,0.000475965,0.00046649,0.00036471,0.000358531,0.000304979,0.000314834,0.00032602,0.000288814,0.014616367,0.016811462,0.019835178,0.017337063,0.000794675,0.028523102,0.028886158,0.034925345,0.026974183,0.002342335,0.002079042,0.002259605,0.001357189,0.001401449,0.001544675,0.00152309,0.001064083,0.000850144,0.000946586,0.001037078,0.000727336,0.000766007,0.00080099,0.00091355,0.008223382,0.007325573,0.009963265,0.014826274,0.03015455,0.03423604,0.035944503,0.04334053,0.043913689,0.04620884,0.036562793,0.02654634,0.016139522,0.014113546,0.013547265,0.017231917,0.017266652,0.017606862,0.032497697,0.027580483,0.019122697,0.022931339,0.019791326,0.012867104,0.013891865,0.010802,0.011756556,0.007850919,0.006094991,0.005447577,0.004542043,0.003727397,0.003255657,0.002379565,0.002169508,0.004281268,0.005383675,0.005387593,0.001450749,0.001570422,0.001421133,0.001360528,0.004469625,0.004092317,0.002130304,0.00179585,0.003999953,0.001549137,0.001347055,0.001536066,0.001343133,0.00108063,0.000808686,0.001475062,0.003537324,0.003703395,0.001245304,0.004275814
Head 1,475,3.14E-05,3.74E-05,4.17E-05,4.89E-05,5.97E-05,6.37E-05,7.99E-05,8.16E-05,0.00243454,0.004419322,0.004667291,0.000139625,0.000134093,0.000131795,0.000117613,0.000123355,0.000118865,0.000127643,0.000132169,0.00012143,0.00011157,8.95E-05,0.000109274,0.000123107,0.000128069,0.007806463,0.007532525,0.007892548,0.007647855,0.010029191,0.00868439,0.010020883,0.013795447,0.000279803,0.000283063,0.000386925,0.000399739,0.000425554,0.000431574,0.000344107,0.00033932,0.000285931,0.000294626,0.000310273,0.000281988,0.015360832,0.017839231,0.020543618,0.017105637,0.000710303,0.026293103,0.026217274,0.031713463,0.024579449,0.001959005,0.001767799,0.00203511,0.00128469,0.001401311,0.001556391,0.001482218,0.000950263,0.000716029,0.000784761,0.000863518,0.000621404,0.000680674,0.000752669,0.000914879,0.008706126,0.007617305,0.00993428,0.014014216,0.027728204,0.031370591,0.033546746,0.041738454,0.043347962,0.046278533,0.036711387,0.028650632,0.015825076,0.013359476,0.012478525,0.018276511,0.017883394,0.018005103,0.034180697,0.030347142,0.022178043,0.027093532,0.022743123,0.013769569,0.01391721,0.010364984,0.011263255,0.007766173,0.005834865,0.005065393,0.004199597,0.003593858,0.003366268,0.002584735,0.002377054,0.0046656,0.005562482,0.005318329,0.001469305,0.001581623,0.001430373,0.001320432,0.00463689,0.004339309,0.002304611,0.002034024,0.004593494,0.001673328,0.001369616,0.001555803,0.001395152,0.001151128,0.000847911,0.0014774,0.003577779,0.003731862,0.001230511,0.004337133,0.002998561
Head 1,476,9.98E-05,0.000107696,0.000116663,0.000123756,0.000141189,0.000173459,0.000194876,0.003450142,0.006629345,0.007715219,0.000452128,0.000426331,0.00041525,0.000398988,0.000437101,0.000403945,0.000392826,0.000371956,0.00032786,0.000293168,0.000220584,0.000275569,0.000303312,0.000319963,0.011016013,0.01064019,0.011260606,0.010892019,0.013668954,0.011165696,0.011433815,0.014245715,0.000754493,0.000709753,0.000820568,0.00070988,0.000656362,0.000649849,0.00056705,0.000625862,0.000570479,0.0005842,0.000566138,0.00048998,0.011046733,0.012744725,0.015766868,0.014004395,0.001093853,0.020654755,0.018801561,0.021407388,0.016548863,0.00324463,0.002593141,0.002777768,0.001973539,0.002292581,0.002934786,0.00296516,0.001962784,0.001254522,0.001187351,0.001236476,0.000849393,0.000984579,0.001145491,0.001516117,0.006791839,0.006571994,0.009602197,0.01418299,0.027250992,0.028625084,0.028138565,0.032750916,0.032690391,0.035012212,0.02812732,0.02890113,0.018063415,0.014443457,0.012223642,0.017180249,0.017941747,0.018992569,0.035538308,0.028778503,0.019848531,0.026110105,0.023821687,0.014530047,0.014042797,0.009214508,0.00965326,0.007926302,0.006803094,0.005903264,0.004535732,0.003672262,0.003726444,0.003443527,0.003956008,0.008025304,0.009781381,0.008268501,0.001989722,0.002131166,0.002017463,0.002104281,0.006485668,0.006352125,0.003677416,0.003560324,0.007711515,0.004215021,0.00351116,0.003755185,0.003135947,0.002659209,0.002182038,0.002092772,0.005094294,0.005382913,0.002305398,0.006720279,0.004871333,0.006168312
Head 1,477,0.000101849,0.000114429,0.000125357,0.000147027,0.000167418,0.000174099,0.00320442,0.00617195,0.00736086,0.00048116,0.000443924,0.000415041,0.000392299,0.000442953,0.000438858,0.000444326,0.000420978,0.000360929,0.000311223,0.000220479,0.000269132,0.000292394,0.000302641,0.010309627,0.010777115,0.011582479,0.011008405,0.013254154,0.010871454,0.011090872,0.013623572,0.000796458,0.000754616,0.000894017,0.000767684,0.000673722,0.000617397,0.00050666,0.000553463,0.000531671,0.000588307,0.000596798,0.000516201,0.011338274,0.012254332,0.014395155,0.012772705,0.001140461,0.019524992,0.017716676,0.019470807,0.014352831,0.003092363,0.002588294,0.0026842,0.001925776,0.002133225,0.002739864,0.002958673,0.00237229,0.001544869,0.001340847,0.001238937,0.000772832,0.000879537,0.001065155,0.001473838,0.007230811,0.006905806,0.009826156,0.014377206,0.027157899,0.028492019,0.028028138,0.032278705,0.031727795,0.033247475,0.026350986,0.027208645,0.016762316,0.014231604,0.012278211,0.017912051,0.018533779,0.020435126,0.038848661,0.031860534,0.021496071,0.026967477,0.024499504,0.015695281,0.015666632,0.010148228,0.009739041,0.007056389,0.006167253,0.005656916,0.004573601,0.003605086,0.003344299,0.002915881,0.003455973,0.0080694,0.010754471,0.009537487,0.002212105,0.002101957,0.001870491,0.001973585,0.006280537,0.006441938,0.003516481,0.003223153,0.007650254,0.003943827,0.003636379,0.004126382,0.003354244,0.002622664,0.002028054,0.001900891,0.004614717,0.0050266,0.002220811,0.006404853,0.004471816,0.00504831,0.007391714
Head 1,478,0.000103054,0.000118176,0.000152235,0.000171677,0.000169665,0.003092068,0.005896701,0.007149068,0.000497281,0.000474053,0.000435408,0.000395204,0.000434101,0.000441788,0.000464982,0.000452765,0.000388922,0.000329003,0.000226686,0.000266907,0.000284179,0.000289003,0.00902115,0.010554732,0.012227405,0.011919536,0.013931323,0.011117499,0.010969782,0.012959247,0.000846777,0.000775643,0.000934403,0.000824009,0.000725019,0.000636332,0.000488582,0.000503468,0.000478741,0.000553248,0.000597066,0.000536098,0.011839396,0.01266881,0.014159912,0.012038102,0.001210501,0.018038806,0.016700614,0.018261723,0.013066945,0.002886001,0.002588335,0.002726303,0.00189967,0.002022492,0.002524496,0.00282702,0.002539631,0.00182426,0.001587695,0.001354346,0.000756804,0.000793446,0.000950766,0.001359608,0.007591821,0.007450568,0.010362412,0.014663806,0.026365161,0.026566565,0.02552582,0.029091932,0.028743884,0.030171547,0.023996711,0.023939217,0.015369968,0.013994589,0.012567658,0.019691749,0.019687453,0.021595219,0.041482024,0.034958724,0.023783365,0.028698545,0.025542542,0.016781444,0.0175649,0.011732172,0.01073824,0.00660621,0.005504305,0.005175076,0.004497075,0.003671598,0.003233047,0.002565186,0.00287398,0.007741676,0.011041034,0.010609752,0.002622992,0.002328097,0.001922964,0.001932705,0.006219686,0.006506434,0.003579189,0.003188182,0.008035875,0.003735557,0.003670344,0.004522431,0.003783146,0.002808279,0.001993326,0.001892606,0.004359567,0.004790151,0.002336731,0.006552783,0.004590761,0.004272851,0.006451186,0.006268533
Head 1,479,3.78E-05,4.34E-05,5.43E-05,5.84E-05,0.001870038,0.003629555,0.004263095,0.000151053,0.000128478,0.000122939,0.000113963,0.00012535,0.000130832,0.000141743,0.000144569,0.00013179,0.000119366,8.36E-05,9.70E-05,0.000103605,0.000104277,0.006467734,0.007396539,0.008272007,0.007972497,0.009339691,0.007327641,0.007149328,0.008429809,0.000264325,0.000245348,0.000310102,0.000295647,0.000292066,0.0002867,0.000235606,0.000255598,0.000245847,0.00027846,0.000301139,0.000271818,0.013794195,0.016186001,0.018548306,0.015333506,0.00063636,0.019332528,0.016795926,0.017849572,0.012949754,0.001252585,0.001152428,0.001273419,0.000896187,0.001012483,0.001307185,0.001505523,0.001478134,0.001066363,0.000945942,0.000820467,0.000503808,0.000526467,0.000615752,0.000832938,0.011135495,0.010431653,0.013808883,0.018069774,0.029568171,0.028160715,0.026168672,0.02971754,0.030645845,0.034417108,0.029802855,0.025894228,0.015433341,0.0151351,0.014186203,0.025759073,0.025325337,0.025235485,0.04336841,0.037302524,0.027520744,0.033954382,0.031490102,0.021766001,0.022192724,0.014927311,0.013067977,0.007449935,0.005750851,0.005204362,0.004349073,0.003477184,0.00299856,0.002363723,0.002490473,0.006667386,0.008710569,0.007999107,0.001984919,0.001828536,0.001594288,0.001496397,0.005068919,0.005073776,0.002158509,0.001962664,0.006301332,0.00212839,0.001978845,0.002250366,0.001796582,0.001288888,0.000874748,0.001378182,0.003272843,0.003665416,0.001073483,0.004524113,0.003078378,0.001639113,0.002183863,0.001802744,0.00373877
Head 1,480,0.0001367,0.000171637,0.00017605,0.002788271,0.005372359,0.00631339,0.00034756,0.000382805,0.000414962,0.000405919,0.000416394,0.000399363,0.000430893,0.000468718,0.000459383,0.000415015,0.000294039,0.00030943,0.000289398,0.000271702,0.006612671,0.007884461,0.010681314,0.012307663,0.01589874,0.0124484,0.011739077,0.013215411,0.00117872,0.000943967,0.001018193,0.000858846,0.00076276,0.00067824,0.000493287,0.000439038,0.000346819,0.000365114,0.000416271,0.000440295,0.010216365,0.01306202,0.01538247,0.012063568,0.00103598,0.015126554,0.013716874,0.015288541,0.010746766,0.00166929,0.001475001,0.00183988,0.001649755,0.001899741,0.002284475,0.002325761,0.002229439,0.001824974,0.001959687,0.001882968,0.000994134,0.000831078,0.000782566,0.00100645,0.005901527,0.006421899,0.009833207,0.014592217,0.027367068,0.027480518,0.026251609,0.030023936,0.029697033,0.030267548,0.022646522,0.017598756,0.010699062,0.010555665,0.010971987,0.021152483,0.021346143,0.022012258,0.043295983,0.038489811,0.029189993,0.036535092,0.030730123,0.017713657,0.01736599,0.012115877,0.012290483,0.008117692,0.005426626,0.004119164,0.003262596,0.002969391,0.0031136,0.002610342,0.002610782,0.007508093,0.010514934,0.010719812,0.003167624,0.003316088,0.00262928,0.002124737,0.006065023,0.005450882,0.003181889,0.003108974,0.008611109,0.003167134,0.002877745,0.003634591,0.003791725,0.003549222,0.002722177,0.002729178,0.005193823,0.004682768,0.002418972,0.00569003,0.004258133,0.003990847,0.004824194,0.004076536,0.005972281,0.004957962
Head 1,481,0.000165577,0.000177394,0.002746152,0.005156784,0.006059628,0.000325909,0.000343855,0.000389259,0.000414781,0.000449256,0.000429796,0.000440221,0.000461634,0.000461096,0.000442777,0.000337012,0.000363581,0.000331543,0.000292374,0.006553664,0.006857317,0.008946503,0.010909617,0.015392348,0.01308396,0.01255588,0.013704596,0.001349859,0.001116822,0.001162976,0.0009345,0.000800175,0.000709865,0.000527373,0.000473177,0.000362727,0.000351545,0.000368098,0.000379809,0.008562468,0.011711272,0.015090019,0.012703463,0.001026558,0.015253048,0.013113611,0.014185605,0.010160306,0.00159646,0.001299494,0.001563263,0.001479814,0.001753538,0.002211384,0.002296962,0.002097975,0.001703957,0.001906817,0.002013377,0.001191257,0.00101999,0.000892676,0.001016266,0.005518805,0.005920597,0.009488211,0.014752175,0.028161995,0.028250508,0.026296664,0.029009646,0.02818726,0.028642563,0.021576187,0.017805453,0.0089568,0.008728069,0.00928786,0.020115921,0.022231655,0.023678424,0.045483656,0.039382983,0.029910324,0.038315434,0.033575401,0.019835042,0.018703913,0.012595312,0.01264237,0.009012721,0.006064232,0.004357771,0.003100748,0.002597879,0.002717686,0.002425301,0.002556083,0.007248531,0.01037538,0.010551364,0.002840374,0.003370474,0.002962873,0.002555856,0.006871853,0.005734496,0.002997695,0.002901073,0.00812229,0.003215476,0.002856797,0.003314212,0.003313276,0.003242259,0.002762565,0.003108934,0.005915287,0.005098587,0.002322909,0.005237221,0.003834138,0.004185301,0.00484337,0.003731753,0.005466916,0.004150609,0.004803512
Head 1,482,4.53E-05,0.001670077,0.00321189,0.003527579,0.000116798,0.000108807,0.000119331,0.000117405,0.000119942,0.000116605,0.000122533,0.000131143,0.000132049,0.000127878,9.49E-05,0.000102138,1.00E-04,9.52E-05,0.004696717,0.005377932,0.006757204,0.007603507,0.009802223,0.007921413,0.007408006,0.00800691,0.000370777,0.000302603,0.000330778,0.000276985,0.000250074,0.000233902,0.000182692,0.000180613,0.000159287,0.000175632,0.000203745,0.000213773,0.008967132,0.012378857,0.016261125,0.014588257,0.000563033,0.018309535,0.015349435,0.015227644,0.010049677,0.000764362,0.000644819,0.000766945,0.000684248,0.000763945,0.000932388,0.001024159,0.00110331,0.000965791,0.00110578,0.001149409,0.000738189,0.000658949,0.000611447,0.000693922,0.009013612,0.009261182,0.01392495,0.020285543,0.035362232,0.034337793,0.030341418,0.030563517,0.02735652,0.026399186,0.020530056,0.016314881,0.007463777,0.008761291,0.010716734,0.026135679,0.028463056,0.028933674,0.04985255,0.043594278,0.034026239,0.04115814,0.036513973,0.023655785,0.02335679,0.017133271,0.017022228,0.011102831,0.007314547,0.005347915,0.003880082,0.003169417,0.003047057,0.00256163,0.002517754,0.006340282,0.008386596,0.008461198,0.002411094,0.002671403,0.002414565,0.00201262,0.005262873,0.004422884,0.002178838,0.002014378,0.006357665,0.001930679,0.001693725,0.001970598,0.001908938,0.001715209,0.001296926,0.002009723,0.003676658,0.003377041,0.001016892,0.003769252,0.002846831,0.001595985,0.001816694,0.001330063,0.003143976,0.001424817,0.001414032,0.004891409
Head 1,483,0.00170016,0.003219995,0.003504786,0.000120737,0.000107506,0.000113396,0.00011202,0.000118948,0.000119096,0.000124362,0.000129617,0.000129591,0.000128837,0.00010229,0.000116109,0.000117466,0.000111707,0.005199186,0.005619246,0.006667886,0.00733674,0.00968533,0.008234489,0.007989516,0.00873909,0.000426495,0.000360957,0.000402194,0.000330182,0.000281228,0.000247031,0.000182852,0.000175562,0.000151769,0.000163496,0.000181653,0.000183346,0.007851793,0.01079506,0.014693484,0.014044516,0.000586359,0.019172855,0.015928976,0.01535907,0.009728718,0.000761907,0.00059776,0.000649874,0.000612749,0.000661419,0.000808111,0.000912805,0.001077598,0.000957742,0.001110001,0.001201609,0.000812866,0.000775197,0.00073539,0.000801813,0.009169776,0.008821779,0.012923121,0.01909009,0.03446738,0.034506731,0.031091491,0.031391975,0.027766533,0.026399575,0.020109665,0.016090209,0.006303275,0.007187947,0.00883066,0.022398354,0.025694886,0.027830716,0.050273918,0.044429466,0.034181125,0.041443519,0.03728389,0.024955703,0.024792662,0.017946817,0.017392429,0.011867804,0.008187935,0.006115733,0.004323949,0.003281315,0.002928787,0.002399505,0.00242558,0.005838915,0.008235877,0.008763446,0.002462897,0.002792445,0.002587428,0.002318898,0.005764076,0.004767467,0.002366907,0.002008989,0.00560438,0.001865616,0.001649434,0.00188713,0.001746451,0.001537035,0.001211368,0.002058962,0.003975563,0.003744682,0.0011144,0.003814047,0.002697562,0.001650521,0.001920932,0.001382278,0.002980817,0.001307682,0.001261807,0.004277416,0.006827745
Head 1,484,0.003221898,0.003536146,0.000116799,0.000104104,0.000110463,0.000110671,0.000120062,0.000121795,0.000126283,0.000129037,0.000127132,0.000126543,0.000102932,0.000118695,0.000121991,0.000116895,0.005300849,0.005592123,0.006443348,0.006972764,0.009301244,0.008199967,0.008265484,0.009308614,0.000439173,0.000384848,0.000443257,0.000366362,0.000303933,0.000256605,0.00018128,0.000167361,0.000140134,0.000147211,0.000159785,0.000158444,0.006961144,0.009357339,0.012769231,0.012640554,0.000548199,0.019261364,0.016680069,0.016385952,0.010313117,0.000767855,0.000578293,0.000599548,0.000584225,0.000603736,0.000706655,0.000774178,0.000866115,0.000762489,0.00089823,0.001018587,0.000733459,0.000752201,0.000746025,0.000812728,0.009187886,0.008480918,0.012179276,0.01815526,0.033941083,0.035582397,0.033400454,0.034330238,0.029984731,0.027369941,0.01968121,0.01595265,0.00504345,0.005389526,0.006544555,0.019023335,0.022585556,0.025805777,0.049649369,0.045527495,0.035510056,0.043435182,0.038985305,0.026038641,0.025570329,0.01830682,0.017721998,0.01235155,0.008853505,0.006669861,0.004629699,0.003357226,0.00285257,0.00227365,0.002287174,0.005235419,0.007553331,0.008307687,0.002262481,0.002611034,0.002464174,0.002297649,0.006127392,0.00507803,0.002531154,0.002079168,0.005302724,0.001852092,0.001596546,0.001797572,0.001625067,0.001422625,0.001148585,0.00208272,0.004179491,0.003944919,0.001134186,0.003784457,0.002569176,0.001639125,0.001941845,0.001394393,0.002899118,0.001256932,0.001193498,0.004074821,0.0065763,0.006312056
Head 1,485,0.006021003,0.000366362,0.000343454,0.000321104,0.000289572,0.000310974,0.00033757,0.000401445,0.000446166,0.000440475,0.000413884,0.000337476,0.000398604,0.000427538,0.000437592,0.00917975,0.009077812,0.009164458,0.00819293,0.009859269,0.008632028,0.009973126,0.013562159,0.001183267,0.001145817,0.00150086,0.001449845,0.001313296,0.001106261,0.000732927,0.000590436,0.000427826,0.000404914,0.000385674,0.000327666,0.005860729,0.007023401,0.008687618,0.008101121,0.000892768,0.014272829,0.013419528,0.013846964,0.008596449,0.001389408,0.001122688,0.001197739,0.000964785,0.001058328,0.001239554,0.001335395,0.001567097,0.001356566,0.00152231,0.001600249,0.001032545,0.001099679,0.001236817,0.001584714,0.008044969,0.006724661,0.008245546,0.011215678,0.022004699,0.024514966,0.02552465,0.029645566,0.028156539,0.027097574,0.019730827,0.020721642,0.007077741,0.006256997,0.006382295,0.015530908,0.016078319,0.018493505,0.04247329,0.043442197,0.035484605,0.046101592,0.039895669,0.024825834,0.025574479,0.018403031,0.017897604,0.011415421,0.007891499,0.005863063,0.004282166,0.003226365,0.002652686,0.001842402,0.001693112,0.004165736,0.006965058,0.008699304,0.002278119,0.002522584,0.002076682,0.002070581,0.007604365,0.007742446,0.004714708,0.003699375,0.008213845,0.002696019,0.002335238,0.002857859,0.00272681,0.002321953,0.001764731,0.002844069,0.006813572,0.007059122,0.002859971,0.007316593,0.004354294,0.003943034,0.004740411,0.003890735,0.004459523,0.003354213,0.003073021,0.007750563,0.011610029,0.011589132,0.004961387
Head 1,486,0.000351724,0.000346981,0.000341803,0.000311458,0.000318287,0.000327613,0.000385642,0.000448063,0.000471202,0.000464344,0.000375657,0.000427513,0.000440363,0.000449083,0.008848217,0.009290155,0.00990278,0.00886452,0.01008769,0.008035019,0.008639151,0.011636201,0.001078327,0.001039442,0.001373001,0.001406957,0.001384659,0.001265216,0.000883577,0.00070755,0.000490253,0.000441891,0.000417,0.000362167,0.005929952,0.006964477,0.008132366,0.007066829,0.000770877,0.011947762,0.011959136,0.013296511,0.0087884,0.001334763,0.00107759,0.001196468,0.000957625,0.001096131,0.001279207,0.001316222,0.001443523,0.00123295,0.001387694,0.001451692,0.000927964,0.00095701,0.001074169,0.001453334,0.008505669,0.007475593,0.009048722,0.011463192,0.020757867,0.022379125,0.023693245,0.029001739,0.029265258,0.028975386,0.020955252,0.021291526,0.006885863,0.005759843,0.005627474,0.016942332,0.016687931,0.01744114,0.037940994,0.039408468,0.034568626,0.048122685,0.043424793,0.02683373,0.027039222,0.01942567,0.019355154,0.012220578,0.008582425,0.006272206,0.004526567,0.003488546,0.002967306,0.002072223,0.001809261,0.004337515,0.006691636,0.007967104,0.002174314,0.002442666,0.001989268,0.001841985,0.007521704,0.007664305,0.004585129,0.004080163,0.009572158,0.003050367,0.002416393,0.002797148,0.00268279,0.002376574,0.001844479,0.00305068,0.007283816,0.007472199,0.002779784,0.008032429,0.005007446,0.004135536,0.004711879,0.003736867,0.004331213,0.00349252,0.00327458,0.008249886,0.012237124,0.012062136,0.004528385,0.004706108
Head 1,487,0.000309021,0.000326367,0.00031223,0.000313178,0.000306227,0.000343128,0.000398461,0.000439827,0.000460818,0.000383008,0.000429495,0.00042531,0.000419804,0.007478424,0.007955816,0.008951928,0.008478084,0.009639695,0.007309131,0.007244748,0.00919862,0.000899633,0.000859769,0.001113169,0.001193557,0.001285691,0.00131349,0.001018949,0.000848749,0.000577787,0.000487528,0.00044161,0.000386043,0.005527883,0.00668704,0.007700698,0.006352148,0.000680146,0.009328474,0.009518891,0.011260674,0.008312039,0.001268599,0.001031285,0.001179045,0.000909633,0.001095982,0.001310583,0.001322766,0.001448223,0.001240444,0.001416201,0.001511183,0.000997422,0.000989682,0.001063048,0.001427037,0.008448849,0.008068013,0.010095976,0.012269157,0.020030234,0.020096645,0.020510348,0.025284111,0.027043201,0.028501626,0.021721262,0.022088638,0.00814241,0.006568636,0.006107241,0.019299533,0.018805873,0.017982889,0.034888297,0.03534086,0.032526635,0.047873568,0.046254721,0.029890196,0.029965101,0.021742463,0.021952515,0.014195728,0.010174309,0.007389203,0.005260111,0.004128954,0.003645025,0.002614836,0.002192451,0.004882597,0.006774334,0.007449514,0.002186817,0.002583073,0.002202307,0.001974582,0.00780111,0.007726106,0.004447277,0.004476833,0.010865412,0.003793863,0.002856409,0.00305277,0.002844343,0.002560796,0.002035117,0.003395138,0.007695743,0.007706946,0.002722807,0.008286874,0.005505017,0.004284076,0.004530133,0.003427404,0.004168623,0.00324588,0.003227858,0.008064007,0.011786133,0.01169655,0.003757851,0.004078007,0.00567964
Head 1,488,0.000282806,0.00029314,0.000306165,0.000288822,0.00029402,0.000317755,0.000350462,0.000391621,0.000342657,0.00040655,0.000402835,0.000383329,0.007212279,0.007175705,0.008061131,0.008137688,0.009741888,0.007445129,0.006863233,0.007960184,0.000755983,0.000720045,0.000885235,0.000919436,0.001009171,0.001121566,0.000993668,0.000933341,0.0006707,0.000540302,0.000449224,0.000371392,0.004934322,0.006191324,0.007492709,0.006276202,0.000584382,0.008077712,0.00779121,0.009263287,0.007438919,0.001195195,0.000927766,0.00102975,0.00078946,0.000978129,0.001256981,0.001317235,0.001442342,0.001198516,0.00135847,0.001521884,0.001078953,0.00109305,0.001120802,0.001405624,0.00767188,0.007917599,0.010978163,0.013911565,0.021711063,0.020162852,0.018823873,0.021836413,0.023323072,0.025758488,0.020870565,0.022316763,0.009041351,0.0072674,0.006556132,0.020662883,0.02173361,0.020277072,0.035058532,0.032166295,0.028334834,0.043293733,0.04575992,0.031980004,0.032356102,0.023041483,0.023205088,0.015550104,0.012027192,0.008925081,0.006075713,0.004545498,0.004060802,0.003126598,0.0027612,0.005648395,0.007419131,0.007410462,0.001992044,0.002513635,0.002346997,0.002238599,0.008322498,0.008039654,0.004034549,0.004361617,0.011656673,0.004800089,0.00363763,0.00351768,0.002950161,0.002577876,0.002144573,0.003623887,0.008312456,0.008354825,0.002526522,0.008574031,0.005878129,0.004878778,0.005177282,0.003664128,0.004542682,0.002967922,0.003126361,0.007550874,0.01136856,0.01163779,0.003193451,0.003282651,0.004815914,0.00603092
Head 1,489,0.000258986,0.000294691,0.000291983,0.000283499,0.000276731,0.000281154,0.000309477,0.000275994,0.000357574,0.000379048,0.000364405,0.007650002,0.007163054,0.007530859,0.007613613,0.009455683,0.007753979,0.007155715,0.007861042,0.000656902,0.000631654,0.000765215,0.000758545,0.000797368,0.000887072,0.000845231,0.00090555,0.0007434,0.000631221,0.000501692,0.000377629,0.004522535,0.005560154,0.00697755,0.006200273,0.000566795,0.007756599,0.006951193,0.00785118,0.006415178,0.001172772,0.000912255,0.000942688,0.000707968,0.000831907,0.001105111,0.00124447,0.001479926,0.001208106,0.001297644,0.001448291,0.001072739,0.001180622,0.001255759,0.001513046,0.006967549,0.00736987,0.01111796,0.015418026,0.024788581,0.022504829,0.019467449,0.020502592,0.020516558,0.0225459,0.019057088,0.021929309,0.009804919,0.008141853,0.007205619,0.019757457,0.022739781,0.022927066,0.038188804,0.032263871,0.025527082,0.037314057,0.041070383,0.031715143,0.034174267,0.024486816,0.023835965,0.015445748,0.013086577,0.010567429,0.007384974,0.005231516,0.004380265,0.003389047,0.003189557,0.005953976,0.008093075,0.00782307,0.001857255,0.002241469,0.00214897,0.002310751,0.008155334,0.008377015,0.003812279,0.003911057,0.011241579,0.005349407,0.00461577,0.004460196,0.003350878,0.002595951,0.002075247,0.003413236,0.008202417,0.00874319,0.002468025,0.008853992,0.005887795,0.005074004,0.00600553,0.004378323,0.005430014,0.00287398,0.00291269,0.006704235,0.010229339,0.010823562,0.003083887,0.002773007,0.003784685,0.004902139,0.006835016
Head 1,490,0.000263978,0.000285794,0.000294403,0.000280648,0.000260296,0.000261963,0.000225972,0.000306105,0.000357027,0.000371784,0.008606423,0.00826241,0.008162512,0.007735418,0.009326776,0.008058467,0.007863018,0.008741641,0.000630821,0.000591282,0.000728628,0.000707256,0.000709501,0.00074638,0.000696999,0.000791227,0.000736844,0.000721288,0.00061312,0.000442462,0.004589638,0.005319384,0.006543916,0.005988907,0.000610981,0.007991036,0.006867733,0.007199995,0.005470019,0.00107544,0.000907058,0.000931736,0.000681213,0.000737126,0.000932495,0.00109086,0.001326315,0.001140054,0.001193666,0.001267096,0.000891367,0.00102928,0.001186792,0.001482976,0.006195876,0.00647075,0.010000814,0.015077968,0.026728524,0.025563935,0.021817256,0.02141461,0.019516887,0.020171432,0.01695767,0.019979175,0.009089058,0.008231234,0.007557436,0.018467922,0.021592081,0.023757864,0.042070102,0.035359409,0.02561887,0.033972275,0.035455067,0.028131284,0.033274531,0.025584437,0.02508858,0.014248717,0.012006122,0.010552499,0.008251118,0.006083834,0.004872545,0.003532509,0.003287063,0.005843477,0.008479376,0.008598398,0.001951466,0.002039205,0.001805325,0.001997184,0.007102819,0.008084975,0.003837961,0.003509577,0.011065884,0.004759099,0.004815785,0.005481689,0.004240114,0.002975297,0.002080917,0.003236596,0.00777526,0.008779949,0.002597235,0.009787607,0.006291612,0.00477945,0.006385549,0.005250688,0.006989683,0.00326984,0.002982546,0.007012478,0.010054893,0.010453719,0.003500911,0.002921261,0.003562787,0.004145674,0.005907641,0.005431145
Head 1,491,0.000252853,0.000283767,0.000285197,0.000258072,0.00023621,0.000185269,0.000236657,0.000283225,0.00032127,0.007962343,0.008573133,0.008693123,0.00789914,0.008934628,0.007616891,0.007718571,0.008984969,0.000621563,0.000545131,0.000667781,0.000647554,0.000639396,0.000649005,0.000580726,0.000645308,0.000633403,0.000706749,0.000694148,0.000540401,0.004661633,0.005210971,0.006088107,0.005453638,0.000634678,0.00779635,0.006877808,0.007005485,0.004950101,0.000910043,0.000842609,0.0009313,0.000699377,0.000720077,0.000825493,0.000914715,0.001225098,0.001125886,0.001214692,0.001247768,0.000819623,0.000923752,0.001119867,0.001523966,0.005793573,0.006128982,0.009385087,0.014574742,0.02763216,0.02864084,0.025655102,0.02479622,0.021016093,0.01967827,0.015465051,0.016809482,0.008485164,0.008287467,0.008142168,0.017780203,0.019773975,0.02243856,0.042418946,0.03803882,0.027941011,0.03440693,0.032694437,0.024492506,0.029908959,0.025112126,0.026270911,0.014704629,0.0115174,0.010017361,0.008530869,0.007032305,0.005892638,0.004130645,0.003570236,0.005840867,0.00837944,0.008839773,0.002361464,0.002179961,0.001689453,0.001683679,0.005705134,0.00699286,0.004118723,0.003662403,0.011200967,0.004196933,0.004526957,0.005943539,0.005338338,0.003872996,0.002471924,0.003316689,0.00717343,0.007877429,0.002710978,0.009920399,0.006604055,0.004295923,0.005783879,0.005168223,0.007565814,0.003894632,0.003329777,0.007650207,0.00986388,0.009404135,0.003725718,0.003186011,0.003643073,0.003668474,0.004667401,0.004281528,0.006079491
Head 1,492,6.92E-05,7.93E-05,8.18E-05,8.27E-05,6.02E-05,6.99E-05,7.65E-05,8.04E-05,0.004308287,0.005082105,0.005561844,0.005440187,0.006292197,0.005407317,0.005515649,0.006687635,0.000231719,0.000202476,0.000243367,0.000235729,0.000232672,0.000235059,0.000202199,0.000215852,0.000197489,0.000206903,0.000201666,0.000160421,0.003502961,0.004204212,0.005304975,0.005145777,0.000247197,0.008398549,0.008005856,0.008679791,0.006440381,0.000493589,0.00044283,0.000486205,0.000441694,0.000486104,0.00057986,0.000631503,0.000902408,0.000712382,0.000678532,0.00061771,0.000378804,0.000385045,0.00043762,0.000592039,0.006230167,0.006614784,0.010478215,0.016488077,0.031370834,0.034099799,0.032992501,0.034731355,0.031841118,0.031203074,0.025147304,0.022388786,0.008838221,0.008190028,0.007447585,0.019309761,0.019084951,0.018975627,0.032002512,0.028849384,0.023277095,0.031738475,0.033576727,0.027241798,0.033374254,0.028411169,0.029924806,0.017813474,0.014506459,0.012902125,0.010775595,0.008818715,0.007608336,0.005850811,0.005322882,0.008846503,0.011188762,0.010866684,0.003215902,0.003000855,0.00258144,0.002329051,0.006612344,0.006879041,0.003838924,0.003606456,0.011243683,0.003961281,0.003795879,0.004570234,0.00409413,0.00318694,0.002182607,0.002986222,0.005794284,0.006018967,0.001710905,0.007441182,0.005328254,0.002538652,0.003258736,0.002621702,0.005267418,0.001893757,0.001595792,0.005530725,0.007877502,0.007616856,0.00161209,0.001368035,0.001387305,0.001348017,0.001522601,0.001243073,0.001532619,0.003420873
Head 1,493,8.66E-05,9.33E-05,9.84E-05,7.20E-05,8.20E-05,8.53E-05,8.60E-05,0.004303526,0.005081023,0.005787309,0.005950697,0.007034328,0.006043172,0.006048246,0.007242623,0.000307086,0.000267734,0.000309291,0.000286426,0.000270579,0.000266622,0.000227264,0.000239555,0.00021586,0.000225608,0.000224887,0.000187707,0.003685535,0.004302446,0.005262584,0.004953174,0.000247493,0.0079744,0.007651822,0.008440456,0.006230339,0.000470978,0.00040458,0.000451534,0.000453519,0.000512184,0.000622408,0.00066967,0.000966579,0.000768508,0.00074802,0.000697668,0.000418774,0.000402652,0.000423139,0.000544656,0.005090272,0.005487057,0.009071252,0.014963997,0.030185316,0.034588728,0.035226271,0.038726818,0.035832997,0.034135111,0.025806937,0.020936729,0.007891458,0.007365299,0.006975563,0.01933291,0.01959089,0.019419454,0.032568902,0.028528403,0.022635387,0.030923098,0.032380711,0.025214937,0.029639456,0.024679296,0.026820518,0.016404958,0.013703528,0.012010411,0.009684149,0.007919664,0.007225417,0.006010323,0.005822259,0.009782426,0.012345755,0.011826249,0.003657099,0.00348845,0.002966267,0.002521354,0.006433028,0.006259963,0.003641205,0.003570735,0.010735983,0.004086396,0.003849838,0.00450742,0.004150367,0.003508092,0.002633665,0.003259633,0.006053094,0.005849322,0.001695997,0.006639269,0.004851475,0.002598525,0.00334348,0.002635143,0.005395552,0.00211203,0.001919786,0.006308992,0.00898807,0.008478417,0.001888697,0.001590643,0.0016188,0.001564917,0.001690795,0.001278549,0.001490885,0.003090701,0.004468103
Head 1,494,0.000100017,0.000109071,8.45E-05,9.93E-05,0.000104101,0.000103393,0.004391228,0.005196543,0.005916962,0.006156237,0.00728439,0.006368911,0.006336175,0.00743971,0.000359808,0.000318968,0.000373119,0.000343935,0.000315339,0.000299033,0.000248115,0.000258078,0.000235526,0.000253302,0.000260297,0.000223621,0.004103821,0.004563414,0.005264866,0.004800924,0.000278413,0.007666419,0.00745766,0.008289845,0.006082354,0.000476645,0.000406114,0.000442389,0.000460521,0.000506892,0.000616222,0.000679028,0.000990848,0.000823703,0.000817583,0.000769152,0.000457818,0.00042974,0.000431987,0.000523471,0.004506634,0.004733532,0.007749207,0.013041229,0.027358884,0.032871094,0.035280939,0.040626515,0.038701799,0.037113115,0.027574299,0.020331159,0.00713602,0.00670218,0.006510012,0.019215895,0.020000696,0.020650642,0.035054419,0.03018631,0.022938985,0.029867055,0.030308839,0.023508737,0.027643302,0.023075683,0.02512016,0.014167564,0.012417201,0.011381338,0.009424821,0.007687662,0.006903086,0.005745734,0.005746281,0.010177311,0.013520628,0.013544331,0.004256336,0.003993648,0.003262813,0.002732596,0.006558659,0.006181194,0.003579983,0.003381521,0.009536359,0.003864234,0.003778783,0.004475937,0.004104977,0.003483108,0.002715197,0.003363349,0.006279874,0.005988445,0.001873095,0.006284776,0.004457125,0.002493587,0.003282536,0.002647229,0.005429374,0.002183706,0.001994728,0.00642867,0.009189273,0.008718836,0.002114084,0.001744161,0.001720505,0.001631604,0.001762712,0.001342984,0.001547546,0.002990115,0.004314343,0.005269184
Head 1,495,0.000113042,9.23E-05,0.000111935,0.000121251,0.000123691,0.004624619,0.005573056,0.006391197,0.006663961,0.007846301,0.006872553,0.006812028,0.00789209,0.000410803,0.000359254,0.000427086,0.000400379,0.000366278,0.000338632,0.00026968,0.000268366,0.000239644,0.000262614,0.000282249,0.000254263,0.004762896,0.005206096,0.005645846,0.004837987,0.000315705,0.007412943,0.007328981,0.008265145,0.006009897,0.000455263,0.000392709,0.000430557,0.000467987,0.000500462,0.000587357,0.000639573,0.00089053,0.000789143,0.000832207,0.000812744,0.000483843,0.000448401,0.000441146,0.000518379,0.004078993,0.004156544,0.006555669,0.010938208,0.02356416,0.029296827,0.033005632,0.040058888,0.039690014,0.038816933,0.028600121,0.019358862,0.006274083,0.005831927,0.005767225,0.018866131,0.019876285,0.021328811,0.038077466,0.033474978,0.025032019,0.031055728,0.029567814,0.021927465,0.025548613,0.021606209,0.023926163,0.012117666,0.010582718,0.009973013,0.008673532,0.007392701,0.006712536,0.005466015,0.005371466,0.010244218,0.014125429,0.01512422,0.004953842,0.004661253,0.003592258,0.002876919,0.006900776,0.006407572,0.003756796,0.003410205,0.008950423,0.003542156,0.003508823,0.004302168,0.004057451,0.003457195,0.002683115,0.003542918,0.006744418,0.006435448,0.002182214,0.006504505,0.004462905,0.002458765,0.003181648,0.002597723,0.00545464,0.002308933,0.002102778,0.006883597,0.009788049,0.009178918,0.002331608,0.001956181,0.001905978,0.001733189,0.001818985,0.001380896,0.001628312,0.003017951,0.004508592,0.00553836,0.005633211
Head 1,496,0.000256025,0.000307598,0.000319202,0.000310189,0.007677859,0.008769399,0.009865114,0.010050313,0.012216522,0.011096332,0.011313451,0.013116,0.001148798,0.001044257,0.001277562,0.001180998,0.001002157,0.000841178,0.000609211,0.000561449,0.000472138,0.000510101,0.000546875,0.000521711,0.006217445,0.007230554,0.007984514,0.006658938,0.00108283,0.008857417,0.007896497,0.008080137,0.005200429,0.000853477,0.000632441,0.00060165,0.000606903,0.000628076,0.000734832,0.000786492,0.000839328,0.000734109,0.000752543,0.00075889,0.000454562,0.000490782,0.000568151,0.000774852,0.003355544,0.003163905,0.004627962,0.007388696,0.016014991,0.020052087,0.023653274,0.030976396,0.033063818,0.0339523,0.024318153,0.013533258,0.005273417,0.004221107,0.003731137,0.010507955,0.012109526,0.015005708,0.034133203,0.034170434,0.027331553,0.037178777,0.036363527,0.026345635,0.029219061,0.02148602,0.020688418,0.010026613,0.008299156,0.007553418,0.006190222,0.004754245,0.003877111,0.002895313,0.002917906,0.007558607,0.012805759,0.015247436,0.003960493,0.003627176,0.002384094,0.001957351,0.005448506,0.005630255,0.002976694,0.002454819,0.006326349,0.002581271,0.002760068,0.003453568,0.003180876,0.002676576,0.002209317,0.00382771,0.009970718,0.010538047,0.003340958,0.009684874,0.005556182,0.003487476,0.004576641,0.003646948,0.006816198,0.003355922,0.003189275,0.01037958,0.016122183,0.015592961,0.00502099,0.003970847,0.004201587,0.004103828,0.004890254,0.003651941,0.004365163,0.004344443,0.00618292,0.007884053,0.008353233,0.002885737
Head 1,497,0.000297948,0.000317651,0.000321559,0.007097451,0.008331656,0.009686101,0.010127807,0.012402701,0.011317356,0.011572545,0.013344643,0.001174265,0.001017809,0.001234575,0.001191554,0.001070316,0.00093021,0.000669925,0.00058335,0.000457154,0.000472891,0.000505806,0.000496631,0.006157357,0.007747501,0.008719181,0.007099987,0.001240176,0.008750603,0.007886876,0.008203123,0.005465577,0.000894053,0.000689364,0.000676792,0.000604629,0.000631505,0.000713682,0.000737311,0.00077238,0.000702291,0.000758531,0.000780229,0.000464821,0.00048249,0.000547217,0.000752187,0.003476003,0.00330072,0.004620249,0.006987585,0.014394577,0.017453494,0.020432839,0.02725346,0.03075134,0.034058537,0.026591089,0.014101964,0.005707661,0.0045016,0.003863503,0.010933135,0.011922768,0.014204255,0.032008186,0.033410911,0.02812152,0.038270112,0.03659242,0.02612436,0.029282369,0.022628497,0.022383904,0.010396751,0.008016611,0.007170457,0.006171929,0.005175201,0.004418627,0.00320182,0.002948143,0.007766612,0.012873495,0.016026145,0.004639923,0.004441856,0.002798805,0.002153038,0.005755669,0.005978111,0.003276302,0.002656157,0.006319733,0.00237732,0.002460816,0.00309853,0.003003052,0.002564929,0.002037035,0.003883211,0.010136943,0.011001314,0.003884595,0.010855983,0.00637207,0.003796038,0.004521385,0.003494547,0.006464898,0.003474958,0.003275691,0.010266574,0.015858524,0.015154369,0.00487729,0.004092631,0.004355328,0.004120989,0.004697622,0.003469028,0.004265128,0.003972593,0.005763514,0.007429317,0.007838818,0.00252114,0.002951632
Head 1,498,0.000284166,0.000301317,0.006897157,0.007947421,0.00919398,0.009701929,0.012037673,0.011337587,0.011992377,0.014016089,0.001192358,0.000992897,0.001154655,0.001116654,0.001037762,0.000937487,0.000691308,0.00059251,0.000444511,0.000437562,0.000452436,0.00044067,0.005462539,0.007533133,0.009140577,0.007700335,0.001292796,0.008965822,0.007775925,0.007808613,0.0052458,0.00089407,0.000703121,0.000720484,0.000576857,0.000627265,0.000705319,0.000706795,0.000668518,0.000595819,0.000656852,0.000690459,0.000422822,0.000438073,0.000497557,0.000694872,0.003427725,0.003248114,0.004421484,0.006446814,0.012805735,0.015049619,0.017006109,0.022035653,0.024955807,0.028898472,0.024667136,0.014882602,0.005970819,0.004794047,0.0040755,0.011478482,0.012029902,0.013763393,0.03045067,0.032882512,0.029337443,0.040700138,0.038823899,0.027169425,0.030030582,0.023765881,0.024089459,0.011491266,0.008091939,0.006863552,0.00588772,0.005244734,0.004837418,0.003623428,0.003221093,0.008312287,0.013186472,0.016448414,0.004968677,0.005085619,0.003313975,0.00248271,0.006345012,0.00662038,0.00374678,0.003016709,0.007053535,0.002366318,0.002313371,0.00289463,0.002925992,0.002573578,0.001985126,0.00397072,0.010234868,0.011376258,0.003999907,0.012277449,0.007532662,0.004526716,0.005013824,0.003727645,0.006782507,0.003671757,0.003512118,0.011078116,0.016836425,0.015852304,0.004926803,0.004342517,0.004780451,0.004474984,0.004896761,0.003511458,0.004395852,0.003907347,0.00565443,0.007372935,0.007880365,0.002297812,0.002786758,0.002545177
Head 1,499,0.000285113,0.006984582,0.007763577,0.008915306,0.009388611,0.011587484,0.010803031,0.011547734,0.0138881,0.001250749,0.001041839,0.001156463,0.00110335,0.00105326,0.001003539,0.000782301,0.000677999,0.000490038,0.00045127,0.000441441,0.000420984,0.004657015,0.006759283,0.008901804,0.008002905,0.001221402,0.009647833,0.00823555,0.008046059,0.005322548,0.000951355,0.000708989,0.000747061,0.000526926,0.000613798,0.000719197,0.000711369,0.000615077,0.000526677,0.00059133,0.000639873,0.000402777,0.000406919,0.000443915,0.000614676,0.00336412,0.003186014,0.004285845,0.00605117,0.011695918,0.01349098,0.014898641,0.018886564,0.021036474,0.024433706,0.021630934,0.015334594,0.006032428,0.005031422,0.004437164,0.012390925,0.01254335,0.013148174,0.027378902,0.029223373,0.027401609,0.040611785,0.040381413,0.027787995,0.02993571,0.02386843,0.025585525,0.013391368,0.008995673,0.006997807,0.005500874,0.004861941,0.00484779,0.003940084,0.003564509,0.009065219,0.013581862,0.016392082,0.004796102,0.005458475,0.003895715,0.002878575,0.007199862,0.007191728,0.004239469,0.00360096,0.008436006,0.00262802,0.002273555,0.00265071,0.002731964,0.00260683,0.002118572,0.004171539,0.010643085,0.011738366,0.003654919,0.013429766,0.008847049,0.005619613,0.005874983,0.004042838,0.007223334,0.003754762,0.003751371,0.012557315,0.019083068,0.017844643,0.004777326,0.00451949,0.005430581,0.005358714,0.005707518,0.003823346,0.004631416,0.004048213,0.005699135,0.007482843,0.008138167,0.002156634,0.002533568,0.002336492,0.00216988
Head 1,500,0.007365087,0.007865245,0.008833477,0.009206784,0.011225685,0.010315779,0.010891479,0.013230324,0.001217982,0.001066876,0.001157118,0.001069035,0.001001758,0.000970788,0.000796195,0.000721976,0.000528042,0.000465283,0.000425656,0.000387517,0.004044149,0.005729272,0.007937402,0.007745902,0.001062115,0.010360676,0.00888574,0.008527058,0.005549042,0.001077114,0.000731754,0.000733556,0.000466747,0.000559378,0.000703563,0.000721024,0.000628833,0.000504662,0.000549621,0.000598587,0.00039168,0.000399138,0.000422899,0.000565819,0.003341641,0.003100435,0.004136686,0.005704851,0.010716637,0.012177581,0.01324494,0.016521348,0.017999604,0.020591715,0.018250618,0.015820406,0.006251365,0.005402897,0.004987152,0.013276326,0.013600091,0.01358367,0.026248652,0.026447512,0.024643337,0.038457092,0.04093397,0.028975872,0.030498201,0.02349473,0.025477039,0.015012016,0.010730162,0.00805542,0.005683438,0.004552298,0.004510032,0.003946137,0.003890353,0.009698759,0.014416665,0.016790895,0.004464287,0.005497079,0.004342842,0.003378547,0.008351787,0.007987184,0.004643024,0.004108086,0.009285605,0.003118832,0.002448257,0.002520724,0.002400376,0.002356507,0.002097387,0.003986482,0.010703566,0.011977536,0.00316978,0.013748056,0.009411502,0.006729929,0.00725647,0.004721738,0.007829118,0.003781629,0.003840611,0.013085765,0.020571129,0.019705325,0.004598476,0.004351096,0.005490483,0.00596578,0.006669104,0.004375808,0.004970973,0.004445261,0.005873126,0.007527093,0.00824248,0.002259183,0.002473214,0.002150053,0.001993185,0.002287131
Head 1,501,0.004753838,0.005461047,0.005626752,0.006469463,0.005811197,0.00600238,0.007142687,0.000314106,0.000267752,0.000297914,0.000288094,0.000278672,0.000273096,0.000224473,0.000211509,0.000166228,0.000157009,0.000155191,0.000145332,0.003908178,0.00540733,0.006796439,0.006082924,0.000362503,0.007336858,0.006322767,0.006150208,0.004152926,0.000353866,0.000267565,0.000278261,0.000283198,0.00033989,0.000441069,0.000477871,0.000628964,0.000476181,0.00047849,0.000476561,0.000319913,0.000331173,0.000368063,0.00049534,0.004260089,0.003746598,0.004629858,0.005926445,0.010283859,0.011437853,0.012740722,0.016705891,0.0193584,0.023515558,0.021933435,0.020286666,0.006958601,0.005992471,0.005272543,0.018671555,0.018220006,0.018435076,0.033898808,0.034401584,0.031811655,0.045050308,0.044571228,0.030919902,0.030497342,0.022208959,0.021921426,0.011212368,0.008392507,0.006950809,0.00545295,0.004657677,0.004724781,0.004466098,0.004922358,0.013991131,0.019408714,0.021642383,0.007017206,0.008158297,0.007242108,0.005759875,0.013330893,0.012247663,0.006908985,0.006236171,0.013908275,0.004680018,0.003710136,0.003890463,0.003528513,0.003191533,0.002640052,0.004594138,0.010416025,0.011532457,0.003298886,0.013108887,0.009019881,0.005244716,0.005782745,0.004067128,0.006927241,0.002880125,0.00263472,0.010403768,0.015694341,0.015331787,0.002817598,0.002677385,0.002973081,0.00289569,0.002836986,0.001844639,0.001873354,0.003412044,0.00510144,0.006836479,0.007596757,0.001321854,0.001255412,0.000937417,0.000779539,0.000755856,0.004635496
Head 1,502,0.0059982,0.006053937,0.006792366,0.005920322,0.005931031,0.00688882,0.000325874,0.000282355,0.000323662,0.000319782,0.000312515,0.000307228,0.000258473,0.000253421,0.000209481,0.000204705,0.000201172,0.000181084,0.004328612,0.00567211,0.006944289,0.0062434,0.000424203,0.007920135,0.006897044,0.006669316,0.004380493,0.000443591,0.000329162,0.000322605,0.00028191,0.000315883,0.000406934,0.000460777,0.000672848,0.0005348,0.000539648,0.000530701,0.000348342,0.00036621,0.0004159,0.000562334,0.004712802,0.004143306,0.004988163,0.006202174,0.010309403,0.010875631,0.011517904,0.014572093,0.016454512,0.019896226,0.018636679,0.018238582,0.00699988,0.006345335,0.005779725,0.019199574,0.019012596,0.019284276,0.035014197,0.034068704,0.029688347,0.041316628,0.041300099,0.029797401,0.030883564,0.022798693,0.022225175,0.010092868,0.007925472,0.006886766,0.005543223,0.004570437,0.004321935,0.003861289,0.004283249,0.013386325,0.019285168,0.022205284,0.006564185,0.007606668,0.006863286,0.00583362,0.014635546,0.013892451,0.007800897,0.006959727,0.015013059,0.005435088,0.004426759,0.004617161,0.003891597,0.00322008,0.00253794,0.004177044,0.010021624,0.011866049,0.003561129,0.014383467,0.009850475,0.005768062,0.00682904,0.00502177,0.007794659,0.00326744,0.002784412,0.010097494,0.015078479,0.015101529,0.002850978,0.002669101,0.002929382,0.002922365,0.00307971,0.002188955,0.002317831,0.004115021,0.005866132,0.007495034,0.007975492,0.001552298,0.001447564,0.001026868,0.000790161,0.000718901,0.004390837,0.007363269
Head 1,503,0.007048778,0.007908833,0.006628291,0.006319122,0.007056538,0.000380708,0.000326209,0.000374579,0.000372858,0.000371604,0.000370565,0.000316165,0.000311488,0.000259091,0.000255646,0.000254832,0.000231671,0.004964219,0.006459336,0.007837522,0.006977452,0.0004857,0.009032317,0.007989398,0.007782676,0.004977629,0.000513271,0.000372605,0.000366472,0.00029579,0.000312054,0.000385907,0.000432263,0.00056892,0.00047658,0.000504447,0.000502565,0.000319346,0.000321176,0.00035223,0.000473965,0.005026591,0.004687673,0.005830601,0.007245275,0.011686526,0.011678241,0.011656003,0.01402893,0.015137486,0.017559109,0.015787398,0.014131874,0.005478114,0.00530946,0.005209798,0.019198705,0.019497354,0.01945225,0.035208907,0.033615019,0.028954331,0.040697541,0.04107286,0.029801834,0.031723287,0.023941422,0.023777029,0.0093125,0.007216102,0.006156059,0.004907543,0.004012887,0.003734201,0.003226617,0.003485129,0.012331352,0.017848207,0.021028966,0.005640869,0.006778501,0.00628119,0.005351677,0.014848179,0.013958053,0.007748181,0.007250187,0.016544603,0.005904091,0.004767193,0.004992604,0.004172649,0.003392843,0.002591949,0.0040168,0.009497126,0.011245345,0.003362972,0.014407922,0.010280244,0.005758181,0.007004721,0.005250108,0.008398311,0.003658966,0.003117858,0.010617863,0.015425056,0.015241999,0.002823431,0.002699635,0.003093978,0.003156937,0.003402211,0.002458748,0.002685312,0.004544611,0.0063926,0.008161095,0.008602604,0.001735564,0.001614038,0.001140824,0.000876509,0.000785794,0.004557157,0.007550919,0.004067825
Head 1,504,0.014095886,0.011632642,0.011144478,0.012648288,0.001161166,0.000985347,0.001182334,0.001229683,0.001262851,0.00125908,0.001066936,0.001019561,0.000840046,0.000858235,0.000867416,0.000768148,0.006910831,0.007485578,0.007758974,0.006218078,0.001055058,0.009276822,0.009569947,0.010856782,0.007632522,0.001706099,0.001399572,0.001470017,0.0006515,0.000598324,0.000614893,0.000601006,0.000541267,0.000492166,0.000564543,0.000592234,0.000344002,0.000343649,0.000381582,0.000538873,0.003517602,0.003605638,0.00464962,0.006038101,0.010556191,0.011039101,0.011273797,0.013525914,0.013924361,0.014974931,0.012249932,0.009538701,0.004508721,0.004429541,0.004646461,0.013950771,0.014601689,0.01520034,0.029912077,0.02849442,0.022707801,0.030330919,0.028724795,0.020046115,0.02380872,0.020511584,0.023818165,0.00896903,0.00732714,0.006819819,0.006207241,0.0056173,0.005182626,0.00380787,0.003411276,0.009853654,0.014476514,0.018084479,0.004340403,0.004772917,0.003517784,0.002808687,0.011059271,0.01232746,0.006845705,0.006360569,0.01442188,0.004889738,0.004113258,0.00445679,0.003693094,0.002712902,0.001797362,0.00285187,0.008277049,0.010422611,0.003136779,0.015266282,0.010827661,0.005900485,0.008024599,0.006578347,0.012536097,0.006498088,0.005553652,0.017166471,0.024037965,0.022242298,0.004841076,0.004363484,0.00482342,0.004721808,0.005600386,0.004554348,0.006506253,0.008427363,0.011717053,0.013735228,0.012242262,0.003223714,0.003382501,0.002685793,0.002026497,0.001810528,0.007368345,0.011559173,0.006129444,0.002873917
Head 1,505,0.01228539,0.011675203,0.012675665,0.001234937,0.001016586,0.001165019,0.001196549,0.001257319,0.001307631,0.001157482,0.001113832,0.000901068,0.000885783,0.000887034,0.000812307,0.007098184,0.008041887,0.008335165,0.006409715,0.001027525,0.008361685,0.008548463,0.010072316,0.00774047,0.001667408,0.001430199,0.001621043,0.000763533,0.000706147,0.000701496,0.000644959,0.000509039,0.000461337,0.000555151,0.00062042,0.000380469,0.00036798,0.000379286,0.000500155,0.003126046,0.003418899,0.004695798,0.006299094,0.010927311,0.011254421,0.011201258,0.013097995,0.013433436,0.014455142,0.01187233,0.008670469,0.00382163,0.003776292,0.004048791,0.013997002,0.015365893,0.016106291,0.030686842,0.029223885,0.023778899,0.031304691,0.029217605,0.019957894,0.022891995,0.019938286,0.023889998,0.00916549,0.00727924,0.006623282,0.006025616,0.005768204,0.005773664,0.004496395,0.003967834,0.010818937,0.014747286,0.017655034,0.004457301,0.005216819,0.004055608,0.003165853,0.0120393,0.012899037,0.006806202,0.006709763,0.015775368,0.005501127,0.004586731,0.004833644,0.004065308,0.003071898,0.00204469,0.003195296,0.008441524,0.009906338,0.002987064,0.013560252,0.010042011,0.005656869,0.007302023,0.005828844,0.012555235,0.006533545,0.006166264,0.018669875,0.025729179,0.023135839,0.004920454,0.004414323,0.004969714,0.00485386,0.005541033,0.004342797,0.006015931,0.008140321,0.01166644,0.014035366,0.012778324,0.003201765,0.003314571,0.002659339,0.002099276,0.001960476,0.007482825,0.011469532,0.005972796,0.002677613,0.003249448
Head 1,506,0.011549624,0.012517122,0.001192865,0.000975197,0.001056355,0.00104931,0.001108559,0.001203016,0.001133572,0.001131853,0.000923103,0.000873722,0.000848503,0.000779533,0.006375665,0.007562708,0.008118112,0.006272896,0.000888907,0.007297262,0.007127124,0.008362226,0.006898412,0.001427426,0.001267772,0.001553825,0.000848424,0.000821295,0.000811948,0.000704277,0.000494796,0.000421947,0.000515198,0.000616613,0.000420495,0.000416513,0.000413755,0.00051169,0.002652616,0.002960232,0.004276077,0.005996942,0.010651421,0.01119655,0.011023233,0.012425661,0.012356153,0.013009918,0.010724748,0.008556491,0.003467608,0.00341008,0.003697556,0.013452893,0.015584056,0.016715733,0.031063287,0.029867319,0.025082313,0.032752208,0.030234205,0.020027826,0.021593044,0.018622991,0.022987112,0.010205028,0.007838459,0.006815407,0.005960188,0.005895466,0.006527637,0.005669302,0.005155182,0.012069209,0.014945003,0.016550591,0.004412035,0.005504397,0.004755235,0.003788542,0.013385279,0.013869909,0.007220569,0.007476475,0.018123385,0.006542482,0.005375895,0.005514718,0.004749235,0.003787072,0.002598456,0.003832082,0.009060108,0.009842268,0.002879345,0.012203483,0.009302888,0.005951421,0.007261093,0.005564022,0.012651928,0.006341176,0.006675237,0.020504344,0.027738765,0.024331635,0.005248456,0.004654002,0.005393172,0.005279435,0.005733366,0.004258805,0.005614537,0.007977167,0.011534442,0.014064101,0.013125354,0.003121349,0.003149633,0.002548562,0.002091493,0.002087845,0.007588305,0.011393306,0.005933055,0.002370627,0.003100951,0.003977187
Head 1,507,0.012770711,0.001173091,0.001006506,0.00104946,0.000968381,0.000958868,0.001027586,0.001013249,0.001097971,0.000952925,0.000896848,0.000832786,0.000744408,0.006040181,0.00726205,0.008236149,0.00671311,0.000864612,0.00732947,0.006498507,0.007131431,0.005831802,0.001294432,0.00107511,0.001282144,0.000839168,0.000858436,0.00091757,0.000807386,0.000521233,0.000381718,0.000421979,0.000507443,0.000377784,0.000411963,0.000423792,0.000512235,0.002271954,0.002415025,0.003605451,0.005310565,0.009908007,0.010835946,0.010811054,0.012083179,0.011754192,0.012152204,0.009852116,0.008598202,0.003328364,0.003163538,0.003334652,0.011412671,0.014322903,0.016342636,0.030894469,0.029457711,0.024790857,0.033553008,0.032309081,0.021434901,0.021421507,0.016644314,0.019480802,0.010024294,0.007944,0.006760231,0.00535099,0.004830141,0.005452179,0.005402077,0.005753751,0.013641525,0.016692778,0.016822191,0.003837117,0.00487133,0.004741968,0.00413999,0.014520274,0.014668851,0.006733145,0.007082342,0.019117706,0.00741234,0.00618112,0.006020852,0.004887616,0.003981861,0.002982608,0.004231893,0.01026859,0.010875319,0.002659749,0.011479625,0.008313764,0.006352064,0.00801277,0.005771613,0.012978095,0.005589009,0.00633953,0.022044968,0.031823955,0.028822199,0.005794314,0.004748662,0.005542203,0.005749721,0.006462827,0.004631547,0.005577936,0.008483015,0.012253549,0.015258958,0.014990238,0.003725721,0.003568885,0.00267679,0.002083535,0.002189442,0.007560259,0.0117931,0.006240609,0.002189287,0.002736963,0.003718168,0.004086039
Head 1,508,0.000222346,0.000196011,0.000222441,0.000220214,0.000223869,0.000235408,0.000220282,0.000232798,0.000203996,0.000197079,0.00019375,0.000176688,0.003700316,0.004682818,0.005558538,0.004939299,0.000268204,0.006583263,0.006313805,0.006903193,0.005287122,0.000436452,0.000349731,0.000388165,0.000500629,0.000438907,0.000425458,0.000365146,0.00034477,0.000259341,0.000303557,0.00037573,0.000312278,0.000358565,0.0003857,0.000456823,0.003078174,0.003158129,0.004611586,0.006765691,0.012397638,0.013560634,0.01343206,0.014388023,0.01302223,0.01222791,0.009110599,0.008643601,0.002876569,0.002671943,0.002872888,0.011721473,0.014749035,0.017767159,0.035243399,0.035525259,0.030932171,0.040790349,0.038125135,0.025732055,0.025705861,0.020155631,0.022649167,0.010535369,0.008383472,0.006801094,0.005216531,0.004379498,0.004391376,0.004074884,0.004241033,0.010959842,0.013668149,0.014924577,0.003613166,0.004905754,0.005632605,0.005499403,0.02116541,0.020334037,0.010039343,0.010550333,0.026086813,0.010240639,0.008421735,0.008585336,0.007104547,0.005813006,0.004363702,0.006213124,0.01227731,0.01244952,0.003454217,0.013274534,0.009864763,0.006566707,0.008265837,0.006409749,0.013290452,0.005146869,0.005210566,0.018142927,0.023844404,0.021015804,0.004084578,0.003436237,0.003890899,0.003809644,0.003801801,0.002662316,0.002863013,0.006595585,0.009164881,0.011152278,0.01117884,0.002006301,0.001765563,0.001228171,0.000927264,0.000855531,0.005576231,0.00973401,0.005384129,0.001070806,0.001103739,0.001204314,0.001149845,0.005598557
Head 1,509,0.00020997,0.000246952,0.000246644,0.000244246,0.000245087,0.000219843,0.000230755,0.000206765,0.000208163,0.000210062,0.00019199,0.003965409,0.004908141,0.005747867,0.005143659,0.000324192,0.007121685,0.006785072,0.007273132,0.005340684,0.000486961,0.000387907,0.00041615,0.000594264,0.000505822,0.000480055,0.00040531,0.000400462,0.00028289,0.000300683,0.000342821,0.000268336,0.000318951,0.000371238,0.000475721,0.003063057,0.00303744,0.004337432,0.006393727,0.012045613,0.013593297,0.013925254,0.015291992,0.013821148,0.01265437,0.008998808,0.008126974,0.002994355,0.002680463,0.00274879,0.009576676,0.011894633,0.014776621,0.031643279,0.033581715,0.029923888,0.040819213,0.038906448,0.026703678,0.026962586,0.020437518,0.021674039,0.009873859,0.007796613,0.006438184,0.004966174,0.004009885,0.003774348,0.003366458,0.003584501,0.010547777,0.013591588,0.014825827,0.003228359,0.004048998,0.004578887,0.004601308,0.020053333,0.019975161,0.00934958,0.009698896,0.026392112,0.009921085,0.008748608,0.009478283,0.007879277,0.006276521,0.004625815,0.006304061,0.012786619,0.013198365,0.003801454,0.013683284,0.009553466,0.006353666,0.008424442,0.006793929,0.01344952,0.005393578,0.005325617,0.019062629,0.025455678,0.022838065,0.004852257,0.00390621,0.004225221,0.00398592,0.003967141,0.002766766,0.00296913,0.006715126,0.009392881,0.011594637,0.011762887,0.002249578,0.002088054,0.001475712,0.00107163,0.00093395,0.005627092,0.009670342,0.005384811,0.001199252,0.001151673,0.001150272,0.001053698,0.005207431,0.005821644
Head 1,510,0.000265678,0.00027321,0.000274806,0.000276405,0.000246512,0.00025752,0.000230003,0.000232219,0.000236057,0.000217761,0.004341958,0.005310775,0.006046777,0.005286482,0.00036731,0.007204946,0.006928631,0.007502046,0.005497832,0.00052071,0.000410397,0.00043523,0.000703679,0.00060609,0.000578946,0.000480574,0.000464431,0.000306011,0.000297601,0.000312601,0.000229943,0.00027008,0.000324255,0.000441256,0.003047897,0.003000799,0.004220976,0.006093005,0.011377632,0.012988583,0.013837419,0.016041569,0.015198749,0.014180736,0.009924916,0.007950007,0.003146709,0.002652813,0.002530872,0.008301268,0.009938003,0.012063852,0.026370935,0.029008832,0.027075153,0.039332353,0.039258949,0.027628381,0.028026786,0.020696413,0.021147339,0.009317286,0.007432365,0.006182318,0.004742131,0.003739635,0.003412934,0.002995638,0.00321527,0.01063152,0.013776824,0.014745669,0.002975516,0.003542793,0.003898841,0.003869169,0.018825412,0.01907517,0.008256908,0.008909018,0.027363066,0.009767189,0.008848088,0.009756963,0.008176029,0.006574487,0.004938548,0.006713622,0.013982859,0.014598929,0.004186234,0.014659458,0.009860246,0.006367363,0.008468988,0.006801025,0.0129265,0.005438543,0.005383842,0.019949403,0.027570823,0.025512375,0.005434109,0.004369685,0.004710569,0.004446323,0.00441189,0.002978245,0.003080926,0.006621285,0.009349388,0.01182426,0.012268787,0.002411784,0.00229265,0.001631016,0.001174608,0.001007294,0.00579151,0.009815278,0.005486614,0.001293697,0.001217499,0.00117842,0.001062029,0.005154601,0.005828762,0.005350063
Head 1,511,0.001219918,0.001178571,0.001107878,0.000906658,0.000848684,0.000711328,0.000748903,0.000818859,0.000826239,0.00804247,0.009754306,0.010604497,0.008579906,0.001334029,0.010436609,0.009275389,0.009017916,0.005561098,0.001133814,0.000903551,0.001035018,0.000982381,0.00096336,0.001029314,0.000956344,0.00091517,0.000687257,0.000668738,0.000611025,0.000330496,0.000303042,0.000317173,0.000446517,0.002651298,0.002528426,0.003191331,0.004129887,0.007438522,0.008284545,0.008979571,0.010938462,0.010951266,0.010806778,0.007944047,0.004831245,0.002287384,0.002368439,0.00264545,0.007427802,0.008111493,0.008918834,0.019638048,0.022093598,0.021409247,0.032036573,0.032057136,0.022087222,0.023816317,0.018577795,0.019505925,0.009289972,0.006323205,0.004919105,0.003740893,0.00310525,0.002963323,0.002464091,0.002548594,0.010565987,0.016066495,0.019704176,0.004265114,0.004729963,0.004047034,0.003322205,0.01346979,0.013744109,0.006793575,0.006825054,0.02201885,0.006046374,0.005582659,0.006512061,0.00610865,0.005194013,0.003803698,0.005141035,0.012745874,0.014062854,0.00410525,0.014767427,0.009371368,0.00548993,0.006829518,0.005025817,0.010064517,0.005592169,0.005613122,0.022311507,0.035903584,0.034977399,0.007728758,0.007066707,0.0077491,0.007087978,0.007131318,0.004683432,0.0055825,0.00853652,0.013626599,0.018793479,0.019736296,0.003842806,0.004225864,0.003445096,0.002805785,0.002654789,0.010049612,0.013947716,0.006193973,0.002627829,0.002875574,0.003101555,0.002592357,0.007839357,0.008536656,0.008374429,0.005095183
Head 1,512,0.001049509,0.001048685,0.000905507,0.000854638,0.000705414,0.000716721,0.000780863,0.000818925,0.008237256,0.01047723,0.011374929,0.008922111,0.001269055,0.009603389,0.008583711,0.008524159,0.005524975,0.001007731,0.000795001,0.000917723,0.000955366,0.000957598,0.001052371,0.001003595,0.000965864,0.000776759,0.000800266,0.000746839,0.000406972,0.000341951,0.000323429,0.000424051,0.002781065,0.002805962,0.003585786,0.004424488,0.007217305,0.007451397,0.007728139,0.009358022,0.009816327,0.010256277,0.007967435,0.004251104,0.00201289,0.002150399,0.002461931,0.007931265,0.008680917,0.008903384,0.017607972,0.019147301,0.018988779,0.028918713,0.030286688,0.022015441,0.024191158,0.01958528,0.020911533,0.010159925,0.006995722,0.005426582,0.004109894,0.003456216,0.003339315,0.002781046,0.002768026,0.010948666,0.016144169,0.019812955,0.004917891,0.005772582,0.005073321,0.004048184,0.014169296,0.013583384,0.006874377,0.007322705,0.022791898,0.006947592,0.006259185,0.007052502,0.006628453,0.005822051,0.004450842,0.006028005,0.013960456,0.015148938,0.004805252,0.015605759,0.010431486,0.006079574,0.006963748,0.004900552,0.009307035,0.005501771,0.005669727,0.020152505,0.032363657,0.032278646,0.006916395,0.006747182,0.007964591,0.00776819,0.007976531,0.005233226,0.005953596,0.008476385,0.012999569,0.01780933,0.019033493,0.003748964,0.004036608,0.003305293,0.00281035,0.002752397,0.010476377,0.013905765,0.006078311,0.002406387,0.002762263,0.003171038,0.002716586,0.007855308,0.008253995,0.007969648,0.004694675,0.007014123
Head 1,513,0.000907749,0.000838227,0.000829652,0.000682774,0.000647532,0.000657405,0.000681153,0.007380566,0.010167442,0.011982311,0.009821489,0.001205182,0.009617541,0.008236525,0.008141738,0.005555898,0.000969964,0.00070587,0.000777598,0.000898332,0.000906856,0.001045389,0.001026356,0.000924934,0.000757878,0.000831573,0.000853242,0.000509696,0.000422522,0.000358666,0.00040859,0.002570147,0.002696674,0.003715162,0.004752352,0.007551528,0.007351564,0.007108449,0.008190535,0.008602794,0.009333948,0.007589199,0.003904406,0.001713439,0.001842529,0.002158737,0.007554503,0.009024604,0.009188069,0.016774744,0.016914604,0.016268708,0.025388492,0.028252052,0.021693502,0.023879634,0.019290244,0.020931799,0.011105902,0.007942094,0.006063981,0.004281198,0.003395052,0.003279539,0.002853507,0.00291099,0.010787874,0.015762446,0.0189898,0.004532366,0.006052033,0.005929699,0.005036187,0.015789991,0.013822925,0.006356919,0.006916223,0.021698032,0.007675045,0.006809346,0.007120275,0.006342216,0.005728993,0.004815317,0.007057042,0.016162949,0.017221566,0.005222312,0.016044429,0.010936318,0.007361173,0.00802429,0.005136867,0.009336927,0.005066111,0.005592402,0.018451346,0.031080779,0.032043662,0.006330994,0.006075738,0.007658769,0.008352964,0.009303936,0.006202056,0.006581957,0.008780147,0.01263351,0.017053487,0.018908758,0.003819291,0.003920086,0.003041707,0.002618853,0.002791304,0.011201979,0.015485128,0.006841572,0.002249296,0.002547623,0.003120027,0.002936712,0.007930717,0.008298207,0.007816946,0.003894038,0.006293108,0.007581888
Head 1,514,0.000775186,0.000821959,0.000717282,0.0006714,0.000626219,0.000590496,0.00649022,0.00904745,0.011531647,0.010469227,0.001287969,0.010662646,0.008698993,0.008264939,0.005716771,0.001120637,0.000771233,0.000764262,0.000893058,0.000852486,0.001005659,0.001044424,0.00089094,0.00071838,0.000785611,0.000855043,0.000566251,0.000516403,0.000438604,0.000447326,0.002430805,0.002456564,0.003533428,0.004856552,0.008088743,0.007850376,0.007219441,0.007763122,0.007786939,0.008471384,0.007124621,0.003871486,0.001503404,0.001601888,0.001871497,0.006212463,0.008236811,0.009127991,0.016673584,0.015808308,0.013916419,0.021251697,0.024553014,0.020426039,0.023546606,0.019016059,0.020304481,0.011120278,0.00861182,0.006955731,0.004805849,0.003458645,0.003058251,0.002619696,0.002807101,0.009752085,0.015170182,0.018583622,0.003694133,0.005162228,0.005562253,0.005559355,0.017876888,0.015561563,0.006169357,0.006119395,0.01978052,0.007796213,0.007409526,0.007650228,0.006149086,0.005146704,0.004435179,0.007326361,0.018178003,0.020418275,0.005772632,0.017297179,0.011052876,0.008541012,0.009909287,0.006195902,0.010468605,0.004661461,0.005045836,0.01646217,0.02942225,0.031994317,0.006458741,0.005583496,0.006752726,0.007830972,0.009927805,0.007426368,0.007903026,0.010090932,0.013313107,0.016748665,0.018365175,0.0040662,0.004118842,0.002994935,0.002384201,0.002573263,0.011358206,0.017310089,0.008340172,0.002525478,0.00257525,0.003028114,0.003073073,0.007817616,0.008515312,0.008041936,0.003501343,0.005380095,0.006900569,0.007785816
Head 1,515,0.000741452,0.000696407,0.000694679,0.000641646,0.000555057,0.005950926,0.007861525,0.010096014,0.009886272,0.001355297,0.011597349,0.009488221,0.008653257,0.005790418,0.001228058,0.000881326,0.000817157,0.000955795,0.000832391,0.000931957,0.000992444,0.000891595,0.000729042,0.000780231,0.000843868,0.00058423,0.000597842,0.000563035,0.000575711,0.002572289,0.002399596,0.003294955,0.004646345,0.008198565,0.008328694,0.007677629,0.007877962,0.007413745,0.007761312,0.006575559,0.003947405,0.001412715,0.001503225,0.001740902,0.005101094,0.006895621,0.008383595,0.016343482,0.015758803,0.013061183,0.018657042,0.020924108,0.018260814,0.02274793,0.019384995,0.020593837,0.011229866,0.00903096,0.007907709,0.005863438,0.004119223,0.003279463,0.002544567,0.002650809,0.008160801,0.013498549,0.017613932,0.003331654,0.004333803,0.00466114,0.005273022,0.018354775,0.017494498,0.007079493,0.006123397,0.018959299,0.007395306,0.007761026,0.008804336,0.00688932,0.005177004,0.004094812,0.007135043,0.018713763,0.022951873,0.006983339,0.02001296,0.011848832,0.009202522,0.011580525,0.007818446,0.011875131,0.004857815,0.004670139,0.015009023,0.026531041,0.029466255,0.007188146,0.005809086,0.006347818,0.006970485,0.009323411,0.008011548,0.009445631,0.011756306,0.014673879,0.016841339,0.017187554,0.004109091,0.004333781,0.003162963,0.002305279,0.002273328,0.010831316,0.017363582,0.009239226,0.003055778,0.002871209,0.003002818,0.002889431,0.00736645,0.008119223,0.007848889,0.003483564,0.00469667,0.005563515,0.006622225,0.009341017
Head 1,516,0.000631914,0.000681952,0.000677631,0.000587339,0.006006637,0.007468756,0.00916236,0.009059465,0.001405113,0.012405536,0.010755728,0.009725269,0.006162103,0.001274858,0.000984709,0.00093291,0.001110306,0.00090344,0.000906193,0.000912099,0.000778785,0.000654471,0.000709002,0.000753407,0.000515156,0.000561424,0.000594955,0.000668705,0.002782308,0.002441267,0.003054647,0.004152545,0.007580471,0.008190794,0.007923307,0.008143735,0.007294438,0.007134966,0.005788142,0.003637692,0.001145912,0.00122219,0.001437326,0.004267186,0.005432432,0.006779483,0.014457806,0.01512523,0.0127629,0.017360248,0.01802366,0.015041913,0.019403335,0.017745957,0.019761166,0.010606916,0.008240755,0.007458514,0.006061516,0.004564545,0.00358062,0.00255082,0.002442975,0.006929164,0.011423749,0.015901662,0.003183921,0.003783553,0.00381167,0.004257885,0.017235382,0.018074805,0.008236625,0.006674219,0.020090945,0.006489564,0.006908486,0.008915982,0.00760236,0.005592853,0.003992352,0.007075491,0.018457675,0.023925189,0.007936321,0.023935208,0.014003657,0.009599747,0.012395874,0.00911343,0.013284354,0.005737443,0.004901067,0.016023034,0.026227767,0.027913533,0.007680338,0.006378092,0.006584052,0.006466269,0.008127534,0.007300451,0.009857271,0.013397385,0.01729444,0.019309331,0.018276453,0.004018683,0.004419934,0.003411565,0.002445685,0.002188435,0.011377372,0.018121779,0.009916033,0.003558767,0.003426475,0.003331676,0.002810186,0.007787979,0.008168852,0.007905166,0.003897387,0.004874527,0.004997022,0.005421188,0.008144621,0.008882209
Head 1,517,0.000559608,0.000604753,0.000567027,0.005999542,0.007252826,0.008362132,0.007863931,0.001174581,0.011682193,0.011167244,0.010638085,0.006686723,0.001147189,0.000921439,0.000933309,0.001224703,0.000990973,0.000910788,0.000826048,0.000707425,0.000599688,0.000674847,0.000718539,0.000483208,0.000522651,0.000588231,0.00074345,0.003102477,0.002743357,0.003188801,0.003974054,0.006946803,0.007672654,0.007854043,0.008454466,0.007594851,0.007071012,0.005381639,0.003361402,0.001024721,0.001062455,0.0012584,0.004134247,0.004796667,0.005600626,0.012192672,0.013795374,0.012710432,0.017601985,0.017441401,0.013418745,0.016789041,0.015976792,0.019085055,0.011248068,0.008413531,0.007326959,0.006134748,0.005043954,0.004210108,0.002943955,0.002565018,0.006477293,0.009731485,0.013482421,0.003284008,0.003776214,0.00355322,0.003554696,0.015475442,0.016882207,0.009290167,0.008108638,0.022282209,0.00648905,0.006267659,0.008320966,0.007933137,0.006330261,0.004428199,0.00738827,0.018117258,0.023196468,0.008377395,0.02677086,0.016757021,0.010517844,0.012760984,0.009525241,0.013022924,0.006987963,0.005712647,0.017287316,0.026064524,0.025805231,0.007326203,0.006712515,0.007186185,0.006706128,0.007561998,0.006359435,0.009048887,0.013345915,0.018556073,0.021376546,0.019645244,0.004035392,0.004352782,0.003489932,0.002636629,0.002291045,0.011793228,0.018081037,0.009690872,0.003610172,0.003841253,0.003830401,0.002947299,0.00839892,0.007949286,0.007247147,0.004060925,0.005199471,0.004873825,0.004500553,0.006200543,0.007071157,0.00944214
Head 1,518,0.000123292,0.000131288,0.003757918,0.004700939,0.005265367,0.004856728,0.000311467,0.007003944,0.007180899,0.00731125,0.00501747,0.00035575,0.000284078,0.000281724,0.001108912,0.000858171,0.000804684,0.000726644,0.00059036,0.000482935,0.000536002,0.000553302,0.000378031,0.000370448,0.000367514,0.000407653,0.001957186,0.001847108,0.00243404,0.003396646,0.006393886,0.007590494,0.00852176,0.010217477,0.010228871,0.010271824,0.00812581,0.004996327,0.002063074,0.002048008,0.002281881,0.005795347,0.006533911,0.007434959,0.014569914,0.014807693,0.012583859,0.01661207,0.016317965,0.012766174,0.015915792,0.015139707,0.018537136,0.008577073,0.007387571,0.006855846,0.006003968,0.005046112,0.004329445,0.003310358,0.00307524,0.008620635,0.013103771,0.017517028,0.004235909,0.004671348,0.004106825,0.003651,0.015024173,0.014518298,0.006568265,0.006046309,0.020186761,0.005618847,0.005721771,0.007986896,0.008119255,0.007422538,0.006241422,0.011691321,0.023915587,0.02807996,0.011140644,0.031941801,0.022116013,0.013139581,0.016248824,0.013048988,0.018816251,0.008733478,0.007436813,0.022191785,0.02942287,0.029487148,0.008086952,0.007604332,0.008523073,0.008047301,0.008553184,0.006737841,0.008168404,0.013191325,0.016180016,0.017684819,0.016116615,0.003228281,0.003211915,0.002516255,0.001885043,0.001523809,0.010523484,0.016108615,0.008683843,0.002186116,0.00211534,0.00187672,0.001346325,0.006577748,0.007178353,0.007055905,0.001840268,0.001970389,0.001795538,0.001596202,0.001943271,0.001992956,0.002428343,0.007007919
Head 1,519,0.000129949,0.003940567,0.004951107,0.005404917,0.004726322,0.000309375,0.006382111,0.006663821,0.007152884,0.005220768,0.000396138,0.000312169,0.000314841,0.00126643,0.001005096,0.000943906,0.000819728,0.000594904,0.000468874,0.000522935,0.000560212,0.000392338,0.00039421,0.000395794,0.000447536,0.001899082,0.001818637,0.002378022,0.003197303,0.0057758,0.006635881,0.007445619,0.009257425,0.00968776,0.010061163,0.007924479,0.004985896,0.002083656,0.001961827,0.00212526,0.005699031,0.006466944,0.007111282,0.013758553,0.013798822,0.011761014,0.015890857,0.015530312,0.011551461,0.013534306,0.012192329,0.014906074,0.007045803,0.006200278,0.005892842,0.005191055,0.004466362,0.004028389,0.003223557,0.003070893,0.008931708,0.01284226,0.016314739,0.003823351,0.004340064,0.003865063,0.003306844,0.015359338,0.014563064,0.005773943,0.005618542,0.020378049,0.005357663,0.005113417,0.00681556,0.006745216,0.006259032,0.005421451,0.011481539,0.024344012,0.028707853,0.010175616,0.033008121,0.023300011,0.014052318,0.017362192,0.01365922,0.019722532,0.009510069,0.008420623,0.02433073,0.032130875,0.031773601,0.008015834,0.007543972,0.008696442,0.008442399,0.008989819,0.006837809,0.008078277,0.013550836,0.017344361,0.019806297,0.01826236,0.003666032,0.003499193,0.002617601,0.00192049,0.00156225,0.010706007,0.016821539,0.009100427,0.002160655,0.002227516,0.002136163,0.001633835,0.007712781,0.008201261,0.007709047,0.002057428,0.002266028,0.00207565,0.001790553,0.002052343,0.001976722,0.002370416,0.006720669,0.00636352
Head 1,520,0.004188846,0.005388604,0.005812494,0.004880535,0.000340613,0.006081985,0.006330023,0.006967962,0.005317835,0.000445019,0.000354089,0.000361003,0.001438972,0.001154415,0.001081575,0.00091701,0.000625176,0.000476268,0.000523517,0.000566234,0.000402041,0.000416829,0.000433711,0.000510852,0.001963387,0.001909256,0.002474286,0.003219755,0.00554811,0.006120417,0.006764028,0.008531424,0.0092406,0.009964279,0.007977236,0.004907765,0.002178196,0.001947876,0.002003622,0.005451458,0.006190782,0.006766235,0.013120914,0.013233223,0.011371495,0.015502914,0.01502304,0.010859855,0.012177611,0.01047548,0.012422103,0.005732343,0.005062378,0.004925626,0.004450216,0.003949598,0.003672665,0.003010792,0.002918569,0.009051451,0.012681412,0.015669573,0.003625091,0.004136608,0.003630769,0.003033844,0.015289042,0.014797909,0.00526538,0.005241186,0.020261161,0.005030284,0.004699678,0.006074668,0.005852678,0.005339093,0.00458952,0.010997123,0.024218488,0.029268809,0.009523728,0.034736458,0.024657732,0.01429324,0.017765958,0.013979371,0.020657411,0.010180469,0.009178205,0.02574732,0.034033574,0.033417985,0.008138031,0.007562346,0.008626104,0.008379801,0.008923974,0.0067187,0.007843317,0.013338675,0.017981201,0.021483859,0.020268708,0.004148895,0.003916968,0.002839658,0.002023499,0.001603043,0.010311828,0.016311634,0.008912149,0.00207699,0.002207728,0.002192606,0.0017473,0.008218449,0.0087139,0.008074469,0.00222592,0.002471014,0.002247197,0.001911009,0.00213951,0.002004976,0.002361582,0.006451028,0.006185708,0.006429873
Head 1,521,0.008792792,0.00960699,0.008117164,0.001223338,0.009640839,0.009132909,0.009712102,0.007282782,0.001588464,0.001238669,0.001211222,0.00190543,0.00152811,0.001495025,0.001340365,0.000917857,0.0006425,0.000594423,0.000569479,0.000345716,0.000372736,0.00042385,0.000573597,0.002394212,0.002565684,0.003694064,0.004985498,0.008211239,0.008025744,0.007596226,0.008269531,0.008007546,0.008048051,0.005999382,0.002619106,0.000969392,0.000867611,0.000844538,0.002963847,0.003649344,0.004060219,0.008024507,0.00791234,0.006685259,0.010159352,0.01146466,0.009440027,0.01149758,0.009442857,0.010114923,0.005644223,0.00503276,0.00513142,0.00447909,0.003566961,0.002974274,0.002280795,0.002306513,0.006762144,0.009826967,0.011433052,0.002170582,0.002277356,0.002067166,0.002000405,0.011283167,0.012703733,0.004079971,0.004252317,0.020977175,0.005992062,0.006313747,0.007776698,0.006304347,0.004663039,0.003463036,0.007032884,0.019174647,0.02566235,0.006217889,0.030239059,0.019514391,0.010726307,0.015651232,0.011791246,0.019124798,0.008971092,0.007949105,0.021745468,0.034941778,0.035999633,0.007667608,0.005741977,0.005574464,0.005555594,0.007090072,0.005898248,0.007481697,0.012645174,0.020232102,0.02688889,0.027944643,0.005917479,0.006009878,0.004015533,0.002567285,0.002062766,0.011880677,0.020224184,0.011433113,0.00285969,0.002806393,0.002853279,0.002830617,0.011948615,0.013970976,0.012594775,0.004783543,0.005923848,0.006066665,0.006061327,0.007695996,0.00666964,0.006875209,0.008939292,0.008071837,0.009050598,0.005892355
Head 1,522,0.006396601,0.00570944,0.00032586,0.006207366,0.005891901,0.006330778,0.005242731,0.000496066,0.000384371,0.000380635,0.001531821,0.001287164,0.00130387,0.001126571,0.000617821,0.000391272,0.000374468,0.00038529,0.000280548,0.000310939,0.00034201,0.00042511,0.001916529,0.001977494,0.00275746,0.003597222,0.005693095,0.00552619,0.005402633,0.006357661,0.00704185,0.008374675,0.007524516,0.004565085,0.002192819,0.001778177,0.001541596,0.004170252,0.004844391,0.005257865,0.009750054,0.009557186,0.008371145,0.012484053,0.013472526,0.010452036,0.011384833,0.008859265,0.009397398,0.004067067,0.003641672,0.003586545,0.003150111,0.002706925,0.002570134,0.002305258,0.002487214,0.008968635,0.01252878,0.014385047,0.002772035,0.003404455,0.00327946,0.002983206,0.015973939,0.016486645,0.004575843,0.004737854,0.021856023,0.00546306,0.005078421,0.005795623,0.004826377,0.004020378,0.003404295,0.009330399,0.023133935,0.030839816,0.007695057,0.039024241,0.028142013,0.016407555,0.02161481,0.016341332,0.024723584,0.010438547,0.009959146,0.028018083,0.040039122,0.041809715,0.00865646,0.007367031,0.008067139,0.008320848,0.009543118,0.007251919,0.007740592,0.012642804,0.017556317,0.022682851,0.024158787,0.004913366,0.004734996,0.00322857,0.002182459,0.001758763,0.010521088,0.017374707,0.009875635,0.00190082,0.001948695,0.002039454,0.001884553,0.009569412,0.010372276,0.009091616,0.002104061,0.002407894,0.002337676,0.002097865,0.002314842,0.001978002,0.002105517,0.006415043,0.006469715,0.007207653,0.002099172,0.004515341
Head 1,523,0.005884325,0.000355581,0.006510723,0.005919008,0.006011915,0.004722666,0.000510162,0.000410767,0.000416446,0.00162353,0.001359189,0.001393765,0.001248529,0.000703868,0.000452418,0.000423168,0.000414723,0.000284624,0.000310618,0.000347677,0.00044698,0.001878359,0.001965938,0.002803046,0.003764261,0.006068029,0.005789865,0.005406844,0.005973154,0.00624609,0.007238796,0.006578655,0.004200041,0.002251265,0.001941766,0.001712441,0.004079008,0.004661142,0.005119786,0.00961967,0.009343277,0.007952274,0.011582594,0.01232318,0.009606114,0.010816048,0.008543761,0.008904145,0.003637306,0.003091895,0.003014437,0.002698644,0.002357732,0.002233466,0.001973014,0.002141766,0.008183895,0.012016851,0.014169991,0.002639886,0.00311677,0.002876187,0.002617554,0.014064182,0.015359233,0.004281282,0.004241502,0.021814978,0.004735674,0.004662839,0.005594319,0.004737462,0.0038033,0.003011094,0.008467747,0.021146726,0.029097298,0.006800607,0.040257215,0.029102433,0.015211886,0.021135844,0.01671404,0.027430981,0.01103347,0.010326456,0.029614219,0.042101834,0.043974161,0.009692431,0.008171358,0.008463575,0.008267644,0.009411439,0.007380882,0.008313197,0.012847124,0.018462529,0.024251482,0.026202494,0.005250158,0.005306574,0.00370342,0.002479553,0.001914067,0.010933929,0.017596569,0.009785981,0.001946558,0.001948835,0.001959221,0.001758262,0.009924976,0.011331162,0.010397483,0.002500622,0.00278881,0.002601246,0.002302543,0.002615471,0.002298727,0.002411033,0.00664138,0.006717786,0.007492279,0.002249359,0.004680268,0.005389102
Head 1,524,0.000374553,0.007058032,0.006354425,0.006184098,0.004589486,0.000536578,0.000448588,0.000467586,0.001765182,0.001445437,0.001466744,0.001337661,0.000784746,0.00051533,0.000476744,0.000446131,0.000288939,0.000304878,0.000341646,0.00045083,0.001877368,0.001998853,0.002899138,0.004000875,0.00659211,0.006308516,0.00573798,0.005982536,0.00583758,0.006397833,0.005709933,0.003742306,0.00213445,0.001976875,0.001821177,0.004000916,0.004474875,0.004959182,0.009398202,0.009112382,0.007620989,0.01078844,0.011255181,0.008782009,0.010201251,0.00831368,0.00869506,0.003377367,0.002753141,0.002623589,0.002371703,0.002103992,0.001991017,0.001734713,0.001879281,0.007479547,0.011438115,0.01399124,0.002587696,0.002957439,0.002623614,0.00236483,0.01262906,0.014445749,0.004243244,0.004082572,0.022227081,0.004281487,0.004377667,0.005456226,0.004766335,0.003774941,0.002838344,0.007784331,0.018968968,0.026423087,0.005958408,0.040192116,0.029805705,0.013968066,0.02040749,0.017022131,0.030533083,0.01203177,0.011049371,0.031884838,0.044231512,0.045513269,0.010782051,0.009103909,0.008938752,0.008209401,0.009050189,0.007207781,0.00852004,0.012828575,0.01901307,0.025255701,0.027440503,0.005436273,0.005703284,0.004116609,0.002785514,0.002092062,0.011383124,0.017677076,0.00951975,0.002023786,0.001972419,0.001894942,0.001614141,0.009701787,0.011463594,0.010947023,0.002799261,0.003071952,0.002762604,0.002375591,0.002727251,0.002460288,0.002594416,0.006587843,0.006680915,0.007441271,0.002243942,0.004674738,0.005549643,0.005917547
Head 1,525,0.007445633,0.006883758,0.006588263,0.004649123,0.000551105,0.000473102,0.000514824,0.001855412,0.001496476,0.001482024,0.001348417,0.000814518,0.000560266,0.000534619,0.000491796,0.000304884,0.000304355,0.000332886,0.000445868,0.001910426,0.002079397,0.003043756,0.0042572,0.007141695,0.006961104,0.006323366,0.006357019,0.005825562,0.005931316,0.0050446,0.003189791,0.001912312,0.001898453,0.001879784,0.003939529,0.004285821,0.004702338,0.008923304,0.008710692,0.007304535,0.010082708,0.010203155,0.007790563,0.009195939,0.007824206,0.008470009,0.003243015,0.002524333,0.002299549,0.002067572,0.001876641,0.001803832,0.001558169,0.001649994,0.006655791,0.010378445,0.013193718,0.002549771,0.002878329,0.002470808,0.002138345,0.011349618,0.013188494,0.004254656,0.004090707,0.022682777,0.003892671,0.003959767,0.005077941,0.00471292,0.003856762,0.002839941,0.007590424,0.01747508,0.023747543,0.005207411,0.039072651,0.030396579,0.012621597,0.018769331,0.016306799,0.032836933,0.013057979,0.011958126,0.035178155,0.046666536,0.046314243,0.011467934,0.010055681,0.009691801,0.008422146,0.008722831,0.006821696,0.008345167,0.012494409,0.019021153,0.02552804,0.027647469,0.00532564,0.005700792,0.004316456,0.003070823,0.002313024,0.01221112,0.018043844,0.00922316,0.002110404,0.002067494,0.001946675,0.001546915,0.00950903,0.011212275,0.010973802,0.003039204,0.003421596,0.003013364,0.002471245,0.002787177,0.002577487,0.002828504,0.006667099,0.006817556,0.007509131,0.002205289,0.004629547,0.00565876,0.006098003,0.005826453
Head 1,526,0.011464585,0.011140768,0.007749067,0.001997069,0.00142673,0.00146469,0.002534599,0.002239055,0.002332434,0.002065052,0.001153011,0.000797913,0.000793297,0.000822124,0.000524175,0.000506496,0.000476921,0.000551793,0.001616233,0.001672853,0.002623593,0.004103641,0.008115299,0.009413072,0.009889148,0.010776686,0.009777014,0.008921867,0.006244965,0.002403979,0.00073356,0.000670419,0.000707738,0.002246405,0.00275223,0.003035884,0.005823163,0.005541803,0.004659943,0.006941193,0.007490493,0.005631941,0.006319167,0.005261392,0.006249681,0.00474197,0.003852297,0.003387893,0.002546678,0.002015348,0.001948785,0.001811896,0.002044429,0.005440466,0.008232269,0.009996957,0.002133926,0.002514326,0.002330804,0.00202556,0.008338697,0.008087277,0.002773639,0.002739195,0.014589364,0.003227473,0.003203137,0.003911801,0.003813327,0.003770955,0.003579686,0.00924238,0.022170447,0.026029073,0.004806521,0.028589891,0.02016831,0.010910642,0.015033586,0.0104157,0.023902815,0.009031847,0.009665588,0.033555944,0.054773696,0.053630196,0.011008353,0.00852957,0.007921821,0.00726222,0.007677518,0.005260356,0.005927203,0.009120655,0.016353594,0.024279788,0.028042318,0.005131878,0.004971891,0.0033705,0.002619143,0.00257859,0.014701965,0.025535211,0.013009423,0.002850962,0.002671801,0.002687379,0.002503803,0.011202947,0.013867783,0.013340107,0.004297624,0.005755607,0.006601077,0.00683287,0.008325331,0.006949871,0.007695288,0.007979558,0.007167154,0.007971983,0.004902548,0.005919724,0.00677681,0.00793025,0.008663859,0.009155724
Head 1,527,0.011270737,0.008289083,0.002096333,0.001500457,0.00145576,0.002660536,0.002300984,0.002413558,0.002209616,0.001179872,0.000820583,0.000791865,0.000807449,0.000535066,0.000530761,0.000504536,0.000562754,0.001677717,0.00165516,0.002449637,0.003671301,0.007052792,0.008428941,0.00944408,0.011055867,0.01063547,0.009862634,0.006763592,0.002506094,0.000649246,0.000562422,0.000581645,0.002158291,0.002675354,0.002983662,0.005530966,0.005182114,0.00425913,0.006149733,0.006695334,0.005246161,0.005830283,0.004741505,0.005407718,0.004041253,0.003681425,0.003590449,0.002800433,0.002116549,0.001901953,0.001738483,0.002055361,0.005259586,0.007985909,0.009726931,0.002230165,0.002539448,0.00248722,0.00227463,0.009214035,0.008618886,0.002906488,0.002853805,0.013641762,0.003578192,0.003534863,0.004214455,0.003814976,0.003635802,0.00362588,0.009568812,0.022835664,0.026947657,0.005194711,0.02732886,0.018960288,0.010367926,0.01515106,0.011323985,0.025244853,0.009262611,0.009779587,0.034642886,0.055207223,0.056039486,0.011983166,0.009118649,0.00832368,0.007758725,0.008378725,0.005903465,0.006191808,0.009655449,0.016020006,0.022540916,0.025088551,0.005212662,0.004894291,0.003236772,0.002385362,0.002316601,0.014336957,0.025261322,0.013707663,0.003156908,0.002850116,0.002816448,0.002679256,0.011513375,0.01419556,0.013671591,0.004094277,0.005295199,0.006211337,0.006880718,0.008613008,0.007107397,0.007408459,0.008347669,0.007001504,0.007570385,0.005120389,0.006082209,0.006868521,0.007913885,0.008544539,0.008816097,0.009215035
Head 1,528,0.005011731,0.000433757,0.000347784,0.000367627,0.002045235,0.001589018,0.001576418,0.001401425,0.000684912,0.000474274,0.000486855,0.000500765,0.000349528,0.000330706,0.000304373,0.000336354,0.001317624,0.001535268,0.002539998,0.003880219,0.006791162,0.007097088,0.007027508,0.007563209,0.007104784,0.006682105,0.004787605,0.002335824,0.001198781,0.001098262,0.001156445,0.003077664,0.003874177,0.004529743,0.008075522,0.00725775,0.005784084,0.007746186,0.00794198,0.006107372,0.006645399,0.005322444,0.005835926,0.002602149,0.002413022,0.002263632,0.001860916,0.001515618,0.001415598,0.001332615,0.001571637,0.005634387,0.008612465,0.010579473,0.002323241,0.002906886,0.002851633,0.002527847,0.011606121,0.011245114,0.003554612,0.003795858,0.017503045,0.004562136,0.004347758,0.004709937,0.003946821,0.003477325,0.003177573,0.008457419,0.017833333,0.020532757,0.004071787,0.025798507,0.021199878,0.00960718,0.015172441,0.013374034,0.036395498,0.01283594,0.014279478,0.04632685,0.061603822,0.060767353,0.013341808,0.011128882,0.011003895,0.010356434,0.01064021,0.007673431,0.007603869,0.012924984,0.01890908,0.025616733,0.028724544,0.006390985,0.006144102,0.004319141,0.003138888,0.002698208,0.015912853,0.024405686,0.012237982,0.002540708,0.00231833,0.002260194,0.001934475,0.010187375,0.01228556,0.012082357,0.002546363,0.003206199,0.003486898,0.003291121,0.003481811,0.002711684,0.002588897,0.006533547,0.006302952,0.007382839,0.002157456,0.005125714,0.006154763,0.006782947,0.006797622,0.002891431,0.002502077,0.00812641
Head 1,529,0.000450856,0.000373237,0.000399513,0.002092625,0.001612394,0.001544489,0.001354421,0.000576438,0.000414834,0.000439018,0.000463955,0.000329703,0.000326768,0.000316795,0.0003599,0.001266064,0.001458152,0.002389873,0.003671654,0.00655074,0.006834523,0.006740694,0.007281938,0.006904928,0.006583733,0.004713746,0.002153384,0.001161072,0.001007909,0.001014439,0.002574786,0.003273841,0.003961796,0.007579141,0.007068936,0.005642043,0.007526064,0.007533188,0.005728463,0.006353315,0.005118441,0.005506246,0.002219913,0.001959371,0.001889388,0.001626529,0.001355542,0.001232508,0.001082267,0.001214239,0.004527872,0.006913349,0.00865919,0.001865948,0.002322318,0.002317212,0.002114394,0.010677586,0.01059719,0.00327826,0.003372904,0.016060855,0.003920833,0.003843513,0.004405406,0.003673443,0.003037212,0.002564948,0.007893344,0.017229058,0.020304594,0.003793457,0.025382131,0.019892136,0.007764986,0.012330543,0.011276086,0.03605878,0.011213551,0.012633801,0.049308144,0.066013813,0.065886661,0.014001556,0.011839795,0.011616966,0.010551455,0.010832864,0.008060328,0.008268443,0.013422242,0.019913545,0.027128858,0.030203367,0.006490786,0.006506998,0.004619383,0.003292927,0.002692961,0.016431218,0.025897728,0.013312749,0.002805127,0.00256333,0.002389614,0.001933994,0.010194466,0.01226255,0.01230756,0.002563901,0.00321184,0.003385158,0.003262783,0.003788776,0.003248575,0.003233792,0.007901448,0.007386796,0.008315785,0.002479,0.005528586,0.006806745,0.007609641,0.007621201,0.003076993,0.002628705,0.008862969,0.00717919
Head 1,530,0.000392744,0.000427544,0.00225011,0.001736529,0.001626775,0.001405577,0.000534739,0.0003825,0.000402973,0.000429882,0.000315137,0.000328374,0.00033375,0.000384296,0.001205728,0.001359807,0.002221758,0.003485751,0.006439598,0.006859364,0.006833412,0.007419253,0.007120312,0.006929494,0.005053237,0.002110178,0.001165362,0.000948294,0.000890437,0.00212364,0.002724029,0.003464543,0.007050344,0.006844571,0.005499591,0.007270576,0.007132812,0.005415264,0.006091716,0.004937813,0.005214126,0.001927484,0.001639188,0.001608276,0.001436683,0.001225466,0.001100887,0.000930155,0.00101205,0.003872204,0.005905932,0.007434023,0.00154015,0.001888952,0.001899875,0.001805092,0.009779389,0.010106303,0.003012782,0.002985794,0.014854449,0.003438286,0.003553236,0.004275289,0.003574396,0.002813362,0.002235895,0.007627601,0.017096426,0.020566223,0.003707505,0.024811016,0.018383592,0.006514737,0.010261156,0.009554108,0.034637924,0.009517604,0.010928025,0.050811697,0.069634661,0.071081042,0.015061622,0.012721431,0.012189813,0.010685032,0.010926402,0.008378036,0.008774447,0.013620807,0.020539517,0.027993586,0.03112725,0.006536759,0.006768471,0.004836204,0.003382847,0.002663017,0.016109928,0.02614877,0.014063602,0.003030383,0.002752085,0.002454892,0.001918222,0.009790272,0.011787233,0.011989561,0.002528856,0.003063666,0.003119559,0.003058758,0.00383605,0.00356372,0.003664181,0.008643689,0.007794246,0.008475749,0.002568374,0.005638334,0.007077893,0.008022128,0.008035883,0.003146328,0.002712525,0.009376792,0.007745993,0.005926234
Head 1,531,0.000424846,0.002348439,0.001875152,0.001725553,0.001448758,0.000522859,0.00036547,0.000380931,0.000399955,0.000294929,0.000314121,0.000335193,0.000404498,0.001168338,0.001278651,0.002027903,0.003176397,0.006073376,0.006721622,0.006901569,0.007598478,0.007377175,0.007317556,0.005526318,0.002144632,0.001264635,0.000981168,0.000861297,0.001820539,0.002226769,0.002888434,0.006222171,0.006456478,0.005420508,0.00714492,0.006764609,0.004993634,0.005668992,0.004733851,0.005055489,0.0018143,0.001424927,0.001358108,0.00125121,0.001135385,0.001055817,0.00087582,0.000905461,0.003443215,0.005162028,0.006541955,0.001409942,0.00168858,0.001647307,0.001555339,0.008573076,0.009395914,0.002994656,0.002880037,0.014365758,0.002960134,0.003145867,0.004018483,0.00358973,0.002826802,0.002108476,0.007447139,0.016756084,0.020498555,0.003792573,0.025200607,0.018053919,0.005864167,0.008747502,0.008119945,0.03161259,0.008383299,0.009670557,0.052534088,0.073085211,0.075225204,0.016408781,0.014537795,0.013689961,0.011281812,0.010902849,0.008336289,0.00907162,0.013396103,0.021091536,0.029050687,0.032235648,0.006298802,0.006775274,0.005045401,0.003635882,0.002798343,0.015913105,0.02580316,0.014177137,0.003279615,0.003080418,0.002660675,0.001935644,0.009445834,0.011002669,0.011155331,0.002609248,0.003032561,0.002853733,0.002638295,0.003403109,0.003469703,0.003901876,0.009138018,0.008135566,0.008395248,0.002356409,0.005300666,0.006827623,0.008015241,0.008153548,0.002978386,0.002489836,0.009216798,0.008024821,0.006250922,0.006022021
Head 1,532,0.002248571,0.001963984,0.001866283,0.001527518,0.000557238,0.000369998,0.000382013,0.000396166,0.000295272,0.000309321,0.000332061,0.000417194,0.001173023,0.001251668,0.001906175,0.002871124,0.00546799,0.006215584,0.006625763,0.007515522,0.007463137,0.007535686,0.005871191,0.002320322,0.001463607,0.001099807,0.000926318,0.001781264,0.002024495,0.002502797,0.005370633,0.005841387,0.005296633,0.00728183,0.006864345,0.004856784,0.005354381,0.004521274,0.005008836,0.001971428,0.001441201,0.001254304,0.001102999,0.001037067,0.001040132,0.000902717,0.000910843,0.003349978,0.004760434,0.005858674,0.001361047,0.001674047,0.001624508,0.001472587,0.007785237,0.008644397,0.003103938,0.003100511,0.014902703,0.002822,0.002826401,0.003558527,0.003433617,0.00293352,0.002225157,0.007559907,0.016781583,0.02030357,0.003753651,0.025473654,0.018461702,0.006013504,0.008090341,0.007001905,0.026586959,0.00737691,0.008773306,0.052794605,0.075358488,0.077966504,0.016460376,0.016103067,0.015963523,0.013117288,0.011812412,0.008450666,0.009064439,0.01273944,0.020837562,0.029479913,0.033346869,0.006072075,0.006435826,0.00490837,0.003813586,0.003093683,0.016149776,0.02597666,0.014180028,0.003392359,0.00342498,0.003088532,0.002176859,0.009780757,0.0105577,0.010111562,0.002682679,0.00314272,0.002838432,0.002370584,0.002832907,0.00293249,0.00363982,0.008923725,0.008325661,0.008450924,0.002136374,0.004812662,0.00604221,0.007296663,0.007758458,0.002820475,0.002171389,0.008424599,0.007575584,0.006169316,0.006120764,0.007521538
Head 1,533,0.001882749,0.001956765,0.001647813,0.000593781,0.000366881,0.000363273,0.000370942,0.000284734,0.000298305,0.000318416,0.000404631,0.001207276,0.001259459,0.001871268,0.002691295,0.004936349,0.0056013,0.006086529,0.00710264,0.007256804,0.007490363,0.005965798,0.002435152,0.001631507,0.001196857,0.000981174,0.001768099,0.001947053,0.002258749,0.004568417,0.004897878,0.004636698,0.00683368,0.006818177,0.004851351,0.005151073,0.004197249,0.004674584,0.002043449,0.00151712,0.00124305,0.00099412,0.000885893,0.000914153,0.000856555,0.000912681,0.003361401,0.004596,0.00530362,0.001194088,0.001525739,0.001565716,0.001432143,0.007358552,0.007953566,0.002922251,0.003121739,0.015103782,0.002933257,0.002711457,0.00315736,0.003019042,0.002765623,0.002291307,0.007540609,0.017191043,0.020742631,0.00341357,0.025417116,0.018723153,0.00641939,0.008214673,0.00653279,0.023312271,0.006204949,0.00761451,0.050641246,0.075623617,0.081203207,0.014913572,0.01556869,0.016842483,0.015117625,0.01379232,0.009398022,0.009397211,0.012886663,0.020561133,0.029244239,0.033994567,0.006301133,0.006267954,0.004608451,0.003680943,0.003237979,0.016347548,0.026748577,0.01473512,0.003362006,0.003485351,0.003395126,0.002550145,0.011073154,0.01135315,0.010056442,0.002682898,0.003256044,0.003059471,0.002475157,0.002691705,0.002586141,0.00323051,0.008645734,0.008505941,0.008934353,0.002291202,0.00500528,0.005765145,0.006764938,0.007375242,0.002932843,0.002199434,0.008315132,0.007383302,0.006073799,0.006266776,0.007925776,0.007430141
Head 1,534,0.001929096,0.00176388,0.000638278,0.000379003,0.000351678,0.000342994,0.000263102,0.000278296,0.000298267,0.000377573,0.001274785,0.001299823,0.001903287,0.002649111,0.00466253,0.005182274,0.005624312,0.006674706,0.006998376,0.007424316,0.006038149,0.002450716,0.001748166,0.001277789,0.00102634,0.001741414,0.001916598,0.00214256,0.004070951,0.004136791,0.003847468,0.005945148,0.006404816,0.004848036,0.005189032,0.004067815,0.004383393,0.001923468,0.001543568,0.001277733,0.00095866,0.000771751,0.000751847,0.00072041,0.00082653,0.003250342,0.004555452,0.005076592,0.001009922,0.001281255,0.001370591,0.001320992,0.006864565,0.007282559,0.002516724,0.002767061,0.014161839,0.002952188,0.002679534,0.002950387,0.002624361,0.002392957,0.002127901,0.007037003,0.017311241,0.021751896,0.003135245,0.026034333,0.018940113,0.006493819,0.008567669,0.006551074,0.022124136,0.005195469,0.006247982,0.045850597,0.072287709,0.083085619,0.013028783,0.013762031,0.0157193,0.015668789,0.015652321,0.010929613,0.010379687,0.014175741,0.021204706,0.029409057,0.034534119,0.006887402,0.006500266,0.004478055,0.003421314,0.003092086,0.016285772,0.027684147,0.015794905,0.003410825,0.003366398,0.003339598,0.002704346,0.012370942,0.012957987,0.011140224,0.002712148,0.003275057,0.003234772,0.002726799,0.002886084,0.00256443,0.002990044,0.008680495,0.008680093,0.009522852,0.002715087,0.005718914,0.006141111,0.006797719,0.007280227,0.003143425,0.002478137,0.008872588,0.007835129,0.006370013,0.006625787,0.008633512,0.008324927,0.005768289
Head 1,535,0.001774672,0.000692097,0.000423029,0.000374934,0.000342156,0.00025143,0.000264934,0.000286854,0.000360112,0.001375675,0.001390705,0.002005426,0.002727448,0.004610995,0.00494684,0.00525715,0.00621603,0.006606184,0.007197619,0.00601568,0.002351727,0.00186856,0.001408562,0.001129258,0.001764001,0.001947177,0.002177492,0.003954993,0.003771205,0.003269866,0.00497223,0.005584918,0.004605861,0.005271361,0.004155344,0.004305074,0.001726395,0.001524701,0.001354996,0.001035223,0.000772876,0.000672377,0.000603895,0.000710655,0.002970441,0.004478017,0.005123113,0.000937665,0.001122995,0.00117761,0.0012069,0.006339188,0.0068583,0.002291371,0.002450061,0.012622757,0.002898136,0.002771025,0.003046028,0.002484206,0.002079828,0.001832608,0.006038745,0.016224824,0.022073554,0.003159351,0.027329069,0.019381702,0.006235366,0.008925537,0.007050056,0.022591554,0.004829121,0.005327767,0.039977703,0.065094203,0.080172896,0.011767694,0.012239384,0.013837866,0.014602216,0.016364584,0.012695359,0.012293476,0.016956029,0.02366624,0.031031882,0.035388134,0.007757728,0.007236793,0.004748065,0.003328251,0.002852323,0.016137596,0.028388863,0.017037617,0.003801995,0.003445354,0.003211865,0.002651931,0.012899317,0.014499324,0.01289307,0.002917153,0.003278414,0.003216669,0.002866177,0.003163445,0.002741069,0.002925939,0.008967738,0.008783522,0.009812439,0.003093289,0.006489171,0.006895459,0.007217479,0.007265865,0.003090054,0.002650833,0.009266415,0.008400751,0.006808271,0.00695511,0.009136855,0.009141492,0.006551184,0.005471806
Head 1,536,0.000679261,0.000463284,0.000422761,0.000369627,0.000252659,0.000254725,0.000274674,0.000345007,0.001447385,0.001508689,0.002152973,0.002874047,0.004694272,0.004839902,0.00498365,0.005778209,0.006132773,0.006774412,0.00579408,0.002030968,0.001896086,0.001524123,0.001263569,0.001824384,0.001983917,0.002238897,0.004001487,0.003686987,0.00298492,0.004240328,0.004641856,0.004010159,0.005039342,0.004268424,0.004453142,0.001540388,0.001411303,0.001349032,0.001134327,0.000867253,0.000697242,0.000555859,0.000608975,0.00260747,0.004149628,0.005081238,0.000960841,0.001069538,0.001034961,0.00106314,0.005651974,0.00636945,0.002235487,0.002297248,0.011466869,0.002712066,0.002793797,0.003299535,0.002652054,0.002024583,0.001626223,0.005220038,0.0143873,0.020872595,0.003444108,0.028813476,0.02049813,0.005727311,0.008642073,0.007363869,0.023645882,0.005082659,0.005050931,0.03617296,0.057186645,0.07201992,0.010750514,0.01137096,0.012521219,0.012980827,0.015447365,0.013493354,0.014443482,0.020503767,0.027709577,0.034440927,0.036947995,0.008371733,0.008085099,0.005384516,0.003588845,0.002780689,0.016442647,0.028634524,0.017571012,0.004423321,0.003898151,0.003341726,0.002582706,0.012738793,0.015116728,0.014390825,0.003401205,0.003564275,0.003240869,0.002866562,0.00334408,0.003027912,0.003153976,0.009520785,0.009084978,0.009937962,0.003144999,0.006892975,0.007728653,0.008032529,0.007634081,0.00292708,0.002617679,0.009252579,0.008718798,0.00727541,0.007337069,0.009442706,0.009489755,0.007072251,0.006140735,0.005669389
Head 1,537,0.000436876,0.000447213,0.000405227,0.000265577,0.000249364,0.000257035,0.000318489,0.00139826,0.001570296,0.002293101,0.003060637,0.004903676,0.004870642,0.004820028,0.005408699,0.005647484,0.006215184,0.00535854,0.001624824,0.001727147,0.001484512,0.001311495,0.001869176,0.002010331,0.00225989,0.00403275,0.003679679,0.002878068,0.003801023,0.003867368,0.003240128,0.004297113,0.004001842,0.0044907,0.001395026,0.001227751,0.001186784,0.001094163,0.000930004,0.000767071,0.00056474,0.000546435,0.002293875,0.003600526,0.004652815,0.000967174,0.001062728,0.000946771,0.000904788,0.004854758,0.005540784,0.002108032,0.002170341,0.010582608,0.00237498,0.002513269,0.003227145,0.002783811,0.002091907,0.00153072,0.004804277,0.012616471,0.018394031,0.003572217,0.02879698,0.021660335,0.005305422,0.007777417,0.006850662,0.023879627,0.00549517,0.005220262,0.034959964,0.051732883,0.062688284,0.009183929,0.010289313,0.011507357,0.011426928,0.013432186,0.012418022,0.015020428,0.023138216,0.032319546,0.039970472,0.04091813,0.008535816,0.00849703,0.00592801,0.004056847,0.002945146,0.017591953,0.029818133,0.01791618,0.004813623,0.004501744,0.003754726,0.002657904,0.012677717,0.015217183,0.015296168,0.003962088,0.004144972,0.003474689,0.002847943,0.003329586,0.003163385,0.003465552,0.009944193,0.009671309,0.010412532,0.002857304,0.006925701,0.00832502,0.009063025,0.00857584,0.002932165,0.00248883,0.009261343,0.008819265,0.00774221,0.008013263,0.010185325,0.010014928,0.007477197,0.006772866,0.006526613,0.005594757
Head 1,538,0.000420366,0.000427457,0.000294584,0.000265427,0.000254535,0.000299881,0.00122793,0.001503686,0.002344861,0.003224825,0.00516239,0.005010925,0.004769714,0.005136998,0.005216864,0.005642836,0.00483686,0.001338161,0.001532555,0.001363037,0.001282004,0.001863775,0.002070747,0.002331332,0.004111054,0.003715125,0.002896306,0.0036534,0.003459946,0.002673112,0.003444417,0.003369007,0.004160484,0.001355631,0.001123743,0.001027708,0.000960796,0.00090564,0.000837908,0.000638163,0.000572489,0.002186648,0.003154005,0.00400526,0.000917778,0.001083192,0.000959334,0.00084936,0.004361383,0.004788179,0.001933887,0.00210398,0.009947156,0.002218129,0.002262951,0.002951064,0.002768634,0.002226042,0.001606417,0.004835433,0.011611523,0.015918866,0.00337585,0.026035339,0.02129248,0.005343268,0.007173039,0.006009245,0.022958318,0.005649833,0.005645896,0.035197508,0.049326036,0.055854276,0.007601041,0.008943716,0.010650978,0.010536362,0.011871661,0.010759521,0.013809946,0.02398859,0.035677988,0.045751613,0.046702169,0.008847958,0.00861991,0.006131371,0.004499067,0.003341359,0.018801577,0.03153703,0.018333286,0.004720395,0.004883812,0.004343885,0.003052529,0.013149734,0.015375324,0.015476004,0.004332997,0.004850033,0.004016747,0.003036996,0.003303702,0.003068975,0.00354716,0.009534804,0.009855483,0.010883318,0.002506359,0.006816995,0.008382681,0.009620221,0.009523209,0.003211712,0.00246639,0.009491486,0.008569892,0.007684581,0.008352696,0.010834661,0.010522857,0.007664839,0.006973963,0.007050482,0.006338711,0.006874273
Head 1,539,0.00039428,0.00030636,0.000287089,0.000264489,0.000291619,0.001032674,0.001321202,0.002227211,0.003250381,0.005360337,0.005242717,0.004876896,0.005051666,0.004944752,0.005197603,0.004365502,0.001196929,0.001309871,0.001153035,0.001121175,0.001697263,0.00205298,0.002394525,0.004203429,0.003723776,0.002886521,0.003587227,0.003287432,0.002367517,0.002816973,0.002690009,0.003518998,0.001298289,0.001058534,0.000916537,0.00081211,0.000785164,0.000809,0.000688783,0.000635956,0.002243261,0.002970134,0.003515847,0.000773663,0.001000932,0.000953808,0.000833562,0.004190947,0.004310179,0.001634996,0.001869774,0.009129628,0.00210262,0.002046417,0.00257966,0.002496467,0.002184659,0.001683966,0.005085996,0.011533656,0.014733812,0.00291809,0.022820693,0.019698611,0.005650402,0.00717506,0.005523799,0.022826845,0.005280846,0.005769131,0.035947982,0.049290411,0.052949093,0.006323333,0.007310566,0.009325436,0.009670342,0.010825732,0.009400468,0.011965905,0.024090206,0.037165392,0.049649112,0.052164614,0.009549649,0.008819367,0.00610016,0.004637688,0.003689594,0.019244807,0.032978274,0.019021586,0.004300018,0.004700576,0.004606059,0.003522407,0.013975394,0.016013816,0.015640214,0.004313624,0.005259608,0.004647656,0.003479173,0.003527668,0.003023583,0.003485795,0.00870743,0.009369515,0.010898245,0.002373135,0.006976566,0.008287729,0.00966919,0.01003186,0.003786552,0.002800328,0.010369259,0.00847273,0.007345318,0.008256363,0.011221014,0.011154824,0.008021709,0.007103387,0.007227602,0.006804036,0.007715308,0.005828291
Head 1,540,0.000285433,0.000303471,0.000292321,0.000310425,0.000900756,0.001119163,0.001969353,0.003062228,0.005319491,0.00543139,0.00508923,0.005135343,0.00483528,0.004914004,0.004028188,0.001184336,0.001208952,0.001012653,0.000965458,0.001395944,0.001870769,0.002412441,0.004371766,0.003843982,0.002919607,0.003570664,0.003245219,0.00227547,0.002485225,0.002186014,0.002789544,0.001209449,0.001029036,0.000880439,0.000729814,0.000666682,0.000705846,0.000671914,0.000695582,0.0022865,0.002948516,0.003242376,0.000643205,0.000857787,0.000895093,0.000846458,0.004140679,0.004153371,0.001437205,0.001622163,0.007892637,0.002050526,0.002001166,0.002408261,0.002230714,0.001997883,0.001662887,0.004986912,0.011479076,0.014264877,0.00254806,0.019650929,0.016604193,0.005803925,0.007551155,0.005507867,0.022786858,0.004646651,0.005337866,0.034782588,0.048915822,0.052092813,0.005859807,0.006156628,0.007831044,0.008525424,0.009923145,0.008584746,0.010508908,0.024659822,0.038456578,0.052341491,0.056949176,0.011157897,0.009801143,0.006345961,0.0046159,0.003820576,0.018392639,0.033167958,0.020066554,0.004105105,0.004283627,0.004353286,0.003760156,0.014570795,0.017142152,0.016439034,0.004270615,0.005238188,0.004983646,0.003997583,0.004029951,0.003204703,0.003438249,0.008060671,0.008505777,0.010271884,0.002443136,0.007339587,0.008384685,0.009565475,0.010012503,0.004182805,0.003289217,0.01167436,0.008879765,0.007143117,0.007852495,0.010973437,0.011378392,0.008407705,0.007320666,0.007245043,0.006872396,0.008213069,0.006517332,0.006884188
Head 1,541,0.000282975,0.0003083,0.000341191,0.000860817,0.000987587,0.001697463,0.002718804,0.004972532,0.005412531,0.005289768,0.00535744,0.004921407,0.004841976,0.003863124,0.001223447,0.001189709,0.000940148,0.000848013,0.001102015,0.001553883,0.002254833,0.004431189,0.004036273,0.00302376,0.003609913,0.003250754,0.002291965,0.002394902,0.001945359,0.002290982,0.001081408,0.000967781,0.000859164,0.000703191,0.000598783,0.000599873,0.000588772,0.000676969,0.002227469,0.00299108,0.003218918,0.00057772,0.000717116,0.000765665,0.00079241,0.003949671,0.004109947,0.001337084,0.001397245,0.006680343,0.001860045,0.001921532,0.002344568,0.002063703,0.001773098,0.001501676,0.004485598,0.010969324,0.014054636,0.00239643,0.018109249,0.01422606,0.005465972,0.007753401,0.005798338,0.023031268,0.004227191,0.004686542,0.032980531,0.047590338,0.051466346,0.005975001,0.005624623,0.006654449,0.007178524,0.008681132,0.007765647,0.009452348,0.025535166,0.039995063,0.054596327,0.060357742,0.012923698,0.011476624,0.007181042,0.004788913,0.003810876,0.01724859,0.031893082,0.020556295,0.004284106,0.004032407,0.003863415,0.00350059,0.014384931,0.017887207,0.017551746,0.004450866,0.005090485,0.004885573,0.004229256,0.004557585,0.003623192,0.003627111,0.008061986,0.007848929,0.009275943,0.002569238,0.007446377,0.008557229,0.00956763,0.009763577,0.004064575,0.003624114,0.012761354,0.009695887,0.007359178,0.007632367,0.010515595,0.011143057,0.008616625,0.007660071,0.007427027,0.006849469,0.008265811,0.00687782,0.007620811,0.007342163
Head 1,542,0.000277587,0.000345268,0.000891341,0.000947998,0.001504749,0.00233938,0.00435506,0.005013092,0.005225271,0.005510428,0.005092314,0.004905304,0.003811203,0.001194654,0.001176503,0.000888382,0.00075389,0.000877916,0.00119058,0.001846294,0.004002627,0.003963421,0.003056494,0.003590079,0.003158735,0.002230276,0.002318704,0.001815979,0.001976522,0.000917918,0.000825462,0.000765795,0.000658585,0.000552713,0.000516409,0.000483066,0.00057078,0.002026454,0.002875978,0.003185782,0.000561376,0.00060992,0.000613637,0.000648669,0.003474416,0.003884849,0.001282286,0.001241502,0.005842668,0.001540326,0.001681658,0.002215335,0.001963627,0.001606499,0.0012971,0.003833279,0.009801998,0.013211415,0.002364637,0.01763084,0.013024843,0.004669788,0.007148093,0.005801025,0.022379562,0.004126411,0.004187847,0.032052353,0.045964867,0.050203856,0.006229629,0.005605659,0.006084061,0.006096607,0.007247945,0.006632445,0.008365276,0.025733899,0.041379817,0.057247952,0.063207299,0.013521045,0.012872566,0.008351271,0.005292735,0.003859275,0.017104078,0.030653518,0.020401075,0.004753794,0.004164436,0.003592643,0.003061355,0.014026188,0.018127639,0.018605033,0.00498319,0.005233659,0.004678193,0.004076501,0.00473343,0.004051541,0.004048613,0.008881441,0.007958008,0.008736392,0.002612771,0.007186217,0.008725559,0.009936898,0.009941466,0.003569122,0.003508571,0.013342915,0.01077965,0.008171085,0.008078901,0.010610892,0.010995177,0.008688645,0.008088354,0.007997115,0.007232569,0.008498955,0.007112905,0.008288823,0.008319367,0.006212187
Head 1,543,0.000314863,0.000957662,0.000998125,0.001462859,0.002115031,0.003804432,0.004455845,0.004917702,0.005513719,0.005302087,0.005105661,0.003885174,0.001095995,0.00121553,0.000893768,0.000724906,0.000773865,0.000949932,0.001451451,0.003358504,0.003676173,0.003081084,0.003682544,0.003180553,0.002207932,0.002297331,0.001794379,0.001865063,0.000846596,0.000725456,0.000670105,0.00060758,0.00053156,0.000483815,0.000423558,0.000477466,0.00186259,0.002709542,0.00312789,0.000613752,0.000598881,0.000542959,0.000532914,0.002964473,0.003483212,0.001263921,0.001209472,0.005487992,0.001303966,0.001427858,0.00201745,0.001915088,0.001574161,0.001206084,0.003421954,0.008660505,0.011910535,0.00241779,0.017568594,0.012922169,0.004043105,0.006223786,0.005390372,0.020341774,0.004382147,0.004154658,0.032255892,0.045085445,0.048666444,0.006347133,0.005932074,0.00617975,0.005693836,0.006275429,0.005533099,0.007174207,0.024175912,0.041097343,0.059688929,0.066887386,0.013178943,0.013691835,0.009674335,0.006327025,0.004323503,0.018493578,0.030372992,0.019613704,0.005228764,0.004585732,0.003675063,0.002787203,0.013708073,0.017658481,0.018755432,0.005708077,0.005854539,0.004818643,0.003928438,0.004606274,0.004250671,0.004505765,0.009864368,0.008539599,0.0086466,0.002552062,0.006405348,0.008260014,0.009924199,0.010109705,0.003095189,0.003073543,0.012931143,0.011202377,0.008889511,0.00874274,0.01099453,0.010828706,0.008353977,0.008020474,0.008303738,0.007641279,0.008752001,0.007149373,0.008428258,0.008866557,0.006923708,0.005633148
Head 1,544,0.000973171,0.001068486,0.001532889,0.002067647,0.00346254,0.003916217,0.004402269,0.005212729,0.00535278,0.005328496,0.004066225,0.001003406,0.001289297,0.000927787,0.000727139,0.000758927,0.000838109,0.001168194,0.002685701,0.003137681,0.002936895,0.003760222,0.00330987,0.002250313,0.00231139,0.001815865,0.001875343,0.000871485,0.000690495,0.000594069,0.000536553,0.000495998,0.000468588,0.000400402,0.000419305,0.001796111,0.002558215,0.002999179,0.000680533,0.000662121,0.000558321,0.000482714,0.002597116,0.002981317,0.001182155,0.001215309,0.00539641,0.001184961,0.001218191,0.001724612,0.001787506,0.001587752,0.00122257,0.003289907,0.007857351,0.010482176,0.002398897,0.016870758,0.013146682,0.003785188,0.005383366,0.004593605,0.017131142,0.004589645,0.004422328,0.032612879,0.045203887,0.048019476,0.006014883,0.006158508,0.00664733,0.005936546,0.005965113,0.004733212,0.005944222,0.020659732,0.037362229,0.059292585,0.070723914,0.012042058,0.013404659,0.010388056,0.007640363,0.005364552,0.022088893,0.0330013,0.019802753,0.005520727,0.005148232,0.004137935,0.002865367,0.01390888,0.017319959,0.018452533,0.006156362,0.006752944,0.005444377,0.004066144,0.004434787,0.004130843,0.004706673,0.010529093,0.009488337,0.009306096,0.002461421,0.005666087,0.007352056,0.009329149,0.010108893,0.002851462,0.002605568,0.012291068,0.010996868,0.009259911,0.009491581,0.011841118,0.011118065,0.008007612,0.007530006,0.008085615,0.007840764,0.009119762,0.007301591,0.008371376,0.008940798,0.007398894,0.006346549,0.005864711
Head 1,545,0.001049254,0.001603268,0.002134857,0.003344424,0.003516107,0.003796034,0.004548915,0.004956251,0.005244281,0.004162447,0.00094629,0.001380393,0.00098673,0.000760298,0.000778151,0.000830585,0.001043273,0.002202951,0.002507719,0.00249153,0.00348634,0.00330408,0.002289023,0.002310046,0.00178857,0.00185393,0.000919842,0.000703626,0.00055761,0.000467745,0.000430849,0.000428304,0.000381473,0.000392455,0.001783632,0.00247464,0.002823752,0.000667373,0.000715487,0.000616916,0.000496859,0.002420192,0.002532152,0.000976561,0.001108176,0.005075126,0.001157664,0.001101697,0.001435823,0.001512573,0.001465755,0.001223686,0.003202766,0.007289602,0.00920906,0.002139427,0.014720819,0.012355985,0.003766976,0.004919326,0.003844224,0.014309657,0.004248861,0.004499352,0.030933779,0.044678163,0.048245702,0.005256464,0.005687953,0.006624913,0.006293857,0.0062044,0.004460474,0.005072827,0.017343668,0.031755157,0.054484628,0.071374945,0.010704679,0.01212922,0.009720237,0.008059207,0.006359908,0.026754659,0.038666718,0.021933181,0.005467779,0.005330234,0.004568468,0.003237545,0.014735943,0.01818398,0.019006709,0.005973875,0.007288267,0.006375466,0.004722987,0.004693563,0.004016218,0.004533104,0.010395223,0.010207322,0.010576857,0.002558741,0.00567136,0.006851898,0.008682147,0.009989349,0.002980317,0.002494919,0.012728322,0.011118918,0.009550524,0.01029654,0.013318893,0.012574668,0.00857096,0.007530801,0.007911526,0.007934741,0.009746623,0.008001477,0.008978144,0.009372751,0.007872659,0.007167149,0.007010709,0.007335848
Head 1,546,0.001667578,0.002341898,0.003610949,0.003571157,0.003595401,0.004137858,0.004584201,0.005124663,0.004327675,0.000975691,0.001517618,0.001085853,0.000823744,0.000780467,0.000867557,0.001058446,0.00204977,0.002158863,0.002101528,0.003099398,0.003211396,0.002398494,0.002459587,0.001873452,0.001914634,0.001016226,0.00080288,0.000614261,0.000474925,0.000407877,0.000400708,0.000370484,0.000393479,0.001777803,0.002534504,0.002841838,0.00062516,0.000747854,0.000692019,0.000583919,0.002529985,0.002442628,0.000845284,0.000977645,0.004574865,0.001196161,0.001122526,0.001323651,0.001301485,0.001280933,0.001163923,0.003110662,0.007126841,0.008803991,0.00198248,0.013090305,0.011262056,0.004041502,0.005189369,0.003742767,0.013381616,0.003819196,0.004370186,0.027508963,0.042856563,0.048534576,0.004905714,0.005115458,0.006099031,0.006347478,0.006708929,0.004769225,0.004935625,0.015727649,0.027216068,0.047259774,0.06659741,0.009828123,0.011233677,0.008903442,0.007768514,0.006902168,0.030559614,0.045377001,0.025796762,0.005707828,0.005364242,0.004751255,0.003662178,0.014881582,0.018905127,0.019617828,0.005413036,0.006949735,0.006851662,0.005612042,0.005538526,0.004363189,0.004545095,0.009955878,0.010213699,0.011379775,0.00294147,0.006175588,0.006728552,0.007935035,0.009049573,0.003207948,0.002657209,0.013230455,0.011195072,0.0094158,0.01028691,0.013868939,0.013772338,0.009491034,0.007941748,0.007843135,0.007680729,0.009738432,0.008381747,0.009522721,0.009712505,0.007934507,0.007298224,0.007564401,0.0083792,0.009080398
Head 1,547,0.002391269,0.003878143,0.003799968,0.003612757,0.003878562,0.004148507,0.004727224,0.004245211,0.001040945,0.001563383,0.001151122,0.000874392,0.000727292,0.00085369,0.001084783,0.002020242,0.001972097,0.001770863,0.002571051,0.002801692,0.002297525,0.002515,0.001950304,0.001959213,0.001028609,0.000855653,0.000672179,0.000507061,0.00040333,0.000370238,0.000338102,0.000372753,0.001623122,0.00251305,0.002893988,0.000549461,0.000684642,0.000672915,0.000640984,0.002638072,0.002502127,0.000771503,0.000819035,0.003993425,0.001123983,0.001126701,0.001301451,0.00117895,0.001091707,0.001008817,0.002834358,0.006735038,0.008531293,0.001870716,0.011916257,0.009946414,0.004049621,0.005525672,0.003972163,0.013723369,0.003369838,0.003883705,0.023862852,0.039374091,0.047368042,0.004990465,0.004788639,0.005417543,0.005837569,0.00677513,0.005214765,0.005298604,0.015638815,0.024677014,0.040570244,0.057891767,0.008635216,0.010229299,0.00809902,0.006978022,0.006558159,0.032780677,0.051320534,0.030799367,0.006455663,0.005569865,0.004743291,0.003843574,0.014591704,0.019573117,0.020871561,0.005110202,0.006278663,0.006542548,0.006093509,0.00661155,0.005212318,0.004996603,0.010005744,0.01007712,0.011672794,0.003400765,0.007216614,0.007369995,0.0079353,0.008407485,0.003293398,0.002896343,0.013842428,0.0118201,0.009725149,0.010378351,0.014098396,0.014644912,0.010639095,0.008926868,0.008384124,0.007720014,0.009652777,0.008564616,0.010208827,0.01058164,0.008455778,0.007542755,0.007899265,0.009331711,0.010622599,0.009209417
Head 1,548,0.003976428,0.004097701,0.003859883,0.003904508,0.00389723,0.004292917,0.003951621,0.001082517,0.001497797,0.001162072,0.000912317,0.000651563,0.000774678,0.001054285,0.00200847,0.001912034,0.001586258,0.002147056,0.002293324,0.00198336,0.002368655,0.001964716,0.002002868,0.000996474,0.000851115,0.000696169,0.000544732,0.00042204,0.000359761,0.000307602,0.000334767,0.001343186,0.002295099,0.002852674,0.000493819,0.000593678,0.000577608,0.000609396,0.002559903,0.002555357,0.000784415,0.000725962,0.003525434,0.000949915,0.001037786,0.001276515,0.001132753,0.000972271,0.000849553,0.002458367,0.006000323,0.007923697,0.001806395,0.01107846,0.00880741,0.003698148,0.005465344,0.004185205,0.014130399,0.003115463,0.00336705,0.020992344,0.034995947,0.043407094,0.005327093,0.00482642,0.004944638,0.005058701,0.006109596,0.00523578,0.005716535,0.016267011,0.024047947,0.036402643,0.049444396,0.007171732,0.008968856,0.007365313,0.006214245,0.005794878,0.034086909,0.055685725,0.035573319,0.007826529,0.006300852,0.004897539,0.003807741,0.014100696,0.01959195,0.02186322,0.005317113,0.005866535,0.005835104,0.005794103,0.007171019,0.006241463,0.00595047,0.010700584,0.010282234,0.011718689,0.003717772,0.00823692,0.00852402,0.008731141,0.008433172,0.003202332,0.002961584,0.013609036,0.012376373,0.010375665,0.0108254,0.014345428,0.014996689,0.011452464,0.010075276,0.009461942,0.008279686,0.009825476,0.008565671,0.010615418,0.011526669,0.009367458,0.008138824,0.008251578,0.009932354,0.011992704,0.010942654,0.009266814
Head 1,549,0.004243742,0.004208312,0.004219242,0.003972445,0.00408568,0.003660117,0.00112625,0.001424289,0.001152498,0.000954123,0.000617412,0.000698603,0.000985304,0.00197197,0.001940109,0.001572373,0.001973899,0.001960548,0.001664015,0.002106175,0.001913646,0.00207521,0.001026674,0.000871665,0.000719263,0.000595517,0.000478713,0.000396577,0.000313522,0.000316721,0.001096446,0.001969921,0.002666612,0.000490297,0.000553467,0.000501075,0.00053614,0.002371734,0.002542343,0.000902028,0.000758338,0.003343387,0.000807096,0.00090259,0.001206374,0.001136518,0.000956611,0.000778241,0.002190658,0.005259252,0.007057204,0.001803718,0.010490539,0.008179914,0.003348243,0.005115111,0.004230965,0.013693492,0.003186354,0.003166455,0.01959122,0.031376727,0.03816355,0.005700262,0.005257614,0.004974884,0.00459928,0.005278303,0.004768624,0.005771857,0.016578022,0.024299437,0.034528121,0.043361355,0.005867457,0.007617555,0.00667654,0.00574299,0.005223417,0.035658825,0.059062753,0.039195571,0.009727483,0.007878337,0.005681572,0.003943104,0.014044925,0.018952677,0.021587593,0.005967412,0.005965589,0.005301152,0.005025656,0.006687377,0.00666299,0.006988856,0.011685289,0.01094403,0.01185865,0.003803109,0.008542058,0.009441983,0.00984129,0.009001913,0.00306815,0.002767115,0.012129621,0.01189352,0.010603405,0.011225002,0.014502122,0.014737175,0.011382742,0.010545926,0.010383313,0.009069429,0.010213881,0.008406646,0.010338542,0.011666221,0.009959661,0.008782985,0.008603196,0.010019341,0.012339274,0.011982616,0.010707193,0.011359845
Head 1,550,0.002981374,0.00301005,0.002684115,0.002478642,0.001933594,0.001035991,0.001478887,0.001156285,0.001015733,0.000560074,0.000616463,0.000839551,0.001678591,0.00161465,0.001263394,0.001551776,0.001495016,0.001216774,0.001522637,0.001380002,0.001554118,0.000935054,0.000885779,0.000770303,0.000658254,0.000523509,0.000417692,0.000315354,0.000310292,0.000882786,0.001606296,0.002269292,0.000449732,0.000521378,0.000470565,0.000503553,0.002998238,0.003414572,0.001219152,0.001075152,0.004366091,0.001027009,0.001017469,0.001229658,0.001061452,0.000838962,0.000655442,0.001899125,0.004779533,0.006435562,0.00147097,0.01023932,0.008130208,0.003310972,0.005715913,0.005141191,0.015233452,0.004106754,0.003794831,0.019658012,0.029637014,0.033514388,0.00504033,0.004392921,0.003771215,0.003241375,0.003482577,0.003041789,0.003644083,0.014053284,0.020944564,0.029245988,0.034598276,0.003686734,0.004648937,0.003998933,0.003319329,0.002984345,0.038034514,0.06874653,0.04531562,0.00856165,0.007410562,0.005587241,0.003792058,0.01835495,0.022661258,0.023728801,0.005045454,0.005006875,0.004270238,0.003781081,0.004905602,0.004896424,0.005375084,0.01283847,0.01232582,0.01375862,0.003943578,0.00899864,0.009896684,0.009910731,0.008331222,0.002341401,0.00191964,0.008486575,0.007701632,0.006767013,0.007754738,0.011472014,0.013241563,0.01124739,0.011339032,0.011791443,0.010551879,0.012042997,0.009734212,0.011850174,0.01301392,0.010692264,0.009063618,0.008577558,0.009906132,0.012518504,0.012746358,0.012138457,0.013724529,0.043246564
Head 1,551,0.003035018,0.002819865,0.002591226,0.001942474,0.00098106,0.001358115,0.001013278,0.000880313,0.000549441,0.000574776,0.000752305,0.001505143,0.001501851,0.001214435,0.001448264,0.001302241,0.000980788,0.001194138,0.001120928,0.001336611,0.000792029,0.000740262,0.000650485,0.000595941,0.000529323,0.000452851,0.000335206,0.000300978,0.000748479,0.001251308,0.0017389,0.000413753,0.000468343,0.000401357,0.000395296,0.002565516,0.00300524,0.001166165,0.001106289,0.004309847,0.000966205,0.000910837,0.001118244,0.001021118,0.000822275,0.000611514,0.001746523,0.004122435,0.005298842,0.001289181,0.008569304,0.006998895,0.002604146,0.004287775,0.004020583,0.012916278,0.003992044,0.00379947,0.019879498,0.028422792,0.03085104,0.004757132,0.004443586,0.003854554,0.003114363,0.003045367,0.002546744,0.003107034,0.01274542,0.020247201,0.028651319,0.032416966,0.003045499,0.003743569,0.003294167,0.002823083,0.002491849,0.036205687,0.06576632,0.044006724,0.008143551,0.008072592,0.006422627,0.004189276,0.019888327,0.022863628,0.023149591,0.005363965,0.005343901,0.004218623,0.003339114,0.004093355,0.00424374,0.005109334,0.013144818,0.013105405,0.01456096,0.003715648,0.008796462,0.010293174,0.011167918,0.009848828,0.002495686,0.001873789,0.008253439,0.00713588,0.006213346,0.007107477,0.010308468,0.011592314,0.009738885,0.0102726,0.011636293,0.011181523,0.012883283,0.009946818,0.011532488,0.01260207,0.010833356,0.00970713,0.009292669,0.010222475,0.012270012,0.012374877,0.01231652,0.014675603,0.04758269,0.032250013
Head 1,552,0.002939601,0.002783343,0.002064625,0.00099662,0.001374625,0.000954852,0.000789375,0.000560154,0.000571978,0.000710346,0.001378223,0.001391102,0.001178466,0.001432887,0.001258006,0.000879645,0.00099832,0.000917118,0.001131712,0.000701443,0.000646589,0.000551089,0.000505405,0.000486094,0.000465262,0.000367411,0.000320697,0.000713661,0.001073197,0.001373259,0.000371805,0.000428094,0.000360829,0.000328099,0.002171825,0.002534323,0.000995184,0.00106184,0.004267577,0.000953385,0.000843444,0.000994265,0.000942951,0.000807257,0.00061159,0.001711159,0.00380474,0.00455798,0.001079388,0.00703102,0.005918436,0.002216946,0.003360897,0.003041315,0.010305835,0.00353687,0.003697318,0.019489482,0.027636819,0.029293396,0.004310619,0.004263383,0.003908858,0.003165851,0.002886405,0.002209979,0.002561903,0.010730596,0.018377805,0.027370676,0.031426005,0.002673092,0.003089011,0.002661258,0.002363309,0.002153311,0.033359099,0.061622646,0.041585699,0.00666961,0.007583852,0.006778483,0.00467049,0.022721641,0.024743963,0.023612646,0.005505261,0.005745996,0.004505833,0.003267808,0.003581783,0.00353866,0.00444644,0.012485466,0.013411417,0.015588924,0.003575967,0.008667636,0.010299277,0.011907833,0.011380673,0.002902662,0.001962618,0.008585351,0.00688239,0.005754591,0.006526389,0.009349084,0.010230381,0.00822482,0.008580365,0.010230801,0.010759837,0.013336273,0.010420362,0.011626371,0.01222595,0.010519019,0.009889231,0.009923466,0.010833235,0.012359279,0.011855348,0.011756944,0.01470117,0.05338854,0.034730218,0.031166969
Head 1,553,0.002725721,0.00208582,0.000979856,0.001299538,0.000845576,0.000658175,0.00052579,0.000551908,0.000655946,0.001195383,0.001170783,0.001013778,0.001286509,0.001164431,0.000792796,0.000829882,0.000710731,0.000865782,0.000556043,0.000518794,0.000435854,0.000382286,0.000370669,0.000387926,0.000343347,0.000317922,0.000679468,0.000937592,0.001067173,0.000284782,0.000342702,0.000308882,0.000279033,0.001839401,0.002074789,0.000724833,0.00085651,0.00388422,0.000906639,0.000765347,0.000841114,0.000775463,0.000693395,0.000561887,0.001634373,0.0035747,0.004081608,0.00082852,0.005590151,0.004736598,0.001886819,0.002688447,0.002260503,0.008024505,0.002601141,0.00305194,0.017419331,0.025594089,0.027807496,0.003579082,0.003610405,0.003594418,0.003142682,0.002888678,0.002081699,0.00218703,0.009074082,0.015923634,0.024691794,0.029630799,0.002416054,0.002562833,0.002058089,0.001817151,0.001751941,0.028611924,0.055108644,0.038368437,0.004829961,0.005995088,0.006169566,0.004918031,0.025848994,0.027563702,0.024648296,0.005120527,0.005693786,0.004758524,0.003432712,0.003422117,0.003050746,0.00367518,0.011232383,0.012894892,0.016165251,0.003588628,0.009036566,0.010210147,0.011914283,0.012242954,0.003371268,0.002206379,0.00988794,0.00725337,0.005647275,0.006257745,0.008945285,0.009778267,0.007577719,0.007505108,0.008844891,0.009808581,0.013391153,0.011183914,0.012502404,0.012509258,0.010282523,0.009767719,0.010447447,0.012114158,0.01375366,0.012545607,0.01183638,0.014846181,0.065466903,0.042754196,0.036294408,0.021433936
Head 1,554,0.002201037,0.001056196,0.001406338,0.000873257,0.000622835,0.000502005,0.000557137,0.000679501,0.001180717,0.001090731,0.000906553,0.001161819,0.001102449,0.000779048,0.000785311,0.000617544,0.000699152,0.000444847,0.000441914,0.000384891,0.000327886,0.000302855,0.00032078,0.00031198,0.000325767,0.000690438,0.000954221,0.000988824,0.00024055,0.00028437,0.000266938,0.000258611,0.001600857,0.001831638,0.000550723,0.000662222,0.003411554,0.000887829,0.000793297,0.000829515,0.000698724,0.000601474,0.000509383,0.001511362,0.003468914,0.004009265,0.000703948,0.004840688,0.003892067,0.001702487,0.002487364,0.002014869,0.007019965,0.001976656,0.002451883,0.014813715,0.023349756,0.027105859,0.003356137,0.003182764,0.003182463,0.002993168,0.002984261,0.002198559,0.002131865,0.008286959,0.014398378,0.02237487,0.027934238,0.002497073,0.00248856,0.001811708,0.001461437,0.001410066,0.02293987,0.046710979,0.034766808,0.003669064,0.00447273,0.004918207,0.00465654,0.02823885,0.032048844,0.028277783,0.005046503,0.005496924,0.004891499,0.003799097,0.003720418,0.003001298,0.003175344,0.010065526,0.011601237,0.015575368,0.003796496,0.009881128,0.010685232,0.011962268,0.012373111,0.003865561,0.002719609,0.011705151,0.008117614,0.005725548,0.005859404,0.008146838,0.008975425,0.006985362,0.006668054,0.007449617,0.00814151,0.011844628,0.010929985,0.013163029,0.013140239,0.010148878,0.009103012,0.00984832,0.012246858,0.014673972,0.01335141,0.011888169,0.014154335,0.073142022,0.049672432,0.041722704,0.023350216,0.018303962
Head 1,555,0.00102281,0.001421475,0.000909861,0.000618755,0.000452681,0.000510911,0.000657866,0.001141738,0.00102554,0.000802129,0.000984704,0.000946177,0.000711407,0.000744187,0.000570974,0.000594256,0.000337401,0.000342728,0.000319188,0.000284092,0.000255919,0.000258491,0.0002518,0.000283746,0.000623664,0.00093394,0.000960746,0.000217029,0.000229728,0.000207962,0.000217261,0.001252581,0.00155405,0.000441944,0.000489981,0.002826018,0.000741901,0.000762217,0.000852142,0.000684336,0.000534926,0.000429423,0.001261474,0.003051307,0.003776105,0.000645911,0.00442253,0.003286044,0.001401773,0.002198049,0.001861467,0.006239056,0.001546724,0.001825096,0.011627814,0.019040158,0.023709303,0.00325682,0.002922172,0.002747026,0.002561967,0.002756283,0.002240255,0.002226982,0.007843989,0.013390797,0.020142989,0.025119713,0.00247083,0.002493153,0.001748024,0.001263716,0.001114661,0.017816463,0.036637563,0.028973339,0.002970821,0.00339584,0.003585041,0.003617933,0.027550504,0.034605045,0.03238602,0.005397739,0.005373104,0.00465411,0.00384784,0.004052015,0.003297565,0.003140916,0.009540248,0.010448409,0.014048524,0.003778485,0.010462952,0.011560975,0.012482497,0.012345766,0.003834581,0.003029863,0.013103682,0.009494647,0.006444311,0.006023016,0.007747297,0.008253424,0.006501156,0.006257243,0.006769957,0.007007916,0.01006998,0.009802149,0.013084731,0.014050575,0.010881075,0.009146708,0.009363185,0.011796246,0.015052887,0.01452113,0.012958104,0.01459505,0.080523372,0.057586085,0.05047309,0.028472127,0.020992992,0.016592929
Head 1,556,0.001448314,0.001020149,0.000709183,0.000460093,0.000495727,0.000659985,0.001181186,0.001080301,0.000821323,0.00093756,0.00085755,0.000650853,0.000720395,0.000576856,0.000584391,0.000295629,0.000283749,0.000267916,0.000256022,0.000241915,0.000241093,0.000225335,0.000252145,0.000570701,0.000933771,0.001020247,0.000250327,0.000231955,0.000184613,0.00018815,0.000949771,0.001287358,0.000420596,0.000425366,0.002513129,0.00059465,0.000692768,0.000888167,0.000766195,0.000576134,0.000421076,0.00113177,0.002688867,0.00348255,0.00067586,0.004400656,0.003146861,0.001203414,0.001937746,0.0017625,0.005695977,0.001454164,0.00157253,0.010003012,0.016040778,0.020327849,0.003417951,0.003150488,0.002796631,0.002390019,0.002524943,0.002185097,0.00238765,0.007521294,0.013190525,0.019497611,0.023731293,0.002430921,0.002582979,0.001885961,0.001314295,0.001035275,0.015252207,0.029401055,0.02288945,0.002629475,0.002955701,0.002911371,0.00274374,0.025911899,0.03505113,0.036065109,0.00659401,0.006112949,0.004810608,0.003842182,0.004255533,0.003730223,0.003532663,0.009609655,0.009973685,0.01267795,0.003344992,0.010064839,0.012156521,0.013498985,0.012977484,0.003681628,0.003059102,0.013295608,0.010579856,0.007470503,0.006673484,0.007843653,0.007623082,0.005756756,0.0056099,0.006141895,0.00617706,0.008443911,0.008096945,0.011460765,0.01358663,0.011393602,0.009580852,0.00924605,0.011012332,0.014127782,0.014405619,0.013585484,0.015268015,0.08163368,0.05949232,0.054927122,0.032326501,0.02371528,0.017728051,0.018313048
Head 1,557,0.000938039,0.000721213,0.00046826,0.000473237,0.000607897,0.001101136,0.001042484,0.000815207,0.000895612,0.000772922,0.000559031,0.000628387,0.000533359,0.000560832,0.000267919,0.000231344,0.000204918,0.000199264,0.000201491,0.0002103,0.00019344,0.00020637,0.000491279,0.000834279,0.000971911,0.000273058,0.000237777,0.000168877,0.000153601,0.000688439,0.000946229,0.000375587,0.000373033,0.002221615,0.00044128,0.000521914,0.000749086,0.000749325,0.000608736,0.000431486,0.001077014,0.002354882,0.002992495,0.000637475,0.004150975,0.003068939,0.001007285,0.001533556,0.001418999,0.004708689,0.001326423,0.001370262,0.008840678,0.013435916,0.016489318,0.002993569,0.003094562,0.002852678,0.002288965,0.002230965,0.001881128,0.00222286,0.006720535,0.012438674,0.018827735,0.022663713,0.00216685,0.002346217,0.001824444,0.001347365,0.001013878,0.014198979,0.024832515,0.017667778,0.002134181,0.00252539,0.002472638,0.002093694,0.024101937,0.033030536,0.036321793,0.007349998,0.007106522,0.005267595,0.003825608,0.004107534,0.003790261,0.00385475,0.009555158,0.009919797,0.011966321,0.002743738,0.00899077,0.011771536,0.014088818,0.01400959,0.003535771,0.002802865,0.012632171,0.010841816,0.008385636,0.007795726,0.008818122,0.007806683,0.005328054,0.004989005,0.005537238,0.005621915,0.007464307,0.006833611,0.009579097,0.012017972,0.011135144,0.010088058,0.009776642,0.011015333,0.013425206,0.013732196,0.013715385,0.016291212,0.085630447,0.062463451,0.059402358,0.036907777,0.028155643,0.021091778,0.020475773,0.014578946
Head 1,558,0.000647207,0.000468946,0.000466888,0.000560022,0.000982651,0.000933018,0.000761491,0.000841929,0.00071034,0.000483487,0.000520796,0.000449655,0.000500441,0.000250141,0.00020201,0.000163457,0.000149739,0.000154545,0.000172979,0.00016654,0.000175428,0.000432322,0.000726354,0.000866137,0.000274484,0.000247869,0.000170734,0.000137208,0.000536263,0.00067568,0.000307614,0.00032176,0.00186385,0.000346596,0.000377912,0.000551406,0.000620452,0.000585502,0.000451936,0.001095144,0.002169702,0.002558149,0.000546462,0.003602018,0.00287427,0.000887861,0.001232036,0.001082035,0.003758946,0.001148344,0.001221789,0.00790133,0.011469498,0.013441816,0.002279723,0.002657231,0.002759924,0.002271261,0.002074369,0.001601804,0.001881021,0.005734364,0.010975706,0.017401768,0.021356074,0.001939436,0.002006688,0.001590986,0.001286683,0.001012457,0.013830384,0.022444079,0.014289555,0.00161733,0.002039377,0.002141673,0.001739525,0.022711867,0.030514603,0.034281407,0.006910909,0.007693001,0.005988548,0.004108393,0.004025013,0.003578748,0.003832988,0.008989189,0.009648137,0.011526342,0.002325,0.007952021,0.010600609,0.01359008,0.014622613,0.003640973,0.002687695,0.012131584,0.010409339,0.008602356,0.008696446,0.010169873,0.008709325,0.005371484,0.004578806,0.004922068,0.005059641,0.006778188,0.006053664,0.008111608,0.01008053,0.009860432,0.009823076,0.010258511,0.011632134,0.013395522,0.013046771,0.013108144,0.016520208,0.091061145,0.066506311,0.063112386,0.040711049,0.032647811,0.025568947,0.024685845,0.01675746,0.011224562
Head 1,559,0.000478358,0.00050946,0.000597537,0.000997697,0.000908081,0.000747411,0.000844702,0.00072723,0.000483279,0.000481732,0.000394858,0.0004444,0.000247726,0.000205893,0.000156178,0.000127518,0.000122533,0.000140182,0.000146152,0.000163837,0.000415239,0.000705203,0.000844113,0.000282596,0.000284715,0.000204042,0.000156509,0.000513268,0.000564384,0.000263647,0.000289628,0.001493385,0.000323724,0.000320146,0.00042328,0.00047599,0.0005087,0.000466711,0.001178224,0.002267392,0.002485701,0.000498402,0.003153782,0.002637036,0.000899203,0.001169635,0.000932215,0.003225904,0.001004027,0.001145604,0.007093128,0.010458651,0.012051609,0.001818498,0.002208471,0.002575948,0.002370368,0.002199645,0.001575403,0.001679236,0.005130097,0.009726973,0.016011221,0.020602571,0.002031709,0.001909442,0.001416496,0.001193161,0.00102727,0.013626545,0.022009715,0.013060935,0.001310142,0.001636237,0.001864404,0.001605222,0.021503821,0.029095473,0.033012297,0.005833093,0.007524089,0.00685329,0.005033087,0.004607929,0.003675984,0.003783967,0.008518917,0.009265081,0.011333386,0.002304126,0.007434479,0.009464963,0.012343056,0.01426297,0.004023913,0.002942066,0.012573097,0.010166636,0.008365864,0.008968633,0.011316711,0.010134023,0.005993721,0.004567562,0.004442853,0.004398915,0.005990056,0.005451423,0.007100172,0.008420133,0.008112555,0.008530826,0.009888498,0.012185004,0.013967516,0.012833227,0.012164494,0.015400912,0.092244849,0.06847246,0.063934527,0.04132133,0.034076191,0.027938701,0.028080605,0.019201081,0.012278724,0.012412415
Head 1,560,0.000514861,0.000640861,0.001059689,0.000919582,0.000723645,0.000812838,0.000722943,0.000500293,0.000480067,0.000367354,0.000391005,0.000224768,0.000204646,0.000160659,0.000123708,0.000106002,0.000112164,0.000118557,0.000143858,0.000374403,0.000676426,0.000831622,0.000270401,0.000294932,0.00022618,0.000185951,0.000536255,0.000536908,0.000233669,0.000246353,0.001089363,0.000307175,0.000298376,0.000361687,0.000366133,0.000388643,0.000401989,0.001155762,0.002353219,0.002574059,0.000490345,0.002830226,0.002297424,0.000882287,0.001166637,0.000892777,0.002997697,0.000844662,0.000988601,0.005948239,0.009153207,0.010843148,0.001549248,0.001780129,0.002161911,0.002222625,0.002286988,0.001686206,0.00165517,0.004917952,0.008741399,0.014217938,0.018803714,0.002226684,0.00197034,0.001329598,0.001057019,0.00093476,0.012443809,0.021111192,0.012736208,0.001171496,0.001322646,0.001506467,0.001399318,0.018755378,0.026693359,0.031516038,0.004487766,0.00617127,0.006544692,0.00574967,0.005629619,0.004262038,0.003969352,0.008627377,0.008852667,0.010840488,0.002550534,0.007401781,0.008915701,0.011201347,0.013056518,0.004108269,0.003320839,0.013825201,0.010692896,0.008348689,0.008815949,0.011626882,0.011302625,0.007039274,0.005130431,0.004469817,0.00398866,0.005232499,0.004837321,0.006399435,0.007420846,0.006846825,0.007075514,0.008659145,0.011873013,0.014641744,0.013562414,0.012158594,0.014573358,0.091029473,0.070149429,0.065867469,0.042514801,0.035022598,0.029211015,0.03066282,0.021935653,0.014282512,0.01366687,0.013876372
Head 1,561,0.00061591,0.001078623,0.000936176,0.00070028,0.000756554,0.000672345,0.000490232,0.000477868,0.000355158,0.000351348,0.000186293,0.000179153,0.000153525,0.00012276,9.88E-05,9.33E-05,9.17E-05,0.000113193,0.000304962,0.000596496,0.000783277,0.000244429,0.000270659,0.000213686,0.000194332,0.000537932,0.000534162,0.000218433,0.000204943,0.00078062,0.000264007,0.000270402,0.000328473,0.00030171,0.000289665,0.000297627,0.001008534,0.002239833,0.002597885,0.000509165,0.002658825,0.002007162,0.000787501,0.001092711,0.000862544,0.002862841,0.000711787,0.000799041,0.004833881,0.007607794,0.009286033,0.001375248,0.001458391,0.001713851,0.001817352,0.002068134,0.001685934,0.00166528,0.004769482,0.008000248,0.012562579,0.016515929,0.002273828,0.00205022,0.00132088,0.00095913,0.000797895,0.010698874,0.019058511,0.012190321,0.00112879,0.00113504,0.001186242,0.001101401,0.014930846,0.022468515,0.028431294,0.00342598,0.004632533,0.005186783,0.005380376,0.006229051,0.005045234,0.00444549,0.009412874,0.008746192,0.010157166,0.002723759,0.007259595,0.008638402,0.010447438,0.011751038,0.003632585,0.003336577,0.014810523,0.011677939,0.008809046,0.008786209,0.011370784,0.011601738,0.00789232,0.005994794,0.004987489,0.004000302,0.004790955,0.004264615,0.005738031,0.00672807,0.006086694,0.006011369,0.007265967,0.010568659,0.014322903,0.014275931,0.012864217,0.014657156,0.089102253,0.071337514,0.069342136,0.045677967,0.037526559,0.03117647,0.033251133,0.024779977,0.016946517,0.016298622,0.01577273,0.013492476
Head 1,562,0.001003121,0.000932908,0.000694903,0.000716445,0.00060823,0.000449618,0.000456283,0.000348663,0.000331635,0.000154738,0.000142988,0.000130191,0.00011445,9.48E-05,8.32E-05,7.27E-05,8.34E-05,0.000228344,0.000470251,0.000674996,0.000211276,0.00022859,0.000175533,0.000168661,0.00048416,0.000511972,0.000213709,0.00017531,0.000589662,0.000198944,0.000216788,0.00028667,0.000261623,0.000227126,0.000209628,0.000822243,0.001936217,0.002419494,0.000522849,0.002565204,0.001816461,0.000654381,0.000920509,0.000772718,0.002623358,0.000612097,0.000636955,0.003996982,0.006189916,0.007529405,0.001233494,0.001259072,0.001389515,0.001384605,0.00161184,0.001443702,0.00156129,0.004304742,0.007169875,0.011021431,0.014154998,0.002008733,0.001969933,0.001315795,0.000917172,0.000692555,0.009101406,0.016495721,0.011184937,0.001129724,0.001069084,0.000990925,0.0008307,0.011315535,0.017268172,0.023402054,0.002706244,0.003487039,0.003696725,0.00409405,0.005689167,0.00548609,0.005137599,0.01083082,0.009286648,0.009824873,0.002653846,0.006845144,0.00842034,0.01017277,0.011014513,0.002930135,0.002858078,0.014766676,0.012687392,0.009837811,0.009380314,0.011347242,0.011332985,0.008157493,0.006769987,0.005875825,0.004499452,0.004867479,0.003936547,0.005168473,0.006165171,0.005675866,0.005464291,0.00628509,0.009028083,0.012983759,0.014243105,0.013784334,0.01568542,0.086629726,0.070132904,0.071130745,0.048921485,0.041148793,0.034401134,0.036620039,0.027853468,0.019960154,0.020115836,0.019723115,0.016178383,0.011910032
Head 1,563,0.000887032,0.000709904,0.000728622,0.000585739,0.000414775,0.000426687,0.000343617,0.000333308,0.000148919,0.000122313,0.000108388,0.000101598,9.20E-05,8.24E-05,6.68E-05,6.81E-05,0.000181693,0.000366552,0.000559141,0.000191975,0.0002088,0.000154337,0.000144915,0.000428931,0.000486527,0.000235016,0.000180356,0.000526503,0.000159485,0.000170374,0.000243122,0.000241096,0.000206585,0.000171092,0.000708219,0.001670245,0.002174557,0.000529031,0.002592013,0.001831595,0.00060612,0.000799913,0.00068563,0.002324089,0.000576263,0.000568537,0.003630799,0.005370368,0.006243443,0.001117231,0.00119365,0.001297287,0.001188348,0.00129254,0.001170585,0.001396928,0.003696362,0.006410363,0.010007258,0.012715884,0.001702387,0.00181053,0.001314314,0.000964062,0.000693242,0.008315355,0.014761717,0.010120157,0.001145696,0.001118504,0.000973978,0.000710538,0.009245886,0.013196444,0.01804156,0.002289713,0.002943408,0.002845294,0.002970155,0.004487714,0.005162055,0.005703631,0.012438754,0.010573663,0.010221074,0.002494446,0.006225757,0.007811039,0.009694735,0.0104537,0.002435904,0.002256644,0.013389505,0.012671117,0.010724534,0.010456921,0.011986052,0.011177555,0.007903769,0.006957416,0.006592238,0.005248437,0.005380247,0.003905689,0.004709307,0.005482953,0.005177415,0.005081063,0.005672086,0.00773018,0.011042298,0.012859376,0.013736673,0.016698098,0.084438421,0.067460984,0.069630206,0.049966734,0.044054914,0.037973396,0.040253252,0.030528558,0.022212274,0.02329923,0.023906659,0.019862141,0.014032929,0.010801283
Head 1,564,0.000647263,0.000711093,0.000569653,0.00037864,0.000372297,0.000304636,0.000309995,0.000152439,0.000112088,9.01E-05,8.17E-05,7.84E-05,7.67E-05,6.39E-05,6.09E-05,0.000152721,0.000281913,0.000422745,0.000158359,0.000183339,0.000138361,0.000122362,0.000366476,0.000423415,0.000239068,0.000190848,0.000497543,0.000137276,0.000128834,0.000180597,0.000195991,0.00018336,0.000150759,0.000611337,0.001403668,0.001808865,0.000440992,0.002376811,0.001780735,0.000590741,0.000699912,0.000567505,0.001857572,0.000508205,0.000507684,0.003293189,0.004696607,0.00516869,0.000899007,0.001047103,0.001210352,0.001089727,0.001078737,0.000897511,0.001088858,0.002803953,0.005080924,0.008316771,0.010850058,0.00134459,0.001450836,0.001118924,0.000916635,0.000698716,0.007553684,0.013172697,0.008906685,0.001032474,0.001091259,0.00098844,0.000675385,0.008213263,0.010421717,0.013236094,0.001815695,0.00249948,0.00233804,0.002195616,0.003164474,0.003912621,0.005139581,0.012747545,0.011713542,0.011074758,0.002374513,0.005720695,0.006845951,0.008638737,0.009672357,0.002195736,0.001800177,0.011484516,0.011442012,0.010641033,0.011323022,0.013080306,0.011585253,0.007620013,0.006553238,0.006576251,0.005738689,0.006105703,0.004239152,0.00461537,0.00494606,0.004578725,0.00464417,0.005265735,0.006948298,0.009456423,0.010932802,0.012410424,0.016589925,0.084734224,0.066770107,0.067472383,0.049201064,0.045330014,0.04128838,0.044889055,0.03423382,0.024835883,0.026257193,0.028092079,0.024591735,0.017820021,0.013137558,0.011059212
Head 1,565,0.000760108,0.00065406,0.000429609,0.000392737,0.000305388,0.000314525,0.000183045,0.000135311,9.82E-05,7.88E-05,7.22E-05,7.46E-05,6.84E-05,6.73E-05,0.00015593,0.000263417,0.000363928,0.000139411,0.000179894,0.000148311,0.000132643,0.000384109,0.00044187,0.000278366,0.000247857,0.000549188,0.000175715,0.000140432,0.000167591,0.000176337,0.000178185,0.000159403,0.000574239,0.001332579,0.001687394,0.000380681,0.002304297,0.001860198,0.000732067,0.000818842,0.000606363,0.001722206,0.000515456,0.00053956,0.003213562,0.004606027,0.004959703,0.000801813,0.000968882,0.001226289,0.001216365,0.00118971,0.000908109,0.001011285,0.00248706,0.00443763,0.007473836,0.010294655,0.001412189,0.001431684,0.00107168,0.000932161,0.000795125,0.007396323,0.013205904,0.00903494,0.001029389,0.001117519,0.001110023,0.000815943,0.008718003,0.010010085,0.011233209,0.001557874,0.002330727,0.002340179,0.002113281,0.002723144,0.003154809,0.004404557,0.013302638,0.013687456,0.013794553,0.00302841,0.006576265,0.006896835,0.008165063,0.009183594,0.002477827,0.001854616,0.010647736,0.010265412,0.00982204,0.011447661,0.014360521,0.013122692,0.008315677,0.006639272,0.006483863,0.005986405,0.006881993,0.004986309,0.005074542,0.004824022,0.004035792,0.004002788,0.004676911,0.006293493,0.0082958,0.009169163,0.010301712,0.014547322,0.079552874,0.064484179,0.063267738,0.045321885,0.042278711,0.040073793,0.045714479,0.03578094,0.025902288,0.026698802,0.02838791,0.025739966,0.019669268,0.014792666,0.011916057,0.01754575
Head 1,566,0.000687257,0.000486765,0.000437611,0.000317185,0.000311073,0.000194584,0.000160439,0.000116132,8.49E-05,6.87E-05,6.71E-05,6.44E-05,6.89E-05,0.00015599,0.000257823,0.000329013,0.000110905,0.000148106,0.000132602,0.000128838,0.000387717,0.000452835,0.000273424,0.000262393,0.000552391,0.000217622,0.000162049,0.000165303,0.000151674,0.000149039,0.000143083,0.000473194,0.001197624,0.00157045,0.000303779,0.002160984,0.001785462,0.000788413,0.000942034,0.000676272,0.001728695,0.000487375,0.000512179,0.00294776,0.004403139,0.004908423,0.000705986,0.000804917,0.00104364,0.001163546,0.001242975,0.000944824,0.00095991,0.002334705,0.003875439,0.006426395,0.009173497,0.001473156,0.001422813,0.00099362,0.000829064,0.000752688,0.006774561,0.012834584,0.009352433,0.001021809,0.001028719,0.00104547,0.000859817,0.008870245,0.01007499,0.010378,0.001254874,0.001887498,0.002058362,0.001953418,0.002407707,0.002533719,0.003340261,0.013056259,0.014369628,0.015999714,0.003972197,0.00823073,0.007657645,0.008133602,0.008684579,0.002717637,0.002069841,0.010422833,0.00964855,0.008961109,0.010764529,0.014654757,0.014609464,0.009602725,0.007312413,0.006621599,0.005963976,0.007216136,0.005705652,0.005978509,0.005365787,0.003993529,0.003600364,0.004094244,0.005640347,0.00753643,0.008131452,0.008739906,0.01221696,0.070399791,0.061242748,0.060744416,0.042750042,0.03901127,0.03715137,0.044460598,0.036503125,0.027333846,0.028155569,0.029443732,0.026860151,0.021334536,0.016910845,0.013927914,0.019315271,0.018826583
Head 1,567,0.000538896,0.000520989,0.000371185,0.000338451,0.000193125,0.000182542,0.000143271,0.00010629,7.79E-05,6.64E-05,5.99E-05,6.66E-05,0.000152103,0.000264708,0.00033222,9.91E-05,0.000123036,0.000109192,0.000117648,0.000377797,0.000481131,0.000280869,0.000271645,0.000551498,0.000268919,0.000212443,0.00020267,0.000159465,0.000136022,0.000125422,0.00036321,0.001013981,0.001441292,0.000275866,0.002103342,0.001712324,0.000762715,0.001060672,0.000823604,0.001939967,0.000520579,0.000506881,0.002688762,0.004102001,0.004819328,0.000710108,0.000730824,0.000880994,0.001026352,0.001233373,0.001033517,0.001038865,0.002464996,0.003754465,0.005851124,0.008241502,0.001621397,0.001596038,0.001073746,0.000807052,0.00069746,0.006205729,0.012247331,0.009742632,0.001176937,0.001039365,0.00096474,0.000831988,0.008573655,0.010408455,0.010687835,0.001182233,0.001608933,0.001758778,0.001786719,0.002304663,0.002351279,0.002804755,0.013452175,0.014894979,0.017800646,0.005163315,0.010846191,0.009772177,0.009349504,0.00890959,0.002909747,0.002410572,0.010494706,0.009685346,0.008624691,0.009989417,0.013977385,0.015103819,0.010962445,0.008659056,0.007462475,0.00621613,0.007295992,0.006095552,0.006928229,0.006426772,0.00451763,0.003610326,0.003706448,0.004926426,0.006723891,0.00738327,0.007770364,0.010354137,0.056997418,0.054078706,0.057218403,0.04099549,0.036547635,0.0338374,0.040895283,0.034781415,0.027406326,0.029297151,0.030440569,0.02718153,0.021528738,0.017734373,0.015416045,0.021513704,0.020012431,0.022190209
Head 1,568,0.0005249,0.00040122,0.000359667,0.000166987,0.000167833,0.000146258,0.00012212,9.11E-05,7.02E-05,5.56E-05,5.79E-05,0.000133772,0.000243529,0.000316298,9.06E-05,9.94E-05,8.05E-05,8.80E-05,0.000309273,0.00043295,0.000252667,0.000240162,0.000510122,0.000255872,0.000225037,0.000227681,0.000169773,0.000125252,0.00010076,0.000260549,0.000750235,0.001142175,0.000242709,0.001906149,0.001558994,0.000592069,0.00093569,0.000830605,0.002052886,0.000544533,0.000481068,0.002416344,0.003562825,0.004279222,0.000665894,0.000647736,0.000707471,0.000778809,0.00098758,0.000924602,0.001013312,0.002419954,0.003534681,0.005196734,0.00692334,0.001404722,0.001502126,0.001058903,0.000750049,0.000585388,0.005565735,0.010902912,0.009104965,0.001266899,0.00105104,0.000861448,0.000696958,0.007452402,0.009744599,0.010562511,0.001144767,0.001385118,0.001374934,0.001381157,0.001902797,0.002033117,0.002333457,0.012987712,0.014330693,0.017689737,0.005011914,0.012335684,0.011836534,0.01099314,0.00954397,0.00273981,0.002378458,0.010000391,0.009540417,0.008503309,0.00946097,0.012915283,0.014308204,0.01128754,0.009775704,0.008652668,0.006827441,0.007420213,0.006040548,0.007253382,0.007316637,0.005345202,0.004044236,0.003725353,0.004505299,0.00602162,0.006722962,0.007176013,0.009313961,0.045439065,0.045527559,0.052606348,0.040109664,0.036175795,0.032754742,0.038703028,0.032887422,0.026827751,0.030641248,0.033245873,0.029827332,0.023352532,0.019397583,0.017585762,0.026008189,0.024615869,0.026063532,0.016737958
Head 1,569,0.00042897,0.000412131,0.000162585,0.000157528,0.000139669,0.000131523,0.000111256,8.72E-05,6.24E-05,5.60E-05,0.000123282,0.000220872,0.000297841,9.62E-05,9.82E-05,7.01E-05,7.05E-05,0.000252219,0.000379851,0.000254312,0.00025148,0.0005275,0.000261987,0.000249297,0.000274765,0.000219979,0.000154489,0.000107409,0.000223507,0.000587316,0.000874952,0.000241611,0.001681478,0.001466918,0.00049352,0.00079061,0.000772128,0.00207355,0.000655211,0.000558771,0.002395126,0.003245412,0.003719466,0.000668074,0.000664213,0.000687785,0.000683853,0.000823935,0.000804407,0.000986175,0.002300186,0.003447187,0.004961945,0.006282812,0.001253013,0.001454933,0.001137012,0.000845028,0.000615287,0.005508762,0.010171831,0.008328906,0.001430567,0.001238745,0.000940326,0.000677975,0.006603724,0.008881941,0.010148093,0.001294711,0.001483809,0.001310228,0.001185026,0.001619901,0.001838792,0.002217247,0.012653257,0.014515162,0.018249268,0.004417997,0.013216451,0.014177274,0.013801602,0.011592117,0.002951909,0.002383596,0.009438047,0.009107327,0.00835196,0.00918737,0.012029458,0.012914827,0.010477941,0.009989949,0.009760295,0.007950165,0.008127492,0.006116635,0.00710357,0.007541217,0.006039173,0.004755795,0.004164673,0.004469616,0.005426358,0.005856734,0.006381419,0.008386325,0.035847832,0.035911575,0.044187032,0.036770407,0.035451636,0.032785706,0.03774121,0.031259138,0.025409533,0.030373229,0.034892648,0.032266833,0.025068313,0.020277852,0.018105654,0.027295245,0.027140478,0.029104859,0.018201258,0.022439132
Head 1,570,0.000386634,0.000144472,0.000129561,0.000111073,0.000110727,0.000108287,9.68E-05,7.05E-05,5.72E-05,0.00011573,0.000189817,0.000249793,8.68E-05,8.93E-05,6.05E-05,5.37E-05,0.000192242,0.000283654,0.00019734,0.000210414,0.000495299,0.000216047,0.000207333,0.000243788,0.000220484,0.000165102,0.000108577,0.000201171,0.000458714,0.00062256,0.000187234,0.001266212,0.001216715,0.000379714,0.000574859,0.000565978,0.001880187,0.000626226,0.000572968,0.002414042,0.003024542,0.003225311,0.000559368,0.000580677,0.00061106,0.000564722,0.000620384,0.000579328,0.000760279,0.001896238,0.003009622,0.004418682,0.005449001,0.000902602,0.001074989,0.000916805,0.000759464,0.000570945,0.005198136,0.009194453,0.007117073,0.001217292,0.001191361,0.000942302,0.000645369,0.005896769,0.007851326,0.009084418,0.001246024,0.001475603,0.001226994,0.000975944,0.001224888,0.001378528,0.001773948,0.010268418,0.012721972,0.016925646,0.003050918,0.012546221,0.014540335,0.015383178,0.013529281,0.003175167,0.002287881,0.009076982,0.00834165,0.00778439,0.008805915,0.011399124,0.011778072,0.009271235,0.009165753,0.009876943,0.008831503,0.009207231,0.006534818,0.007017096,0.007302142,0.006183762,0.005283465,0.004790802,0.004892013,0.005395899,0.005370569,0.005706474,0.00764038,0.030738384,0.028976137,0.035743829,0.031684384,0.033235766,0.03285097,0.038354822,0.031024944,0.024367679,0.029257296,0.035449736,0.034959167,0.028431701,0.023205707,0.020492306,0.031191962,0.032149564,0.03592667,0.022793004,0.027059292,0.015289214
Head 1,571,0.000163294,0.000143136,0.000112126,0.000104425,0.000107684,0.000112161,9.42E-05,7.73E-05,0.00013648,0.000203061,0.00024412,8.72E-05,9.76E-05,6.81E-05,5.64E-05,0.000181855,0.000248526,0.000173156,0.00020593,0.000506843,0.000237686,0.000223871,0.000251475,0.000246127,0.000211913,0.000153081,0.000240269,0.000477798,0.000556154,0.000172475,0.000995817,0.001028638,0.00039162,0.000542987,0.000487441,0.001810478,0.000631197,0.000678002,0.002709074,0.003332364,0.00334542,0.000571532,0.000591487,0.000659256,0.000621319,0.000639671,0.000540022,0.000673047,0.001714229,0.002814753,0.004254337,0.005381398,0.000886619,0.001002631,0.000867164,0.000798865,0.000682609,0.005455827,0.009578162,0.007118561,0.001177085,0.00125271,0.001099381,0.000809969,0.006074667,0.007976181,0.008931318,0.001303575,0.001660811,0.001476421,0.001121179,0.001231637,0.001238454,0.001592367,0.008595887,0.011421435,0.016696464,0.002623113,0.013505708,0.015862098,0.017874736,0.017062405,0.004634536,0.003070557,0.010548774,0.008551024,0.007522075,0.00857537,0.011306047,0.011592502,0.008770042,0.008382389,0.009344575,0.009276909,0.010666274,0.007819848,0.007845238,0.007496648,0.006167544,0.005571468,0.005520149,0.005829922,0.006011074,0.005340926,0.005132129,0.006664349,0.027541842,0.023716558,0.027370889,0.024403699,0.027343189,0.029592404,0.036984853,0.030715551,0.02363498,0.027217703,0.032787539,0.033647947,0.029047972,0.02464859,0.021578049,0.031214477,0.031699814,0.036348995,0.024393469,0.029092427,0.01614782,0.02194446
Head 1,572,0.000170154,0.000129007,0.000109199,0.000105818,0.000116046,0.000112306,0.000103755,0.000170719,0.000252484,0.0002798,8.82E-05,0.000102844,7.48E-05,6.44E-05,0.000189982,0.00024465,0.000151915,0.000183882,0.000464224,0.000258431,0.00025469,0.000266889,0.000255521,0.000237226,0.000197383,0.000283683,0.000558794,0.000590894,0.000175449,0.000820177,0.000809047,0.000415843,0.000569551,0.000465484,0.001763332,0.000563716,0.000688031,0.002862876,0.003760774,0.003798914,0.000656925,0.000616301,0.000689504,0.000688167,0.000726194,0.00058333,0.000661405,0.001684083,0.00272275,0.004093909,0.005320135,0.000999963,0.001062682,0.000868754,0.000797639,0.000756013,0.005329043,0.009856454,0.007504342,0.00121856,0.001249112,0.001146098,0.000959407,0.006053881,0.008319329,0.009213745,0.001310996,0.001651943,0.001626629,0.001335891,0.001409405,0.001259045,0.00147209,0.00727995,0.00948424,0.014959414,0.002448571,0.014744674,0.017355027,0.020159187,0.0204482,0.006528768,0.004605111,0.014076402,0.010265924,0.008013937,0.008561393,0.011296527,0.01182307,0.008969092,0.008211486,0.008824652,0.009020973,0.011418257,0.009230136,0.009505029,0.008612912,0.006519984,0.005712502,0.005946923,0.006819424,0.007236172,0.006098771,0.005197264,0.006108422,0.026780711,0.020932522,0.021997634,0.018348787,0.020421099,0.023161069,0.031510837,0.028097993,0.022293359,0.025083806,0.029167891,0.029748142,0.026499843,0.023743805,0.021433748,0.030488282,0.029852921,0.033834938,0.023439368,0.029185981,0.016786195,0.021948723,0.033205293
Head 1,573,0.000118983,9.86E-05,8.86E-05,9.44E-05,9.81E-05,0.000104308,0.000170999,0.000266847,0.000287029,7.84E-05,8.54E-05,6.35E-05,5.91E-05,0.000172259,0.00021969,0.000119735,0.000132972,0.000352598,0.000205304,0.000219327,0.000233486,0.000213933,0.000196886,0.00017605,0.000258163,0.000540179,0.000565261,0.000155223,0.000636151,0.000559252,0.000334118,0.000487992,0.000397683,0.001516004,0.000410292,0.000510489,0.002530979,0.003536927,0.003722032,0.000668894,0.000563239,0.000589319,0.000585669,0.000639312,0.000520376,0.000564319,0.001515471,0.002391675,0.003473589,0.004433275,0.000894549,0.000922207,0.000715415,0.000605469,0.000579324,0.00416464,0.008143606,0.006564179,0.001066042,0.001009498,0.000901441,0.000813881,0.005257012,0.007740529,0.008815393,0.001183458,0.001351417,0.001357646,0.001223425,0.001363275,0.001182504,0.001252637,0.005899597,0.006996376,0.011037357,0.00193455,0.013365008,0.016377442,0.019541545,0.020382978,0.006293278,0.005206369,0.016477857,0.011779205,0.008385547,0.008173384,0.010364618,0.010901301,0.008474834,0.007698914,0.00795647,0.007953847,0.010544552,0.009312766,0.010498645,0.009688661,0.006932732,0.005623292,0.005683106,0.006865537,0.007910789,0.00694853,0.005673642,0.00609101,0.028908413,0.020819657,0.020059053,0.015272933,0.015956959,0.018026883,0.025899021,0.024942016,0.02116961,0.024332983,0.027741645,0.027512761,0.024572531,0.023052987,0.022355868,0.03381142,0.032963444,0.036340408,0.024858994,0.031738881,0.019088814,0.025497399,0.037327956,0.027705723
Head 1,574,9.11E-05,7.92E-05,7.84E-05,7.94E-05,9.02E-05,0.000156995,0.000266292,0.000296207,7.86E-05,7.38E-05,5.16E-05,4.97E-05,0.000148241,0.000196814,0.000105488,0.000104856,0.000275326,0.000154534,0.000180848,0.000210889,0.000194611,0.000173368,0.000155303,0.00022819,0.000507559,0.000548624,0.000163517,0.000552364,0.000427352,0.000261035,0.000401852,0.000347547,0.001220596,0.000325688,0.000376984,0.002144252,0.003087559,0.003403056,0.000706999,0.000571833,0.000549909,0.000512441,0.000556045,0.00046624,0.000508594,0.001384442,0.002141514,0.002978026,0.003627932,0.000776179,0.000824025,0.000647542,0.000511032,0.000458205,0.00333783,0.006489539,0.005470213,0.001040871,0.0009264,0.000756592,0.000657877,0.00448406,0.006926193,0.008318827,0.001204806,0.001199873,0.001121074,0.001046718,0.001269001,0.001174197,0.001201057,0.005366958,0.005625954,0.008157622,0.001534198,0.011039588,0.01478545,0.018658739,0.019876834,0.005152778,0.004994066,0.017808799,0.01358855,0.009396189,0.008351334,0.009695861,0.009744336,0.007631499,0.00705951,0.007195527,0.006923551,0.009041929,0.008327678,0.010388712,0.010449205,0.007650425,0.005878776,0.00547432,0.006402956,0.007744934,0.00735315,0.006227759,0.006399919,0.032188073,0.021912998,0.019766524,0.013782914,0.013167803,0.014156195,0.020278623,0.020659735,0.019076688,0.023488313,0.027329016,0.026496615,0.023064759,0.021685392,0.022114245,0.036284402,0.036739141,0.039923519,0.026420876,0.032922562,0.02016307,0.027664848,0.040236086,0.029318105,0.026098451
Head 1,575,7.16E-05,6.83E-05,6.44E-05,7.14E-05,0.000140648,0.000254096,0.000304069,8.98E-05,7.37E-05,4.52E-05,4.06E-05,0.000123122,0.000169969,9.76E-05,8.98E-05,0.000223642,0.000108748,0.000131697,0.000170714,0.000168956,0.000149741,0.000128923,0.000197064,0.00045621,0.000514618,0.000178731,0.000516717,0.000367126,0.000199182,0.000300213,0.00027468,0.000899572,0.000272545,0.000288645,0.001830265,0.002658878,0.003013273,0.00069347,0.000596341,0.000548598,0.000466594,0.000474682,0.000394811,0.000445083,0.001221467,0.001947966,0.002706083,0.003159401,0.000632028,0.000705848,0.000586076,0.000457421,0.000376437,0.002803914,0.005151041,0.004299413,0.000971976,0.000879683,0.000668681,0.00051543,0.003794786,0.005893975,0.007511036,0.001257137,0.00114203,0.000944231,0.000836405,0.00105937,0.001087948,0.001164983,0.00516761,0.00497571,0.006385211,0.001117467,0.008044422,0.011992005,0.016755689,0.018979896,0.003673175,0.003865062,0.017969696,0.015296838,0.011081298,0.009435279,0.0099775,0.009195878,0.006914889,0.00648723,0.006741188,0.006377761,0.007961802,0.007173738,0.009445278,0.010518638,0.00844686,0.006595624,0.005738325,0.006131377,0.007299434,0.007325336,0.006736659,0.007127179,0.036438856,0.024107054,0.020923246,0.013509938,0.01175399,0.011594546,0.015594189,0.015875012,0.015455678,0.020758037,0.025915833,0.025557511,0.021704296,0.019671343,0.020089867,0.035505429,0.038803313,0.043918733,0.028865103,0.034949809,0.021179322,0.029720176,0.044181589,0.032586906,0.028436167,0.021821214
Head 1,576,7.03E-05,6.37E-05,6.53E-05,0.000144993,0.000264896,0.00033547,0.000120264,9.58E-05,5.11E-05,3.91E-05,0.000113067,0.0001546,9.98E-05,9.40E-05,0.000213727,9.14E-05,0.000104096,0.000138528,0.000153202,0.00014798,0.000129126,0.000200187,0.000468303,0.000533814,0.000226,0.00056239,0.000397398,0.000203556,0.000267848,0.000233962,0.000661119,0.000271162,0.000276166,0.001667043,0.002473222,0.00282155,0.000668947,0.000665451,0.000641998,0.000529669,0.00049357,0.000378946,0.000425985,0.001103421,0.001862318,0.002705713,0.003156177,0.000572212,0.000652167,0.000574251,0.00048746,0.00039778,0.002789492,0.004737739,0.003693203,0.000968425,0.000970514,0.000749392,0.000518831,0.003632739,0.005363213,0.006910684,0.001433413,0.001305118,0.000993459,0.000782775,0.000924569,0.000990589,0.001165903,0.005162583,0.005028533,0.005909471,0.00090232,0.00590554,0.009288043,0.014462579,0.018273652,0.002970502,0.003003302,0.018124875,0.016883377,0.013463987,0.011870721,0.011969992,0.010045128,0.006831346,0.006108721,0.006404612,0.006172405,0.007514709,0.006469111,0.008334506,0.009772994,0.008728109,0.007509505,0.006639848,0.006538048,0.007168654,0.007021982,0.006832534,0.007808274,0.041297793,0.027205659,0.022957582,0.013915316,0.011256335,0.010144076,0.012410489,0.011927792,0.011518602,0.016266946,0.022114204,0.023358447,0.020258574,0.01781095,0.017416067,0.031010587,0.036315028,0.044520475,0.030340003,0.036035027,0.021074353,0.028828157,0.043641899,0.033358775,0.02945734,0.022075733,0.027163532
Head 1,577,5.75E-05,5.69E-05,0.000140862,0.000249168,0.000314946,0.000126448,0.000110501,5.81E-05,3.97E-05,0.000103995,0.00012964,8.32E-05,8.48E-05,0.000187596,7.79E-05,7.92E-05,9.88E-05,0.000113873,0.000121635,0.000115017,0.00018992,0.00044322,0.000498263,0.000226529,0.000523658,0.000387184,0.000207782,0.000233678,0.000181612,0.00044919,0.000226046,0.000240026,0.00131263,0.002025612,0.002361653,0.000500779,0.000566156,0.000617686,0.000550063,0.000502209,0.00035352,0.000369175,0.000872871,0.001484023,0.002268815,0.002761855,0.000456482,0.000506273,0.000450442,0.000421366,0.000372179,0.002531874,0.004104508,0.002986518,0.000751666,0.00084599,0.000732234,0.000514637,0.003319937,0.00463411,0.005802712,0.001277113,0.001282453,0.00100918,0.000754311,0.000796985,0.000804515,0.000971585,0.00439334,0.004618409,0.005402451,0.000728796,0.004370708,0.006512424,0.010550499,0.014877426,0.002352886,0.002233397,0.017249765,0.016426178,0.014072081,0.013322507,0.013639932,0.01109663,0.006922027,0.00563712,0.005676058,0.005533756,0.006818642,0.005780445,0.007107559,0.008222482,0.007744525,0.007409335,0.007196796,0.007159951,0.007319449,0.006602715,0.006270469,0.007517321,0.043985412,0.030297533,0.025547978,0.015137225,0.01170028,0.009816309,0.011012396,0.009762527,0.008960091,0.012528926,0.01800544,0.020746822,0.019373998,0.017360514,0.016513834,0.028342342,0.033628777,0.044072382,0.032161858,0.039807681,0.023122123,0.030382453,0.044573884,0.034431662,0.031175546,0.023693584,0.028108733,0.026952611
Head 1,578,5.34E-05,0.00014421,0.000255288,0.000317516,0.000122065,0.000124844,7.02E-05,4.79E-05,0.000111641,0.000126445,7.20E-05,7.63E-05,0.000167331,7.49E-05,6.95E-05,7.57E-05,8.15E-05,9.05E-05,9.46E-05,0.000174764,0.000432011,0.000495984,0.000212571,0.000501209,0.000382393,0.000239644,0.000244535,0.000164984,0.000351535,0.000183421,0.000205833,0.001000461,0.001676955,0.002061808,0.000374545,0.000442966,0.000539386,0.000555969,0.000551016,0.000380334,0.000362996,0.000771732,0.001249912,0.001945478,0.002502399,0.000404515,0.000423861,0.000355598,0.000344192,0.000337926,0.002295509,0.003796291,0.002690112,0.000582756,0.000687915,0.000677327,0.000534306,0.003136805,0.004281579,0.00516713,0.001057187,0.001164802,0.001018704,0.000797113,0.000784416,0.000709965,0.000806356,0.003680988,0.004196452,0.005187321,0.000684732,0.003778693,0.004933184,0.007577666,0.011187671,0.001966181,0.001840523,0.017033426,0.016033825,0.014260211,0.014513739,0.015868517,0.013403569,0.008105833,0.005978473,0.00548825,0.005159844,0.006445116,0.005553127,0.006619115,0.007293225,0.006732522,0.006791513,0.007394967,0.008112978,0.008328072,0.006996338,0.006120692,0.007189966,0.044889405,0.03288126,0.028328687,0.016722813,0.012573707,0.009936855,0.010448881,0.008471,0.007160315,0.009375072,0.013392504,0.016315054,0.016619051,0.015945382,0.015432195,0.025519226,0.02938203,0.039482739,0.030547928,0.041072749,0.024772119,0.03244818,0.04616794,0.035239719,0.032425221,0.025342427,0.029941488,0.028131086,0.024343221
Head 1,579,0.000117781,0.00021896,0.000273833,9.05E-05,0.000103137,6.54E-05,5.00E-05,0.000106468,0.000113901,5.54E-05,5.53E-05,0.000126222,6.10E-05,5.67E-05,5.79E-05,5.60E-05,5.93E-05,6.47E-05,0.000135133,0.000359099,0.000437353,0.000172257,0.000419809,0.000316331,0.000233204,0.000237903,0.000148855,0.000276443,0.000128258,0.000143476,0.00063217,0.00113443,0.001486769,0.000258803,0.000292475,0.000365973,0.00042236,0.000480019,0.000360682,0.000333992,0.000627323,0.000921843,0.001370152,0.001796714,0.000306341,0.000310406,0.000243974,0.000227437,0.000236321,0.001650244,0.002874895,0.002099204,0.000402027,0.000453454,0.000469637,0.000419491,0.002379855,0.003369199,0.004085397,0.000741825,0.000832828,0.000798481,0.000710196,0.000732757,0.000629006,0.000641115,0.002737249,0.003210881,0.004170441,0.000601122,0.003206959,0.003731592,0.005139191,0.007295772,0.001403942,0.001390105,0.01462207,0.01411429,0.012817789,0.013465082,0.015353525,0.013734213,0.00857941,0.006026341,0.005024932,0.004350045,0.005314986,0.004669008,0.005623628,0.006038849,0.005353513,0.00534591,0.006219845,0.007769405,0.008658211,0.007281099,0.005925971,0.006420879,0.042034611,0.032741722,0.029742623,0.01852267,0.014093447,0.010936475,0.011100478,0.008430745,0.006631281,0.007946731,0.010697801,0.0130354,0.0141272,0.014810841,0.0154849,0.025993349,0.028842179,0.037653096,0.029536597,0.042753376,0.027685778,0.037899379,0.052270912,0.038668003,0.035149019,0.027711548,0.032571539,0.030728394,0.025955332,0.020809731
Head 1,580,0.000179024,0.000237276,6.63E-05,7.75E-05,5.36E-05,4.83E-05,0.000101666,0.000111899,5.08E-05,4.40E-05,9.93E-05,4.89E-05,4.78E-05,4.91E-05,4.26E-05,4.00E-05,4.16E-05,9.52E-05,0.00027724,0.000375867,0.000137625,0.000369867,0.000266899,0.000210165,0.00023417,0.000149829,0.000246609,9.64E-05,9.79E-05,0.000412766,0.00076218,0.00105088,0.000194043,0.000203998,0.000243455,0.000292535,0.000379186,0.000333269,0.000328658,0.000584728,0.000777444,0.001055255,0.001331117,0.000240102,0.000241549,0.000180321,0.000152363,0.000153696,0.001177703,0.002179373,0.001691554,0.000308018,0.000315042,0.000314692,0.000295834,0.001779155,0.002635651,0.003297333,0.00054889,0.000579891,0.000562309,0.00056099,0.00065738,0.000587738,0.000555531,0.002231736,0.002566676,0.003366756,0.000547281,0.00292013,0.003191826,0.003897441,0.004940943,0.000927955,0.001006492,0.011578544,0.012024091,0.011402138,0.01227456,0.014472975,0.013721431,0.00920321,0.006544841,0.00510953,0.003976659,0.004524296,0.003931227,0.004881713,0.00528299,0.004516546,0.004252275,0.004904398,0.006737576,0.008513747,0.007806311,0.006333835,0.006329556,0.038946845,0.031238651,0.029846512,0.019688502,0.015346294,0.011932134,0.011978158,0.008733053,0.006493589,0.00719416,0.008861439,0.010167075,0.011030401,0.012333786,0.014269379,0.025912153,0.028771523,0.035996478,0.027259802,0.040667329,0.027920056,0.041763883,0.059080251,0.043433741,0.039033394,0.030697979,0.036100745,0.034403771,0.028579546,0.022671012,0.014866592
Head 1,581,0.000278028,7.85E-05,8.68E-05,5.43E-05,5.21E-05,0.000115429,0.000147211,7.54E-05,5.61E-05,0.000109421,4.98E-05,5.20E-05,5.69E-05,4.87E-05,4.03E-05,3.59E-05,8.06E-05,0.000248959,0.000379222,0.000161174,0.000455843,0.000325958,0.000255383,0.00031349,0.000222361,0.000307524,0.000135557,0.00011465,0.000375136,0.000657767,0.000878519,0.000218509,0.000220417,0.000231129,0.000254661,0.00034157,0.000354737,0.00042222,0.000738699,0.000967492,0.001203899,0.001384097,0.000273695,0.000288046,0.000220736,0.000173782,0.000155803,0.001141991,0.002101914,0.001686857,0.000387207,0.000379317,0.000344866,0.000299355,0.001717326,0.002579071,0.003423459,0.000716944,0.000668016,0.000568782,0.000554681,0.000723467,0.000737967,0.000719142,0.002481687,0.002780659,0.003465876,0.000629356,0.003113796,0.003573072,0.004124111,0.00454544,0.000800185,0.00089022,0.009886957,0.011416353,0.011981072,0.01352311,0.016269606,0.015736429,0.011477615,0.009005998,0.007263134,0.005289798,0.005230333,0.0041001,0.004903973,0.005407474,0.004685431,0.004217383,0.004511314,0.006036573,0.008212848,0.008544671,0.007654252,0.007598553,0.038854811,0.030690571,0.030602867,0.021311538,0.017414019,0.013621705,0.013303352,0.009226864,0.006465415,0.006788082,0.0077024,0.00805332,0.008130991,0.008942014,0.01082532,0.02129801,0.025583507,0.032209486,0.023792973,0.034042109,0.023831623,0.038465429,0.059478495,0.044797078,0.039165255,0.029724808,0.0348019,0.033283699,0.028160751,0.022100082,0.013953185,0.02157197
Head 1,582,7.65E-05,8.24E-05,4.78E-05,4.34E-05,0.000107568,0.000149687,9.50E-05,6.93E-05,0.00011766,4.60E-05,4.52E-05,5.20E-05,4.82E-05,3.97E-05,3.16E-05,6.54E-05,0.000191934,0.000296947,0.000137944,0.000437807,0.000335038,0.000237208,0.000297775,0.00022938,0.000305087,0.000165526,0.000125426,0.00034768,0.000544787,0.000657213,0.000191472,0.000203547,0.000206351,0.000206275,0.000254084,0.000271053,0.0003754,0.00073803,0.001025349,0.001258046,0.001341879,0.000250227,0.000263936,0.000212803,0.000170619,0.000142659,0.001051477,0.001848618,0.001428875,0.000372352,0.000387031,0.000347424,0.000267932,0.001548089,0.002172718,0.002891583,0.000766534,0.000713055,0.000540945,0.000461305,0.000592729,0.000668251,0.000740227,0.00242197,0.00282073,0.003390171,0.000582047,0.002799469,0.00345374,0.004098666,0.004292501,0.000648672,0.00065187,0.007103454,0.008652511,0.010216787,0.012892042,0.016468748,0.016062187,0.011929318,0.010035434,0.008808476,0.006626077,0.006124493,0.004309434,0.004687919,0.005038304,0.004482191,0.004096516,0.004198531,0.005251817,0.007055237,0.007856986,0.007978984,0.008673265,0.039033547,0.029566441,0.02933507,0.021069765,0.0182717,0.015092632,0.014995575,0.010248776,0.006846123,0.006894485,0.007407496,0.007188844,0.006651501,0.006837334,0.008126829,0.016872218,0.022389783,0.030288946,0.02264558,0.030937841,0.020814754,0.034291815,0.058027677,0.046793144,0.042284492,0.031916685,0.036404189,0.034402829,0.029530348,0.023584798,0.015018023,0.021988519,0.021195687
Head 1,583,8.72E-05,4.95E-05,4.05E-05,0.000110958,0.000155754,0.000113901,9.34E-05,0.000138048,5.26E-05,4.41E-05,4.67E-05,4.55E-05,4.09E-05,3.30E-05,6.23E-05,0.000169212,0.000244081,0.000111421,0.000396637,0.000338968,0.000242972,0.000296342,0.000227386,0.000299896,0.000215578,0.000165461,0.000371211,0.000534456,0.000568162,0.000170801,0.000190087,0.000199318,0.000195608,0.000216782,0.000210789,0.000298073,0.000689024,0.001057373,0.001372218,0.001450848,0.000265354,0.000259866,0.000208192,0.000176469,0.000151227,0.00104883,0.001780177,0.001288697,0.000341536,0.000391135,0.000385365,0.000292984,0.00156726,0.001994308,0.002489552,0.000796358,0.000820054,0.000622001,0.00046711,0.000523005,0.000568973,0.000693254,0.002252657,0.002883878,0.003572244,0.000596618,0.002552178,0.003234617,0.004029251,0.004339622,0.000660864,0.000566667,0.005528772,0.006356672,0.007901457,0.011320043,0.016301032,0.016809314,0.012560613,0.010786714,0.010146206,0.008361645,0.007941096,0.005353475,0.005159502,0.005012284,0.004306602,0.00402786,0.004174364,0.004996106,0.006316573,0.006904144,0.007481826,0.009158621,0.040859021,0.030094396,0.028538221,0.020063277,0.01798657,0.015804242,0.01659314,0.011670109,0.007627539,0.00734692,0.007500992,0.006878408,0.005896867,0.005587547,0.006170556,0.012329479,0.017281596,0.025765803,0.020854395,0.028574873,0.018680952,0.029581102,0.052330438,0.04525819,0.04370787,0.034190238,0.03842042,0.035026856,0.029747412,0.023851546,0.015671626,0.022506407,0.021200413,0.026330182
Head 1,584,4.37E-05,3.45E-05,0.000106003,0.000141688,9.87E-05,9.45E-05,0.000134938,5.82E-05,4.26E-05,3.94E-05,3.63E-05,3.40E-05,2.92E-05,5.39E-05,0.000140302,0.00018782,7.46E-05,0.00029522,0.00027178,0.000201463,0.000246809,0.000185877,0.000257615,0.000208927,0.000173223,0.000345403,0.000481302,0.000477669,0.000128086,0.000139591,0.000155041,0.000161888,0.00017533,0.000155544,0.000202327,0.000548243,0.000888275,0.001231749,0.00134992,0.000252452,0.000225691,0.000168998,0.000142705,0.000127308,0.000891797,0.001522265,0.001074758,0.000245691,0.000294083,0.000323517,0.000268955,0.001415089,0.001701292,0.001962664,0.000599815,0.000704462,0.000589476,0.000436171,0.00043546,0.000422771,0.000507163,0.001792476,0.002474352,0.003307968,0.000581142,0.002205059,0.002718068,0.003420956,0.003842896,0.00062023,0.000487947,0.004401281,0.004473075,0.00530659,0.008079156,0.013094903,0.015045181,0.011803737,0.010250108,0.009866416,0.008650945,0.008800079,0.006114181,0.00558041,0.004925127,0.003910778,0.003583049,0.003776654,0.004535463,0.005528373,0.0057636,0.00623129,0.0082282,0.040344611,0.03087963,0.028611358,0.019386562,0.01703985,0.015284849,0.016941566,0.01264265,0.00851949,0.008139482,0.008108274,0.007171103,0.005803179,0.005143565,0.005282231,0.009840918,0.013567986,0.021436973,0.018879024,0.027647408,0.018197551,0.02782681,0.048506774,0.043020349,0.044409845,0.037360411,0.04342768,0.039531339,0.032783136,0.025892448,0.017228391,0.024554353,0.022953374,0.027960612,0.022332283
Head 1,585,2.97E-05,9.82E-05,0.000126572,7.38E-05,7.90E-05,0.000117937,6.40E-05,4.54E-05,3.74E-05,3.00E-05,2.67E-05,2.38E-05,4.46E-05,0.000115198,0.000147982,5.08E-05,0.000208704,0.000195649,0.000152616,0.000197263,0.000148685,0.000224356,0.000176874,0.000160745,0.00029685,0.000419138,0.000411825,9.97E-05,9.74E-05,0.000108858,0.000122781,0.000140915,0.000122327,0.000142905,0.00042303,0.000695721,0.001010713,0.001172819,0.00024107,0.000203912,0.000139535,0.000109921,9.88E-05,0.00068814,0.00121547,0.000888305,0.000169193,0.000195735,0.00022818,0.000219514,0.001165552,0.001427415,0.001574085,0.000404232,0.000514345,0.000488535,0.000396137,0.000384249,0.000331964,0.000355503,0.001358566,0.001932413,0.002828857,0.000568855,0.001979619,0.002338583,0.002841553,0.003226512,0.000573766,0.000453905,0.003848017,0.003446252,0.003637108,0.005357346,0.009244655,0.011953317,0.010405006,0.009465044,0.009187016,0.008252924,0.008940484,0.006659953,0.006144018,0.005097973,0.003686893,0.003145282,0.003277302,0.004034855,0.004914711,0.004921535,0.005061705,0.006700311,0.036200538,0.030335609,0.028904004,0.019452235,0.01643626,0.014468397,0.016401358,0.012941386,0.009253465,0.009018337,0.008959414,0.007787787,0.00609912,0.005187864,0.005054582,0.008661347,0.011046654,0.01724677,0.016145587,0.026002247,0.018247833,0.027962605,0.046589956,0.040413678,0.042832084,0.0385224,0.04780836,0.045355655,0.037469853,0.029206423,0.01938162,0.027205212,0.025187526,0.029925816,0.023839111,0.019683944
Head 1,586,8.97E-05,0.000119523,5.66E-05,6.12E-05,0.000102928,6.76E-05,5.38E-05,4.34E-05,3.05E-05,2.35E-05,1.99E-05,3.73E-05,9.77E-05,0.000125686,3.92E-05,0.000157221,0.000139492,0.000109444,0.00015674,0.00012427,0.000214457,0.000142865,0.000137675,0.000258712,0.000378946,0.00038285,9.24E-05,7.62E-05,7.85E-05,8.97E-05,0.000112128,0.000103262,0.000114897,0.000354225,0.000587127,0.000871782,0.00106863,0.000239979,0.00020845,0.000134677,9.47E-05,8.00E-05,0.000549163,0.001010079,0.000796625,0.000130902,0.000135917,0.000151193,0.000162119,0.000941503,0.001262045,0.001416346,0.000293568,0.000367728,0.000376295,0.000349999,0.000370505,0.000308485,0.000287438,0.001122259,0.00153321,0.002381076,0.000550956,0.001952464,0.002297519,0.002651556,0.002887077,0.000534047,0.000457842,0.003757871,0.00312776,0.002866609,0.003741384,0.006303172,0.008749388,0.008628594,0.0086978,0.008762872,0.007917237,0.008918034,0.007148603,0.007083803,0.005888257,0.003961776,0.003024857,0.002942419,0.003643506,0.004590921,0.004612243,0.004506315,0.005626824,0.030599333,0.028020153,0.028740369,0.020035453,0.016512765,0.014046139,0.015810201,0.012876068,0.009760415,0.009899818,0.009950261,0.008528862,0.006497101,0.005375604,0.005084055,0.008262649,0.009488518,0.013627169,0.012662305,0.021961877,0.01693311,0.027821029,0.045923058,0.03822317,0.039608132,0.036437575,0.048579711,0.049489688,0.042348586,0.033343863,0.022119114,0.030984605,0.028707221,0.033501592,0.026378758,0.021634661,0.012971248
Head 1,587,0.000139897,6.45E-05,6.43E-05,0.000117033,7.61E-05,7.38E-05,6.49E-05,4.45E-05,2.95E-05,2.10E-05,3.74E-05,9.72E-05,0.000129054,4.43E-05,0.000160771,0.000131471,9.51E-05,0.000148526,0.000131508,0.000249317,0.00016791,0.000160604,0.000285633,0.000429183,0.000437928,0.000142656,0.00010379,8.87E-05,8.86E-05,0.000109438,0.000108285,0.00012651,0.000338426,0.000594308,0.000894144,0.001131125,0.000278684,0.00027732,0.000190213,0.000126764,9.52E-05,0.000545965,0.00095914,0.000783484,0.000152449,0.000145428,0.000141428,0.000145285,0.000840558,0.001225994,0.001488174,0.000345083,0.000391743,0.000378068,0.000370496,0.000448265,0.000414888,0.00037008,0.001209827,0.001525781,0.002288346,0.000616076,0.002069283,0.002644895,0.00302619,0.003070739,0.000578011,0.000518786,0.003903687,0.003396409,0.002919467,0.003313859,0.004988686,0.006648002,0.007099097,0.008350184,0.009469783,0.008934218,0.010035072,0.008277013,0.008872354,0.008025565,0.005573094,0.00394881,0.003370021,0.00373487,0.004586895,0.004713571,0.004612024,0.005453352,0.026400451,0.025285723,0.028666764,0.021469463,0.018022595,0.014797144,0.015808754,0.012651093,0.0099093,0.010727348,0.011289075,0.009732436,0.007207655,0.005694148,0.005149636,0.008052279,0.008637996,0.011121739,0.009642572,0.01623125,0.013422449,0.024136705,0.04258069,0.035787635,0.035697959,0.032187857,0.045049727,0.04912819,0.045050979,0.036059864,0.023491554,0.031970844,0.029141517,0.03381351,0.026795715,0.021802917,0.012830772,0.019537492
Head 1,588,5.96E-05,5.67E-05,0.000116816,6.14E-05,6.74E-05,6.98E-05,5.53E-05,3.66E-05,2.27E-05,3.56E-05,8.28E-05,0.00010645,4.07E-05,0.000137794,0.000110181,7.00E-05,0.000106718,9.99E-05,0.000216126,0.000150474,0.000145738,0.000277159,0.000407509,0.000403701,0.000165664,0.000120984,9.42E-05,7.99E-05,8.75E-05,8.49E-05,0.000107763,0.000253155,0.000485098,0.000756893,0.000980806,0.000220087,0.000248781,0.000194707,0.000139591,9.98E-05,0.000492836,0.000790387,0.000622918,0.000136897,0.000131337,0.000116789,0.000105536,0.000646427,0.000958765,0.001221307,0.000331808,0.000364302,0.000318753,0.000290027,0.000370346,0.000391267,0.000382088,0.001071495,0.001318455,0.001881822,0.000467421,0.001743756,0.002465653,0.00299653,0.003031308,0.000523773,0.000440852,0.003309235,0.003165072,0.002805574,0.003003845,0.004003332,0.004704617,0.004784036,0.00609235,0.007957558,0.008417445,0.009869548,0.008154887,0.008995561,0.008733999,0.006587374,0.004757457,0.003772095,0.003710232,0.004214636,0.004292276,0.004316087,0.005110636,0.022059368,0.020648116,0.024818916,0.020435244,0.018499326,0.015730109,0.016257888,0.012470238,0.009545594,0.010597939,0.011792907,0.010683697,0.008099464,0.006286236,0.005497223,0.008553298,0.008875029,0.010558688,0.008305445,0.012898962,0.010603149,0.020259894,0.0393616,0.035214588,0.035211556,0.030602003,0.041888472,0.047092993,0.046276446,0.039808456,0.027079087,0.036378913,0.032433324,0.036711913,0.028994767,0.023943584,0.014228319,0.020525929,0.019343633
Head 1,589,5.75E-05,0.000128386,5.42E-05,5.92E-05,6.59E-05,6.30E-05,4.84E-05,3.04E-05,4.13E-05,8.36E-05,9.73E-05,3.79E-05,0.000124349,0.000101778,6.15E-05,8.46E-05,7.60E-05,0.000180601,0.000137196,0.0001431,0.000299989,0.000439132,0.000416751,0.00019342,0.000154501,0.000121762,9.42E-05,8.78E-05,7.44E-05,9.44E-05,0.000192827,0.000398882,0.000659518,0.000895514,0.000178321,0.000212911,0.000187715,0.000158162,0.000122348,0.000535313,0.000778288,0.000555813,0.000130299,0.000132543,0.000118767,9.60E-05,0.000589147,0.000826646,0.001037583,0.000330883,0.000388647,0.000332993,0.000271146,0.000325403,0.000362834,0.000405421,0.000997579,0.001256371,0.001746036,0.00038782,0.001538069,0.002274842,0.002997878,0.003220446,0.000567184,0.000417619,0.0028998,0.002938683,0.002763338,0.003030706,0.003832118,0.003987989,0.003544393,0.004356093,0.006185427,0.007526046,0.00982702,0.008442747,0.009364787,0.009388296,0.007645071,0.006002004,0.004824017,0.004377397,0.004430181,0.004184252,0.004152447,0.005022867,0.020350622,0.017673414,0.020922188,0.018039901,0.017828863,0.01651031,0.017507168,0.013176287,0.009635421,0.010458735,0.011887196,0.011303565,0.00895281,0.006986589,0.005904582,0.008987,0.009164455,0.010527908,0.007652706,0.010771855,0.008271991,0.015511138,0.032332297,0.031820063,0.033738073,0.029472297,0.038955238,0.043134041,0.043959383,0.040275011,0.029329209,0.04098272,0.036406327,0.040054314,0.030943772,0.025434265,0.015359621,0.021405101,0.019750902,0.020616602
Head 1,590,0.000115936,4.45E-05,4.46E-05,4.88E-05,5.27E-05,4.97E-05,3.68E-05,4.54E-05,8.28E-05,8.53E-05,2.98E-05,9.66E-05,8.16E-05,5.06E-05,6.34E-05,5.16E-05,0.000128877,9.79E-05,0.000112846,0.000279501,0.000420714,0.000396225,0.000172026,0.000150831,0.000130241,0.000103374,8.69E-05,6.22E-05,7.10E-05,0.000134598,0.000281678,0.000486834,0.000697153,0.000129138,0.000147956,0.000135663,0.00013205,0.000119498,0.000523358,0.000724933,0.000475672,0.000104221,0.00010841,0.000103078,8.14E-05,0.00051418,0.000683057,0.000810214,0.000253231,0.000330794,0.00030737,0.00023915,0.000256033,0.000269285,0.000321517,0.00077839,0.001016018,0.001438501,0.000301896,0.001247622,0.001815532,0.002541985,0.003008292,0.00057127,0.000384115,0.002433777,0.00249696,0.002422247,0.002800322,0.003582857,0.003531308,0.002731881,0.002947078,0.00406595,0.005389391,0.008094959,0.00770353,0.008885123,0.009002959,0.007571471,0.006430796,0.0055302,0.005018767,0.00467466,0.003995535,0.003724495,0.004520277,0.019286884,0.015655715,0.017345291,0.014799595,0.015285316,0.015543003,0.017778892,0.013908524,0.010031891,0.010401286,0.011590545,0.011295542,0.009417847,0.007686529,0.006577744,0.009940002,0.010014845,0.01142352,0.007886928,0.010354145,0.007228188,0.012454233,0.025563722,0.027125651,0.031684015,0.029483762,0.03847393,0.041260634,0.041230712,0.0388356,0.030193837,0.045414623,0.041935772,0.04588623,0.034788124,0.028415818,0.017365512,0.023484262,0.021435713,0.021778423,0.017515641
Head 1,591,4.00E-05,3.70E-05,3.70E-05,3.92E-05,4.23E-05,3.92E-05,4.88E-05,8.86E-05,8.46E-05,2.55E-05,7.75E-05,6.43E-05,4.34E-05,5.27E-05,3.91E-05,9.53E-05,6.64E-05,8.25E-05,0.000237499,0.00038802,0.000387795,0.000147211,0.000133527,0.000125717,0.000112191,9.64E-05,6.24E-05,6.01E-05,0.000104821,0.000203221,0.000348782,0.000518407,0.000102312,0.000107759,9.43E-05,9.67E-05,0.000102044,0.000499092,0.000705402,0.000452264,8.99E-05,8.78E-05,8.66E-05,7.21E-05,0.000451363,0.000594178,0.000672194,0.00017652,0.000246902,0.000266796,0.000226553,0.000228749,0.000215109,0.00024413,0.000608371,0.000785606,0.001148813,0.000269645,0.001049031,0.001436349,0.00202037,0.002566685,0.000558046,0.000383901,0.002187607,0.002203498,0.002083017,0.002447092,0.00326067,0.003314749,0.002412022,0.002253741,0.002738198,0.003536356,0.005848642,0.006362632,0.008117458,0.00854124,0.007246379,0.006427779,0.005995192,0.00583775,0.005372198,0.004239713,0.003555596,0.004062848,0.01882606,0.014795211,0.015255197,0.012309746,0.012467791,0.01330764,0.016598882,0.01413288,0.010652957,0.010768577,0.011493953,0.011021773,0.009384483,0.008070558,0.007223408,0.010976079,0.010920314,0.01245647,0.0084258,0.010818619,0.006990754,0.010808342,0.019995721,0.021304375,0.026837049,0.027608661,0.037825402,0.040678404,0.03928886,0.036401022,0.028893579,0.047021948,0.046366099,0.052237444,0.039474126,0.031964187,0.019569801,0.026032671,0.023686457,0.023396431,0.018660499,0.016432431
Head 1,592,3.62E-05,3.39E-05,3.16E-05,3.33E-05,3.57E-05,5.01E-05,0.000100413,9.79E-05,2.76E-05,7.31E-05,5.55E-05,3.91E-05,4.96E-05,3.59E-05,8.13E-05,4.89E-05,6.03E-05,0.000192548,0.000349427,0.000391322,0.000139918,0.000123577,0.000117889,0.000118284,0.000115494,7.82E-05,6.68E-05,0.000101175,0.000170671,0.000270379,0.000395778,9.27E-05,9.28E-05,7.52E-05,7.29E-05,8.13E-05,0.000476395,0.000723103,0.00049211,9.67E-05,8.29E-05,7.78E-05,6.78E-05,0.000403846,0.000553546,0.000628572,0.00013305,0.000179373,0.000216816,0.00022002,0.000239677,0.000215423,0.000218793,0.000559805,0.000665112,0.000968306,0.000287873,0.000988831,0.001288885,0.001737026,0.002202342,0.000528425,0.000414122,0.002195002,0.002224827,0.001990754,0.002213008,0.002956552,0.003203714,0.002418399,0.002105191,0.002204986,0.002499244,0.004082367,0.004860838,0.007138424,0.008276359,0.007234258,0.006468047,0.00632263,0.006732109,0.006605991,0.005185314,0.003979125,0.004042079,0.019093284,0.01492131,0.014740787,0.011142736,0.010549561,0.011024045,0.014418659,0.01341231,0.011085479,0.011581738,0.012070228,0.011117781,0.009262038,0.008188392,0.007723749,0.012053315,0.011924999,0.013404659,0.008928524,0.011481829,0.007133967,0.010247474,0.016578188,0.016394246,0.020669656,0.022941148,0.034399454,0.039186124,0.037829507,0.033944819,0.026270501,0.044947229,0.047552384,0.05714196,0.044143301,0.035576105,0.021542449,0.02823355,0.025656098,0.025036657,0.019729992,0.016921362,0.016255813
Head 1,593,3.23E-05,2.74E-05,2.54E-05,2.66E-05,4.46E-05,9.95E-05,0.000105965,3.33E-05,7.28E-05,4.98E-05,3.20E-05,4.24E-05,3.25E-05,6.93E-05,3.75E-05,4.22E-05,0.000142338,0.000272345,0.000337463,0.00012708,0.000110927,0.000101235,0.000104232,0.000114972,9.02E-05,7.81E-05,0.000100134,0.00014963,0.000211742,0.000286504,7.59E-05,7.75E-05,6.14E-05,5.48E-05,5.74E-05,0.000403613,0.000651022,0.000485355,0.000106021,8.31E-05,6.94E-05,5.76E-05,0.000318567,0.000454172,0.000544598,0.000103644,0.00012506,0.000148352,0.000172012,0.000221521,0.000217604,0.00021001,0.000531406,0.000564969,0.00076629,0.000269855,0.000841109,0.00111362,0.00146424,0.001783167,0.00040866,0.000366253,0.002026042,0.002200046,0.001948471,0.001995935,0.002496288,0.002762971,0.002252812,0.002023117,0.001974493,0.001934476,0.002809894,0.003263929,0.00529212,0.007016895,0.006755864,0.006220594,0.006160465,0.006888281,0.007348394,0.006166233,0.004704652,0.004341724,0.018892638,0.014713727,0.01447709,0.010628032,0.009412237,0.009217813,0.011800245,0.011446402,0.010385208,0.011852924,0.012822864,0.011609877,0.009266217,0.00802768,0.007747398,0.012677543,0.012872249,0.014418042,0.009528324,0.012297472,0.007529433,0.010640023,0.015590061,0.01376558,0.016125936,0.017910345,0.028672438,0.035914369,0.036732178,0.033120785,0.024732679,0.041917097,0.045949183,0.059390731,0.048420627,0.040281884,0.024349721,0.030972516,0.027834406,0.027057936,0.021322571,0.018101823,0.016773079,0.018408252
Head 1,594,2.12E-05,1.77E-05,1.65E-05,3.32E-05,7.66E-05,8.91E-05,3.38E-05,6.38E-05,4.14E-05,2.28E-05,2.93E-05,2.39E-05,5.01E-05,2.54E-05,2.60E-05,9.13E-05,0.00017152,0.000223138,8.86E-05,8.11E-05,7.18E-05,7.03E-05,8.11E-05,7.34E-05,7.14E-05,8.08E-05,0.000113788,0.000147506,0.000180935,4.48E-05,4.84E-05,4.00E-05,3.50E-05,3.37E-05,0.000282476,0.000475544,0.000382199,8.97E-05,7.14E-05,5.42E-05,4.02E-05,0.000209904,0.000298511,0.000377431,6.93E-05,7.49E-05,7.87E-05,9.28E-05,0.00013926,0.000161032,0.000164769,0.000419689,0.000421085,0.000520578,0.000170683,0.000551178,0.000763731,0.001018337,0.001213895,0.000231678,0.000216789,0.001480868,0.00180043,0.001699772,0.001673204,0.001894393,0.00200667,0.001701816,0.001637221,0.001631855,0.001479779,0.001878016,0.001933701,0.003135646,0.004565617,0.004981368,0.004974948,0.005074977,0.005838763,0.00665421,0.006073952,0.004913112,0.004402304,0.017074218,0.012930644,0.012852903,0.009610191,0.008313375,0.007742406,0.009331899,0.008878035,0.008421517,0.010513504,0.012458606,0.011814754,0.009399783,0.007884648,0.007536229,0.012842572,0.013441945,0.01519442,0.010042001,0.013126031,0.008027662,0.011746302,0.01666156,0.013295191,0.014077356,0.014466505,0.022837428,0.031019464,0.034708086,0.033641968,0.025247982,0.041121464,0.044499621,0.059570815,0.051147763,0.045680214,0.02854502,0.035634324,0.032207519,0.031277925,0.024931466,0.021338213,0.019257735,0.02067581,0.016630927
Head 1,595,1.93E-05,1.59E-05,3.43E-05,7.79E-05,9.46E-05,4.39E-05,7.72E-05,5.14E-05,2.58E-05,2.90E-05,2.32E-05,4.62E-05,2.61E-05,2.51E-05,8.29E-05,0.000147309,0.000186576,8.03E-05,8.38E-05,7.70E-05,7.15E-05,7.95E-05,7.70E-05,8.71E-05,8.63E-05,0.00012361,0.000152113,0.000169971,3.96E-05,4.31E-05,3.77E-05,3.48E-05,3.22E-05,0.000266271,0.000453978,0.000377258,0.000100162,9.27E-05,7.19E-05,4.80E-05,0.000211112,0.000269739,0.000332791,7.44E-05,7.75E-05,7.01E-05,7.22E-05,0.000109713,0.000145996,0.000177878,0.000443987,0.000460321,0.000530325,0.000151938,0.00049382,0.000702511,0.000978057,0.001175652,0.000214904,0.000182256,0.001333716,0.0017386,0.001828671,0.00187032,0.001984916,0.001924275,0.001571528,0.001567916,0.001681026,0.001558225,0.00180857,0.001600302,0.002321896,0.003386979,0.004087506,0.004646029,0.005141464,0.006025083,0.006991613,0.006780673,0.006039104,0.005697884,0.019703552,0.013845023,0.013133884,0.00975421,0.008411897,0.007564291,0.008485929,0.007539687,0.00695249,0.009099267,0.011865436,0.012289197,0.010197702,0.008370247,0.007617745,0.012765571,0.013770092,0.016018169,0.010770666,0.013694651,0.008216554,0.012074885,0.017571488,0.013410566,0.012993885,0.011934482,0.017218119,0.023383101,0.028264163,0.030015979,0.02398693,0.038464155,0.040976759,0.05545878,0.049686208,0.046976279,0.030931929,0.038983878,0.034715801,0.033115704,0.026320556,0.022707498,0.020348033,0.020970561,0.016222309,0.021047695
Head 1,596,1.59E-05,3.47E-05,7.53E-05,9.01E-05,4.23E-05,8.10E-05,5.90E-05,3.19E-05,3.03E-05,2.16E-05,3.95E-05,2.43E-05,2.38E-05,7.29E-05,0.000122147,0.000145042,5.70E-05,6.76E-05,7.00E-05,6.69E-05,7.02E-05,6.60E-05,8.02E-05,7.96E-05,0.000119628,0.000147774,0.000158476,3.34E-05,3.32E-05,2.89E-05,2.92E-05,2.89E-05,0.000230122,0.000409195,0.000344666,8.44E-05,9.50E-05,8.63E-05,5.93E-05,0.000229939,0.000254953,0.000282462,7.09E-05,7.78E-05,6.61E-05,5.77E-05,7.70E-05,0.00010205,0.000145242,0.000386412,0.000453394,0.000532226,0.000126755,0.00042833,0.000576534,0.00082179,0.001040379,0.000207281,0.000150892,0.001117738,0.001438278,0.001665087,0.001915323,0.002095417,0.001942389,0.001467696,0.001395975,0.001555768,0.001564276,0.00184373,0.001491748,0.001839998,0.00238044,0.002839402,0.003592261,0.004556246,0.005812771,0.006900483,0.006818165,0.00649216,0.006757784,0.023598759,0.015420175,0.013382278,0.009597098,0.008303485,0.007513899,0.008220271,0.006851107,0.005860957,0.007422187,0.010122389,0.011531362,0.010518657,0.008930265,0.007891043,0.012567472,0.013452278,0.01616513,0.01128946,0.014426787,0.008543724,0.012384713,0.018733697,0.014304805,0.013437956,0.011222647,0.014175298,0.017693566,0.021390423,0.024488928,0.02162854,0.036171079,0.038604796,0.051215746,0.045916405,0.044791639,0.031178914,0.041857518,0.038069576,0.035829816,0.028350061,0.024700841,0.022659445,0.023377663,0.017955003,0.021556856,0.019768432
Head 1,597,3.53E-05,7.86E-05,9.35E-05,3.66E-05,8.37E-05,6.52E-05,4.33E-05,3.87E-05,2.41E-05,3.85E-05,2.29E-05,2.33E-05,6.67E-05,0.000111044,0.000127889,4.28E-05,5.15E-05,5.95E-05,6.46E-05,7.05E-05,6.45E-05,7.62E-05,8.05E-05,0.000122396,0.000151524,0.000162271,3.79E-05,3.20E-05,2.47E-05,2.45E-05,2.65E-05,0.000189886,0.000367683,0.000325243,6.84E-05,8.43E-05,9.23E-05,7.70E-05,0.000281687,0.000287942,0.000278749,6.96E-05,8.04E-05,7.20E-05,5.92E-05,6.72E-05,7.70E-05,0.000109588,0.000322247,0.000421835,0.000543136,0.000133594,0.000440574,0.000526737,0.000714659,0.000927183,0.000242347,0.000167612,0.00106327,0.001249974,0.001448104,0.00182294,0.002187765,0.002117125,0.001553616,0.001348503,0.001425714,0.001490356,0.001892264,0.001581568,0.001784969,0.001979373,0.002070613,0.002597439,0.003664924,0.005380944,0.006910757,0.006972211,0.006729883,0.007440103,0.030160019,0.019475477,0.015405403,0.010250108,0.008454198,0.007549991,0.008282228,0.006723153,0.005405646,0.006318348,0.008327129,0.009890143,0.009955919,0.009300927,0.008563055,0.01300748,0.013288612,0.015820585,0.011379031,0.01492926,0.0090306,0.012730413,0.019261956,0.014875271,0.014089739,0.011337228,0.013029951,0.014371942,0.015906846,0.018157253,0.017264755,0.031462871,0.035617776,0.047326211,0.04187616,0.040454499,0.028929612,0.04246841,0.040672984,0.038537208,0.030043766,0.025578609,0.0235496,0.024624787,0.019335942,0.02218206,0.019128891,0.021946425
Head 1,598,8.78E-05,0.00011183,3.63E-05,9.86E-05,7.60E-05,6.10E-05,5.97E-05,3.56E-05,4.81E-05,2.55E-05,2.48E-05,6.51E-05,0.000111172,0.000130031,4.02E-05,4.33E-05,4.97E-05,6.07E-05,7.58E-05,7.45E-05,8.63E-05,0.000100581,0.000150196,0.00018058,0.000192433,6.03E-05,4.45E-05,2.91E-05,2.47E-05,2.63E-05,0.000160318,0.000340604,0.000332035,6.66E-05,7.68E-05,9.01E-05,9.41E-05,0.000362247,0.000384961,0.000350184,8.28E-05,9.04E-05,8.57E-05,7.42E-05,7.94E-05,7.79E-05,9.66E-05,0.000305815,0.000405202,0.000565393,0.000177292,0.000540832,0.00059243,0.000725732,0.000889561,0.000308166,0.000238162,0.001187961,0.001291535,0.001400194,0.001767756,0.002286538,0.002421854,0.001891757,0.00157502,0.001509548,0.001493173,0.001944885,0.001766099,0.002030649,0.002062552,0.001830309,0.002011675,0.002815749,0.004624425,0.006806534,0.007472637,0.007353355,0.008210686,0.038659628,0.026689811,0.020530839,0.012779591,0.009657464,0.008092794,0.008724938,0.00702407,0.005492683,0.005958293,0.00719482,0.008212661,0.008576496,0.008848456,0.00900101,0.013828557,0.013634857,0.015464495,0.011043319,0.014756608,0.009392903,0.013280458,0.019838706,0.015282999,0.014486843,0.0115691,0.012940813,0.012857392,0.012518748,0.013102188,0.012375929,0.024075562,0.029922443,0.041869398,0.037378587,0.035051778,0.024862384,0.03937839,0.040446166,0.040584423,0.031890392,0.026243357,0.023334084,0.023965994,0.019049967,0.022111738,0.018632092,0.019793857,0.024032919
Head 1,599,9.64E-05,2.97E-05,9.27E-05,6.92E-05,5.34E-05,6.25E-05,4.15E-05,5.09E-05,2.51E-05,2.12E-05,5.26E-05,8.68E-05,0.000103158,3.24E-05,3.13E-05,3.28E-05,4.02E-05,5.52E-05,6.11E-05,7.45E-05,0.000100682,0.000149562,0.000174205,0.000178676,6.94E-05,4.96E-05,2.97E-05,2.09E-05,1.93E-05,0.000108815,0.000237092,0.000248393,5.34E-05,5.48E-05,6.03E-05,6.87E-05,0.000327563,0.000385789,0.000362844,8.23E-05,7.97E-05,7.23E-05,6.50E-05,7.16E-05,6.67E-05,7.19E-05,0.00024716,0.000310279,0.000436657,0.000162807,0.000485248,0.000541949,0.000620559,0.000694733,0.000241502,0.000219354,0.000983861,0.001071739,0.00111956,0.001366543,0.001807108,0.002050776,0.001767587,0.001537621,0.00140545,0.001273684,0.001578697,0.001491186,0.001846038,0.00191619,0.001576934,0.001491587,0.001849759,0.003017679,0.004918242,0.006105118,0.006546468,0.007554351,0.038970388,0.03021146,0.024577931,0.015174059,0.010609061,0.008203774,0.008409962,0.006706195,0.005269655,0.005602155,0.006351598,0.006735998,0.006792926,0.007305503,0.008272958,0.013982499,0.014269402,0.015751177,0.010835195,0.014243253,0.009213766,0.013391432,0.019972181,0.015515912,0.014943804,0.012143494,0.013941088,0.013397901,0.011703116,0.010984123,0.009555878,0.018092075,0.023960363,0.036588032,0.034720767,0.033035118,0.022736004,0.036135625,0.03866848,0.041670311,0.034702521,0.029313579,0.025637021,0.025679661,0.020379094,0.024327731,0.020773031,0.021360122,0.024100188,0.022524077
Head 1,600,2.58E-05,8.49E-05,6.36E-05,4.00E-05,5.34E-05,4.16E-05,5.21E-05,2.73E-05,2.01E-05,4.53E-05,6.84E-05,7.94E-05,2.72E-05,2.50E-05,2.37E-05,2.64E-05,3.67E-05,4.46E-05,6.06E-05,9.34E-05,0.000145716,0.00017068,0.00016841,7.23E-05,5.47E-05,3.31E-05,2.09E-05,1.59E-05,8.00E-05,0.000163072,0.000169733,4.34E-05,4.18E-05,4.13E-05,4.49E-05,0.000262437,0.000343059,0.000355743,8.66E-05,7.70E-05,6.29E-05,5.51E-05,6.33E-05,6.03E-05,6.05E-05,0.000208879,0.000245327,0.000329199,0.000125097,0.000383613,0.000473841,0.000545586,0.00057286,0.000172897,0.000174333,0.000768623,0.000863902,0.00090634,0.001067935,0.001380105,0.001585544,0.001473432,0.001413776,0.001337776,0.001151216,0.001300993,0.001185204,0.001529276,0.001707363,0.001447623,0.001265378,0.001366323,0.002008475,0.003309073,0.004486635,0.005390551,0.006686538,0.034460708,0.030353772,0.027753875,0.018257415,0.012503796,0.009046066,0.008518049,0.006493293,0.005047067,0.005394261,0.005980876,0.005957488,0.005580671,0.005827388,0.006917645,0.01295592,0.014434421,0.016388964,0.011150048,0.01419833,0.009057302,0.013379346,0.020001367,0.015568772,0.015003285,0.012309292,0.01470168,0.014512675,0.012210187,0.010580907,0.008251201,0.014026595,0.018300025,0.029640337,0.030622838,0.031106375,0.021554612,0.033535026,0.036118884,0.040926166,0.036278453,0.032493416,0.028849229,0.028395502,0.022029141,0.026506867,0.023137851,0.023864057,0.025345098,0.022637496,0.021339884
Head 1,601,6.37E-05,5.12E-05,2.51E-05,3.45E-05,3.06E-05,4.38E-05,2.68E-05,1.86E-05,3.77E-05,5.01E-05,5.44E-05,1.96E-05,1.85E-05,1.67E-05,1.63E-05,2.09E-05,2.56E-05,3.88E-05,6.82E-05,0.000118409,0.000148292,0.000145399,5.72E-05,4.70E-05,3.08E-05,1.95E-05,1.28E-05,5.82E-05,0.000105865,0.000102025,2.88E-05,2.85E-05,2.64E-05,2.57E-05,0.000180621,0.000253885,0.000292344,7.70E-05,6.86E-05,5.02E-05,3.98E-05,4.54E-05,4.49E-05,4.52E-05,0.000155375,0.000180803,0.000231526,7.07E-05,0.000246667,0.000345555,0.000426671,0.000450068,0.000105605,0.000104847,0.000526977,0.000609557,0.000663854,0.000779164,0.000968924,0.001076557,0.00102094,0.001081722,0.001133268,0.001000868,0.001055595,0.000882053,0.001103348,0.001294408,0.001194201,0.001055433,0.001042224,0.001335867,0.002036342,0.002793316,0.003698586,0.005109167,0.026165657,0.025736069,0.026912546,0.019839291,0.014121747,0.009940396,0.008532002,0.006034151,0.004500528,0.004827355,0.005463509,0.005373191,0.004756344,0.0046433,0.005408389,0.010772906,0.013156973,0.016079307,0.011352671,0.014331749,0.008967808,0.013263111,0.019846229,0.015479635,0.014890135,0.012172444,0.014774142,0.01543315,0.013290817,0.011338268,0.008148983,0.011972501,0.014234713,0.022903377,0.025459372,0.028769094,0.021070471,0.032223899,0.034331318,0.03917364,0.036107454,0.034691181,0.032527793,0.032885514,0.025720567,0.030705424,0.027132284,0.028604263,0.029201483,0.02495607,0.02266668,0.022615962
Head 1,602,0.000107347,0.000122694,0.000153048,0.000141072,9.52E-05,0.000111507,9.91E-05,9.53E-05,9.96E-05,0.000102153,9.73E-05,9.95E-05,0.000117156,0.000115146,0.000123518,0.000108555,0.00013242,8.68E-05,0.000107183,0.000131064,0.000139043,0.000109389,0.000109573,0.000100804,8.34E-05,7.45E-05,0.000125315,0.000142817,0.000101996,6.80E-05,7.82E-05,9.32E-05,8.81E-05,0.000213872,0.000248262,0.000271864,0.000212601,0.000272116,0.000246965,0.000197122,0.000190717,0.00016021,0.000149479,0.000126703,0.000137946,0.000177125,0.000121989,0.000212815,0.000265942,0.000341625,0.000407114,0.000238523,0.000225909,0.000467523,0.000505916,0.000587508,0.00077006,0.001016886,0.001113453,0.000942789,0.00088548,0.000922399,0.000938805,0.001193991,0.001206241,0.001575396,0.001875792,0.001850181,0.001811994,0.001900482,0.002306371,0.002945276,0.003234828,0.003536662,0.004440997,0.016456904,0.015362249,0.016698088,0.01415736,0.012120727,0.010486183,0.009971588,0.007129111,0.004782831,0.004197818,0.004149241,0.003959746,0.003631383,0.003854381,0.004728368,0.009498361,0.011714761,0.014558846,0.01030074,0.01255264,0.007540636,0.010291301,0.015017535,0.013384095,0.014853192,0.013710091,0.017113473,0.017996868,0.015779093,0.014066333,0.01039816,0.015736314,0.016850829,0.022869477,0.021540368,0.02221673,0.01693335,0.026675679,0.030931212,0.036444463,0.034227699,0.031780176,0.0286029,0.027390124,0.020149417,0.022650087,0.020824119,0.025211515,0.031791076,0.033525225,0.033765201,0.032580905,0.062833138
Head 1,603,9.77E-05,0.000122591,0.000118068,9.08E-05,0.000110003,9.91E-05,9.28E-05,9.37E-05,9.29E-05,8.80E-05,8.97E-05,0.000104409,0.000100622,0.000105711,9.18E-05,0.000109638,7.58E-05,9.44E-05,0.0001177,0.000124853,0.000103335,0.000105335,9.86E-05,8.29E-05,7.26E-05,0.000119551,0.000130364,8.87E-05,6.48E-05,7.25E-05,8.33E-05,7.44E-05,0.000167779,0.000197889,0.000231024,0.000180901,0.000246079,0.000234563,0.000199092,0.000200895,0.000171842,0.000157844,0.000120085,0.00012156,0.000146821,0.000106179,0.000167561,0.000217338,0.000291767,0.000358341,0.000209846,0.000207623,0.000417691,0.000435569,0.000495494,0.000643327,0.000860254,0.000978595,0.000868045,0.000844768,0.000881503,0.00086783,0.001042349,0.001008684,0.00129554,0.001571791,0.001622665,0.001635865,0.001723733,0.002050245,0.002547836,0.002763889,0.003025245,0.003832922,0.014240051,0.013651289,0.015250814,0.013360311,0.011836172,0.010638328,0.010475869,0.007929217,0.005601088,0.004954034,0.004734061,0.004178473,0.003422896,0.003264791,0.003759244,0.007504324,0.009821367,0.013408332,0.010513977,0.013582937,0.00831176,0.010984218,0.014933297,0.012584202,0.013537339,0.01261692,0.016133925,0.017824333,0.01622835,0.014458727,0.010382015,0.014876598,0.015251864,0.020302322,0.019111229,0.019726701,0.014866907,0.022554111,0.025573447,0.03022554,0.029943202,0.030428525,0.029915983,0.030540254,0.022532774,0.024206316,0.020356644,0.022566414,0.026526205,0.027593942,0.028922806,0.030001732,0.055244628,0.070143722
Head 1,604,2.95E-05,2.16E-05,4.84E-05,3.15E-05,3.32E-05,6.19E-05,7.70E-05,6.90E-05,2.06E-05,1.93E-05,2.01E-05,1.96E-05,1.94E-05,1.63E-05,1.96E-05,3.94E-05,8.17E-05,0.000138734,0.000183144,6.21E-05,5.40E-05,4.04E-05,3.64E-05,3.22E-05,7.60E-05,0.000108378,7.46E-05,1.87E-05,1.97E-05,2.22E-05,2.29E-05,0.000129922,0.000189032,0.000234963,6.39E-05,9.10E-05,9.41E-05,7.74E-05,7.00E-05,5.47E-05,5.29E-05,0.000123361,0.000152855,0.000207272,4.34E-05,0.000184787,0.000232914,0.000313014,0.000405472,0.000130074,0.000113579,0.000529374,0.000486067,0.000500639,0.000647308,0.000886492,0.000964104,0.00079372,0.000759855,0.000859428,0.000970132,0.001268527,0.001131454,0.001173708,0.00110784,0.000963915,0.000941983,0.001060689,0.00131902,0.001536665,0.001521306,0.001628694,0.002384855,0.01230805,0.013622388,0.017065629,0.017064424,0.017431533,0.016621891,0.016186018,0.01114926,0.007069957,0.005864344,0.005661211,0.005355001,0.004735878,0.00434472,0.004336811,0.007178911,0.008286519,0.011359879,0.009990796,0.014968926,0.010671775,0.015121385,0.021841178,0.017945712,0.018104259,0.015075238,0.016790103,0.016956078,0.015162357,0.013673575,0.010025962,0.013707663,0.012345101,0.01402171,0.012648641,0.014064649,0.012207585,0.021764394,0.026408141,0.030846568,0.028515564,0.028139899,0.030038141,0.036177557,0.032202359,0.038349643,0.032685079,0.033695482,0.03568913,0.03124385,0.027527677,0.024648797,0.008919105,0.01160527,0.032660339
Head 1,605,8.19E-05,8.12E-05,9.02E-05,9.51E-05,9.35E-05,9.63E-05,9.17E-05,7.91E-05,7.82E-05,9.20E-05,8.94E-05,9.05E-05,7.44E-05,8.04E-05,5.42E-05,6.94E-05,9.26E-05,0.000105692,8.63E-05,9.04E-05,8.59E-05,7.89E-05,7.53E-05,0.000110587,0.000121658,8.13E-05,5.82E-05,6.63E-05,7.87E-05,7.03E-05,0.000115122,0.000127929,0.000151106,0.00011188,0.0001762,0.00019299,0.000187507,0.000205669,0.000185397,0.000176406,0.000116245,0.000110607,0.000123946,9.14E-05,0.000119925,0.000144122,0.000196558,0.000259628,0.000174554,0.000173808,0.000373924,0.000356308,0.000381208,0.000480855,0.000639888,0.000751428,0.000703878,0.000725125,0.000798335,0.000821649,0.000982451,0.000899206,0.00104192,0.001161545,0.001192773,0.001275223,0.001469805,0.001847153,0.002244134,0.00230928,0.002388561,0.002979746,0.011076585,0.010740709,0.012182817,0.011181056,0.010678891,0.010388345,0.011007261,0.009109936,0.00706142,0.006513868,0.006385393,0.00557774,0.004221691,0.003418847,0.003212325,0.005291603,0.006330842,0.008990568,0.008327312,0.012846606,0.009263708,0.012936495,0.017060211,0.013333808,0.013086511,0.011423958,0.013781598,0.015578892,0.01532074,0.014651622,0.011017229,0.015537643,0.014713265,0.017733099,0.015660767,0.015777307,0.01187404,0.017915474,0.019723706,0.022059452,0.021464705,0.023043953,0.025763283,0.031431578,0.027197262,0.03081264,0.024537582,0.023849439,0.024284957,0.022311257,0.022266492,0.023872171,0.044648387,0.054684371,0.031652652,0.07368087
Head 1,606,7.78E-05,7.36E-05,8.19E-05,8.91E-05,9.68E-05,9.41E-05,8.18E-05,7.59E-05,8.55E-05,8.34E-05,8.55E-05,7.10E-05,7.31E-05,4.59E-05,5.76E-05,7.68E-05,9.11E-05,7.64E-05,8.22E-05,7.75E-05,7.12E-05,7.10E-05,9.88E-05,0.000114293,8.05E-05,5.70E-05,6.19E-05,7.24E-05,6.69E-05,9.64E-05,0.000104773,0.000121242,8.57E-05,0.000134261,0.000154435,0.000164842,0.000197512,0.000187871,0.000179677,0.00011389,0.000104354,0.000114147,9.24E-05,0.000111195,0.000123872,0.000159984,0.000206943,0.000154578,0.000160189,0.000344385,0.000327101,0.000336497,0.000407041,0.000528556,0.000622414,0.000600483,0.000634925,0.000709958,0.000746064,0.000918831,0.000862479,0.000998096,0.00107008,0.001043056,0.001073883,0.001242643,0.001633679,0.002064538,0.002154499,0.002156473,0.002553044,0.009469359,0.009074789,0.010247723,0.009474833,0.009261309,0.009328651,0.010360955,0.009013666,0.00736314,0.006979265,0.006943343,0.006142134,0.004685407,0.003706424,0.003289107,0.004922227,0.005267445,0.006871007,0.006286086,0.0102217,0.008174535,0.012477596,0.017298879,0.013638749,0.013028617,0.010930362,0.012651807,0.013977217,0.01379532,0.013570079,0.010641881,0.015682245,0.015036971,0.017593326,0.014719686,0.014047655,0.01018731,0.01535927,0.017118262,0.019146768,0.018286889,0.019167298,0.021349952,0.027181456,0.025741274,0.032059122,0.027177399,0.026338037,0.025565332,0.021754105,0.020384016,0.021271624,0.041956309,0.049692068,0.028784759,0.064472117,0.072765574
Head 1,607,2.00E-05,1.81E-05,5.05E-05,7.25E-05,7.48E-05,3.22E-05,2.47E-05,1.90E-05,1.60E-05,1.61E-05,1.49E-05,1.61E-05,3.00E-05,5.01E-05,7.46E-05,9.77E-05,3.78E-05,4.12E-05,3.47E-05,2.97E-05,2.65E-05,7.36E-05,0.000109439,8.46E-05,3.44E-05,2.26E-05,1.59E-05,1.27E-05,5.67E-05,9.14E-05,0.000131568,3.54E-05,3.85E-05,4.09E-05,4.94E-05,7.25E-05,7.88E-05,7.36E-05,0.000142084,0.0001242,0.000131392,4.25E-05,0.000138009,0.000176904,0.000215874,0.000238082,5.59E-05,6.86E-05,0.000357543,0.000416226,0.000414955,0.000452213,0.000557017,0.000621064,0.000583795,0.00061467,0.000652249,0.000629118,0.000767645,0.000770106,0.001057494,0.001244854,0.00112632,0.000922102,0.000813858,0.000924961,0.001168535,0.001305922,0.00134388,0.001532606,0.006324989,0.006442751,0.008171231,0.008336138,0.009303585,0.010773934,0.013910849,0.013593177,0.011933372,0.011519092,0.010221794,0.00769117,0.005312571,0.004167913,0.004022012,0.006733933,0.007208765,0.008266029,0.006130644,0.008728904,0.00679535,0.011403773,0.017842002,0.016106484,0.01702009,0.015256415,0.018278111,0.01930224,0.016940944,0.014471939,0.010230292,0.014541263,0.014727114,0.017656691,0.014056286,0.012042482,0.007701354,0.010411957,0.012342453,0.016576909,0.019038931,0.021926388,0.023921641,0.028581385,0.025803048,0.036136717,0.03662952,0.041951608,0.04349241,0.037094783,0.03282233,0.032284338,0.010928018,0.014521054,0.033149786,0.016872363,0.018537493,0.052381519
Head 1,608,1.58E-05,4.44E-05,6.20E-05,6.36E-05,2.95E-05,2.64E-05,2.05E-05,1.58E-05,1.41E-05,1.24E-05,1.38E-05,2.36E-05,3.94E-05,5.83E-05,7.28E-05,2.36E-05,2.78E-05,2.64E-05,2.55E-05,2.26E-05,7.22E-05,0.000103409,7.87E-05,3.87E-05,2.75E-05,1.80E-05,1.15E-05,4.36E-05,6.28E-05,8.87E-05,2.83E-05,3.03E-05,2.85E-05,3.09E-05,4.66E-05,6.03E-05,6.88E-05,0.000147793,0.000131096,0.000124745,3.46E-05,0.000101987,0.000137367,0.000179717,0.000203919,3.57E-05,3.90E-05,0.000250165,0.000322966,0.000357295,0.000402173,0.000470934,0.000489146,0.00043882,0.000478749,0.000548493,0.000547265,0.000633487,0.000579323,0.000773056,0.000984215,0.001031301,0.000945934,0.000826573,0.000834577,0.000952017,0.001048805,0.001161002,0.001404025,0.005141234,0.004987842,0.006180191,0.006188589,0.006925374,0.008096031,0.010590429,0.010894381,0.01052746,0.011770312,0.011966667,0.009586015,0.006390349,0.00448898,0.003851555,0.006150061,0.006724552,0.007903116,0.005725328,0.007617743,0.00545037,0.008963853,0.01455593,0.013786199,0.015095819,0.013880421,0.016736247,0.018447855,0.017001146,0.014838816,0.0103799,0.01373852,0.013635162,0.017040033,0.014550523,0.013029779,0.008042742,0.009598288,0.009870742,0.01204558,0.013853809,0.017330635,0.02071519,0.026038965,0.023445085,0.031955771,0.032815367,0.040346116,0.044689458,0.038858965,0.033730879,0.032994285,0.010167551,0.015121933,0.03866129,0.019171793,0.018865384,0.047583748,0.06316638
Head 1,609,5.49E-05,6.08E-05,6.22E-05,5.60E-05,5.56E-05,5.65E-05,4.89E-05,4.66E-05,4.03E-05,4.45E-05,2.42E-05,2.97E-05,3.73E-05,4.26E-05,3.25E-05,3.82E-05,3.90E-05,3.61E-05,3.45E-05,4.88E-05,5.97E-05,4.75E-05,4.30E-05,4.42E-05,4.45E-05,3.51E-05,4.87E-05,4.70E-05,4.89E-05,4.21E-05,5.49E-05,5.17E-05,4.99E-05,6.70E-05,8.21E-05,9.80E-05,7.98E-05,7.39E-05,7.27E-05,6.24E-05,6.39E-05,6.60E-05,7.63E-05,8.57E-05,5.69E-05,5.65E-05,0.000119305,0.000138371,0.000159917,0.000195108,0.000233163,0.000244936,0.000222329,0.000243377,0.000292672,0.000324964,0.000409828,0.00039102,0.000483249,0.000554486,0.000550625,0.000531204,0.000536359,0.000637305,0.000818398,0.000967676,0.001127732,0.001414745,0.005086317,0.004876566,0.005541821,0.005112286,0.004982437,0.005101162,0.005857777,0.005389171,0.004881081,0.005438844,0.006289259,0.006264069,0.005215038,0.004245245,0.003731917,0.005315216,0.004940341,0.005064428,0.003497267,0.004735067,0.003604548,0.006322934,0.0110971,0.01099537,0.012047958,0.010392989,0.01144513,0.011747237,0.010563505,0.0101073,0.008002413,0.011708472,0.012314526,0.015970737,0.014189209,0.013426989,0.008676049,0.011615509,0.012044859,0.013241773,0.012754185,0.013419814,0.01444537,0.017703425,0.017451694,0.024978435,0.02696096,0.033596169,0.037356324,0.031047964,0.025030699,0.022149278,0.036793549,0.049724285,0.024935592,0.061167412,0.063340276,0.042323336,0.051260877,0.059436057
Head 1,610,5.63E-05,5.67E-05,4.55E-05,5.01E-05,5.48E-05,4.87E-05,4.40E-05,3.56E-05,3.84E-05,2.09E-05,2.56E-05,3.25E-05,3.69E-05,2.63E-05,2.98E-05,3.11E-05,3.12E-05,3.17E-05,4.58E-05,5.51E-05,4.24E-05,3.93E-05,4.36E-05,4.64E-05,3.58E-05,4.65E-05,4.17E-05,4.02E-05,3.80E-05,5.18E-05,4.79E-05,4.12E-05,4.88E-05,5.74E-05,7.37E-05,6.79E-05,6.96E-05,7.14E-05,5.72E-05,5.75E-05,5.73E-05,6.59E-05,7.46E-05,5.17E-05,4.56E-05,8.71E-05,9.95E-05,0.000120976,0.000159722,0.000199788,0.000207608,0.000176411,0.00018262,0.000219469,0.000254972,0.000334798,0.000321955,0.000387991,0.000441147,0.000450138,0.000458769,0.000477319,0.000547472,0.000648899,0.000721739,0.000845201,0.001123043,0.004187484,0.004047157,0.00454758,0.0041983,0.004147707,0.004329806,0.005022959,0.004592652,0.004104821,0.00462872,0.005591115,0.005941149,0.005271956,0.004464958,0.003957523,0.005526604,0.005149458,0.005266885,0.003492008,0.004351167,0.002978382,0.004796832,0.008360934,0.008832899,0.010599973,0.009899968,0.011219812,0.011568635,0.010288064,0.009772494,0.00770402,0.010840295,0.011143047,0.014343141,0.013156593,0.012994513,0.008639805,0.011514879,0.011486591,0.012012178,0.01125448,0.011855473,0.013022754,0.016055487,0.015569199,0.021313196,0.022805246,0.030090092,0.03721315,0.0341441,0.028648937,0.024621351,0.03307689,0.04466236,0.023880973,0.06074274,0.061855521,0.039333973,0.048202619,0.053060725,0.063040785
Head 1,611,4.58E-05,2.95E-05,3.35E-05,4.00E-05,3.93E-05,3.65E-05,2.82E-05,2.81E-05,1.61E-05,1.92E-05,2.45E-05,2.82E-05,1.95E-05,2.03E-05,2.02E-05,2.10E-05,2.36E-05,3.68E-05,4.57E-05,3.48E-05,2.83E-05,3.24E-05,3.79E-05,3.22E-05,3.97E-05,3.50E-05,3.15E-05,2.73E-05,4.00E-05,4.02E-05,3.41E-05,3.58E-05,3.66E-05,4.51E-05,4.69E-05,5.31E-05,6.06E-05,4.68E-05,4.96E-05,4.60E-05,5.10E-05,5.85E-05,4.53E-05,3.73E-05,6.40E-05,6.64E-05,7.87E-05,0.000109713,0.000148983,0.000164396,0.000137661,0.000133191,0.000152354,0.000179139,0.000249602,0.000251903,0.000301061,0.000329347,0.000328071,0.000345079,0.000385389,0.000462868,0.000527573,0.000537752,0.000586958,0.000781277,0.003191392,0.003178097,0.003553256,0.003299446,0.003297155,0.003535505,0.004241371,0.003924844,0.003464898,0.003818441,0.004618405,0.005104958,0.004834946,0.00437858,0.004029251,0.005504076,0.005052834,0.005207459,0.003487702,0.004271377,0.002728953,0.003943322,0.00629089,0.006593112,0.008396073,0.008582904,0.010331938,0.011033105,0.009872911,0.009414733,0.00744337,0.010254215,0.010148138,0.012427706,0.011263556,0.011402972,0.007908916,0.010989625,0.011046163,0.011125659,0.009959921,0.010195751,0.011301803,0.014436104,0.01437455,0.019226512,0.019636478,0.02553965,0.033259887,0.033950344,0.031554677,0.028503545,0.031961303,0.040423222,0.024159441,0.059179232,0.063139923,0.038915928,0.046893377,0.047971699,0.056718756,0.067602269
Head 1,612,7.49E-06,6.81E-06,6.98E-06,8.34E-06,1.01E-05,9.70E-06,8.56E-06,1.14E-05,1.36E-05,1.61E-05,1.92E-05,5.46E-06,4.78E-06,3.66E-06,3.62E-06,4.76E-06,2.60E-05,5.55E-05,6.07E-05,1.54E-05,1.37E-05,1.35E-05,1.46E-05,2.93E-05,3.32E-05,2.99E-05,7.08E-06,7.38E-06,8.19E-06,9.37E-06,1.16E-05,1.14E-05,1.22E-05,4.01E-05,5.33E-05,7.52E-05,2.41E-05,7.20E-05,6.11E-05,5.76E-05,6.08E-05,1.83E-05,1.59E-05,8.93E-05,9.24E-05,9.25E-05,0.000111877,0.000148699,0.000180749,0.000167721,0.000155108,0.000153308,0.000158215,0.000222864,0.000234391,0.0002919,0.000294982,0.000251466,0.000247442,0.00030727,0.000475384,0.000628415,0.000608081,0.000515504,0.000513003,0.002297905,0.002044029,0.002066468,0.00178852,0.001764562,0.001968765,0.002732941,0.002902611,0.002961073,0.003663811,0.004739009,0.005690383,0.006222242,0.006392309,0.006220411,0.007670729,0.00579489,0.005121292,0.003385837,0.00461594,0.003296435,0.004871949,0.006802395,0.005861029,0.006562807,0.006500393,0.008118554,0.009397802,0.009324143,0.009901786,0.008761118,0.013245355,0.01330233,0.014321715,0.011043453,0.009975607,0.006773295,0.009662877,0.010434804,0.010386632,0.00845244,0.007447786,0.007450429,0.010130225,0.012471722,0.020346165,0.022598282,0.027911061,0.03352407,0.033815984,0.034615297,0.038488913,0.011840026,0.013361234,0.045927975,0.019046795,0.024258126,0.080248088,0.082666054,0.019762861,0.020121137,0.02570683,0.134301752
Head 1,613,6.37E-06,5.45E-06,5.87E-06,7.65E-06,9.19E-06,9.63E-06,1.29E-05,1.44E-05,1.46E-05,1.48E-05,4.99E-06,4.43E-06,3.34E-06,2.71E-06,2.94E-06,1.75E-05,3.89E-05,4.93E-05,1.56E-05,1.27E-05,1.09E-05,1.17E-05,2.69E-05,3.31E-05,3.11E-05,8.63E-06,6.72E-06,6.11E-06,6.89E-06,9.63E-06,1.05E-05,1.05E-05,3.34E-05,4.08E-05,5.59E-05,2.22E-05,7.02E-05,6.64E-05,5.89E-05,5.25E-05,1.43E-05,1.44E-05,6.87E-05,7.75E-05,7.69E-05,8.53E-05,0.000105349,0.000126945,0.000129796,0.000133039,0.000132082,0.000124227,0.000158179,0.000166553,0.000231271,0.000260392,0.000223318,0.000194241,0.000207657,0.00031205,0.000470888,0.000550231,0.000522537,0.000493705,0.002081042,0.001791592,0.001778872,0.001487973,0.001359607,0.001410084,0.001872328,0.001990704,0.002097145,0.002719426,0.003491393,0.004044247,0.004445704,0.005004453,0.005793277,0.008428626,0.006820016,0.005544032,0.003225961,0.003840777,0.002659126,0.004022142,0.005683522,0.004829617,0.005178763,0.004903035,0.006214487,0.007235731,0.007040973,0.00738406,0.006517731,0.009939929,0.011056355,0.013116051,0.010417728,0.00894626,0.005576716,0.007338791,0.008172336,0.009034613,0.008006524,0.007034219,0.006244862,0.007188688,0.007986959,0.013149459,0.016029611,0.021405501,0.025711983,0.025865763,0.026527105,0.030562196,0.010654098,0.012910499,0.037828583,0.014157231,0.016879976,0.068152852,0.078783333,0.019120703,0.018982951,0.021264592,0.090826012,0.194525346
Head 1,614,4.64E-06,4.09E-06,4.79E-06,6.25E-06,8.24E-06,1.19E-05,1.43E-05,1.37E-05,1.20E-05,4.00E-06,3.73E-06,3.10E-06,2.38E-06,2.05E-06,1.19E-05,2.39E-05,3.06E-05,1.33E-05,1.16E-05,8.98E-06,7.96E-06,2.19E-05,2.71E-05,2.72E-05,1.07E-05,7.10E-06,4.85E-06,4.36E-06,6.06E-06,7.59E-06,8.48E-06,2.67E-05,3.17E-05,3.98E-05,1.43E-05,5.15E-05,6.10E-05,6.04E-05,5.15E-05,9.96E-06,9.78E-06,4.61E-05,5.74E-05,6.19E-05,6.77E-05,7.66E-05,8.39E-05,8.49E-05,9.67E-05,0.000107104,0.000101291,0.000115414,0.00010922,0.000152573,0.000192829,0.000187059,0.000163299,0.000151386,0.000190969,0.000280841,0.000372238,0.00043372,0.000457973,0.001751195,0.001461087,0.001443932,0.001195046,0.001041963,0.001012785,0.001230524,0.001252849,0.001316904,0.001832745,0.002491593,0.002875741,0.003028546,0.003355537,0.004164851,0.007225048,0.006975895,0.006019589,0.003293489,0.003343407,0.00204243,0.002976308,0.004345913,0.00378549,0.004020703,0.003633303,0.004541999,0.005350653,0.005240967,0.005509144,0.004786392,0.006807248,0.007886858,0.010451792,0.009268206,0.008329572,0.004947993,0.005670717,0.005867003,0.006678907,0.006528397,0.006324054,0.005628569,0.005785608,0.005479273,0.008148137,0.010076657,0.01485938,0.018937662,0.019539479,0.019747715,0.02264002,0.008530698,0.01238659,0.033926677,0.013069204,0.013222567,0.05409072,0.070561834,0.017735817,0.020091645,0.022141436,0.076561861,0.143328205,0.197926685
Head 1,615,4.75E-06,4.61E-06,5.32E-06,7.48E-06,1.29E-05,1.78E-05,1.83E-05,1.51E-05,4.08E-06,3.73E-06,3.34E-06,2.82E-06,2.22E-06,1.33E-05,2.34E-05,2.60E-05,1.22E-05,1.31E-05,1.07E-05,8.34E-06,2.59E-05,3.04E-05,3.08E-05,1.60E-05,1.09E-05,6.45E-06,4.51E-06,5.19E-06,6.50E-06,8.28E-06,2.62E-05,3.36E-05,3.97E-05,1.14E-05,3.76E-05,5.28E-05,6.18E-05,5.82E-05,9.68E-06,7.93E-06,3.73E-05,4.64E-05,5.42E-05,6.28E-05,6.99E-05,7.03E-05,6.51E-05,7.48E-05,9.09E-05,9.29E-05,0.000100779,8.51E-05,0.000107077,0.000138909,0.000154394,0.000153487,0.000142047,0.000152518,0.000191385,0.000243811,0.000322693,0.00041129,0.001651011,0.00138144,0.001334899,0.001066964,0.000895065,0.000816988,0.000903386,0.000865508,0.000885142,0.001293236,0.001911811,0.002319846,0.00240464,0.002502071,0.002973411,0.005381162,0.006260369,0.006552553,0.004046157,0.003860216,0.002129504,0.002714089,0.003831904,0.003439914,0.003739822,0.003394977,0.00415421,0.00487353,0.004812544,0.004979264,0.004185802,0.005359564,0.005994541,0.008425116,0.008671244,0.008849718,0.005605646,0.005889208,0.005293553,0.005463931,0.005430678,0.005877357,0.005910429,0.006218656,0.005383593,0.006690417,0.007363524,0.010715977,0.014373122,0.015755063,0.016251694,0.018277828,0.006519797,0.010411418,0.031777859,0.012698466,0.011195987,0.040030777,0.053624578,0.013258342,0.017972462,0.022216277,0.071392566,0.105373859,0.122211218,0.208392367
Head 1,616,5.94E-06,5.56E-06,7.15E-06,1.29E-05,2.01E-05,2.37E-05,2.11E-05,5.21E-06,4.30E-06,3.86E-06,3.82E-06,3.37E-06,1.61E-05,2.52E-05,2.43E-05,9.79E-06,1.36E-05,1.45E-05,1.24E-05,3.43E-05,3.70E-05,3.49E-05,2.09E-05,1.83E-05,1.18E-05,6.93E-06,5.84E-06,5.92E-06,7.79E-06,2.33E-05,3.50E-05,4.52E-05,1.05E-05,3.47E-05,4.82E-05,6.34E-05,7.18E-05,1.44E-05,9.61E-06,4.25E-05,4.45E-05,5.13E-05,6.49E-05,7.65E-05,7.51E-05,6.19E-05,6.48E-05,8.15E-05,9.56E-05,0.000113915,9.44E-05,0.000101111,0.000115662,0.000130132,0.000150138,0.000161749,0.00017223,0.000183635,0.000195665,0.000247004,0.000358854,0.001610142,0.001398199,0.001323086,0.001055862,0.00088782,0.000792819,0.000817135,0.000713814,0.000659506,0.000906293,0.001401877,0.001896152,0.00215243,0.002273302,0.002532704,0.00421277,0.00511846,0.006246186,0.004616959,0.004669086,0.002510117,0.002743223,0.003500024,0.003072191,0.003382208,0.003093379,0.00362131,0.004144406,0.004148785,0.0044279,0.00384244,0.004726123,0.004812245,0.006281113,0.006798163,0.007851917,0.005821147,0.006511474,0.005512153,0.004937284,0.004399026,0.004663872,0.005129043,0.005958413,0.005333434,0.005885756,0.005591729,0.00743887,0.010208202,0.011919448,0.012896712,0.014278261,0.005404916,0.008104295,0.02705396,0.013100091,0.011749613,0.033558436,0.04011023,0.009444087,0.013948875,0.020821527,0.073627926,0.097167775,0.093985647,0.143372864,0.174369231
Head 1,617,3.84E-06,3.97E-06,6.93E-06,1.10E-05,1.44E-05,1.47E-05,4.73E-06,3.25E-06,2.47E-06,2.39E-06,2.49E-06,9.24E-06,1.44E-05,1.35E-05,3.96E-06,5.35E-06,7.20E-06,8.49E-06,2.47E-05,2.94E-05,2.77E-05,1.21E-05,1.39E-05,1.25E-05,8.62E-06,6.07E-06,4.29E-06,4.32E-06,1.20E-05,1.85E-05,2.89E-05,6.85E-06,2.92E-05,3.64E-05,4.87E-05,6.44E-05,1.59E-05,1.19E-05,5.28E-05,4.34E-05,4.24E-05,5.35E-05,7.07E-05,7.83E-05,6.33E-05,5.61E-05,6.05E-05,7.04E-05,9.93E-05,9.94E-05,0.000113012,0.000118196,0.00011725,0.000133316,0.000165486,0.000209143,0.000227159,0.000209389,0.000216205,0.000294916,0.001629358,0.001540884,0.001459766,0.001156001,0.000944972,0.00084095,0.000876068,0.000747218,0.000630671,0.000729222,0.00098715,0.001284481,0.001528194,0.001801484,0.002177835,0.003691492,0.004373229,0.005688705,0.00469655,0.005434196,0.002999416,0.002924182,0.003052205,0.002374885,0.00258075,0.002467907,0.002957301,0.003292313,0.003090219,0.003144697,0.002707437,0.003666993,0.003704956,0.00452739,0.004557893,0.005272004,0.00424355,0.005498877,0.005057835,0.004404469,0.003538186,0.003331707,0.003545142,0.004379597,0.004075691,0.004483265,0.003703891,0.004202936,0.00548042,0.006881781,0.008624794,0.010669336,0.005582599,0.006910717,0.018232213,0.01179515,0.012741791,0.030940039,0.037226766,0.007996878,0.010331415,0.016357847,0.077688277,0.112985402,0.106995739,0.131909266,0.142141327,0.089361079
Head 1,618,5.02E-06,8.52E-06,1.35E-05,1.76E-05,1.92E-05,8.72E-06,5.95E-06,3.91E-06,3.08E-06,2.87E-06,8.87E-06,1.46E-05,1.44E-05,4.02E-06,4.21E-06,5.06E-06,7.15E-06,2.38E-05,3.68E-05,4.14E-05,1.42E-05,1.54E-05,1.68E-05,1.64E-05,1.42E-05,9.38E-06,6.90E-06,1.39E-05,1.74E-05,2.67E-05,9.05E-06,3.63E-05,4.67E-05,5.96E-05,7.63E-05,2.26E-05,2.29E-05,9.71E-05,7.47E-05,5.99E-05,6.17E-05,7.68E-05,9.26E-05,8.84E-05,8.42E-05,8.35E-05,8.45E-05,0.000113382,0.000124266,0.000162036,0.000178946,0.000167603,0.000167348,0.000200792,0.000284123,0.000355891,0.000349312,0.000328229,0.000380967,0.00216362,0.002329839,0.002477383,0.002105807,0.001694394,0.001427271,0.001422408,0.001217977,0.001042117,0.001119745,0.001320989,0.001483274,0.001596029,0.001853689,0.002348497,0.004151457,0.004888954,0.006372492,0.005862847,0.007975934,0.005426246,0.005686631,0.005279051,0.003470075,0.003192171,0.002864892,0.003525222,0.004070029,0.003859362,0.003713265,0.002982622,0.004140696,0.004205987,0.005060686,0.004841715,0.005328503,0.004342827,0.006086125,0.006197013,0.005876122,0.004642239,0.004004832,0.003910694,0.004787125,0.004632484,0.005729511,0.004762024,0.004615663,0.004799488,0.005175023,0.006518148,0.0090612,0.007526686,0.008846008,0.018248411,0.011672687,0.013353475,0.030389052,0.036901064,0.008805164,0.009429526,0.012901122,0.068879746,0.109047055,0.109699018,0.115954347,0.103691414,0.061593905,0.061129443
Head 1,619,1.19E-05,2.09E-05,2.77E-05,3.03E-05,1.39E-05,1.13E-05,8.24E-06,6.27E-06,4.73E-06,1.18E-05,1.79E-05,1.74E-05,6.27E-06,5.76E-06,5.40E-06,6.18E-06,2.27E-05,3.95E-05,5.49E-05,2.13E-05,2.07E-05,2.02E-05,2.14E-05,2.45E-05,2.13E-05,1.65E-05,2.39E-05,2.42E-05,3.02E-05,1.04E-05,4.18E-05,6.46E-05,8.97E-05,0.000112117,2.71E-05,3.16E-05,0.000160183,0.000143367,0.000116536,0.000103888,0.000107514,0.000114842,0.000115109,0.000129573,0.000144859,0.000144059,0.000168775,0.000165681,0.000217542,0.000263875,0.000272296,0.000264326,0.000281718,0.000361962,0.000465333,0.000516724,0.000533403,0.000595132,0.002563363,0.002759556,0.003239126,0.0031128,0.00272793,0.002338246,0.002197831,0.001847406,0.001609041,0.00175258,0.00200944,0.002044958,0.001905333,0.00189854,0.002200512,0.003999397,0.004972566,0.006598426,0.006352239,0.009043252,0.007292561,0.009089247,0.009375909,0.005990854,0.004693648,0.003580649,0.003998764,0.00462367,0.004735805,0.00468397,0.003729749,0.004999171,0.004992298,0.00601523,0.005648859,0.005946679,0.004708392,0.006204929,0.00642359,0.006693375,0.005752007,0.005163631,0.004901446,0.005593305,0.005091021,0.006627864,0.006091124,0.006049464,0.005610823,0.004862311,0.00507648,0.00658292,0.007019876,0.00960852,0.019264095,0.011760856,0.012262769,0.02802402,0.033483729,0.008743736,0.00911261,0.010828082,0.055236928,0.087195754,0.095492162,0.101967007,0.089835644,0.058264039,0.052913006,0.056673519
Head 1,620,2.06E-05,2.97E-05,3.41E-05,1.29E-05,1.17E-05,9.83E-06,8.74E-06,6.70E-06,1.35E-05,1.87E-05,1.68E-05,6.69E-06,6.48E-06,5.82E-06,5.52E-06,1.92E-05,3.10E-05,4.46E-05,2.09E-05,2.13E-05,1.93E-05,1.88E-05,2.24E-05,2.34E-05,2.22E-05,2.74E-05,2.72E-05,2.97E-05,8.58E-06,3.31E-05,5.32E-05,8.10E-05,0.000108981,2.40E-05,2.55E-05,0.000156454,0.000161081,0.000147262,0.000135364,0.000127885,0.000116954,0.00010352,0.000116242,0.000144,0.00015928,0.000188038,0.000169779,0.00020191,0.000237064,0.000257017,0.000266637,0.000283135,0.000336696,0.000404305,0.000448969,0.000492351,0.000581241,0.0021479,0.00215982,0.002534037,0.002580699,0.002499043,0.002315699,0.002175029,0.001773104,0.001488795,0.001597687,0.001877095,0.001964423,0.001819988,0.001673431,0.001731171,0.002968893,0.003652231,0.004899586,0.004768608,0.006917286,0.00605559,0.008604519,0.010592875,0.007561766,0.005878657,0.004060946,0.00390278,0.004130782,0.004260383,0.004432398,0.003747414,0.005102387,0.005010032,0.00587327,0.005383363,0.005598435,0.004465428,0.005693383,0.005835357,0.006131766,0.005466397,0.005092428,0.00493657,0.00552738,0.004901449,0.006317359,0.006185269,0.006703507,0.006481935,0.005100107,0.004454948,0.004847589,0.005413603,0.008003633,0.015928555,0.011682389,0.011946964,0.026941886,0.030587355,0.007841426,0.008526224,0.010088034,0.048511285,0.07653372,0.086972907,0.094614521,0.090308718,0.066340074,0.055756778,0.0570453,0.0489709
Head 1,621,1.38E-05,1.70E-05,5.39E-06,4.97E-06,4.43E-06,4.53E-06,3.97E-06,7.73E-06,1.02E-05,8.54E-06,3.15E-06,3.15E-06,2.98E-06,2.67E-06,9.61E-06,1.42E-05,1.93E-05,9.26E-06,1.04E-05,9.72E-06,8.98E-06,1.03E-05,1.11E-05,1.20E-05,1.41E-05,1.44E-05,1.50E-05,3.98E-06,1.42E-05,2.12E-05,3.28E-05,4.74E-05,1.04E-05,1.03E-05,7.24E-05,8.19E-05,8.31E-05,8.41E-05,8.05E-05,6.79E-05,5.15E-05,5.10E-05,6.20E-05,7.38E-05,9.62E-05,8.97E-05,0.000103504,0.000114924,0.000121314,0.000130251,0.000143848,0.000173885,0.000204115,0.00022103,0.000244042,0.000302534,0.001217026,0.001164978,0.001313241,0.001343755,0.001383441,0.001410271,0.001408816,0.001153242,0.000927686,0.000935282,0.001073095,0.001152787,0.001127185,0.001063535,0.001087894,0.001832477,0.002164079,0.002838892,0.002632281,0.003847699,0.003412057,0.005249216,0.007375631,0.006110088,0.005242235,0.003600452,0.003085487,0.002887936,0.002705293,0.002816672,0.002492512,0.003623557,0.003667739,0.004280684,0.003785312,0.003865323,0.003048675,0.003904095,0.004138384,0.004420241,0.004092746,0.003908875,0.003831502,0.004280273,0.003799297,0.004849589,0.004889112,0.005788465,0.006193163,0.005008407,0.004087811,0.003915155,0.003979599,0.00583079,0.010599644,0.010026623,0.011030303,0.02669576,0.03132765,0.006988284,0.007653201,0.00927183,0.046542305,0.077489965,0.092376433,0.102804326,0.105199158,0.081755139,0.061740916,0.052314401,0.043831706,0.044063605
Head 1,622,1.09E-05,3.48E-06,3.03E-06,2.63E-06,2.85E-06,2.88E-06,5.83E-06,7.85E-06,6.35E-06,2.19E-06,2.09E-06,2.07E-06,1.89E-06,6.87E-06,9.46E-06,1.19E-05,5.36E-06,6.50E-06,6.72E-06,6.44E-06,7.03E-06,7.32E-06,8.20E-06,1.02E-05,1.08E-05,1.11E-05,3.32E-06,9.37E-06,1.23E-05,1.81E-05,2.69E-05,6.56E-06,6.38E-06,4.50E-05,5.42E-05,5.91E-05,6.65E-05,6.91E-05,5.94E-05,4.10E-05,3.47E-05,3.75E-05,4.38E-05,6.14E-05,6.19E-05,7.33E-05,7.83E-05,7.80E-05,8.32E-05,9.53E-05,0.000121227,0.000144083,0.00015291,0.000165511,0.000209411,0.000962592,0.000918884,0.000988014,0.000964153,0.000994043,0.001072788,0.001161566,0.000997214,0.000800227,0.000761283,0.000818458,0.000856145,0.000850652,0.000830591,0.000865911,0.001438792,0.001643646,0.00211988,0.00187867,0.002750316,0.002388796,0.003749367,0.005613814,0.005304798,0.005207414,0.003890313,0.003234911,0.002725529,0.002225322,0.002135052,0.001853566,0.002827326,0.003023363,0.00364019,0.003173871,0.003139456,0.00238852,0.00309079,0.00332471,0.003575463,0.003408996,0.003339272,0.003342506,0.003771859,0.003327733,0.00412778,0.004057931,0.004904256,0.005689148,0.004990712,0.004160326,0.003755121,0.003451893,0.004690274,0.007104231,0.008293467,0.009888467,0.024492325,0.031748243,0.00664108,0.007107158,0.008620722,0.043979146,0.07502646,0.091028847,0.100085706,0.105860032,0.091019988,0.067611419,0.048456527,0.037075903,0.038569849,0.048106492
Head 1,623,2.50E-06,2.09E-06,1.70E-06,1.80E-06,1.95E-06,4.50E-06,6.35E-06,5.25E-06,1.80E-06,1.51E-06,1.44E-06,1.33E-06,4.79E-06,6.51E-06,7.88E-06,3.07E-06,3.78E-06,4.33E-06,4.68E-06,5.27E-06,5.29E-06,5.67E-06,7.84E-06,8.29E-06,8.59E-06,3.36E-06,6.68E-06,7.79E-06,1.03E-05,1.48E-05,4.02E-06,4.08E-06,2.72E-05,3.51E-05,3.98E-05,4.78E-05,5.43E-05,5.10E-05,3.55E-05,2.71E-05,2.50E-05,2.59E-05,3.60E-05,3.88E-05,4.95E-05,5.40E-05,5.17E-05,5.28E-05,6.03E-05,7.99E-05,9.85E-05,0.000104491,0.000109838,0.000136106,0.000684687,0.000698088,0.000756325,0.000712002,0.000711408,0.000775204,0.00089386,0.000823378,0.000695179,0.000653737,0.000661485,0.000650959,0.00062526,0.000616577,0.000661999,0.001100748,0.001231785,0.001559875,0.001325582,0.001956579,0.00164636,0.002593094,0.003908862,0.00401409,0.004488259,0.00388983,0.00349107,0.002894488,0.002122535,0.001808054,0.0014327,0.002141532,0.002369607,0.00300035,0.002673184,0.002621314,0.00191496,0.002496433,0.002687493,0.002896289,0.002808655,0.002814592,0.002875846,0.003328377,0.002977089,0.00370078,0.003518652,0.004152046,0.004922122,0.00465019,0.004179969,0.003876613,0.00322697,0.004134839,0.005193423,0.006650946,0.008240604,0.019414246,0.029162809,0.00646904,0.006715843,0.007970056,0.042691492,0.073619366,0.08900059,0.095678635,0.100799397,0.09381292,0.073433198,0.04712338,0.031753287,0.032169864,0.040694337,0.063954599
Head 1,624,1.84E-06,1.42E-06,1.39E-06,1.48E-06,4.22E-06,6.38E-06,5.59E-06,2.06E-06,1.50E-06,1.29E-06,1.15E-06,3.78E-06,5.19E-06,6.27E-06,2.16E-06,2.51E-06,2.99E-06,3.72E-06,4.73E-06,4.93E-06,5.04E-06,7.67E-06,8.03E-06,8.29E-06,4.45E-06,6.07E-06,6.51E-06,7.56E-06,9.61E-06,2.94E-06,3.12E-06,1.86E-05,2.55E-05,3.00E-05,3.70E-05,4.50E-05,4.72E-05,3.62E-05,2.75E-05,2.26E-05,1.99E-05,2.47E-05,2.63E-05,3.58E-05,4.15E-05,4.00E-05,3.93E-05,4.36E-05,5.88E-05,7.59E-05,8.27E-05,8.56E-05,0.000100874,0.000475818,0.000530025,0.000613478,0.000584783,0.000577302,0.00062071,0.000741467,0.00072454,0.000659204,0.000648456,0.000643545,0.000597158,0.000537392,0.000514618,0.000555353,0.000922994,0.001023944,0.001271627,0.001040955,0.001548597,0.001256554,0.00200967,0.003014302,0.003142947,0.003781939,0.003783808,0.003929765,0.00354415,0.00257078,0.002000054,0.001401791,0.001915517,0.002067187,0.002682588,0.002451905,0.00241169,0.001703413,0.002258272,0.002418373,0.002627628,0.002548415,0.00257377,0.002636558,0.003091811,0.002800138,0.003591422,0.003385868,0.003880606,0.004511603,0.004378293,0.004211133,0.004166286,0.003112108,0.003972101,0.004645359,0.005547055,0.00672681,0.014022755,0.023498682,0.006387101,0.006523939,0.007405357,0.041914109,0.073400058,0.087071501,0.092374086,0.093138687,0.087058261,0.073923729,0.046565901,0.028400008,0.026905747,0.032996908,0.050146755,0.075584285
Head 1,625,9.94E-07,9.01E-07,8.75E-07,3.12E-06,4.98E-06,4.71E-06,1.87E-06,1.31E-06,1.02E-06,8.44E-07,2.50E-06,3.41E-06,4.18E-06,1.35E-06,1.45E-06,1.64E-06,2.16E-06,3.14E-06,3.60E-06,3.68E-06,6.23E-06,6.56E-06,6.75E-06,4.20E-06,4.73E-06,4.94E-06,5.20E-06,5.80E-06,1.76E-06,1.88E-06,1.07E-05,1.52E-05,1.84E-05,2.28E-05,2.86E-05,3.28E-05,2.87E-05,2.40E-05,1.95E-05,1.52E-05,1.62E-05,1.56E-05,2.12E-05,2.59E-05,2.59E-05,2.51E-05,2.68E-05,3.57E-05,4.77E-05,5.45E-05,5.79E-05,6.66E-05,0.000275076,0.00032528,0.000406591,0.000403435,0.000399438,0.000417943,0.000498561,0.00049811,0.000483498,0.000519775,0.000540302,0.000494703,0.00042077,0.000382167,0.000404147,0.000674294,0.000752662,0.000928854,0.000746975,0.001124121,0.00088304,0.001456509,0.002184703,0.002185242,0.002643036,0.002844859,0.003377766,0.003489702,0.00272838,0.002103638,0.001355117,0.001644998,0.001654672,0.002128583,0.001988087,0.002002492,0.001382826,0.001845686,0.001950506,0.002121552,0.002047592,0.00209768,0.002162244,0.002576966,0.002403055,0.003204736,0.003053368,0.003439921,0.003803649,0.003600563,0.003565154,0.003807479,0.002683979,0.003647696,0.004546646,0.004679354,0.005314838,0.009651237,0.016724367,0.005839908,0.006188106,0.006949795,0.040617719,0.073768146,0.086742945,0.094853327,0.091786109,0.08118742,0.074641965,0.049824093,0.028543569,0.024968475,0.029103862,0.042158358,0.061461613,0.064955316
Head 1,626,7.30E-07,6.31E-07,2.64E-06,4.45E-06,4.57E-06,1.71E-06,1.20E-06,8.70E-07,7.02E-07,2.08E-06,2.85E-06,3.56E-06,1.02E-06,1.00E-06,1.05E-06,1.44E-06,2.45E-06,3.18E-06,3.28E-06,5.98E-06,6.35E-06,6.60E-06,4.23E-06,4.58E-06,4.87E-06,4.70E-06,4.55E-06,1.44E-06,1.46E-06,7.32E-06,1.05E-05,1.22E-05,1.40E-05,1.67E-05,1.96E-05,1.94E-05,1.89E-05,1.67E-05,1.25E-05,1.19E-05,1.02E-05,1.33E-05,1.63E-05,1.64E-05,1.55E-05,1.60E-05,2.12E-05,2.97E-05,3.59E-05,3.88E-05,4.29E-05,0.000155207,0.000186677,0.000249634,0.000263608,0.000269101,0.000276888,0.000325579,0.000322241,0.000324177,0.000380788,0.000425734,0.0004013,0.000336187,0.000293685,0.000299437,0.000482622,0.000516255,0.000606177,0.00048515,0.000756865,0.000623382,0.001110896,0.001713496,0.00160397,0.001812766,0.001906984,0.002448637,0.002904553,0.002620248,0.00223292,0.00146827,0.001659795,0.001551978,0.00188584,0.001733449,0.001760258,0.001207957,0.001632878,0.001756345,0.001934771,0.001827559,0.001824415,0.001823453,0.002181902,0.00218312,0.003159114,0.003207008,0.003600037,0.003630068,0.003126732,0.002995368,0.003381828,0.002557853,0.003730109,0.005115727,0.004543037,0.004888617,0.007987392,0.012572351,0.005723946,0.006165587,0.006736767,0.036876105,0.07255853,0.088222116,0.10373541,0.095800824,0.069267832,0.064650297,0.049013268,0.030005617,0.026579902,0.029711824,0.03915165,0.050762776,0.051600348,0.055674538
Head 1,627,8.83E-07,3.19E-06,5.00E-06,5.19E-06,2.50E-06,2.05E-06,1.47E-06,1.01E-06,2.42E-06,2.96E-06,3.64E-06,1.51E-06,1.46E-06,1.24E-06,1.39E-06,2.34E-06,3.61E-06,4.58E-06,7.76E-06,8.87E-06,8.92E-06,5.20E-06,5.62E-06,6.34E-06,6.28E-06,5.70E-06,1.76E-06,1.51E-06,6.58E-06,9.80E-06,1.27E-05,1.55E-05,1.78E-05,1.95E-05,1.96E-05,2.21E-05,2.35E-05,1.96E-05,1.73E-05,1.26E-05,1.41E-05,1.69E-05,1.82E-05,1.81E-05,1.78E-05,2.07E-05,2.70E-05,3.36E-05,4.11E-05,4.99E-05,0.000143406,0.000165313,0.000228081,0.000260679,0.00028888,0.000306328,0.000347526,0.000325931,0.00031894,0.000396191,0.000485702,0.000489494,0.000411233,0.000337149,0.000316726,0.000489418,0.000528939,0.000612259,0.000473446,0.000681199,0.000540867,0.001000373,0.001725294,0.001687941,0.001885233,0.001881022,0.002351915,0.002915602,0.002924086,0.00275249,0.001904452,0.001944987,0.001661706,0.0018861,0.001726686,0.001777777,0.001218687,0.00156806,0.001618746,0.001771735,0.001707315,0.001775398,0.001804789,0.00208182,0.002029533,0.002843073,0.003080324,0.003809566,0.003997813,0.003279679,0.002811439,0.002897323,0.002215723,0.00362861,0.005227636,0.004945808,0.004745078,0.006558241,0.009380561,0.005292093,0.006436629,0.007293506,0.032027412,0.06151383,0.075493522,0.100422405,0.10006658,0.069895551,0.062786601,0.048597656,0.030063966,0.025710795,0.02859359,0.037972894,0.046283338,0.042955209,0.045222349,0.059643261
Head 1,628,4.36E-06,6.69E-06,6.58E-06,3.19E-06,3.22E-06,2.82E-06,2.07E-06,3.49E-06,3.82E-06,4.16E-06,2.29E-06,2.56E-06,2.19E-06,1.92E-06,2.42E-06,3.29E-06,4.80E-06,8.16E-06,1.18E-05,1.40E-05,6.30E-06,8.26E-06,9.04E-06,9.51E-06,9.31E-06,3.48E-06,2.29E-06,8.11E-06,1.05E-05,1.43E-05,2.06E-05,2.67E-05,2.98E-05,2.82E-05,3.17E-05,3.89E-05,4.06E-05,4.09E-05,2.92E-05,2.70E-05,2.74E-05,2.86E-05,3.17E-05,3.45E-05,3.87E-05,4.31E-05,4.62E-05,5.46E-05,7.42E-05,0.000195027,0.000209395,0.000278426,0.000331686,0.000412128,0.000485501,0.000574561,0.000515699,0.000457112,0.000535336,0.000681086,0.000763213,0.000708827,0.000596661,0.000520753,0.000714806,0.000750421,0.000897947,0.000718219,0.000975892,0.000706255,0.00116809,0.002056972,0.002092193,0.002458071,0.002497297,0.003078495,0.003776683,0.004099153,0.004197136,0.003199099,0.003236099,0.002477299,0.002389197,0.002004635,0.002027372,0.001489753,0.002011461,0.00202533,0.002083918,0.001888522,0.001925065,0.002048522,0.002419675,0.002290982,0.002890288,0.002986049,0.003811334,0.004540988,0.004021928,0.003350474,0.003036533,0.002315615,0.003490614,0.004974744,0.006284925,0.006210833,0.005893167,0.007015741,0.004583774,0.005921046,0.007690344,0.027307501,0.052193902,0.060515363,0.077149659,0.08009024,0.063336655,0.065773152,0.060227405,0.041569013,0.034001186,0.034568839,0.043808449,0.0524338,0.046206102,0.039524887,0.044956107,0.025481818
Head 1,629,8.18E-06,9.27E-06,3.75E-06,3.78E-06,3.85E-06,3.94E-06,5.31E-06,5.90E-06,5.59E-06,2.78E-06,3.00E-06,2.92E-06,2.67E-06,2.86E-06,3.05E-06,3.81E-06,7.07E-06,1.16E-05,1.72E-05,9.44E-06,1.38E-05,1.40E-05,1.36E-05,1.31E-05,7.81E-06,4.99E-06,1.07E-05,1.10E-05,1.25E-05,1.75E-05,2.49E-05,3.20E-05,3.37E-05,3.74E-05,4.45E-05,4.98E-05,5.81E-05,4.75E-05,4.27E-05,3.63E-05,3.09E-05,3.13E-05,3.69E-05,4.85E-05,5.78E-05,5.89E-05,6.16E-05,7.71E-05,0.00023197,0.000232923,0.000272636,0.000302573,0.000369028,0.000464896,0.000619772,0.00062408,0.000584711,0.000659647,0.000805366,0.00092799,0.000962525,0.000921851,0.000865474,0.00106648,0.001000503,0.001100227,0.000913653,0.001238797,0.000929911,0.00135197,0.002068244,0.001927354,0.002189233,0.002242819,0.00280498,0.003403846,0.00381192,0.004256518,0.003845151,0.004404801,0.003585526,0.003147591,0.002351503,0.002118008,0.001523928,0.002095537,0.002226533,0.002313588,0.002036234,0.001965448,0.002067119,0.00255092,0.002600883,0.003293503,0.003199201,0.003676952,0.004268989,0.004103174,0.003882611,0.003819092,0.002840169,0.003423745,0.00563931,0.005887848,0.006816125,0.007624117,0.00782683,0.004862001,0.005679879,0.007627385,0.022555755,0.048898477,0.061671853,0.075378515,0.072887599,0.055026345,0.061142776,0.059710428,0.044135582,0.038714763,0.037979551,0.043352481,0.048353136,0.043629788,0.037899025,0.040350191,0.021933187,0.022880126
Head 1,630,8.37E-06,3.21E-06,2.93E-06,2.89E-06,3.40E-06,5.32E-06,6.47E-06,6.08E-06,2.78E-06,2.55E-06,2.43E-06,2.35E-06,2.59E-06,2.59E-06,2.80E-06,5.31E-06,8.12E-06,1.29E-05,8.22E-06,1.45E-05,1.57E-05,1.49E-05,1.36E-05,8.44E-06,6.23E-06,1.10E-05,1.06E-05,1.04E-05,1.28E-05,1.77E-05,2.37E-05,2.74E-05,3.23E-05,3.86E-05,4.35E-05,5.43E-05,5.02E-05,5.00E-05,4.24E-05,3.22E-05,2.77E-05,2.96E-05,4.04E-05,5.36E-05,5.95E-05,6.16E-05,7.09E-05,0.000229602,0.000216803,0.000233803,0.000237831,0.000266998,0.000329597,0.000457468,0.000497374,0.000497735,0.00057027,0.000671561,0.000744555,0.000784138,0.000812631,0.000854549,0.001111409,0.001010431,0.001012488,0.000797838,0.00104953,0.000831743,0.001225185,0.001829975,0.001649638,0.001795449,0.001760221,0.002210015,0.002617974,0.002872187,0.003293074,0.003257439,0.00429426,0.004043927,0.003771249,0.002718751,0.002208189,0.001435915,0.001852105,0.002022805,0.00223965,0.002050461,0.001943773,0.001932425,0.002287397,0.00232472,0.003107194,0.003124413,0.003522575,0.003876009,0.003683533,0.003587311,0.003729508,0.003226004,0.003623043,0.005362291,0.004950036,0.005990825,0.008771572,0.009133618,0.005017973,0.005338642,0.00654957,0.016046159,0.03733917,0.054433297,0.071851641,0.069305815,0.051408436,0.05647216,0.056060586,0.042022575,0.040450137,0.043660555,0.050982889,0.053901039,0.046020169,0.039029144,0.042985234,0.023738883,0.02257832,0.027299652
Head 1,631,1.86E-06,1.61E-06,1.45E-06,1.63E-06,3.50E-06,4.56E-06,4.47E-06,2.07E-06,1.66E-06,1.40E-06,1.29E-06,1.46E-06,1.51E-06,1.57E-06,3.12E-06,4.35E-06,6.64E-06,4.21E-06,8.75E-06,1.11E-05,1.13E-05,1.03E-05,5.12E-06,4.19E-06,7.49E-06,7.41E-06,6.85E-06,7.65E-06,9.80E-06,1.26E-05,1.47E-05,1.85E-05,2.34E-05,2.70E-05,3.48E-05,3.42E-05,3.83E-05,3.54E-05,2.68E-05,2.08E-05,1.91E-05,2.36E-05,3.21E-05,3.88E-05,4.36E-05,5.10E-05,0.000178484,0.000162514,0.000168048,0.000158012,0.000161828,0.000189211,0.000258806,0.000291638,0.00030874,0.00037665,0.0004516,0.000485352,0.000493286,0.000513833,0.000579494,0.000848103,0.000815127,0.00079952,0.000586524,0.000720935,0.000559643,0.000848538,0.001322696,0.001230579,0.001348331,0.001285376,0.001624287,0.001882578,0.001977371,0.002220618,0.002227653,0.003187291,0.003435775,0.003679621,0.002815347,0.002231076,0.001309856,0.001499596,0.001551312,0.001756843,0.001699238,0.001680987,0.00165999,0.001886407,0.00179828,0.00244139,0.00253853,0.002982653,0.003261354,0.003055141,0.002930541,0.003076035,0.003003586,0.003572146,0.004502315,0.004134384,0.004712063,0.008226356,0.009572731,0.004577318,0.004899821,0.005627151,0.011751462,0.026244812,0.041183136,0.062495671,0.065598167,0.051327739,0.057337146,0.057467457,0.040142596,0.038261067,0.045179311,0.059124023,0.064885519,0.052612662,0.040786725,0.046806607,0.026603632,0.02191609,0.026735442,0.034527313
Head 1,632,1.38E-06,1.18E-06,1.19E-06,3.19E-06,4.32E-06,4.48E-06,2.39E-06,1.84E-06,1.39E-06,1.12E-06,1.20E-06,1.28E-06,1.35E-06,2.67E-06,3.48E-06,4.93E-06,2.82E-06,6.32E-06,9.42E-06,1.12E-05,1.10E-05,4.48E-06,3.76E-06,6.93E-06,7.11E-06,6.48E-06,6.73E-06,7.80E-06,9.04E-06,9.88E-06,1.27E-05,1.73E-05,2.14E-05,2.85E-05,2.90E-05,3.50E-05,3.60E-05,2.99E-05,2.32E-05,1.92E-05,2.02E-05,2.48E-05,2.99E-05,3.62E-05,4.56E-05,0.000169423,0.0001545,0.000157761,0.000141129,0.000133947,0.000145485,0.000185213,0.000205889,0.000224296,0.00029335,0.000376207,0.00041348,0.000412657,0.000417178,0.00047232,0.000741455,0.00077388,0.00078901,0.000567368,0.000641605,0.000470946,0.000684318,0.001069236,0.001039371,0.001165037,0.001103184,0.001384787,0.001581284,0.001608904,0.001745002,0.001713602,0.002478067,0.002876766,0.003500915,0.003043527,0.002599864,0.001523777,0.001545558,0.001432028,0.001525598,0.001488168,0.001543146,0.001585529,0.001797915,0.001624627,0.002141732,0.002232368,0.002734563,0.00305311,0.002862207,0.002687823,0.002765438,0.002884239,0.003763711,0.004255874,0.004245406,0.004344153,0.007571923,0.009688218,0.004214189,0.004861692,0.005664292,0.010231959,0.019505218,0.029037798,0.048153289,0.056927599,0.048713826,0.058152296,0.061754562,0.041231316,0.036261383,0.0430784,0.061800368,0.073642433,0.059252612,0.041651525,0.048783764,0.029882982,0.021359866,0.024934243,0.032769337,0.03280744
Head 1,633,1.07E-06,1.01E-06,3.06E-06,4.20E-06,4.52E-06,2.61E-06,2.18E-06,1.64E-06,1.20E-06,1.13E-06,1.13E-06,1.20E-06,2.31E-06,2.99E-06,4.08E-06,1.99E-06,4.56E-06,7.39E-06,1.01E-05,1.16E-05,4.36E-06,3.52E-06,6.95E-06,7.13E-06,6.47E-06,6.55E-06,7.12E-06,7.48E-06,7.25E-06,8.80E-06,1.23E-05,1.63E-05,2.33E-05,2.48E-05,3.12E-05,3.45E-05,3.19E-05,2.70E-05,2.24E-05,2.10E-05,2.22E-05,2.41E-05,2.89E-05,3.89E-05,0.000160186,0.000151122,0.000155386,0.000135927,0.000123245,0.000125907,0.000148034,0.000156755,0.000168016,0.000225569,0.000309407,0.000361988,0.000371569,0.000371058,0.000409755,0.000651554,0.000722073,0.000793041,0.000591705,0.000646502,0.000447961,0.00059436,0.000881493,0.00088093,0.001026073,0.00100105,0.001257192,0.00142978,0.001423764,0.001489101,0.001404438,0.002009245,0.002349566,0.00306577,0.003005453,0.002909194,0.001863334,0.001812655,0.001527553,0.001456531,0.001340462,0.001391163,0.001497895,0.001768741,0.001578359,0.001998948,0.00200494,0.002479212,0.002871272,0.002774121,0.002626534,0.002648495,0.002769054,0.003790504,0.00409963,0.00473885,0.004558618,0.006937562,0.009307652,0.003722544,0.004588705,0.005776002,0.010456069,0.016922565,0.021932762,0.035496142,0.04528363,0.041952647,0.05612348,0.066451795,0.045346383,0.036836788,0.041020364,0.060774971,0.079704247,0.066651493,0.042932309,0.049359165,0.032503922,0.02135786,0.023162598,0.030464102,0.030799784,0.03008922
