Head,step,Key 0,Key 1,Key 2,Key 3,Key 4,Key 5,Key 6,Key 7,Key 8,Key 9,Key 10,Key 11,Key 12,Key 13,Key 14,Key 15,Key 16,Key 17,Key 18,Key 19,Key 20,Key 21,Key 22,Key 23,Key 24,Key 25,Key 26,Key 27,Key 28,Key 29,Key 30,Key 31,Key 32,Key 33,Key 34,Key 35,Key 36,Key 37,Key 38,Key 39,Key 40,Key 41,Key 42,Key 43,Key 44,Key 45,Key 46,Key 47,Key 48,Key 49,Key 50,Key 51,Key 52,Key 53,Key 54,Key 55,Key 56,Key 57,Key 58,Key 59,Key 60,Key 61,Key 62,Key 63,Key 64,Key 65,Key 66,Key 67,Key 68,Key 69,Key 70,Key 71,Key 72,Key 73,Key 74,Key 75,Key 76,Key 77,Key 78,Key 79,Key 80,Key 81,Key 82,Key 83,Key 84,Key 85,Key 86,Key 87,Key 88,Key 89,Key 90,Key 91,Key 92,Key 93,Key 94,Key 95,Key 96,Key 97,Key 98,Key 99,Key 100,Key 101,Key 102,Key 103,Key 104,Key 105,Key 106,Key 107,Key 108,Key 109,Key 110,Key 111,Key 112,Key 113,Key 114,Key 115,Key 116,Key 117,Key 118,Key 119,Key 120,Key 121,Key 122,Key 123,Key 124,Key 125,Key 126,Key 127
Head 1,1,1,0,0,0,0,0,0,0,0,0,0,0,0,0,0,0,0,0,0,0,0,0,0,0,0,0,0,0,0,0,0,0,0,0,0,0,0,0,0,0,0,0,0,0,0,0,0,0,0,0,0,0,0,0,0,0,0,0,0,0,0,0,0,0,0,0,0,0,0,0,0,0,0,0,0,0,0,0,0,0,0,0,0,0,0,0,0,0,0,0,0,0,0,0,0,0,0,0,0,0,0,0,0,0,0,0,0,0,0,0,0,0,0,0,0,0,0,0,0,0,0,0,0,0,0,0,0,0
Head 1,2,0.435893148,0.564106882,0,0,0,0,0,0,0,0,0,0,0,0,0,0,0,0,0,0,0,0,0,0,0,0,0,0,0,0,0,0,0,0,0,0,0,0,0,0,0,0,0,0,0,0,0,0,0,0,0,0,0,0,0,0,0,0,0,0,0,0,0,0,0,0,0,0,0,0,0,0,0,0,0,0,0,0,0,0,0,0,0,0,0,0,0,0,0,0,0,0,0,0,0,0,0,0,0,0,0,0,0,0,0,0,0,0,0,0,0,0,0,0,0,0,0,0,0,0,0,0,0,0,0,0,0,0
Head 1,3,0.267874271,0.392014116,0.340111613,0,0,0,0,0,0,0,0,0,0,0,0,0,0,0,0,0,0,0,0,0,0,0,0,0,0,0,0,0,0,0,0,0,0,0,0,0,0,0,0,0,0,0,0,0,0,0,0,0,0,0,0,0,0,0,0,0,0,0,0,0,0,0,0,0,0,0,0,0,0,0,0,0,0,0,0,0,0,0,0,0,0,0,0,0,0,0,0,0,0,0,0,0,0,0,0,0,0,0,0,0,0,0,0,0,0,0,0,0,0,0,0,0,0,0,0,0,0,0,0,0,0,0,0,0
Head 1,4,0.202696577,0.305602252,0.304982007,0.186719149,0,0,0,0,0,0,0,0,0,0,0,0,0,0,0,0,0,0,0,0,0,0,0,0,0,0,0,0,0,0,0,0,0,0,0,0,0,0,0,0,0,0,0,0,0,0,0,0,0,0,0,0,0,0,0,0,0,0,0,0,0,0,0,0,0,0,0,0,0,0,0,0,0,0,0,0,0,0,0,0,0,0,0,0,0,0,0,0,0,0,0,0,0,0,0,0,0,0,0,0,0,0,0,0,0,0,0,0,0,0,0,0,0,0,0,0,0,0,0,0,0,0,0,0
Head 1,5,0.158266276,0.227933228,0.273367524,0.195690766,0.144742206,0,0,0,0,0,0,0,0,0,0,0,0,0,0,0,0,0,0,0,0,0,0,0,0,0,0,0,0,0,0,0,0,0,0,0,0,0,0,0,0,0,0,0,0,0,0,0,0,0,0,0,0,0,0,0,0,0,0,0,0,0,0,0,0,0,0,0,0,0,0,0,0,0,0,0,0,0,0,0,0,0,0,0,0,0,0,0,0,0,0,0,0,0,0,0,0,0,0,0,0,0,0,0,0,0,0,0,0,0,0,0,0,0,0,0,0,0,0,0,0,0,0,0
Head 1,6,0.113442622,0.158046529,0.238149047,0.20223026,0.176966801,0.111164771,0,0,0,0,0,0,0,0,0,0,0,0,0,0,0,0,0,0,0,0,0,0,0,0,0,0,0,0,0,0,0,0,0,0,0,0,0,0,0,0,0,0,0,0,0,0,0,0,0,0,0,0,0,0,0,0,0,0,0,0,0,0,0,0,0,0,0,0,0,0,0,0,0,0,0,0,0,0,0,0,0,0,0,0,0,0,0,0,0,0,0,0,0,0,0,0,0,0,0,0,0,0,0,0,0,0,0,0,0,0,0,0,0,0,0,0,0,0,0,0,0,0
Head 1,7,0.066352807,0.098127149,0.189731807,0.191188723,0.198358908,0.150488228,0.105752386,0,0,0,0,0,0,0,0,0,0,0,0,0,0,0,0,0,0,0,0,0,0,0,0,0,0,0,0,0,0,0,0,0,0,0,0,0,0,0,0,0,0,0,0,0,0,0,0,0,0,0,0,0,0,0,0,0,0,0,0,0,0,0,0,0,0,0,0,0,0,0,0,0,0,0,0,0,0,0,0,0,0,0,0,0,0,0,0,0,0,0,0,0,0,0,0,0,0,0,0,0,0,0,0,0,0,0,0,0,0,0,0,0,0,0,0,0,0,0,0,0
Head 1,8,0.030676385,0.05453277,0.133016124,0.160424918,0.1968458,0.175884426,0.151399225,0.097220406,0,0,0,0,0,0,0,0,0,0,0,0,0,0,0,0,0,0,0,0,0,0,0,0,0,0,0,0,0,0,0,0,0,0,0,0,0,0,0,0,0,0,0,0,0,0,0,0,0,0,0,0,0,0,0,0,0,0,0,0,0,0,0,0,0,0,0,0,0,0,0,0,0,0,0,0,0,0,0,0,0,0,0,0,0,0,0,0,0,0,0,0,0,0,0,0,0,0,0,0,0,0,0,0,0,0,0,0,0,0,0,0,0,0,0,0,0,0,0,0
Head 1,9,0.011942428,0.026632907,0.077385493,0.114167675,0.170523927,0.174742758,0.181149185,0.141611531,0.101844102,0,0,0,0,0,0,0,0,0,0,0,0,0,0,0,0,0,0,0,0,0,0,0,0,0,0,0,0,0,0,0,0,0,0,0,0,0,0,0,0,0,0,0,0,0,0,0,0,0,0,0,0,0,0,0,0,0,0,0,0,0,0,0,0,0,0,0,0,0,0,0,0,0,0,0,0,0,0,0,0,0,0,0,0,0,0,0,0,0,0,0,0,0,0,0,0,0,0,0,0,0,0,0,0,0,0,0,0,0,0,0,0,0,0,0,0,0,0,0
Head 1,10,0.004608756,0.012355402,0.037995741,0.066096649,0.122016795,0.145309702,0.179762557,0.171697274,0.152170494,0.107986629,0,0,0,0,0,0,0,0,0,0,0,0,0,0,0,0,0,0,0,0,0,0,0,0,0,0,0,0,0,0,0,0,0,0,0,0,0,0,0,0,0,0,0,0,0,0,0,0,0,0,0,0,0,0,0,0,0,0,0,0,0,0,0,0,0,0,0,0,0,0,0,0,0,0,0,0,0,0,0,0,0,0,0,0,0,0,0,0,0,0,0,0,0,0,0,0,0,0,0,0,0,0,0,0,0,0,0,0,0,0,0,0,0,0,0,0,0,0
Head 1,11,0.001983671,0.005716095,0.016645551,0.031284746,0.069784172,0.099761531,0.147453129,0.167079285,0.180349529,0.157905668,0.122036628,0,0,0,0,0,0,0,0,0,0,0,0,0,0,0,0,0,0,0,0,0,0,0,0,0,0,0,0,0,0,0,0,0,0,0,0,0,0,0,0,0,0,0,0,0,0,0,0,0,0,0,0,0,0,0,0,0,0,0,0,0,0,0,0,0,0,0,0,0,0,0,0,0,0,0,0,0,0,0,0,0,0,0,0,0,0,0,0,0,0,0,0,0,0,0,0,0,0,0,0,0,0,0,0,0,0,0,0,0,0,0,0,0,0,0,0,0
Head 1,12,0.000971598,0.00276247,0.007464314,0.013832726,0.034033939,0.057407975,0.100843459,0.134209126,0.172599047,0.182274029,0.172973767,0.12062753,0,0,0,0,0,0,0,0,0,0,0,0,0,0,0,0,0,0,0,0,0,0,0,0,0,0,0,0,0,0,0,0,0,0,0,0,0,0,0,0,0,0,0,0,0,0,0,0,0,0,0,0,0,0,0,0,0,0,0,0,0,0,0,0,0,0,0,0,0,0,0,0,0,0,0,0,0,0,0,0,0,0,0,0,0,0,0,0,0,0,0,0,0,0,0,0,0,0,0,0,0,0,0,0,0,0,0,0,0,0,0,0,0,0,0,0
Head 1,13,0.000521717,0.001375225,0.003600651,0.006253306,0.015194154,0.028180454,0.056941681,0.089388743,0.137485877,0.171692431,0.197549701,0.167632312,0.124183685,0,0,0,0,0,0,0,0,0,0,0,0,0,0,0,0,0,0,0,0,0,0,0,0,0,0,0,0,0,0,0,0,0,0,0,0,0,0,0,0,0,0,0,0,0,0,0,0,0,0,0,0,0,0,0,0,0,0,0,0,0,0,0,0,0,0,0,0,0,0,0,0,0,0,0,0,0,0,0,0,0,0,0,0,0,0,0,0,0,0,0,0,0,0,0,0,0,0,0,0,0,0,0,0,0,0,0,0,0,0,0,0,0,0,0
Head 1,14,0.000244466,0.000577865,0.001588123,0.002709158,0.006383414,0.012322287,0.027302435,0.049469013,0.090838142,0.134861588,0.186578006,0.191151723,0.172063828,0.123910002,0,0,0,0,0,0,0,0,0,0,0,0,0,0,0,0,0,0,0,0,0,0,0,0,0,0,0,0,0,0,0,0,0,0,0,0,0,0,0,0,0,0,0,0,0,0,0,0,0,0,0,0,0,0,0,0,0,0,0,0,0,0,0,0,0,0,0,0,0,0,0,0,0,0,0,0,0,0,0,0,0,0,0,0,0,0,0,0,0,0,0,0,0,0,0,0,0,0,0,0,0,0,0,0,0,0,0,0,0,0,0,0,0,0
Head 1,15,0.000103039,0.000222133,0.000657471,0.001168879,0.002742635,0.005297866,0.012091303,0.023876084,0.050764531,0.090005502,0.148559228,0.179532543,0.195774734,0.174487248,0.114716798,0,0,0,0,0,0,0,0,0,0,0,0,0,0,0,0,0,0,0,0,0,0,0,0,0,0,0,0,0,0,0,0,0,0,0,0,0,0,0,0,0,0,0,0,0,0,0,0,0,0,0,0,0,0,0,0,0,0,0,0,0,0,0,0,0,0,0,0,0,0,0,0,0,0,0,0,0,0,0,0,0,0,0,0,0,0,0,0,0,0,0,0,0,0,0,0,0,0,0,0,0,0,0,0,0,0,0,0,0,0,0,0,0
Head 1,16,4.62E-05,9.30E-05,0.000276655,0.000520474,0.001282882,0.002495144,0.005638685,0.011185516,0.025454249,0.05248832,0.102167241,0.143442854,0.184335738,0.200049818,0.163116992,0.107406229,0,0,0,0,0,0,0,0,0,0,0,0,0,0,0,0,0,0,0,0,0,0,0,0,0,0,0,0,0,0,0,0,0,0,0,0,0,0,0,0,0,0,0,0,0,0,0,0,0,0,0,0,0,0,0,0,0,0,0,0,0,0,0,0,0,0,0,0,0,0,0,0,0,0,0,0,0,0,0,0,0,0,0,0,0,0,0,0,0,0,0,0,0,0,0,0,0,0,0,0,0,0,0,0,0,0,0,0,0,0,0,0
Head 1,17,2.32E-05,4.45E-05,0.000115168,0.000212194,0.000559066,0.00114865,0.002669096,0.005182755,0.01175287,0.026722735,0.06019244,0.099502258,0.150656283,0.192048743,0.188794643,0.153818667,0.106556617,0,0,0,0,0,0,0,0,0,0,0,0,0,0,0,0,0,0,0,0,0,0,0,0,0,0,0,0,0,0,0,0,0,0,0,0,0,0,0,0,0,0,0,0,0,0,0,0,0,0,0,0,0,0,0,0,0,0,0,0,0,0,0,0,0,0,0,0,0,0,0,0,0,0,0,0,0,0,0,0,0,0,0,0,0,0,0,0,0,0,0,0,0,0,0,0,0,0,0,0,0,0,0,0,0,0,0,0,0,0,0
Head 1,18,1.37E-05,2.62E-05,5.26E-05,8.27E-05,0.000213994,0.000460902,0.001156445,0.002282317,0.005085406,0.012103603,0.030075448,0.057969328,0.104749262,0.156611666,0.181209996,0.177508354,0.153985977,0.116412148,0,0,0,0,0,0,0,0,0,0,0,0,0,0,0,0,0,0,0,0,0,0,0,0,0,0,0,0,0,0,0,0,0,0,0,0,0,0,0,0,0,0,0,0,0,0,0,0,0,0,0,0,0,0,0,0,0,0,0,0,0,0,0,0,0,0,0,0,0,0,0,0,0,0,0,0,0,0,0,0,0,0,0,0,0,0,0,0,0,0,0,0,0,0,0,0,0,0,0,0,0,0,0,0,0,0,0,0,0,0
Head 1,19,1.05E-05,2.11E-05,3.29E-05,4.02E-05,8.89E-05,0.000183066,0.000486615,0.001015716,0.002286722,0.005453139,0.01377062,0.028878551,0.060835026,0.107171424,0.145542651,0.164967492,0.174796492,0.16508545,0.129333481,0,0,0,0,0,0,0,0,0,0,0,0,0,0,0,0,0,0,0,0,0,0,0,0,0,0,0,0,0,0,0,0,0,0,0,0,0,0,0,0,0,0,0,0,0,0,0,0,0,0,0,0,0,0,0,0,0,0,0,0,0,0,0,0,0,0,0,0,0,0,0,0,0,0,0,0,0,0,0,0,0,0,0,0,0,0,0,0,0,0,0,0,0,0,0,0,0,0,0,0,0,0,0,0,0,0,0,0,0
Head 1,20,8.28E-06,1.72E-05,2.34E-05,2.25E-05,3.89E-05,6.85E-05,0.000177325,0.000391109,0.000941447,0.0023223,0.005893779,0.012750992,0.029944159,0.061558992,0.099098042,0.129063591,0.16090256,0.189050689,0.183072165,0.124653995,0,0,0,0,0,0,0,0,0,0,0,0,0,0,0,0,0,0,0,0,0,0,0,0,0,0,0,0,0,0,0,0,0,0,0,0,0,0,0,0,0,0,0,0,0,0,0,0,0,0,0,0,0,0,0,0,0,0,0,0,0,0,0,0,0,0,0,0,0,0,0,0,0,0,0,0,0,0,0,0,0,0,0,0,0,0,0,0,0,0,0,0,0,0,0,0,0,0,0,0,0,0,0,0,0,0,0,0
Head 1,21,7.52E-06,1.51E-05,2.10E-05,1.83E-05,2.54E-05,3.54E-05,7.68E-05,0.000161056,0.000408901,0.001074729,0.002798958,0.005960433,0.014192044,0.031201221,0.057197429,0.086427875,0.124761596,0.175915733,0.20718649,0.173251793,0.119262166,0,0,0,0,0,0,0,0,0,0,0,0,0,0,0,0,0,0,0,0,0,0,0,0,0,0,0,0,0,0,0,0,0,0,0,0,0,0,0,0,0,0,0,0,0,0,0,0,0,0,0,0,0,0,0,0,0,0,0,0,0,0,0,0,0,0,0,0,0,0,0,0,0,0,0,0,0,0,0,0,0,0,0,0,0,0,0,0,0,0,0,0,0,0,0,0,0,0,0,0,0,0,0,0,0,0,0
Head 1,22,6.01E-06,1.07E-05,1.73E-05,1.67E-05,2.20E-05,2.69E-05,4.72E-05,8.39E-05,0.000197685,0.000516353,0.001345059,0.002771936,0.006308123,0.013828488,0.027156262,0.047368545,0.078379869,0.130083159,0.184755191,0.194468588,0.169153452,0.143436611,0,0,0,0,0,0,0,0,0,0,0,0,0,0,0,0,0,0,0,0,0,0,0,0,0,0,0,0,0,0,0,0,0,0,0,0,0,0,0,0,0,0,0,0,0,0,0,0,0,0,0,0,0,0,0,0,0,0,0,0,0,0,0,0,0,0,0,0,0,0,0,0,0,0,0,0,0,0,0,0,0,0,0,0,0,0,0,0,0,0,0,0,0,0,0,0,0,0,0,0,0,0,0,0,0,0
Head 1,23,5.01E-06,7.00E-06,1.16E-05,1.13E-05,1.39E-05,1.42E-05,1.85E-05,2.46E-05,4.93E-05,0.000132352,0.000394986,0.000905534,0.002214801,0.005109502,0.01090914,0.022390509,0.044443395,0.091476358,0.157675445,0.191029474,0.192034185,0.178470224,0.102658518,0,0,0,0,0,0,0,0,0,0,0,0,0,0,0,0,0,0,0,0,0,0,0,0,0,0,0,0,0,0,0,0,0,0,0,0,0,0,0,0,0,0,0,0,0,0,0,0,0,0,0,0,0,0,0,0,0,0,0,0,0,0,0,0,0,0,0,0,0,0,0,0,0,0,0,0,0,0,0,0,0,0,0,0,0,0,0,0,0,0,0,0,0,0,0,0,0,0,0,0,0,0,0,0,0
Head 1,24,3.92E-06,4.93E-06,9.05E-06,9.48E-06,1.28E-05,1.36E-05,1.61E-05,1.68E-05,2.57E-05,5.76E-05,0.000162893,0.000379427,0.000978318,0.002301636,0.004879297,0.010498816,0.022331482,0.050624564,0.101487964,0.143594205,0.173418507,0.214399666,0.158583939,0.116189308,0,0,0,0,0,0,0,0,0,0,0,0,0,0,0,0,0,0,0,0,0,0,0,0,0,0,0,0,0,0,0,0,0,0,0,0,0,0,0,0,0,0,0,0,0,0,0,0,0,0,0,0,0,0,0,0,0,0,0,0,0,0,0,0,0,0,0,0,0,0,0,0,0,0,0,0,0,0,0,0,0,0,0,0,0,0,0,0,0,0,0,0,0,0,0,0,0,0,0,0,0,0,0,0
Head 1,25,3.40E-06,3.98E-06,6.29E-06,6.47E-06,9.51E-06,1.16E-05,1.53E-05,1.60E-05,2.11E-05,3.86E-05,9.22E-05,0.000200806,0.000512544,0.001209056,0.002500859,0.005314045,0.011405182,0.026495237,0.0583307,0.094298571,0.130556017,0.22965543,0.159385622,0.164938882,0.11497274,0,0,0,0,0,0,0,0,0,0,0,0,0,0,0,0,0,0,0,0,0,0,0,0,0,0,0,0,0,0,0,0,0,0,0,0,0,0,0,0,0,0,0,0,0,0,0,0,0,0,0,0,0,0,0,0,0,0,0,0,0,0,0,0,0,0,0,0,0,0,0,0,0,0,0,0,0,0,0,0,0,0,0,0,0,0,0,0,0,0,0,0,0,0,0,0,0,0,0,0,0,0,0
Head 1,26,2.20E-06,3.01E-06,5.07E-06,4.86E-06,6.75E-06,7.95E-06,1.09E-05,1.08E-05,1.15E-05,1.58E-05,2.83E-05,5.13E-05,0.000129733,0.000337402,0.000778077,0.001775242,0.004055914,0.01049905,0.027807469,0.05525035,0.091009453,0.170204282,0.17801334,0.196172103,0.149136007,0.114673205,0,0,0,0,0,0,0,0,0,0,0,0,0,0,0,0,0,0,0,0,0,0,0,0,0,0,0,0,0,0,0,0,0,0,0,0,0,0,0,0,0,0,0,0,0,0,0,0,0,0,0,0,0,0,0,0,0,0,0,0,0,0,0,0,0,0,0,0,0,0,0,0,0,0,0,0,0,0,0,0,0,0,0,0,0,0,0,0,0,0,0,0,0,0,0,0,0,0,0,0,0,0
Head 1,27,1.74E-06,2.88E-06,4.90E-06,4.51E-06,6.06E-06,6.91E-06,1.01E-05,1.10E-05,1.20E-05,1.50E-05,2.14E-05,3.01E-05,6.38E-05,0.000152752,0.000354014,0.000832094,0.001976771,0.005099202,0.013530225,0.028421056,0.052247707,0.103618629,0.138552859,0.177550212,0.178898528,0.178669423,0.119906254,0,0,0,0,0,0,0,0,0,0,0,0,0,0,0,0,0,0,0,0,0,0,0,0,0,0,0,0,0,0,0,0,0,0,0,0,0,0,0,0,0,0,0,0,0,0,0,0,0,0,0,0,0,0,0,0,0,0,0,0,0,0,0,0,0,0,0,0,0,0,0,0,0,0,0,0,0,0,0,0,0,0,0,0,0,0,0,0,0,0,0,0,0,0,0,0,0,0,0,0,0
Head 1,28,1.31E-06,2.42E-06,4.15E-06,3.80E-06,4.78E-06,4.90E-06,6.86E-06,8.03E-06,9.80E-06,1.25E-05,1.61E-05,1.80E-05,2.99E-05,6.01E-05,0.000132106,0.000316223,0.000793586,0.002131999,0.005755002,0.012825076,0.026536021,0.056806434,0.093217418,0.13504529,0.167478517,0.204901248,0.175244704,0.118633583,0,0,0,0,0,0,0,0,0,0,0,0,0,0,0,0,0,0,0,0,0,0,0,0,0,0,0,0,0,0,0,0,0,0,0,0,0,0,0,0,0,0,0,0,0,0,0,0,0,0,0,0,0,0,0,0,0,0,0,0,0,0,0,0,0,0,0,0,0,0,0,0,0,0,0,0,0,0,0,0,0,0,0,0,0,0,0,0,0,0,0,0,0,0,0,0,0,0,0,0
Head 1,29,2.60E-06,4.09E-06,5.75E-06,4.69E-06,4.92E-06,4.21E-06,4.78E-06,5.17E-06,6.77E-06,9.72E-06,1.37E-05,1.51E-05,2.17E-05,3.54E-05,6.59E-05,0.000144809,0.000357707,0.000967543,0.002528321,0.005651031,0.01234489,0.031535242,0.049119696,0.084696263,0.148183525,0.169813216,0.197948098,0.174155369,0.122349814,0,0,0,0,0,0,0,0,0,0,0,0,0,0,0,0,0,0,0,0,0,0,0,0,0,0,0,0,0,0,0,0,0,0,0,0,0,0,0,0,0,0,0,0,0,0,0,0,0,0,0,0,0,0,0,0,0,0,0,0,0,0,0,0,0,0,0,0,0,0,0,0,0,0,0,0,0,0,0,0,0,0,0,0,0,0,0,0,0,0,0,0,0,0,0,0,0,0,0
Head 1,30,2.32E-06,3.33E-06,5.07E-06,4.50E-06,4.86E-06,4.01E-06,3.89E-06,3.55E-06,4.22E-06,6.02E-06,8.99E-06,1.01E-05,1.31E-05,1.73E-05,2.58E-05,4.84E-05,0.000113384,0.000326271,0.000906618,0.00211041,0.00477125,0.013154468,0.022734236,0.048366666,0.096368745,0.142613679,0.18286258,0.200842291,0.181762218,0.10290166,0,0,0,0,0,0,0,0,0,0,0,0,0,0,0,0,0,0,0,0,0,0,0,0,0,0,0,0,0,0,0,0,0,0,0,0,0,0,0,0,0,0,0,0,0,0,0,0,0,0,0,0,0,0,0,0,0,0,0,0,0,0,0,0,0,0,0,0,0,0,0,0,0,0,0,0,0,0,0,0,0,0,0,0,0,0,0,0,0,0,0,0,0,0,0,0,0,0
Head 1,31,2.01E-06,2.55E-06,4.34E-06,4.19E-06,4.90E-06,4.32E-06,3.97E-06,3.18E-06,3.23E-06,4.15E-06,6.22E-06,7.38E-06,9.64E-06,1.16E-05,1.41E-05,2.13E-05,4.16E-05,0.000113238,0.000324775,0.00079549,0.001850939,0.005582898,0.008953032,0.023603771,0.050053176,0.096864656,0.137533441,0.184513271,0.228817225,0.154134989,0.106710501,0,0,0,0,0,0,0,0,0,0,0,0,0,0,0,0,0,0,0,0,0,0,0,0,0,0,0,0,0,0,0,0,0,0,0,0,0,0,0,0,0,0,0,0,0,0,0,0,0,0,0,0,0,0,0,0,0,0,0,0,0,0,0,0,0,0,0,0,0,0,0,0,0,0,0,0,0,0,0,0,0,0,0,0,0,0,0,0,0,0,0,0,0,0,0,0,0
Head 1,32,1.56E-06,1.86E-06,3.57E-06,3.72E-06,4.78E-06,4.68E-06,4.52E-06,3.45E-06,3.07E-06,3.39E-06,4.64E-06,5.51E-06,7.57E-06,9.23E-06,1.02E-05,1.29E-05,1.99E-05,4.51E-05,0.000121124,0.000298592,0.000711,0.002428487,0.003364296,0.010519256,0.023012357,0.051107451,0.084566429,0.132924557,0.216899425,0.19543916,0.16034472,0.118113346,0,0,0,0,0,0,0,0,0,0,0,0,0,0,0,0,0,0,0,0,0,0,0,0,0,0,0,0,0,0,0,0,0,0,0,0,0,0,0,0,0,0,0,0,0,0,0,0,0,0,0,0,0,0,0,0,0,0,0,0,0,0,0,0,0,0,0,0,0,0,0,0,0,0,0,0,0,0,0,0,0,0,0,0,0,0,0,0,0,0,0,0,0,0,0,0
Head 1,33,9.32E-07,1.16E-06,2.47E-06,2.79E-06,3.91E-06,4.19E-06,4.51E-06,3.66E-06,3.09E-06,2.98E-06,3.46E-06,3.72E-06,5.10E-06,6.58E-06,7.42E-06,8.64E-06,1.10E-05,1.93E-05,4.35E-05,1.00E-04,0.000236495,0.000926306,0.001174542,0.004160209,0.009542852,0.022003753,0.044551067,0.080245614,0.157140106,0.194443285,0.197827563,0.171035066,0.116474755,0,0,0,0,0,0,0,0,0,0,0,0,0,0,0,0,0,0,0,0,0,0,0,0,0,0,0,0,0,0,0,0,0,0,0,0,0,0,0,0,0,0,0,0,0,0,0,0,0,0,0,0,0,0,0,0,0,0,0,0,0,0,0,0,0,0,0,0,0,0,0,0,0,0,0,0,0,0,0,0,0,0,0,0,0,0,0,0,0,0,0,0,0,0,0
Head 1,34,1.43E-07,2.00E-07,4.76E-07,6.20E-07,1.08E-06,1.41E-06,1.98E-06,2.09E-06,2.19E-06,2.39E-06,2.81E-06,2.85E-06,3.73E-06,4.77E-06,5.42E-06,6.06E-06,6.67E-06,9.05E-06,1.60E-05,3.08E-05,6.99E-05,0.00028246,0.00046255,0.001688402,0.003748717,0.009927663,0.023607707,0.048031632,0.083412319,0.148427144,0.199253827,0.208592206,0.166979104,0.10541565,0,0,0,0,0,0,0,0,0,0,0,0,0,0,0,0,0,0,0,0,0,0,0,0,0,0,0,0,0,0,0,0,0,0,0,0,0,0,0,0,0,0,0,0,0,0,0,0,0,0,0,0,0,0,0,0,0,0,0,0,0,0,0,0,0,0,0,0,0,0,0,0,0,0,0,0,0,0,0,0,0,0,0,0,0,0,0,0,0,0,0,0,0,0
Head 1,35,1.58E-07,2.43E-07,5.05E-07,6.07E-07,1.02E-06,1.29E-06,1.90E-06,2.19E-06,2.52E-06,2.89E-06,3.26E-06,3.04E-06,3.74E-06,4.68E-06,5.61E-06,6.73E-06,7.66E-06,9.20E-06,1.30E-05,1.95E-05,3.70E-05,0.000129204,0.000219113,0.00079189,0.001965909,0.004692651,0.01283264,0.026912032,0.044972613,0.086566985,0.144918233,0.195078522,0.210368499,0.172359496,0.098065414,0,0,0,0,0,0,0,0,0,0,0,0,0,0,0,0,0,0,0,0,0,0,0,0,0,0,0,0,0,0,0,0,0,0,0,0,0,0,0,0,0,0,0,0,0,0,0,0,0,0,0,0,0,0,0,0,0,0,0,0,0,0,0,0,0,0,0,0,0,0,0,0,0,0,0,0,0,0,0,0,0,0,0,0,0,0,0,0,0,0,0,0,0
Head 1,36,9.83E-08,1.62E-07,3.05E-07,3.59E-07,6.19E-07,7.97E-07,1.21E-06,1.48E-06,1.88E-06,2.39E-06,2.82E-06,2.56E-06,2.87E-06,3.20E-06,3.68E-06,4.54E-06,5.65E-06,6.97E-06,8.73E-06,1.05E-05,1.55E-05,4.54E-05,6.94E-05,0.000258542,0.000734184,0.00172726,0.005390317,0.012277374,0.021844892,0.04619997,0.094581537,0.154740378,0.208102196,0.199304655,0.148069471,0.106578052,0,0,0,0,0,0,0,0,0,0,0,0,0,0,0,0,0,0,0,0,0,0,0,0,0,0,0,0,0,0,0,0,0,0,0,0,0,0,0,0,0,0,0,0,0,0,0,0,0,0,0,0,0,0,0,0,0,0,0,0,0,0,0,0,0,0,0,0,0,0,0,0,0,0,0,0,0,0,0,0,0,0,0,0,0,0,0,0,0,0,0,0
Head 1,37,1.06E-07,1.70E-07,2.84E-07,3.08E-07,5.05E-07,6.40E-07,9.64E-07,1.21E-06,1.65E-06,2.28E-06,2.94E-06,2.82E-06,3.10E-06,3.15E-06,3.29E-06,3.83E-06,4.93E-06,6.57E-06,8.29E-06,8.95E-06,1.08E-05,2.46E-05,2.88E-05,9.69E-05,0.00029055,0.000681049,0.002321308,0.005628364,0.010828581,0.021974403,0.050329033,0.098446578,0.164809093,0.190536782,0.177366316,0.16187495,0.114695974,0,0,0,0,0,0,0,0,0,0,0,0,0,0,0,0,0,0,0,0,0,0,0,0,0,0,0,0,0,0,0,0,0,0,0,0,0,0,0,0,0,0,0,0,0,0,0,0,0,0,0,0,0,0,0,0,0,0,0,0,0,0,0,0,0,0,0,0,0,0,0,0,0,0,0,0,0,0,0,0,0,0,0,0,0,0,0,0,0,0,0
Head 1,38,1.10E-07,1.59E-07,2.58E-07,2.63E-07,4.00E-07,4.93E-07,7.16E-07,8.86E-07,1.25E-06,1.83E-06,2.60E-06,2.74E-06,3.16E-06,3.10E-06,2.94E-06,3.10E-06,3.79E-06,5.27E-06,7.07E-06,7.63E-06,8.36E-06,1.59E-05,1.34E-05,3.77E-05,0.000104247,0.000240559,0.000867907,0.002290707,0.005028244,0.009739926,0.023514023,0.052609727,0.104022123,0.146588847,0.162817404,0.194207817,0.173965365,0.123880006,0,0,0,0,0,0,0,0,0,0,0,0,0,0,0,0,0,0,0,0,0,0,0,0,0,0,0,0,0,0,0,0,0,0,0,0,0,0,0,0,0,0,0,0,0,0,0,0,0,0,0,0,0,0,0,0,0,0,0,0,0,0,0,0,0,0,0,0,0,0,0,0,0,0,0,0,0,0,0,0,0,0,0,0,0,0,0,0,0,0
Head 1,39,2.47E-07,3.19E-07,5.52E-07,6.03E-07,9.14E-07,1.15E-06,1.60E-06,1.87E-06,2.45E-06,3.26E-06,4.30E-06,4.30E-06,4.51E-06,3.85E-06,3.00E-06,2.56E-06,2.58E-06,3.31E-06,4.68E-06,5.67E-06,6.77E-06,1.55E-05,8.69E-06,2.06E-05,5.50E-05,8.56E-05,0.000331748,0.000889977,0.002426614,0.004225647,0.010494171,0.026231725,0.057675272,0.079727657,0.111667678,0.166755915,0.199621439,0.187310174,0.152398184,0,0,0,0,0,0,0,0,0,0,0,0,0,0,0,0,0,0,0,0,0,0,0,0,0,0,0,0,0,0,0,0,0,0,0,0,0,0,0,0,0,0,0,0,0,0,0,0,0,0,0,0,0,0,0,0,0,0,0,0,0,0,0,0,0,0,0,0,0,0,0,0,0,0,0,0,0,0,0,0,0,0,0,0,0,0,0,0,0
Head 1,40,1.29E-07,1.53E-07,2.93E-07,3.40E-07,5.18E-07,6.59E-07,9.18E-07,1.08E-06,1.48E-06,2.10E-06,3.02E-06,3.34E-06,3.92E-06,3.71E-06,3.01E-06,2.47E-06,2.14E-06,2.31E-06,2.96E-06,3.51E-06,4.30E-06,1.09E-05,5.24E-06,9.91E-06,2.24E-05,2.65E-05,9.32E-05,0.00025415,0.000817656,0.00141491,0.003603692,0.009783605,0.023732355,0.039306346,0.06263753,0.112979569,0.168181479,0.204299793,0.222573206,0.15020518,0,0,0,0,0,0,0,0,0,0,0,0,0,0,0,0,0,0,0,0,0,0,0,0,0,0,0,0,0,0,0,0,0,0,0,0,0,0,0,0,0,0,0,0,0,0,0,0,0,0,0,0,0,0,0,0,0,0,0,0,0,0,0,0,0,0,0,0,0,0,0,0,0,0,0,0,0,0,0,0,0,0,0,0,0,0,0,0
Head 1,41,3.09E-08,3.25E-08,6.49E-08,7.57E-08,1.17E-07,1.44E-07,1.90E-07,2.09E-07,2.75E-07,4.16E-07,6.85E-07,9.16E-07,1.40E-06,1.77E-06,1.88E-06,1.94E-06,1.89E-06,2.08E-06,2.59E-06,2.87E-06,3.33E-06,7.47E-06,3.74E-06,6.33E-06,9.61E-06,1.09E-05,2.93E-05,7.34E-05,0.000234367,0.000501195,0.001367602,0.003816875,0.009168894,0.019158494,0.033809397,0.070355721,0.125559002,0.189656258,0.227246121,0.195187256,0.123775177,0,0,0,0,0,0,0,0,0,0,0,0,0,0,0,0,0,0,0,0,0,0,0,0,0,0,0,0,0,0,0,0,0,0,0,0,0,0,0,0,0,0,0,0,0,0,0,0,0,0,0,0,0,0,0,0,0,0,0,0,0,0,0,0,0,0,0,0,0,0,0,0,0,0,0,0,0,0,0,0,0,0,0,0,0,0,0
Head 1,42,3.84E-08,3.96E-08,7.79E-08,9.27E-08,1.48E-07,1.88E-07,2.55E-07,2.73E-07,3.25E-07,4.35E-07,6.34E-07,7.95E-07,1.23E-06,1.66E-06,1.94E-06,2.21E-06,2.27E-06,2.38E-06,2.81E-06,2.93E-06,3.37E-06,7.74E-06,4.18E-06,6.76E-06,9.56E-06,8.48E-06,1.95E-05,3.87E-05,0.000105484,0.000227679,0.000646343,0.001870636,0.004514377,0.008939303,0.018528348,0.037103724,0.071197584,0.128006145,0.19614239,0.232219964,0.181358874,0.119020037,0,0,0,0,0,0,0,0,0,0,0,0,0,0,0,0,0,0,0,0,0,0,0,0,0,0,0,0,0,0,0,0,0,0,0,0,0,0,0,0,0,0,0,0,0,0,0,0,0,0,0,0,0,0,0,0,0,0,0,0,0,0,0,0,0,0,0,0,0,0,0,0,0,0,0,0,0,0,0,0,0,0,0,0,0,0
Head 1,43,5.36E-08,6.27E-08,1.12E-07,1.37E-07,2.34E-07,3.32E-07,5.21E-07,6.41E-07,8.21E-07,1.10E-06,1.50E-06,1.77E-06,2.51E-06,3.15E-06,3.48E-06,3.72E-06,3.54E-06,3.11E-06,2.87E-06,2.42E-06,2.41E-06,5.80E-06,3.09E-06,4.99E-06,9.78E-06,6.61E-06,1.36E-05,2.24E-05,5.89E-05,9.92E-05,0.000260855,0.000754145,0.001905093,0.003393136,0.009199886,0.017834121,0.035240177,0.069262005,0.156462818,0.229832932,0.178405955,0.168042213,0.129147828,0,0,0,0,0,0,0,0,0,0,0,0,0,0,0,0,0,0,0,0,0,0,0,0,0,0,0,0,0,0,0,0,0,0,0,0,0,0,0,0,0,0,0,0,0,0,0,0,0,0,0,0,0,0,0,0,0,0,0,0,0,0,0,0,0,0,0,0,0,0,0,0,0,0,0,0,0,0,0,0,0,0,0,0,0
Head 1,44,3.29E-08,4.04E-08,6.08E-08,6.65E-08,1.07E-07,1.49E-07,2.47E-07,3.30E-07,4.50E-07,6.31E-07,8.71E-07,1.04E-06,1.51E-06,2.00E-06,2.43E-06,2.92E-06,3.23E-06,3.16E-06,2.95E-06,2.30E-06,2.00E-06,4.14E-06,2.06E-06,3.14E-06,6.81E-06,4.32E-06,7.94E-06,1.10E-05,2.47E-05,3.52E-05,8.57E-05,0.000242714,0.000647576,0.001122547,0.003883526,0.00793907,0.016961165,0.036281671,0.091891959,0.177861616,0.16418314,0.191104949,0.18903394,0.118634693,0,0,0,0,0,0,0,0,0,0,0,0,0,0,0,0,0,0,0,0,0,0,0,0,0,0,0,0,0,0,0,0,0,0,0,0,0,0,0,0,0,0,0,0,0,0,0,0,0,0,0,0,0,0,0,0,0,0,0,0,0,0,0,0,0,0,0,0,0,0,0,0,0,0,0,0,0,0,0,0,0,0,0,0
Head 1,45,1.41E-08,1.74E-08,2.45E-08,2.32E-08,3.21E-08,3.86E-08,5.86E-08,7.56E-08,1.03E-07,1.45E-07,1.94E-07,2.17E-07,3.06E-07,4.12E-07,5.58E-07,8.18E-07,1.21E-06,1.66E-06,2.12E-06,2.04E-06,2.01E-06,3.62E-06,2.19E-06,2.79E-06,5.33E-06,3.64E-06,6.14E-06,7.24E-06,1.09E-05,1.27E-05,2.75E-05,7.44E-05,0.000211853,0.000394704,0.0014686,0.003467766,0.008313952,0.019231558,0.041971162,0.101131208,0.149087831,0.186490387,0.209392324,0.16839537,0.11027462,0,0,0,0,0,0,0,0,0,0,0,0,0,0,0,0,0,0,0,0,0,0,0,0,0,0,0,0,0,0,0,0,0,0,0,0,0,0,0,0,0,0,0,0,0,0,0,0,0,0,0,0,0,0,0,0,0,0,0,0,0,0,0,0,0,0,0,0,0,0,0,0,0,0,0,0,0,0,0,0,0,0,0
Head 1,46,1.76E-08,2.17E-08,3.40E-08,3.36E-08,4.59E-08,5.39E-08,7.73E-08,9.71E-08,1.34E-07,1.96E-07,2.70E-07,2.99E-07,3.91E-07,4.60E-07,5.40E-07,7.19E-07,1.05E-06,1.59E-06,2.28E-06,2.41E-06,2.54E-06,4.05E-06,2.57E-06,2.99E-06,5.58E-06,4.34E-06,6.93E-06,8.17E-06,1.15E-05,1.02E-05,1.74E-05,4.00E-05,0.000102275,0.000179253,0.000670586,0.001711734,0.004542144,0.01079006,0.022575842,0.050477006,0.086077943,0.129388392,0.191384852,0.214669913,0.175801143,0.111501917,0,0,0,0,0,0,0,0,0,0,0,0,0,0,0,0,0,0,0,0,0,0,0,0,0,0,0,0,0,0,0,0,0,0,0,0,0,0,0,0,0,0,0,0,0,0,0,0,0,0,0,0,0,0,0,0,0,0,0,0,0,0,0,0,0,0,0,0,0,0,0,0,0,0,0,0,0,0,0,0,0,0
Head 1,47,3.09E-08,3.43E-08,5.48E-08,5.58E-08,7.41E-08,8.68E-08,1.20E-07,1.52E-07,2.23E-07,3.56E-07,5.59E-07,7.23E-07,1.04E-06,1.26E-06,1.43E-06,1.73E-06,2.26E-06,3.16E-06,4.24E-06,4.27E-06,4.09E-06,5.93E-06,2.38E-06,2.52E-06,4.46E-06,3.02E-06,4.73E-06,6.08E-06,1.17E-05,1.02E-05,1.45E-05,2.69E-05,5.53E-05,7.42E-05,0.00030242,0.000747969,0.002117085,0.005354036,0.0130453,0.026924543,0.041703336,0.071961552,0.157129735,0.216573611,0.177016959,0.159893826,0.12698175,0,0,0,0,0,0,0,0,0,0,0,0,0,0,0,0,0,0,0,0,0,0,0,0,0,0,0,0,0,0,0,0,0,0,0,0,0,0,0,0,0,0,0,0,0,0,0,0,0,0,0,0,0,0,0,0,0,0,0,0,0,0,0,0,0,0,0,0,0,0,0,0,0,0,0,0,0,0,0,0,0
Head 1,48,8.50E-09,8.71E-09,1.70E-08,1.83E-08,2.37E-08,2.52E-08,2.92E-08,3.07E-08,3.87E-08,5.68E-08,8.77E-08,1.11E-07,1.61E-07,1.95E-07,2.17E-07,2.68E-07,3.63E-07,5.83E-07,1.02E-06,1.39E-06,1.90E-06,3.24E-06,2.02E-06,2.09E-06,3.04E-06,2.57E-06,3.42E-06,4.36E-06,7.30E-06,5.59E-06,6.58E-06,1.01E-05,1.72E-05,2.33E-05,7.69E-05,0.000206518,0.000677546,0.002065053,0.005323459,0.011596292,0.024306986,0.045299578,0.086275667,0.15953207,0.208805442,0.202053085,0.160592541,0.093091495,0,0,0,0,0,0,0,0,0,0,0,0,0,0,0,0,0,0,0,0,0,0,0,0,0,0,0,0,0,0,0,0,0,0,0,0,0,0,0,0,0,0,0,0,0,0,0,0,0,0,0,0,0,0,0,0,0,0,0,0,0,0,0,0,0,0,0,0,0,0,0,0,0,0,0,0,0,0,0,0
Head 1,49,6.86E-09,6.96E-09,1.63E-08,2.07E-08,3.04E-08,3.52E-08,4.20E-08,4.34E-08,5.16E-08,7.10E-08,1.05E-07,1.32E-07,1.96E-07,2.51E-07,2.85E-07,3.41E-07,4.09E-07,5.62E-07,9.04E-07,1.26E-06,1.90E-06,3.75E-06,2.49E-06,2.78E-06,3.60E-06,3.05E-06,3.70E-06,4.69E-06,8.45E-06,7.15E-06,7.69E-06,1.01E-05,1.38E-05,1.58E-05,4.45E-05,9.92E-05,0.000302312,0.00095164,0.002919626,0.006426238,0.013265491,0.027911751,0.049580596,0.095786929,0.156231955,0.191628858,0.206745714,0.151137993,0.096873477,0,0,0,0,0,0,0,0,0,0,0,0,0,0,0,0,0,0,0,0,0,0,0,0,0,0,0,0,0,0,0,0,0,0,0,0,0,0,0,0,0,0,0,0,0,0,0,0,0,0,0,0,0,0,0,0,0,0,0,0,0,0,0,0,0,0,0,0,0,0,0,0,0,0,0,0,0,0,0
Head 1,50,3.57E-09,3.71E-09,9.23E-09,1.31E-08,2.18E-08,2.73E-08,3.39E-08,3.44E-08,3.82E-08,4.95E-08,6.87E-08,8.42E-08,1.25E-07,1.68E-07,2.04E-07,2.59E-07,3.13E-07,3.97E-07,5.84E-07,7.69E-07,1.19E-06,2.70E-06,2.02E-06,2.62E-06,3.29E-06,2.63E-06,2.92E-06,3.44E-06,6.18E-06,6.20E-06,6.83E-06,8.23E-06,9.53E-06,8.81E-06,2.26E-05,4.11E-05,0.000110996,0.000342153,0.001183355,0.002872124,0.006260483,0.016011719,0.028013317,0.054446749,0.101369351,0.144415826,0.201111361,0.194036379,0.151671767,0.098020971,0,0,0,0,0,0,0,0,0,0,0,0,0,0,0,0,0,0,0,0,0,0,0,0,0,0,0,0,0,0,0,0,0,0,0,0,0,0,0,0,0,0,0,0,0,0,0,0,0,0,0,0,0,0,0,0,0,0,0,0,0,0,0,0,0,0,0,0,0,0,0,0,0,0,0,0,0,0
Head 1,51,5.67E-09,6.24E-09,1.29E-08,1.76E-08,3.07E-08,4.22E-08,5.79E-08,6.18E-08,6.87E-08,8.84E-08,1.21E-07,1.53E-07,2.35E-07,3.41E-07,4.64E-07,6.79E-07,9.38E-07,1.24E-06,1.73E-06,2.04E-06,2.72E-06,6.44E-06,3.83E-06,5.04E-06,6.94E-06,3.34E-06,3.41E-06,3.08E-06,5.20E-06,5.42E-06,6.85E-06,8.89E-06,1.06E-05,6.98E-06,1.68E-05,2.57E-05,5.83E-05,0.000158191,0.00058743,0.001304834,0.002414346,0.008026397,0.016974162,0.032107454,0.052310385,0.084467448,0.177317411,0.165323094,0.187366113,0.158845991,0.112608865,0,0,0,0,0,0,0,0,0,0,0,0,0,0,0,0,0,0,0,0,0,0,0,0,0,0,0,0,0,0,0,0,0,0,0,0,0,0,0,0,0,0,0,0,0,0,0,0,0,0,0,0,0,0,0,0,0,0,0,0,0,0,0,0,0,0,0,0,0,0,0,0,0,0,0,0,0
Head 1,52,3.64E-09,4.55E-09,8.47E-09,1.09E-08,1.92E-08,2.74E-08,4.11E-08,4.64E-08,5.10E-08,6.12E-08,7.48E-08,8.50E-08,1.21E-07,1.70E-07,2.34E-07,3.56E-07,5.35E-07,7.64E-07,1.11E-06,1.32E-06,1.75E-06,4.21E-06,2.87E-06,4.30E-06,7.40E-06,3.85E-06,3.98E-06,3.20E-06,4.49E-06,4.23E-06,5.29E-06,6.91E-06,8.42E-06,4.83E-06,1.03E-05,1.33E-05,2.51E-05,5.86E-05,0.000212632,0.000479726,0.000825718,0.003256443,0.007925345,0.015282815,0.028340129,0.050813679,0.11397893,0.127071455,0.175034314,0.195489869,0.17738162,0.10372933,0,0,0,0,0,0,0,0,0,0,0,0,0,0,0,0,0,0,0,0,0,0,0,0,0,0,0,0,0,0,0,0,0,0,0,0,0,0,0,0,0,0,0,0,0,0,0,0,0,0,0,0,0,0,0,0,0,0,0,0,0,0,0,0,0,0,0,0,0,0,0,0,0,0,0,0
Head 1,53,3.40E-09,4.59E-09,7.50E-09,8.79E-09,1.47E-08,2.09E-08,3.32E-08,4.12E-08,4.86E-08,5.91E-08,6.86E-08,7.14E-08,9.19E-08,1.18E-07,1.54E-07,2.30E-07,3.62E-07,5.62E-07,8.59E-07,1.06E-06,1.38E-06,3.14E-06,2.19E-06,3.57E-06,7.53E-06,4.66E-06,5.38E-06,4.33E-06,5.31E-06,4.31E-06,4.94E-06,6.19E-06,7.71E-06,4.16E-06,8.19E-06,9.54E-06,1.54E-05,2.96E-05,9.43E-05,0.000197935,0.000298395,0.001232613,0.003602143,0.007032984,0.013851587,0.029282873,0.063582391,0.080320843,0.126201391,0.179399341,0.230933666,0.161649898,0.102188297,0,0,0,0,0,0,0,0,0,0,0,0,0,0,0,0,0,0,0,0,0,0,0,0,0,0,0,0,0,0,0,0,0,0,0,0,0,0,0,0,0,0,0,0,0,0,0,0,0,0,0,0,0,0,0,0,0,0,0,0,0,0,0,0,0,0,0,0,0,0,0,0,0,0,0
Head 1,54,7.50E-10,1.08E-09,1.78E-09,2.02E-09,3.37E-09,4.84E-09,8.11E-09,1.15E-08,1.57E-08,2.09E-08,2.44E-08,2.36E-08,2.71E-08,2.96E-08,3.34E-08,4.32E-08,6.22E-08,9.47E-08,1.46E-07,1.79E-07,2.31E-07,4.45E-07,3.44E-07,6.06E-07,1.38E-06,1.51E-06,2.46E-06,2.72E-06,3.18E-06,3.04E-06,3.59E-06,4.45E-06,5.59E-06,3.39E-06,6.04E-06,6.45E-06,8.99E-06,1.40E-05,2.96E-05,5.97E-05,0.000106701,0.000391687,0.001262543,0.002948407,0.007427883,0.018767677,0.03207279,0.056260921,0.092176743,0.150439024,0.196066931,0.199184507,0.154402405,0.088333301,0,0,0,0,0,0,0,0,0,0,0,0,0,0,0,0,0,0,0,0,0,0,0,0,0,0,0,0,0,0,0,0,0,0,0,0,0,0,0,0,0,0,0,0,0,0,0,0,0,0,0,0,0,0,0,0,0,0,0,0,0,0,0,0,0,0,0,0,0,0,0,0,0,0
Head 1,55,1.30E-09,1.70E-09,2.60E-09,2.62E-09,3.65E-09,4.60E-09,6.94E-09,9.94E-09,1.55E-08,2.41E-08,3.26E-08,3.50E-08,4.23E-08,4.68E-08,5.16E-08,6.27E-08,8.31E-08,1.22E-07,1.91E-07,2.49E-07,3.44E-07,6.21E-07,4.26E-07,6.11E-07,1.25E-06,1.34E-06,2.53E-06,3.36E-06,4.14E-06,3.65E-06,3.96E-06,4.70E-06,5.95E-06,4.21E-06,6.61E-06,7.47E-06,1.02E-05,1.42E-05,2.46E-05,3.83E-05,6.55E-05,0.000206657,0.000632724,0.001554558,0.003930866,0.011859563,0.021034986,0.035715558,0.06008558,0.0973709,0.139476314,0.190641478,0.204635367,0.150565132,0.082085326,0,0,0,0,0,0,0,0,0,0,0,0,0,0,0,0,0,0,0,0,0,0,0,0,0,0,0,0,0,0,0,0,0,0,0,0,0,0,0,0,0,0,0,0,0,0,0,0,0,0,0,0,0,0,0,0,0,0,0,0,0,0,0,0,0,0,0,0,0,0,0,0,0
Head 1,56,1.12E-09,1.27E-09,1.99E-09,2.05E-09,2.74E-09,3.17E-09,4.10E-09,5.21E-09,8.09E-09,1.37E-08,2.12E-08,2.47E-08,3.06E-08,3.29E-08,3.47E-08,4.06E-08,5.04E-08,7.11E-08,1.09E-07,1.46E-07,2.14E-07,4.35E-07,2.89E-07,3.99E-07,7.25E-07,7.22E-07,1.40E-06,2.18E-06,3.34E-06,3.09E-06,3.27E-06,3.62E-06,4.17E-06,3.01E-06,4.31E-06,5.27E-06,7.37E-06,9.75E-06,1.60E-05,1.92E-05,2.70E-05,7.84E-05,0.000217479,0.000541122,0.001346528,0.004806521,0.010454231,0.01907447,0.037071668,0.0608344,0.090369366,0.14658998,0.206440553,0.197926611,0.133967757,0.090164527,0,0,0,0,0,0,0,0,0,0,0,0,0,0,0,0,0,0,0,0,0,0,0,0,0,0,0,0,0,0,0,0,0,0,0,0,0,0,0,0,0,0,0,0,0,0,0,0,0,0,0,0,0,0,0,0,0,0,0,0,0,0,0,0,0,0,0,0,0,0,0,0
Head 1,57,4.80E-09,4.16E-09,5.64E-09,5.61E-09,7.04E-09,7.62E-09,8.33E-09,8.61E-09,1.13E-08,1.79E-08,2.92E-08,3.77E-08,5.03E-08,5.65E-08,6.00E-08,7.13E-08,8.89E-08,1.27E-07,1.99E-07,2.83E-07,4.56E-07,1.23E-06,7.81E-07,1.29E-06,2.41E-06,1.90E-06,3.11E-06,4.40E-06,8.07E-06,6.74E-06,5.96E-06,5.23E-06,4.37E-06,2.35E-06,3.13E-06,3.60E-06,5.23E-06,7.36E-06,1.60E-05,1.77E-05,1.70E-05,4.69E-05,0.000127689,0.000259289,0.000499964,0.001992914,0.005383622,0.008772017,0.021367714,0.036915462,0.06427291,0.108028352,0.17421034,0.163899869,0.169683203,0.149379075,0.095041402,0,0,0,0,0,0,0,0,0,0,0,0,0,0,0,0,0,0,0,0,0,0,0,0,0,0,0,0,0,0,0,0,0,0,0,0,0,0,0,0,0,0,0,0,0,0,0,0,0,0,0,0,0,0,0,0,0,0,0,0,0,0,0,0,0,0,0,0,0,0,0
Head 1,58,8.13E-10,7.27E-10,1.09E-09,1.17E-09,1.70E-09,2.12E-09,2.50E-09,2.53E-09,3.11E-09,4.80E-09,8.20E-09,1.18E-08,1.78E-08,2.11E-08,2.18E-08,2.39E-08,2.56E-08,3.05E-08,4.14E-08,5.09E-08,7.34E-08,1.88E-07,1.34E-07,2.14E-07,3.55E-07,3.09E-07,5.09E-07,7.97E-07,1.60E-06,2.05E-06,2.73E-06,3.31E-06,3.33E-06,2.32E-06,2.51E-06,2.94E-06,4.26E-06,6.05E-06,1.11E-05,1.05E-05,9.40E-06,2.24E-05,4.06E-05,7.98E-05,0.000184159,0.000653702,0.001933842,0.00405159,0.012101901,0.024654936,0.034448382,0.060587101,0.11307101,0.161401927,0.175255537,0.203466967,0.126126289,0.081854761,0,0,0,0,0,0,0,0,0,0,0,0,0,0,0,0,0,0,0,0,0,0,0,0,0,0,0,0,0,0,0,0,0,0,0,0,0,0,0,0,0,0,0,0,0,0,0,0,0,0,0,0,0,0,0,0,0,0,0,0,0,0,0,0,0,0,0,0,0,0
Head 1,59,1.49E-09,1.41E-09,1.83E-09,1.73E-09,2.35E-09,2.96E-09,3.56E-09,3.39E-09,3.51E-09,4.53E-09,6.83E-09,9.91E-09,1.70E-08,2.36E-08,2.78E-08,3.28E-08,3.64E-08,4.23E-08,5.53E-08,6.42E-08,8.50E-08,2.13E-07,1.55E-07,2.57E-07,4.67E-07,3.85E-07,5.68E-07,7.40E-07,1.39E-06,1.81E-06,2.72E-06,3.83E-06,4.22E-06,3.05E-06,3.16E-06,3.24E-06,4.39E-06,6.30E-06,1.26E-05,1.29E-05,9.48E-06,2.05E-05,3.10E-05,4.68E-05,9.60E-05,0.000299698,0.000869129,0.001693537,0.005793208,0.014036535,0.022209786,0.037753403,0.069987401,0.105296329,0.132163197,0.201213658,0.17520012,0.145761147,0.087456301,0,0,0,0,0,0,0,0,0,0,0,0,0,0,0,0,0,0,0,0,0,0,0,0,0,0,0,0,0,0,0,0,0,0,0,0,0,0,0,0,0,0,0,0,0,0,0,0,0,0,0,0,0,0,0,0,0,0,0,0,0,0,0,0,0,0,0,0,0
Head 1,60,1.02E-08,9.87E-09,1.01E-08,7.82E-09,8.60E-09,9.51E-09,1.11E-08,1.04E-08,9.85E-09,1.06E-08,1.26E-08,1.56E-08,2.53E-08,3.70E-08,4.79E-08,6.04E-08,7.13E-08,8.47E-08,1.11E-07,1.33E-07,1.77E-07,4.86E-07,3.39E-07,6.28E-07,1.60E-06,1.23E-06,2.14E-06,2.60E-06,4.67E-06,5.43E-06,7.50E-06,9.83E-06,1.02E-05,5.59E-06,5.77E-06,4.15E-06,4.18E-06,4.99E-06,1.09E-05,1.31E-05,8.37E-06,1.66E-05,3.19E-05,3.95E-05,5.36E-05,0.000161689,0.0004667,0.000635354,0.002298077,0.006176508,0.013275417,0.023324868,0.044929717,0.059025183,0.081389971,0.137370229,0.209178239,0.17520231,0.144996986,0.101322539,0,0,0,0,0,0,0,0,0,0,0,0,0,0,0,0,0,0,0,0,0,0,0,0,0,0,0,0,0,0,0,0,0,0,0,0,0,0,0,0,0,0,0,0,0,0,0,0,0,0,0,0,0,0,0,0,0,0,0,0,0,0,0,0,0,0,0,0
Head 1,61,9.69E-09,1.08E-08,1.04E-08,7.34E-09,7.09E-09,7.02E-09,8.05E-09,8.13E-09,8.21E-09,8.78E-09,9.48E-09,1.03E-08,1.53E-08,2.23E-08,3.11E-08,4.22E-08,5.25E-08,6.15E-08,7.47E-08,8.33E-08,1.02E-07,2.52E-07,1.79E-07,2.98E-07,8.53E-07,6.72E-07,1.34E-06,1.76E-06,3.02E-06,3.37E-06,4.90E-06,7.17E-06,9.20E-06,6.09E-06,7.08E-06,4.93E-06,4.24E-06,4.18E-06,7.90E-06,9.64E-06,6.23E-06,1.13E-05,2.24E-05,2.40E-05,2.59E-05,7.09E-05,0.000184515,0.000222426,0.000767642,0.002183517,0.005757671,0.011029967,0.023441501,0.03685518,0.053292453,0.091072358,0.162384644,0.170982465,0.184950575,0.163470551,0.093166187,0,0,0,0,0,0,0,0,0,0,0,0,0,0,0,0,0,0,0,0,0,0,0,0,0,0,0,0,0,0,0,0,0,0,0,0,0,0,0,0,0,0,0,0,0,0,0,0,0,0,0,0,0,0,0,0,0,0,0,0,0,0,0,0,0,0,0
Head 1,62,1.26E-08,1.51E-08,1.47E-08,1.02E-08,8.85E-09,7.57E-09,7.77E-09,7.79E-09,8.44E-09,9.58E-09,1.02E-08,1.01E-08,1.33E-08,1.78E-08,2.52E-08,3.65E-08,4.94E-08,6.08E-08,7.16E-08,7.51E-08,8.60E-08,1.82E-07,1.28E-07,1.86E-07,5.28E-07,4.26E-07,9.16E-07,1.35E-06,2.42E-06,2.52E-06,3.55E-06,5.30E-06,7.77E-06,6.42E-06,9.05E-06,7.17E-06,5.92E-06,4.90E-06,7.35E-06,8.16E-06,5.38E-06,9.04E-06,1.88E-05,1.89E-05,1.66E-05,4.13E-05,9.37E-05,9.94E-05,0.000301682,0.000803795,0.002414621,0.004927396,0.011403861,0.021646336,0.036288742,0.060228392,0.105595492,0.131802946,0.175665364,0.215780973,0.149092197,0.083670266,0,0,0,0,0,0,0,0,0,0,0,0,0,0,0,0,0,0,0,0,0,0,0,0,0,0,0,0,0,0,0,0,0,0,0,0,0,0,0,0,0,0,0,0,0,0,0,0,0,0,0,0,0,0,0,0,0,0,0,0,0,0,0,0,0,0
Head 1,63,4.23E-09,4.92E-09,4.94E-09,3.42E-09,2.84E-09,2.17E-09,1.96E-09,1.88E-09,2.21E-09,2.89E-09,3.45E-09,3.52E-09,4.50E-09,5.65E-09,8.14E-09,1.32E-08,2.09E-08,2.96E-08,3.75E-08,3.81E-08,4.15E-08,6.93E-08,4.72E-08,5.38E-08,1.14E-07,9.94E-08,1.80E-07,2.73E-07,4.60E-07,4.60E-07,5.88E-07,8.51E-07,1.36E-06,1.69E-06,3.46E-06,4.33E-06,5.04E-06,4.84E-06,6.15E-06,7.62E-06,6.41E-06,9.29E-06,1.71E-05,1.62E-05,1.34E-05,2.99E-05,4.51E-05,5.19E-05,0.000133313,0.000310848,0.000880416,0.002137877,0.005678354,0.013614479,0.027133472,0.046900179,0.057164293,0.105490141,0.15187709,0.186971575,0.187075466,0.133054435,0.081350856,0,0,0,0,0,0,0,0,0,0,0,0,0,0,0,0,0,0,0,0,0,0,0,0,0,0,0,0,0,0,0,0,0,0,0,0,0,0,0,0,0,0,0,0,0,0,0,0,0,0,0,0,0,0,0,0,0,0,0,0,0,0,0,0,0
Head 1,64,1.02E-08,1.05E-08,1.17E-08,8.96E-09,7.85E-09,5.84E-09,4.26E-09,3.13E-09,2.99E-09,3.56E-09,4.28E-09,4.31E-09,4.92E-09,4.97E-09,5.75E-09,8.56E-09,1.42E-08,2.40E-08,3.73E-08,4.38E-08,5.28E-08,9.71E-08,6.54E-08,7.69E-08,1.42E-07,1.23E-07,1.97E-07,3.00E-07,5.62E-07,5.97E-07,7.30E-07,9.18E-07,1.17E-06,1.19E-06,2.54E-06,3.80E-06,5.62E-06,6.09E-06,6.77E-06,7.10E-06,6.35E-06,8.58E-06,1.61E-05,1.80E-05,1.41E-05,2.79E-05,3.83E-05,3.70E-05,9.30E-05,0.000186492,0.000427413,0.001005346,0.002758108,0.00660925,0.017285025,0.033948947,0.038639996,0.06758035,0.096949935,0.129649237,0.177506104,0.186173081,0.154743627,0.086239383,0,0,0,0,0,0,0,0,0,0,0,0,0,0,0,0,0,0,0,0,0,0,0,0,0,0,0,0,0,0,0,0,0,0,0,0,0,0,0,0,0,0,0,0,0,0,0,0,0,0,0,0,0,0,0,0,0,0,0,0,0,0,0,0
Head 1,65,2.78E-08,2.76E-08,3.85E-08,3.55E-08,3.60E-08,3.06E-08,2.24E-08,1.42E-08,1.06E-08,1.00E-08,1.07E-08,1.08E-08,1.21E-08,1.13E-08,1.08E-08,1.28E-08,1.75E-08,2.78E-08,4.58E-08,5.94E-08,7.50E-08,1.65E-07,9.24E-08,1.24E-07,2.47E-07,2.04E-07,3.27E-07,5.16E-07,1.32E-06,1.55E-06,2.18E-06,3.03E-06,3.74E-06,3.09E-06,5.36E-06,7.42E-06,1.10E-05,1.23E-05,1.45E-05,1.01E-05,5.66E-06,6.67E-06,1.18E-05,1.39E-05,1.01E-05,1.80E-05,3.44E-05,2.23E-05,5.22E-05,9.49E-05,0.000224073,0.000425584,0.001026758,0.001974064,0.006890764,0.016679132,0.025975555,0.040455021,0.059248757,0.100657828,0.153377503,0.196081713,0.165390566,0.14185898,0.089385927,0,0,0,0,0,0,0,0,0,0,0,0,0,0,0,0,0,0,0,0,0,0,0,0,0,0,0,0,0,0,0,0,0,0,0,0,0,0,0,0,0,0,0,0,0,0,0,0,0,0,0,0,0,0,0,0,0,0,0,0,0,0,0
Head 1,66,1.95E-08,1.92E-08,3.05E-08,3.03E-08,3.33E-08,3.16E-08,2.55E-08,1.63E-08,1.10E-08,8.80E-09,8.36E-09,8.30E-09,1.00E-08,1.02E-08,9.75E-09,1.06E-08,1.26E-08,1.80E-08,3.01E-08,4.27E-08,5.86E-08,1.42E-07,7.26E-08,9.32E-08,1.67E-07,1.31E-07,1.92E-07,2.74E-07,6.95E-07,8.78E-07,1.30E-06,1.98E-06,2.54E-06,2.18E-06,3.61E-06,4.91E-06,8.16E-06,1.16E-05,1.70E-05,1.29E-05,7.07E-06,7.18E-06,9.89E-06,1.07E-05,8.12E-06,1.34E-05,2.66E-05,1.51E-05,3.11E-05,5.05E-05,0.000105408,0.000182615,0.000424687,0.000724954,0.002602434,0.007547624,0.014095704,0.026592284,0.043949336,0.066362433,0.105426036,0.157187998,0.166823775,0.187013611,0.14641355,0.074298538,0,0,0,0,0,0,0,0,0,0,0,0,0,0,0,0,0,0,0,0,0,0,0,0,0,0,0,0,0,0,0,0,0,0,0,0,0,0,0,0,0,0,0,0,0,0,0,0,0,0,0,0,0,0,0,0,0,0,0,0,0,0
Head 1,67,5.23E-09,5.24E-09,8.88E-09,8.56E-09,9.10E-09,8.48E-09,6.99E-09,4.48E-09,2.80E-09,2.00E-09,1.68E-09,1.58E-09,2.09E-09,2.48E-09,2.74E-09,3.28E-09,3.87E-09,5.17E-09,8.92E-09,1.38E-08,2.22E-08,5.83E-08,3.76E-08,3.94E-08,6.16E-08,4.31E-08,5.19E-08,6.04E-08,1.17E-07,1.48E-07,2.11E-07,3.12E-07,3.94E-07,3.39E-07,5.45E-07,7.04E-07,1.30E-06,2.54E-06,4.94E-06,6.06E-06,5.70E-06,6.33E-06,7.54E-06,8.85E-06,8.17E-06,1.17E-05,2.08E-05,1.18E-05,2.09E-05,2.87E-05,4.09E-05,6.18E-05,0.000144878,0.000261793,0.000783114,0.002603217,0.00585265,0.015002347,0.031269267,0.038354132,0.060851317,0.100428246,0.168872818,0.20424737,0.176516354,0.113719083,0.08084213,0,0,0,0,0,0,0,0,0,0,0,0,0,0,0,0,0,0,0,0,0,0,0,0,0,0,0,0,0,0,0,0,0,0,0,0,0,0,0,0,0,0,0,0,0,0,0,0,0,0,0,0,0,0,0,0,0,0,0,0,0
Head 1,68,6.16E-09,8.22E-09,1.60E-08,1.71E-08,1.94E-08,1.84E-08,1.66E-08,1.21E-08,8.03E-09,5.34E-09,3.61E-09,2.60E-09,2.78E-09,3.02E-09,3.35E-09,4.02E-09,4.35E-09,4.60E-09,6.32E-09,8.95E-09,1.55E-08,4.72E-08,4.22E-08,4.53E-08,8.43E-08,5.79E-08,7.32E-08,8.48E-08,1.44E-07,1.74E-07,2.43E-07,3.58E-07,4.86E-07,4.38E-07,6.84E-07,7.33E-07,1.07E-06,1.78E-06,3.79E-06,5.29E-06,5.98E-06,8.27E-06,8.71E-06,8.72E-06,8.21E-06,1.09E-05,1.98E-05,1.29E-05,2.06E-05,2.59E-05,3.39E-05,4.02E-05,8.04E-05,0.000144536,0.000372681,0.001059514,0.00267996,0.006963755,0.019045286,0.027322367,0.040945619,0.061952353,0.105762884,0.147566929,0.171582907,0.162324131,0.157361493,0.094615221,0,0,0,0,0,0,0,0,0,0,0,0,0,0,0,0,0,0,0,0,0,0,0,0,0,0,0,0,0,0,0,0,0,0,0,0,0,0,0,0,0,0,0,0,0,0,0,0,0,0,0,0,0,0,0,0,0,0,0,0
Head 1,69,1.25E-08,1.79E-08,3.26E-08,4.06E-08,5.57E-08,6.08E-08,6.59E-08,6.04E-08,5.17E-08,4.03E-08,2.74E-08,1.69E-08,1.38E-08,1.19E-08,1.18E-08,1.38E-08,1.50E-08,1.42E-08,1.53E-08,1.69E-08,2.42E-08,8.12E-08,6.02E-08,7.84E-08,1.86E-07,1.07E-07,1.54E-07,1.86E-07,3.44E-07,4.25E-07,6.23E-07,9.57E-07,1.46E-06,1.33E-06,2.82E-06,3.27E-06,4.32E-06,5.83E-06,1.21E-05,1.57E-05,1.38E-05,1.99E-05,2.25E-05,1.52E-05,8.46E-06,9.86E-06,1.76E-05,1.05E-05,1.65E-05,2.09E-05,3.82E-05,4.03E-05,6.42E-05,7.87E-05,0.000198947,0.000458499,0.001246481,0.002310474,0.007799928,0.016743502,0.027752867,0.044256847,0.059347678,0.085269101,0.151656121,0.179473594,0.169231519,0.153923571,0.099903442,0,0,0,0,0,0,0,0,0,0,0,0,0,0,0,0,0,0,0,0,0,0,0,0,0,0,0,0,0,0,0,0,0,0,0,0,0,0,0,0,0,0,0,0,0,0,0,0,0,0,0,0,0,0,0,0,0,0,0
Head 1,70,7.65E-09,1.07E-08,1.77E-08,2.23E-08,3.27E-08,3.77E-08,4.27E-08,4.19E-08,4.03E-08,3.59E-08,2.71E-08,1.70E-08,1.23E-08,8.86E-09,7.71E-09,8.76E-09,1.05E-08,1.10E-08,1.18E-08,1.17E-08,1.47E-08,4.53E-08,3.40E-08,4.67E-08,1.29E-07,7.51E-08,1.03E-07,1.17E-07,1.98E-07,2.20E-07,3.11E-07,4.53E-07,6.83E-07,5.87E-07,1.44E-06,1.93E-06,2.79E-06,3.69E-06,7.00E-06,9.39E-06,9.34E-06,1.64E-05,2.36E-05,1.74E-05,9.22E-06,9.19E-06,1.30E-05,7.43E-06,1.10E-05,1.37E-05,2.61E-05,2.54E-05,3.42E-05,3.51E-05,8.40E-05,0.000172854,0.000436647,0.000728994,0.002600583,0.007031201,0.013549108,0.024947245,0.040983967,0.058798596,0.099265918,0.136335999,0.16585359,0.201155931,0.161650449,0.086124122,0,0,0,0,0,0,0,0,0,0,0,0,0,0,0,0,0,0,0,0,0,0,0,0,0,0,0,0,0,0,0,0,0,0,0,0,0,0,0,0,0,0,0,0,0,0,0,0,0,0,0,0,0,0,0,0,0,0
Head 1,71,1.72E-09,2.66E-09,4.91E-09,6.28E-09,9.62E-09,1.11E-08,1.19E-08,1.08E-08,9.61E-09,8.36E-09,6.44E-09,4.10E-09,2.84E-09,1.79E-09,1.36E-09,1.46E-09,1.90E-09,2.43E-09,3.10E-09,3.32E-09,4.32E-09,1.04E-08,1.03E-08,1.47E-08,4.18E-08,3.73E-08,4.26E-08,4.64E-08,6.57E-08,6.10E-08,7.09E-08,8.64E-08,1.12E-07,9.06E-08,1.86E-07,2.61E-07,4.06E-07,5.32E-07,8.25E-07,1.09E-06,1.43E-06,3.38E-06,6.38E-06,7.77E-06,7.65E-06,8.03E-06,9.24E-06,7.05E-06,9.23E-06,1.15E-05,1.85E-05,1.66E-05,1.80E-05,1.82E-05,4.05E-05,7.35E-05,0.000129904,0.000266583,0.000850113,0.002451768,0.005821826,0.012879636,0.031784143,0.048670646,0.054207534,0.076776862,0.162845001,0.219803423,0.182550192,0.124111205,0.076589867,0,0,0,0,0,0,0,0,0,0,0,0,0,0,0,0,0,0,0,0,0,0,0,0,0,0,0,0,0,0,0,0,0,0,0,0,0,0,0,0,0,0,0,0,0,0,0,0,0,0,0,0,0,0,0,0,0
Head 1,72,2.51E-09,3.59E-09,6.61E-09,8.13E-09,1.27E-08,1.64E-08,1.93E-08,1.87E-08,1.73E-08,1.53E-08,1.28E-08,9.25E-09,7.00E-09,4.19E-09,2.56E-09,2.05E-09,2.10E-09,2.45E-09,3.16E-09,3.41E-09,4.12E-09,8.12E-09,5.71E-09,8.38E-09,2.43E-08,3.00E-08,3.79E-08,4.76E-08,7.93E-08,7.58E-08,8.38E-08,9.94E-08,1.21E-07,9.60E-08,1.71E-07,2.44E-07,4.19E-07,5.97E-07,8.74E-07,9.97E-07,1.05E-06,2.10E-06,4.37E-06,6.13E-06,7.62E-06,9.96E-06,9.93E-06,7.37E-06,8.67E-06,1.04E-05,1.65E-05,1.74E-05,1.84E-05,1.48E-05,3.15E-05,5.24E-05,7.36E-05,0.000149338,0.000401528,0.001051027,0.002634127,0.006647705,0.019340454,0.039424352,0.039786685,0.049907785,0.103285275,0.159511819,0.171255618,0.174987763,0.154017642,0.077302538,0,0,0,0,0,0,0,0,0,0,0,0,0,0,0,0,0,0,0,0,0,0,0,0,0,0,0,0,0,0,0,0,0,0,0,0,0,0,0,0,0,0,0,0,0,0,0,0,0,0,0,0,0,0,0,0
Head 1,73,2.01E-09,2.53E-09,4.91E-09,5.96E-09,9.02E-09,1.19E-08,1.50E-08,1.62E-08,1.65E-08,1.53E-08,1.35E-08,1.06E-08,8.91E-09,5.81E-09,3.46E-09,2.36E-09,1.88E-09,1.82E-09,2.27E-09,2.67E-09,3.53E-09,7.31E-09,3.77E-09,5.07E-09,1.33E-08,1.67E-08,2.44E-08,3.55E-08,6.92E-08,6.98E-08,7.13E-08,7.93E-08,9.05E-08,6.98E-08,1.07E-07,1.43E-07,2.51E-07,4.02E-07,6.74E-07,7.57E-07,7.57E-07,1.27E-06,2.54E-06,3.82E-06,5.46E-06,9.48E-06,1.06E-05,7.70E-06,8.12E-06,8.33E-06,1.22E-05,1.48E-05,1.75E-05,1.19E-05,2.12E-05,3.09E-05,3.87E-05,6.66E-05,0.000165429,0.000375792,0.000917697,0.002470616,0.007656077,0.022166973,0.026459284,0.034581713,0.06975963,0.104163028,0.125002727,0.171277821,0.218784243,0.13974683,0.076197267,0,0,0,0,0,0,0,0,0,0,0,0,0,0,0,0,0,0,0,0,0,0,0,0,0,0,0,0,0,0,0,0,0,0,0,0,0,0,0,0,0,0,0,0,0,0,0,0,0,0,0,0,0,0,0
Head 1,74,1.65E-09,1.84E-09,3.79E-09,4.83E-09,7.28E-09,9.43E-09,1.20E-08,1.39E-08,1.58E-08,1.61E-08,1.50E-08,1.22E-08,1.10E-08,8.03E-09,5.21E-09,3.51E-09,2.34E-09,1.74E-09,1.79E-09,2.00E-09,2.80E-09,6.88E-09,2.99E-09,3.73E-09,8.37E-09,8.36E-09,1.36E-08,2.27E-08,5.37E-08,6.60E-08,6.79E-08,7.10E-08,7.49E-08,5.54E-08,7.90E-08,9.43E-08,1.52E-07,2.50E-07,4.94E-07,5.81E-07,5.94E-07,9.28E-07,1.59E-06,2.21E-06,3.07E-06,6.70E-06,9.79E-06,7.97E-06,8.66E-06,7.66E-06,9.17E-06,1.12E-05,1.51E-05,1.02E-05,1.54E-05,2.02E-05,2.41E-05,3.15E-05,7.56E-05,0.000144356,0.000320718,0.000848594,0.002441728,0.008814638,0.014364854,0.022057187,0.04835536,0.071037471,0.080919661,0.125433668,0.212452903,0.1952281,0.138046935,0.079270005,0,0,0,0,0,0,0,0,0,0,0,0,0,0,0,0,0,0,0,0,0,0,0,0,0,0,0,0,0,0,0,0,0,0,0,0,0,0,0,0,0,0,0,0,0,0,0,0,0,0,0,0,0,0
Head 1,75,1.39E-09,1.44E-09,2.88E-09,3.95E-09,6.29E-09,8.19E-09,1.04E-08,1.23E-08,1.50E-08,1.71E-08,1.73E-08,1.47E-08,1.38E-08,1.10E-08,8.08E-09,6.05E-09,3.94E-09,2.41E-09,1.94E-09,1.79E-09,2.38E-09,6.68E-09,2.92E-09,3.67E-09,7.35E-09,5.30E-09,8.65E-09,1.49E-08,3.95E-08,6.34E-08,7.37E-08,7.63E-08,7.53E-08,5.24E-08,7.30E-08,7.94E-08,1.14E-07,1.74E-07,3.72E-07,4.71E-07,5.22E-07,8.67E-07,1.29E-06,1.57E-06,1.92E-06,4.33E-06,8.17E-06,8.28E-06,1.08E-05,9.35E-06,8.91E-06,9.75E-06,1.36E-05,1.01E-05,1.34E-05,1.69E-05,2.06E-05,2.02E-05,4.57E-05,7.33E-05,0.000139772,0.00033909,0.00088491,0.003198084,0.006847634,0.012814427,0.033466786,0.054748442,0.054736473,0.080994956,0.153174341,0.188839018,0.193937391,0.141209364,0.074387908,0,0,0,0,0,0,0,0,0,0,0,0,0,0,0,0,0,0,0,0,0,0,0,0,0,0,0,0,0,0,0,0,0,0,0,0,0,0,0,0,0,0,0,0,0,0,0,0,0,0,0,0,0
Head 1,76,1.20E-09,1.18E-09,1.99E-09,2.70E-09,4.64E-09,6.35E-09,8.21E-09,9.57E-09,1.19E-08,1.49E-08,1.68E-08,1.56E-08,1.53E-08,1.26E-08,1.00E-08,8.54E-09,6.20E-09,3.65E-09,2.44E-09,1.74E-09,1.91E-09,5.36E-09,2.48E-09,3.38E-09,6.97E-09,3.70E-09,5.59E-09,8.61E-09,2.28E-08,4.47E-08,6.49E-08,7.38E-08,7.34E-08,4.60E-08,6.39E-08,6.68E-08,8.74E-08,1.21E-07,2.50E-07,3.28E-07,3.75E-07,7.34E-07,1.08E-06,1.21E-06,1.27E-06,2.49E-06,5.28E-06,6.33E-06,1.10E-05,1.12E-05,9.53E-06,8.84E-06,1.11E-05,8.87E-06,1.08E-05,1.39E-05,1.82E-05,1.41E-05,2.81E-05,4.04E-05,6.34E-05,0.000136836,0.000338492,0.001067874,0.00262949,0.005815715,0.018658241,0.040750343,0.040027615,0.054278754,0.099096797,0.135798231,0.191041857,0.203492001,0.135956824,0.070641488,0,0,0,0,0,0,0,0,0,0,0,0,0,0,0,0,0,0,0,0,0,0,0,0,0,0,0,0,0,0,0,0,0,0,0,0,0,0,0,0,0,0,0,0,0,0,0,0,0,0,0,0
Head 1,77,1.48E-09,1.42E-09,1.78E-09,2.04E-09,3.44E-09,4.97E-09,6.83E-09,7.96E-09,9.67E-09,1.24E-08,1.52E-08,1.60E-08,1.73E-08,1.49E-08,1.22E-08,1.10E-08,9.23E-09,6.02E-09,3.91E-09,2.34E-09,1.97E-09,4.65E-09,2.06E-09,2.92E-09,7.20E-09,3.21E-09,4.52E-09,5.67E-09,1.33E-08,2.62E-08,4.72E-08,6.54E-08,7.46E-08,4.31E-08,5.77E-08,5.97E-08,7.57E-08,9.73E-08,1.85E-07,2.40E-07,2.49E-07,5.50E-07,9.20E-07,1.03E-06,1.01E-06,1.63E-06,3.29E-06,3.81E-06,8.37E-06,1.14E-05,1.10E-05,9.44E-06,1.03E-05,7.84E-06,8.72E-06,1.13E-05,1.66E-05,1.16E-05,1.95E-05,2.70E-05,3.33E-05,6.06E-05,0.00014185,0.000391034,0.000938742,0.002186604,0.007486544,0.023343991,0.028399767,0.038863782,0.067131437,0.087135807,0.136674017,0.202377006,0.199457705,0.132345811,0.072865367,0,0,0,0,0,0,0,0,0,0,0,0,0,0,0,0,0,0,0,0,0,0,0,0,0,0,0,0,0,0,0,0,0,0,0,0,0,0,0,0,0,0,0,0,0,0,0,0,0,0,0
Head 1,78,2.40E-09,2.36E-09,2.23E-09,1.93E-09,2.73E-09,3.83E-09,5.60E-09,6.84E-09,8.32E-09,1.05E-08,1.30E-08,1.50E-08,1.85E-08,1.74E-08,1.48E-08,1.35E-08,1.22E-08,9.20E-09,6.59E-09,3.89E-09,2.80E-09,4.95E-09,1.89E-09,2.39E-09,7.04E-09,3.09E-09,4.45E-09,4.75E-09,9.28E-09,1.47E-08,2.84E-08,4.77E-08,6.82E-08,4.18E-08,5.28E-08,5.47E-08,6.88E-08,8.58E-08,1.50E-07,1.90E-07,1.74E-07,3.75E-07,7.41E-07,8.92E-07,9.13E-07,1.35E-06,2.34E-06,2.26E-06,5.17E-06,8.89E-06,1.14E-05,1.07E-05,1.10E-05,7.89E-06,7.76E-06,9.37E-06,1.45E-05,1.07E-05,1.57E-05,2.23E-05,2.20E-05,3.19E-05,6.61E-05,0.000174905,0.000358998,0.000792901,0.002505593,0.009769616,0.016775988,0.02636417,0.048786081,0.060323283,0.087063491,0.144459322,0.196458951,0.193607196,0.136127412,0.076166578,0,0,0,0,0,0,0,0,0,0,0,0,0,0,0,0,0,0,0,0,0,0,0,0,0,0,0,0,0,0,0,0,0,0,0,0,0,0,0,0,0,0,0,0,0,0,0,0,0,0
Head 1,79,3.95E-09,3.96E-09,3.26E-09,2.20E-09,2.36E-09,2.82E-09,4.00E-09,5.14E-09,6.60E-09,8.30E-09,1.02E-08,1.21E-08,1.64E-08,1.74E-08,1.61E-08,1.48E-08,1.36E-08,1.12E-08,9.05E-09,5.96E-09,4.29E-09,5.91E-09,1.89E-09,1.87E-09,5.71E-09,2.60E-09,4.12E-09,4.34E-09,7.68E-09,8.77E-09,1.50E-08,2.72E-08,4.75E-08,3.52E-08,4.34E-08,4.63E-08,5.75E-08,6.97E-08,1.16E-07,1.40E-07,1.19E-07,2.24E-07,4.94E-07,6.41E-07,7.08E-07,1.15E-06,1.77E-06,1.44E-06,2.85E-06,5.15E-06,8.78E-06,1.02E-05,1.16E-05,8.48E-06,7.61E-06,7.78E-06,1.11E-05,9.21E-06,1.25E-05,1.92E-05,1.68E-05,1.94E-05,3.12E-05,8.46E-05,0.000142875,0.000283499,0.000787941,0.003148737,0.007501936,0.014590406,0.032712966,0.045183502,0.058758307,0.090857916,0.138703197,0.190742642,0.195936397,0.138071299,0.082304671,0,0,0,0,0,0,0,0,0,0,0,0,0,0,0,0,0,0,0,0,0,0,0,0,0,0,0,0,0,0,0,0,0,0,0,0,0,0,0,0,0,0,0,0,0,0,0,0,0
Head 1,80,5.25E-09,5.27E-09,4.63E-09,2.85E-09,2.39E-09,2.24E-09,2.71E-09,3.44E-09,4.78E-09,6.37E-09,7.86E-09,9.16E-09,1.28E-08,1.50E-08,1.60E-08,1.58E-08,1.47E-08,1.25E-08,1.08E-08,8.22E-09,6.75E-09,8.26E-09,2.46E-09,1.82E-09,4.60E-09,2.07E-09,3.47E-09,4.11E-09,7.45E-09,6.47E-09,8.67E-09,1.44E-08,2.68E-08,2.61E-08,3.43E-08,4.07E-08,5.07E-08,5.92E-08,9.56E-08,1.09E-07,9.41E-08,1.53E-07,3.24E-07,4.28E-07,4.95E-07,9.62E-07,1.49E-06,1.17E-06,1.88E-06,2.93E-06,5.55E-06,7.74E-06,1.08E-05,9.78E-06,9.12E-06,7.82E-06,8.84E-06,8.05E-06,1.05E-05,1.71E-05,1.56E-05,1.55E-05,1.83E-05,5.01E-05,6.92E-05,0.000120725,0.000315165,0.001085599,0.002906016,0.006659971,0.018682301,0.034587383,0.045962531,0.062537111,0.087152988,0.13480626,0.190630987,0.195688114,0.14580217,0.072788194,0,0,0,0,0,0,0,0,0,0,0,0,0,0,0,0,0,0,0,0,0,0,0,0,0,0,0,0,0,0,0,0,0,0,0,0,0,0,0,0,0,0,0,0,0,0,0,0
Head 1,81,2.71E-08,2.33E-08,2.51E-08,1.89E-08,1.57E-08,1.25E-08,1.18E-08,1.22E-08,1.54E-08,1.99E-08,2.34E-08,2.45E-08,3.01E-08,3.48E-08,4.11E-08,4.93E-08,5.44E-08,5.52E-08,5.71E-08,5.32E-08,5.38E-08,8.67E-08,2.16E-08,1.59E-08,3.02E-08,9.59E-09,1.44E-08,1.72E-08,3.99E-08,3.18E-08,3.24E-08,3.91E-08,5.56E-08,3.93E-08,6.58E-08,8.54E-08,1.15E-07,1.40E-07,2.78E-07,2.99E-07,2.42E-07,4.09E-07,1.02E-06,1.43E-06,1.38E-06,3.54E-06,8.27E-06,6.16E-06,9.49E-06,1.15E-05,2.19E-05,2.66E-05,3.43E-05,2.32E-05,2.35E-05,1.58E-05,1.55E-05,8.27E-06,9.87E-06,2.00E-05,2.15E-05,2.35E-05,1.58E-05,3.71E-05,6.72E-05,9.27E-05,0.000139427,0.000443434,0.001313608,0.002804467,0.006164039,0.018871123,0.031408425,0.044900332,0.056644447,0.080639169,0.126764625,0.182197601,0.208037898,0.139145344,0.100023881,0,0,0,0,0,0,0,0,0,0,0,0,0,0,0,0,0,0,0,0,0,0,0,0,0,0,0,0,0,0,0,0,0,0,0,0,0,0,0,0,0,0,0,0,0,0,0
Head 1,82,2.71E-08,1.97E-08,2.29E-08,1.97E-08,1.76E-08,1.35E-08,1.06E-08,8.88E-09,9.80E-09,1.27E-08,1.62E-08,1.77E-08,2.13E-08,2.34E-08,2.71E-08,3.47E-08,4.12E-08,4.45E-08,4.78E-08,4.57E-08,4.99E-08,9.86E-08,2.75E-08,2.11E-08,3.36E-08,8.63E-09,1.09E-08,1.28E-08,3.45E-08,2.97E-08,2.97E-08,3.21E-08,3.78E-08,2.34E-08,4.03E-08,5.87E-08,8.84E-08,1.12E-07,2.37E-07,2.25E-07,1.63E-07,2.72E-07,6.05E-07,8.19E-07,6.99E-07,1.73E-06,4.95E-06,4.01E-06,7.31E-06,8.74E-06,1.52E-05,1.82E-05,2.65E-05,2.14E-05,2.83E-05,2.22E-05,2.02E-05,8.99E-06,8.85E-06,1.56E-05,1.73E-05,2.03E-05,1.19E-05,2.36E-05,4.17E-05,4.90E-05,6.38E-05,0.00018363,0.000498473,0.001008746,0.001929775,0.007559661,0.016978836,0.031058589,0.041520923,0.05415716,0.079553083,0.126423225,0.195777848,0.184928104,0.168021888,0.089955881,0,0,0,0,0,0,0,0,0,0,0,0,0,0,0,0,0,0,0,0,0,0,0,0,0,0,0,0,0,0,0,0,0,0,0,0,0,0,0,0,0,0,0,0,0,0
Head 1,83,8.53E-09,5.68E-09,6.88E-09,6.00E-09,5.53E-09,4.14E-09,2.77E-09,1.78E-09,1.54E-09,1.82E-09,2.48E-09,3.16E-09,4.50E-09,5.38E-09,6.51E-09,8.86E-09,1.10E-08,1.18E-08,1.20E-08,1.00E-08,9.84E-09,1.80E-08,6.26E-09,4.66E-09,6.35E-09,1.70E-09,1.56E-09,1.70E-09,5.13E-09,5.19E-09,5.89E-09,6.85E-09,7.68E-09,5.71E-09,1.00E-08,1.64E-08,2.91E-08,4.06E-08,8.36E-08,7.73E-08,4.96E-08,7.17E-08,1.15E-07,1.33E-07,1.08E-07,2.01E-07,5.09E-07,4.46E-07,8.95E-07,1.11E-06,1.58E-06,1.87E-06,3.19E-06,4.09E-06,8.60E-06,1.16E-05,1.17E-05,8.50E-06,7.63E-06,1.02E-05,1.19E-05,1.48E-05,9.58E-06,1.55E-05,2.00E-05,1.87E-05,2.78E-05,7.52E-05,0.000143755,0.000299308,0.000662105,0.002389319,0.007194074,0.018623754,0.031075096,0.04195293,0.057710126,0.089467324,0.162602484,0.199439913,0.186043963,0.125922874,0.076206379,0,0,0,0,0,0,0,0,0,0,0,0,0,0,0,0,0,0,0,0,0,0,0,0,0,0,0,0,0,0,0,0,0,0,0,0,0,0,0,0,0,0,0,0,0
Head 1,84,1.26E-08,8.09E-09,9.23E-09,8.04E-09,8.42E-09,7.48E-09,5.62E-09,3.37E-09,2.25E-09,2.05E-09,2.38E-09,3.03E-09,4.66E-09,5.88E-09,7.04E-09,9.61E-09,1.29E-08,1.55E-08,1.83E-08,1.62E-08,1.58E-08,2.74E-08,1.02E-08,9.49E-09,1.31E-08,3.83E-09,2.78E-09,2.10E-09,4.84E-09,4.82E-09,5.50E-09,6.30E-09,6.10E-09,3.50E-09,5.86E-09,8.26E-09,1.60E-08,2.76E-08,6.77E-08,8.14E-08,5.22E-08,7.59E-08,1.22E-07,1.38E-07,1.22E-07,1.94E-07,4.28E-07,3.76E-07,8.43E-07,1.22E-06,1.67E-06,1.75E-06,2.38E-06,2.38E-06,5.23E-06,9.09E-06,1.14E-05,1.06E-05,9.60E-06,9.38E-06,9.76E-06,1.27E-05,1.06E-05,1.45E-05,1.91E-05,1.59E-05,1.90E-05,5.57E-05,8.44E-05,0.00015497,0.000342446,0.00099668,0.002995117,0.009514006,0.021876162,0.035987176,0.048892193,0.064314224,0.104848832,0.144663021,0.169786587,0.171167284,0.156433165,0.067719027,0,0,0,0,0,0,0,0,0,0,0,0,0,0,0,0,0,0,0,0,0,0,0,0,0,0,0,0,0,0,0,0,0,0,0,0,0,0,0,0,0,0,0,0
Head 1,85,1.42E-08,1.03E-08,1.11E-08,8.83E-09,8.98E-09,8.58E-09,7.67E-09,5.12E-09,3.14E-09,2.25E-09,1.97E-09,2.12E-09,3.18E-09,4.28E-09,5.39E-09,7.31E-09,9.78E-09,1.23E-08,1.63E-08,1.67E-08,1.74E-08,3.03E-08,1.18E-08,1.11E-08,1.78E-08,5.70E-09,4.32E-09,2.65E-09,4.51E-09,4.03E-09,4.58E-09,5.65E-09,5.93E-09,2.99E-09,4.77E-09,5.20E-09,8.96E-09,1.64E-08,4.60E-08,7.07E-08,4.70E-08,6.28E-08,1.04E-07,1.08E-07,9.53E-08,1.43E-07,2.86E-07,2.19E-07,4.78E-07,8.00E-07,1.30E-06,1.42E-06,1.82E-06,1.48E-06,2.72E-06,4.95E-06,8.42E-06,1.00E-05,1.12E-05,1.02E-05,8.87E-06,1.04E-05,9.13E-06,1.12E-05,1.66E-05,1.40E-05,1.21E-05,3.19E-05,4.45E-05,6.74E-05,0.000139063,0.000346738,0.00091351,0.003034924,0.00890169,0.020266257,0.035406869,0.049023136,0.071747988,0.091946989,0.124932483,0.166758403,0.230513722,0.124105982,0.071679756,0,0,0,0,0,0,0,0,0,0,0,0,0,0,0,0,0,0,0,0,0,0,0,0,0,0,0,0,0,0,0,0,0,0,0,0,0,0,0,0,0,0,0
Head 1,86,4.61E-08,3.82E-08,3.78E-08,2.84E-08,2.61E-08,2.47E-08,2.57E-08,2.25E-08,1.72E-08,1.27E-08,9.60E-09,8.14E-09,9.88E-09,1.21E-08,1.48E-08,1.83E-08,2.20E-08,2.56E-08,3.37E-08,4.02E-08,5.11E-08,1.12E-07,5.48E-08,5.17E-08,1.23E-07,4.06E-08,4.17E-08,2.70E-08,3.76E-08,2.31E-08,2.17E-08,2.52E-08,2.88E-08,1.26E-08,1.80E-08,1.51E-08,1.90E-08,2.84E-08,9.57E-08,1.51E-07,9.24E-08,1.37E-07,2.81E-07,2.69E-07,2.06E-07,3.50E-07,7.80E-07,5.23E-07,1.10E-06,2.08E-06,5.41E-06,7.05E-06,1.00E-05,7.30E-06,1.05E-05,1.40E-05,2.80E-05,2.39E-05,2.87E-05,3.11E-05,1.94E-05,1.50E-05,8.53E-06,1.02E-05,1.89E-05,1.89E-05,1.16E-05,2.41E-05,4.81E-05,5.86E-05,6.92E-05,0.000168332,0.000348389,0.000972717,0.002836606,0.007933312,0.018955739,0.033374924,0.049654849,0.058857806,0.107739583,0.155342132,0.178586975,0.170478284,0.130497321,0.083777256,0,0,0,0,0,0,0,0,0,0,0,0,0,0,0,0,0,0,0,0,0,0,0,0,0,0,0,0,0,0,0,0,0,0,0,0,0,0,0,0,0,0
Head 1,87,4.50E-08,4.18E-08,4.57E-08,3.62E-08,3.10E-08,2.57E-08,2.50E-08,2.34E-08,2.08E-08,1.68E-08,1.19E-08,8.32E-09,8.05E-09,8.63E-09,1.04E-08,1.36E-08,1.69E-08,1.94E-08,2.42E-08,2.89E-08,3.95E-08,8.90E-08,5.24E-08,4.54E-08,1.16E-07,4.26E-08,4.96E-08,3.78E-08,5.20E-08,2.74E-08,2.09E-08,2.06E-08,2.31E-08,1.06E-08,1.79E-08,1.48E-08,1.60E-08,1.92E-08,6.01E-08,9.81E-08,6.77E-08,1.06E-07,2.55E-07,2.34E-07,1.47E-07,2.54E-07,5.23E-07,3.34E-07,5.98E-07,9.98E-07,2.96E-06,4.22E-06,6.78E-06,5.59E-06,8.35E-06,9.67E-06,1.91E-05,1.69E-05,2.62E-05,3.85E-05,2.73E-05,1.97E-05,9.31E-06,9.32E-06,1.52E-05,1.56E-05,9.55E-06,1.68E-05,3.49E-05,3.57E-05,3.32E-05,7.75E-05,0.000138592,0.000323896,0.000836794,0.002445882,0.007376786,0.018027073,0.033800475,0.043079145,0.072241828,0.103963867,0.133093134,0.162274465,0.18123062,0.15060389,0.090116285,0,0,0,0,0,0,0,0,0,0,0,0,0,0,0,0,0,0,0,0,0,0,0,0,0,0,0,0,0,0,0,0,0,0,0,0,0,0,0,0,0
Head 1,88,8.54E-09,8.62E-09,1.22E-08,1.15E-08,1.06E-08,7.94E-09,6.52E-09,5.58E-09,5.12E-09,4.42E-09,3.07E-09,1.80E-09,1.35E-09,1.14E-09,1.27E-09,1.85E-09,2.79E-09,3.83E-09,5.38E-09,6.69E-09,9.94E-09,2.07E-08,1.46E-08,1.08E-08,2.14E-08,8.31E-09,8.85E-09,7.27E-09,9.08E-09,5.09E-09,3.47E-09,2.85E-09,2.90E-09,1.43E-09,3.17E-09,3.29E-09,4.04E-09,4.61E-09,1.02E-08,1.71E-08,1.98E-08,3.19E-08,8.02E-08,8.72E-08,5.16E-08,7.36E-08,1.17E-07,7.79E-08,1.12E-07,1.43E-07,3.07E-07,4.14E-07,6.75E-07,6.77E-07,1.07E-06,1.16E-06,1.79E-06,2.13E-06,4.62E-06,8.83E-06,1.08E-05,1.22E-05,9.80E-06,7.91E-06,9.14E-06,9.83E-06,8.36E-06,1.23E-05,1.93E-05,1.62E-05,1.62E-05,3.75E-05,6.14E-05,0.000126693,0.000284811,0.000783216,0.00262151,0.008549427,0.022642277,0.036221113,0.042354971,0.057016172,0.117588766,0.136779279,0.210676223,0.167572215,0.125871912,0.070657596,0,0,0,0,0,0,0,0,0,0,0,0,0,0,0,0,0,0,0,0,0,0,0,0,0,0,0,0,0,0,0,0,0,0,0,0,0,0,0,0
Head 1,89,9.65E-09,8.32E-09,1.38E-08,1.60E-08,1.78E-08,1.45E-08,1.07E-08,7.83E-09,6.87E-09,6.54E-09,5.54E-09,3.65E-09,2.50E-09,1.62E-09,1.35E-09,1.65E-09,2.43E-09,3.60E-09,5.36E-09,6.66E-09,1.01E-08,2.18E-08,1.84E-08,1.56E-08,3.01E-08,1.32E-08,1.30E-08,1.19E-08,1.69E-08,9.77E-09,6.46E-09,4.52E-09,3.52E-09,1.39E-09,2.60E-09,2.96E-09,3.97E-09,4.19E-09,7.60E-09,8.80E-09,9.65E-09,1.84E-08,5.46E-08,8.22E-08,5.46E-08,7.21E-08,1.24E-07,8.32E-08,1.26E-07,1.51E-07,2.72E-07,3.41E-07,5.44E-07,5.90E-07,1.14E-06,1.29E-06,1.66E-06,1.52E-06,2.66E-06,5.54E-06,8.15E-06,1.16E-05,1.22E-05,1.07E-05,9.02E-06,8.55E-06,8.39E-06,1.12E-05,1.84E-05,1.61E-05,1.25E-05,2.76E-05,4.21E-05,8.14E-05,0.000159967,0.000360215,0.001010718,0.003289341,0.010730784,0.023560831,0.031685609,0.042370811,0.080188237,0.089071564,0.154038206,0.163100779,0.182844579,0.149209484,0.068084374,0,0,0,0,0,0,0,0,0,0,0,0,0,0,0,0,0,0,0,0,0,0,0,0,0,0,0,0,0,0,0,0,0,0,0,0,0,0,0
Head 1,90,3.19E-08,2.27E-08,3.79E-08,4.68E-08,5.75E-08,5.60E-08,4.23E-08,2.75E-08,2.00E-08,1.77E-08,1.65E-08,1.34E-08,1.06E-08,6.88E-09,4.73E-09,4.39E-09,5.03E-09,6.66E-09,9.29E-09,1.12E-08,1.49E-08,4.09E-08,2.56E-08,2.90E-08,8.17E-08,4.10E-08,4.10E-08,4.37E-08,1.20E-07,7.99E-08,5.64E-08,3.84E-08,2.43E-08,5.60E-09,8.83E-09,8.22E-09,1.06E-08,1.10E-08,2.76E-08,2.20E-08,9.18E-09,1.59E-08,6.24E-08,8.76E-08,4.20E-08,6.33E-08,1.47E-07,5.55E-08,9.13E-08,1.09E-07,2.62E-07,3.21E-07,5.17E-07,3.92E-07,1.19E-06,1.93E-06,3.99E-06,2.57E-06,3.82E-06,9.95E-06,1.36E-05,1.94E-05,1.24E-05,1.32E-05,1.35E-05,8.55E-06,4.05E-06,5.17E-06,1.31E-05,1.41E-05,6.19E-06,1.11E-05,1.52E-05,2.74E-05,4.86E-05,9.68E-05,0.000235738,0.000701975,0.00245749,0.006864671,0.021007145,0.035517983,0.042167827,0.048032194,0.074542768,0.177283213,0.255172431,0.146240801,0.103422895,0.086003907,0,0,0,0,0,0,0,0,0,0,0,0,0,0,0,0,0,0,0,0,0,0,0,0,0,0,0,0,0,0,0,0,0,0,0,0,0,0
Head 1,91,1.84E-08,1.32E-08,2.52E-08,3.36E-08,4.78E-08,5.77E-08,5.27E-08,3.63E-08,2.40E-08,1.84E-08,1.59E-08,1.38E-08,1.25E-08,8.89E-09,5.72E-09,4.38E-09,3.95E-09,4.47E-09,6.16E-09,7.83E-09,1.06E-08,3.06E-08,1.72E-08,2.07E-08,5.91E-08,3.47E-08,3.46E-08,3.66E-08,1.10E-07,9.01E-08,7.31E-08,5.50E-08,3.41E-08,6.92E-09,8.49E-09,6.53E-09,8.28E-09,9.84E-09,2.91E-08,2.20E-08,7.49E-09,1.16E-08,4.15E-08,6.00E-08,3.27E-08,5.13E-08,1.40E-07,4.55E-08,7.20E-08,8.31E-08,1.82E-07,2.07E-07,3.10E-07,1.88E-07,5.46E-07,1.04E-06,2.72E-06,1.91E-06,2.86E-06,6.54E-06,8.53E-06,1.35E-05,1.07E-05,1.55E-05,1.86E-05,1.12E-05,4.39E-06,4.70E-06,1.01E-05,1.12E-05,4.99E-06,7.63E-06,9.43E-06,1.52E-05,2.46E-05,4.34E-05,9.05E-05,0.00022429,0.000706215,0.002044761,0.008687783,0.018171925,0.026958961,0.035692647,0.050831806,0.115682602,0.196201652,0.149230734,0.14748086,0.1600779,0.0876856,0,0,0,0,0,0,0,0,0,0,0,0,0,0,0,0,0,0,0,0,0,0,0,0,0,0,0,0,0,0,0,0,0,0,0,0,0
Head 1,92,1.97E-09,1.71E-09,4.19E-09,6.30E-09,1.09E-08,1.63E-08,2.00E-08,1.73E-08,1.22E-08,8.48E-09,6.33E-09,5.02E-09,4.62E-09,3.43E-09,2.11E-09,1.36E-09,9.24E-10,7.76E-10,9.59E-10,1.29E-09,2.09E-09,6.89E-09,4.74E-09,5.44E-09,1.59E-08,1.04E-08,9.93E-09,9.62E-09,2.32E-08,1.91E-08,1.56E-08,1.25E-08,8.19E-09,1.80E-09,1.56E-09,9.69E-10,1.12E-09,1.48E-09,5.34E-09,4.39E-09,1.71E-09,2.91E-09,7.54E-09,1.09E-08,9.11E-09,1.48E-08,4.47E-08,1.82E-08,2.48E-08,2.63E-08,4.67E-08,4.47E-08,5.70E-08,2.97E-08,6.07E-08,1.04E-07,2.63E-07,2.14E-07,3.42E-07,6.27E-07,7.55E-07,1.34E-06,1.73E-06,4.17E-06,6.89E-06,6.35E-06,4.20E-06,3.87E-06,6.07E-06,6.94E-06,4.05E-06,5.10E-06,5.86E-06,8.53E-06,1.22E-05,1.92E-05,3.62E-05,7.80E-05,0.000214776,0.000577313,0.002847775,0.007582417,0.017714301,0.028567018,0.043493882,0.063336983,0.111280821,0.151012972,0.176543877,0.197337076,0.135136038,0.064141102,0,0,0,0,0,0,0,0,0,0,0,0,0,0,0,0,0,0,0,0,0,0,0,0,0,0,0,0,0,0,0,0,0,0,0,0
Head 1,93,1.13E-09,1.20E-09,3.14E-09,5.01E-09,9.08E-09,1.41E-08,2.09E-08,2.38E-08,2.10E-08,1.57E-08,1.07E-08,7.35E-09,6.48E-09,5.38E-09,4.00E-09,2.85E-09,1.77E-09,1.11E-09,9.96E-10,1.10E-09,1.70E-09,5.60E-09,4.14E-09,4.95E-09,1.49E-08,1.02E-08,1.17E-08,1.26E-08,2.91E-08,2.73E-08,2.29E-08,1.93E-08,1.44E-08,3.87E-09,3.43E-09,1.64E-09,1.33E-09,1.35E-09,4.95E-09,4.56E-09,1.74E-09,3.02E-09,6.56E-09,6.68E-09,5.07E-09,9.64E-09,3.34E-08,1.78E-08,2.46E-08,2.65E-08,5.12E-08,4.72E-08,5.80E-08,3.01E-08,4.93E-08,7.20E-08,1.95E-07,1.65E-07,3.26E-07,6.03E-07,6.29E-07,8.89E-07,8.90E-07,2.22E-06,4.95E-06,5.96E-06,4.95E-06,4.98E-06,6.02E-06,5.84E-06,3.86E-06,4.37E-06,5.10E-06,6.90E-06,8.95E-06,1.26E-05,2.22E-05,4.37E-05,0.000101447,0.000218285,0.00099815,0.002796374,0.007155626,0.017017709,0.033121396,0.04548566,0.072080716,0.093648262,0.124112718,0.200550929,0.206028238,0.13190347,0.064633995,0,0,0,0,0,0,0,0,0,0,0,0,0,0,0,0,0,0,0,0,0,0,0,0,0,0,0,0,0,0,0,0,0,0,0
Head 1,94,2.00E-09,2.35E-09,5.60E-09,9.41E-09,1.73E-08,2.57E-08,3.81E-08,4.80E-08,5.11E-08,4.60E-08,3.24E-08,2.05E-08,1.58E-08,1.29E-08,1.14E-08,1.04E-08,8.12E-09,5.32E-09,3.96E-09,3.41E-09,4.06E-09,1.24E-08,7.82E-09,9.51E-09,2.81E-08,1.55E-08,2.15E-08,2.69E-08,7.11E-08,9.14E-08,9.90E-08,9.60E-08,8.73E-08,2.54E-08,3.19E-08,1.58E-08,1.03E-08,7.48E-09,2.11E-08,1.84E-08,6.53E-09,1.10E-08,2.77E-08,2.17E-08,8.64E-09,1.52E-08,6.06E-08,2.74E-08,4.35E-08,4.99E-08,1.18E-07,1.04E-07,1.27E-07,6.83E-08,1.13E-07,1.53E-07,5.13E-07,3.77E-07,1.02E-06,2.93E-06,3.43E-06,4.49E-06,3.05E-06,5.29E-06,1.35E-05,1.60E-05,9.94E-06,1.10E-05,1.27E-05,8.04E-06,3.41E-06,3.79E-06,4.21E-06,5.47E-06,6.79E-06,8.71E-06,1.37E-05,2.49E-05,5.13E-05,9.33E-05,0.000408919,0.000925595,0.001575862,0.005665312,0.015286417,0.031534195,0.052591443,0.047942836,0.061308537,0.168867618,0.238270491,0.168934792,0.119283043,0.087095045,0,0,0,0,0,0,0,0,0,0,0,0,0,0,0,0,0,0,0,0,0,0,0,0,0,0,0,0,0,0,0,0,0,0
Head 1,95,1.11E-09,1.32E-09,2.75E-09,4.63E-09,9.30E-09,1.46E-08,2.25E-08,3.06E-08,3.87E-08,4.39E-08,3.74E-08,2.52E-08,1.78E-08,1.25E-08,1.02E-08,9.80E-09,8.83E-09,6.38E-09,4.42E-09,3.10E-09,2.94E-09,7.93E-09,4.73E-09,6.07E-09,1.95E-08,1.03E-08,1.41E-08,1.81E-08,4.78E-08,6.64E-08,8.12E-08,8.38E-08,8.35E-08,2.55E-08,3.68E-08,2.22E-08,1.47E-08,9.02E-09,1.99E-08,1.49E-08,5.04E-09,9.71E-09,2.89E-08,2.21E-08,7.15E-09,1.12E-08,4.08E-08,1.85E-08,3.22E-08,4.05E-08,1.10E-07,9.21E-08,9.86E-08,4.92E-08,7.95E-08,9.44E-08,2.75E-07,1.68E-07,4.43E-07,1.64E-06,2.20E-06,3.19E-06,2.26E-06,3.50E-06,8.48E-06,1.12E-05,8.75E-06,1.31E-05,1.79E-05,1.06E-05,3.75E-06,3.48E-06,3.37E-06,4.16E-06,5.05E-06,6.05E-06,8.41E-06,1.35E-05,2.49E-05,4.16E-05,0.000163043,0.000327921,0.000455331,0.001650919,0.00574626,0.016189206,0.032147706,0.034294736,0.041182421,0.105403997,0.179071799,0.16975756,0.172662526,0.160327151,0.080419831,0,0,0,0,0,0,0,0,0,0,0,0,0,0,0,0,0,0,0,0,0,0,0,0,0,0,0,0,0,0,0,0,0
Head 1,96,8.76E-10,9.30E-10,1.58E-09,2.42E-09,4.98E-09,8.42E-09,1.36E-08,1.91E-08,2.65E-08,3.55E-08,3.82E-08,3.13E-08,2.34E-08,1.48E-08,1.04E-08,9.16E-09,8.75E-09,7.42E-09,5.60E-09,3.68E-09,2.89E-09,6.34E-09,3.02E-09,3.94E-09,1.34E-08,7.51E-09,1.01E-08,1.28E-08,3.39E-08,4.65E-08,6.26E-08,7.10E-08,7.67E-08,2.46E-08,3.60E-08,2.77E-08,2.21E-08,1.36E-08,2.43E-08,1.46E-08,4.08E-09,7.69E-09,2.68E-08,2.25E-08,6.94E-09,1.00E-08,3.12E-08,1.21E-08,2.21E-08,3.08E-08,1.00E-07,9.07E-08,9.03E-08,3.85E-08,6.33E-08,7.08E-08,1.74E-07,9.31E-08,2.03E-07,8.34E-07,1.25E-06,2.11E-06,1.73E-06,2.76E-06,5.67E-06,7.03E-06,5.84E-06,1.13E-05,2.12E-05,1.47E-05,5.09E-06,4.03E-06,3.12E-06,3.35E-06,3.90E-06,4.60E-06,5.90E-06,8.41E-06,1.37E-05,2.12E-05,7.54E-05,0.000134019,0.000157325,0.000470242,0.001713523,0.006618385,0.016299333,0.022483716,0.030612325,0.062942564,0.110382721,0.121109955,0.168617234,0.234976113,0.147158667,0.076098673,0,0,0,0,0,0,0,0,0,0,0,0,0,0,0,0,0,0,0,0,0,0,0,0,0,0,0,0,0,0,0,0
Head 1,97,1.02E-09,8.93E-10,1.26E-09,1.61E-09,3.01E-09,5.29E-09,9.01E-09,1.30E-08,1.88E-08,2.72E-08,3.51E-08,3.66E-08,3.33E-08,2.24E-08,1.43E-08,1.08E-08,9.46E-09,8.68E-09,7.61E-09,5.46E-09,4.03E-09,7.56E-09,2.49E-09,2.95E-09,9.71E-09,5.77E-09,7.87E-09,9.89E-09,2.70E-08,3.43E-08,4.77E-08,5.98E-08,7.05E-08,2.47E-08,3.24E-08,2.97E-08,2.97E-08,2.18E-08,3.77E-08,1.90E-08,4.20E-09,6.43E-09,2.32E-08,2.13E-08,6.88E-09,1.04E-08,2.90E-08,8.49E-09,1.46E-08,2.10E-08,8.05E-08,8.77E-08,9.26E-08,3.24E-08,5.29E-08,5.89E-08,1.32E-07,6.55E-08,1.14E-07,4.47E-07,6.78E-07,1.28E-06,1.18E-06,2.34E-06,4.41E-06,4.80E-06,3.46E-06,7.30E-06,1.88E-05,1.77E-05,7.19E-06,5.69E-06,3.58E-06,3.09E-06,3.17E-06,3.62E-06,4.47E-06,5.83E-06,8.35E-06,1.17E-05,4.02E-05,6.25E-05,6.33E-05,0.000149397,0.000468353,0.002237043,0.006442632,0.01070108,0.020520275,0.037428811,0.063848123,0.069617741,0.111688785,0.236246064,0.217231497,0.140128896,0.083004527,0,0,0,0,0,0,0,0,0,0,0,0,0,0,0,0,0,0,0,0,0,0,0,0,0,0,0,0,0,0,0
Head 1,98,1.09E-09,8.09E-10,1.05E-09,1.12E-09,1.77E-09,2.94E-09,5.13E-09,7.87E-09,1.20E-08,1.78E-08,2.50E-08,3.08E-08,3.55E-08,2.94E-08,2.01E-08,1.38E-08,1.01E-08,8.55E-09,8.05E-09,6.76E-09,5.54E-09,1.02E-08,2.49E-09,2.41E-09,6.84E-09,3.90E-09,5.70E-09,7.48E-09,2.11E-08,2.48E-08,3.30E-08,4.42E-08,5.67E-08,2.41E-08,2.79E-08,2.73E-08,3.14E-08,2.88E-08,5.79E-08,2.87E-08,5.76E-09,6.65E-09,1.99E-08,1.77E-08,6.07E-09,1.06E-08,3.00E-08,7.04E-09,1.06E-08,1.35E-08,5.37E-08,7.04E-08,8.96E-08,2.93E-08,4.48E-08,4.92E-08,1.07E-07,5.27E-08,8.13E-08,2.64E-07,3.69E-07,6.89E-07,6.49E-07,1.75E-06,3.56E-06,3.72E-06,2.33E-06,4.33E-06,1.26E-05,1.55E-05,8.64E-06,8.45E-06,5.09E-06,3.55E-06,2.94E-06,2.98E-06,3.55E-06,4.49E-06,5.95E-06,7.39E-06,2.47E-05,3.32E-05,3.04E-05,6.38E-05,0.00016223,0.000762223,0.002250068,0.003899868,0.011192878,0.021424718,0.037707124,0.041934039,0.064383984,0.164923385,0.216486841,0.204615876,0.151235834,0.078768671,0,0,0,0,0,0,0,0,0,0,0,0,0,0,0,0,0,0,0,0,0,0,0,0,0,0,0,0,0,0
Head 1,99,1.21E-09,7.98E-10,1.01E-09,9.82E-10,1.30E-09,1.87E-09,3.05E-09,4.78E-09,7.70E-09,1.20E-08,1.75E-08,2.29E-08,3.12E-08,3.29E-08,2.77E-08,2.07E-08,1.37E-08,9.68E-09,8.41E-09,7.54E-09,7.13E-09,1.50E-08,3.32E-09,2.65E-09,6.07E-09,2.74E-09,4.10E-09,5.64E-09,1.69E-08,1.98E-08,2.47E-08,3.26E-08,4.32E-08,2.24E-08,2.53E-08,2.49E-08,2.93E-08,3.11E-08,7.90E-08,4.45E-08,9.55E-09,9.34E-09,2.10E-08,1.56E-08,5.01E-09,9.83E-09,3.20E-08,7.08E-09,9.59E-09,1.00E-08,3.59E-08,4.89E-08,7.54E-08,2.65E-08,3.83E-08,4.16E-08,9.49E-08,4.31E-08,6.58E-08,1.80E-07,2.26E-07,3.84E-07,3.13E-07,1.02E-06,2.62E-06,3.03E-06,1.87E-06,2.98E-06,8.07E-06,1.09E-05,7.65E-06,1.04E-05,7.61E-06,5.06E-06,3.43E-06,2.80E-06,2.94E-06,3.57E-06,4.63E-06,5.26E-06,1.75E-05,2.03E-05,1.52E-05,3.16E-05,6.86E-05,0.000282762,0.000774029,0.001155083,0.004268994,0.01064162,0.021285651,0.02678906,0.038689543,0.096509308,0.15271613,0.205052525,0.219842762,0.143038556,0.078714564,0,0,0,0,0,0,0,0,0,0,0,0,0,0,0,0,0,0,0,0,0,0,0,0,0,0,0,0,0
Head 1,100,1.23E-09,7.38E-10,8.77E-10,8.22E-10,9.79E-10,1.20E-09,1.71E-09,2.49E-09,4.08E-09,6.84E-09,1.05E-08,1.41E-08,2.07E-08,2.60E-08,2.80E-08,2.63E-08,1.87E-08,1.18E-08,8.74E-09,7.15E-09,7.07E-09,1.78E-08,4.36E-09,3.24E-09,6.31E-09,1.99E-09,2.70E-09,3.61E-09,1.13E-08,1.44E-08,1.78E-08,2.23E-08,2.85E-08,1.65E-08,2.05E-08,2.07E-08,2.40E-08,2.64E-08,8.14E-08,5.58E-08,1.39E-08,1.41E-08,2.54E-08,1.49E-08,3.87E-09,7.31E-09,2.76E-08,6.54E-09,9.18E-09,8.30E-09,2.50E-08,2.94E-08,4.83E-08,1.93E-08,2.88E-08,3.22E-08,8.13E-08,3.15E-08,4.93E-08,1.23E-07,1.41E-07,2.15E-07,1.41E-07,4.37E-07,1.45E-06,1.98E-06,1.42E-06,2.27E-06,5.25E-06,6.53E-06,4.74E-06,8.43E-06,8.70E-06,7.00E-06,4.56E-06,3.00E-06,2.54E-06,2.72E-06,3.42E-06,3.75E-06,1.27E-05,1.34E-05,7.53E-06,1.53E-05,3.06E-05,0.000109584,0.000268753,0.000320683,0.001191821,0.004207227,0.010010878,0.015851788,0.025063453,0.055140786,0.089678906,0.146155,0.222022787,0.207705006,0.143731847,0.078392006,0,0,0,0,0,0,0,0,0,0,0,0,0,0,0,0,0,0,0,0,0,0,0,0,0,0,0,0
Head 1,101,1.63E-09,9.31E-10,9.31E-10,8.37E-10,9.68E-10,1.08E-09,1.33E-09,1.68E-09,2.58E-09,4.52E-09,7.40E-09,1.03E-08,1.55E-08,2.06E-08,2.60E-08,3.11E-08,2.76E-08,1.84E-08,1.21E-08,8.27E-09,7.39E-09,1.97E-08,6.00E-09,4.85E-09,9.18E-09,2.20E-09,2.47E-09,2.88E-09,8.69E-09,1.19E-08,1.59E-08,1.96E-08,2.39E-08,1.38E-08,2.01E-08,2.16E-08,2.53E-08,2.74E-08,8.74E-08,7.21E-08,2.14E-08,2.62E-08,4.42E-08,2.22E-08,4.69E-09,7.07E-09,2.63E-08,6.98E-09,1.13E-08,1.04E-08,2.66E-08,2.47E-08,3.65E-08,1.62E-08,2.61E-08,3.18E-08,9.05E-08,3.10E-08,4.72E-08,1.14E-07,1.20E-07,1.69E-07,9.85E-08,2.37E-07,8.65E-07,1.35E-06,1.18E-06,2.32E-06,4.84E-06,5.20E-06,3.37E-06,6.38E-06,8.92E-06,1.01E-05,7.96E-06,4.93E-06,3.36E-06,2.90E-06,3.27E-06,3.53E-06,1.16E-05,1.21E-05,5.52E-06,1.03E-05,1.92E-05,6.01E-05,0.000130649,0.000134179,0.000400779,0.001703291,0.0044877,0.008773712,0.017848928,0.035104427,0.053874169,0.088544987,0.160338312,0.207061186,0.207756743,0.14181456,0.071835294,0,0,0,0,0,0,0,0,0,0,0,0,0,0,0,0,0,0,0,0,0,0,0,0,0,0,0
Head 1,102,2.82E-09,1.53E-09,1.14E-09,8.60E-10,9.31E-10,9.82E-10,1.10E-09,1.20E-09,1.58E-09,2.61E-09,4.41E-09,6.64E-09,1.05E-08,1.42E-08,1.89E-08,2.66E-08,3.09E-08,2.58E-08,1.82E-08,1.12E-08,8.34E-09,1.99E-08,6.75E-09,6.18E-09,1.35E-08,2.91E-09,2.68E-09,2.41E-09,6.31E-09,8.21E-09,1.20E-08,1.55E-08,1.89E-08,9.80E-09,1.58E-08,1.81E-08,2.29E-08,2.54E-08,7.87E-08,7.55E-08,2.39E-08,3.46E-08,6.87E-08,3.47E-08,6.56E-09,7.43E-09,2.30E-08,5.63E-09,1.04E-08,1.10E-08,2.91E-08,2.23E-08,2.63E-08,1.04E-08,1.80E-08,2.44E-08,8.30E-08,2.73E-08,3.90E-08,9.91E-08,9.61E-08,1.27E-07,7.16E-08,1.32E-07,4.55E-07,7.08E-07,6.45E-07,1.74E-06,4.12E-06,4.18E-06,2.33E-06,3.80E-06,5.79E-06,8.85E-06,9.96E-06,7.47E-06,4.79E-06,3.33E-06,3.00E-06,2.95E-06,9.14E-06,1.01E-05,4.19E-06,6.38E-06,1.07E-05,3.22E-05,6.16E-05,5.69E-05,0.000135146,0.000621414,0.001655575,0.003324946,0.009472392,0.020899521,0.032944854,0.05258939,0.097698875,0.148628831,0.210701868,0.212180093,0.13495408,0.073936127,0,0,0,0,0,0,0,0,0,0,0,0,0,0,0,0,0,0,0,0,0,0,0,0,0,0
Head 1,103,7.46E-09,3.94E-09,2.19E-09,1.24E-09,1.10E-09,1.05E-09,1.11E-09,1.08E-09,1.19E-09,1.68E-09,2.60E-09,4.00E-09,6.82E-09,9.57E-09,1.30E-08,1.92E-08,2.70E-08,3.01E-08,2.70E-08,1.83E-08,1.27E-08,2.51E-08,7.97E-09,7.46E-09,2.00E-08,4.66E-09,3.94E-09,2.79E-09,5.94E-09,6.03E-09,8.44E-09,1.14E-08,1.46E-08,6.76E-09,1.10E-08,1.26E-08,1.73E-08,2.08E-08,6.31E-08,6.94E-08,2.22E-08,3.32E-08,8.78E-08,5.11E-08,9.96E-09,9.73E-09,2.35E-08,4.31E-09,7.58E-09,9.05E-09,2.94E-08,2.18E-08,2.13E-08,6.27E-09,1.05E-08,1.42E-08,5.87E-08,2.03E-08,2.84E-08,8.40E-08,7.50E-08,9.34E-08,5.01E-08,8.11E-08,2.50E-07,3.50E-07,2.63E-07,8.75E-07,2.83E-06,3.13E-06,1.66E-06,2.30E-06,3.02E-06,5.00E-06,7.62E-06,8.17E-06,6.36E-06,4.21E-06,3.04E-06,2.45E-06,6.76E-06,7.62E-06,3.19E-06,3.93E-06,5.66E-06,1.79E-05,2.87E-05,2.17E-05,4.54E-05,0.000214299,0.000537138,0.000880683,0.003152217,0.009639244,0.017492021,0.02970273,0.055412635,0.086673245,0.148650154,0.215879932,0.203022972,0.142840207,0.085708782,0,0,0,0,0,0,0,0,0,0,0,0,0,0,0,0,0,0,0,0,0,0,0,0,0
Head 1,104,1.54E-08,8.52E-09,4.17E-09,1.82E-09,1.22E-09,9.81E-10,9.67E-10,9.06E-10,9.13E-10,1.10E-09,1.49E-09,2.18E-09,3.91E-09,5.91E-09,8.31E-09,1.21E-08,1.78E-08,2.38E-08,2.75E-08,2.34E-08,1.77E-08,2.84E-08,8.22E-09,6.80E-09,1.97E-08,5.67E-09,5.22E-09,3.53E-09,6.34E-09,4.73E-09,5.63E-09,7.58E-09,1.06E-08,5.22E-09,8.27E-09,9.29E-09,1.32E-08,1.72E-08,5.01E-08,6.15E-08,2.21E-08,2.98E-08,9.54E-08,6.81E-08,1.61E-08,1.65E-08,3.14E-08,4.61E-09,6.42E-09,7.46E-09,2.80E-08,2.31E-08,2.20E-08,5.56E-09,8.31E-09,9.85E-09,4.16E-08,1.71E-08,2.47E-08,8.12E-08,7.01E-08,7.91E-08,4.08E-08,6.69E-08,1.69E-07,2.10E-07,1.30E-07,4.16E-07,1.73E-06,2.30E-06,1.47E-06,2.02E-06,2.15E-06,3.07E-06,5.14E-06,7.59E-06,8.28E-06,6.49E-06,4.32E-06,2.84E-06,5.86E-06,6.05E-06,2.94E-06,3.22E-06,4.21E-06,1.32E-05,1.79E-05,1.17E-05,2.41E-05,9.61E-05,0.000219814,0.000299133,0.001069761,0.00418716,0.008932527,0.017360331,0.033743754,0.051000241,0.087700941,0.151779696,0.201031789,0.207275018,0.155640498,0.079524465,0,0,0,0,0,0,0,0,0,0,0,0,0,0,0,0,0,0,0,0,0,0,0,0
Head 1,105,3.75E-08,2.14E-08,1.16E-08,4.57E-09,2.31E-09,1.42E-09,1.15E-09,1.00E-09,9.65E-10,1.04E-09,1.19E-09,1.49E-09,2.50E-09,3.91E-09,5.89E-09,8.77E-09,1.27E-08,1.81E-08,2.49E-08,2.78E-08,2.71E-08,4.36E-08,1.23E-08,8.41E-09,2.22E-08,7.06E-09,7.43E-09,5.67E-09,1.01E-08,5.85E-09,5.19E-09,5.89E-09,8.01E-09,4.20E-09,6.72E-09,7.33E-09,1.01E-08,1.33E-08,3.96E-08,5.20E-08,2.27E-08,2.74E-08,9.62E-08,8.17E-08,2.23E-08,2.80E-08,5.29E-08,6.96E-09,7.20E-09,6.57E-09,2.51E-08,2.29E-08,2.41E-08,5.86E-09,8.10E-09,7.62E-09,2.94E-08,1.21E-08,1.94E-08,7.60E-08,7.09E-08,7.59E-08,3.21E-08,5.64E-08,1.32E-07,1.50E-07,7.86E-08,1.96E-07,9.28E-07,1.40E-06,1.07E-06,1.85E-06,1.84E-06,2.11E-06,3.05E-06,4.96E-06,7.33E-06,8.10E-06,6.39E-06,3.97E-06,6.46E-06,5.36E-06,2.56E-06,2.65E-06,3.36E-06,1.10E-05,1.32E-05,6.22E-06,1.26E-05,4.64E-05,9.57E-05,0.000107041,0.000324018,0.001521276,0.003587012,0.008282741,0.018798057,0.030281287,0.050231483,0.087301411,0.138253748,0.203435183,0.227509439,0.147643775,0.082473263,0,0,0,0,0,0,0,0,0,0,0,0,0,0,0,0,0,0,0,0,0,0,0
Head 1,106,5.09E-08,2.84E-08,1.94E-08,8.52E-09,3.83E-09,1.82E-09,1.10E-09,7.97E-10,7.22E-10,7.50E-10,7.83E-10,8.36E-10,1.22E-09,1.82E-09,2.91E-09,4.75E-09,7.09E-09,1.02E-08,1.48E-08,1.94E-08,2.45E-08,4.62E-08,1.47E-08,9.18E-09,1.90E-08,5.77E-09,6.29E-09,5.79E-09,1.20E-08,6.60E-09,4.62E-09,4.09E-09,4.68E-09,2.50E-09,4.34E-09,4.94E-09,6.73E-09,8.63E-09,2.56E-08,3.36E-08,1.87E-08,2.25E-08,7.66E-08,7.38E-08,2.16E-08,3.21E-08,7.17E-08,1.06E-08,9.21E-09,6.23E-09,1.92E-08,1.70E-08,1.99E-08,5.56E-09,8.17E-09,6.54E-09,2.08E-08,7.49E-09,1.26E-08,5.52E-08,6.12E-08,6.89E-08,2.42E-08,4.17E-08,9.46E-08,1.01E-07,5.21E-08,9.98E-08,4.26E-07,6.53E-07,5.47E-07,1.34E-06,1.57E-06,1.69E-06,2.00E-06,2.84E-06,4.58E-06,6.85E-06,7.60E-06,5.56E-06,7.75E-06,5.11E-06,2.14E-06,2.05E-06,2.56E-06,8.21E-06,9.75E-06,3.69E-06,6.79E-06,2.33E-05,4.25E-05,4.58E-05,0.000116808,0.00053857,0.001286112,0.003330898,0.009135235,0.017576573,0.030607253,0.050732125,0.080962598,0.141203225,0.224819854,0.213553697,0.149706289,0.076234005,0,0,0,0,0,0,0,0,0,0,0,0,0,0,0,0,0,0,0,0,0,0
Head 1,107,8.85E-08,4.38E-08,3.55E-08,1.83E-08,8.71E-09,3.79E-09,1.78E-09,9.57E-10,6.95E-10,6.48E-10,6.38E-10,6.23E-10,8.03E-10,1.07E-09,1.59E-09,2.69E-09,4.16E-09,6.04E-09,8.97E-09,1.22E-08,1.76E-08,4.44E-08,1.54E-08,1.07E-08,2.04E-08,5.18E-09,5.03E-09,4.87E-09,1.34E-08,8.28E-09,5.39E-09,3.88E-09,3.37E-09,1.29E-09,2.37E-09,2.70E-09,3.86E-09,5.09E-09,1.75E-08,2.11E-08,1.13E-08,1.57E-08,5.76E-08,6.01E-08,1.60E-08,2.58E-08,7.68E-08,1.07E-08,9.88E-09,5.44E-09,1.35E-08,9.32E-09,1.01E-08,2.47E-09,4.49E-09,3.60E-09,1.17E-08,2.75E-09,4.42E-09,2.20E-08,2.68E-08,3.44E-08,9.75E-09,1.68E-08,4.46E-08,4.23E-08,1.78E-08,3.17E-08,1.36E-07,1.97E-07,1.26E-07,3.91E-07,5.85E-07,7.35E-07,8.23E-07,9.82E-07,1.41E-06,2.29E-06,3.35E-06,3.30E-06,6.29E-06,3.94E-06,1.21E-06,1.03E-06,1.16E-06,4.30E-06,5.56E-06,1.62E-06,2.73E-06,1.19E-05,1.79E-05,1.44E-05,3.46E-05,0.000173181,0.000402465,0.001097993,0.003471432,0.00815292,0.016623463,0.029009257,0.046731941,0.085180506,0.162745759,0.212147743,0.207690299,0.129703417,0.096747644,0,0,0,0,0,0,0,0,0,0,0,0,0,0,0,0,0,0,0,0,0
Head 1,108,1.12E-07,5.38E-08,5.09E-08,3.29E-08,1.92E-08,8.95E-09,3.70E-09,1.54E-09,8.54E-10,6.67E-10,5.95E-10,5.31E-10,5.96E-10,6.77E-10,9.01E-10,1.52E-09,2.48E-09,3.73E-09,5.62E-09,7.59E-09,1.15E-08,3.68E-08,1.63E-08,1.45E-08,2.64E-08,6.23E-09,5.11E-09,4.61E-09,1.41E-08,1.09E-08,7.74E-09,5.12E-09,3.51E-09,9.82E-10,1.69E-09,1.83E-09,2.65E-09,3.51E-09,1.24E-08,1.42E-08,7.56E-09,1.23E-08,4.36E-08,5.06E-08,1.46E-08,2.15E-08,8.24E-08,1.43E-08,1.60E-08,9.03E-09,1.77E-08,9.43E-09,8.62E-09,2.01E-09,4.14E-09,3.73E-09,1.25E-08,2.32E-09,3.31E-09,1.55E-08,1.94E-08,2.87E-08,8.29E-09,1.29E-08,3.89E-08,3.47E-08,1.39E-08,2.40E-08,8.34E-08,1.04E-07,5.38E-08,1.71E-07,3.28E-07,5.51E-07,7.04E-07,7.63E-07,9.10E-07,1.34E-06,2.25E-06,2.96E-06,7.51E-06,5.24E-06,1.44E-06,1.10E-06,1.04E-06,3.27E-06,4.31E-06,1.25E-06,1.72E-06,8.62E-06,1.09E-05,7.07E-06,1.57E-05,6.81E-05,0.000139658,0.000354286,0.001159194,0.003174839,0.007957531,0.015773436,0.026053755,0.045524675,0.09007322,0.146383658,0.207800224,0.189764023,0.177980617,0.087712362,0,0,0,0,0,0,0,0,0,0,0,0,0,0,0,0,0,0,0,0
Head 1,109,1.23E-07,6.26E-08,6.07E-08,4.40E-08,3.21E-08,1.83E-08,8.25E-09,3.07E-09,1.30E-09,7.83E-10,5.85E-10,4.78E-10,4.92E-10,4.90E-10,5.54E-10,8.45E-10,1.37E-09,2.17E-09,3.48E-09,4.70E-09,6.98E-09,2.46E-08,1.30E-08,1.55E-08,3.25E-08,8.34E-09,6.12E-09,4.57E-09,1.29E-08,1.16E-08,9.93E-09,7.16E-09,4.52E-09,9.36E-10,1.36E-09,1.26E-09,1.78E-09,2.45E-09,8.85E-09,9.89E-09,4.79E-09,8.78E-09,3.07E-08,3.88E-08,1.34E-08,1.73E-08,7.33E-08,1.49E-08,2.08E-08,1.48E-08,2.75E-08,1.21E-08,8.59E-09,1.63E-09,3.29E-09,3.36E-09,1.30E-08,2.23E-09,2.84E-09,1.15E-08,1.27E-08,2.01E-08,6.61E-09,9.79E-09,3.40E-08,2.95E-08,1.04E-08,1.91E-08,5.86E-08,6.40E-08,2.72E-08,6.97E-08,1.42E-07,3.11E-07,5.28E-07,6.45E-07,7.04E-07,8.54E-07,1.31E-06,1.94E-06,6.68E-06,6.02E-06,1.86E-06,1.39E-06,1.08E-06,2.60E-06,3.15E-06,1.02E-06,1.21E-06,6.85E-06,7.71E-06,3.80E-06,7.99E-06,3.06E-05,5.50E-05,0.000123893,0.000377574,0.001056365,0.003107766,0.007528319,0.014292934,0.02534144,0.047495257,0.079959475,0.140871629,0.187925279,0.252445936,0.161404163,0.077925429,0,0,0,0,0,0,0,0,0,0,0,0,0,0,0,0,0,0,0
Head 1,110,1.31E-07,8.03E-08,7.54E-08,5.39E-08,4.38E-08,3.04E-08,1.71E-08,6.99E-09,2.64E-09,1.22E-09,7.03E-10,4.88E-10,4.59E-10,4.21E-10,4.17E-10,5.41E-10,7.99E-10,1.25E-09,2.13E-09,3.06E-09,4.54E-09,1.57E-08,9.06E-09,1.29E-08,3.46E-08,1.11E-08,8.78E-09,5.63E-09,1.25E-08,1.11E-08,1.09E-08,9.25E-09,6.49E-09,1.18E-09,1.42E-09,1.04E-09,1.29E-09,1.77E-09,6.44E-09,7.51E-09,3.34E-09,6.22E-09,2.19E-08,2.85E-08,1.24E-08,1.54E-08,6.34E-08,1.42E-08,2.19E-08,2.05E-08,4.49E-08,1.98E-08,1.16E-08,1.74E-09,2.83E-09,2.85E-09,1.27E-08,2.38E-09,3.03E-09,1.11E-08,9.80E-09,1.41E-08,5.10E-09,7.74E-09,3.10E-08,2.81E-08,8.46E-09,1.59E-08,4.81E-08,4.75E-08,1.86E-08,3.57E-08,6.21E-08,1.45E-07,3.18E-07,5.13E-07,6.38E-07,7.07E-07,8.91E-07,1.21E-06,4.87E-06,5.64E-06,2.33E-06,2.02E-06,1.44E-06,2.63E-06,2.61E-06,8.99E-07,9.72E-07,5.83E-06,6.53E-06,2.50E-06,4.72E-06,1.66E-05,2.60E-05,5.18E-05,0.000140538,0.000358016,0.001092067,0.003105994,0.007189714,0.014569473,0.027284373,0.04374193,0.079339549,0.131250009,0.237901106,0.236148417,0.147036597,0.070699066,0,0,0,0,0,0,0,0,0,0,0,0,0,0,0,0,0,0
Head 1,111,1.40E-07,1.11E-07,1.05E-07,7.19E-08,5.74E-08,4.27E-08,2.97E-08,1.52E-08,6.27E-09,2.56E-09,1.13E-09,6.07E-10,4.79E-10,4.00E-10,3.64E-10,4.06E-10,5.14E-10,7.19E-10,1.21E-09,1.86E-09,2.97E-09,9.90E-09,6.06E-09,8.70E-09,2.96E-08,1.22E-08,1.26E-08,8.32E-09,1.47E-08,1.13E-08,1.09E-08,1.03E-08,8.73E-09,1.71E-09,1.84E-09,1.09E-09,1.07E-09,1.29E-09,4.54E-09,5.56E-09,2.45E-09,4.35E-09,1.55E-08,1.96E-08,9.96E-09,1.37E-08,5.32E-08,1.33E-08,1.93E-08,2.14E-08,6.26E-08,3.25E-08,1.88E-08,2.51E-09,3.03E-09,2.45E-09,1.11E-08,2.27E-09,3.26E-09,1.23E-08,9.10E-09,1.07E-08,3.59E-09,5.74E-09,2.57E-08,2.65E-08,7.25E-09,1.28E-08,4.18E-08,3.81E-08,1.48E-08,2.34E-08,3.16E-08,6.29E-08,1.46E-07,3.04E-07,5.04E-07,6.38E-07,7.27E-07,8.26E-07,3.23E-06,4.15E-06,2.22E-06,2.56E-06,2.08E-06,3.36E-06,2.64E-06,8.29E-07,8.25E-07,4.71E-06,5.78E-06,1.93E-06,3.11E-06,1.07E-05,1.41E-05,2.46E-05,5.92E-05,0.000132118,0.00037429,0.001115915,0.003011109,0.007504024,0.016037025,0.026050121,0.045260292,0.077223986,0.15632394,0.233684972,0.225462943,0.140230566,0.067438006,0,0,0,0,0,0,0,0,0,0,0,0,0,0,0,0,0
Head 1,112,1.70E-07,1.62E-07,1.67E-07,1.18E-07,9.01E-08,6.37E-08,4.78E-08,3.05E-08,1.60E-08,7.01E-09,2.73E-09,1.13E-09,6.89E-10,4.85E-10,4.03E-10,4.05E-10,4.43E-10,5.27E-10,7.88E-10,1.21E-09,2.10E-09,7.00E-09,4.61E-09,6.08E-09,2.32E-08,1.14E-08,1.59E-08,1.32E-08,2.19E-08,1.47E-08,1.24E-08,1.13E-08,1.09E-08,2.55E-09,2.86E-09,1.57E-09,1.24E-09,1.18E-09,3.70E-09,4.33E-09,1.99E-09,3.41E-09,1.25E-08,1.47E-08,7.51E-09,1.24E-08,4.66E-08,1.37E-08,1.79E-08,2.01E-08,7.50E-08,4.94E-08,3.30E-08,4.76E-09,4.73E-09,2.78E-09,1.05E-08,2.04E-09,3.32E-09,1.47E-08,1.06E-08,1.06E-08,2.80E-09,4.48E-09,2.07E-08,2.43E-08,6.80E-09,1.08E-08,4.03E-08,3.44E-08,1.27E-08,1.97E-08,2.18E-08,3.34E-08,6.57E-08,1.45E-07,3.11E-07,5.25E-07,6.67E-07,7.01E-07,2.39E-06,2.86E-06,1.62E-06,2.45E-06,2.70E-06,4.90E-06,3.44E-06,8.99E-07,7.94E-07,3.74E-06,4.99E-06,1.71E-06,2.38E-06,8.48E-06,9.41E-06,1.39E-05,2.94E-05,5.76E-05,0.000142872,0.00039525,0.001097666,0.003219121,0.008495542,0.015711816,0.027737824,0.044767316,0.085680529,0.156607777,0.227385998,0.219749123,0.136968449,0.071882956,0,0,0,0,0,0,0,0,0,0,0,0,0,0,0,0
Head 1,113,2.01E-07,1.95E-07,2.23E-07,1.82E-07,1.44E-07,9.60E-08,6.77E-08,4.69E-08,3.09E-08,1.68E-08,7.06E-09,2.59E-09,1.20E-09,6.49E-10,4.55E-10,4.11E-10,4.03E-10,4.13E-10,5.15E-10,7.10E-10,1.25E-09,4.39E-09,3.11E-09,3.93E-09,1.50E-08,7.97E-09,1.35E-08,1.54E-08,2.99E-08,1.99E-08,1.50E-08,1.21E-08,1.14E-08,2.99E-09,3.75E-09,2.30E-09,1.67E-09,1.25E-09,3.32E-09,3.20E-09,1.43E-09,2.47E-09,9.40E-09,1.06E-08,4.82E-09,9.06E-09,3.53E-08,1.26E-08,1.60E-08,1.68E-08,7.08E-08,5.71E-08,4.68E-08,8.15E-09,8.35E-09,3.92E-09,1.10E-08,1.66E-09,2.67E-09,1.41E-08,1.14E-08,1.10E-08,2.28E-09,3.44E-09,1.48E-08,1.80E-08,5.51E-09,8.31E-09,3.65E-08,3.03E-08,9.62E-09,1.61E-08,1.68E-08,2.10E-08,3.16E-08,5.92E-08,1.35E-07,2.96E-07,4.95E-07,5.95E-07,1.90E-06,1.95E-06,9.39E-07,1.57E-06,2.35E-06,5.88E-06,4.56E-06,1.06E-06,8.24E-07,2.88E-06,3.73E-06,1.39E-06,1.82E-06,7.05E-06,6.99E-06,8.65E-06,1.56E-05,2.71E-05,5.84E-05,0.000141147,0.000360285,0.001103876,0.003507596,0.007962729,0.016317043,0.026556898,0.046829313,0.08398357,0.150000602,0.219572932,0.214617267,0.14653179,0.082356736,0,0,0,0,0,0,0,0,0,0,0,0,0,0,0
Head 1,114,2.42E-07,2.03E-07,2.47E-07,2.42E-07,2.23E-07,1.57E-07,1.01E-07,6.61E-08,4.79E-08,3.24E-08,1.73E-08,6.90E-09,2.82E-09,1.17E-09,6.38E-10,4.93E-10,4.38E-10,4.10E-10,4.38E-10,5.05E-10,8.00E-10,2.93E-09,2.14E-09,2.90E-09,1.05E-08,5.74E-09,9.68E-09,1.38E-08,3.53E-08,2.70E-08,2.07E-08,1.51E-08,1.23E-08,3.20E-09,4.27E-09,3.22E-09,2.57E-09,1.74E-09,4.02E-09,2.90E-09,1.10E-09,1.96E-09,7.61E-09,8.79E-09,3.56E-09,6.71E-09,2.70E-08,1.12E-08,1.60E-08,1.66E-08,6.70E-08,6.07E-08,5.82E-08,1.24E-08,1.59E-08,7.71E-09,1.65E-08,1.89E-09,2.43E-09,1.30E-08,1.19E-08,1.29E-08,2.49E-09,3.51E-09,1.28E-08,1.41E-08,4.56E-09,7.10E-09,3.56E-08,3.10E-08,8.10E-09,1.41E-08,1.53E-08,1.81E-08,2.24E-08,3.22E-08,6.16E-08,1.43E-07,3.08E-07,4.97E-07,1.75E-06,1.69E-06,6.62E-07,9.87E-07,1.68E-06,5.86E-06,5.94E-06,1.54E-06,1.14E-06,2.81E-06,3.02E-06,1.19E-06,1.55E-06,6.41E-06,6.37E-06,6.91E-06,1.04E-05,1.58E-05,3.00E-05,6.28E-05,0.000139291,0.00038799,0.001284143,0.003383991,0.008566713,0.015856018,0.028738508,0.045728773,0.078868546,0.140424371,0.208061934,0.222861916,0.162722424,0.082803607,0,0,0,0,0,0,0,0,0,0,0,0,0,0
Head 1,115,2.41E-07,1.64E-07,1.92E-07,2.07E-07,2.30E-07,1.98E-07,1.32E-07,7.88E-08,5.37E-08,3.88E-08,2.59E-08,1.31E-08,5.77E-09,2.11E-09,8.79E-10,5.27E-10,3.93E-10,3.38E-10,3.33E-10,3.30E-10,4.39E-10,1.57E-09,1.04E-09,1.61E-09,5.83E-09,3.48E-09,5.34E-09,8.09E-09,2.63E-08,2.49E-08,2.25E-08,1.71E-08,1.22E-08,2.86E-09,3.45E-09,2.93E-09,2.83E-09,2.11E-09,4.78E-09,2.70E-09,7.51E-10,1.27E-09,4.79E-09,5.82E-09,2.37E-09,4.20E-09,1.69E-08,7.13E-09,1.21E-08,1.39E-08,5.24E-08,5.17E-08,5.37E-08,1.21E-08,1.96E-08,1.23E-08,2.51E-08,2.51E-09,2.31E-09,1.00E-08,9.05E-09,1.10E-08,2.37E-09,3.49E-09,1.12E-08,1.00E-08,2.88E-09,4.79E-09,2.66E-08,2.67E-08,6.24E-09,1.01E-08,1.12E-08,1.39E-08,1.63E-08,1.94E-08,2.86E-08,5.57E-08,1.27E-07,2.64E-07,1.21E-06,1.32E-06,4.97E-07,6.16E-07,9.34E-07,3.83E-06,5.10E-06,1.79E-06,1.51E-06,2.95E-06,2.47E-06,8.78E-07,1.11E-06,4.54E-06,5.03E-06,5.41E-06,7.03E-06,9.12E-06,1.50E-05,2.78E-05,5.52E-05,0.000135626,0.00042028,0.001140015,0.003414751,0.007798632,0.017095193,0.02710364,0.042041279,0.072465777,0.130464435,0.212233216,0.245652139,0.162135839,0.077742949,0,0,0,0,0,0,0,0,0,0,0,0,0
Head 1,116,2.50E-07,1.50E-07,1.61E-07,1.67E-07,2.05E-07,2.21E-07,1.77E-07,1.09E-07,6.82E-08,4.61E-08,3.33E-08,2.11E-08,1.18E-08,4.72E-09,1.73E-09,8.02E-10,4.60E-10,3.33E-10,3.02E-10,2.74E-10,3.10E-10,1.02E-09,5.54E-10,8.94E-10,3.36E-09,2.24E-09,3.29E-09,4.77E-09,1.72E-08,1.97E-08,2.21E-08,2.03E-08,1.48E-08,3.31E-09,3.27E-09,2.57E-09,2.76E-09,2.51E-09,6.49E-09,3.44E-09,6.99E-10,9.92E-10,3.30E-09,3.88E-09,1.71E-09,2.92E-09,1.16E-08,4.42E-09,8.46E-09,1.12E-08,4.14E-08,4.53E-08,5.04E-08,1.10E-08,1.90E-08,1.63E-08,4.05E-08,4.44E-09,3.30E-09,1.02E-08,7.47E-09,8.89E-09,2.14E-09,3.70E-09,1.21E-08,9.13E-09,2.04E-09,3.36E-09,1.91E-08,2.23E-08,5.45E-09,7.88E-09,8.58E-09,1.10E-08,1.34E-08,1.52E-08,1.85E-08,2.77E-08,5.36E-08,1.16E-07,7.05E-07,9.72E-07,4.25E-07,5.05E-07,6.15E-07,2.39E-06,3.58E-06,1.65E-06,1.86E-06,3.72E-06,2.72E-06,8.00E-07,8.81E-07,3.18E-06,3.91E-06,4.64E-06,5.85E-06,6.65E-06,9.29E-06,1.48E-05,2.61E-05,5.66E-05,0.000154473,0.000384656,0.001191914,0.00317966,0.008709278,0.016249429,0.025151407,0.038919289,0.067420863,0.133510903,0.235739663,0.244495466,0.152454361,0.072284281,0,0,0,0,0,0,0,0,0,0,0,0
Head 1,117,2.63E-07,1.65E-07,1.63E-07,1.50E-07,1.77E-07,2.15E-07,2.16E-07,1.59E-07,1.02E-07,6.32E-08,4.25E-08,2.92E-08,2.04E-08,1.04E-08,4.19E-09,1.72E-09,7.62E-10,4.18E-10,3.21E-10,2.68E-10,2.73E-10,8.07E-10,3.63E-10,5.18E-10,2.01E-09,1.39E-09,2.21E-09,3.11E-09,1.10E-08,1.41E-08,1.86E-08,2.13E-08,1.86E-08,4.74E-09,4.10E-09,2.61E-09,2.57E-09,2.63E-09,8.32E-09,5.09E-09,8.94E-10,1.03E-09,2.82E-09,2.73E-09,1.22E-09,2.16E-09,8.65E-09,2.94E-09,5.62E-09,8.11E-09,3.11E-08,3.81E-08,4.75E-08,1.05E-08,1.60E-08,1.65E-08,5.60E-08,7.89E-09,6.07E-09,1.43E-08,7.87E-09,7.53E-09,1.70E-09,3.44E-09,1.33E-08,9.91E-09,1.73E-09,2.60E-09,1.36E-08,1.65E-08,4.61E-09,6.33E-09,6.79E-09,8.54E-09,1.07E-08,1.26E-08,1.48E-08,1.84E-08,2.76E-08,4.96E-08,3.52E-07,5.82E-07,3.17E-07,4.62E-07,5.09E-07,1.67E-06,2.29E-06,1.11E-06,1.68E-06,4.34E-06,3.48E-06,9.21E-07,8.37E-07,2.36E-06,2.80E-06,3.70E-06,5.07E-06,5.59E-06,6.89E-06,9.25E-06,1.42E-05,2.71E-05,6.51E-05,0.000142819,0.000407907,0.001114762,0.003463425,0.008249722,0.015199355,0.023652289,0.036588725,0.070053302,0.150872484,0.237826854,0.234655738,0.145245045,0.072364524,0,0,0,0,0,0,0,0,0,0,0
Head 1,118,2.57E-07,1.87E-07,1.77E-07,1.49E-07,1.57E-07,1.84E-07,2.12E-07,1.97E-07,1.49E-07,9.58E-08,5.88E-08,3.80E-08,2.88E-08,1.84E-08,9.40E-09,4.18E-09,1.65E-09,6.83E-10,3.99E-10,2.83E-10,2.61E-10,6.93E-10,2.86E-10,3.23E-10,1.23E-09,7.67E-10,1.39E-09,2.04E-09,6.87E-09,9.39E-09,1.32E-08,1.76E-08,1.94E-08,6.45E-09,6.07E-09,3.24E-09,2.57E-09,2.45E-09,8.71E-09,6.73E-09,1.27E-09,1.31E-09,3.08E-09,2.23E-09,8.29E-10,1.53E-09,6.21E-09,2.05E-09,3.66E-09,5.21E-09,2.10E-08,2.77E-08,3.98E-08,1.02E-08,1.31E-08,1.36E-08,5.96E-08,1.06E-08,1.04E-08,2.40E-08,1.08E-08,7.71E-09,1.35E-09,2.68E-09,1.25E-08,1.06E-08,1.70E-09,2.35E-09,1.08E-08,1.14E-08,3.37E-09,4.82E-09,5.35E-09,6.52E-09,8.07E-09,9.65E-09,1.19E-08,1.42E-08,1.77E-08,2.45E-08,1.65E-07,2.82E-07,1.72E-07,3.55E-07,4.50E-07,1.34E-06,1.56E-06,6.49E-07,1.08E-06,3.81E-06,4.01E-06,1.18E-06,9.76E-07,2.10E-06,2.06E-06,2.66E-06,4.00E-06,4.71E-06,5.69E-06,6.77E-06,8.80E-06,1.45E-05,3.05E-05,5.93E-05,0.000149454,0.000373918,0.001146008,0.003231233,0.007679117,0.014303771,0.022122107,0.0382029,0.079785392,0.153851971,0.231090263,0.226018444,0.147120133,0.074765846,0,0,0,0,0,0,0,0,0,0
Head 1,119,2.45E-07,2.06E-07,1.89E-07,1.57E-07,1.51E-07,1.55E-07,1.76E-07,1.87E-07,1.77E-07,1.37E-07,8.64E-08,5.16E-08,3.69E-08,2.55E-08,1.63E-08,9.06E-09,3.94E-09,1.43E-09,6.32E-10,3.45E-10,2.68E-10,6.17E-10,2.59E-10,2.33E-10,8.16E-10,4.14E-10,7.88E-10,1.25E-09,4.15E-09,6.01E-09,8.69E-09,1.20E-08,1.58E-08,6.86E-09,8.65E-09,4.70E-09,3.15E-09,2.42E-09,7.92E-09,7.15E-09,1.65E-09,1.79E-09,4.13E-09,2.34E-09,6.23E-10,1.09E-09,4.29E-09,1.47E-09,2.52E-09,3.37E-09,1.38E-08,1.80E-08,2.85E-08,9.64E-09,1.17E-08,1.12E-08,5.34E-08,1.08E-08,1.38E-08,3.91E-08,1.80E-08,1.05E-08,1.37E-09,2.13E-09,1.02E-08,9.83E-09,1.74E-09,2.48E-09,1.04E-08,8.65E-09,2.27E-09,3.44E-09,4.11E-09,5.10E-09,6.18E-09,7.22E-09,9.13E-09,1.15E-08,1.36E-08,1.58E-08,8.60E-08,1.31E-07,7.40E-08,2.00E-07,3.45E-07,1.13E-06,1.24E-06,4.23E-07,6.20E-07,2.55E-06,3.55E-06,1.40E-06,1.29E-06,2.38E-06,1.81E-06,1.94E-06,2.85E-06,3.63E-06,4.74E-06,5.57E-06,6.41E-06,8.93E-06,1.61E-05,2.77E-05,6.22E-05,0.000136247,0.000381037,0.001067779,0.003008002,0.007236809,0.013340749,0.023186333,0.043434966,0.081508271,0.14922902,0.222700924,0.228612095,0.152397171,0.073600858,0,0,0,0,0,0,0,0,0
Head 1,120,2.86E-07,2.47E-07,2.13E-07,1.82E-07,1.72E-07,1.59E-07,1.60E-07,1.65E-07,1.79E-07,1.75E-07,1.31E-07,8.10E-08,5.36E-08,3.46E-08,2.39E-08,1.64E-08,9.12E-09,3.68E-09,1.42E-09,5.95E-10,3.59E-10,6.62E-10,2.77E-10,2.16E-10,6.76E-10,2.83E-10,4.79E-10,7.73E-10,2.65E-09,4.01E-09,6.03E-09,8.24E-09,1.15E-08,5.79E-09,1.03E-08,7.07E-09,4.88E-09,3.13E-09,8.01E-09,7.07E-09,1.88E-09,2.34E-09,6.29E-09,3.36E-09,6.41E-10,9.40E-10,3.28E-09,1.09E-09,1.92E-09,2.48E-09,1.01E-08,1.22E-08,1.92E-08,8.21E-09,1.15E-08,1.07E-08,4.81E-08,9.99E-09,1.43E-08,5.54E-08,3.13E-08,1.87E-08,2.11E-09,2.33E-09,8.99E-09,8.47E-09,1.67E-09,2.78E-09,1.22E-08,8.37E-09,1.69E-09,2.55E-09,3.12E-09,4.09E-09,5.12E-09,5.85E-09,7.18E-09,9.30E-09,1.14E-08,1.30E-08,5.73E-08,7.39E-08,3.36E-08,9.09E-08,2.06E-07,8.97E-07,1.10E-06,3.55E-07,4.23E-07,1.59E-06,2.50E-06,1.28E-06,1.59E-06,3.21E-06,2.12E-06,1.77E-06,2.17E-06,2.69E-06,3.80E-06,4.88E-06,5.54E-06,6.82E-06,1.03E-05,1.54E-05,3.06E-05,5.89E-05,0.000152965,0.000366035,0.001013297,0.002872089,0.006824743,0.014179227,0.026470318,0.044662617,0.078596592,0.142940715,0.222451821,0.236645669,0.149773672,0.072888985,0,0,0,0,0,0,0,0
Head 1,121,4.19E-07,3.25E-07,2.55E-07,2.15E-07,2.08E-07,1.91E-07,1.72E-07,1.55E-07,1.64E-07,1.84E-07,1.74E-07,1.30E-07,8.90E-08,5.25E-08,3.37E-08,2.47E-08,1.72E-08,8.96E-09,3.78E-09,1.39E-09,6.51E-10,9.07E-10,3.26E-10,2.30E-10,6.45E-10,2.44E-10,3.27E-10,4.79E-10,1.71E-09,2.58E-09,4.13E-09,5.75E-09,8.07E-09,4.02E-09,8.76E-09,8.33E-09,7.35E-09,4.80E-09,9.72E-09,7.30E-09,1.90E-09,2.54E-09,8.60E-09,5.36E-09,8.66E-10,1.02E-09,2.99E-09,7.99E-10,1.44E-09,1.87E-09,7.68E-09,8.76E-09,1.28E-08,5.69E-09,9.98E-09,1.03E-08,4.30E-08,9.24E-09,1.22E-08,6.02E-08,4.43E-08,3.23E-08,3.99E-09,3.54E-09,9.74E-09,7.35E-09,1.35E-09,2.64E-09,1.39E-08,9.38E-09,1.47E-09,2.02E-09,2.23E-09,2.99E-09,4.02E-09,4.74E-09,5.57E-09,6.99E-09,8.81E-09,1.06E-08,4.30E-08,4.88E-08,1.79E-08,3.79E-08,9.03E-08,5.52E-07,8.45E-07,3.13E-07,3.49E-07,1.06E-06,1.53E-06,8.09E-07,1.38E-06,3.84E-06,2.77E-06,2.02E-06,1.93E-06,2.01E-06,2.76E-06,3.85E-06,4.77E-06,5.79E-06,7.66E-06,9.67E-06,1.68E-05,2.85E-05,7.35E-05,0.000144064,0.000336483,0.000931843,0.002626557,0.007098319,0.015872823,0.026944993,0.042317804,0.074177466,0.140105948,0.229231119,0.232348606,0.147787437,0.079900473,0,0,0,0,0,0,0
Head 1,122,5.80E-07,3.93E-07,2.91E-07,2.27E-07,2.18E-07,2.13E-07,1.88E-07,1.51E-07,1.40E-07,1.53E-07,1.65E-07,1.56E-07,1.29E-07,7.86E-08,4.61E-08,3.12E-08,2.31E-08,1.53E-08,8.35E-09,3.39E-09,1.41E-09,1.50E-09,4.01E-10,2.45E-10,5.98E-10,2.30E-10,2.46E-10,3.03E-10,1.06E-09,1.48E-09,2.46E-09,3.71E-09,5.32E-09,2.58E-09,5.53E-09,6.65E-09,8.14E-09,6.74E-09,1.26E-08,8.10E-09,1.89E-09,2.30E-09,8.80E-09,7.04E-09,1.25E-09,1.32E-09,3.33E-09,6.25E-10,1.05E-09,1.36E-09,5.61E-09,6.46E-09,8.81E-09,3.50E-09,7.17E-09,8.71E-09,3.60E-08,9.21E-09,1.05E-08,5.45E-08,4.82E-08,4.48E-08,7.19E-09,6.78E-09,1.41E-08,7.82E-09,1.11E-09,2.13E-09,1.32E-08,1.03E-08,1.53E-09,1.93E-09,1.74E-09,2.12E-09,2.95E-09,3.80E-09,4.54E-09,5.43E-09,6.58E-09,8.14E-09,3.37E-08,3.60E-08,1.24E-08,1.93E-08,3.80E-08,2.73E-07,5.05E-07,2.41E-07,3.26E-07,8.28E-07,1.00E-06,4.45E-07,8.61E-07,3.41E-06,3.24E-06,2.57E-06,2.13E-06,1.76E-06,2.00E-06,2.69E-06,3.69E-06,4.89E-06,6.35E-06,7.11E-06,1.05E-05,1.55E-05,4.13E-05,7.04E-05,0.000134824,0.00031234,0.000857578,0.002731866,0.007933824,0.016208375,0.02559722,0.040032435,0.072250083,0.14327389,0.223188624,0.226280421,0.16101487,0.079997845,0,0,0,0,0,0
Head 1,123,8.02E-07,5.03E-07,3.97E-07,2.85E-07,2.53E-07,2.54E-07,2.36E-07,1.85E-07,1.53E-07,1.47E-07,1.55E-07,1.66E-07,1.73E-07,1.29E-07,7.86E-08,4.91E-08,3.32E-08,2.36E-08,1.62E-08,8.38E-09,3.83E-09,3.67E-09,7.18E-10,3.39E-10,6.69E-10,2.50E-10,2.26E-10,2.37E-10,7.77E-10,9.35E-10,1.45E-09,2.30E-09,3.47E-09,1.74E-09,3.28E-09,4.21E-09,6.50E-09,7.49E-09,1.68E-08,1.08E-08,2.36E-09,2.37E-09,8.52E-09,7.94E-09,1.71E-09,1.89E-09,4.85E-09,6.37E-10,8.60E-10,9.73E-10,3.97E-09,4.67E-09,6.40E-09,2.12E-09,4.35E-09,5.82E-09,2.61E-08,8.32E-09,9.24E-09,4.55E-08,4.36E-08,4.76E-08,9.15E-09,1.13E-08,2.34E-08,1.08E-08,1.07E-09,1.61E-09,1.03E-08,9.34E-09,1.48E-09,1.97E-09,1.48E-09,1.48E-09,1.88E-09,2.50E-09,3.20E-09,3.89E-09,4.54E-09,5.37E-09,2.54E-08,2.60E-08,8.71E-09,1.15E-08,1.73E-08,1.22E-07,2.33E-07,1.20E-07,2.34E-07,6.58E-07,7.33E-07,2.47E-07,4.24E-07,2.15E-06,2.71E-06,2.83E-06,2.58E-06,1.90E-06,1.70E-06,1.87E-06,2.50E-06,3.61E-06,5.07E-06,5.61E-06,7.27E-06,9.08E-06,2.36E-05,3.64E-05,6.05E-05,0.000114495,0.00026428,0.000822698,0.002842181,0.007538029,0.014452185,0.02291855,0.037440401,0.071444243,0.136009544,0.212057367,0.243580371,0.160743892,0.089595005,0,0,0,0,0
Head 1,124,6.47E-07,4.21E-07,4.05E-07,2.97E-07,2.42E-07,2.31E-07,2.21E-07,1.83E-07,1.49E-07,1.28E-07,1.19E-07,1.23E-07,1.45E-07,1.37E-07,1.02E-07,6.79E-08,4.17E-08,2.71E-08,2.01E-08,1.30E-08,7.55E-09,7.84E-09,1.39E-09,5.03E-10,7.36E-10,2.38E-10,1.98E-10,1.90E-10,5.58E-10,6.04E-10,8.06E-10,1.24E-09,1.94E-09,1.13E-09,1.98E-09,2.45E-09,3.96E-09,5.72E-09,1.65E-08,1.22E-08,3.10E-09,2.71E-09,7.42E-09,6.64E-09,1.67E-09,2.15E-09,6.40E-09,7.76E-10,8.37E-10,7.55E-10,2.72E-09,3.09E-09,4.52E-09,1.48E-09,2.79E-09,3.68E-09,1.71E-08,6.81E-09,8.71E-09,3.85E-08,3.87E-08,4.47E-08,9.25E-09,1.48E-08,3.76E-08,1.80E-08,1.60E-09,1.69E-09,8.39E-09,7.49E-09,1.39E-09,2.22E-09,1.67E-09,1.41E-09,1.48E-09,1.78E-09,2.37E-09,3.10E-09,3.74E-09,4.17E-09,2.11E-08,2.02E-08,6.62E-09,9.08E-09,1.14E-08,6.33E-08,1.09E-07,5.27E-08,1.36E-07,4.90E-07,5.97E-07,1.92E-07,2.65E-07,1.28E-06,1.80E-06,2.49E-06,2.96E-06,2.40E-06,1.88E-06,1.60E-06,1.76E-06,2.45E-06,3.71E-06,4.54E-06,5.81E-06,6.48E-06,1.54E-05,2.17E-05,3.33E-05,5.56E-05,0.000106212,0.000278616,0.000937941,0.002891663,0.007154858,0.013651056,0.022666875,0.038351536,0.069234863,0.129860252,0.22672838,0.237718478,0.174529433,0.075718559,0,0,0,0
Head 1,125,5.63E-07,3.90E-07,4.59E-07,3.87E-07,3.19E-07,2.81E-07,2.60E-07,2.21E-07,1.88E-07,1.60E-07,1.33E-07,1.20E-07,1.35E-07,1.46E-07,1.39E-07,1.15E-07,7.42E-08,4.34E-08,2.98E-08,2.06E-08,1.48E-08,1.95E-08,3.97E-09,1.25E-09,1.41E-09,3.35E-10,2.37E-10,2.05E-10,5.44E-10,5.65E-10,6.37E-10,8.35E-10,1.23E-09,7.46E-10,1.39E-09,1.64E-09,2.51E-09,3.85E-09,1.44E-08,1.33E-08,4.39E-09,4.21E-09,9.18E-09,6.99E-09,1.69E-09,2.33E-09,8.82E-09,1.20E-09,1.16E-09,8.27E-10,2.51E-09,2.32E-09,3.31E-09,1.10E-09,1.93E-09,2.37E-09,1.15E-08,4.56E-09,7.26E-09,3.25E-08,3.53E-08,4.27E-08,8.30E-09,1.39E-08,5.07E-08,3.04E-08,2.97E-09,2.52E-09,8.98E-09,6.38E-09,1.08E-09,2.06E-09,1.81E-09,1.52E-09,1.36E-09,1.33E-09,1.61E-09,2.18E-09,2.84E-09,3.22E-09,1.87E-08,1.69E-08,4.58E-09,7.03E-09,8.67E-09,4.01E-08,5.85E-08,2.17E-08,5.69E-08,3.08E-07,4.52E-07,1.59E-07,1.97E-07,8.26E-07,1.07E-06,1.65E-06,2.60E-06,2.77E-06,2.41E-06,1.81E-06,1.58E-06,1.80E-06,2.59E-06,3.49E-06,4.85E-06,5.38E-06,1.15E-05,1.42E-05,1.98E-05,3.03E-05,4.98E-05,0.000106701,0.000302607,0.000902265,0.002614494,0.006452121,0.013094582,0.022322338,0.035830904,0.064623319,0.137891993,0.22141245,0.262721866,0.150297984,0.08126197,0,0,0
Head 1,126,4.29E-07,3.08E-07,3.91E-07,3.92E-07,3.70E-07,3.21E-07,2.82E-07,2.32E-07,2.01E-07,1.83E-07,1.50E-07,1.19E-07,1.16E-07,1.21E-07,1.31E-07,1.41E-07,1.13E-07,6.85E-08,4.29E-08,2.72E-08,2.06E-08,3.39E-08,9.13E-09,3.10E-09,3.14E-09,5.50E-10,3.02E-10,2.18E-10,5.04E-10,5.29E-10,5.43E-10,5.92E-10,7.49E-10,4.08E-10,8.76E-10,1.06E-09,1.56E-09,2.28E-09,9.46E-09,1.06E-08,4.43E-09,5.72E-09,1.17E-08,7.77E-09,1.64E-09,2.06E-09,8.91E-09,1.52E-09,1.61E-09,1.06E-09,2.79E-09,1.91E-09,2.28E-09,7.44E-10,1.33E-09,1.55E-09,7.51E-09,2.60E-09,4.79E-09,2.33E-08,2.85E-08,3.82E-08,7.43E-09,1.05E-08,4.98E-08,3.88E-08,4.95E-09,4.46E-09,1.23E-08,6.39E-09,8.14E-10,1.52E-09,1.58E-09,1.57E-09,1.41E-09,1.15E-09,1.14E-09,1.41E-09,1.91E-09,2.35E-09,1.57E-08,1.44E-08,3.06E-09,4.85E-09,6.37E-09,2.73E-08,3.53E-08,1.04E-08,2.17E-08,1.57E-07,2.68E-07,1.14E-07,1.62E-07,6.06E-07,6.59E-07,9.37E-07,1.65E-06,2.29E-06,2.64E-06,2.19E-06,1.70E-06,1.52E-06,1.76E-06,2.31E-06,3.49E-06,4.29E-06,8.91E-06,1.01E-05,1.25E-05,1.75E-05,2.63E-05,4.92E-05,0.000114688,0.000287363,0.000801932,0.0023184,0.006181307,0.012809229,0.020685393,0.033508938,0.069040209,0.134373635,0.246207774,0.225549847,0.161995962,0.085969411,0,0
Head 1,127,3.54E-07,2.51E-07,2.86E-07,3.09E-07,3.45E-07,3.29E-07,2.93E-07,2.28E-07,1.90E-07,1.79E-07,1.56E-07,1.23E-07,1.07E-07,9.67E-08,1.00E-07,1.23E-07,1.29E-07,9.60E-08,6.29E-08,3.63E-08,2.53E-08,4.41E-08,1.50E-08,6.48E-09,7.19E-09,1.14E-09,4.78E-10,2.64E-10,4.88E-10,4.87E-10,4.93E-10,4.82E-10,5.27E-10,2.31E-10,5.34E-10,6.98E-10,1.08E-09,1.54E-09,6.05E-09,7.37E-09,3.49E-09,6.16E-09,1.42E-08,9.43E-09,1.91E-09,1.94E-09,7.55E-09,1.53E-09,1.92E-09,1.46E-09,3.78E-09,2.05E-09,1.84E-09,5.22E-10,9.79E-10,1.17E-09,5.49E-09,1.71E-09,3.12E-09,1.61E-08,2.16E-08,3.37E-08,8.05E-09,9.01E-09,4.49E-08,4.13E-08,6.92E-09,8.24E-09,2.18E-08,9.34E-09,8.89E-10,1.28E-09,1.33E-09,1.58E-09,1.69E-09,1.38E-09,1.15E-09,1.17E-09,1.43E-09,1.88E-09,1.37E-08,1.39E-08,2.66E-09,3.73E-09,4.98E-09,2.12E-08,2.57E-08,7.37E-09,1.14E-08,8.22E-08,1.45E-07,7.06E-08,1.34E-07,5.20E-07,5.24E-07,6.33E-07,1.02E-06,1.56E-06,2.36E-06,2.61E-06,2.23E-06,1.74E-06,1.53E-06,1.65E-06,2.40E-06,3.27E-06,7.22E-06,8.43E-06,9.50E-06,1.19E-05,1.64E-05,2.85E-05,5.83E-05,0.000121124,0.000279976,0.000775855,0.002416823,0.006515458,0.012638431,0.020581907,0.037667159,0.069239222,0.152085423,0.211075023,0.241773322,0.168486685,0.076176479,0
Head 1,128,1.31E-08,1.11E-08,1.10E-08,9.21E-09,9.47E-09,9.64E-09,1.01E-08,8.82E-09,7.47E-09,6.46E-09,5.63E-09,5.12E-09,5.65E-09,6.01E-09,6.47E-09,7.76E-09,8.87E-09,8.21E-09,7.38E-09,5.40E-09,4.23E-09,5.33E-09,2.34E-09,1.02E-09,1.14E-09,2.82E-10,1.14E-10,4.94E-11,4.97E-11,3.92E-11,3.80E-11,4.17E-11,5.10E-11,3.11E-11,5.75E-11,7.92E-11,1.46E-10,2.74E-10,8.87E-10,1.45E-09,1.17E-09,1.99E-09,3.71E-09,2.83E-09,1.05E-09,9.20E-10,1.75E-09,4.49E-10,5.18E-10,4.59E-10,8.92E-10,5.40E-10,4.47E-10,1.67E-10,2.59E-10,3.27E-10,1.11E-09,7.53E-10,1.34E-09,3.64E-09,4.24E-09,6.11E-09,3.80E-09,4.59E-09,1.32E-08,1.36E-08,4.09E-09,5.09E-09,9.89E-09,5.03E-09,9.83E-10,1.13E-09,9.52E-10,1.06E-09,1.38E-09,1.51E-09,1.44E-09,1.28E-09,1.17E-09,1.24E-09,4.51E-09,5.46E-09,2.65E-09,3.52E-09,4.05E-09,7.42E-09,7.60E-09,4.58E-09,7.14E-09,2.22E-08,3.80E-08,3.78E-08,8.34E-08,1.74E-07,2.27E-07,3.37E-07,5.99E-07,9.21E-07,1.49E-06,2.01E-06,2.18E-06,1.95E-06,1.58E-06,1.25E-06,1.27E-06,1.40E-06,3.40E-06,4.73E-06,5.84E-06,6.62E-06,7.51E-06,1.11E-05,2.22E-05,5.31E-05,0.000138501,0.000401471,0.001204224,0.003303697,0.007277693,0.014328625,0.029319145,0.052846707,0.108057871,0.157299623,0.231739312,0.239200398,0.15070349,0.004048904
Head 1,129,1.02E-08,9.37E-09,6.96E-09,6.30E-09,5.90E-09,6.25E-09,5.95E-09,5.56E-09,5.00E-09,4.30E-09,3.73E-09,3.97E-09,4.19E-09,4.57E-09,5.58E-09,6.80E-09,7.10E-09,7.30E-09,6.23E-09,5.51E-09,6.56E-09,3.35E-09,1.43E-09,1.78E-09,5.50E-10,2.28E-10,9.59E-11,7.56E-11,4.48E-11,3.36E-11,3.08E-11,3.52E-11,2.09E-11,3.47E-11,4.50E-11,7.83E-11,1.41E-10,4.34E-10,8.12E-10,8.36E-10,1.59E-09,3.56E-09,3.20E-09,1.49E-09,1.41E-09,2.15E-09,5.85E-10,5.76E-10,4.91E-10,9.84E-10,6.24E-10,4.83E-10,1.66E-10,2.17E-10,2.18E-10,6.38E-10,4.53E-10,8.52E-10,2.44E-09,2.87E-09,3.95E-09,2.82E-09,3.49E-09,8.80E-09,1.04E-08,3.95E-09,4.97E-09,1.11E-08,6.25E-09,1.36E-09,1.40E-09,9.56E-10,8.78E-10,1.07E-09,1.28E-09,1.42E-09,1.38E-09,1.19E-09,1.08E-09,3.14E-09,3.63E-09,1.99E-09,2.72E-09,3.50E-09,6.74E-09,6.28E-09,3.47E-09,4.79E-09,1.24E-08,2.06E-08,2.16E-08,4.91E-08,1.08E-07,1.45E-07,2.17E-07,3.87E-07,6.01E-07,1.03E-06,1.61E-06,2.17E-06,2.40E-06,2.18E-06,1.64E-06,1.39E-06,1.23E-06,2.47E-06,3.40E-06,4.59E-06,5.63E-06,6.29E-06,8.03E-06,1.29E-05,2.51E-05,5.71E-05,0.000159278,0.000495691,0.001523135,0.003864151,0.008636337,0.019249426,0.035794962,0.073904112,0.114154346,0.202252463,0.282358557,0.247814342,0.006920976,0.002731236
Head 1,130,8.44E-09,6.00E-09,4.79E-09,3.93E-09,3.84E-09,3.77E-09,3.91E-09,3.83E-09,3.44E-09,2.94E-09,3.00E-09,3.14E-09,3.48E-09,4.30E-09,5.41E-09,6.13E-09,6.99E-09,6.97E-09,7.24E-09,8.52E-09,5.20E-09,2.14E-09,2.66E-09,1.05E-09,4.56E-10,2.14E-10,1.56E-10,7.67E-11,4.38E-11,3.14E-11,3.14E-11,1.90E-11,2.87E-11,3.67E-11,6.06E-11,1.04E-10,2.89E-10,5.77E-10,7.81E-10,1.58E-09,3.94E-09,4.30E-09,2.57E-09,2.76E-09,3.53E-09,1.10E-09,8.91E-10,6.51E-10,1.14E-09,7.68E-10,6.08E-10,2.26E-10,2.69E-10,2.18E-10,4.85E-10,3.58E-10,6.84E-10,1.99E-09,2.56E-09,3.49E-09,2.83E-09,3.64E-09,7.39E-09,9.52E-09,4.86E-09,5.66E-09,1.33E-08,8.83E-09,2.40E-09,2.53E-09,1.55E-09,1.16E-09,1.18E-09,1.37E-09,1.69E-09,1.93E-09,1.81E-09,1.59E-09,3.39E-09,3.47E-09,2.13E-09,2.87E-09,4.16E-09,8.48E-09,7.95E-09,4.33E-09,5.40E-09,1.09E-08,1.65E-08,1.92E-08,4.09E-08,8.46E-08,1.18E-07,1.83E-07,3.33E-07,5.30E-07,9.07E-07,1.49E-06,2.30E-06,3.13E-06,3.50E-06,2.89E-06,2.26E-06,1.65E-06,2.58E-06,3.04E-06,4.05E-06,5.37E-06,6.46E-06,7.95E-06,1.10E-05,1.74E-05,3.36E-05,8.55E-05,0.000260417,0.0008456,0.002385026,0.005998623,0.014914084,0.029831568,0.062135741,0.094804347,0.172486722,0.277656853,0.317237735,0.014279775,0.005502638,0.001464248
Head 1,131,5.37E-09,4.58E-09,3.46E-09,2.74E-09,2.28E-09,2.40E-09,2.67E-09,2.82E-09,2.49E-09,2.26E-09,1.91E-09,1.79E-09,2.14E-09,2.83E-09,3.37E-09,3.83E-09,3.72E-09,4.16E-09,5.01E-09,3.65E-09,1.83E-09,2.12E-09,9.37E-10,4.19E-10,2.36E-10,1.93E-10,9.21E-11,4.47E-11,2.46E-11,1.85E-11,1.06E-11,1.58E-11,2.29E-11,4.01E-11,6.23E-11,1.39E-10,2.40E-10,4.00E-10,9.98E-10,2.80E-09,3.93E-09,2.88E-09,3.34E-09,4.10E-09,1.70E-09,1.41E-09,9.09E-10,1.21E-09,7.72E-10,6.12E-10,2.79E-10,3.96E-10,2.99E-10,4.52E-10,2.89E-10,5.00E-10,1.49E-09,2.38E-09,3.82E-09,4.07E-09,5.63E-09,8.33E-09,1.10E-08,9.47E-09,1.22E-08,2.76E-08,2.15E-08,6.98E-09,7.97E-09,5.20E-09,3.64E-09,3.05E-09,2.80E-09,2.94E-09,3.48E-09,3.95E-09,4.15E-09,6.72E-09,5.95E-09,3.57E-09,4.00E-09,6.35E-09,1.45E-08,1.69E-08,1.15E-08,1.19E-08,1.42E-08,1.74E-08,2.42E-08,5.14E-08,9.74E-08,1.38E-07,1.98E-07,3.34E-07,5.44E-07,9.74E-07,1.67E-06,2.75E-06,4.03E-06,5.08E-06,5.11E-06,4.56E-06,3.31E-06,4.51E-06,3.95E-06,4.20E-06,5.50E-06,7.89E-06,1.16E-05,1.58E-05,1.99E-05,2.68E-05,5.10E-05,0.000139778,0.000487876,0.001590227,0.004394513,0.011107652,0.022373892,0.047800388,0.07940121,0.157680616,0.276680321,0.3634772,0.022619631,0.009431549,0.002081801,0.000552972
Head 1,132,7.47E-09,6.55E-09,5.00E-09,3.41E-09,2.88E-09,2.92E-09,3.48E-09,3.77E-09,3.86E-09,2.97E-09,2.15E-09,2.02E-09,2.40E-09,3.04E-09,3.89E-09,3.95E-09,4.34E-09,5.24E-09,3.60E-09,2.52E-09,3.16E-09,1.76E-09,7.54E-10,4.32E-10,4.22E-10,2.14E-10,1.07E-10,5.52E-11,3.14E-11,1.36E-11,1.53E-11,2.13E-11,4.25E-11,7.35E-11,1.54E-10,2.07E-10,2.81E-10,7.55E-10,2.35E-09,4.57E-09,4.98E-09,6.24E-09,7.85E-09,3.62E-09,3.48E-09,2.46E-09,2.73E-09,1.67E-09,1.20E-09,5.03E-10,8.58E-10,7.85E-10,1.05E-09,6.13E-10,7.57E-10,1.82E-09,2.96E-09,5.74E-09,8.57E-09,1.51E-08,1.83E-08,2.04E-08,2.04E-08,3.02E-08,7.37E-08,8.31E-08,3.39E-08,3.51E-08,2.36E-08,1.75E-08,1.50E-08,1.27E-08,1.09E-08,1.06E-08,1.19E-08,1.50E-08,2.60E-08,2.52E-08,1.63E-08,1.32E-08,1.61E-08,3.75E-08,5.48E-08,5.62E-08,6.31E-08,5.27E-08,4.46E-08,4.92E-08,8.86E-08,1.64E-07,2.68E-07,3.93E-07,5.84E-07,8.34E-07,1.38E-06,2.40E-06,4.45E-06,7.16E-06,9.46E-06,1.06E-05,1.08E-05,9.26E-06,1.34E-05,1.07E-05,8.63E-06,8.47E-06,1.10E-05,1.84E-05,3.13E-05,4.30E-05,4.67E-05,5.80E-05,0.000104102,0.000294678,0.001031915,0.003506789,0.010223814,0.020767443,0.040379822,0.064106859,0.132541075,0.261736751,0.40180245,0.038342759,0.018766241,0.004534804,0.001231135,0.000320703
Head 1,133,1.36E-08,1.19E-08,8.34E-09,6.07E-09,4.90E-09,5.09E-09,5.81E-09,7.20E-09,6.69E-09,4.85E-09,3.77E-09,3.46E-09,3.79E-09,5.13E-09,6.16E-09,7.57E-09,1.02E-08,5.74E-09,4.70E-09,6.58E-09,4.50E-09,2.19E-09,1.28E-09,1.39E-09,7.58E-10,3.81E-10,1.97E-10,1.01E-10,3.41E-11,2.54E-11,2.41E-11,4.12E-11,7.71E-11,1.97E-10,2.59E-10,2.63E-10,6.04E-10,1.80E-09,3.83E-09,5.92E-09,1.02E-08,1.61E-08,7.65E-09,7.67E-09,5.86E-09,6.50E-09,4.23E-09,3.00E-09,9.77E-10,1.45E-09,1.41E-09,2.19E-09,1.26E-09,1.37E-09,2.51E-09,3.22E-09,5.81E-09,8.51E-09,2.09E-08,3.16E-08,3.32E-08,2.76E-08,3.80E-08,9.24E-08,1.41E-07,8.33E-08,8.58E-08,5.89E-08,4.20E-08,3.53E-08,3.03E-08,2.51E-08,2.15E-08,2.06E-08,2.37E-08,5.12E-08,5.58E-08,4.02E-08,3.31E-08,3.01E-08,6.26E-08,8.75E-08,9.06E-08,1.39E-07,1.56E-07,1.18E-07,8.75E-08,1.07E-07,1.77E-07,3.03E-07,5.23E-07,8.44E-07,1.14E-06,1.64E-06,2.49E-06,4.70E-06,8.52E-06,1.30E-05,1.68E-05,1.89E-05,1.82E-05,2.61E-05,2.40E-05,1.91E-05,1.52E-05,1.48E-05,2.08E-05,3.75E-05,6.32E-05,7.96E-05,8.76E-05,0.000107834,0.000193704,0.000520906,0.00185372,0.006985184,0.018361488,0.039867643,0.060054362,0.114349194,0.228632182,0.403464198,0.06368541,0.042490315,0.014062461,0.00346589,0.001000458,0.000427963
Head 1,134,2.20E-08,1.77E-08,1.33E-08,9.53E-09,7.91E-09,7.67E-09,9.68E-09,1.09E-08,9.75E-09,7.94E-09,6.21E-09,5.28E-09,6.19E-09,7.86E-09,1.13E-08,1.84E-08,1.01E-08,8.79E-09,1.23E-08,8.72E-09,5.49E-09,3.66E-09,4.15E-09,2.62E-09,1.28E-09,6.40E-10,3.19E-10,1.04E-10,6.13E-11,3.78E-11,4.35E-11,6.89E-11,1.96E-10,2.92E-10,2.92E-10,5.88E-10,1.47E-09,2.72E-09,4.76E-09,1.15E-08,2.50E-08,1.58E-08,1.66E-08,1.28E-08,1.38E-08,9.42E-09,7.19E-09,2.28E-09,2.55E-09,2.16E-09,3.66E-09,2.06E-09,2.51E-09,3.85E-09,3.89E-09,5.58E-09,6.44E-09,1.80E-08,3.88E-08,4.83E-08,4.07E-08,5.03E-08,9.63E-08,1.51E-07,1.32E-07,1.60E-07,1.32E-07,9.46E-08,7.38E-08,5.94E-08,4.94E-08,4.13E-08,3.57E-08,3.43E-08,7.40E-08,7.96E-08,6.09E-08,6.68E-08,5.77E-08,9.53E-08,1.10E-07,9.08E-08,1.58E-07,2.85E-07,2.58E-07,1.81E-07,1.60E-07,1.88E-07,2.68E-07,4.87E-07,9.38E-07,1.44E-06,2.04E-06,2.71E-06,4.53E-06,8.23E-06,1.42E-05,2.24E-05,2.94E-05,3.15E-05,4.15E-05,4.41E-05,4.00E-05,3.20E-05,2.56E-05,2.68E-05,3.95E-05,6.77E-05,0.000103507,0.000132733,0.000151022,0.000189661,0.000325982,0.000887299,0.00348821,0.012057611,0.035654046,0.061806746,0.11403545,0.208929375,0.368569374,0.076005869,0.071588896,0.033180151,0.008004698,0.002404947,0.001338514,0.000707083
Head 1,135,4.04E-08,3.44E-08,2.59E-08,1.90E-08,1.49E-08,1.60E-08,1.87E-08,2.04E-08,2.04E-08,1.68E-08,1.20E-08,1.09E-08,1.18E-08,1.73E-08,3.34E-08,2.07E-08,1.99E-08,2.81E-08,1.71E-08,1.36E-08,1.06E-08,1.29E-08,1.02E-08,5.25E-09,2.51E-09,1.25E-09,4.03E-10,2.39E-10,1.12E-10,8.31E-11,8.92E-11,2.27E-10,3.57E-10,3.75E-10,7.71E-10,1.73E-09,2.52E-09,3.67E-09,1.05E-08,3.11E-08,2.91E-08,3.75E-08,3.12E-08,3.43E-08,2.31E-08,1.88E-08,6.95E-09,6.50E-09,4.54E-09,7.72E-09,3.60E-09,5.15E-09,8.13E-09,7.15E-09,8.18E-09,6.46E-09,1.50E-08,4.32E-08,6.79E-08,6.80E-08,9.01E-08,1.39E-07,1.80E-07,1.78E-07,2.56E-07,2.83E-07,2.39E-07,1.89E-07,1.40E-07,1.11E-07,9.25E-08,7.74E-08,6.54E-08,1.31E-07,1.26E-07,8.05E-08,1.21E-07,1.23E-07,1.89E-07,1.85E-07,1.10E-07,1.61E-07,4.55E-07,5.42E-07,4.45E-07,3.75E-07,3.33E-07,3.36E-07,5.06E-07,1.01E-06,1.83E-06,2.95E-06,3.87E-06,5.62E-06,8.90E-06,1.50E-05,2.68E-05,4.18E-05,5.21E-05,6.36E-05,7.42E-05,7.79E-05,7.19E-05,5.73E-05,4.94E-05,5.43E-05,7.63E-05,0.000119893,0.000187849,0.000252918,0.000293527,0.000351698,0.000611285,0.001811967,0.006396029,0.024694605,0.057012055,0.121034041,0.213422522,0.341761589,0.065630391,0.082733683,0.05589724,0.01555834,0.004599804,0.003371877,0.002296874,0.001269693
Head 1,136,7.18E-08,6.16E-08,4.69E-08,3.27E-08,2.84E-08,2.81E-08,3.13E-08,3.77E-08,3.88E-08,2.91E-08,2.24E-08,1.91E-08,2.38E-08,4.81E-08,3.40E-08,4.02E-08,6.15E-08,3.23E-08,2.89E-08,2.48E-08,3.15E-08,3.13E-08,1.90E-08,9.12E-09,4.49E-09,1.33E-09,8.78E-10,3.91E-10,2.23E-10,1.56E-10,2.81E-10,3.88E-10,3.98E-10,9.07E-10,2.16E-09,2.75E-09,3.02E-09,8.13E-09,2.72E-08,3.56E-08,6.43E-08,6.71E-08,8.03E-08,5.31E-08,4.25E-08,1.88E-08,1.73E-08,1.07E-08,1.65E-08,5.92E-09,8.54E-09,1.53E-08,1.32E-08,1.36E-08,8.46E-09,1.34E-08,3.93E-08,6.92E-08,8.51E-08,1.50E-07,2.22E-07,2.32E-07,2.08E-07,3.12E-07,4.32E-07,4.79E-07,4.50E-07,3.34E-07,2.45E-07,1.94E-07,1.61E-07,1.33E-07,2.36E-07,2.01E-07,9.86E-08,1.68E-07,2.06E-07,3.44E-07,3.27E-07,1.65E-07,1.70E-07,5.52E-07,7.76E-07,7.82E-07,8.37E-07,7.04E-07,5.35E-07,5.73E-07,9.54E-07,1.76E-06,3.39E-06,5.18E-06,7.42E-06,1.03E-05,1.53E-05,2.70E-05,4.80E-05,7.14E-05,8.92E-05,0.000110787,0.000126381,0.000135078,0.000122908,0.000105726,9.55E-05,0.000100711,0.000129258,0.000206858,0.00033818,0.000463962,0.000515225,0.000634429,0.001216725,0.003264346,0.013045056,0.039378688,0.113611802,0.232874855,0.359725237,0.05006472,0.071029253,0.06318,0.023648266,0.007038565,0.006195662,0.005792152,0.004190508,0.002367436
Head 1,137,7.98E-08,6.92E-08,5.05E-08,3.86E-08,3.02E-08,2.86E-08,3.51E-08,4.50E-08,4.28E-08,3.47E-08,2.53E-08,2.52E-08,4.48E-08,3.21E-08,4.80E-08,8.38E-08,4.50E-08,4.27E-08,3.67E-08,4.64E-08,5.33E-08,4.08E-08,2.19E-08,1.11E-08,2.99E-09,2.02E-09,1.01E-09,5.59E-10,3.00E-10,3.39E-10,3.52E-10,3.09E-10,7.24E-10,1.99E-09,2.68E-09,2.60E-09,5.86E-09,1.78E-08,2.79E-08,7.14E-08,1.06E-07,1.47E-07,1.05E-07,7.99E-08,3.98E-08,3.96E-08,2.44E-08,3.04E-08,9.50E-09,1.14E-08,2.09E-08,1.83E-08,1.94E-08,1.27E-08,1.44E-08,3.18E-08,5.12E-08,7.07E-08,1.76E-07,2.96E-07,2.94E-07,2.51E-07,3.41E-07,4.93E-07,6.92E-07,8.57E-07,7.47E-07,5.40E-07,3.99E-07,3.18E-07,2.72E-07,4.11E-07,3.24E-07,1.41E-07,2.15E-07,2.80E-07,5.09E-07,5.27E-07,3.09E-07,2.41E-07,6.23E-07,8.59E-07,1.00E-06,1.51E-06,1.44E-06,1.03E-06,8.22E-07,9.76E-07,1.49E-06,3.01E-06,5.61E-06,9.19E-06,1.27E-05,1.67E-05,2.64E-05,4.82E-05,8.26E-05,0.000117921,0.000160384,0.000190408,0.000220124,0.000232912,0.000229285,0.000203168,0.000174214,0.000163245,0.000211571,0.000351171,0.000591941,0.000779419,0.000890144,0.001213237,0.00214617,0.006731299,0.021797277,0.085048512,0.236334905,0.414173126,0.042771831,0.055484228,0.050938405,0.027724247,0.00948679,0.009097634,0.011030152,0.01078347,0.007869776,0.002628139
Head 1,138,1.52E-07,1.28E-07,1.04E-07,7.18E-08,5.35E-08,5.37E-08,6.93E-08,8.22E-08,8.33E-08,6.42E-08,5.45E-08,7.92E-08,4.44E-08,7.12E-08,1.51E-07,9.42E-08,1.01E-07,8.38E-08,1.03E-07,1.14E-07,1.08E-07,7.38E-08,4.34E-08,1.12E-08,6.44E-09,3.56E-09,2.17E-09,1.12E-09,9.20E-10,6.65E-10,4.01E-10,7.47E-10,2.31E-09,3.60E-09,3.52E-09,6.91E-09,1.77E-08,2.25E-08,6.82E-08,1.43E-07,2.75E-07,2.58E-07,2.09E-07,1.01E-07,1.06E-07,7.10E-08,8.31E-08,2.60E-08,2.37E-08,4.20E-08,3.38E-08,3.63E-08,2.64E-08,2.85E-08,4.58E-08,5.68E-08,6.09E-08,1.75E-07,4.24E-07,4.99E-07,4.32E-07,5.18E-07,6.20E-07,8.96E-07,1.40E-06,1.65E-06,1.39E-06,1.01E-06,7.26E-07,5.96E-07,8.78E-07,6.73E-07,2.77E-07,3.54E-07,4.07E-07,8.43E-07,9.49E-07,6.72E-07,5.35E-07,1.05E-06,1.23E-06,1.15E-06,2.07E-06,3.00E-06,2.58E-06,1.93E-06,1.70E-06,1.82E-06,2.98E-06,5.82E-06,1.14E-05,1.85E-05,2.43E-05,3.30E-05,5.31E-05,9.07E-05,0.000147449,0.000234301,0.000305145,0.000366924,0.000418062,0.000475708,0.000484885,0.00042218,0.000328224,0.000316592,0.00042166,0.000724576,0.001173275,0.001584601,0.001995738,0.002483961,0.004952182,0.012199015,0.050439019,0.18976596,0.454516053,0.045606807,0.051529426,0.043916643,0.029880194,0.012501239,0.012660853,0.018346559,0.022919895,0.02319763,0.010151218,0.005258014
Head 1,139,2.90E-07,2.69E-07,1.98E-07,1.32E-07,1.03E-07,1.08E-07,1.31E-07,1.62E-07,1.57E-07,1.43E-07,1.82E-07,7.60E-08,1.02E-07,2.31E-07,1.71E-07,2.30E-07,2.07E-07,2.53E-07,2.38E-07,2.40E-07,2.07E-07,1.55E-07,4.82E-08,2.20E-08,1.25E-08,8.07E-09,4.50E-09,3.36E-09,1.86E-09,8.07E-10,9.71E-10,2.65E-09,4.37E-09,4.78E-09,9.81E-09,2.28E-08,2.18E-08,6.07E-08,1.45E-07,3.79E-07,5.29E-07,5.62E-07,2.89E-07,2.99E-07,2.07E-07,2.33E-07,8.68E-08,6.69E-08,1.03E-07,7.24E-08,7.07E-08,5.25E-08,7.04E-08,9.24E-08,9.10E-08,6.87E-08,1.62E-07,5.12E-07,7.88E-07,8.61E-07,1.10E-06,1.07E-06,1.29E-06,2.04E-06,3.06E-06,3.46E-06,2.94E-06,2.07E-06,1.54E-06,2.19E-06,1.56E-06,6.66E-07,7.90E-07,7.59E-07,1.56E-06,1.73E-06,1.35E-06,1.43E-06,2.28E-06,2.40E-06,1.68E-06,2.68E-06,5.47E-06,6.20E-06,5.57E-06,4.57E-06,3.63E-06,4.10E-06,6.46E-06,1.30E-05,2.55E-05,3.98E-05,5.33E-05,7.46E-05,0.000110852,0.000181223,0.000326417,0.000503117,0.000671252,0.000804445,0.000980589,0.001140367,0.001136502,0.000895119,0.000719503,0.000705993,0.000973685,0.00159965,0.00261615,0.003872187,0.0044935,0.006231105,0.009773063,0.03062816,0.121268325,0.391970724,0.056654621,0.061548408,0.044409133,0.030889215,0.016372429,0.017751884,0.028415451,0.041109275,0.054495387,0.033370946,0.021762792,0.011326737
Head 1,140,5.79E-07,4.92E-07,3.50E-07,2.47E-07,2.01E-07,2.03E-07,2.56E-07,3.04E-07,3.45E-07,4.70E-07,1.69E-07,1.71E-07,3.35E-07,2.43E-07,4.05E-07,4.39E-07,5.85E-07,4.73E-07,4.40E-07,4.20E-07,3.78E-07,1.67E-07,6.92E-08,3.96E-08,2.54E-08,1.52E-08,1.25E-08,6.08E-09,2.26E-09,1.80E-09,3.43E-09,4.87E-09,5.33E-09,1.24E-08,3.09E-08,2.54E-08,5.74E-08,1.21E-07,3.59E-07,6.86E-07,1.08E-06,7.19E-07,7.69E-07,5.38E-07,5.83E-07,2.57E-07,1.97E-07,2.64E-07,1.67E-07,1.40E-07,8.51E-08,1.46E-07,1.89E-07,1.67E-07,9.86E-08,1.57E-07,5.00E-07,8.82E-07,1.21E-06,2.09E-06,2.07E-06,2.07E-06,2.73E-06,4.21E-06,6.01E-06,6.77E-06,5.68E-06,4.16E-06,5.83E-06,3.67E-06,1.47E-06,1.80E-06,1.53E-06,2.82E-06,2.83E-06,1.96E-06,2.79E-06,4.34E-06,4.48E-06,2.72E-06,3.24E-06,7.46E-06,1.01E-05,1.19E-05,1.17E-05,8.87E-06,7.44E-06,8.15E-06,1.33E-05,2.70E-05,5.15E-05,8.02E-05,0.000111566,0.000143756,0.000207643,0.000363897,0.000632823,0.000983793,0.001302519,0.001669932,0.002093682,0.00237546,0.002138575,0.001727974,0.001401761,0.001433638,0.001924668,0.003210706,0.005774214,0.007974084,0.010226282,0.011318897,0.022589818,0.06764514,0.227869496,0.057317588,0.07504566,0.052585527,0.030378601,0.018139778,0.021171326,0.035003897,0.053850181,0.084696695,0.069986552,0.063332886,0.041118413,0.021922465
Head 1,141,1.02E-06,8.51E-07,6.51E-07,4.65E-07,3.62E-07,3.81E-07,4.64E-07,6.44E-07,1.15E-06,4.47E-07,3.66E-07,5.71E-07,3.16E-07,5.62E-07,7.31E-07,1.18E-06,9.40E-07,8.03E-07,7.47E-07,7.11E-07,4.22E-07,1.97E-07,1.18E-07,7.24E-08,4.32E-08,4.28E-08,2.07E-08,7.43E-09,4.71E-09,5.81E-09,5.86E-09,4.87E-09,1.15E-08,3.49E-08,2.81E-08,5.52E-08,9.02E-08,2.54E-07,5.24E-07,1.17E-06,1.13E-06,1.47E-06,1.11E-06,1.26E-06,5.78E-07,5.00E-07,6.39E-07,4.03E-07,2.98E-07,1.27E-07,2.33E-07,3.54E-07,3.16E-07,1.69E-07,1.88E-07,4.80E-07,7.55E-07,9.94E-07,2.46E-06,3.17E-06,3.17E-06,3.43E-06,4.39E-06,6.48E-06,9.31E-06,1.06E-05,8.94E-06,1.44E-05,8.33E-06,2.58E-06,3.41E-06,2.82E-06,4.84E-06,4.33E-06,2.12E-06,3.37E-06,6.58E-06,7.17E-06,4.20E-06,3.94E-06,8.66E-06,1.15E-05,1.63E-05,2.14E-05,1.98E-05,1.57E-05,1.25E-05,1.41E-05,2.30E-05,4.61E-05,8.61E-05,0.000138588,0.0001743,0.000216323,0.000321127,0.000548925,0.000955209,0.001442409,0.001998816,0.002612486,0.00319444,0.003363035,0.003176124,0.002625132,0.002190776,0.00216322,0.002933584,0.005439914,0.009389948,0.01445633,0.014892467,0.020505894,0.038588848,0.098139189,0.035436839,0.066164128,0.058894951,0.025660129,0.014568714,0.018776126,0.03159491,0.050007351,0.08476638,0.085129499,0.105002292,0.094778769,0.064701445,0.034628689
Head 1,142,1.35E-06,1.23E-06,9.49E-07,6.51E-07,5.41E-07,5.43E-07,7.50E-07,1.68E-06,8.81E-07,7.53E-07,1.01E-06,4.15E-07,6.26E-07,8.38E-07,1.58E-06,1.43E-06,1.26E-06,1.10E-06,9.68E-07,6.56E-07,4.00E-07,2.72E-07,1.71E-07,9.74E-08,1.05E-07,5.29E-08,1.96E-08,1.30E-08,1.14E-08,8.12E-09,4.71E-09,8.65E-09,2.84E-08,2.66E-08,5.53E-08,7.88E-08,1.82E-07,3.21E-07,7.97E-07,1.10E-06,1.98E-06,1.90E-06,2.33E-06,1.05E-06,9.74E-07,1.20E-06,8.09E-07,5.88E-07,2.01E-07,2.95E-07,4.90E-07,4.49E-07,2.66E-07,2.81E-07,5.18E-07,6.18E-07,6.21E-07,1.78E-06,3.29E-06,4.38E-06,4.85E-06,5.08E-06,6.29E-06,9.30E-06,1.36E-05,1.53E-05,2.88E-05,1.80E-05,4.63E-06,5.88E-06,4.86E-06,7.50E-06,6.28E-06,2.46E-06,3.38E-06,7.59E-06,8.33E-06,5.59E-06,5.19E-06,9.28E-06,1.06E-05,1.46E-05,2.26E-05,2.78E-05,2.74E-05,2.11E-05,1.79E-05,2.04E-05,3.36E-05,6.52E-05,0.000127718,0.000188806,0.000233806,0.000297535,0.000439838,0.000757797,0.00128032,0.002047735,0.002906895,0.003663728,0.004072979,0.004397295,0.004214814,0.003526642,0.002845575,0.002834282,0.004191206,0.007319541,0.013888815,0.017427115,0.022596082,0.030081062,0.049193345,0.015237927,0.03716258,0.047987603,0.018813793,0.009531249,0.01347906,0.023430789,0.03836472,0.066284701,0.071720064,0.106406406,0.127312183,0.117536455,0.083335482,0.044383544
Head 1,143,1.48E-06,1.35E-06,9.82E-07,7.20E-07,5.58E-07,6.19E-07,1.45E-06,9.66E-07,1.02E-06,1.46E-06,5.25E-07,5.92E-07,6.72E-07,1.35E-06,1.42E-06,1.50E-06,1.40E-06,1.16E-06,7.46E-07,5.79E-07,4.57E-07,3.28E-07,1.91E-07,2.10E-07,1.10E-07,3.70E-08,2.76E-08,2.21E-08,1.23E-08,5.13E-09,6.01E-09,1.71E-08,1.61E-08,3.93E-08,6.04E-08,1.26E-07,1.75E-07,3.79E-07,5.81E-07,1.48E-06,2.07E-06,3.13E-06,1.54E-06,1.41E-06,1.71E-06,1.20E-06,9.37E-07,3.20E-07,3.43E-07,5.48E-07,4.69E-07,2.88E-07,3.75E-07,5.78E-07,5.36E-07,3.63E-07,8.41E-07,1.87E-06,3.62E-06,5.29E-06,5.56E-06,5.65E-06,6.99E-06,1.06E-05,1.53E-05,3.58E-05,2.95E-05,7.56E-06,8.15E-06,6.41E-06,9.50E-06,7.81E-06,2.98E-06,3.33E-06,7.96E-06,8.20E-06,5.73E-06,6.38E-06,1.02E-05,1.03E-05,1.21E-05,1.78E-05,2.51E-05,3.28E-05,3.10E-05,2.51E-05,2.11E-05,2.40E-05,3.79E-05,7.76E-05,0.000140515,0.000203172,0.000260294,0.000333248,0.000503344,0.00084762,0.001550068,0.00257156,0.00356827,0.004061506,0.004651177,0.005140096,0.004974246,0.00403779,0.003315418,0.003575808,0.004941248,0.009418958,0.014544483,0.022473898,0.027996598,0.032652818,0.005729791,0.014426835,0.026632838,0.011295551,0.005076702,0.007853013,0.014894217,0.026150746,0.046214987,0.051511124,0.0842878,0.122150429,0.145064592,0.139822587,0.098190062,0.048375975
Head 1,144,1.70E-06,1.45E-06,1.13E-06,7.78E-07,6.65E-07,1.30E-06,8.81E-07,1.11E-06,2.04E-06,8.39E-07,7.72E-07,6.66E-07,1.19E-06,1.24E-06,1.56E-06,1.74E-06,1.54E-06,9.00E-07,8.02E-07,6.66E-07,5.67E-07,3.78E-07,4.23E-07,2.49E-07,7.13E-08,5.38E-08,4.76E-08,2.42E-08,8.67E-09,6.58E-09,1.29E-08,9.41E-09,2.33E-08,4.26E-08,9.85E-08,1.21E-07,2.04E-07,2.54E-07,7.65E-07,1.49E-06,3.17E-06,2.09E-06,1.98E-06,2.45E-06,1.71E-06,1.42E-06,5.77E-07,5.06E-07,7.23E-07,5.32E-07,2.69E-07,4.47E-07,7.18E-07,5.91E-07,3.00E-07,4.47E-07,8.47E-07,1.96E-06,4.11E-06,5.68E-06,5.84E-06,5.96E-06,7.52E-06,1.13E-05,3.06E-05,3.66E-05,1.28E-05,1.18E-05,8.41E-06,1.23E-05,9.43E-06,3.70E-06,3.77E-06,8.92E-06,8.23E-06,4.82E-06,6.41E-06,1.08E-05,1.06E-05,1.10E-05,1.37E-05,1.82E-05,2.77E-05,3.51E-05,3.49E-05,2.82E-05,2.37E-05,2.60E-05,4.34E-05,8.21E-05,0.000140473,0.000218294,0.00028127,0.000368315,0.000536477,0.000975516,0.001831548,0.003006365,0.003723263,0.004402715,0.005159267,0.005766137,0.005406895,0.004520394,0.004031559,0.004072797,0.006150465,0.009577128,0.018023351,0.026810605,0.029553995,0.002496751,0.004795005,0.009916656,0.005023579,0.002133109,0.003588544,0.007933973,0.015683902,0.029129991,0.032994326,0.056485657,0.091298968,0.129635677,0.159118325,0.157115012,0.102675162,0.054806344
Head 1,145,1.85E-06,1.69E-06,1.25E-06,9.58E-07,1.43E-06,8.12E-07,9.79E-07,2.28E-06,1.25E-06,1.19E-06,8.76E-07,1.26E-06,1.08E-06,1.37E-06,1.80E-06,1.92E-06,1.18E-06,1.14E-06,8.96E-07,8.32E-07,6.51E-07,7.62E-07,5.45E-07,1.51E-07,9.76E-08,1.01E-07,5.07E-08,1.82E-08,1.14E-08,1.43E-08,6.99E-09,1.34E-08,2.57E-08,7.29E-08,9.67E-08,1.44E-07,1.31E-07,3.58E-07,7.76E-07,2.22E-06,2.27E-06,2.62E-06,3.56E-06,2.43E-06,2.01E-06,9.70E-07,8.48E-07,1.08E-06,7.10E-07,2.63E-07,4.57E-07,8.50E-07,7.07E-07,3.50E-07,3.63E-07,4.61E-07,8.98E-07,2.24E-06,4.45E-06,6.02E-06,6.23E-06,6.40E-06,8.11E-06,2.06E-05,3.18E-05,1.85E-05,1.74E-05,1.22E-05,1.80E-05,1.20E-05,4.48E-06,4.78E-06,1.05E-05,9.18E-06,4.21E-06,5.70E-06,1.08E-05,1.10E-05,1.13E-05,1.24E-05,1.38E-05,1.99E-05,2.95E-05,3.87E-05,3.86E-05,3.10E-05,2.55E-05,2.97E-05,4.55E-05,7.76E-05,0.000149844,0.000232798,0.000307939,0.000388565,0.00061235,0.001129087,0.002118802,0.003064291,0.003975903,0.004766269,0.005686998,0.006104562,0.005894455,0.005341663,0.004475909,0.004929976,0.006128331,0.011550016,0.020900737,0.027686534,0.001473664,0.001870638,0.003132825,0.001805408,0.000767458,0.001339228,0.00356518,0.008342122,0.017263046,0.020299228,0.035470489,0.059800468,0.094306059,0.13160187,0.169309214,0.158854216,0.112406924,0.0622955
Head 1,146,1.87E-06,1.64E-06,1.37E-06,1.72E-06,8.10E-07,7.55E-07,1.86E-06,1.28E-06,1.50E-06,1.20E-06,1.53E-06,1.01E-06,1.06E-06,1.40E-06,1.77E-06,1.30E-06,1.46E-06,1.07E-06,9.77E-07,8.25E-07,1.02E-06,8.99E-07,2.99E-07,1.59E-07,1.84E-07,9.36E-08,3.32E-08,2.18E-08,2.03E-08,6.99E-09,8.47E-09,1.30E-08,4.16E-08,6.49E-08,1.03E-07,7.85E-08,1.74E-07,3.23E-07,1.03E-06,1.50E-06,2.46E-06,4.18E-06,3.15E-06,2.53E-06,1.28E-06,1.25E-06,1.49E-06,9.65E-07,2.86E-07,4.07E-07,8.43E-07,7.18E-07,3.99E-07,3.88E-07,3.38E-07,4.39E-07,9.34E-07,2.22E-06,4.32E-06,5.88E-06,6.02E-06,6.33E-06,1.26E-05,1.97E-05,1.78E-05,1.99E-05,1.66E-05,2.68E-05,1.61E-05,4.96E-06,5.68E-06,1.13E-05,9.99E-06,3.98E-06,4.73E-06,9.73E-06,9.96E-06,1.08E-05,1.18E-05,1.15E-05,1.39E-05,1.96E-05,3.00E-05,3.97E-05,3.93E-05,3.09E-05,2.69E-05,2.85E-05,3.89E-05,7.66E-05,0.000146813,0.000232932,0.000297082,0.000405874,0.000645658,0.001203091,0.001978101,0.002998792,0.003874616,0.0047905,0.005496038,0.006089081,0.006385356,0.005448948,0.004910517,0.00450245,0.006795346,0.012450932,0.020304345,0.001091106,0.001004143,0.001134576,0.000628091,0.000264075,0.000430422,0.001298269,0.003634635,0.009022569,0.011823524,0.021553218,0.036815058,0.061715417,0.09038116,0.133712605,0.169603691,0.172360674,0.1271175,0.066805124
Head 1,147,1.87E-06,1.87E-06,2.39E-06,1.07E-06,7.39E-07,1.52E-06,1.05E-06,1.48E-06,1.53E-06,2.13E-06,1.27E-06,1.02E-06,1.11E-06,1.41E-06,1.23E-06,1.78E-06,1.38E-06,1.22E-06,9.92E-07,1.24E-06,1.23E-06,5.78E-07,2.88E-07,3.52E-07,1.83E-07,5.73E-08,4.28E-08,3.72E-08,1.10E-08,8.65E-09,8.50E-09,2.36E-08,3.88E-08,7.12E-08,5.69E-08,1.11E-07,1.60E-07,4.63E-07,7.13E-07,1.66E-06,3.87E-06,3.88E-06,3.39E-06,1.64E-06,1.72E-06,2.02E-06,1.40E-06,4.14E-07,4.36E-07,8.75E-07,7.02E-07,4.05E-07,4.90E-07,3.72E-07,3.28E-07,4.69E-07,9.55E-07,2.20E-06,4.29E-06,5.71E-06,6.07E-06,9.42E-06,1.21E-05,1.26E-05,1.73E-05,1.95E-05,3.83E-05,2.44E-05,6.03E-06,6.66E-06,1.20E-05,1.08E-05,4.43E-06,4.57E-06,9.39E-06,8.89E-06,9.78E-06,1.13E-05,1.12E-05,1.17E-05,1.39E-05,2.02E-05,3.10E-05,4.08E-05,3.94E-05,3.28E-05,2.59E-05,2.59E-05,3.88E-05,7.55E-05,0.00014738,0.000227774,0.000314329,0.000432337,0.000695696,0.001142327,0.001975585,0.002964712,0.00399593,0.004746926,0.005564424,0.00668532,0.006640468,0.006018165,0.004579394,0.005065014,0.007380692,0.012091099,0.000884237,0.000723865,0.000566319,0.000255331,0.000103733,0.000141892,0.000409696,0.001270898,0.003857976,0.006046373,0.012087371,0.021144917,0.037161883,0.056320045,0.087093122,0.130480126,0.178164214,0.187922195,0.132739767,0.071297944
Head 1,148,2.03E-06,2.96E-06,1.47E-06,9.06E-07,1.40E-06,8.20E-07,1.10E-06,1.43E-06,2.55E-06,1.74E-06,1.21E-06,1.02E-06,1.06E-06,9.06E-07,1.69E-06,1.58E-06,1.50E-06,1.16E-06,1.38E-06,1.31E-06,8.49E-07,4.90E-07,6.19E-07,3.53E-07,9.47E-08,7.13E-08,6.87E-08,2.10E-08,1.35E-08,8.65E-09,1.60E-08,2.22E-08,4.25E-08,3.94E-08,8.32E-08,1.05E-07,2.48E-07,3.12E-07,8.37E-07,2.53E-06,3.72E-06,4.24E-06,2.19E-06,2.26E-06,2.55E-06,1.86E-06,6.68E-07,5.80E-07,9.97E-07,7.09E-07,3.54E-07,5.58E-07,4.74E-07,3.68E-07,3.66E-07,5.08E-07,1.00E-06,2.33E-06,4.44E-06,6.14E-06,8.76E-06,9.22E-06,8.68E-06,1.26E-05,1.83E-05,4.43E-05,3.71E-05,9.26E-06,8.86E-06,1.41E-05,1.18E-05,5.42E-06,5.44E-06,1.03E-05,8.78E-06,9.00E-06,1.07E-05,1.15E-05,1.19E-05,1.22E-05,1.51E-05,2.19E-05,3.36E-05,4.28E-05,4.36E-05,3.30E-05,2.81E-05,2.72E-05,4.01E-05,7.91E-05,0.000151179,0.000251018,0.000349142,0.000483592,0.000693656,0.001194213,0.002044981,0.003198301,0.004156669,0.005005197,0.006340096,0.007196448,0.007416149,0.005717896,0.005178129,0.005510817,0.00719592,0.000751232,0.000648938,0.000429775,0.000149863,5.82E-05,6.30E-05,0.00014218,0.000413125,0.00141388,0.002741056,0.0063785,0.011960858,0.022051718,0.034986522,0.054316722,0.084635392,0.135081306,0.189419582,0.19086048,0.135704905,0.065004341
Head 1,149,3.49E-06,1.94E-06,1.32E-06,1.69E-06,8.18E-07,8.42E-07,1.10E-06,2.51E-06,2.27E-06,1.73E-06,1.28E-06,1.01E-06,6.69E-07,1.36E-06,1.55E-06,1.80E-06,1.50E-06,1.74E-06,1.41E-06,1.03E-06,7.72E-07,1.03E-06,7.10E-07,1.80E-07,1.14E-07,1.28E-07,4.01E-08,2.71E-08,1.39E-08,1.63E-08,1.58E-08,2.52E-08,2.26E-08,5.57E-08,7.69E-08,1.67E-07,1.54E-07,3.70E-07,1.23E-06,2.45E-06,4.12E-06,2.84E-06,2.95E-06,3.33E-06,2.41E-06,1.02E-06,8.92E-07,1.33E-06,8.55E-07,3.18E-07,5.33E-07,5.33E-07,4.66E-07,4.07E-07,3.90E-07,5.16E-07,1.02E-06,2.34E-06,4.55E-06,8.00E-06,8.25E-06,6.60E-06,8.52E-06,1.28E-05,3.52E-05,4.29E-05,1.45E-05,1.23E-05,1.87E-05,1.32E-05,5.90E-06,6.41E-06,1.16E-05,9.33E-06,8.57E-06,9.47E-06,1.07E-05,1.18E-05,1.18E-05,1.29E-05,1.57E-05,2.27E-05,3.36E-05,4.53E-05,4.24E-05,4.07E-05,2.85E-05,2.71E-05,4.05E-05,7.87E-05,0.000161423,0.000272717,0.000379326,0.000472567,0.000703878,0.00121085,0.002135278,0.003237333,0.004264336,0.005571051,0.006709152,0.007879301,0.007022052,0.006394318,0.005596097,0.005375585,0.000643468,0.000611625,0.000439599,0.000119262,4.31E-05,3.88E-05,6.04E-05,0.000136258,0.000439139,0.000989451,0.002778967,0.006003246,0.012078039,0.021018285,0.033710554,0.05171058,0.086469486,0.142944783,0.193433657,0.197421476,0.125684813,0.065115638
Head 1,150,2.20E-06,1.81E-06,2.35E-06,1.07E-06,8.22E-07,8.66E-07,2.09E-06,2.40E-06,2.35E-06,1.91E-06,1.33E-06,6.20E-07,1.07E-06,1.26E-06,1.78E-06,1.85E-06,2.34E-06,1.69E-06,1.12E-06,1.05E-06,1.47E-06,1.26E-06,3.81E-07,1.95E-07,2.42E-07,7.02E-08,5.37E-08,2.84E-08,2.46E-08,1.67E-08,1.88E-08,1.24E-08,3.06E-08,5.13E-08,1.25E-07,9.75E-08,1.87E-07,5.67E-07,1.17E-06,2.68E-06,2.85E-06,3.52E-06,4.43E-06,3.15E-06,1.38E-06,1.33E-06,1.86E-06,1.20E-06,3.58E-07,4.94E-07,5.06E-07,5.28E-07,5.14E-07,4.28E-07,3.91E-07,5.21E-07,1.02E-06,2.31E-06,5.92E-06,7.35E-06,5.88E-06,6.79E-06,8.50E-06,2.19E-05,3.46E-05,1.90E-05,1.70E-05,2.86E-05,1.76E-05,6.23E-06,7.08E-06,1.27E-05,1.04E-05,9.04E-06,9.00E-06,9.64E-06,1.10E-05,1.15E-05,1.25E-05,1.32E-05,1.59E-05,2.25E-05,3.51E-05,4.36E-05,5.82E-05,4.07E-05,2.82E-05,2.73E-05,4.03E-05,8.36E-05,0.000175596,0.000294992,0.000373777,0.000481577,0.000726919,0.001254249,0.002129123,0.003275331,0.004696018,0.005852998,0.007318184,0.007459356,0.007764779,0.006856124,0.0054974,0.000606615,0.000589061,0.000518045,0.000117974,3.93E-05,3.35E-05,3.75E-05,5.92E-05,0.000144685,0.000314774,0.001005848,0.002602526,0.006023731,0.011990963,0.020926986,0.031627961,0.052143183,0.090742618,0.145072654,0.200385496,0.182982281,0.126372874,0.070757754
Head 1,151,1.85E-06,2.72E-06,1.37E-06,9.24E-07,7.42E-07,1.49E-06,1.82E-06,2.19E-06,2.22E-06,1.69E-06,6.77E-07,8.71E-07,8.63E-07,1.28E-06,1.66E-06,2.48E-06,1.87E-06,1.14E-06,1.17E-06,1.58E-06,1.55E-06,6.64E-07,3.16E-07,4.05E-07,1.07E-07,8.37E-08,5.08E-08,4.03E-08,2.19E-08,1.76E-08,7.99E-09,1.53E-08,2.75E-08,8.18E-08,7.07E-08,1.22E-07,3.05E-07,5.28E-07,1.29E-06,2.00E-06,3.37E-06,5.17E-06,4.00E-06,1.74E-06,1.76E-06,2.29E-06,1.55E-06,4.78E-07,4.96E-07,4.41E-07,4.85E-07,5.62E-07,5.20E-07,4.23E-07,3.98E-07,5.48E-07,1.07E-06,3.46E-06,5.49E-06,5.61E-06,7.02E-06,7.28E-06,1.40E-05,2.24E-05,1.93E-05,2.12E-05,4.28E-05,2.77E-05,7.97E-06,8.33E-06,1.40E-05,1.15E-05,1.03E-05,9.78E-06,9.53E-06,1.05E-05,1.13E-05,1.31E-05,1.36E-05,1.39E-05,1.69E-05,2.51E-05,3.64E-05,6.67E-05,6.17E-05,4.22E-05,2.97E-05,2.83E-05,4.45E-05,9.41E-05,0.000193084,0.000294699,0.0003854,0.000515089,0.000774742,0.001291109,0.002244435,0.003734696,0.005072138,0.006569832,0.007127851,0.008360681,0.008317014,0.006688527,0.000654162,0.000585506,0.0005859,0.000126581,3.85E-05,3.50E-05,3.42E-05,4.02E-05,6.70E-05,0.000113293,0.000351637,0.001040649,0.002848367,0.006623291,0.013349196,0.020932898,0.033814888,0.057524405,0.094923131,0.153001904,0.184924796,0.1811039,0.132369563,0.062522776
Head 1,152,3.40E-06,1.86E-06,1.39E-06,9.68E-07,1.49E-06,1.61E-06,1.99E-06,2.42E-06,2.37E-06,1.02E-06,1.06E-06,8.10E-07,1.01E-06,1.39E-06,2.56E-06,2.29E-06,1.41E-06,1.53E-06,1.98E-06,1.89E-06,1.08E-06,5.89E-07,7.90E-07,2.06E-07,1.39E-07,9.01E-08,8.10E-08,4.09E-08,2.65E-08,8.52E-09,9.99E-09,1.42E-08,4.82E-08,4.61E-08,8.63E-08,2.05E-07,2.77E-07,5.72E-07,9.31E-07,2.18E-06,4.75E-06,4.87E-06,2.26E-06,2.29E-06,3.03E-06,2.13E-06,7.62E-07,6.57E-07,4.73E-07,4.50E-07,5.39E-07,5.82E-07,5.23E-07,4.28E-07,4.05E-07,5.34E-07,1.80E-06,3.11E-06,3.80E-06,6.38E-06,6.71E-06,1.02E-05,1.35E-05,1.31E-05,1.77E-05,4.77E-05,4.08E-05,1.09E-05,9.67E-06,1.58E-05,1.21E-05,1.09E-05,1.06E-05,9.77E-06,9.84E-06,1.02E-05,1.21E-05,1.32E-05,1.29E-05,1.38E-05,1.72E-05,2.40E-05,4.84E-05,6.46E-05,5.91E-05,4.15E-05,2.88E-05,2.95E-05,4.75E-05,9.87E-05,0.000185237,0.000291838,0.000397868,0.000524534,0.000753977,0.001290166,0.002405311,0.003764618,0.005331739,0.00603065,0.007617465,0.008703193,0.008071212,0.00069156,0.000559957,0.000575211,0.000123721,3.19E-05,3.17E-05,3.32E-05,3.50E-05,4.19E-05,4.72E-05,0.000115617,0.00033013,0.001009442,0.002751325,0.006817475,0.012203348,0.02075899,0.035261378,0.0578054,0.098031603,0.139674142,0.186358407,0.196892425,0.123263612,0.070345044
Head 1,153,2.22E-06,2.00E-06,1.49E-06,1.91E-06,1.70E-06,1.80E-06,2.19E-06,2.67E-06,1.45E-06,1.55E-06,1.02E-06,9.69E-07,1.13E-06,2.28E-06,2.39E-06,1.73E-06,2.11E-06,2.69E-06,2.24E-06,1.40E-06,9.99E-07,1.44E-06,4.45E-07,2.51E-07,1.52E-07,1.62E-07,8.21E-08,4.98E-08,1.41E-08,1.04E-08,9.23E-09,2.75E-08,2.48E-08,5.42E-08,1.49E-07,1.79E-07,2.91E-07,3.65E-07,9.90E-07,2.94E-06,4.42E-06,2.70E-06,2.84E-06,4.03E-06,2.79E-06,1.15E-06,9.98E-07,6.38E-07,4.86E-07,5.02E-07,5.56E-07,5.89E-07,5.30E-07,4.27E-07,3.89E-07,1.06E-06,1.58E-06,1.80E-06,4.20E-06,5.75E-06,8.55E-06,9.27E-06,7.75E-06,1.09E-05,3.55E-05,4.50E-05,1.49E-05,1.21E-05,2.00E-05,1.30E-05,1.10E-05,1.11E-05,1.03E-05,9.80E-06,9.28E-06,1.04E-05,1.17E-05,1.18E-05,1.22E-05,1.33E-05,1.55E-05,2.69E-05,4.37E-05,5.77E-05,5.45E-05,3.77E-05,2.83E-05,2.97E-05,4.71E-05,8.98E-05,0.00017483,0.000287546,0.000388695,0.000487396,0.000724694,0.001332062,0.00233373,0.00379909,0.004670633,0.006179695,0.007599254,0.008153599,0.000663278,0.000506458,0.000477681,0.000109034,2.33E-05,2.29E-05,2.81E-05,3.25E-05,3.41E-05,2.66E-05,4.51E-05,0.000101317,0.000297621,0.000877549,0.002650794,0.005806611,0.01134441,0.020492081,0.034052026,0.057608344,0.086326048,0.13800022,0.200420961,0.180826366,0.139237404,0.083056137
Head 1,154,1.84E-06,1.62E-06,2.04E-06,1.66E-06,1.45E-06,1.48E-06,1.83E-06,1.21E-06,1.57E-06,1.15E-06,9.54E-07,8.51E-07,1.50E-06,1.58E-06,1.37E-06,2.09E-06,2.86E-06,2.17E-06,1.27E-06,1.12E-06,1.68E-06,7.34E-07,4.01E-07,2.23E-07,2.53E-07,1.28E-07,7.60E-08,2.36E-08,1.49E-08,8.59E-09,1.69E-08,1.22E-08,2.77E-08,9.30E-08,1.25E-07,1.87E-07,1.84E-07,4.43E-07,1.37E-06,2.69E-06,2.60E-06,3.24E-06,4.81E-06,3.21E-06,1.41E-06,1.32E-06,8.53E-07,5.71E-07,4.82E-07,4.68E-07,5.15E-07,5.51E-07,4.93E-07,4.10E-07,8.04E-07,9.26E-07,8.49E-07,2.18E-06,4.25E-06,7.54E-06,8.05E-06,6.18E-06,7.69E-06,2.15E-05,3.57E-05,1.97E-05,1.77E-05,3.00E-05,1.74E-05,1.24E-05,1.16E-05,1.10E-05,1.07E-05,9.87E-06,1.02E-05,1.10E-05,1.13E-05,1.24E-05,1.31E-05,1.35E-05,1.90E-05,2.90E-05,4.59E-05,6.13E-05,5.63E-05,4.19E-05,3.19E-05,3.28E-05,4.70E-05,9.14E-05,0.00018211,0.000300508,0.000390878,0.000514192,0.000823285,0.001418451,0.002544821,0.003626757,0.0052701,0.006732528,0.007668405,0.000685815,0.000505003,0.000405342,0.000109749,2.15E-05,1.76E-05,2.34E-05,3.16E-05,3.63E-05,2.43E-05,2.95E-05,4.65E-05,0.000109521,0.00029725,0.000991371,0.002684079,0.006397471,0.013040808,0.022560876,0.037134256,0.053836741,0.08843945,0.150007442,0.178990051,0.193653136,0.151032045,0.06859114
Head 1,155,1.76E-06,2.54E-06,2.08E-06,1.64E-06,1.37E-06,1.44E-06,9.35E-07,1.43E-06,1.39E-06,1.26E-06,9.49E-07,1.38E-06,1.21E-06,1.03E-06,1.96E-06,3.22E-06,2.54E-06,1.36E-06,1.33E-06,2.00E-06,1.14E-06,7.23E-07,4.02E-07,4.64E-07,2.36E-07,1.34E-07,4.31E-08,2.93E-08,1.34E-08,1.64E-08,7.88E-09,1.39E-08,5.17E-08,8.27E-08,1.37E-07,1.17E-07,2.29E-07,6.20E-07,1.27E-06,1.75E-06,3.01E-06,5.58E-06,4.15E-06,1.79E-06,1.79E-06,1.24E-06,8.29E-07,6.13E-07,4.87E-07,4.64E-07,5.14E-07,5.35E-07,4.98E-07,8.13E-07,7.37E-07,4.63E-07,9.45E-07,2.16E-06,5.47E-06,6.99E-06,5.56E-06,6.15E-06,1.27E-05,2.15E-05,1.78E-05,2.07E-05,4.24E-05,2.64E-05,1.65E-05,1.30E-05,1.17E-05,1.15E-05,1.08E-05,1.06E-05,1.05E-05,1.04E-05,1.15E-05,1.27E-05,1.28E-05,1.53E-05,1.90E-05,2.82E-05,4.55E-05,6.00E-05,5.94E-05,4.50E-05,3.37E-05,3.14E-05,4.63E-05,9.21E-05,0.000186501,0.000295716,0.000398206,0.000561528,0.000850324,0.001487885,0.002360878,0.003940732,0.005488042,0.006542874,0.000656991,0.000484127,0.000349916,0.000110665,2.24E-05,1.41E-05,1.68E-05,2.40E-05,3.28E-05,2.38E-05,2.45E-05,2.75E-05,4.62E-05,9.89E-05,0.000305439,0.000924945,0.002715125,0.006763564,0.013457894,0.023305396,0.033526797,0.053871009,0.095678277,0.134516329,0.195992872,0.218881756,0.129861385,0.065313369
Head 1,156,2.91E-06,2.54E-06,2.07E-06,1.59E-06,1.37E-06,7.32E-07,1.06E-06,1.31E-06,1.54E-06,1.27E-06,1.66E-06,1.15E-06,7.64E-07,1.53E-06,3.02E-06,2.82E-06,1.59E-06,1.65E-06,2.34E-06,1.42E-06,1.15E-06,7.32E-07,8.57E-07,4.69E-07,2.54E-07,7.29E-08,5.74E-08,2.71E-08,2.42E-08,8.38E-09,9.27E-09,2.91E-08,4.88E-08,9.62E-08,8.90E-08,1.58E-07,3.49E-07,5.99E-07,8.62E-07,2.04E-06,5.08E-06,5.08E-06,2.39E-06,2.38E-06,1.72E-06,1.23E-06,9.08E-07,6.43E-07,4.97E-07,4.77E-07,5.10E-07,5.57E-07,9.25E-07,7.71E-07,3.80E-07,5.06E-07,9.80E-07,3.22E-06,5.23E-06,5.18E-06,6.19E-06,9.33E-06,1.32E-05,1.26E-05,1.84E-05,4.81E-05,4.03E-05,2.65E-05,1.81E-05,1.40E-05,1.28E-05,1.20E-05,1.20E-05,1.14E-05,1.04E-05,1.10E-05,1.23E-05,1.28E-05,1.52E-05,1.61E-05,1.93E-05,2.92E-05,4.64E-05,6.55E-05,6.63E-05,4.99E-05,3.42E-05,3.29E-05,4.92E-05,9.94E-05,0.000193948,0.000316524,0.000459136,0.00061851,0.000939227,0.001453281,0.002660824,0.004231527,0.005549913,0.000683939,0.000509167,0.000352874,0.000122943,2.96E-05,1.53E-05,1.41E-05,1.76E-05,2.60E-05,2.32E-05,2.52E-05,2.39E-05,2.93E-05,4.55E-05,0.000107188,0.000299532,0.000980252,0.00299802,0.007307304,0.014460613,0.021907134,0.034508958,0.059718233,0.087478206,0.149891749,0.223885685,0.188294142,0.124635279,0.06428057
Head 1,157,2.77E-06,2.43E-06,1.95E-06,1.51E-06,6.68E-07,7.47E-07,9.50E-07,1.40E-06,1.49E-06,2.14E-06,1.35E-06,6.57E-07,1.12E-06,2.32E-06,2.51E-06,1.72E-06,2.01E-06,2.78E-06,1.53E-06,1.48E-06,1.14E-06,1.39E-06,9.01E-07,5.01E-07,1.17E-07,9.37E-08,5.13E-08,4.28E-08,1.30E-08,9.21E-09,1.92E-08,2.68E-08,5.52E-08,5.87E-08,1.14E-07,2.33E-07,3.19E-07,3.67E-07,9.91E-07,3.16E-06,4.65E-06,2.95E-06,3.04E-06,2.22E-06,1.66E-06,1.31E-06,9.37E-07,6.37E-07,4.95E-07,4.62E-07,5.18E-07,9.79E-07,8.50E-07,4.10E-07,3.88E-07,5.10E-07,1.68E-06,3.03E-06,3.69E-06,5.89E-06,7.97E-06,9.27E-06,8.11E-06,1.25E-05,3.74E-05,4.64E-05,4.02E-05,2.83E-05,1.93E-05,1.51E-05,1.32E-05,1.33E-05,1.27E-05,1.12E-05,1.09E-05,1.16E-05,1.23E-05,1.53E-05,1.58E-05,1.61E-05,1.97E-05,2.94E-05,5.01E-05,7.25E-05,7.23E-05,4.94E-05,3.47E-05,3.38E-05,5.15E-05,0.00010108,0.000201519,0.000352864,0.00049082,0.000662496,0.000898902,0.00159728,0.002793247,0.004213275,0.000698457,0.000554194,0.000398473,0.00013748,4.15E-05,2.08E-05,1.48E-05,1.40E-05,1.85E-05,1.90E-05,2.40E-05,2.38E-05,2.50E-05,2.99E-05,4.90E-05,0.000103732,0.000314627,0.00107538,0.003213359,0.007816385,0.013656215,0.022645336,0.038635001,0.055597194,0.099528365,0.174367905,0.197474316,0.184780151,0.125062495,0.061499529
Head 1,158,2.70E-06,2.37E-06,1.88E-06,7.98E-07,6.59E-07,6.85E-07,1.02E-06,1.37E-06,2.55E-06,1.82E-06,7.58E-07,9.85E-07,1.79E-06,1.91E-06,1.57E-06,2.29E-06,3.44E-06,1.70E-06,1.77E-06,1.51E-06,1.94E-06,1.56E-06,1.02E-06,2.13E-07,1.44E-07,8.53E-08,8.06E-08,2.52E-08,1.45E-08,1.90E-08,1.85E-08,3.14E-08,3.24E-08,7.39E-08,1.72E-07,2.18E-07,1.87E-07,4.50E-07,1.54E-06,3.00E-06,2.94E-06,3.62E-06,2.89E-06,2.18E-06,1.79E-06,1.36E-06,9.29E-07,6.35E-07,4.86E-07,4.68E-07,9.74E-07,8.85E-07,4.74E-07,4.30E-07,3.96E-07,1.02E-06,1.63E-06,1.94E-06,4.31E-06,7.00E-06,7.93E-06,6.21E-06,8.30E-06,2.28E-05,3.70E-05,4.70E-05,4.29E-05,3.02E-05,2.09E-05,1.55E-05,1.46E-05,1.40E-05,1.26E-05,1.17E-05,1.15E-05,1.17E-05,1.43E-05,1.58E-05,1.59E-05,1.67E-05,2.02E-05,3.21E-05,5.61E-05,7.96E-05,7.26E-05,5.09E-05,3.65E-05,3.60E-05,5.33E-05,0.000106022,0.000225916,0.000380895,0.000535123,0.000646912,0.000997101,0.00169183,0.00282539,0.000651484,0.000605652,0.000490393,0.000154406,5.47E-05,3.22E-05,2.07E-05,1.50E-05,1.51E-05,1.44E-05,2.01E-05,2.31E-05,2.53E-05,2.76E-05,3.33E-05,4.81E-05,0.000110642,0.000351191,0.001164994,0.003490408,0.007512073,0.014333486,0.025669752,0.036505345,0.064151078,0.11658711,0.157080859,0.19525975,0.18645592,0.120706506,0.060084384
Head 1,159,2.84E-06,2.44E-06,1.14E-06,8.21E-07,6.51E-07,7.77E-07,1.07E-06,2.55E-06,2.38E-06,1.09E-06,1.19E-06,1.76E-06,1.55E-06,1.24E-06,2.28E-06,4.06E-06,2.08E-06,2.23E-06,1.91E-06,2.46E-06,2.28E-06,1.90E-06,4.57E-07,2.46E-07,1.38E-07,1.54E-07,4.96E-08,3.01E-08,2.89E-08,1.94E-08,2.29E-08,1.78E-08,4.05E-08,1.19E-07,1.68E-07,1.26E-07,2.46E-07,7.53E-07,1.51E-06,2.08E-06,3.52E-06,3.59E-06,2.94E-06,2.45E-06,1.92E-06,1.41E-06,9.67E-07,6.59E-07,5.13E-07,1.04E-06,9.03E-07,4.91E-07,5.56E-07,4.50E-07,8.48E-07,1.03E-06,9.19E-07,2.28E-06,5.26E-06,7.06E-06,5.82E-06,6.71E-06,1.41E-05,2.33E-05,3.90E-05,5.15E-05,4.63E-05,3.35E-05,2.20E-05,1.78E-05,1.58E-05,1.43E-05,1.36E-05,1.27E-05,1.20E-05,1.32E-05,1.50E-05,1.62E-05,1.68E-05,1.72E-05,2.23E-05,3.64E-05,6.20E-05,8.09E-05,7.54E-05,5.42E-05,3.92E-05,3.77E-05,5.67E-05,0.000120588,0.000247091,0.000424713,0.000532979,0.000728896,0.001078795,0.001758292,0.00048299,0.000564408,0.000554289,0.000162689,5.96E-05,4.53E-05,3.22E-05,2.12E-05,1.63E-05,1.21E-05,1.55E-05,1.96E-05,2.46E-05,2.89E-05,3.11E-05,3.26E-05,5.11E-05,0.000123563,0.000378546,0.00126285,0.003338554,0.007858963,0.016162913,0.024141323,0.042039681,0.074735709,0.106546,0.155436352,0.19788149,0.181430653,0.119149342,0.061511297
Head 1,160,2.93E-06,1.52E-06,1.20E-06,8.16E-07,7.34E-07,8.27E-07,2.09E-06,2.48E-06,1.45E-06,1.65E-06,2.19E-06,1.51E-06,9.36E-07,1.84E-06,3.91E-06,2.36E-06,2.82E-06,2.37E-06,2.94E-06,2.71E-06,2.73E-06,9.20E-07,4.53E-07,2.30E-07,2.82E-07,8.36E-08,5.85E-08,5.35E-08,2.87E-08,2.35E-08,1.19E-08,2.01E-08,6.77E-08,1.14E-07,9.25E-08,1.62E-07,4.21E-07,6.89E-07,9.88E-07,2.29E-06,3.35E-06,3.48E-06,3.16E-06,2.49E-06,1.91E-06,1.42E-06,9.80E-07,6.74E-07,1.21E-06,9.30E-07,4.26E-07,6.24E-07,5.63E-07,8.83E-07,8.40E-07,4.94E-07,9.80E-07,3.03E-06,5.11E-06,5.19E-06,6.25E-06,1.00E-05,1.37E-05,2.36E-05,4.11E-05,5.23E-05,4.91E-05,3.40E-05,2.43E-05,1.86E-05,1.55E-05,1.50E-05,1.42E-05,1.28E-05,1.23E-05,1.31E-05,1.47E-05,1.66E-05,1.66E-05,1.82E-05,2.39E-05,3.82E-05,6.02E-05,8.05E-05,7.73E-05,5.59E-05,3.90E-05,3.82E-05,6.16E-05,0.000125892,0.000266415,0.000405973,0.000574262,0.000754784,0.001073316,0.000268928,0.000387461,0.000484221,0.000148972,5.01E-05,4.70E-05,4.30E-05,3.21E-05,2.20E-05,1.25E-05,1.25E-05,1.47E-05,2.00E-05,2.71E-05,3.19E-05,2.94E-05,3.35E-05,5.54E-05,0.000129643,0.000400165,0.001174004,0.003416065,0.008677143,0.014842459,0.027380144,0.048380043,0.068226673,0.104349524,0.156723663,0.192215368,0.180881858,0.123437054,0.06386099
Head 1,161,1.65E-06,1.57E-06,1.13E-06,8.79E-07,7.53E-07,1.61E-06,2.02E-06,1.41E-06,1.98E-06,2.92E-06,1.84E-06,8.30E-07,1.38E-06,3.05E-06,2.13E-06,3.18E-06,2.93E-06,3.59E-06,2.97E-06,3.10E-06,1.48E-06,8.42E-07,4.23E-07,5.27E-07,1.36E-07,9.73E-08,1.02E-07,5.16E-08,3.43E-08,1.25E-08,1.29E-08,3.73E-08,6.57E-08,6.23E-08,1.20E-07,3.00E-07,3.82E-07,4.32E-07,1.11E-06,2.20E-06,3.26E-06,3.78E-06,3.22E-06,2.49E-06,1.92E-06,1.41E-06,9.92E-07,1.55E-06,1.07E-06,3.77E-07,5.82E-07,6.21E-07,9.96E-07,8.64E-07,3.96E-07,5.10E-07,1.62E-06,2.98E-06,3.72E-06,5.89E-06,8.77E-06,9.76E-06,1.41E-05,2.53E-05,4.10E-05,5.51E-05,5.02E-05,3.79E-05,2.57E-05,1.82E-05,1.63E-05,1.56E-05,1.44E-05,1.33E-05,1.24E-05,1.31E-05,1.54E-05,1.67E-05,1.80E-05,2.01E-05,2.62E-05,3.85E-05,6.18E-05,8.44E-05,8.18E-05,5.73E-05,4.11E-05,4.30E-05,6.57E-05,0.000138641,0.000258384,0.000448115,0.000614223,0.000775712,0.000139154,0.000211369,0.000314764,0.000121593,3.83E-05,3.91E-05,4.67E-05,4.51E-05,3.44E-05,1.73E-05,1.34E-05,1.25E-05,1.55E-05,2.19E-05,3.05E-05,3.09E-05,3.10E-05,3.72E-05,5.98E-05,0.000139987,0.000379142,0.001233566,0.00387454,0.008109896,0.017155563,0.031885955,0.044285201,0.066790789,0.105141267,0.150835797,0.190203115,0.183861762,0.126343831,0.065235354
Head 1,162,1.65E-06,1.39E-06,1.15E-06,8.46E-07,1.38E-06,1.54E-06,1.05E-06,1.74E-06,3.36E-06,2.42E-06,9.40E-07,1.19E-06,2.29E-06,1.51E-06,2.77E-06,3.14E-06,4.21E-06,3.22E-06,3.09E-06,1.77E-06,1.31E-06,7.42E-07,9.30E-07,2.31E-07,1.44E-07,1.76E-07,9.15E-08,5.77E-08,1.91E-08,1.26E-08,2.43E-08,3.51E-08,3.31E-08,7.55E-08,2.19E-07,2.55E-07,2.16E-07,4.88E-07,1.04E-06,2.07E-06,3.43E-06,3.75E-06,3.11E-06,2.41E-06,1.82E-06,1.39E-06,1.96E-06,1.33E-06,3.95E-07,5.06E-07,5.58E-07,1.03E-06,9.19E-07,4.18E-07,3.82E-07,9.54E-07,1.55E-06,1.91E-06,4.18E-06,7.55E-06,8.17E-06,9.76E-06,1.48E-05,2.45E-05,4.23E-05,5.56E-05,5.49E-05,3.96E-05,2.48E-05,1.90E-05,1.68E-05,1.56E-05,1.53E-05,1.32E-05,1.23E-05,1.35E-05,1.52E-05,1.77E-05,1.94E-05,2.17E-05,2.60E-05,3.91E-05,6.37E-05,8.85E-05,8.27E-05,5.93E-05,4.56E-05,4.52E-05,7.15E-05,0.000132201,0.00028054,0.000470253,0.00061706,7.86E-05,0.00010394,0.000157472,8.25E-05,2.72E-05,2.69E-05,3.83E-05,4.80E-05,4.75E-05,2.64E-05,1.81E-05,1.31E-05,1.29E-05,1.59E-05,2.41E-05,2.94E-05,3.22E-05,3.40E-05,4.02E-05,6.44E-05,0.000132527,0.000398684,0.001399209,0.003598449,0.009375246,0.020061664,0.029021818,0.043414388,0.067409538,0.100438274,0.14907594,0.192257211,0.18797712,0.128063828,0.063890897
Head 1,163,1.34E-06,1.29E-06,9.96E-07,1.33E-06,1.25E-06,7.19E-07,1.13E-06,2.79E-06,2.64E-06,1.15E-06,1.23E-06,1.93E-06,9.87E-07,1.87E-06,2.55E-06,4.12E-06,3.37E-06,3.05E-06,1.75E-06,1.64E-06,1.09E-06,1.41E-06,4.19E-07,2.19E-07,2.87E-07,1.51E-07,9.55E-08,3.33E-08,1.88E-08,2.25E-08,2.24E-08,1.64E-08,3.81E-08,1.38E-07,1.81E-07,1.41E-07,2.60E-07,4.65E-07,9.98E-07,2.21E-06,3.47E-06,3.63E-06,3.03E-06,2.27E-06,1.78E-06,2.31E-06,1.62E-06,5.05E-07,4.93E-07,4.73E-07,9.54E-07,8.91E-07,4.66E-07,4.05E-07,7.18E-07,9.16E-07,8.74E-07,2.17E-06,5.39E-06,6.93E-06,8.12E-06,1.03E-05,1.46E-05,2.54E-05,4.28E-05,6.03E-05,5.72E-05,3.80E-05,2.59E-05,1.97E-05,1.68E-05,1.76E-05,1.51E-05,1.31E-05,1.28E-05,1.37E-05,1.65E-05,1.93E-05,2.16E-05,2.22E-05,2.77E-05,4.20E-05,7.01E-05,9.32E-05,8.82E-05,6.75E-05,4.92E-05,5.04E-05,6.95E-05,0.000145379,0.000295151,0.000470586,5.72E-05,6.01E-05,7.72E-05,5.13E-05,2.02E-05,1.85E-05,2.79E-05,4.08E-05,5.30E-05,3.84E-05,2.87E-05,1.84E-05,1.43E-05,1.33E-05,1.80E-05,2.42E-05,3.17E-05,3.63E-05,3.82E-05,4.46E-05,6.36E-05,0.000145179,0.000471302,0.00135204,0.004344891,0.0114723,0.018881209,0.029590975,0.045347013,0.065729946,0.10118065,0.15220049,0.196370602,0.189363822,0.123319045,0.057429645
Head 1,164,1.49E-06,1.33E-06,1.74E-06,1.44E-06,6.96E-07,8.55E-07,2.26E-06,2.69E-06,1.51E-06,1.68E-06,2.40E-06,9.06E-07,1.44E-06,2.00E-06,3.86E-06,3.72E-06,3.57E-06,1.97E-06,2.12E-06,1.56E-06,2.10E-06,8.47E-07,4.14E-07,5.43E-07,2.88E-07,1.79E-07,6.29E-08,3.88E-08,3.38E-08,2.31E-08,1.11E-08,1.94E-08,7.90E-08,1.25E-07,1.06E-07,1.79E-07,2.52E-07,4.61E-07,1.11E-06,2.37E-06,3.51E-06,3.69E-06,3.00E-06,2.38E-06,3.02E-06,2.16E-06,7.87E-07,6.42E-07,4.98E-07,9.98E-07,8.99E-07,4.86E-07,5.11E-07,7.32E-07,7.36E-07,4.73E-07,9.81E-07,3.19E-06,5.11E-06,7.04E-06,8.80E-06,1.05E-05,1.55E-05,2.64E-05,4.77E-05,6.47E-05,5.60E-05,4.07E-05,2.76E-05,2.04E-05,2.08E-05,1.80E-05,1.54E-05,1.37E-05,1.30E-05,1.47E-05,1.79E-05,2.14E-05,2.17E-05,2.31E-05,2.86E-05,4.50E-05,7.29E-05,9.82E-05,9.96E-05,7.27E-05,5.48E-05,4.94E-05,7.80E-05,0.000157419,0.000302723,4.89E-05,4.48E-05,4.63E-05,3.11E-05,1.50E-05,1.31E-05,1.86E-05,2.79E-05,4.35E-05,4.24E-05,4.04E-05,2.80E-05,1.96E-05,1.40E-05,1.44E-05,1.76E-05,2.54E-05,3.44E-05,3.95E-05,4.09E-05,4.30E-05,6.72E-05,0.000165542,0.000437595,0.001560592,0.005083579,0.010262799,0.018514743,0.030104786,0.043326188,0.065597564,0.102982983,0.1554012,0.202770397,0.188351065,0.114634126,0.05844428
Head 1,165,1.54E-06,2.33E-06,1.89E-06,8.75E-07,8.16E-07,1.85E-06,2.32E-06,1.56E-06,2.15E-06,3.48E-06,1.14E-06,1.38E-06,1.58E-06,3.22E-06,3.56E-06,4.08E-06,2.38E-06,2.78E-06,2.08E-06,2.86E-06,1.52E-06,8.41E-07,1.10E-06,6.11E-07,3.67E-07,1.12E-07,8.09E-08,6.69E-08,3.67E-08,1.23E-08,1.28E-08,4.46E-08,7.38E-08,7.13E-08,1.33E-07,1.69E-07,2.43E-07,4.97E-07,1.16E-06,2.35E-06,3.52E-06,3.67E-06,3.13E-06,4.13E-06,2.92E-06,1.21E-06,9.96E-07,6.78E-07,1.22E-06,9.87E-07,4.48E-07,5.95E-07,8.73E-07,7.76E-07,3.67E-07,5.09E-07,1.72E-06,3.00E-06,5.13E-06,7.57E-06,8.99E-06,1.11E-05,1.57E-05,2.89E-05,5.04E-05,6.27E-05,6.01E-05,4.33E-05,2.89E-05,2.57E-05,2.10E-05,1.83E-05,1.61E-05,1.38E-05,1.37E-05,1.55E-05,1.91E-05,2.10E-05,2.19E-05,2.31E-05,2.95E-05,4.52E-05,7.38E-05,0.000107364,0.000105205,7.99E-05,5.29E-05,5.48E-05,8.36E-05,0.000159633,4.15E-05,4.06E-05,3.73E-05,2.05E-05,1.13E-05,9.83E-06,1.25E-05,1.75E-05,2.84E-05,3.36E-05,4.27E-05,3.76E-05,2.89E-05,1.88E-05,1.48E-05,1.38E-05,1.80E-05,2.67E-05,3.67E-05,4.14E-05,3.89E-05,4.42E-05,7.45E-05,0.000149281,0.000488862,0.001766322,0.004373839,0.009687132,0.018201973,0.027858151,0.042154774,0.0655047,0.103404105,0.161273658,0.203100875,0.177054331,0.119434007,0.063449934
Head 1,166,2.24E-06,2.02E-06,1.08E-06,1.01E-06,1.93E-06,2.11E-06,1.25E-06,2.00E-06,4.44E-06,1.50E-06,1.52E-06,1.25E-06,2.27E-06,2.20E-06,2.81E-06,1.83E-06,2.75E-06,2.25E-06,3.58E-06,2.07E-06,1.57E-06,2.52E-06,1.81E-06,1.20E-06,2.79E-07,1.94E-07,1.95E-07,1.00E-07,2.81E-08,1.94E-08,4.46E-08,5.77E-08,4.77E-08,1.06E-07,1.56E-07,2.08E-07,3.37E-07,6.35E-07,1.31E-06,2.56E-06,3.83E-06,4.17E-06,6.05E-06,4.15E-06,1.62E-06,1.41E-06,9.45E-07,1.57E-06,1.15E-06,3.76E-07,5.18E-07,8.74E-07,7.63E-07,3.40E-07,3.51E-07,9.84E-07,1.53E-06,2.85E-06,5.35E-06,8.15E-06,1.07E-05,1.33E-05,2.08E-05,3.49E-05,5.09E-05,6.68E-05,5.97E-05,4.04E-05,2.79E-05,1.75E-05,1.27E-05,1.04E-05,8.51E-06,7.66E-06,7.69E-06,8.90E-06,1.04E-05,1.25E-05,1.46E-05,1.77E-05,2.42E-05,3.91E-05,6.99E-05,9.96E-05,0.000104574,7.21E-05,5.50E-05,5.18E-05,6.73E-05,2.15E-05,2.56E-05,2.60E-05,1.09E-05,5.86E-06,5.07E-06,5.48E-06,6.75E-06,1.02E-05,1.27E-05,2.04E-05,2.49E-05,2.60E-05,2.11E-05,1.62E-05,1.19E-05,1.21E-05,1.60E-05,2.38E-05,3.20E-05,3.32E-05,3.39E-05,4.19E-05,5.64E-05,0.000138064,0.000462105,0.001260163,0.003529244,0.00847215,0.015525459,0.025607955,0.040674023,0.065100648,0.108713135,0.163976625,0.19333002,0.184752688,0.132015795,0.054801833
Head 1,167,2.17E-06,1.22E-06,1.25E-06,2.05E-06,1.92E-06,9.58E-07,1.46E-06,4.08E-06,1.74E-06,1.93E-06,1.43E-06,2.21E-06,1.75E-06,2.10E-06,1.44E-06,2.67E-06,2.45E-06,4.13E-06,2.22E-06,2.04E-06,3.56E-06,3.14E-06,2.50E-06,5.35E-07,3.06E-07,3.80E-07,1.96E-07,5.27E-08,3.15E-08,4.73E-08,4.29E-08,2.62E-08,5.65E-08,9.96E-08,1.50E-07,2.27E-07,3.45E-07,6.14E-07,1.28E-06,2.53E-06,3.83E-06,7.09E-06,5.48E-06,2.10E-06,1.90E-06,1.32E-06,2.00E-06,1.44E-06,3.90E-07,4.58E-07,9.43E-07,8.05E-07,3.65E-07,3.42E-07,7.37E-07,9.03E-07,1.49E-06,2.94E-06,5.35E-06,8.38E-06,1.05E-05,1.45E-05,2.11E-05,3.12E-05,5.18E-05,6.52E-05,5.90E-05,4.36E-05,2.56E-05,1.63E-05,1.23E-05,9.89E-06,8.71E-06,8.13E-06,8.38E-06,9.12E-06,1.11E-05,1.36E-05,1.62E-05,1.94E-05,2.68E-05,4.61E-05,7.83E-05,0.000114301,0.000103963,8.09E-05,5.83E-05,5.07E-05,1.56E-05,2.24E-05,3.00E-05,1.10E-05,5.49E-06,5.05E-06,5.01E-06,5.55E-06,7.32E-06,8.44E-06,1.44E-05,2.14E-05,2.86E-05,2.97E-05,2.57E-05,1.71E-05,1.35E-05,1.40E-05,1.87E-05,2.69E-05,3.24E-05,3.55E-05,3.88E-05,3.91E-05,6.64E-05,0.000167291,0.000416457,0.001272004,0.003698275,0.00827518,0.015618422,0.026061768,0.041542385,0.068422057,0.109208211,0.155404672,0.198124096,0.199748844,0.117629386,0.052752562
Head 1,168,1.38E-06,1.63E-06,2.66E-06,2.30E-06,9.84E-07,1.20E-06,3.57E-06,1.80E-06,2.49E-06,2.10E-06,3.05E-06,1.94E-06,1.88E-06,1.12E-06,2.41E-06,2.65E-06,5.04E-06,2.49E-06,2.54E-06,4.64E-06,4.68E-06,4.72E-06,1.21E-06,5.48E-07,7.95E-07,4.17E-07,1.08E-07,6.81E-08,7.80E-08,4.92E-08,1.97E-08,3.12E-08,5.58E-08,1.00E-07,1.70E-07,2.37E-07,3.43E-07,6.15E-07,1.31E-06,2.60E-06,6.75E-06,6.85E-06,2.92E-06,2.71E-06,1.93E-06,2.78E-06,2.03E-06,5.50E-07,5.04E-07,1.17E-06,9.47E-07,4.04E-07,4.16E-07,7.49E-07,7.27E-07,9.32E-07,1.60E-06,3.02E-06,5.71E-06,8.45E-06,1.19E-05,1.51E-05,1.92E-05,3.26E-05,5.18E-05,6.72E-05,6.31E-05,4.17E-05,2.45E-05,1.62E-05,1.19E-05,1.01E-05,9.19E-06,8.66E-06,8.31E-06,9.25E-06,1.15E-05,1.42E-05,1.65E-05,2.00E-05,2.94E-05,4.82E-05,8.51E-05,0.000109228,0.000113551,8.50E-05,5.71E-05,1.16E-05,1.66E-05,2.89E-05,1.04E-05,4.74E-06,4.78E-06,4.71E-06,4.97E-06,5.69E-06,5.63E-06,8.92E-06,1.41E-05,2.23E-05,2.96E-05,3.34E-05,2.49E-05,1.78E-05,1.45E-05,1.52E-05,1.98E-05,2.58E-05,3.30E-05,3.87E-05,3.50E-05,4.38E-05,7.60E-05,0.000142933,0.000395798,0.001255412,0.003414439,0.007920675,0.015229953,0.025937244,0.042357601,0.067128018,0.102698594,0.156922892,0.213894099,0.188005075,0.115135267,0.05790367
Head 1,169,1.76E-06,3.16E-06,2.77E-06,1.19E-06,1.16E-06,2.97E-06,1.48E-06,2.42E-06,2.69E-06,4.44E-06,2.67E-06,2.04E-06,9.06E-07,1.87E-06,2.34E-06,5.25E-06,2.69E-06,2.94E-06,5.36E-06,5.41E-06,6.49E-06,2.40E-06,1.01E-06,1.57E-06,8.49E-07,1.97E-07,1.39E-07,1.53E-07,7.75E-08,2.26E-08,2.21E-08,3.04E-08,5.55E-08,1.13E-07,1.76E-07,2.37E-07,3.45E-07,6.25E-07,1.33E-06,4.54E-06,6.39E-06,3.72E-06,3.74E-06,2.74E-06,3.76E-06,2.75E-06,8.64E-07,6.76E-07,1.55E-06,1.18E-06,4.25E-07,4.97E-07,8.72E-07,7.42E-07,7.61E-07,1.02E-06,1.63E-06,3.24E-06,5.83E-06,9.73E-06,1.26E-05,1.39E-05,2.05E-05,3.31E-05,5.47E-05,6.98E-05,6.39E-05,4.20E-05,2.56E-05,1.62E-05,1.26E-05,1.10E-05,1.00E-05,8.72E-06,8.49E-06,9.66E-06,1.19E-05,1.42E-05,1.69E-05,2.18E-05,3.05E-05,5.20E-05,8.10E-05,0.000119687,0.000121255,8.55E-05,1.03E-05,1.19E-05,2.19E-05,8.70E-06,3.71E-06,4.13E-06,4.48E-06,4.89E-06,5.12E-06,4.31E-06,5.87E-06,8.69E-06,1.43E-05,2.17E-05,3.22E-05,3.15E-05,2.51E-05,1.86E-05,1.54E-05,1.57E-05,1.86E-05,2.60E-05,3.58E-05,3.52E-05,3.93E-05,5.00E-05,6.53E-05,0.000135855,0.000390295,0.001156183,0.003273383,0.007737861,0.015284517,0.026246082,0.041250441,0.062804632,0.102327004,0.16606015,0.202090085,0.183564261,0.125239268,0.060805582
Head 1,170,3.56E-06,3.27E-06,1.57E-06,1.42E-06,2.91E-06,1.26E-06,1.97E-06,2.66E-06,5.67E-06,3.99E-06,2.82E-06,9.61E-07,1.57E-06,1.85E-06,4.63E-06,2.71E-06,3.39E-06,6.30E-06,5.86E-06,7.25E-06,3.76E-06,1.85E-06,2.97E-06,1.77E-06,3.66E-07,2.51E-07,3.14E-07,1.49E-07,3.95E-08,2.62E-08,2.31E-08,3.27E-08,6.72E-08,1.25E-07,1.92E-07,2.63E-07,3.83E-07,7.06E-07,2.59E-06,4.48E-06,3.87E-06,4.82E-06,3.95E-06,5.29E-06,3.68E-06,1.33E-06,1.02E-06,2.02E-06,1.55E-06,4.66E-07,5.51E-07,1.04E-06,8.50E-07,7.85E-07,8.59E-07,1.07E-06,1.84E-06,3.49E-06,6.99E-06,1.08E-05,1.22E-05,1.57E-05,2.20E-05,3.67E-05,5.64E-05,7.48E-05,6.71E-05,4.59E-05,2.69E-05,1.78E-05,1.39E-05,1.23E-05,1.04E-05,9.33E-06,9.36E-06,1.06E-05,1.26E-05,1.54E-05,1.95E-05,2.42E-05,3.50E-05,5.27E-05,9.34E-05,0.00013269,0.00012573,1.21E-05,1.05E-05,1.58E-05,6.86E-06,2.84E-06,3.31E-06,4.22E-06,5.17E-06,5.49E-06,4.18E-06,4.85E-06,6.26E-06,9.70E-06,1.45E-05,2.50E-05,3.26E-05,3.37E-05,2.77E-05,2.09E-05,1.68E-05,1.58E-05,2.01E-05,2.98E-05,3.44E-05,4.14E-05,4.67E-05,4.57E-05,6.58E-05,0.000142474,0.000380883,0.001177289,0.003386222,0.00819343,0.016043404,0.026279032,0.03904932,0.062892117,0.106641397,0.157632411,0.197370574,0.194095865,0.12568678,0.059371997
Head 1,171,3.60E-06,1.86E-06,1.86E-06,3.28E-06,1.25E-06,1.56E-06,2.09E-06,5.62E-06,5.14E-06,4.15E-06,1.28E-06,1.59E-06,1.49E-06,3.65E-06,2.26E-06,3.42E-06,7.13E-06,6.35E-06,7.42E-06,4.48E-06,2.93E-06,4.91E-06,3.48E-06,7.14E-07,4.07E-07,6.08E-07,2.95E-07,7.87E-08,4.43E-08,2.55E-08,2.28E-08,3.59E-08,6.82E-08,1.24E-07,1.91E-07,2.55E-07,3.87E-07,1.34E-06,2.33E-06,2.58E-06,4.42E-06,4.73E-06,7.16E-06,4.95E-06,1.84E-06,1.50E-06,2.45E-06,2.00E-06,5.45E-07,5.78E-07,1.22E-06,9.60E-07,8.56E-07,8.41E-07,8.38E-07,1.11E-06,1.84E-06,3.84E-06,7.19E-06,9.68E-06,1.26E-05,1.55E-05,2.23E-05,3.35E-05,5.56E-05,7.18E-05,6.70E-05,4.39E-05,2.69E-05,1.80E-05,1.43E-05,1.18E-05,1.02E-05,9.32E-06,9.31E-06,1.02E-05,1.24E-05,1.62E-05,1.97E-05,2.47E-05,3.19E-05,5.47E-05,9.42E-05,0.000126566,1.41E-05,1.03E-05,1.14E-05,4.81E-06,1.90E-06,2.11E-06,3.04E-06,4.34E-06,5.17E-06,3.97E-06,4.12E-06,4.52E-06,6.22E-06,8.40E-06,1.46E-05,2.29E-05,3.15E-05,3.37E-05,2.85E-05,2.08E-05,1.54E-05,1.55E-05,2.09E-05,2.63E-05,3.68E-05,4.48E-05,3.93E-05,4.21E-05,6.33E-05,0.00012715,0.000356165,0.001119141,0.003297762,0.007955432,0.015005633,0.023236575,0.03750186,0.063022792,0.100794494,0.154748872,0.209353775,0.195936844,0.123981595,0.062059928
Head 1,172,2.00E-06,2.32E-06,4.06E-06,1.56E-06,1.56E-06,1.70E-06,4.76E-06,5.28E-06,5.42E-06,1.95E-06,2.13E-06,1.53E-06,3.13E-06,1.70E-06,2.93E-06,7.19E-06,6.86E-06,7.68E-06,4.56E-06,3.93E-06,6.71E-06,5.83E-06,1.48E-06,6.87E-07,1.15E-06,5.80E-07,1.53E-07,9.29E-08,4.38E-08,2.59E-08,2.61E-08,3.87E-08,7.14E-08,1.31E-07,1.95E-07,2.79E-07,8.61E-07,1.27E-06,1.35E-06,2.98E-06,4.50E-06,8.70E-06,6.77E-06,2.51E-06,2.13E-06,2.77E-06,2.41E-06,7.07E-07,6.57E-07,1.47E-06,1.10E-06,9.59E-07,9.20E-07,8.38E-07,8.93E-07,1.15E-06,2.09E-06,4.12E-06,6.78E-06,1.04E-05,1.31E-05,1.64E-05,2.16E-05,3.48E-05,5.58E-05,7.46E-05,6.69E-05,4.58E-05,2.83E-05,1.91E-05,1.42E-05,1.19E-05,1.04E-05,9.60E-06,9.39E-06,1.05E-05,1.36E-05,1.72E-05,2.08E-05,2.37E-05,3.48E-05,5.79E-05,9.40E-05,1.65E-05,1.27E-05,1.12E-05,4.17E-06,1.55E-06,1.46E-06,2.09E-06,3.30E-06,4.64E-06,4.05E-06,4.14E-06,4.02E-06,4.86E-06,5.74E-06,8.89E-06,1.42E-05,2.34E-05,3.31E-05,3.64E-05,2.96E-05,2.00E-05,1.58E-05,1.70E-05,1.95E-05,2.94E-05,4.17E-05,3.98E-05,3.83E-05,4.28E-05,5.97E-05,0.000125725,0.000356797,0.001141204,0.003363484,0.007785679,0.013655695,0.023128783,0.038234185,0.061213974,0.100824587,0.164218381,0.206959367,0.187906802,0.126481324,0.063191406
Head 1,173,2.40E-06,4.64E-06,2.00E-06,1.85E-06,1.61E-06,3.86E-06,4.41E-06,5.47E-06,2.51E-06,3.03E-06,1.98E-06,3.26E-06,1.31E-06,2.19E-06,6.02E-06,6.56E-06,7.73E-06,4.41E-06,4.61E-06,7.76E-06,7.76E-06,2.75E-06,1.20E-06,2.09E-06,1.11E-06,2.65E-07,1.82E-07,8.88E-08,4.28E-08,2.82E-08,2.67E-08,3.81E-08,7.10E-08,1.26E-07,2.01E-07,6.16E-07,7.63E-07,6.25E-07,1.48E-06,2.95E-06,7.84E-06,8.08E-06,3.35E-06,2.91E-06,3.10E-06,2.70E-06,9.21E-07,8.10E-07,1.82E-06,1.31E-06,1.08E-06,1.02E-06,9.25E-07,8.78E-07,8.91E-07,1.26E-06,2.16E-06,3.81E-06,7.05E-06,1.05E-05,1.33E-05,1.62E-05,2.14E-05,3.36E-05,5.63E-05,7.31E-05,6.86E-05,4.75E-05,2.95E-05,1.88E-05,1.42E-05,1.20E-05,1.06E-05,9.46E-06,9.38E-06,1.11E-05,1.40E-05,1.73E-05,1.93E-05,2.47E-05,3.50E-05,5.55E-05,1.55E-05,1.49E-05,1.30E-05,4.14E-06,1.45E-06,1.13E-06,1.36E-06,2.08E-06,3.32E-06,3.51E-06,3.93E-06,3.70E-06,4.10E-06,4.39E-06,5.79E-06,8.18E-06,1.37E-05,2.32E-05,3.39E-05,3.59E-05,2.73E-05,1.95E-05,1.65E-05,1.51E-05,2.07E-05,3.17E-05,3.57E-05,3.73E-05,3.75E-05,3.90E-05,5.68E-05,0.000120841,0.000347572,0.00111991,0.003162523,0.006790025,0.013224016,0.023129432,0.036662467,0.060730487,0.106778584,0.160712704,0.19838883,0.193366617,0.130273283,0.063885339
Head 1,174,5.46E-06,2.58E-06,2.63E-06,2.09E-06,3.97E-06,4.01E-06,5.03E-06,2.66E-06,4.01E-06,3.06E-06,4.62E-06,1.40E-06,1.87E-06,4.99E-06,5.86E-06,7.81E-06,4.71E-06,5.74E-06,9.40E-06,9.61E-06,4.56E-06,2.29E-06,4.10E-06,2.41E-06,5.04E-07,3.42E-07,1.91E-07,9.59E-08,5.16E-08,3.22E-08,2.93E-08,4.20E-08,7.57E-08,1.42E-07,5.04E-07,6.06E-07,3.72E-07,7.65E-07,1.59E-06,5.48E-06,7.91E-06,4.39E-06,4.12E-06,4.00E-06,3.21E-06,1.20E-06,1.09E-06,2.42E-06,1.77E-06,1.38E-06,1.22E-06,1.12E-06,1.04E-06,9.35E-07,1.06E-06,1.41E-06,2.16E-06,4.19E-06,7.54E-06,1.13E-05,1.48E-05,1.67E-05,2.17E-05,3.54E-05,5.72E-05,7.73E-05,7.33E-05,5.07E-05,2.98E-05,1.93E-05,1.48E-05,1.25E-05,1.09E-05,9.90E-06,1.03E-05,1.20E-05,1.47E-05,1.70E-05,2.09E-05,2.59E-05,3.55E-05,1.30E-05,1.62E-05,1.77E-05,5.14E-06,1.76E-06,1.19E-06,1.11E-06,1.41E-06,2.20E-06,2.74E-06,3.59E-06,3.66E-06,3.98E-06,4.16E-06,4.83E-06,5.62E-06,8.31E-06,1.44E-05,2.50E-05,3.52E-05,3.50E-05,2.78E-05,2.14E-05,1.56E-05,1.68E-05,2.32E-05,2.84E-05,3.46E-05,3.76E-05,3.51E-05,3.81E-05,5.59E-05,0.000120536,0.000350178,0.001073746,0.002797775,0.006622289,0.013316517,0.021541428,0.035725493,0.064106703,0.103565149,0.153757215,0.20261398,0.196692616,0.13005653,0.066359609
Head 1,175,2.78E-06,3.28E-06,2.83E-06,4.57E-06,3.96E-06,4.35E-06,2.15E-06,3.77E-06,3.82E-06,6.52E-06,1.81E-06,1.84E-06,4.13E-06,4.44E-06,6.31E-06,4.32E-06,6.31E-06,1.06E-05,1.02E-05,5.48E-06,3.62E-06,6.66E-06,4.65E-06,9.57E-07,5.45E-07,3.30E-07,1.91E-07,1.05E-07,5.34E-08,3.21E-08,2.96E-08,4.21E-08,8.02E-08,3.47E-07,4.75E-07,2.63E-07,4.40E-07,7.80E-07,2.93E-06,5.32E-06,4.27E-06,4.95E-06,5.05E-06,3.80E-06,1.38E-06,1.31E-06,2.78E-06,2.19E-06,1.70E-06,1.41E-06,1.25E-06,1.16E-06,1.02E-06,1.04E-06,1.09E-06,1.31E-06,2.22E-06,4.24E-06,7.64E-06,1.22E-05,1.44E-05,1.60E-05,2.16E-05,3.41E-05,5.77E-05,7.88E-05,7.38E-05,4.80E-05,2.84E-05,1.88E-05,1.43E-05,1.20E-05,1.06E-05,1.02E-05,1.04E-05,1.19E-05,1.38E-05,1.74E-05,2.09E-05,2.53E-05,9.72E-06,1.46E-05,2.26E-05,6.53E-06,2.24E-06,1.50E-06,1.13E-06,1.10E-06,1.42E-06,1.82E-06,2.71E-06,3.20E-06,3.74E-06,4.12E-06,4.55E-06,4.45E-06,5.44E-06,8.39E-06,1.48E-05,2.50E-05,3.30E-05,3.42E-05,2.91E-05,1.94E-05,1.64E-05,1.79E-05,2.01E-05,2.66E-05,3.35E-05,3.39E-05,3.28E-05,3.58E-05,5.39E-05,0.000118375,0.000329574,0.000941619,0.00269198,0.006647998,0.0117185,0.020385256,0.037457962,0.061799213,0.099173248,0.156499848,0.205841646,0.195650369,0.133909583,0.065587156
Head 1,176,3.26E-06,3.27E-06,5.28E-06,4.31E-06,4.11E-06,1.67E-06,2.73E-06,3.44E-06,7.71E-06,2.52E-06,2.26E-06,4.09E-06,3.45E-06,4.43E-06,3.22E-06,5.88E-06,1.11E-05,1.04E-05,5.34E-06,4.58E-06,8.73E-06,7.43E-06,1.88E-06,8.69E-07,5.12E-07,3.18E-07,2.01E-07,1.05E-07,5.19E-08,3.15E-08,2.90E-08,4.27E-08,1.98E-07,3.19E-07,1.97E-07,3.04E-07,4.34E-07,1.49E-06,2.74E-06,2.83E-06,4.51E-06,5.80E-06,4.75E-06,1.64E-06,1.52E-06,2.97E-06,2.52E-06,2.11E-06,1.74E-06,1.45E-06,1.30E-06,1.13E-06,1.13E-06,1.06E-06,1.00E-06,1.33E-06,2.23E-06,4.26E-06,8.04E-06,1.19E-05,1.39E-05,1.62E-05,2.10E-05,3.48E-05,5.98E-05,8.16E-05,7.25E-05,4.77E-05,2.89E-05,1.88E-05,1.40E-05,1.20E-05,1.11E-05,1.04E-05,1.06E-05,1.14E-05,1.42E-05,1.75E-05,2.08E-05,6.91E-06,1.09E-05,2.20E-05,7.00E-06,2.50E-06,1.94E-06,1.41E-06,1.12E-06,1.11E-06,1.20E-06,1.82E-06,2.46E-06,3.28E-06,4.07E-06,4.71E-06,4.18E-06,4.28E-06,5.49E-06,8.52E-06,1.47E-05,2.34E-05,3.25E-05,3.59E-05,2.69E-05,2.06E-05,1.74E-05,1.58E-05,1.91E-05,2.61E-05,3.11E-05,3.27E-05,3.17E-05,3.55E-05,5.36E-05,0.000112439,0.00029304,0.000910949,0.00274319,0.005594914,0.010923969,0.021362545,0.036120608,0.059314951,0.100696616,0.159299761,0.203739837,0.201593369,0.132893264,0.063187279
Head 1,177,3.47E-06,6.23E-06,5.30E-06,4.77E-06,1.68E-06,2.12E-06,2.63E-06,7.48E-06,3.21E-06,3.23E-06,5.38E-06,3.58E-06,3.58E-06,2.26E-06,4.81E-06,1.09E-05,1.10E-05,5.37E-06,5.51E-06,1.06E-05,1.02E-05,3.69E-06,1.58E-06,8.78E-07,5.18E-07,3.53E-07,2.10E-07,1.07E-07,5.33E-08,3.23E-08,3.04E-08,1.17E-07,1.91E-07,1.38E-07,2.31E-07,3.05E-07,9.19E-07,1.42E-06,1.42E-06,2.97E-06,5.28E-06,5.68E-06,2.12E-06,1.87E-06,3.32E-06,2.81E-06,2.55E-06,2.24E-06,1.83E-06,1.56E-06,1.31E-06,1.29E-06,1.18E-06,9.87E-07,1.05E-06,1.37E-06,2.27E-06,4.22E-06,7.89E-06,1.16E-05,1.42E-05,1.57E-05,2.15E-05,3.59E-05,6.19E-05,7.99E-05,7.18E-05,4.82E-05,2.87E-05,1.82E-05,1.40E-05,1.25E-05,1.14E-05,1.06E-05,1.01E-05,1.16E-05,1.42E-05,1.75E-05,4.83E-06,7.21E-06,1.63E-05,6.07E-06,2.24E-06,2.12E-06,1.82E-06,1.43E-06,1.13E-06,9.32E-07,1.21E-06,1.67E-06,2.49E-06,3.55E-06,4.69E-06,4.29E-06,4.00E-06,4.32E-06,5.54E-06,8.49E-06,1.38E-05,2.31E-05,3.41E-05,3.34E-05,2.83E-05,2.16E-05,1.57E-05,1.50E-05,1.87E-05,2.41E-05,2.97E-05,3.11E-05,3.11E-05,3.47E-05,5.03E-05,9.91E-05,0.000278431,0.000914759,0.002151821,0.004999432,0.011146305,0.020321533,0.034311783,0.059802007,0.102769688,0.156545162,0.211025372,0.202313289,0.128725991,0.063417971
Head 1,178,7.19E-06,6.52E-06,6.15E-06,2.27E-06,2.22E-06,2.22E-06,6.54E-06,3.32E-06,4.29E-06,8.05E-06,5.02E-06,3.93E-06,1.83E-06,3.69E-06,9.36E-06,1.08E-05,5.59E-06,6.60E-06,1.26E-05,1.20E-05,5.88E-06,2.92E-06,1.66E-06,9.05E-07,5.97E-07,3.84E-07,2.24E-07,1.15E-07,5.72E-08,3.62E-08,9.28E-08,1.23E-07,8.87E-08,1.71E-07,2.56E-07,7.50E-07,9.58E-07,7.47E-07,1.64E-06,3.65E-06,5.53E-06,2.76E-06,2.56E-06,4.21E-06,3.25E-06,2.93E-06,2.75E-06,2.37E-06,2.01E-06,1.63E-06,1.55E-06,1.41E-06,1.14E-06,1.08E-06,1.14E-06,1.48E-06,2.29E-06,4.48E-06,8.26E-06,1.26E-05,1.47E-05,1.73E-05,2.39E-05,4.04E-05,6.53E-05,8.52E-05,7.72E-05,5.13E-05,2.97E-05,1.94E-05,1.54E-05,1.34E-05,1.21E-05,1.07E-05,1.10E-05,1.24E-05,1.52E-05,3.67E-06,4.99E-06,1.08E-05,4.83E-06,1.83E-06,1.97E-06,2.21E-06,2.05E-06,1.58E-06,1.03E-06,1.04E-06,1.24E-06,1.85E-06,2.87E-06,4.47E-06,4.72E-06,4.53E-06,4.44E-06,4.79E-06,6.02E-06,8.65E-06,1.48E-05,2.62E-05,3.42E-05,3.73E-05,3.12E-05,2.08E-05,1.58E-05,1.58E-05,1.86E-05,2.50E-05,3.05E-05,3.31E-05,3.28E-05,3.53E-05,4.83E-05,0.00010188,0.000300987,0.000746816,0.002048557,0.005452462,0.011336597,0.02027484,0.035829626,0.062538363,0.101110443,0.162740886,0.212246925,0.193878636,0.127103642,0.063068695
Head 1,179,1.47E-05,1.68E-05,9.73E-06,4.87E-06,3.19E-06,4.92E-06,3.86E-06,4.72E-06,6.18E-06,3.52E-06,2.49E-06,1.61E-06,2.98E-06,6.29E-06,9.03E-06,6.46E-06,5.01E-06,6.53E-06,5.41E-06,4.62E-06,2.66E-06,1.43E-06,7.38E-07,5.32E-07,4.58E-07,3.89E-07,2.46E-07,1.10E-07,4.68E-08,7.42E-08,6.89E-08,6.18E-08,1.49E-07,2.57E-07,3.56E-07,4.32E-07,7.93E-07,1.82E-06,3.35E-06,9.27E-06,9.73E-06,9.29E-06,1.30E-05,1.10E-05,1.00E-05,8.61E-06,5.36E-06,3.02E-06,1.68E-06,1.27E-06,1.09E-06,8.60E-07,7.73E-07,7.02E-07,8.11E-07,1.47E-06,3.82E-06,9.89E-06,1.83E-05,1.90E-05,1.58E-05,1.52E-05,2.17E-05,3.92E-05,6.70E-05,7.87E-05,6.15E-05,3.93E-05,2.92E-05,2.78E-05,2.77E-05,2.48E-05,1.93E-05,1.75E-05,1.92E-05,2.49E-05,5.88E-06,6.15E-06,9.64E-06,4.01E-06,1.50E-06,2.04E-06,3.15E-06,3.57E-06,2.70E-06,1.29E-06,9.18E-07,7.45E-07,7.97E-07,8.63E-07,1.13E-06,1.19E-06,1.27E-06,1.41E-06,1.68E-06,2.17E-06,3.16E-06,5.80E-06,1.26E-05,2.23E-05,3.32E-05,3.30E-05,2.13E-05,1.36E-05,1.15E-05,1.32E-05,2.08E-05,3.28E-05,4.28E-05,4.09E-05,3.42E-05,3.18E-05,4.82E-05,0.000110194,0.000261105,0.000936197,0.00311917,0.007514916,0.014836459,0.025663489,0.038866006,0.051787511,0.077573769,0.121979602,0.16978389,0.185969189,0.137340873,0.162979782
Head 1,180,1.33E-05,6.62E-06,3.91E-06,1.94E-06,2.82E-06,1.53E-06,2.34E-06,6.15E-06,5.60E-06,4.31E-06,1.62E-06,2.37E-06,5.77E-06,9.76E-06,9.28E-06,1.11E-05,1.98E-05,1.62E-05,1.08E-05,7.73E-06,4.45E-06,1.80E-06,8.37E-07,4.55E-07,3.03E-07,2.08E-07,1.08E-07,4.49E-08,4.86E-08,3.06E-08,1.47E-08,2.67E-08,6.17E-08,1.94E-07,2.38E-07,1.84E-07,3.45E-07,7.74E-07,2.33E-06,3.27E-06,4.18E-06,8.58E-06,6.85E-06,5.78E-06,5.34E-06,4.39E-06,3.15E-06,1.89E-06,1.29E-06,9.57E-07,7.07E-07,6.09E-07,4.74E-07,3.61E-07,3.85E-07,5.73E-07,1.32E-06,3.47E-06,6.38E-06,7.84E-06,7.46E-06,8.35E-06,1.27E-05,2.61E-05,4.87E-05,6.35E-05,5.30E-05,3.79E-05,3.13E-05,3.01E-05,3.00E-05,2.64E-05,2.31E-05,2.10E-05,2.31E-05,5.03E-06,5.03E-06,6.53E-06,2.91E-06,9.11E-07,8.13E-07,1.19E-06,1.67E-06,1.78E-06,1.04E-06,7.19E-07,5.37E-07,5.87E-07,7.73E-07,1.35E-06,2.09E-06,3.03E-06,4.09E-06,5.10E-06,6.05E-06,7.31E-06,1.07E-05,2.04E-05,3.87E-05,7.27E-05,9.70E-05,7.64E-05,4.29E-05,2.32E-05,1.46E-05,1.40E-05,1.79E-05,2.47E-05,2.83E-05,2.54E-05,2.04E-05,2.15E-05,3.45E-05,6.76E-05,0.000213941,0.000794226,0.002432247,0.006279527,0.013830567,0.025565704,0.037388884,0.055019598,0.0818225,0.11747092,0.156005308,0.151257709,0.199701786,0.150842011
Head 1,181,5.16E-06,4.58E-06,2.44E-06,2.65E-06,9.06E-07,1.01E-06,3.12E-06,3.96E-06,4.13E-06,1.42E-06,1.35E-06,2.56E-06,3.53E-06,3.65E-06,6.34E-06,1.48E-05,1.32E-05,7.22E-06,6.80E-06,5.38E-06,2.92E-06,1.43E-06,6.39E-07,3.28E-07,2.18E-07,1.45E-07,8.12E-08,8.04E-08,3.70E-08,9.32E-09,9.08E-09,1.85E-08,8.61E-08,1.32E-07,8.74E-08,1.24E-07,2.18E-07,5.29E-07,9.27E-07,1.94E-06,5.67E-06,5.69E-06,4.74E-06,4.11E-06,3.67E-06,3.15E-06,2.21E-06,1.50E-06,9.60E-07,6.26E-07,5.29E-07,4.43E-07,3.30E-07,2.99E-07,2.62E-07,3.72E-07,8.76E-07,2.21E-06,4.38E-06,5.43E-06,5.32E-06,5.53E-06,8.59E-06,1.72E-05,3.28E-05,4.16E-05,3.53E-05,2.65E-05,2.13E-05,1.99E-05,1.92E-05,1.87E-05,1.64E-05,1.53E-05,3.45E-06,3.49E-06,4.38E-06,2.12E-06,7.49E-07,5.23E-07,6.36E-07,9.35E-07,1.35E-06,1.12E-06,8.41E-07,5.21E-07,4.17E-07,4.23E-07,6.16E-07,9.48E-07,1.53E-06,2.31E-06,3.14E-06,3.78E-06,4.28E-06,5.34E-06,8.44E-06,1.47E-05,3.08E-05,5.73E-05,7.16E-05,5.83E-05,3.50E-05,1.79E-05,1.18E-05,1.12E-05,1.45E-05,1.96E-05,2.18E-05,1.82E-05,1.55E-05,1.66E-05,2.09E-05,4.92E-05,0.000170259,0.000574207,0.001778701,0.004809828,0.010859495,0.018570308,0.029024508,0.042713244,0.060777679,0.092281543,0.123381063,0.233752877,0.264175266,0.116159655
Head 1,182,4.43E-06,3.37E-06,3.62E-06,1.04E-06,7.27E-07,1.85E-06,2.56E-06,3.69E-06,1.70E-06,1.45E-06,2.12E-06,1.95E-06,1.52E-06,3.34E-06,1.00E-05,1.14E-05,5.86E-06,5.88E-06,5.29E-06,3.90E-06,2.51E-06,1.18E-06,4.88E-07,2.53E-07,1.67E-07,1.20E-07,1.42E-07,6.52E-08,1.27E-08,6.08E-09,7.17E-09,3.51E-08,6.38E-08,4.97E-08,6.96E-08,1.01E-07,1.63E-07,2.23E-07,6.28E-07,2.68E-06,4.20E-06,4.38E-06,3.76E-06,3.23E-06,2.97E-06,2.45E-06,1.93E-06,1.23E-06,7.05E-07,5.25E-07,4.37E-07,3.51E-07,3.57E-07,2.35E-07,1.98E-07,2.90E-07,6.53E-07,1.74E-06,3.42E-06,4.31E-06,3.92E-06,4.21E-06,6.48E-06,1.33E-05,2.47E-05,3.16E-05,2.86E-05,2.14E-05,1.68E-05,1.49E-05,1.52E-05,1.42E-05,1.24E-05,2.78E-06,2.62E-06,3.35E-06,1.57E-06,6.78E-07,4.18E-07,3.66E-07,4.33E-07,6.71E-07,8.05E-07,8.29E-07,5.68E-07,3.93E-07,3.13E-07,3.39E-07,4.39E-07,7.02E-07,1.18E-06,1.82E-06,2.42E-06,2.81E-06,3.24E-06,4.30E-06,6.19E-06,1.15E-05,2.32E-05,4.02E-05,5.08E-05,4.36E-05,2.46E-05,1.31E-05,8.65E-06,8.39E-06,1.09E-05,1.45E-05,1.54E-05,1.39E-05,1.22E-05,1.04E-05,1.56E-05,4.00E-05,0.000124196,0.000423906,0.001380584,0.003884641,0.008233425,0.014914826,0.023211412,0.031974167,0.047794834,0.072633743,0.159710363,0.324110687,0.205596983,0.10527999
Head 1,183,2.82E-06,4.01E-06,1.36E-06,7.14E-07,1.19E-06,1.31E-06,2.07E-06,1.33E-06,1.41E-06,2.04E-06,1.38E-06,6.35E-07,1.30E-06,4.45E-06,6.77E-06,4.38E-06,4.55E-06,4.04E-06,3.48E-06,3.06E-06,1.89E-06,8.15E-07,3.39E-07,1.76E-07,1.22E-07,1.87E-07,1.01E-07,2.30E-08,7.25E-09,4.27E-09,1.44E-08,2.31E-08,2.00E-08,3.57E-08,5.62E-08,6.70E-08,5.57E-08,1.49E-07,7.62E-07,1.87E-06,3.06E-06,3.25E-06,2.75E-06,2.41E-06,2.11E-06,1.99E-06,1.46E-06,8.33E-07,5.44E-07,4.00E-07,3.24E-07,3.94E-07,2.69E-07,1.72E-07,1.50E-07,2.10E-07,5.04E-07,1.35E-06,2.73E-06,3.21E-06,3.02E-06,3.22E-06,5.02E-06,1.01E-05,1.90E-05,2.61E-05,2.35E-05,1.71E-05,1.28E-05,1.20E-05,1.19E-05,1.11E-05,2.67E-06,2.34E-06,3.04E-06,1.23E-06,6.33E-07,4.30E-07,2.98E-07,2.53E-07,3.17E-07,4.30E-07,6.08E-07,5.65E-07,4.29E-07,3.07E-07,2.49E-07,2.37E-07,3.20E-07,5.33E-07,9.05E-07,1.36E-06,1.76E-06,2.08E-06,2.54E-06,3.12E-06,4.79E-06,8.54E-06,1.64E-05,2.84E-05,3.81E-05,3.10E-05,1.82E-05,9.67E-06,6.44E-06,6.29E-06,7.98E-06,1.02E-05,1.15E-05,1.08E-05,7.99E-06,7.85E-06,1.28E-05,2.97E-05,9.41E-05,0.000335837,0.001137246,0.003026627,0.006840679,0.01255927,0.018421184,0.02680392,0.040230963,0.080982864,0.263437003,0.266463846,0.200143754,0.07898736
Head 1,184,4.26E-06,1.97E-06,1.15E-06,1.39E-06,1.07E-06,1.34E-06,8.72E-07,1.22E-06,2.35E-06,1.63E-06,5.02E-07,7.10E-07,2.17E-06,3.58E-06,3.19E-06,4.05E-06,3.68E-06,3.19E-06,3.24E-06,2.68E-06,1.53E-06,6.60E-07,2.84E-07,1.54E-07,2.64E-07,1.60E-07,4.68E-08,1.62E-08,6.23E-09,1.17E-08,1.22E-08,8.12E-09,1.74E-08,3.91E-08,4.64E-08,2.58E-08,4.94E-08,2.26E-07,6.44E-07,1.64E-06,2.69E-06,2.75E-06,2.41E-06,2.00E-06,2.01E-06,1.73E-06,1.12E-06,7.36E-07,4.75E-07,3.45E-07,4.22E-07,3.37E-07,2.26E-07,1.51E-07,1.26E-07,1.90E-07,4.56E-07,1.24E-06,2.30E-06,2.79E-06,2.64E-06,2.86E-06,4.36E-06,8.83E-06,1.76E-05,2.38E-05,2.10E-05,1.46E-05,1.16E-05,1.06E-05,1.05E-05,2.95E-06,2.68E-06,3.64E-06,1.20E-06,6.19E-07,5.30E-07,3.68E-07,2.53E-07,2.24E-07,2.53E-07,3.99E-07,5.07E-07,5.11E-07,4.12E-07,2.96E-07,2.09E-07,2.08E-07,2.91E-07,4.85E-07,8.08E-07,1.18E-06,1.55E-06,1.94E-06,2.22E-06,2.88E-06,4.19E-06,7.35E-06,1.38E-05,2.52E-05,3.18E-05,2.69E-05,1.57E-05,8.49E-06,5.76E-06,5.49E-06,6.72E-06,9.01E-06,1.06E-05,8.82E-06,7.14E-06,7.61E-06,1.13E-05,2.66E-05,8.73E-05,0.000320763,0.001020351,0.002883085,0.006522025,0.011078555,0.016845314,0.024641925,0.044496521,0.162646681,0.229968667,0.270204455,0.158857152,0.069965139
Head 1,185,3.03E-06,3.66E-06,7.07E-06,5.86E-06,5.64E-06,1.93E-06,2.74E-06,7.59E-06,6.54E-06,1.84E-06,1.78E-06,3.38E-06,2.62E-06,1.24E-06,2.67E-06,3.49E-06,3.85E-06,4.09E-06,3.74E-06,3.22E-06,2.61E-06,1.93E-06,1.26E-06,2.55E-06,1.44E-06,3.08E-07,1.77E-07,9.04E-08,1.26E-07,7.99E-08,2.17E-08,2.83E-08,7.73E-08,1.11E-07,4.57E-08,6.41E-08,2.61E-07,4.16E-07,8.92E-07,2.06E-06,3.56E-06,4.58E-06,4.02E-06,3.61E-06,3.04E-06,2.42E-06,2.38E-06,2.14E-06,1.76E-06,2.06E-06,1.59E-06,1.23E-06,1.00E-06,7.81E-07,7.45E-07,9.41E-07,1.67E-06,3.35E-06,6.71E-06,1.08E-05,1.33E-05,1.46E-05,1.84E-05,2.96E-05,4.84E-05,6.11E-05,5.10E-05,3.09E-05,1.61E-05,9.28E-06,1.70E-06,1.57E-06,2.18E-06,6.81E-07,3.10E-07,3.29E-07,3.07E-07,2.86E-07,2.62E-07,2.38E-07,3.56E-07,5.48E-07,8.46E-07,1.10E-06,1.10E-06,7.20E-07,4.89E-07,4.25E-07,5.03E-07,7.12E-07,1.00E-06,1.26E-06,1.36E-06,1.19E-06,1.12E-06,1.15E-06,1.48E-06,2.30E-06,4.36E-06,7.44E-06,1.09E-05,1.18E-05,1.01E-05,7.88E-06,6.64E-06,6.76E-06,8.73E-06,1.27E-05,1.41E-05,1.38E-05,1.26E-05,1.16E-05,1.52E-05,3.34E-05,0.000109347,0.00039659,0.001413522,0.00396061,0.008305179,0.015655184,0.029135166,0.036250073,0.082495242,0.134481952,0.203592554,0.189416051,0.142281219,0.15185234
Head 1,186,2.44E-06,5.47E-06,4.91E-06,4.76E-06,1.52E-06,1.59E-06,4.59E-06,4.71E-06,1.72E-06,1.93E-06,3.33E-06,1.95E-06,6.42E-07,1.23E-06,1.76E-06,2.42E-06,3.07E-06,3.00E-06,2.65E-06,2.31E-06,1.94E-06,1.48E-06,3.07E-06,1.94E-06,3.94E-07,2.22E-07,1.29E-07,1.69E-07,8.87E-08,1.86E-08,1.51E-08,3.82E-08,5.42E-08,2.40E-08,3.71E-08,1.39E-07,1.76E-07,3.04E-07,6.96E-07,1.49E-06,2.76E-06,3.33E-06,3.41E-06,2.75E-06,1.97E-06,1.88E-06,1.78E-06,1.62E-06,1.89E-06,1.47E-06,1.14E-06,9.37E-07,7.17E-07,5.99E-07,5.73E-07,7.40E-07,1.21E-06,2.52E-06,5.15E-06,8.25E-06,9.83E-06,1.10E-05,1.47E-05,2.32E-05,3.63E-05,4.49E-05,3.90E-05,2.34E-05,1.23E-05,1.50E-06,1.28E-06,1.90E-06,6.70E-07,2.44E-07,2.38E-07,2.42E-07,2.51E-07,2.25E-07,1.69E-07,2.00E-07,2.72E-07,4.42E-07,6.96E-07,9.56E-07,7.98E-07,5.46E-07,3.84E-07,3.39E-07,3.88E-07,5.29E-07,7.65E-07,1.01E-06,1.02E-06,9.59E-07,8.54E-07,8.71E-07,1.09E-06,1.83E-06,3.24E-06,5.87E-06,8.52E-06,9.55E-06,8.26E-06,6.32E-06,5.15E-06,5.32E-06,7.14E-06,8.72E-06,1.08E-05,1.15E-05,9.71E-06,9.09E-06,1.26E-05,2.84E-05,8.80E-05,0.000342352,0.00119332,0.003144129,0.006875749,0.013537281,0.023713073,0.043380927,0.076639235,0.134098649,0.157085806,0.161674961,0.261236846,0.116490953
Head 1,187,3.89E-06,3.84E-06,4.12E-06,1.50E-06,1.22E-06,2.98E-06,3.07E-06,1.30E-06,1.90E-06,3.77E-06,2.03E-06,4.93E-07,6.94E-07,8.63E-07,1.31E-06,2.01E-06,2.30E-06,2.16E-06,1.91E-06,1.68E-06,1.48E-06,3.11E-06,2.32E-06,5.28E-07,2.54E-07,1.60E-07,2.33E-07,1.16E-07,2.30E-08,1.24E-08,2.21E-08,2.61E-08,1.09E-08,1.93E-08,7.86E-08,9.10E-08,1.25E-07,2.34E-07,4.91E-07,1.15E-06,2.02E-06,2.83E-06,2.61E-06,1.78E-06,1.53E-06,1.41E-06,1.36E-06,1.65E-06,1.37E-06,1.07E-06,8.76E-07,6.82E-07,5.62E-07,4.68E-07,4.61E-07,5.41E-07,9.19E-07,1.95E-06,4.02E-06,6.20E-06,7.55E-06,8.94E-06,1.17E-05,1.76E-05,2.74E-05,3.56E-05,3.07E-05,1.88E-05,1.54E-06,1.03E-06,1.36E-06,5.98E-07,1.97E-07,1.61E-07,1.66E-07,1.90E-07,1.85E-07,1.33E-07,1.30E-07,1.40E-07,2.00E-07,3.17E-07,5.48E-07,6.51E-07,5.69E-07,4.06E-07,2.94E-07,2.51E-07,2.77E-07,3.91E-07,5.95E-07,7.31E-07,7.90E-07,7.07E-07,6.17E-07,6.13E-07,8.25E-07,1.28E-06,2.39E-06,4.24E-06,6.38E-06,7.20E-06,6.13E-06,4.55E-06,3.72E-06,3.99E-06,4.42E-06,6.35E-06,8.69E-06,8.61E-06,7.39E-06,7.25E-06,1.04E-05,2.20E-05,7.38E-05,0.000279318,0.000914027,0.002522191,0.005806963,0.014122438,0.021825429,0.040055558,0.076398946,0.101643547,0.134960905,0.307994932,0.201062292,0.091963962
Head 1,188,3.64E-06,4.34E-06,1.98E-06,1.58E-06,3.11E-06,2.85E-06,1.11E-06,1.81E-06,4.82E-06,3.05E-06,7.06E-07,7.37E-07,6.50E-07,8.37E-07,1.38E-06,1.95E-06,2.18E-06,2.07E-06,1.81E-06,1.70E-06,3.56E-06,3.13E-06,9.50E-07,4.05E-07,2.52E-07,4.34E-07,2.19E-07,4.50E-08,2.14E-08,2.53E-08,2.23E-08,7.06E-09,1.21E-08,5.86E-08,7.28E-08,9.21E-08,1.36E-07,2.29E-07,5.10E-07,1.10E-06,2.20E-06,2.81E-06,2.21E-06,1.83E-06,1.50E-06,1.38E-06,1.65E-06,1.55E-06,1.30E-06,1.08E-06,8.36E-07,6.91E-07,5.59E-07,4.87E-07,4.39E-07,5.43E-07,9.27E-07,1.96E-06,3.85E-06,6.08E-06,7.98E-06,9.39E-06,1.17E-05,1.72E-05,2.74E-05,3.50E-05,3.11E-05,2.51E-06,1.28E-06,1.28E-06,6.64E-07,2.37E-07,1.59E-07,1.53E-07,1.76E-07,1.91E-07,1.51E-07,1.37E-07,1.23E-07,1.43E-07,1.91E-07,3.32E-07,5.13E-07,6.38E-07,5.86E-07,4.39E-07,3.08E-07,2.53E-07,2.85E-07,4.18E-07,5.88E-07,7.80E-07,8.10E-07,7.03E-07,6.05E-07,6.43E-07,7.86E-07,1.28E-06,2.34E-06,4.23E-06,6.44E-06,7.16E-06,5.95E-06,4.47E-06,3.77E-06,3.33E-06,4.38E-06,6.77E-06,8.55E-06,8.60E-06,7.74E-06,7.91E-06,1.04E-05,2.36E-05,7.55E-05,0.000263933,0.000903827,0.002597917,0.007837345,0.011201394,0.020868113,0.042175174,0.059413791,0.091651268,0.253499538,0.248892352,0.16677475,0.093484782
Head 1,189,3.37E-06,1.80E-06,1.74E-06,2.96E-06,2.45E-06,8.28E-07,1.18E-06,3.95E-06,3.27E-06,9.14E-07,8.68E-07,5.64E-07,5.29E-07,7.53E-07,1.17E-06,1.61E-06,1.80E-06,1.68E-06,1.62E-06,3.31E-06,3.16E-06,1.34E-06,5.73E-07,3.52E-07,6.81E-07,3.54E-07,7.47E-08,3.77E-08,3.18E-08,2.13E-08,4.96E-09,6.48E-09,3.32E-08,4.57E-08,6.17E-08,8.35E-08,1.15E-07,2.07E-07,4.34E-07,1.08E-06,1.99E-06,2.15E-06,2.04E-06,1.61E-06,1.34E-06,1.44E-06,1.43E-06,1.32E-06,1.17E-06,9.23E-07,7.62E-07,6.21E-07,5.27E-07,4.17E-07,3.93E-07,4.85E-07,8.45E-07,1.74E-06,3.48E-06,5.88E-06,7.60E-06,8.37E-06,1.03E-05,1.58E-05,2.49E-05,3.28E-05,3.95E-06,1.81E-06,1.32E-06,6.86E-07,2.84E-07,1.62E-07,1.34E-07,1.40E-07,1.58E-07,1.43E-07,1.38E-07,1.16E-07,1.15E-07,1.23E-07,1.77E-07,2.83E-07,4.52E-07,5.83E-07,5.58E-07,3.98E-07,2.68E-07,2.26E-07,2.66E-07,3.61E-07,5.46E-07,6.96E-07,6.95E-07,6.02E-07,5.57E-07,5.42E-07,7.01E-07,1.12E-06,2.09E-06,3.93E-06,5.92E-06,6.44E-06,5.39E-06,4.10E-06,2.93E-06,3.00E-06,4.23E-06,6.07E-06,7.78E-06,8.19E-06,7.69E-06,7.26E-06,1.03E-05,2.26E-05,6.69E-05,0.000246534,0.000870655,0.003486175,0.005301517,0.010545409,0.022999421,0.033828575,0.056320392,0.167588979,0.222000152,0.220294386,0.178227112,0.07792227
Head 1,190,1.46E-06,1.80E-06,3.13E-06,2.57E-06,8.05E-07,8.57E-07,2.94E-06,2.96E-06,1.07E-06,1.19E-06,7.05E-07,4.87E-07,5.03E-07,6.81E-07,1.03E-06,1.41E-06,1.54E-06,1.57E-06,3.24E-06,3.03E-06,1.58E-06,8.08E-07,5.22E-07,1.08E-06,5.93E-07,1.18E-07,6.65E-08,4.93E-08,2.78E-08,5.18E-09,4.49E-09,1.97E-08,2.69E-08,4.01E-08,5.74E-08,7.32E-08,1.06E-07,1.79E-07,4.38E-07,1.00E-06,1.58E-06,2.04E-06,1.85E-06,1.48E-06,1.34E-06,1.28E-06,1.26E-06,1.22E-06,1.03E-06,8.55E-07,6.98E-07,5.95E-07,4.62E-07,3.79E-07,3.54E-07,4.45E-07,7.55E-07,1.58E-06,3.40E-06,5.70E-06,6.84E-06,7.45E-06,9.49E-06,1.44E-05,2.35E-05,5.51E-06,2.97E-06,1.89E-06,8.41E-07,3.93E-07,2.07E-07,1.39E-07,1.21E-07,1.27E-07,1.25E-07,1.31E-07,1.16E-07,1.11E-07,1.04E-07,1.16E-07,1.54E-07,2.53E-07,4.19E-07,5.64E-07,5.14E-07,3.54E-07,2.43E-07,2.14E-07,2.34E-07,3.41E-07,4.99E-07,6.06E-07,6.07E-07,5.65E-07,4.80E-07,4.91E-07,6.25E-07,1.00E-06,1.96E-06,3.64E-06,5.41E-06,5.91E-06,4.99E-06,3.37E-06,2.66E-06,2.88E-06,3.77E-06,5.51E-06,7.38E-06,8.11E-06,7.10E-06,7.15E-06,9.98E-06,2.03E-05,6.38E-05,0.000240039,0.001292597,0.00218505,0.004945568,0.012115401,0.01914796,0.033680823,0.09926948,0.153810903,0.202044532,0.244358853,0.155669391,0.070924707
Head 1,191,1.65E-06,3.30E-06,2.99E-06,1.04E-06,8.69E-07,2.50E-06,2.57E-06,1.04E-06,1.48E-06,1.06E-06,6.79E-07,5.16E-07,5.00E-07,6.49E-07,9.68E-07,1.30E-06,1.56E-06,3.55E-06,3.16E-06,1.62E-06,1.09E-06,8.03E-07,1.73E-06,1.08E-06,2.04E-07,1.15E-07,9.16E-08,4.81E-08,8.50E-09,5.30E-09,1.65E-08,1.87E-08,2.71E-08,4.22E-08,5.80E-08,7.75E-08,1.04E-07,2.07E-07,4.54E-07,8.80E-07,1.63E-06,2.03E-06,1.88E-06,1.56E-06,1.31E-06,1.22E-06,1.26E-06,1.17E-06,1.05E-06,8.74E-07,7.36E-07,5.76E-07,4.57E-07,3.76E-07,3.58E-07,4.43E-07,7.63E-07,1.69E-06,3.57E-06,5.57E-06,6.70E-06,7.65E-06,9.66E-06,1.51E-05,6.37E-06,4.95E-06,3.65E-06,1.35E-06,6.67E-07,3.55E-07,1.99E-07,1.39E-07,1.24E-07,1.17E-07,1.28E-07,1.23E-07,1.25E-07,1.18E-07,1.11E-07,1.13E-07,1.54E-07,2.63E-07,4.54E-07,5.86E-07,5.21E-07,3.66E-07,2.64E-07,2.15E-07,2.51E-07,3.53E-07,4.90E-07,6.03E-07,6.49E-07,5.59E-07,4.95E-07,4.95E-07,6.26E-07,1.06E-06,2.05E-06,3.78E-06,5.54E-06,6.09E-06,4.77E-06,3.47E-06,2.90E-06,2.93E-06,3.92E-06,5.94E-06,8.25E-06,8.49E-06,7.86E-06,7.81E-06,1.00E-05,2.14E-05,6.82E-05,0.000409222,0.000787773,0.002123487,0.006007052,0.010488143,0.019522773,0.058138035,0.094826184,0.142109573,0.229623958,0.218002155,0.144981757,0.07267151
Head 1,192,3.18E-06,3.18E-06,1.32E-06,1.08E-06,2.49E-06,2.29E-06,8.58E-07,1.37E-06,1.34E-06,1.04E-06,7.22E-07,5.11E-07,4.85E-07,6.30E-07,9.31E-07,1.33E-06,3.73E-06,3.44E-06,1.57E-06,1.34E-06,1.12E-06,2.47E-06,1.85E-06,3.77E-07,1.90E-07,1.79E-07,9.26E-08,1.64E-08,8.77E-09,1.86E-08,1.57E-08,1.87E-08,2.80E-08,4.19E-08,5.94E-08,7.23E-08,1.16E-07,2.05E-07,3.86E-07,8.88E-07,1.60E-06,2.04E-06,1.86E-06,1.51E-06,1.27E-06,1.26E-06,1.25E-06,1.24E-06,1.11E-06,9.48E-07,7.43E-07,5.89E-07,4.72E-07,3.83E-07,3.53E-07,4.38E-07,7.92E-07,1.72E-06,3.41E-06,5.26E-06,6.54E-06,7.34E-06,9.59E-06,4.88E-06,5.58E-06,6.01E-06,2.11E-06,1.06E-06,6.33E-07,3.21E-07,1.88E-07,1.33E-07,1.08E-07,1.11E-07,1.10E-07,1.21E-07,1.27E-07,1.19E-07,9.74E-08,1.00E-07,1.42E-07,2.52E-07,4.20E-07,5.28E-07,4.79E-07,3.56E-07,2.39E-07,2.09E-07,2.37E-07,3.18E-07,4.47E-07,5.87E-07,5.89E-07,5.27E-07,4.55E-07,4.55E-07,6.04E-07,1.01E-06,1.96E-06,3.52E-06,5.25E-06,5.30E-06,4.49E-06,3.44E-06,2.68E-06,2.80E-06,3.89E-06,6.15E-06,8.07E-06,8.78E-06,8.05E-06,7.39E-06,9.96E-06,2.17E-05,0.000106327,0.000216051,0.000703653,0.002424053,0.004995113,0.010380061,0.032211486,0.053975079,0.084979385,0.161608711,0.20739226,0.209454477,0.153120592,0.078206964
Head 1,193,2.88E-06,1.41E-06,1.36E-06,2.71E-06,2.24E-06,7.42E-07,1.02E-06,1.22E-06,1.27E-06,1.06E-06,6.85E-07,4.85E-07,4.61E-07,5.91E-07,9.01E-07,3.04E-06,3.24E-06,1.43E-06,1.45E-06,1.29E-06,2.73E-06,2.39E-06,6.51E-07,2.96E-07,3.17E-07,1.66E-07,2.93E-08,1.62E-08,2.58E-08,1.68E-08,1.52E-08,1.89E-08,2.74E-08,4.28E-08,5.60E-08,8.39E-08,1.21E-07,1.83E-07,4.08E-07,8.97E-07,1.62E-06,1.92E-06,1.81E-06,1.46E-06,1.28E-06,1.19E-06,1.23E-06,1.22E-06,1.12E-06,8.98E-07,7.14E-07,5.81E-07,4.58E-07,3.67E-07,3.51E-07,4.70E-07,8.41E-07,1.74E-06,3.38E-06,5.40E-06,6.67E-06,7.87E-06,3.47E-06,4.91E-06,7.88E-06,3.21E-06,1.62E-06,1.15E-06,6.13E-07,3.30E-07,1.92E-07,1.26E-07,1.11E-07,1.06E-07,1.20E-07,1.40E-07,1.49E-07,1.17E-07,9.82E-08,1.07E-07,1.57E-07,2.69E-07,4.33E-07,5.52E-07,5.23E-07,3.60E-07,2.58E-07,2.18E-07,2.35E-07,3.16E-07,4.71E-07,5.82E-07,6.07E-07,5.32E-07,4.66E-07,4.84E-07,6.37E-07,1.09E-06,2.01E-06,3.64E-06,4.74E-06,5.43E-06,4.76E-06,3.40E-06,2.78E-06,2.98E-06,4.30E-06,6.34E-06,8.74E-06,9.36E-06,7.96E-06,7.67E-06,1.08E-05,3.21E-05,5.98E-05,0.000215048,0.000889938,0.002234259,0.005382543,0.018411724,0.031806938,0.050811347,0.101402327,0.149206817,0.199327499,0.215387434,0.156578153,0.068056084
Head 1,194,1.27E-06,1.54E-06,3.26E-06,2.62E-06,8.05E-07,8.36E-07,9.60E-07,1.22E-06,1.37E-06,1.05E-06,6.89E-07,4.89E-07,4.58E-07,6.00E-07,2.27E-06,2.81E-06,1.28E-06,1.56E-06,1.42E-06,2.99E-06,2.78E-06,1.01E-06,4.66E-07,5.53E-07,3.14E-07,5.05E-08,3.00E-08,4.48E-08,2.44E-08,1.68E-08,1.56E-08,1.84E-08,2.81E-08,4.04E-08,6.41E-08,8.46E-08,1.02E-07,1.84E-07,3.95E-07,8.74E-07,1.35E-06,1.80E-06,1.70E-06,1.46E-06,1.22E-06,1.21E-06,1.25E-06,1.27E-06,1.09E-06,8.94E-07,7.36E-07,5.84E-07,4.45E-07,3.64E-07,3.66E-07,4.73E-07,8.08E-07,1.62E-06,3.27E-06,5.17E-06,6.66E-06,2.09E-06,3.00E-06,6.39E-06,3.43E-06,1.81E-06,1.62E-06,1.07E-06,6.16E-07,3.24E-07,1.71E-07,1.22E-07,1.00E-07,1.06E-07,1.24E-07,1.53E-07,1.32E-07,1.05E-07,9.15E-08,1.02E-07,1.45E-07,2.39E-07,3.96E-07,5.33E-07,4.76E-07,3.55E-07,2.49E-07,2.01E-07,2.18E-07,3.11E-07,4.38E-07,5.64E-07,5.77E-07,5.19E-07,4.64E-07,4.75E-07,6.34E-07,1.01E-06,1.87E-06,2.73E-06,4.36E-06,5.22E-06,4.32E-06,3.26E-06,2.72E-06,3.07E-06,4.15E-06,6.56E-06,9.03E-06,9.04E-06,8.04E-06,8.21E-06,1.24E-05,1.67E-05,5.49E-05,0.000248073,0.000753921,0.002237489,0.008632002,0.016663326,0.028392237,0.05838858,0.089498334,0.139141023,0.206947848,0.227692127,0.143179402,0.077969179
Head 1,195,1.27E-06,3.04E-06,2.62E-06,9.22E-07,7.49E-07,6.94E-07,8.38E-07,1.13E-06,1.17E-06,9.12E-07,6.00E-07,4.19E-07,4.04E-07,1.36E-06,1.75E-06,9.09E-07,1.37E-06,1.35E-06,2.83E-06,2.57E-06,1.17E-06,6.32E-07,7.48E-07,4.98E-07,7.82E-08,4.67E-08,7.37E-08,3.71E-08,2.15E-08,1.54E-08,1.35E-08,1.71E-08,2.45E-08,4.26E-08,6.06E-08,6.78E-08,9.99E-08,1.75E-07,3.74E-07,6.53E-07,1.25E-06,1.64E-06,1.64E-06,1.32E-06,1.16E-06,1.12E-06,1.18E-06,1.12E-06,9.89E-07,8.36E-07,6.76E-07,5.20E-07,4.12E-07,3.59E-07,3.55E-07,4.49E-07,7.48E-07,1.59E-06,3.16E-06,5.21E-06,1.39E-06,1.76E-06,3.74E-06,2.74E-06,1.60E-06,1.71E-06,1.53E-06,1.08E-06,6.01E-07,2.81E-07,1.65E-07,1.11E-07,1.01E-07,1.07E-07,1.41E-07,1.41E-07,1.25E-07,1.04E-07,9.48E-08,1.02E-07,1.41E-07,2.40E-07,4.15E-07,5.21E-07,4.97E-07,3.57E-07,2.38E-07,1.93E-07,2.21E-07,2.96E-07,4.33E-07,5.46E-07,5.77E-07,5.23E-07,4.67E-07,4.89E-07,6.18E-07,9.86E-07,1.40E-06,2.72E-06,4.46E-06,5.00E-06,4.35E-06,3.32E-06,2.93E-06,3.05E-06,4.42E-06,6.92E-06,8.77E-06,9.10E-06,8.63E-06,7.57E-06,6.62E-06,1.63E-05,6.67E-05,0.000221158,0.000797923,0.003593248,0.008368406,0.016185516,0.03510214,0.053968731,0.086510167,0.150196195,0.219410419,0.202068299,0.157570079,0.065762602
Head 1,196,2.91E-06,2.74E-06,1.16E-06,9.20E-07,6.90E-07,6.62E-07,8.54E-07,1.08E-06,1.13E-06,8.84E-07,5.63E-07,4.09E-07,1.08E-06,1.19E-06,6.07E-07,1.12E-06,1.31E-06,3.09E-06,2.70E-06,1.26E-06,8.61E-07,9.66E-07,7.91E-07,1.34E-07,7.61E-08,1.42E-07,7.06E-08,3.77E-08,2.25E-08,1.50E-08,1.39E-08,1.64E-08,2.75E-08,4.30E-08,5.11E-08,6.92E-08,9.83E-08,1.70E-07,2.68E-07,6.19E-07,1.17E-06,1.63E-06,1.55E-06,1.33E-06,1.17E-06,1.17E-06,1.17E-06,1.14E-06,1.02E-06,8.55E-07,6.69E-07,5.32E-07,4.43E-07,3.74E-07,3.53E-07,4.26E-07,7.49E-07,1.56E-06,3.22E-06,9.17E-07,1.04E-06,1.88E-06,1.69E-06,1.14E-06,1.35E-06,1.61E-06,1.53E-06,1.06E-06,5.16E-07,2.73E-07,1.52E-07,1.13E-07,9.64E-08,1.18E-07,1.28E-07,1.31E-07,1.20E-07,1.05E-07,9.12E-08,9.54E-08,1.35E-07,2.40E-07,3.87E-07,5.21E-07,4.83E-07,3.33E-07,2.24E-07,1.92E-07,2.06E-07,2.88E-07,4.13E-07,5.36E-07,5.69E-07,5.17E-07,4.65E-07,4.64E-07,5.77E-07,6.74E-07,1.32E-06,2.63E-06,4.09E-06,4.88E-06,4.31E-06,3.51E-06,2.84E-06,3.18E-06,4.59E-06,6.63E-06,8.77E-06,9.71E-06,6.74E-06,3.75E-06,6.15E-06,1.86E-05,5.52E-05,0.00021741,0.001059834,0.003158899,0.007574933,0.018903498,0.030659877,0.050178561,0.092843369,0.158724144,0.197759971,0.23121129,0.139792874,0.067695662
Head 1,197,2.60E-06,1.14E-06,8.55E-07,5.05E-07,3.46E-07,3.67E-07,5.10E-07,7.44E-07,8.55E-07,6.71E-07,4.72E-07,8.95E-07,8.58E-07,5.61E-07,1.11E-06,1.45E-06,2.96E-06,2.18E-06,9.30E-07,6.57E-07,5.39E-07,4.31E-07,8.40E-08,4.07E-08,7.14E-08,3.46E-08,1.79E-08,9.69E-09,5.15E-09,3.51E-09,3.22E-09,4.89E-09,8.41E-09,1.21E-08,1.73E-08,2.26E-08,3.20E-08,4.58E-08,1.16E-07,3.11E-07,6.76E-07,9.06E-07,9.20E-07,8.21E-07,8.18E-07,8.52E-07,9.10E-07,8.81E-07,7.74E-07,6.28E-07,5.30E-07,4.78E-07,4.01E-07,3.25E-07,2.87E-07,3.87E-07,7.31E-07,1.65E-06,4.01E-07,4.21E-07,6.33E-07,4.58E-07,2.73E-07,3.28E-07,5.32E-07,7.69E-07,8.53E-07,5.81E-07,3.80E-07,2.23E-07,1.68E-07,1.31E-07,1.52E-07,1.80E-07,2.18E-07,2.36E-07,2.13E-07,1.52E-07,1.08E-07,9.84E-08,1.31E-07,2.04E-07,3.30E-07,3.93E-07,3.13E-07,2.00E-07,1.40E-07,1.21E-07,1.58E-07,2.60E-07,4.51E-07,6.83E-07,8.17E-07,8.28E-07,8.05E-07,8.54E-07,1.03E-06,1.80E-06,3.62E-06,6.48E-06,9.65E-06,9.51E-06,7.13E-06,4.20E-06,3.13E-06,3.39E-06,4.79E-06,7.86E-06,1.17E-05,1.16E-05,3.60E-06,4.16E-06,8.75E-06,2.08E-05,8.04E-05,0.00049955,0.001750458,0.004738109,0.01307459,0.020952394,0.031321257,0.05255314,0.083732188,0.120747812,0.191807225,0.187212512,0.134573728,0.156783715
Head 1,198,1.09E-06,1.10E-06,7.50E-07,4.52E-07,3.43E-07,3.49E-07,4.76E-07,6.90E-07,7.65E-07,6.35E-07,1.04E-06,7.34E-07,3.34E-07,6.32E-07,9.92E-07,2.64E-06,2.38E-06,1.00E-06,8.02E-07,5.69E-07,4.85E-07,1.34E-07,6.60E-08,1.21E-07,6.07E-08,3.09E-08,1.64E-08,8.39E-09,4.70E-09,3.09E-09,3.33E-09,4.73E-09,7.10E-09,1.19E-08,1.71E-08,2.15E-08,2.48E-08,4.51E-08,1.11E-07,3.07E-07,6.28E-07,9.02E-07,9.03E-07,8.19E-07,7.54E-07,7.88E-07,8.30E-07,8.09E-07,6.94E-07,5.83E-07,5.29E-07,4.67E-07,3.79E-07,2.91E-07,2.88E-07,3.85E-07,7.32E-07,2.80E-07,3.49E-07,4.81E-07,3.14E-07,2.02E-07,2.13E-07,3.25E-07,5.24E-07,7.78E-07,7.30E-07,5.74E-07,3.42E-07,2.33E-07,1.54E-07,1.42E-07,1.42E-07,1.72E-07,2.17E-07,2.49E-07,2.11E-07,1.49E-07,1.07E-07,1.02E-07,1.28E-07,2.12E-07,3.30E-07,3.78E-07,3.05E-07,2.06E-07,1.36E-07,1.23E-07,1.57E-07,2.59E-07,4.59E-07,6.94E-07,8.34E-07,8.33E-07,7.77E-07,7.76E-07,1.05E-06,1.81E-06,3.38E-06,6.53E-06,9.47E-06,1.00E-05,6.78E-06,4.23E-06,3.18E-06,3.22E-06,4.77E-06,8.28E-06,1.20E-05,3.59E-06,3.40E-06,4.74E-06,7.25E-06,2.08E-05,0.000117163,0.000462613,0.001596009,0.005739729,0.011315841,0.018999327,0.032561235,0.049848985,0.070705369,0.119954735,0.151977301,0.164514169,0.245619029,0.126430348
Head 1,199,1.14E-06,1.01E-06,7.01E-07,4.63E-07,3.32E-07,3.28E-07,4.49E-07,6.42E-07,7.35E-07,1.40E-06,8.84E-07,2.70E-07,3.92E-07,5.85E-07,1.90E-06,2.28E-06,1.09E-06,9.92E-07,6.77E-07,5.41E-07,1.88E-07,1.07E-07,2.04E-07,1.13E-07,5.77E-08,3.00E-08,1.55E-08,8.16E-09,4.32E-09,3.29E-09,3.26E-09,4.05E-09,6.99E-09,1.18E-08,1.61E-08,1.79E-08,2.31E-08,4.10E-08,1.06E-07,2.80E-07,6.15E-07,8.72E-07,8.79E-07,7.44E-07,6.98E-07,7.36E-07,7.82E-07,7.42E-07,6.44E-07,5.76E-07,5.14E-07,4.37E-07,3.37E-07,2.82E-07,2.70E-07,3.60E-07,1.69E-07,2.63E-07,4.30E-07,2.41E-07,1.62E-07,1.57E-07,1.94E-07,2.89E-07,4.92E-07,6.34E-07,6.77E-07,4.83E-07,3.38E-07,2.14E-07,1.64E-07,1.27E-07,1.29E-07,1.61E-07,2.15E-07,2.33E-07,1.98E-07,1.39E-07,1.05E-07,9.57E-08,1.26E-07,1.98E-07,2.99E-07,3.43E-07,2.89E-07,1.83E-07,1.26E-07,1.12E-07,1.44E-07,2.45E-07,4.30E-07,6.50E-07,7.68E-07,7.41E-07,6.71E-07,7.12E-07,9.65E-07,1.55E-06,3.17E-06,5.97E-06,9.43E-06,9.15E-06,6.44E-06,4.06E-06,2.85E-06,3.00E-06,4.67E-06,9.00E-06,3.15E-06,3.16E-06,3.57E-06,3.63E-06,6.70E-06,2.88E-05,9.95E-05,0.000379663,0.001728996,0.00446579,0.009339207,0.018163444,0.029007094,0.040689986,0.0679323,0.093911812,0.132267669,0.286891937,0.2051806,0.109792799
Head 1,200,1.07E-06,9.64E-07,7.31E-07,4.56E-07,3.18E-07,3.15E-07,4.34E-07,6.24E-07,1.68E-06,1.25E-06,3.27E-07,3.40E-07,3.75E-07,1.20E-06,1.72E-06,1.06E-06,1.19E-06,9.20E-07,6.58E-07,2.33E-07,1.59E-07,3.08E-07,2.04E-07,1.14E-07,5.87E-08,2.99E-08,1.57E-08,7.76E-09,4.81E-09,3.33E-09,2.88E-09,4.07E-09,7.02E-09,1.12E-08,1.47E-08,1.68E-08,2.12E-08,3.95E-08,9.72E-08,2.77E-07,6.09E-07,8.72E-07,8.27E-07,7.17E-07,6.86E-07,7.21E-07,7.50E-07,7.23E-07,6.69E-07,5.88E-07,5.05E-07,4.06E-07,3.35E-07,2.72E-07,2.60E-07,1.05E-07,1.80E-07,3.90E-07,1.95E-07,1.37E-07,1.39E-07,1.41E-07,1.71E-07,2.70E-07,4.13E-07,6.00E-07,5.79E-07,4.78E-07,3.32E-07,2.35E-07,1.46E-07,1.15E-07,1.20E-07,1.57E-07,1.98E-07,2.14E-07,1.79E-07,1.31E-07,9.53E-08,8.95E-08,1.11E-07,1.75E-07,2.61E-07,3.12E-07,2.49E-07,1.66E-07,1.12E-07,1.01E-07,1.33E-07,2.25E-07,3.98E-07,5.89E-07,6.80E-07,6.42E-07,5.93E-07,6.37E-07,8.03E-07,1.44E-06,2.83E-06,5.82E-06,8.42E-06,8.47E-06,6.05E-06,3.59E-06,2.61E-06,2.93E-06,5.23E-06,2.19E-06,2.73E-06,3.24E-06,2.72E-06,3.31E-06,1.03E-05,2.38E-05,7.87E-05,0.000396376,0.001318975,0.003617589,0.00868607,0.015768519,0.02328027,0.038961194,0.053559203,0.082102418,0.238391325,0.242076576,0.183388978,0.108239986
Head 1,201,1.16E-06,1.13E-06,7.98E-07,4.85E-07,3.38E-07,3.42E-07,4.60E-07,1.70E-06,1.70E-06,5.15E-07,4.56E-07,3.52E-07,9.11E-07,1.22E-06,8.61E-07,1.28E-06,1.37E-06,9.88E-07,3.08E-07,2.33E-07,4.46E-07,3.53E-07,2.36E-07,1.30E-07,6.51E-08,3.41E-08,1.68E-08,9.79E-09,5.46E-09,3.27E-09,3.21E-09,4.48E-09,7.34E-09,1.13E-08,1.47E-08,1.63E-08,2.14E-08,3.74E-08,9.96E-08,2.85E-07,6.34E-07,8.52E-07,8.29E-07,7.44E-07,7.08E-07,7.33E-07,7.87E-07,8.12E-07,7.36E-07,6.26E-07,5.07E-07,4.31E-07,3.43E-07,2.78E-07,7.45E-08,1.18E-07,3.18E-07,1.49E-07,1.04E-07,1.28E-07,1.26E-07,1.28E-07,1.60E-07,2.30E-07,3.97E-07,5.25E-07,5.71E-07,4.91E-07,3.77E-07,2.12E-07,1.34E-07,1.10E-07,1.19E-07,1.47E-07,1.85E-07,1.96E-07,1.68E-07,1.20E-07,8.82E-08,7.77E-08,9.83E-08,1.50E-07,2.33E-07,2.65E-07,2.21E-07,1.43E-07,9.89E-08,9.16E-08,1.20E-07,2.07E-07,3.56E-07,5.20E-07,5.80E-07,5.48E-07,5.17E-07,5.19E-07,7.34E-07,1.25E-06,2.70E-06,5.08E-06,7.72E-06,7.93E-06,5.36E-06,3.27E-06,2.58E-06,3.16E-06,1.30E-06,1.90E-06,2.76E-06,2.49E-06,2.47E-06,6.02E-06,8.10E-06,1.80E-05,7.81E-05,0.000289129,0.001013889,0.003168168,0.007094858,0.011907754,0.02160172,0.029701615,0.045347963,0.149643049,0.198172718,0.220278755,0.186636195,0.124945708
Head 1,202,1.18E-06,1.08E-06,7.53E-07,4.60E-07,3.30E-07,3.23E-07,1.24E-06,1.52E-06,6.31E-07,6.38E-07,4.23E-07,8.03E-07,7.96E-07,5.01E-07,9.25E-07,1.42E-06,1.26E-06,3.86E-07,2.96E-07,5.18E-07,4.38E-07,3.55E-07,2.33E-07,1.22E-07,6.36E-08,3.14E-08,1.83E-08,9.58E-09,4.59E-09,3.20E-09,3.12E-09,4.21E-09,6.44E-09,1.05E-08,1.34E-08,1.58E-08,1.96E-08,3.74E-08,9.95E-08,2.89E-07,5.95E-07,8.17E-07,8.18E-07,7.19E-07,6.62E-07,7.08E-07,8.09E-07,8.13E-07,7.22E-07,5.80E-07,4.98E-07,4.15E-07,3.37E-07,5.95E-08,7.75E-08,2.12E-07,9.84E-08,6.29E-08,9.63E-08,1.15E-07,1.18E-07,1.21E-07,1.37E-07,2.27E-07,3.59E-07,5.16E-07,5.76E-07,5.49E-07,3.33E-07,1.90E-07,1.26E-07,1.07E-07,1.10E-07,1.36E-07,1.70E-07,1.85E-07,1.58E-07,1.14E-07,7.85E-08,7.28E-08,8.83E-08,1.40E-07,2.07E-07,2.47E-07,2.00E-07,1.33E-07,9.32E-08,8.56E-08,1.14E-07,1.89E-07,3.23E-07,4.58E-07,5.15E-07,4.97E-07,4.42E-07,4.98E-07,6.68E-07,1.25E-06,2.43E-06,4.83E-06,7.38E-06,7.10E-06,4.88E-06,3.27E-06,2.72E-06,8.50E-07,1.17E-06,1.95E-06,2.19E-06,2.34E-06,5.66E-06,5.00E-06,6.59E-06,1.92E-05,6.20E-05,0.000242547,0.000973211,0.002830023,0.005777898,0.012116511,0.017558333,0.026535846,0.083199896,0.125472888,0.180687368,0.221457794,0.20959571,0.113375366
Head 1,203,1.09E-06,9.86E-07,6.94E-07,4.34E-07,3.05E-07,9.35E-07,1.10E-06,5.47E-07,7.32E-07,5.78E-07,9.55E-07,6.84E-07,2.94E-07,5.27E-07,1.05E-06,1.28E-06,4.72E-07,3.83E-07,6.23E-07,4.83E-07,4.26E-07,3.42E-07,2.08E-07,1.16E-07,5.81E-08,3.35E-08,1.76E-08,7.81E-09,4.47E-09,3.09E-09,2.92E-09,3.52E-09,5.98E-09,9.56E-09,1.31E-08,1.44E-08,1.95E-08,3.69E-08,1.00E-07,2.66E-07,5.64E-07,7.95E-07,7.84E-07,6.60E-07,6.28E-07,7.13E-07,7.89E-07,7.80E-07,6.56E-07,5.61E-07,4.73E-07,4.01E-07,5.13E-08,5.40E-08,1.23E-07,5.82E-08,3.14E-08,5.30E-08,8.64E-08,1.11E-07,1.12E-07,9.95E-08,1.35E-07,2.07E-07,3.50E-07,4.91E-07,6.26E-07,4.82E-07,2.96E-07,1.78E-07,1.22E-07,9.86E-08,1.02E-07,1.26E-07,1.61E-07,1.75E-07,1.49E-07,1.00E-07,7.45E-08,6.54E-08,8.33E-08,1.25E-07,1.95E-07,2.24E-07,1.88E-07,1.26E-07,8.76E-08,8.14E-08,1.05E-07,1.73E-07,2.88E-07,4.13E-07,4.72E-07,4.31E-07,4.27E-07,4.56E-07,6.76E-07,1.13E-06,2.35E-06,4.68E-06,6.71E-06,6.52E-06,4.97E-06,3.55E-06,7.60E-07,7.90E-07,1.22E-06,1.59E-06,2.12E-06,6.11E-06,4.84E-06,4.23E-06,7.34E-06,1.58E-05,5.37E-05,0.000242811,0.0009083,0.002382257,0.006134795,0.010028493,0.01592645,0.044307783,0.070454769,0.115441233,0.184454426,0.252688646,0.193650052,0.103218675
Head 1,204,2.96E-07,2.51E-07,1.55E-07,8.73E-08,1.95E-07,1.90E-07,9.77E-08,1.47E-07,1.62E-07,3.59E-07,2.48E-07,7.17E-08,1.08E-07,2.62E-07,4.06E-07,1.84E-07,1.87E-07,3.56E-07,2.66E-07,2.30E-07,1.90E-07,1.20E-07,6.80E-08,3.44E-08,2.01E-08,1.10E-08,5.01E-09,2.52E-09,1.31E-09,8.29E-10,7.69E-10,1.10E-09,1.98E-09,3.50E-09,4.63E-09,6.11E-09,9.60E-09,2.31E-08,6.77E-08,2.00E-07,4.20E-07,5.67E-07,5.38E-07,4.90E-07,5.01E-07,5.02E-07,4.47E-07,3.43E-07,2.66E-07,2.14E-07,1.85E-07,2.14E-08,1.64E-08,2.53E-08,1.31E-08,7.01E-09,1.17E-08,2.47E-08,4.39E-08,5.69E-08,5.13E-08,6.00E-08,7.85E-08,1.29E-07,2.01E-07,3.26E-07,3.71E-07,3.18E-07,2.21E-07,1.40E-07,8.49E-08,6.09E-08,5.61E-08,6.59E-08,8.19E-08,8.97E-08,7.28E-08,5.25E-08,3.58E-08,3.21E-08,3.69E-08,5.56E-08,7.80E-08,8.67E-08,6.93E-08,4.59E-08,3.28E-08,3.08E-08,4.06E-08,6.48E-08,1.09E-07,1.65E-07,2.01E-07,2.30E-07,2.45E-07,3.09E-07,4.19E-07,7.87E-07,1.79E-06,3.72E-06,5.91E-06,6.49E-06,4.25E-06,9.33E-07,6.62E-07,7.46E-07,8.75E-07,1.29E-06,3.16E-06,3.22E-06,2.82E-06,3.72E-06,5.40E-06,1.33E-05,5.14E-05,0.000213275,0.00071929,0.002614906,0.005813207,0.01149884,0.033483706,0.050141163,0.077124871,0.129748985,0.223287329,0.235577539,0.161205038,0.068447039
Head 1,205,3.13E-07,2.61E-07,1.68E-07,2.95E-07,2.05E-07,7.24E-08,1.03E-07,1.54E-07,4.66E-07,3.63E-07,8.38E-08,8.60E-08,1.76E-07,2.75E-07,1.59E-07,2.18E-07,5.16E-07,3.73E-07,2.99E-07,2.59E-07,1.96E-07,1.33E-07,7.34E-08,4.25E-08,2.28E-08,1.07E-08,5.78E-09,2.89E-09,1.43E-09,9.70E-10,8.38E-10,1.15E-09,2.16E-09,3.58E-09,5.17E-09,6.59E-09,1.07E-08,2.31E-08,6.99E-08,2.07E-07,4.41E-07,5.75E-07,5.66E-07,5.52E-07,5.52E-07,5.38E-07,4.69E-07,3.83E-07,2.93E-07,2.39E-07,2.82E-08,1.91E-08,2.14E-08,1.02E-08,4.78E-09,5.86E-09,1.19E-08,2.57E-08,4.55E-08,4.92E-08,5.43E-08,5.78E-08,8.15E-08,1.20E-07,2.11E-07,3.10E-07,3.59E-07,3.21E-07,2.37E-07,1.42E-07,8.70E-08,6.20E-08,5.84E-08,6.72E-08,8.25E-08,8.50E-08,7.40E-08,5.08E-08,3.67E-08,3.07E-08,3.72E-08,5.39E-08,7.77E-08,8.67E-08,6.95E-08,4.62E-08,3.26E-08,3.03E-08,3.94E-08,6.46E-08,1.10E-07,1.57E-07,2.05E-07,2.28E-07,2.65E-07,2.97E-07,4.32E-07,8.11E-07,1.71E-06,3.63E-06,6.31E-06,6.62E-06,1.55E-06,9.13E-07,7.24E-07,6.27E-07,8.66E-07,2.05E-06,2.77E-06,2.80E-06,3.16E-06,3.06E-06,4.73E-06,1.31E-05,4.87E-05,0.000176528,0.000752513,0.002071608,0.005222782,0.016771078,0.028497145,0.046456724,0.08067096,0.156602517,0.215943262,0.225232095,0.14863959,0.07284379
Head 1,206,2.71E-07,2.36E-07,4.29E-07,2.58E-07,6.37E-08,6.13E-08,9.14E-08,3.69E-07,3.89E-07,1.05E-07,8.42E-08,1.25E-07,1.49E-07,8.41E-08,1.54E-07,5.06E-07,4.30E-07,3.38E-07,2.76E-07,2.23E-07,1.77E-07,1.16E-07,7.40E-08,3.94E-08,1.81E-08,1.01E-08,5.34E-09,2.56E-09,1.62E-09,8.78E-10,7.36E-10,1.07E-09,1.90E-09,3.44E-09,4.85E-09,6.47E-09,9.54E-09,2.14E-08,6.48E-08,1.94E-07,3.99E-07,5.33E-07,5.60E-07,5.31E-07,5.01E-07,4.73E-07,4.32E-07,3.47E-07,2.70E-07,3.64E-08,2.33E-08,2.19E-08,9.50E-09,4.18E-09,3.53E-09,5.23E-09,1.07E-08,2.39E-08,3.65E-08,4.77E-08,4.79E-08,5.67E-08,7.07E-08,1.15E-07,1.87E-07,2.77E-07,3.33E-07,3.17E-07,2.19E-07,1.32E-07,7.98E-08,5.87E-08,5.48E-08,6.29E-08,7.33E-08,8.06E-08,6.75E-08,4.91E-08,3.33E-08,2.95E-08,3.46E-08,5.13E-08,7.50E-08,8.34E-08,6.66E-08,4.36E-08,3.03E-08,2.89E-08,3.74E-08,6.13E-08,9.77E-08,1.51E-07,1.93E-07,2.33E-07,2.45E-07,2.91E-07,4.26E-07,7.49E-07,1.63E-06,3.75E-06,6.69E-06,2.28E-06,1.50E-06,9.96E-07,6.01E-07,6.16E-07,1.18E-06,1.85E-06,2.46E-06,3.17E-06,2.65E-06,2.75E-06,4.80E-06,1.29E-05,4.25E-05,0.000194183,0.000640448,0.002016231,0.007723621,0.015351992,0.027737156,0.04992957,0.099826425,0.150874004,0.205357954,0.219767228,0.153914809,0.066559248
Head 1,207,2.71E-07,6.46E-07,4.26E-07,9.30E-08,5.70E-08,6.03E-08,2.59E-07,3.45E-07,1.33E-07,1.13E-07,1.44E-07,1.18E-07,4.57E-08,8.87E-08,3.99E-07,4.63E-07,4.27E-07,3.48E-07,2.75E-07,2.28E-07,1.72E-07,1.32E-07,7.73E-08,3.53E-08,1.93E-08,1.05E-08,5.44E-09,3.79E-09,1.66E-09,8.69E-10,7.62E-10,1.05E-09,2.01E-09,3.54E-09,5.18E-09,6.26E-09,9.49E-09,2.13E-08,6.46E-08,1.87E-07,3.91E-07,5.61E-07,5.78E-07,5.19E-07,4.79E-07,4.73E-07,4.27E-07,3.50E-07,5.91E-08,3.73E-08,3.43E-08,1.27E-08,5.66E-09,3.66E-09,3.46E-09,5.06E-09,1.07E-08,2.15E-08,3.80E-08,4.45E-08,5.02E-08,5.41E-08,7.27E-08,1.08E-07,1.75E-07,2.69E-07,3.44E-07,3.09E-07,2.17E-07,1.29E-07,8.05E-08,5.90E-08,5.45E-08,5.93E-08,7.35E-08,7.81E-08,6.93E-08,4.75E-08,3.40E-08,2.91E-08,3.47E-08,5.27E-08,7.63E-08,8.47E-08,6.68E-08,4.32E-08,3.25E-08,2.96E-08,3.82E-08,5.77E-08,9.92E-08,1.50E-07,2.07E-07,2.29E-07,2.50E-07,2.99E-07,4.08E-07,7.36E-07,1.74E-06,4.45E-06,2.41E-06,2.27E-06,1.70E-06,8.57E-07,6.18E-07,8.28E-07,1.09E-06,1.67E-06,2.75E-06,2.67E-06,2.39E-06,2.77E-06,4.63E-06,1.11E-05,4.51E-05,0.000160291,0.000600401,0.00285998,0.006852163,0.014530222,0.028830925,0.060194489,0.092605658,0.140825778,0.216605633,0.229247093,0.140998214,0.065585159
Head 1,208,8.21E-07,6.69E-07,1.72E-07,8.65E-08,5.95E-08,2.00E-07,2.60E-07,1.27E-07,1.48E-07,2.17E-07,1.43E-07,3.51E-08,5.25E-08,2.55E-07,3.80E-07,4.74E-07,4.54E-07,3.64E-07,2.89E-07,2.24E-07,2.01E-07,1.39E-07,6.87E-08,3.78E-08,2.01E-08,1.09E-08,8.29E-09,3.87E-09,1.65E-09,9.12E-10,7.64E-10,1.13E-09,2.13E-09,3.88E-09,5.16E-09,6.42E-09,9.88E-09,2.20E-08,6.43E-08,1.89E-07,4.25E-07,5.96E-07,5.86E-07,5.13E-07,4.94E-07,4.80E-07,4.44E-07,1.01E-07,6.76E-08,6.71E-08,2.05E-08,9.21E-09,5.58E-09,3.66E-09,3.42E-09,5.17E-09,1.03E-08,2.30E-08,3.62E-08,4.77E-08,5.17E-08,5.87E-08,6.97E-08,1.04E-07,1.75E-07,2.85E-07,3.46E-07,3.15E-07,2.17E-07,1.33E-07,8.28E-08,5.97E-08,5.21E-08,6.04E-08,7.21E-08,8.08E-08,6.76E-08,4.86E-08,3.35E-08,2.90E-08,3.57E-08,5.34E-08,7.77E-08,8.48E-08,6.65E-08,5.03E-08,3.43E-08,3.10E-08,3.67E-08,6.00E-08,1.00E-07,1.63E-07,2.08E-07,2.39E-07,2.64E-07,2.94E-07,4.09E-07,8.03E-07,2.37E-06,1.67E-06,2.36E-06,2.52E-06,1.45E-06,8.79E-07,9.11E-07,7.77E-07,9.91E-07,1.84E-06,2.36E-06,2.45E-06,2.44E-06,2.70E-06,4.08E-06,1.19E-05,3.80E-05,0.000152458,0.000877347,0.002584343,0.006662315,0.015385962,0.035248596,0.056015793,0.08720053,0.158594117,0.226087466,0.208339348,0.13728027,0.065476194
Head 1,209,8.46E-07,2.78E-07,1.62E-07,8.98E-08,2.06E-07,2.03E-07,9.06E-08,1.37E-07,3.00E-07,2.15E-07,4.18E-08,4.10E-08,1.61E-07,2.41E-07,3.86E-07,5.01E-07,4.74E-07,3.82E-07,2.80E-07,2.61E-07,2.08E-07,1.19E-07,7.27E-08,3.83E-08,2.05E-08,1.47E-08,8.27E-09,3.81E-09,1.71E-09,9.00E-10,8.13E-10,1.19E-09,2.30E-09,3.84E-09,5.26E-09,6.72E-09,1.02E-08,2.19E-08,6.57E-08,2.07E-07,4.52E-07,6.10E-07,5.77E-07,5.28E-07,5.00E-07,5.00E-07,1.47E-07,1.15E-07,1.32E-07,3.48E-08,1.45E-08,9.56E-09,5.44E-09,3.62E-09,3.44E-09,4.93E-09,1.10E-08,2.20E-08,3.83E-08,5.03E-08,5.70E-08,5.57E-08,6.68E-08,1.04E-07,1.85E-07,2.86E-07,3.48E-07,3.11E-07,2.19E-07,1.35E-07,8.29E-08,5.64E-08,5.32E-08,5.90E-08,7.41E-08,7.85E-08,6.85E-08,4.74E-08,3.30E-08,2.97E-08,3.60E-08,5.46E-08,7.68E-08,8.36E-08,8.12E-08,5.24E-08,3.55E-08,2.95E-08,3.79E-08,6.03E-08,1.08E-07,1.63E-07,2.16E-07,2.51E-07,2.59E-07,2.93E-07,4.51E-07,1.37E-06,9.06E-07,1.66E-06,2.59E-06,2.16E-06,1.49E-06,1.55E-06,8.54E-07,7.05E-07,1.09E-06,1.60E-06,2.18E-06,2.50E-06,2.37E-06,2.39E-06,4.43E-06,1.02E-05,3.66E-05,0.000223797,0.000799776,0.002559821,0.007174699,0.019046832,0.033345088,0.053632952,0.10137663,0.167510137,0.208705559,0.204343721,0.137434274,0.063755609
Head 1,210,3.61E-07,2.91E-07,1.82E-07,3.28E-07,2.32E-07,7.06E-08,1.02E-07,3.51E-07,3.34E-07,7.33E-08,5.37E-08,1.49E-07,1.68E-07,2.71E-07,4.55E-07,5.79E-07,5.59E-07,4.15E-07,3.66E-07,2.99E-07,1.95E-07,1.41E-07,8.08E-08,4.36E-08,2.54E-08,1.61E-08,8.98E-09,4.39E-09,1.88E-09,1.06E-09,9.40E-10,1.40E-09,2.48E-09,4.22E-09,5.94E-09,7.40E-09,1.07E-08,2.36E-08,7.54E-08,2.29E-07,4.86E-07,6.29E-07,6.29E-07,5.69E-07,5.61E-07,1.76E-07,1.72E-07,2.41E-07,6.36E-08,2.27E-08,1.67E-08,1.02E-08,6.09E-09,3.99E-09,3.47E-09,5.75E-09,1.14E-08,2.44E-08,4.24E-08,5.88E-08,5.60E-08,5.51E-08,6.92E-08,1.12E-07,1.91E-07,2.95E-07,3.57E-07,3.28E-07,2.34E-07,1.42E-07,8.24E-08,6.08E-08,5.43E-08,6.32E-08,7.49E-08,8.23E-08,6.89E-08,4.84E-08,3.47E-08,3.08E-08,3.80E-08,5.45E-08,7.67E-08,1.06E-07,8.60E-08,5.55E-08,3.48E-08,3.16E-08,3.96E-08,6.72E-08,1.11E-07,1.76E-07,2.35E-07,2.54E-07,2.65E-07,3.35E-07,1.01E-06,4.83E-07,9.15E-07,1.81E-06,2.24E-06,2.24E-06,2.99E-06,1.44E-06,7.74E-07,7.74E-07,9.43E-07,1.48E-06,2.21E-06,2.43E-06,2.09E-06,2.61E-06,3.75E-06,9.63E-06,4.95E-05,0.000194914,0.000762315,0.002657977,0.008547636,0.017551426,0.031035518,0.058822833,0.104952507,0.155282006,0.206633553,0.206142768,0.136917561,0.070395119
Head 1,211,3.39E-07,2.89E-07,5.30E-07,3.21E-07,6.99E-08,6.93E-08,2.83E-07,3.38E-07,1.07E-07,8.15E-08,1.70E-07,1.34E-07,1.63E-07,2.75E-07,4.45E-07,5.84E-07,5.25E-07,4.67E-07,3.64E-07,2.40E-07,1.99E-07,1.33E-07,7.91E-08,3.87E-08,2.44E-08,1.52E-08,8.94E-09,4.12E-09,1.90E-09,1.07E-09,9.87E-10,1.36E-09,2.48E-09,4.37E-09,6.06E-09,7.29E-09,1.11E-08,2.62E-08,8.00E-08,2.35E-07,4.70E-07,6.42E-07,6.29E-07,5.85E-07,1.55E-07,1.74E-07,2.89E-07,9.38E-08,2.91E-08,2.18E-08,1.55E-08,1.03E-08,5.94E-09,3.48E-09,3.72E-09,5.68E-09,1.20E-08,2.52E-08,4.79E-08,5.67E-08,5.50E-08,5.73E-08,7.54E-08,1.17E-07,1.94E-07,2.98E-07,3.68E-07,3.37E-07,2.36E-07,1.35E-07,8.46E-08,5.98E-08,5.68E-08,6.30E-08,7.79E-08,8.26E-08,7.08E-08,5.10E-08,3.68E-08,3.38E-08,3.91E-08,5.60E-08,9.83E-08,1.15E-07,9.28E-08,5.50E-08,3.74E-08,3.30E-08,4.38E-08,6.79E-08,1.20E-07,1.90E-07,2.38E-07,2.60E-07,3.07E-07,9.11E-07,3.11E-07,5.23E-07,1.06E-06,1.66E-06,2.46E-06,4.68E-06,2.93E-06,1.39E-06,9.19E-07,7.19E-07,9.30E-07,1.58E-06,2.26E-06,2.25E-06,2.42E-06,2.35E-06,3.80E-06,1.29E-05,4.68E-05,0.000203777,0.000872152,0.003479657,0.008633523,0.01753426,0.033171099,0.063229166,0.101382427,0.157658026,0.205909967,0.198802784,0.144098356,0.064917751
Head 1,212,3.41E-07,8.36E-07,5.41E-07,1.03E-07,6.51E-08,2.38E-07,2.86E-07,1.17E-07,1.20E-07,2.56E-07,1.62E-07,1.35E-07,1.74E-07,2.85E-07,4.85E-07,6.01E-07,6.35E-07,5.00E-07,3.13E-07,2.65E-07,2.04E-07,1.43E-07,6.49E-08,3.95E-08,2.41E-08,1.60E-08,8.92E-09,4.44E-09,2.00E-09,1.15E-09,9.49E-10,1.32E-09,2.46E-09,4.28E-09,5.65E-09,7.01E-09,1.13E-08,2.54E-08,7.62E-08,2.15E-07,4.65E-07,6.27E-07,6.35E-07,1.23E-07,1.37E-07,2.50E-07,1.18E-07,3.78E-08,2.64E-08,2.09E-08,1.63E-08,1.03E-08,5.07E-09,3.61E-09,3.51E-09,5.56E-09,1.10E-08,2.57E-08,4.18E-08,4.92E-08,4.95E-08,5.39E-08,6.73E-08,1.03E-07,1.73E-07,2.75E-07,3.41E-07,3.10E-07,2.06E-07,1.27E-07,7.68E-08,5.73E-08,5.08E-08,5.81E-08,6.88E-08,7.46E-08,6.46E-08,4.67E-08,3.46E-08,2.92E-08,3.32E-08,5.56E-08,8.73E-08,1.02E-07,7.60E-08,4.89E-08,3.25E-08,3.08E-08,3.76E-08,6.34E-08,1.12E-07,1.64E-07,2.06E-07,2.54E-07,6.74E-07,1.83E-07,2.65E-07,4.89E-07,7.77E-07,1.49E-06,3.50E-06,3.75E-06,2.35E-06,1.38E-06,6.97E-07,5.76E-07,8.17E-07,1.34E-06,1.76E-06,2.18E-06,1.80E-06,1.95E-06,3.70E-06,9.92E-06,4.00E-05,0.00019153,0.000952243,0.002955838,0.007352524,0.014418688,0.031888079,0.057052232,0.099761486,0.154305756,0.199846312,0.218357071,0.140500411,0.07232479
Head 1,213,1.18E-06,9.24E-07,2.14E-07,1.10E-07,2.84E-07,2.72E-07,1.06E-07,1.45E-07,3.87E-07,2.67E-07,1.80E-07,1.59E-07,1.98E-07,3.34E-07,5.31E-07,7.59E-07,7.21E-07,4.62E-07,3.68E-07,2.87E-07,2.27E-07,1.13E-07,7.22E-08,4.21E-08,2.74E-08,1.71E-08,1.02E-08,4.96E-09,2.36E-09,1.26E-09,1.09E-09,1.55E-09,2.88E-09,4.79E-09,6.56E-09,8.77E-09,1.36E-08,2.97E-08,8.31E-08,2.48E-07,5.18E-07,7.15E-07,1.27E-07,1.22E-07,2.04E-07,1.35E-07,5.38E-08,3.48E-08,2.77E-08,2.37E-08,1.79E-08,9.73E-09,5.82E-09,3.88E-09,4.06E-09,5.86E-09,1.30E-08,2.70E-08,4.41E-08,5.45E-08,5.87E-08,6.05E-08,7.43E-08,1.14E-07,1.96E-07,3.07E-07,3.75E-07,3.21E-07,2.26E-07,1.36E-07,8.74E-08,6.15E-08,5.70E-08,6.30E-08,7.64E-08,8.33E-08,7.30E-08,5.47E-08,3.79E-08,3.14E-08,4.05E-08,6.50E-08,1.00E-07,1.08E-07,8.68E-08,5.50E-08,3.95E-08,3.40E-08,4.49E-08,7.59E-08,1.23E-07,1.83E-07,2.57E-07,5.29E-07,1.46E-07,1.93E-07,3.21E-07,4.53E-07,8.95E-07,2.06E-06,3.60E-06,3.81E-06,2.99E-06,1.33E-06,7.15E-07,6.55E-07,8.83E-07,1.32E-06,2.10E-06,2.02E-06,1.89E-06,2.10E-06,3.64E-06,1.07E-05,4.64E-05,0.000255816,0.000964562,0.002959884,0.006157144,0.015560022,0.030916806,0.059093013,0.099326037,0.147815615,0.212995008,0.201618165,0.148824885,0.073409662
Head 1,214,1.27E-06,3.70E-07,2.20E-07,4.35E-07,3.20E-07,9.06E-08,1.25E-07,4.44E-07,4.02E-07,2.94E-07,2.09E-07,1.81E-07,2.30E-07,3.65E-07,6.66E-07,8.67E-07,6.80E-07,5.45E-07,4.03E-07,3.22E-07,1.72E-07,1.25E-07,7.60E-08,4.69E-08,2.89E-08,1.92E-08,1.11E-08,5.70E-09,2.50E-09,1.37E-09,1.19E-09,1.70E-09,3.02E-09,5.16E-09,7.60E-09,9.79E-09,1.46E-08,2.99E-08,8.98E-08,2.60E-07,5.56E-07,1.34E-07,1.18E-07,1.68E-07,1.30E-07,7.32E-08,4.79E-08,3.62E-08,3.02E-08,2.57E-08,1.71E-08,1.07E-08,5.93E-09,4.35E-09,4.10E-09,6.53E-09,1.31E-08,2.70E-08,4.57E-08,6.03E-08,6.08E-08,6.20E-08,7.61E-08,1.19E-07,2.05E-07,3.17E-07,3.66E-07,3.32E-07,2.29E-07,1.46E-07,8.81E-08,6.43E-08,5.74E-08,6.42E-08,7.86E-08,8.67E-08,7.83E-08,5.50E-08,3.68E-08,3.38E-08,4.26E-08,6.66E-08,9.47E-08,1.10E-07,8.73E-08,5.99E-08,3.92E-08,3.67E-08,4.94E-08,7.56E-08,1.25E-07,2.05E-07,3.15E-07,9.99E-08,1.30E-07,2.08E-07,2.62E-07,4.65E-07,8.53E-07,1.89E-06,3.25E-06,4.32E-06,2.56E-06,1.21E-06,7.25E-07,6.24E-07,7.78E-07,1.38E-06,1.75E-06,1.89E-06,1.59E-06,1.87E-06,3.51E-06,1.10E-05,5.56E-05,0.00023249,0.000874531,0.00207803,0.006122357,0.013906544,0.030283153,0.056650653,0.091997087,0.154173538,0.195358768,0.216476068,0.151436612,0.080299526
Head 1,215,4.32E-07,3.54E-07,6.72E-07,4.41E-07,9.23E-08,9.54E-08,3.72E-07,4.26E-07,4.08E-07,3.12E-07,2.20E-07,1.93E-07,2.31E-07,4.17E-07,6.94E-07,7.57E-07,7.26E-07,5.46E-07,4.11E-07,2.16E-07,1.75E-07,1.20E-07,7.71E-08,4.54E-08,2.96E-08,1.91E-08,1.17E-08,5.56E-09,2.51E-09,1.38E-09,1.21E-09,1.69E-09,3.08E-09,5.66E-09,8.13E-09,1.01E-08,1.42E-08,3.12E-08,9.03E-08,2.66E-07,1.25E-07,1.25E-07,1.61E-07,1.14E-07,8.62E-08,6.38E-08,4.62E-08,3.53E-08,3.02E-08,2.36E-08,1.74E-08,9.98E-09,6.29E-09,4.27E-09,4.31E-09,6.25E-09,1.25E-08,2.67E-08,4.85E-08,6.01E-08,6.06E-08,6.16E-08,7.79E-08,1.21E-07,2.06E-07,3.00E-07,3.68E-07,3.26E-07,2.39E-07,1.43E-07,8.97E-08,6.30E-08,5.67E-08,6.47E-08,8.01E-08,9.08E-08,7.78E-08,5.26E-08,3.97E-08,3.58E-08,4.33E-08,6.22E-08,9.54E-08,1.09E-07,9.35E-08,5.89E-08,4.17E-08,4.02E-08,4.87E-08,7.68E-08,1.38E-07,1.75E-07,6.47E-08,8.70E-08,1.41E-07,1.71E-07,2.70E-07,3.92E-07,8.02E-07,1.70E-06,3.69E-06,3.73E-06,2.33E-06,1.24E-06,6.96E-07,5.66E-07,8.28E-07,1.19E-06,1.69E-06,1.49E-06,1.50E-06,1.91E-06,3.77E-06,1.38E-05,5.27E-05,0.000219431,0.00063017,0.002154891,0.005575121,0.013849696,0.029514052,0.052574925,0.09486036,0.140252486,0.207371533,0.213351607,0.161857635,0.077679977
Head 1,216,4.18E-07,9.46E-07,6.70E-07,1.31E-07,9.45E-08,3.09E-07,3.53E-07,4.23E-07,4.20E-07,3.21E-07,2.29E-07,1.88E-07,2.57E-07,4.26E-07,6.05E-07,7.91E-07,7.21E-07,5.52E-07,2.71E-07,2.17E-07,1.68E-07,1.22E-07,7.49E-08,4.64E-08,2.95E-08,1.97E-08,1.13E-08,5.48E-09,2.49E-09,1.39E-09,1.20E-09,1.71E-09,3.34E-09,6.00E-09,8.31E-09,9.83E-09,1.49E-08,3.19E-08,9.37E-08,8.74E-08,1.28E-07,1.89E-07,1.08E-07,9.27E-08,8.34E-08,6.15E-08,4.41E-08,3.50E-08,2.83E-08,2.37E-08,1.57E-08,1.05E-08,6.40E-09,4.53E-09,4.12E-09,5.99E-09,1.25E-08,2.86E-08,4.90E-08,6.11E-08,6.14E-08,6.44E-08,8.12E-08,1.25E-07,1.98E-07,3.10E-07,3.65E-07,3.41E-07,2.36E-07,1.46E-07,8.82E-08,6.26E-08,5.79E-08,6.69E-08,8.51E-08,9.19E-08,7.59E-08,5.89E-08,4.38E-08,3.78E-08,4.20E-08,6.54E-08,9.81E-08,1.20E-07,9.41E-08,6.33E-08,4.63E-08,4.01E-08,5.02E-08,8.49E-08,9.99E-08,4.06E-08,5.81E-08,9.75E-08,1.23E-07,1.83E-07,2.43E-07,3.89E-07,7.53E-07,2.03E-06,3.35E-06,3.54E-06,2.48E-06,1.22E-06,6.57E-07,6.18E-07,7.38E-07,1.17E-06,1.30E-06,1.43E-06,1.55E-06,2.07E-06,4.77E-06,1.34E-05,5.10E-05,0.000171576,0.000677505,0.00201301,0.005680479,0.013912139,0.028130796,0.055052198,0.088257089,0.149892151,0.202947542,0.226129919,0.154226556,0.072802313
Head 1,217,1.11E-06,9.14E-07,2.08E-07,1.27E-07,3.09E-07,2.86E-07,3.43E-07,4.26E-07,4.23E-07,3.24E-07,2.16E-07,2.05E-07,2.57E-07,3.69E-07,6.19E-07,7.74E-07,7.14E-07,3.54E-07,2.62E-07,2.04E-07,1.67E-07,1.16E-07,7.49E-08,4.57E-08,2.98E-08,1.89E-08,1.10E-08,5.39E-09,2.43E-09,1.33E-09,1.17E-09,1.78E-09,3.41E-09,5.93E-09,7.81E-09,9.92E-09,1.46E-08,3.20E-08,4.00E-08,9.38E-08,2.02E-07,1.02E-07,8.55E-08,9.56E-08,7.81E-08,5.74E-08,4.25E-08,3.22E-08,2.78E-08,2.10E-08,1.60E-08,1.08E-08,6.76E-09,4.13E-09,3.77E-09,5.74E-09,1.27E-08,2.75E-08,4.73E-08,5.84E-08,6.04E-08,6.35E-08,7.94E-08,1.14E-07,1.97E-07,2.93E-07,3.64E-07,3.25E-07,2.32E-07,1.38E-07,8.45E-08,6.12E-08,5.72E-08,6.81E-08,8.18E-08,8.54E-08,7.78E-08,6.09E-08,4.29E-08,3.41E-08,4.17E-08,6.32E-08,1.01E-07,1.13E-07,9.47E-08,6.58E-08,4.36E-08,3.92E-08,5.28E-08,5.58E-08,2.28E-08,3.52E-08,6.09E-08,8.16E-08,1.23E-07,1.81E-07,2.27E-07,3.41E-07,8.57E-07,1.77E-06,3.06E-06,3.60E-06,2.30E-06,1.10E-06,6.86E-07,5.33E-07,6.97E-07,9.13E-07,1.21E-06,1.44E-06,1.62E-06,2.49E-06,4.50E-06,1.26E-05,4.14E-05,0.000179357,0.000615762,0.001996894,0.005630213,0.013230151,0.029456623,0.051756196,0.094176844,0.148461282,0.21865648,0.219868764,0.14724566,0.068630666
Head 1,218,1.19E-06,3.17E-07,2.17E-07,4.37E-07,3.13E-07,3.01E-07,3.71E-07,4.51E-07,4.50E-07,3.24E-07,2.49E-07,2.17E-07,2.40E-07,4.02E-07,6.51E-07,8.26E-07,4.96E-07,3.67E-07,2.68E-07,2.22E-07,1.72E-07,1.26E-07,8.00E-08,4.98E-08,3.10E-08,1.98E-08,1.17E-08,5.63E-09,2.49E-09,1.40E-09,1.30E-09,1.93E-09,3.57E-09,5.84E-09,8.18E-09,1.01E-08,1.52E-08,1.47E-08,4.68E-08,1.66E-07,9.22E-08,7.17E-08,9.78E-08,9.52E-08,7.91E-08,5.91E-08,4.18E-08,3.46E-08,2.70E-08,2.28E-08,1.81E-08,1.26E-08,6.51E-09,3.99E-09,3.80E-09,6.06E-09,1.27E-08,2.75E-08,4.65E-08,5.87E-08,6.07E-08,6.27E-08,7.23E-08,1.14E-07,1.85E-07,2.90E-07,3.47E-07,3.20E-07,2.20E-07,1.35E-07,8.31E-08,6.12E-08,5.93E-08,6.59E-08,7.69E-08,7.92E-08,7.85E-08,5.84E-08,3.81E-08,3.36E-08,3.96E-08,6.39E-08,9.35E-08,1.12E-07,9.63E-08,6.08E-08,4.16E-08,4.07E-08,3.25E-08,1.23E-08,2.02E-08,3.59E-08,5.09E-08,8.02E-08,1.44E-07,1.59E-07,1.92E-07,3.82E-07,7.34E-07,1.58E-06,3.04E-06,3.26E-06,2.04E-06,1.14E-06,5.87E-07,4.90E-07,5.82E-07,8.17E-07,1.18E-06,1.45E-06,1.86E-06,2.27E-06,4.08E-06,1.01E-05,4.18E-05,0.000157535,0.0005892,0.001909038,0.005184457,0.013485212,0.026970429,0.053542923,0.093228385,0.159833446,0.213893443,0.212649912,0.14179337,0.076671571
Head 1,219,3.72E-07,3.39E-07,7.02E-07,4.44E-07,3.24E-07,3.19E-07,3.84E-07,4.87E-07,4.68E-07,3.84E-07,2.68E-07,2.03E-07,2.57E-07,4.22E-07,6.91E-07,5.62E-07,4.92E-07,3.50E-07,2.68E-07,2.10E-07,1.75E-07,1.26E-07,8.15E-08,4.71E-08,2.93E-08,1.93E-08,1.14E-08,5.41E-09,2.44E-09,1.41E-09,1.26E-09,1.81E-09,3.23E-09,5.77E-09,7.90E-09,9.92E-09,5.10E-09,1.60E-08,8.13E-08,5.95E-08,4.43E-08,7.03E-08,8.68E-08,8.89E-08,7.45E-08,5.29E-08,4.17E-08,3.11E-08,2.64E-08,2.32E-08,1.99E-08,1.13E-08,5.91E-09,3.77E-09,3.73E-09,5.67E-09,1.19E-08,2.55E-08,4.40E-08,5.54E-08,5.61E-08,5.35E-08,6.90E-08,1.03E-07,1.78E-07,2.68E-07,3.32E-07,2.93E-07,2.10E-07,1.30E-07,8.17E-08,6.18E-08,5.50E-08,5.88E-08,5.86E-08,7.47E-08,7.21E-08,5.02E-08,3.63E-08,3.03E-08,3.81E-08,5.61E-08,8.93E-08,1.10E-07,8.62E-08,5.60E-08,4.23E-08,2.09E-08,6.56E-09,1.07E-08,1.92E-08,2.80E-08,4.60E-08,1.11E-07,1.22E-07,1.33E-07,2.10E-07,3.10E-07,6.01E-07,1.45E-06,2.52E-06,2.67E-06,1.98E-06,8.99E-07,4.86E-07,3.92E-07,4.66E-07,7.31E-07,1.10E-06,1.54E-06,1.59E-06,1.94E-06,3.00E-06,9.82E-06,3.57E-05,0.000147024,0.00054364,0.001695626,0.005198789,0.012238465,0.027954377,0.05444283,0.100361548,0.154106125,0.204762742,0.205319896,0.159967259,0.073181666
Head 1,220,4.33E-07,1.16E-06,7.99E-07,5.23E-07,3.92E-07,3.64E-07,4.50E-07,5.49E-07,5.92E-07,4.57E-07,2.82E-07,2.43E-07,3.03E-07,4.95E-07,5.12E-07,6.45E-07,5.60E-07,4.20E-07,2.98E-07,2.47E-07,2.01E-07,1.52E-07,9.22E-08,5.41E-08,3.40E-08,2.21E-08,1.27E-08,6.31E-09,3.00E-09,1.67E-09,1.43E-09,1.91E-09,3.60E-09,6.20E-09,8.73E-09,2.44E-09,5.48E-09,2.80E-08,2.85E-08,2.37E-08,4.33E-08,7.05E-08,9.30E-08,9.47E-08,7.43E-08,6.08E-08,4.43E-08,3.61E-08,3.08E-08,3.02E-08,2.10E-08,1.20E-08,6.47E-09,4.29E-09,3.99E-09,5.93E-09,1.22E-08,2.63E-08,4.50E-08,5.50E-08,5.06E-08,5.31E-08,6.37E-08,1.01E-07,1.66E-07,2.64E-07,3.15E-07,2.94E-07,2.11E-07,1.33E-07,8.65E-08,6.10E-08,5.21E-08,4.16E-08,5.60E-08,6.92E-08,6.26E-08,4.82E-08,3.28E-08,2.94E-08,3.31E-08,5.31E-08,8.68E-08,9.74E-08,7.90E-08,5.71E-08,1.63E-08,3.98E-09,5.74E-09,9.98E-09,1.49E-08,2.55E-08,7.73E-08,8.90E-08,9.92E-08,1.41E-07,1.66E-07,2.50E-07,5.57E-07,1.19E-06,2.04E-06,2.60E-06,1.59E-06,7.69E-07,3.97E-07,3.28E-07,4.26E-07,6.95E-07,1.19E-06,1.34E-06,1.37E-06,1.31E-06,2.82E-06,7.95E-06,3.16E-05,0.000128224,0.000453458,0.001594295,0.004301098,0.011490301,0.026445605,0.054844603,0.092375234,0.143805921,0.19283095,0.226639599,0.157454833,0.087562874
Head 1,221,1.30E-06,1.04E-06,7.42E-07,5.05E-07,3.61E-07,3.50E-07,4.18E-07,5.52E-07,5.65E-07,3.88E-07,2.75E-07,2.36E-07,2.87E-07,2.83E-07,4.72E-07,5.94E-07,5.55E-07,3.95E-07,2.98E-07,2.38E-07,2.03E-07,1.44E-07,9.05E-08,5.38E-08,3.38E-08,2.12E-08,1.25E-08,6.48E-09,3.02E-09,1.64E-09,1.34E-09,1.90E-09,3.45E-09,6.12E-09,1.44E-09,2.22E-09,8.23E-09,9.99E-09,9.63E-09,1.88E-08,3.95E-08,6.81E-08,8.91E-08,8.21E-08,7.42E-08,5.56E-08,4.45E-08,3.48E-08,3.41E-08,2.78E-08,1.94E-08,1.14E-08,6.55E-09,4.10E-09,3.81E-09,5.63E-09,1.17E-08,2.54E-08,4.29E-08,4.84E-08,4.96E-08,4.86E-08,6.15E-08,9.16E-08,1.60E-07,2.44E-07,3.04E-07,2.84E-07,2.07E-07,1.32E-07,8.11E-08,5.50E-08,3.38E-08,3.89E-08,5.16E-08,6.05E-08,6.03E-08,4.39E-08,3.27E-08,2.62E-08,3.23E-08,5.31E-08,7.79E-08,9.07E-08,8.11E-08,1.80E-08,3.37E-09,3.74E-09,5.57E-09,8.09E-09,1.43E-08,5.27E-08,6.60E-08,7.82E-08,1.10E-07,1.17E-07,1.41E-07,2.53E-07,4.98E-07,1.06E-06,2.14E-06,2.25E-06,1.47E-06,6.07E-07,3.68E-07,3.27E-07,4.39E-07,8.09E-07,1.11E-06,1.26E-06,9.46E-07,1.35E-06,2.50E-06,7.80E-06,3.04E-05,0.000118173,0.000476196,0.001458801,0.004397348,0.011621604,0.027433263,0.050817996,0.086171761,0.133454055,0.210268646,0.215505823,0.174978033,0.083228439
Head 1,222,1.26E-06,1.04E-06,7.62E-07,4.91E-07,3.62E-07,3.39E-07,4.29E-07,5.41E-07,4.95E-07,3.82E-07,2.70E-07,2.25E-07,1.64E-07,2.64E-07,4.42E-07,5.95E-07,5.30E-07,4.03E-07,2.96E-07,2.50E-07,1.99E-07,1.46E-07,9.10E-08,5.49E-08,3.36E-08,2.15E-08,1.33E-08,6.78E-09,3.06E-09,1.60E-09,1.38E-09,1.90E-09,3.52E-09,1.04E-09,1.31E-09,3.28E-09,3.70E-09,3.95E-09,7.36E-09,1.76E-08,3.80E-08,6.63E-08,7.76E-08,8.35E-08,6.87E-08,5.76E-08,4.29E-08,3.84E-08,3.26E-08,2.66E-08,1.91E-08,1.20E-08,6.42E-09,4.05E-09,3.73E-09,5.60E-09,1.17E-08,2.47E-08,3.83E-08,4.77E-08,4.55E-08,4.69E-08,5.52E-08,8.65E-08,1.43E-07,2.25E-07,2.84E-07,2.71E-07,2.00E-07,1.23E-07,7.25E-08,3.61E-08,3.09E-08,3.54E-08,4.52E-08,5.83E-08,5.51E-08,4.41E-08,2.94E-08,2.57E-08,3.28E-08,4.82E-08,7.34E-08,9.20E-08,2.36E-08,3.78E-09,3.18E-09,3.59E-09,4.42E-09,7.53E-09,3.09E-08,4.31E-08,5.53E-08,8.18E-08,8.63E-08,9.43E-08,1.36E-07,2.13E-07,4.25E-07,1.04E-06,1.78E-06,1.98E-06,9.63E-07,5.50E-07,3.49E-07,3.21E-07,4.89E-07,7.22E-07,9.90E-07,8.19E-07,9.32E-07,1.15E-06,2.37E-06,7.25E-06,2.69E-05,0.000118096,0.000412339,0.001417756,0.004240782,0.011562045,0.02444879,0.045620337,0.076968096,0.145786956,0.192938626,0.242967546,0.166538581,0.086917222
Head 1,223,1.44E-06,1.21E-06,8.57E-07,5.68E-07,4.09E-07,4.07E-07,4.97E-07,5.68E-07,5.70E-07,4.42E-07,3.02E-07,1.63E-07,1.82E-07,2.90E-07,5.05E-07,6.45E-07,6.10E-07,4.53E-07,3.50E-07,2.75E-07,2.25E-07,1.61E-07,1.02E-07,6.02E-08,3.74E-08,2.51E-08,1.53E-08,7.46E-09,3.31E-09,1.85E-09,1.56E-09,2.22E-09,9.14E-10,1.17E-09,2.28E-09,2.03E-09,2.22E-09,3.61E-09,7.99E-09,1.89E-08,4.22E-08,6.56E-08,8.91E-08,8.58E-08,8.01E-08,6.21E-08,5.11E-08,4.05E-08,3.42E-08,2.89E-08,2.24E-08,1.31E-08,7.21E-09,4.49E-09,4.24E-09,6.42E-09,1.31E-08,2.54E-08,4.36E-08,5.10E-08,5.18E-08,5.00E-08,6.22E-08,9.19E-08,1.54E-07,2.47E-07,3.18E-07,3.06E-07,2.18E-07,1.29E-07,5.97E-08,3.83E-08,3.29E-08,3.63E-08,5.09E-08,6.20E-08,6.41E-08,4.62E-08,3.32E-08,3.02E-08,3.47E-08,5.31E-08,8.56E-08,3.07E-08,5.54E-09,4.17E-09,3.61E-09,3.38E-09,4.87E-09,2.05E-08,3.10E-08,4.35E-08,6.95E-08,7.78E-08,8.50E-08,1.08E-07,1.36E-07,2.18E-07,4.81E-07,1.01E-06,1.78E-06,1.37E-06,9.89E-07,5.80E-07,3.80E-07,3.95E-07,4.83E-07,7.10E-07,7.60E-07,8.88E-07,8.80E-07,1.22E-06,2.49E-06,7.17E-06,2.98E-05,0.000113093,0.000442629,0.001486687,0.004593973,0.011088217,0.023080768,0.042073619,0.088034317,0.127010703,0.217454091,0.226502061,0.168307111,0.089746028
Head 1,224,8.76E-07,7.63E-07,5.82E-07,4.01E-07,3.28E-07,3.22E-07,3.59E-07,4.25E-07,4.15E-07,3.02E-07,1.55E-07,1.06E-07,1.12E-07,1.76E-07,2.85E-07,3.96E-07,3.93E-07,3.30E-07,2.55E-07,2.15E-07,1.78E-07,1.34E-07,8.84E-08,5.52E-08,3.68E-08,2.44E-08,1.39E-08,6.65E-09,3.09E-09,1.70E-09,1.48E-09,6.04E-10,7.86E-10,1.43E-09,1.01E-09,1.17E-09,1.69E-09,2.89E-09,6.24E-09,1.55E-08,3.16E-08,5.71E-08,6.98E-08,7.72E-08,6.89E-08,5.57E-08,3.98E-08,3.06E-08,2.59E-08,2.27E-08,1.58E-08,9.41E-09,5.01E-09,3.25E-09,3.21E-09,4.83E-09,9.27E-09,2.14E-08,3.68E-08,4.93E-08,4.97E-08,5.23E-08,6.09E-08,8.80E-08,1.47E-07,2.28E-07,2.87E-07,2.47E-07,1.57E-07,6.94E-08,3.41E-08,2.03E-08,1.60E-08,1.89E-08,2.46E-08,3.29E-08,3.20E-08,2.59E-08,2.07E-08,1.82E-08,2.27E-08,3.78E-08,1.61E-08,4.43E-09,3.95E-09,3.23E-09,2.35E-09,2.49E-09,8.39E-09,1.15E-08,1.64E-08,2.77E-08,3.29E-08,3.66E-08,4.35E-08,4.76E-08,6.20E-08,1.12E-07,2.27E-07,5.10E-07,8.09E-07,9.05E-07,7.00E-07,4.42E-07,3.41E-07,2.92E-07,3.54E-07,4.00E-07,5.55E-07,5.76E-07,6.61E-07,9.29E-07,1.81E-06,5.96E-06,2.17E-05,9.76E-05,0.000387139,0.001434604,0.004096649,0.009860344,0.020474251,0.048253752,0.073447816,0.149421588,0.215622917,0.241276368,0.177718744,0.057860415
Head 1,225,1.00E-06,8.72E-07,6.38E-07,4.80E-07,3.76E-07,3.43E-07,4.01E-07,4.75E-07,4.42E-07,2.86E-07,1.59E-07,1.09E-07,1.20E-07,1.80E-07,3.10E-07,4.31E-07,4.52E-07,3.67E-07,2.94E-07,2.46E-07,2.03E-07,1.51E-07,1.01E-07,6.68E-08,4.46E-08,2.81E-08,1.59E-08,7.86E-09,3.62E-09,2.12E-09,7.05E-10,9.00E-10,1.86E-09,1.01E-09,1.08E-09,1.48E-09,1.93E-09,3.28E-09,7.29E-09,1.69E-08,3.85E-08,6.16E-08,8.53E-08,9.46E-08,8.57E-08,6.04E-08,4.31E-08,3.47E-08,3.18E-08,2.61E-08,1.88E-08,1.07E-08,5.84E-09,3.93E-09,3.71E-09,5.11E-09,1.13E-08,2.41E-08,4.38E-08,5.49E-08,5.82E-08,5.70E-08,6.65E-08,9.91E-08,1.65E-07,2.65E-07,3.08E-07,2.57E-07,1.43E-07,7.13E-08,3.56E-08,2.11E-08,1.87E-08,2.10E-08,2.99E-08,3.67E-08,3.74E-08,3.16E-08,2.35E-08,2.15E-08,2.89E-08,1.05E-08,4.43E-09,5.25E-09,4.97E-09,3.39E-09,2.85E-09,7.89E-09,8.70E-09,1.15E-08,2.02E-08,2.69E-08,3.32E-08,4.07E-08,4.28E-08,4.85E-08,6.95E-08,1.12E-07,2.32E-07,5.56E-07,8.92E-07,1.02E-06,8.07E-07,5.75E-07,3.64E-07,3.16E-07,3.24E-07,4.79E-07,5.72E-07,6.66E-07,7.59E-07,1.01E-06,2.22E-06,6.19E-06,2.57E-05,0.000108193,0.000452786,0.001475842,0.004018774,0.009354749,0.024150213,0.039626807,0.085865207,0.149610654,0.237457395,0.259037644,0.125902846,0.062884532
Head 1,226,5.60E-07,4.73E-07,3.53E-07,2.25E-07,1.50E-07,1.36E-07,1.63E-07,1.90E-07,1.76E-07,1.08E-07,5.60E-08,3.86E-08,3.97E-08,6.26E-08,9.96E-08,1.18E-07,8.92E-08,5.76E-08,4.08E-08,3.30E-08,2.81E-08,2.28E-08,1.74E-08,1.24E-08,8.87E-09,6.27E-09,4.11E-09,2.15E-09,1.06E-09,1.83E-10,2.21E-10,5.85E-10,1.99E-10,1.33E-10,1.72E-10,1.89E-10,2.67E-10,5.31E-10,1.31E-09,3.95E-09,8.58E-09,1.53E-08,2.06E-08,2.11E-08,1.50E-08,1.02E-08,7.92E-09,7.47E-09,7.38E-09,7.16E-09,5.55E-09,3.39E-09,1.93E-09,1.21E-09,1.03E-09,1.68E-09,3.47E-09,7.79E-09,1.27E-08,1.58E-08,1.51E-08,1.54E-08,2.03E-08,3.40E-08,6.39E-08,9.61E-08,1.05E-07,8.38E-08,5.08E-08,2.64E-08,1.37E-08,9.79E-09,8.85E-09,1.15E-08,1.54E-08,1.90E-08,1.85E-08,1.30E-08,9.44E-09,1.00E-08,7.78E-09,1.94E-09,3.11E-09,3.35E-09,2.15E-09,1.38E-09,5.30E-09,3.49E-09,3.07E-09,4.37E-09,5.40E-09,6.76E-09,8.86E-09,1.00E-08,1.21E-08,1.74E-08,2.54E-08,4.65E-08,9.38E-08,2.00E-07,3.59E-07,4.37E-07,3.95E-07,2.41E-07,1.74E-07,2.43E-07,3.92E-07,5.88E-07,8.08E-07,8.61E-07,8.30E-07,1.14E-06,2.15E-06,6.98E-06,2.99E-05,0.000139817,0.000526279,0.001677472,0.004423691,0.012937456,0.022462936,0.048614986,0.086697735,0.163388595,0.234681427,0.166223958,0.129594311,0.128581241
Head 1,227,1.40E-06,1.21E-06,8.26E-07,4.79E-07,3.39E-07,3.23E-07,3.79E-07,4.58E-07,4.13E-07,2.57E-07,1.50E-07,1.04E-07,1.23E-07,2.03E-07,3.49E-07,4.11E-07,3.39E-07,2.33E-07,1.57E-07,1.14E-07,9.04E-08,6.87E-08,4.57E-08,2.81E-08,1.81E-08,1.21E-08,7.18E-09,3.78E-09,4.91E-10,4.38E-10,1.08E-09,3.96E-10,2.68E-10,4.07E-10,4.59E-10,5.34E-10,7.27E-10,1.31E-09,3.54E-09,8.84E-09,2.04E-08,3.70E-08,5.19E-08,4.61E-08,3.37E-08,2.43E-08,1.97E-08,1.71E-08,1.66E-08,1.51E-08,1.14E-08,7.10E-09,3.77E-09,2.13E-09,2.13E-09,3.10E-09,6.63E-09,1.36E-08,2.31E-08,2.61E-08,2.50E-08,2.55E-08,3.29E-08,5.73E-08,1.00E-07,1.54E-07,1.94E-07,1.65E-07,1.03E-07,5.39E-08,3.24E-08,2.21E-08,2.22E-08,2.67E-08,3.78E-08,4.83E-08,4.24E-08,2.92E-08,2.20E-08,5.23E-09,1.74E-09,2.81E-09,4.15E-09,3.98E-09,3.21E-09,1.35E-08,7.74E-09,5.62E-09,7.29E-09,9.77E-09,1.46E-08,2.27E-08,2.84E-08,3.47E-08,4.61E-08,5.54E-08,7.43E-08,1.30E-07,2.61E-07,5.24E-07,8.60E-07,1.02E-06,6.86E-07,3.89E-07,2.84E-07,2.95E-07,3.87E-07,6.10E-07,8.19E-07,8.58E-07,9.67E-07,1.22E-06,2.51E-06,8.16E-06,3.54E-05,0.000144308,0.00052946,0.001601323,0.005063626,0.010433122,0.023663735,0.04438892,0.092716485,0.160898402,0.145882383,0.165819153,0.214753747,0.134039551
Head 1,228,5.64E-07,5.12E-07,3.61E-07,2.63E-07,2.09E-07,1.99E-07,2.42E-07,2.65E-07,2.21E-07,1.41E-07,7.42E-08,5.10E-08,5.22E-08,7.83E-08,1.20E-07,1.54E-07,1.52E-07,1.19E-07,8.74E-08,7.22E-08,6.53E-08,5.43E-08,3.94E-08,2.69E-08,1.87E-08,1.24E-08,7.76E-09,7.62E-10,4.60E-10,7.12E-10,2.51E-10,1.46E-10,2.24E-10,2.86E-10,3.53E-10,3.95E-10,4.73E-10,9.38E-10,2.15E-09,5.83E-09,1.37E-08,2.79E-08,3.53E-08,3.25E-08,2.55E-08,1.98E-08,1.49E-08,1.27E-08,1.13E-08,9.59E-09,7.17E-09,4.10E-09,1.96E-09,1.35E-09,1.24E-09,1.94E-09,4.03E-09,9.47E-09,1.68E-08,2.22E-08,2.43E-08,2.63E-08,3.57E-08,5.18E-08,7.84E-08,1.11E-07,1.22E-07,8.70E-08,4.47E-08,2.18E-08,1.03E-08,6.50E-09,5.14E-09,5.82E-09,7.84E-09,9.17E-09,8.62E-09,7.63E-09,1.34E-09,3.26E-10,4.51E-10,7.67E-10,1.11E-09,1.44E-09,8.53E-09,5.00E-09,2.73E-09,2.27E-09,2.08E-09,2.53E-09,3.70E-09,4.67E-09,5.42E-09,6.80E-09,7.10E-09,7.99E-09,1.67E-08,3.07E-08,6.48E-08,1.42E-07,2.79E-07,3.20E-07,2.56E-07,1.52E-07,1.19E-07,1.14E-07,1.61E-07,2.44E-07,3.18E-07,4.02E-07,4.14E-07,5.91E-07,1.24E-06,4.13E-06,1.61E-05,6.74E-05,0.000256047,0.001033244,0.002836902,0.008166121,0.017539395,0.043161556,0.087746494,0.105104424,0.167968333,0.24584201,0.248222619,0.072025187
Head 1,229,1.71E-06,1.23E-06,8.47E-07,5.39E-07,3.72E-07,3.37E-07,3.75E-07,4.23E-07,3.93E-07,2.48E-07,1.48E-07,1.09E-07,1.30E-07,2.07E-07,3.51E-07,4.61E-07,4.08E-07,2.71E-07,1.85E-07,1.46E-07,1.19E-07,8.60E-08,5.70E-08,3.69E-08,2.42E-08,1.70E-08,1.76E-09,9.73E-10,1.26E-09,4.27E-10,1.84E-10,2.38E-10,3.43E-10,4.80E-10,5.38E-10,5.25E-10,7.63E-10,1.36E-09,3.47E-09,8.82E-09,2.25E-08,3.90E-08,4.81E-08,4.66E-08,4.01E-08,3.02E-08,2.42E-08,2.17E-08,2.12E-08,2.00E-08,1.48E-08,7.95E-09,4.44E-09,2.66E-09,2.50E-09,3.51E-09,7.30E-09,1.45E-08,2.33E-08,2.72E-08,2.61E-08,2.71E-08,3.20E-08,4.71E-08,8.65E-08,1.45E-07,1.72E-07,1.39E-07,9.29E-08,5.17E-08,3.21E-08,2.18E-08,2.11E-08,2.76E-08,3.68E-08,4.34E-08,4.36E-08,8.59E-09,1.69E-09,1.48E-09,1.76E-09,2.36E-09,3.57E-09,2.35E-08,1.82E-08,9.81E-09,6.57E-09,4.67E-09,5.04E-09,7.78E-09,1.14E-08,1.61E-08,2.30E-08,2.64E-08,2.97E-08,3.75E-08,6.04E-08,1.10E-07,2.30E-07,5.05E-07,7.82E-07,8.35E-07,6.46E-07,3.99E-07,2.70E-07,2.81E-07,3.89E-07,5.70E-07,8.18E-07,8.49E-07,8.84E-07,1.19E-06,2.47E-06,7.01E-06,2.60E-05,9.87E-05,0.000416553,0.001206997,0.003593301,0.007952301,0.019829972,0.042498674,0.0521053,0.099880092,0.198763877,0.30558306,0.119490124,0.148525774
Head 1,230,2.05E-06,1.63E-06,1.11E-06,6.82E-07,5.05E-07,4.24E-07,4.60E-07,5.47E-07,4.87E-07,3.33E-07,1.97E-07,1.50E-07,1.66E-07,2.68E-07,4.54E-07,5.77E-07,4.80E-07,3.25E-07,2.28E-07,1.75E-07,1.31E-07,9.50E-08,6.38E-08,4.05E-08,2.83E-08,3.29E-09,1.66E-09,1.57E-09,5.75E-10,2.29E-10,2.09E-10,2.69E-10,4.10E-10,5.44E-10,5.33E-10,6.23E-10,7.98E-10,1.59E-09,3.68E-09,1.03E-08,2.34E-08,4.03E-08,5.27E-08,5.59E-08,4.50E-08,3.41E-08,2.72E-08,2.47E-08,2.46E-08,2.22E-08,1.52E-08,9.40E-09,4.91E-09,3.12E-09,2.73E-09,4.04E-09,7.70E-09,1.55E-08,2.51E-08,2.96E-08,2.99E-08,2.83E-08,3.21E-08,5.35E-08,9.90E-08,1.54E-07,1.71E-07,1.51E-07,9.70E-08,5.87E-08,3.29E-08,2.32E-08,2.27E-08,2.68E-08,3.52E-08,4.55E-08,1.26E-08,2.29E-09,1.48E-09,1.21E-09,1.24E-09,1.94E-09,1.49E-08,1.90E-08,1.44E-08,9.78E-09,5.33E-09,4.07E-09,4.92E-09,6.80E-09,1.03E-08,1.61E-08,1.99E-08,2.32E-08,2.43E-08,3.57E-08,5.59E-08,1.02E-07,2.22E-07,4.19E-07,6.55E-07,7.43E-07,5.35E-07,3.16E-07,2.36E-07,2.41E-07,3.21E-07,5.28E-07,6.78E-07,7.49E-07,8.15E-07,1.13E-06,2.12E-06,5.95E-06,2.10E-05,9.80E-05,0.000324822,0.001147562,0.002883454,0.007825731,0.018498832,0.025367031,0.054070476,0.117868751,0.234858438,0.136989683,0.251749665,0.148267373
Head 1,231,2.14E-06,1.70E-06,1.12E-06,8.29E-07,5.31E-07,4.47E-07,5.17E-07,5.95E-07,5.65E-07,3.83E-07,2.37E-07,1.72E-07,1.94E-07,3.08E-07,4.96E-07,5.86E-07,4.96E-07,3.53E-07,2.45E-07,1.70E-07,1.27E-07,9.16E-08,5.98E-08,4.10E-08,5.83E-09,2.86E-09,2.28E-09,8.85E-10,3.69E-10,2.33E-10,2.16E-10,2.92E-10,4.40E-10,5.27E-10,6.24E-10,6.57E-10,9.85E-10,1.79E-09,4.46E-09,1.11E-08,2.48E-08,4.47E-08,6.29E-08,6.05E-08,4.77E-08,3.46E-08,2.75E-08,2.54E-08,2.44E-08,2.07E-08,1.61E-08,9.52E-09,5.34E-09,3.25E-09,3.07E-09,4.31E-09,8.47E-09,1.77E-08,2.94E-08,3.71E-08,3.49E-08,3.20E-08,4.41E-08,7.09E-08,1.19E-07,1.71E-07,2.07E-07,1.75E-07,1.21E-07,6.69E-08,3.85E-08,2.80E-08,2.57E-08,3.10E-08,4.54E-08,1.87E-08,4.29E-09,2.69E-09,1.72E-09,1.22E-09,1.49E-09,9.89E-09,1.80E-08,2.19E-08,2.04E-08,1.13E-08,6.62E-09,5.60E-09,5.98E-09,8.57E-09,1.41E-08,1.99E-08,2.57E-08,2.41E-08,3.40E-08,4.72E-08,7.25E-08,1.37E-07,2.54E-07,4.85E-07,8.32E-07,8.37E-07,5.66E-07,3.65E-07,2.70E-07,2.67E-07,3.96E-07,5.88E-07,7.96E-07,9.16E-07,1.05E-06,1.36E-06,2.53E-06,6.78E-06,2.96E-05,0.000102675,0.000419679,0.001229315,0.003598174,0.009071631,0.013934252,0.030570399,0.070635527,0.143458977,0.107105099,0.280580908,0.224734128,0.114496656
Head 1,232,2.13E-06,1.64E-06,1.41E-06,8.12E-07,5.08E-07,4.49E-07,5.09E-07,6.24E-07,5.92E-07,4.14E-07,2.44E-07,1.82E-07,2.08E-07,3.20E-07,4.88E-07,5.80E-07,5.10E-07,3.59E-07,2.27E-07,1.60E-07,1.19E-07,8.28E-08,5.84E-08,1.06E-08,5.23E-09,4.00E-09,1.53E-09,7.50E-10,3.77E-10,2.23E-10,2.08E-10,2.81E-10,3.92E-10,5.36E-10,5.60E-10,6.91E-10,9.82E-10,1.88E-09,4.14E-09,1.02E-08,2.40E-08,4.73E-08,6.21E-08,6.04E-08,4.62E-08,3.39E-08,2.76E-08,2.43E-08,2.19E-08,2.08E-08,1.56E-08,9.82E-09,5.23E-09,3.37E-09,3.00E-09,4.27E-09,8.65E-09,1.82E-08,3.18E-08,3.68E-08,3.31E-08,3.92E-08,4.87E-08,7.25E-08,1.13E-07,1.79E-07,2.07E-07,1.90E-07,1.22E-07,6.78E-08,4.00E-08,2.70E-08,2.50E-08,3.32E-08,1.58E-08,5.29E-09,3.99E-09,2.51E-09,1.37E-09,1.15E-09,5.07E-09,9.30E-09,1.59E-08,2.35E-08,1.82E-08,1.08E-08,7.04E-09,5.30E-09,5.97E-09,8.96E-09,1.35E-08,1.94E-08,1.83E-08,2.67E-08,3.59E-08,4.90E-08,7.76E-08,1.26E-07,2.40E-07,5.31E-07,7.77E-07,7.44E-07,5.45E-07,3.49E-07,2.49E-07,2.73E-07,3.77E-07,5.85E-07,8.16E-07,9.86E-07,1.06E-06,1.34E-06,2.38E-06,7.89E-06,2.51E-05,0.000110775,0.000382929,0.001301592,0.003725073,0.006621834,0.015815109,0.040804598,0.079539254,0.067721404,0.236206532,0.264456302,0.188577101,0.094678387
Head 1,233,1.82E-06,1.88E-06,1.21E-06,6.72E-07,4.37E-07,3.79E-07,4.59E-07,5.69E-07,5.47E-07,3.63E-07,2.19E-07,1.68E-07,1.88E-07,2.78E-07,4.27E-07,5.23E-07,4.52E-07,2.90E-07,1.87E-07,1.31E-07,9.42E-08,7.07E-08,1.66E-08,8.79E-09,7.27E-09,2.54E-09,1.45E-09,7.25E-10,2.99E-10,1.76E-10,1.65E-10,2.15E-10,3.32E-10,3.99E-10,4.86E-10,6.05E-10,8.80E-10,1.46E-09,3.18E-09,8.27E-09,2.12E-08,3.95E-08,5.31E-08,5.02E-08,3.91E-08,2.96E-08,2.28E-08,1.86E-08,1.88E-08,1.72E-08,1.36E-08,8.18E-09,4.57E-09,2.78E-09,2.50E-09,3.70E-09,7.55E-09,1.68E-08,2.66E-08,2.94E-08,3.59E-08,3.61E-08,4.20E-08,5.83E-08,1.01E-07,1.52E-07,1.92E-07,1.64E-07,1.05E-07,6.03E-08,3.31E-08,2.23E-08,2.27E-08,9.94E-09,4.25E-09,4.11E-09,3.17E-09,1.71E-09,1.10E-09,3.06E-09,4.02E-09,6.83E-09,1.40E-08,1.74E-08,1.43E-08,9.40E-09,5.45E-09,4.39E-09,5.14E-09,7.13E-09,1.07E-08,1.03E-08,1.65E-08,2.34E-08,3.10E-08,4.36E-08,5.99E-08,1.00E-07,2.30E-07,4.27E-07,5.98E-07,6.15E-07,4.47E-07,2.75E-07,2.16E-07,2.26E-07,3.24E-07,5.19E-07,7.65E-07,8.71E-07,9.21E-07,1.12E-06,2.45E-06,6.12E-06,2.51E-05,9.50E-05,0.000383333,0.001290445,0.002679251,0.007357073,0.022506837,0.043382443,0.04220143,0.163719028,0.2353089,0.231618971,0.165405124,0.083997585
Head 1,234,1.06E-06,9.70E-07,7.14E-07,4.95E-07,3.64E-07,3.58E-07,4.29E-07,4.93E-07,4.27E-07,2.77E-07,1.69E-07,1.17E-07,1.12E-07,1.50E-07,2.25E-07,2.83E-07,2.59E-07,1.98E-07,1.46E-07,1.10E-07,9.32E-08,2.86E-08,1.93E-08,1.85E-08,6.38E-09,4.11E-09,2.66E-09,1.04E-09,4.47E-10,2.52E-10,2.03E-10,2.60E-10,3.27E-10,4.34E-10,5.76E-10,7.33E-10,8.77E-10,1.38E-09,3.02E-09,8.18E-09,1.98E-08,3.89E-08,5.30E-08,5.29E-08,4.45E-08,3.18E-08,2.17E-08,1.98E-08,1.76E-08,1.58E-08,1.15E-08,7.02E-09,3.73E-09,2.34E-09,2.22E-09,3.37E-09,7.65E-09,1.61E-08,2.69E-08,4.30E-08,4.87E-08,4.79E-08,5.06E-08,7.32E-08,1.07E-07,1.55E-07,1.61E-07,1.21E-07,6.89E-08,3.13E-08,1.44E-08,9.16E-09,2.56E-09,8.60E-10,8.55E-10,8.36E-10,5.95E-10,4.23E-10,1.18E-09,1.12E-09,1.47E-09,3.16E-09,5.70E-09,7.94E-09,7.76E-09,4.89E-09,3.03E-09,2.39E-09,2.27E-09,2.73E-09,2.94E-09,4.81E-09,6.94E-09,8.89E-09,1.13E-08,1.32E-08,1.83E-08,3.10E-08,6.33E-08,1.21E-07,1.98E-07,2.28E-07,1.83E-07,1.41E-07,1.14E-07,1.27E-07,1.82E-07,3.04E-07,4.25E-07,4.94E-07,5.27E-07,8.02E-07,1.43E-06,4.59E-06,1.59E-05,7.30E-05,0.000299395,0.000712039,0.00246761,0.009277917,0.020354854,0.029391952,0.104507156,0.182462767,0.214606717,0.221057862,0.167004555,0.047749408
Head 1,235,8.16E-07,7.33E-07,5.69E-07,3.82E-07,2.98E-07,2.94E-07,3.39E-07,3.68E-07,3.11E-07,2.09E-07,1.20E-07,8.02E-08,7.98E-08,1.14E-07,1.75E-07,2.19E-07,2.08E-07,1.64E-07,1.21E-07,9.95E-08,2.98E-08,2.46E-08,2.98E-08,1.06E-08,6.42E-09,5.15E-09,2.30E-09,9.17E-10,3.67E-10,1.88E-10,1.74E-10,1.99E-10,2.76E-10,4.06E-10,5.30E-10,5.46E-10,6.49E-10,1.09E-09,2.58E-09,6.66E-09,1.66E-08,3.17E-08,4.38E-08,4.63E-08,3.61E-08,2.34E-08,1.94E-08,1.62E-08,1.52E-08,1.30E-08,9.67E-09,5.50E-09,2.96E-09,1.92E-09,1.87E-09,3.15E-09,6.36E-09,1.30E-08,2.73E-08,3.98E-08,4.03E-08,3.63E-08,4.30E-08,5.72E-08,9.17E-08,1.23E-07,1.30E-07,1.01E-07,5.49E-08,2.47E-08,1.29E-08,2.88E-09,8.03E-10,7.44E-10,8.10E-10,7.29E-10,6.14E-10,1.42E-09,1.08E-09,9.65E-10,1.56E-09,2.80E-09,5.22E-09,7.76E-09,6.63E-09,4.26E-09,2.77E-09,1.94E-09,1.83E-09,1.57E-09,2.67E-09,4.34E-09,6.21E-09,8.17E-09,9.28E-09,1.13E-08,1.60E-08,2.97E-08,6.05E-08,1.27E-07,2.09E-07,2.34E-07,2.06E-07,1.49E-07,1.22E-07,1.37E-07,2.07E-07,3.14E-07,4.23E-07,4.68E-07,5.88E-07,7.66E-07,1.67E-06,4.37E-06,1.85E-05,8.07E-05,0.000208176,0.000851632,0.003840049,0.00961013,0.017420128,0.061102893,0.123330221,0.163294792,0.218910128,0.243176654,0.108841814,0.049296968
Head 1,236,7.62E-07,7.20E-07,5.37E-07,3.89E-07,3.11E-07,3.01E-07,3.29E-07,3.45E-07,3.00E-07,1.91E-07,1.06E-07,7.36E-08,7.67E-08,1.08E-07,1.62E-07,2.06E-07,2.07E-07,1.67E-07,1.35E-07,3.22E-08,2.97E-08,4.28E-08,1.87E-08,1.05E-08,9.84E-09,5.79E-09,2.73E-09,1.01E-09,3.65E-10,2.22E-10,1.87E-10,2.29E-10,3.46E-10,5.09E-10,5.49E-10,5.68E-10,7.21E-10,1.29E-09,2.89E-09,7.58E-09,1.84E-08,3.56E-08,5.17E-08,4.98E-08,3.46E-08,2.72E-08,2.04E-08,1.80E-08,1.63E-08,1.45E-08,1.00E-08,5.87E-09,3.22E-09,2.17E-09,2.35E-09,3.50E-09,6.84E-09,1.67E-08,3.51E-08,4.66E-08,4.41E-08,4.50E-08,4.86E-08,7.01E-08,9.99E-08,1.37E-07,1.50E-07,1.10E-07,5.84E-08,2.97E-08,5.39E-09,1.25E-09,9.49E-10,9.70E-10,9.86E-10,1.04E-09,2.29E-09,1.85E-09,1.36E-09,1.55E-09,2.08E-09,3.83E-09,7.62E-09,9.94E-09,8.71E-09,5.96E-09,3.41E-09,2.34E-09,1.35E-09,2.07E-09,3.51E-09,5.66E-09,8.25E-09,9.84E-09,1.13E-08,1.33E-08,2.10E-08,3.93E-08,8.74E-08,1.81E-07,2.88E-07,3.50E-07,2.92E-07,2.11E-07,1.82E-07,2.09E-07,2.85E-07,4.15E-07,5.29E-07,6.80E-07,7.55E-07,1.15E-06,2.00E-06,6.40E-06,2.52E-05,6.55E-05,0.000306233,0.001615626,0.004616156,0.010060487,0.034504998,0.078998849,0.113262497,0.173792675,0.251150012,0.170400411,0.114771008,0.046409335
Head 1,237,6.89E-07,6.24E-07,5.00E-07,3.69E-07,2.93E-07,2.72E-07,2.95E-07,3.21E-07,2.69E-07,1.64E-07,9.36E-08,6.75E-08,6.86E-08,9.36E-08,1.39E-07,1.85E-07,1.87E-07,1.64E-07,2.87E-08,2.58E-08,3.89E-08,2.29E-08,1.28E-08,1.23E-08,9.39E-09,5.84E-09,2.54E-09,8.32E-10,3.60E-10,2.01E-10,1.82E-10,2.33E-10,3.62E-10,4.53E-10,4.89E-10,5.39E-10,7.37E-10,1.25E-09,2.84E-09,7.36E-09,1.83E-08,3.71E-08,4.95E-08,4.26E-08,3.57E-08,2.51E-08,1.99E-08,1.68E-08,1.59E-08,1.33E-08,9.54E-09,5.57E-09,3.16E-09,2.32E-09,2.23E-09,3.20E-09,6.76E-09,1.84E-08,3.55E-08,4.45E-08,4.83E-08,4.56E-08,5.44E-08,6.94E-08,1.04E-07,1.47E-07,1.51E-07,1.09E-07,6.47E-08,1.00E-08,2.10E-09,1.26E-09,1.05E-09,1.00E-09,1.18E-09,2.42E-09,2.54E-09,2.01E-09,1.88E-09,1.75E-09,2.43E-09,4.90E-09,8.66E-09,1.17E-08,1.10E-08,6.63E-09,3.72E-09,1.34E-09,1.59E-09,2.42E-09,4.08E-09,6.70E-09,8.97E-09,1.07E-08,1.12E-08,1.52E-08,2.40E-08,4.85E-08,1.06E-07,2.14E-07,3.71E-07,4.32E-07,3.53E-07,2.76E-07,2.40E-07,2.54E-07,3.38E-07,4.72E-07,7.05E-07,8.13E-07,1.03E-06,1.27E-06,2.73E-06,8.28E-06,1.88E-05,9.35E-05,0.000590242,0.001932201,0.004899348,0.017995032,0.047211379,0.074630059,0.122945637,0.204939634,0.182394117,0.188869566,0.109231159,0.044225018
Head 1,238,7.29E-07,7.04E-07,5.67E-07,4.20E-07,3.20E-07,2.99E-07,3.35E-07,3.58E-07,2.88E-07,1.79E-07,1.07E-07,7.56E-08,7.40E-08,9.84E-08,1.51E-07,2.00E-07,2.16E-07,3.27E-08,2.60E-08,3.52E-08,2.75E-08,1.73E-08,1.58E-08,1.41E-08,1.12E-08,6.62E-09,2.59E-09,1.00E-09,4.02E-10,2.45E-10,2.21E-10,2.97E-10,4.04E-10,5.03E-10,5.74E-10,6.84E-10,8.77E-10,1.51E-09,3.38E-09,8.91E-09,2.30E-08,4.32E-08,5.15E-08,5.32E-08,3.99E-08,2.96E-08,2.22E-08,1.98E-08,1.77E-08,1.54E-08,1.10E-08,6.67E-09,4.06E-09,2.67E-09,2.42E-09,3.38E-09,8.77E-09,2.16E-08,3.93E-08,5.64E-08,5.69E-08,6.00E-08,6.30E-08,8.44E-08,1.30E-07,1.71E-07,1.73E-07,1.39E-07,2.05E-08,4.69E-09,2.39E-09,1.59E-09,1.22E-09,1.33E-09,2.21E-09,2.99E-09,3.10E-09,3.10E-09,2.33E-09,2.24E-09,3.47E-09,6.18E-09,1.14E-08,1.64E-08,1.39E-08,8.31E-09,2.07E-09,1.82E-09,2.14E-09,3.21E-09,5.51E-09,8.31E-09,1.12E-08,1.16E-08,1.43E-08,1.92E-08,3.24E-08,6.40E-08,1.35E-07,2.95E-07,4.94E-07,5.55E-07,5.00E-07,3.90E-07,3.19E-07,3.32E-07,4.24E-07,7.01E-07,9.20E-07,1.21E-06,1.24E-06,1.84E-06,3.83E-06,6.44E-06,2.86E-05,0.000195566,0.00070689,0.001995514,0.008602238,0.025719766,0.046549428,0.082126476,0.146506384,0.148836657,0.209077016,0.179933205,0.104434453,0.045261279
Head 1,239,2.79E-06,2.39E-06,1.65E-06,9.67E-07,6.41E-07,5.70E-07,6.50E-07,7.13E-07,6.20E-07,4.24E-07,2.62E-07,1.91E-07,2.06E-07,3.18E-07,5.05E-07,6.68E-07,9.80E-08,6.18E-08,6.53E-08,5.94E-08,4.45E-08,3.40E-08,2.77E-08,2.28E-08,1.64E-08,8.44E-09,3.52E-09,1.21E-09,5.38E-10,3.26E-10,3.28E-10,4.38E-10,6.37E-10,8.56E-10,1.05E-09,1.16E-09,1.53E-09,2.68E-09,6.31E-09,1.74E-08,4.17E-08,6.93E-08,9.32E-08,8.42E-08,6.56E-08,4.62E-08,3.73E-08,3.31E-08,3.29E-08,3.08E-08,2.41E-08,1.57E-08,8.74E-09,5.32E-09,4.80E-09,8.61E-09,1.97E-08,4.21E-08,7.59E-08,8.73E-08,8.63E-08,7.52E-08,8.46E-08,1.28E-07,2.01E-07,2.96E-07,3.73E-07,9.93E-08,2.94E-08,1.80E-08,1.23E-08,8.62E-09,8.62E-09,1.06E-08,1.65E-08,2.21E-08,2.59E-08,1.78E-08,1.16E-08,1.09E-08,1.34E-08,2.42E-08,4.42E-08,5.46E-08,4.22E-08,6.74E-09,4.79E-09,4.46E-09,5.83E-09,1.04E-08,1.85E-08,3.12E-08,4.46E-08,6.10E-08,8.11E-08,1.23E-07,2.06E-07,3.80E-07,8.03E-07,1.61E-06,2.27E-06,2.51E-06,1.93E-06,1.26E-06,9.48E-07,9.26E-07,1.42E-06,1.94E-06,2.77E-06,2.80E-06,3.14E-06,4.43E-06,5.56E-06,1.87E-05,0.000114596,0.000357989,0.001089652,0.004781835,0.014589671,0.031291418,0.060309362,0.111300647,0.09804114,0.149119556,0.174160942,0.154357135,0.100363404,0.100052088
Head 1,240,3.28E-06,2.80E-06,1.80E-06,1.05E-06,7.02E-07,6.37E-07,7.16E-07,8.03E-07,7.37E-07,4.99E-07,2.93E-07,2.10E-07,2.32E-07,3.45E-07,5.54E-07,1.19E-07,7.40E-08,6.24E-08,5.55E-08,5.52E-08,4.18E-08,3.11E-08,2.42E-08,1.96E-08,1.35E-08,7.38E-09,2.84E-09,1.11E-09,4.83E-10,3.07E-10,2.94E-10,3.95E-10,6.04E-10,8.81E-10,1.02E-09,1.17E-09,1.53E-09,2.75E-09,6.76E-09,1.78E-08,3.88E-08,7.45E-08,9.19E-08,8.67E-08,6.31E-08,4.58E-08,3.47E-08,3.12E-08,3.13E-08,3.01E-08,2.47E-08,1.52E-08,7.98E-09,4.95E-09,5.34E-09,8.74E-09,1.85E-08,4.46E-08,7.58E-08,9.81E-08,8.85E-08,8.30E-08,9.95E-08,1.39E-07,2.20E-07,3.47E-07,1.09E-07,4.10E-08,2.79E-08,1.89E-08,1.15E-08,8.90E-09,8.48E-09,1.10E-08,1.64E-08,2.62E-08,2.45E-08,1.69E-08,1.22E-08,9.79E-09,1.32E-08,2.41E-08,4.22E-08,5.18E-08,9.75E-09,6.80E-09,4.89E-09,4.50E-09,6.17E-09,1.01E-08,1.84E-08,2.98E-08,4.43E-08,5.94E-08,8.43E-08,1.26E-07,2.01E-07,3.84E-07,8.15E-07,1.46E-06,2.32E-06,2.46E-06,1.81E-06,1.17E-06,8.41E-07,9.96E-07,1.23E-06,2.01E-06,2.48E-06,2.87E-06,3.33E-06,2.98E-06,6.67E-06,3.43E-05,9.73E-05,0.000316561,0.001698197,0.005823469,0.014690926,0.032905597,0.068009384,0.07081189,0.107678793,0.138272136,0.151665792,0.140441567,0.180101007,0.087401181
Head 1,241,2.64E-06,2.14E-06,1.38E-06,8.19E-07,5.64E-07,5.13E-07,5.86E-07,6.90E-07,6.23E-07,4.00E-07,2.30E-07,1.72E-07,1.87E-07,2.86E-07,1.05E-07,8.37E-08,7.28E-08,5.26E-08,5.85E-08,4.77E-08,3.28E-08,2.30E-08,1.81E-08,1.45E-08,1.04E-08,5.20E-09,2.25E-09,8.75E-10,3.80E-10,2.26E-10,2.18E-10,3.09E-10,5.14E-10,7.17E-10,8.78E-10,9.97E-10,1.35E-09,2.55E-09,5.98E-09,1.44E-08,3.68E-08,6.43E-08,8.30E-08,7.30E-08,5.42E-08,3.66E-08,2.76E-08,2.53E-08,2.58E-08,2.58E-08,1.99E-08,1.16E-08,6.29E-09,4.47E-09,4.53E-09,7.04E-09,1.73E-08,3.96E-08,7.60E-08,9.03E-08,8.65E-08,8.65E-08,9.58E-08,1.35E-07,2.27E-07,9.14E-08,4.49E-08,3.81E-08,2.89E-08,1.76E-08,1.18E-08,9.08E-09,8.44E-09,1.09E-08,2.00E-08,2.69E-08,2.61E-08,2.03E-08,1.28E-08,1.17E-08,1.57E-08,2.82E-08,4.82E-08,1.39E-08,1.20E-08,8.28E-09,5.71E-09,5.35E-09,6.68E-09,1.10E-08,2.04E-08,3.37E-08,4.86E-08,6.91E-08,9.79E-08,1.40E-07,2.31E-07,4.54E-07,8.64E-07,1.77E-06,2.70E-06,2.74E-06,1.98E-06,1.21E-06,1.03E-06,9.26E-07,1.40E-06,2.00E-06,2.75E-06,3.24E-06,2.52E-06,3.81E-06,1.31E-05,2.96E-05,9.20E-05,0.000554221,0.002166463,0.006261636,0.016168885,0.037694298,0.050963856,0.07929799,0.105035119,0.12224488,0.136517882,0.228667483,0.145176485,0.06907241
Head 1,242,2.67E-06,2.16E-06,1.40E-06,8.36E-07,5.69E-07,5.23E-07,6.28E-07,7.26E-07,6.26E-07,3.90E-07,2.33E-07,1.71E-07,1.93E-07,8.75E-08,9.63E-08,1.06E-07,6.51E-08,7.26E-08,6.84E-08,4.69E-08,3.07E-08,2.17E-08,1.72E-08,1.44E-08,9.52E-09,5.28E-09,2.38E-09,9.09E-10,3.62E-10,2.17E-10,2.20E-10,3.35E-10,5.31E-10,7.77E-10,9.25E-10,1.08E-09,1.54E-09,2.76E-09,5.88E-09,1.67E-08,3.86E-08,7.09E-08,8.63E-08,7.82E-08,5.42E-08,3.65E-08,2.81E-08,2.59E-08,2.75E-08,2.58E-08,1.90E-08,1.16E-08,6.94E-09,4.64E-09,4.45E-09,7.99E-09,1.83E-08,4.66E-08,8.13E-08,1.02E-07,1.04E-07,9.69E-08,1.09E-07,1.65E-07,7.69E-08,4.44E-08,4.89E-08,4.49E-08,3.13E-08,2.07E-08,1.59E-08,1.02E-08,9.21E-09,1.44E-08,2.23E-08,3.06E-08,3.25E-08,2.18E-08,1.55E-08,1.39E-08,1.87E-08,3.24E-08,1.40E-08,1.70E-08,1.46E-08,9.69E-09,6.81E-09,5.97E-09,7.50E-09,1.32E-08,2.32E-08,3.71E-08,5.64E-08,8.09E-08,1.11E-07,1.63E-07,2.78E-07,4.79E-07,1.05E-06,2.06E-06,3.05E-06,3.06E-06,2.08E-06,1.48E-06,9.54E-07,1.08E-06,1.48E-06,2.34E-06,3.22E-06,2.64E-06,3.22E-06,7.21E-06,1.14E-05,2.75E-05,0.00016047,0.000695586,0.002248547,0.006760116,0.018218659,0.032464173,0.05592547,0.078839965,0.093265012,0.110331982,0.229789376,0.191545025,0.122820161,0.056846764
Head 1,243,2.52E-06,2.09E-06,1.35E-06,7.81E-07,5.28E-07,5.05E-07,5.97E-07,6.80E-07,5.68E-07,3.65E-07,2.13E-07,1.61E-07,5.37E-08,7.31E-08,1.11E-07,6.82E-08,6.96E-08,7.64E-08,5.75E-08,3.90E-08,2.54E-08,1.78E-08,1.49E-08,1.15E-08,8.10E-09,4.73E-09,2.07E-09,6.97E-10,2.75E-10,1.72E-10,1.86E-10,2.73E-10,4.57E-10,6.48E-10,7.85E-10,9.66E-10,1.31E-09,2.16E-09,5.58E-09,1.43E-08,3.49E-08,6.11E-08,7.74E-08,6.64E-08,4.69E-08,3.23E-08,2.50E-08,2.39E-08,2.32E-08,2.07E-08,1.54E-08,1.02E-08,5.83E-09,3.70E-09,4.09E-09,6.82E-09,1.73E-08,4.01E-08,7.34E-08,9.58E-08,9.14E-08,8.70E-08,1.09E-07,5.06E-08,2.97E-08,4.12E-08,4.70E-08,4.02E-08,3.02E-08,2.89E-08,1.48E-08,9.13E-09,9.78E-09,1.28E-08,2.01E-08,3.00E-08,2.76E-08,2.08E-08,1.45E-08,1.29E-08,1.65E-08,8.31E-09,1.31E-08,1.61E-08,1.32E-08,8.77E-09,5.88E-09,5.26E-09,7.11E-09,1.20E-08,2.05E-08,3.40E-08,5.19E-08,7.29E-08,1.04E-07,1.60E-07,2.38E-07,4.82E-07,1.00E-06,1.92E-06,2.83E-06,2.69E-06,2.07E-06,1.12E-06,8.89E-07,9.41E-07,1.45E-06,2.26E-06,2.21E-06,2.76E-06,4.82E-06,5.32E-06,8.84E-06,4.17E-05,0.000186227,0.000648553,0.002263497,0.00714481,0.015995035,0.03360825,0.055888284,0.072364755,0.08762493,0.199545845,0.200538352,0.17220737,0.106692068,0.045195471
Head 1,244,3.40E-06,2.77E-06,1.73E-06,1.01E-06,7.18E-07,6.77E-07,8.04E-07,8.85E-07,7.78E-07,5.00E-07,3.06E-07,5.16E-08,6.45E-08,1.19E-07,8.87E-08,8.55E-08,1.06E-07,9.31E-08,7.15E-08,4.64E-08,2.87E-08,2.17E-08,1.69E-08,1.36E-08,9.92E-09,5.84E-09,2.26E-09,7.66E-10,3.20E-10,2.15E-10,2.27E-10,3.51E-10,5.71E-10,8.20E-10,1.06E-09,1.23E-09,1.51E-09,3.00E-09,6.92E-09,1.87E-08,4.32E-08,7.93E-08,9.53E-08,8.39E-08,6.00E-08,4.16E-08,3.37E-08,2.91E-08,2.72E-08,2.35E-08,2.01E-08,1.29E-08,7.08E-09,5.13E-09,5.17E-09,9.35E-09,2.10E-08,5.03E-08,9.42E-08,1.15E-07,1.11E-07,1.20E-07,4.25E-08,2.29E-08,3.70E-08,5.20E-08,5.63E-08,5.24E-08,7.30E-08,3.68E-08,1.85E-08,1.36E-08,1.21E-08,1.57E-08,2.64E-08,3.36E-08,3.40E-08,2.51E-08,1.72E-08,1.43E-08,6.05E-09,9.57E-09,1.53E-08,1.81E-08,1.52E-08,9.91E-09,6.88E-09,6.09E-09,8.54E-09,1.42E-08,2.54E-08,4.21E-08,6.30E-08,9.21E-08,1.35E-07,1.76E-07,3.09E-07,5.73E-07,1.15E-06,2.18E-06,3.00E-06,3.12E-06,1.90E-06,1.22E-06,9.35E-07,1.13E-06,1.69E-06,1.90E-06,2.87E-06,4.93E-06,4.32E-06,5.01E-06,1.53E-05,5.70E-05,0.000192682,0.000737507,0.002664481,0.00690165,0.017317509,0.034735184,0.053364389,0.071168303,0.161030278,0.180898979,0.184283227,0.153437316,0.088645793,0.044497356
Head 1,245,4.13E-06,3.23E-06,2.02E-06,1.24E-06,8.84E-07,8.62E-07,9.99E-07,1.17E-06,1.03E-06,6.95E-07,6.41E-08,5.86E-08,1.00E-07,9.57E-08,9.12E-08,1.18E-07,1.27E-07,1.18E-07,8.44E-08,5.00E-08,3.37E-08,2.40E-08,1.90E-08,1.48E-08,1.13E-08,5.98E-09,2.31E-09,8.29E-10,3.78E-10,2.53E-10,2.85E-10,4.37E-10,7.23E-10,1.12E-09,1.36E-09,1.45E-09,2.19E-09,3.90E-09,9.45E-09,2.39E-08,5.80E-08,1.01E-07,1.25E-07,1.10E-07,7.85E-08,5.61E-08,4.04E-08,3.32E-08,2.92E-08,3.05E-08,2.54E-08,1.60E-08,9.96E-09,6.68E-09,7.40E-09,1.18E-08,2.78E-08,6.71E-08,1.17E-07,1.45E-07,1.62E-07,4.22E-08,1.93E-08,3.15E-08,5.02E-08,6.65E-08,7.95E-08,1.68E-07,1.01E-07,5.11E-08,3.03E-08,1.84E-08,1.64E-08,2.36E-08,3.43E-08,4.81E-08,4.81E-08,3.47E-08,2.23E-08,6.64E-09,8.24E-09,1.31E-08,2.02E-08,2.41E-08,1.99E-08,1.36E-08,8.51E-09,8.96E-09,1.25E-08,2.15E-08,3.76E-08,6.13E-08,9.64E-08,1.44E-07,1.77E-07,2.75E-07,4.29E-07,7.59E-07,1.51E-06,2.65E-06,3.89E-06,3.24E-06,2.17E-06,1.38E-06,1.21E-06,1.44E-06,1.57E-06,2.76E-06,5.45E-06,4.72E-06,4.85E-06,9.04E-06,2.38E-05,6.77E-05,0.000250408,0.00097946,0.002860349,0.008450089,0.020338017,0.0378691,0.058991227,0.123973526,0.153817862,0.166302726,0.1675345,0.128077134,0.085024416,0.045372322
Head 1,246,1.93E-06,1.72E-06,1.32E-06,9.54E-07,7.99E-07,8.09E-07,9.75E-07,1.05E-06,8.71E-07,6.58E-08,4.06E-08,4.80E-08,4.97E-08,4.76E-08,5.87E-08,7.41E-08,8.88E-08,8.32E-08,5.72E-08,4.15E-08,3.00E-08,2.44E-08,1.97E-08,1.80E-08,1.37E-08,7.67E-09,3.29E-09,1.34E-09,6.04E-10,4.12E-10,4.20E-10,5.85E-10,9.59E-10,1.34E-09,1.49E-09,2.00E-09,2.73E-09,5.08E-09,1.12E-08,2.95E-08,6.81E-08,1.24E-07,1.61E-07,1.48E-07,1.13E-07,7.11E-08,4.62E-08,3.52E-08,3.33E-08,2.91E-08,2.10E-08,1.37E-08,7.68E-09,5.76E-09,5.84E-09,1.02E-08,2.53E-08,6.22E-08,1.23E-07,2.04E-07,4.64E-08,1.94E-08,2.76E-08,4.04E-08,5.37E-08,7.08E-08,1.96E-07,1.32E-07,6.65E-08,3.20E-08,1.30E-08,6.78E-09,5.99E-09,6.78E-09,1.04E-08,1.46E-08,1.57E-08,1.24E-08,3.84E-09,4.14E-09,5.74E-09,9.71E-09,1.62E-08,2.04E-08,1.90E-08,1.11E-08,8.85E-09,8.37E-09,1.03E-08,1.47E-08,2.18E-08,3.33E-08,4.81E-08,5.59E-08,7.71E-08,1.03E-07,1.58E-07,2.95E-07,5.84E-07,1.23E-06,1.62E-06,1.70E-06,1.31E-06,1.09E-06,1.03E-06,8.77E-07,1.44E-06,3.03E-06,3.11E-06,3.23E-06,5.62E-06,1.09E-05,2.27E-05,6.98E-05,0.000274148,0.000792706,0.002847565,0.008548323,0.020620957,0.042911131,0.08749935,0.129153162,0.145054534,0.162544414,0.146103501,0.127884805,0.093795344,0.031826418
Head 1,247,1.77E-06,1.65E-06,1.25E-06,8.90E-07,7.09E-07,7.45E-07,8.72E-07,9.21E-07,8.28E-08,4.15E-08,3.49E-08,3.47E-08,3.54E-08,3.94E-08,5.09E-08,6.91E-08,8.03E-08,6.76E-08,5.43E-08,3.92E-08,3.04E-08,2.23E-08,1.96E-08,1.77E-08,1.32E-08,7.49E-09,3.39E-09,1.29E-09,5.95E-10,3.86E-10,3.91E-10,5.77E-10,8.70E-10,1.10E-09,1.51E-09,1.82E-09,2.67E-09,4.69E-09,1.11E-08,2.79E-08,6.59E-08,1.25E-07,1.64E-07,1.58E-07,1.07E-07,6.31E-08,4.31E-08,3.49E-08,3.03E-08,2.54E-08,1.99E-08,1.19E-08,7.37E-09,5.02E-09,5.51E-09,1.02E-08,2.45E-08,6.14E-08,1.39E-07,3.89E-08,1.56E-08,2.09E-08,2.92E-08,3.93E-08,5.91E-08,2.05E-07,1.86E-07,1.26E-07,7.24E-08,2.90E-08,1.18E-08,6.96E-09,5.42E-09,7.08E-09,1.09E-08,1.57E-08,1.61E-08,5.32E-09,4.76E-09,4.88E-09,6.69E-09,1.14E-08,1.83E-08,2.33E-08,1.66E-08,1.24E-08,9.51E-09,9.23E-09,1.10E-08,1.52E-08,2.35E-08,3.63E-08,4.57E-08,6.46E-08,8.29E-08,1.12E-07,1.77E-07,3.21E-07,7.44E-07,1.24E-06,1.88E-06,1.95E-06,1.70E-06,1.38E-06,9.32E-07,1.21E-06,2.43E-06,2.62E-06,2.96E-06,5.03E-06,7.39E-06,1.14E-05,2.56E-05,8.25E-05,0.0002137,0.000795813,0.002747595,0.008048412,0.021554228,0.051570419,0.093527853,0.115810126,0.143616796,0.144130766,0.154730067,0.153376818,0.078079894,0.031633895
Head 1,248,1.79E-06,1.65E-06,1.21E-06,8.40E-07,7.12E-07,7.43E-07,8.59E-07,1.24E-07,6.29E-08,4.14E-08,3.32E-08,3.45E-08,3.32E-08,3.76E-08,5.08E-08,6.86E-08,7.28E-08,7.01E-08,5.52E-08,4.34E-08,2.97E-08,2.32E-08,2.08E-08,1.85E-08,1.41E-08,8.58E-09,3.63E-09,1.44E-09,6.34E-10,4.10E-10,4.38E-10,5.92E-10,8.11E-10,1.25E-09,1.55E-09,2.01E-09,2.77E-09,5.14E-09,1.15E-08,2.93E-08,7.31E-08,1.41E-07,1.97E-07,1.70E-07,1.06E-07,7.18E-08,4.79E-08,3.58E-08,3.00E-08,2.76E-08,1.99E-08,1.29E-08,7.26E-09,5.21E-09,6.01E-09,1.06E-08,2.60E-08,7.33E-08,3.01E-08,1.33E-08,1.82E-08,2.41E-08,3.04E-08,4.65E-08,1.94E-07,2.21E-07,2.00E-07,1.54E-07,7.48E-08,2.97E-08,1.34E-08,6.91E-09,6.24E-09,8.04E-09,1.29E-08,1.75E-08,7.96E-09,7.22E-09,6.03E-09,6.10E-09,8.50E-09,1.39E-08,2.28E-08,2.42E-08,2.10E-08,1.54E-08,1.22E-08,1.14E-08,1.30E-08,1.84E-08,2.91E-08,3.96E-08,5.96E-08,7.85E-08,9.98E-08,1.36E-07,2.06E-07,4.38E-07,7.54E-07,1.51E-06,2.28E-06,2.60E-06,2.27E-06,1.42E-06,1.42E-06,2.20E-06,2.21E-06,2.66E-06,5.09E-06,6.74E-06,8.56E-06,1.38E-05,3.20E-05,6.57E-05,0.000219169,0.000797475,0.002666999,0.008750837,0.02591061,0.057855722,0.083760962,0.117863022,0.127269194,0.149982348,0.178370386,0.135053322,0.077472247,0.033864297
Head 1,249,2.09E-06,1.84E-06,1.32E-06,9.60E-07,8.11E-07,8.49E-07,1.93E-07,1.21E-07,7.84E-08,4.74E-08,4.82E-08,4.12E-08,3.65E-08,4.22E-08,5.67E-08,7.00E-08,8.20E-08,7.62E-08,6.61E-08,4.69E-08,3.29E-08,2.56E-08,2.23E-08,2.03E-08,1.67E-08,9.59E-09,4.30E-09,1.62E-09,7.19E-10,4.99E-10,4.89E-10,6.04E-10,1.00E-09,1.40E-09,1.86E-09,2.26E-09,3.28E-09,5.75E-09,1.29E-08,3.47E-08,8.80E-08,1.81E-07,2.26E-07,1.81E-07,1.43E-07,8.62E-08,5.28E-08,3.82E-08,3.57E-08,3.06E-08,2.41E-08,1.44E-08,8.30E-09,6.18E-09,6.73E-09,1.20E-08,3.22E-08,1.89E-08,9.82E-09,1.54E-08,2.10E-08,2.50E-08,3.64E-08,1.79E-07,2.24E-07,2.47E-07,2.59E-07,1.72E-07,8.39E-08,3.61E-08,1.41E-08,8.33E-09,7.18E-09,9.60E-09,1.43E-08,9.72E-09,1.04E-08,8.52E-09,6.85E-09,6.93E-09,9.27E-09,1.58E-08,2.35E-08,2.73E-08,2.38E-08,1.83E-08,1.43E-08,1.30E-08,1.54E-08,2.24E-08,3.13E-08,5.03E-08,7.19E-08,9.45E-08,1.20E-07,1.53E-07,2.67E-07,3.98E-07,8.51E-07,1.71E-06,2.79E-06,3.20E-06,2.30E-06,2.00E-06,2.38E-06,1.91E-06,2.16E-06,4.64E-06,6.43E-06,7.77E-06,1.02E-05,1.70E-05,2.62E-05,6.66E-05,0.000219555,0.000752051,0.002800284,0.010880982,0.029593738,0.052643318,0.088122293,0.105814502,0.130983725,0.163584113,0.156686515,0.136064678,0.083599538,0.038083538
Head 1,250,1.87E-06,1.61E-06,1.19E-06,8.66E-07,7.47E-07,2.24E-07,1.85E-07,1.52E-07,7.41E-08,6.79E-08,5.47E-08,3.80E-08,3.43E-08,3.88E-08,4.82E-08,6.41E-08,7.22E-08,7.41E-08,6.04E-08,4.22E-08,2.79E-08,2.07E-08,1.82E-08,1.75E-08,1.37E-08,8.30E-09,3.56E-09,1.38E-09,6.80E-10,4.44E-10,4.12E-10,6.32E-10,9.67E-10,1.46E-09,1.86E-09,2.41E-09,3.36E-09,5.91E-09,1.41E-08,3.82E-08,1.02E-07,1.84E-07,2.10E-07,2.23E-07,1.42E-07,7.61E-08,4.44E-08,3.60E-08,3.17E-08,3.00E-08,2.23E-08,1.37E-08,8.32E-09,5.98E-09,6.67E-09,1.32E-08,9.68E-09,5.85E-09,1.16E-08,1.85E-08,2.33E-08,3.26E-08,1.91E-07,2.30E-07,2.69E-07,3.42E-07,3.08E-07,2.05E-07,1.06E-07,3.99E-08,1.78E-08,1.01E-08,9.20E-09,1.15E-08,1.06E-08,1.39E-08,1.34E-08,1.05E-08,8.34E-09,8.22E-09,1.15E-08,1.95E-08,2.94E-08,3.46E-08,3.15E-08,2.41E-08,1.86E-08,1.74E-08,2.10E-08,2.69E-08,4.33E-08,6.64E-08,9.55E-08,1.25E-07,1.49E-07,2.13E-07,2.55E-07,4.67E-07,1.02E-06,2.16E-06,3.44E-06,3.40E-06,3.21E-06,3.42E-06,2.06E-06,2.04E-06,3.91E-06,5.81E-06,7.51E-06,9.62E-06,1.33E-05,1.71E-05,3.08E-05,8.02E-05,0.000247637,0.000936438,0.004422581,0.014061711,0.030690908,0.061849762,0.085680686,0.111767702,0.134129301,0.139423802,0.157693952,0.139628917,0.08724352,0.03202166
Head 1,251,2.04E-06,1.81E-06,1.32E-06,9.71E-07,2.67E-07,2.59E-07,2.90E-07,1.35E-07,1.13E-07,9.81E-08,6.03E-08,4.40E-08,3.84E-08,4.08E-08,5.40E-08,6.95E-08,8.52E-08,8.62E-08,7.02E-08,4.49E-08,2.87E-08,2.18E-08,2.01E-08,1.84E-08,1.51E-08,8.68E-09,3.76E-09,1.60E-09,7.29E-10,4.47E-10,5.13E-10,7.21E-10,1.18E-09,1.70E-09,2.27E-09,2.82E-09,3.98E-09,7.47E-09,1.80E-08,5.26E-08,1.23E-07,2.03E-07,3.21E-07,2.68E-07,1.54E-07,7.89E-08,5.15E-08,3.89E-08,3.73E-08,3.32E-08,2.52E-08,1.61E-08,9.46E-09,6.88E-09,8.58E-09,5.32E-09,3.19E-09,7.46E-09,1.47E-08,2.18E-08,3.20E-08,2.27E-07,2.57E-07,2.88E-07,3.93E-07,4.33E-07,3.88E-07,2.72E-07,1.23E-07,5.25E-08,2.26E-08,1.33E-08,1.13E-08,1.06E-08,1.51E-08,1.80E-08,1.66E-08,1.26E-08,9.87E-09,1.02E-08,1.46E-08,2.39E-08,3.69E-08,4.45E-08,4.00E-08,3.01E-08,2.38E-08,2.32E-08,2.46E-08,3.61E-08,5.55E-08,8.56E-08,1.23E-07,1.52E-07,1.97E-07,2.05E-07,2.95E-07,5.69E-07,1.32E-06,2.70E-06,3.76E-06,4.75E-06,5.69E-06,2.88E-06,2.33E-06,3.41E-06,4.87E-06,6.53E-06,8.94E-06,1.18E-05,1.37E-05,1.78E-05,3.32E-05,8.15E-05,0.000278398,0.001482377,0.005266676,0.013773424,0.034352042,0.059512127,0.09145344,0.112519257,0.118071266,0.14537181,0.164678439,0.147059828,0.074767224,0.031194484
Head 1,252,3.29E-06,2.88E-06,2.13E-06,4.03E-07,3.75E-07,5.03E-07,2.63E-07,2.15E-07,2.21E-07,1.45E-07,9.73E-08,6.71E-08,5.41E-08,6.11E-08,7.81E-08,1.06E-07,1.29E-07,1.34E-07,9.78E-08,6.15E-08,4.07E-08,3.21E-08,2.85E-08,2.71E-08,2.11E-08,1.23E-08,5.90E-09,2.31E-09,9.81E-10,7.44E-10,7.74E-10,1.14E-09,1.77E-09,2.63E-09,3.33E-09,4.16E-09,6.11E-09,1.16E-08,3.02E-08,7.58E-08,1.63E-07,3.69E-07,4.71E-07,3.64E-07,2.05E-07,1.19E-07,7.28E-08,5.96E-08,5.33E-08,4.87E-08,3.84E-08,2.39E-08,1.41E-08,1.15E-08,4.50E-09,2.11E-09,4.69E-09,1.05E-08,1.89E-08,3.20E-08,2.86E-07,3.21E-07,3.43E-07,4.64E-07,5.53E-07,6.05E-07,5.74E-07,3.54E-07,1.81E-07,7.67E-08,3.41E-08,1.83E-08,1.28E-08,1.58E-08,2.02E-08,2.27E-08,1.96E-08,1.48E-08,1.20E-08,1.17E-08,1.63E-08,2.75E-08,4.31E-08,5.12E-08,4.56E-08,3.58E-08,2.99E-08,2.60E-08,3.26E-08,4.61E-08,7.09E-08,1.09E-07,1.48E-07,1.95E-07,2.02E-07,2.40E-07,3.68E-07,7.55E-07,1.66E-06,2.79E-06,5.10E-06,8.82E-06,4.68E-06,3.43E-06,3.61E-06,4.33E-06,5.46E-06,7.91E-06,1.11E-05,1.28E-05,1.35E-05,1.78E-05,3.15E-05,8.53E-05,0.000445203,0.001644038,0.004737049,0.014116793,0.03106419,0.0625218,0.091787226,0.103412941,0.12527217,0.153031886,0.174660102,0.128378004,0.076184206,0.032504406
Head 1,253,3.93E-06,3.50E-06,4.90E-07,3.94E-07,5.29E-07,3.28E-07,2.59E-07,3.10E-07,2.52E-07,1.85E-07,1.14E-07,7.11E-08,6.32E-08,7.03E-08,9.36E-08,1.24E-07,1.59E-07,1.45E-07,1.03E-07,6.62E-08,4.51E-08,3.40E-08,3.09E-08,2.80E-08,2.18E-08,1.38E-08,6.00E-09,2.18E-09,1.16E-09,8.02E-10,8.89E-10,1.27E-09,2.06E-09,2.93E-09,3.76E-09,4.85E-09,7.29E-09,1.51E-08,3.41E-08,7.93E-08,2.25E-07,4.30E-07,4.98E-07,3.72E-07,2.35E-07,1.27E-07,8.41E-08,6.37E-08,5.93E-08,5.63E-08,4.32E-08,2.68E-08,1.78E-08,4.53E-09,1.40E-09,2.38E-09,5.16E-09,1.07E-08,2.22E-08,2.51E-07,3.19E-07,3.44E-07,4.52E-07,5.32E-07,6.33E-07,7.47E-07,6.19E-07,4.26E-07,2.20E-07,9.48E-08,3.86E-08,1.74E-08,1.61E-08,1.79E-08,2.20E-08,2.32E-08,2.03E-08,1.56E-08,1.09E-08,1.14E-08,1.66E-08,2.86E-08,4.37E-08,5.11E-08,4.72E-08,3.90E-08,2.92E-08,3.03E-08,3.67E-08,5.19E-08,8.06E-08,1.18E-07,1.66E-07,1.89E-07,2.09E-07,2.63E-07,4.33E-07,8.51E-07,1.44E-06,3.42E-06,9.11E-06,6.20E-06,5.24E-06,4.20E-06,3.97E-06,4.21E-06,5.82E-06,8.79E-06,1.15E-05,1.20E-05,1.27E-05,1.64E-05,3.27E-05,0.000138604,0.000499794,0.00147778,0.004974259,0.013056107,0.034099534,0.065397561,0.092049867,0.112381965,0.133183599,0.160323918,0.145940274,0.127435043,0.075038761,0.033843815
Head 1,254,5.24E-06,6.82E-07,4.73E-07,5.28E-07,3.81E-07,3.01E-07,3.81E-07,4.00E-07,3.68E-07,2.49E-07,1.36E-07,9.58E-08,8.45E-08,9.85E-08,1.24E-07,1.77E-07,2.02E-07,1.79E-07,1.30E-07,8.66E-08,5.61E-08,4.35E-08,3.78E-08,3.40E-08,2.88E-08,1.65E-08,6.63E-09,3.03E-09,1.47E-09,1.09E-09,1.17E-09,1.75E-09,2.71E-09,3.93E-09,5.17E-09,6.85E-09,1.11E-08,2.01E-08,4.15E-08,1.22E-07,3.08E-07,5.30E-07,5.92E-07,4.96E-07,2.91E-07,1.72E-07,1.04E-07,8.26E-08,7.99E-08,7.36E-08,5.65E-08,3.96E-08,8.09E-09,1.65E-09,1.79E-09,2.95E-09,5.86E-09,1.40E-08,1.86E-07,3.06E-07,3.75E-07,5.00E-07,5.60E-07,6.56E-07,8.59E-07,8.81E-07,8.15E-07,5.72E-07,3.01E-07,1.20E-07,3.64E-08,2.47E-08,2.05E-08,2.22E-08,2.55E-08,2.75E-08,2.44E-08,1.56E-08,1.23E-08,1.35E-08,2.01E-08,3.33E-08,4.98E-08,6.04E-08,5.89E-08,4.37E-08,3.96E-08,3.96E-08,4.79E-08,6.87E-08,1.01E-07,1.53E-07,1.95E-07,2.26E-07,2.59E-07,3.46E-07,5.56E-07,8.03E-07,2.00E-06,6.99E-06,6.65E-06,7.67E-06,5.95E-06,4.82E-06,4.16E-06,4.74E-06,6.81E-06,9.70E-06,1.16E-05,1.20E-05,1.26E-05,1.82E-05,5.29E-05,0.00016499,0.00045622,0.001618031,0.004675188,0.014747626,0.037385639,0.071047716,0.098910324,0.118646331,0.13745068,0.129612461,0.14398095,0.124123119,0.077435732,0.039555222
Head 1,255,9.70E-07,6.36E-07,5.57E-07,4.29E-07,3.43E-07,4.04E-07,4.90E-07,5.66E-07,4.85E-07,2.80E-07,1.76E-07,1.23E-07,1.17E-07,1.27E-07,1.75E-07,2.25E-07,2.49E-07,2.26E-07,1.72E-07,1.09E-07,7.40E-08,5.49E-08,4.77E-08,4.65E-08,3.51E-08,1.85E-08,9.33E-09,3.88E-09,2.00E-09,1.44E-09,1.61E-09,2.30E-09,3.60E-09,5.30E-09,7.15E-09,1.01E-08,1.46E-08,2.41E-08,6.16E-08,1.67E-07,3.75E-07,6.17E-07,7.73E-07,6.07E-07,3.94E-07,2.13E-07,1.35E-07,1.11E-07,1.03E-07,9.46E-08,8.12E-08,1.94E-08,3.04E-09,2.12E-09,2.26E-09,3.37E-09,7.66E-09,1.01E-07,2.24E-07,3.49E-07,5.25E-07,5.87E-07,6.59E-07,8.68E-07,9.79E-07,1.12E-06,1.04E-06,7.36E-07,3.63E-07,9.08E-08,5.11E-08,3.09E-08,2.48E-08,2.51E-08,2.95E-08,3.22E-08,2.41E-08,1.71E-08,1.42E-08,1.57E-08,2.25E-08,3.61E-08,5.53E-08,7.04E-08,6.07E-08,5.40E-08,4.72E-08,4.78E-08,5.91E-08,8.07E-08,1.25E-07,1.69E-07,2.20E-07,2.61E-07,3.18E-07,4.37E-07,5.12E-07,1.10E-06,4.19E-06,5.04E-06,7.91E-06,8.02E-06,6.78E-06,5.29E-06,4.71E-06,5.57E-06,7.32E-06,9.92E-06,1.15E-05,1.16E-05,1.35E-05,2.61E-05,6.25E-05,0.000146517,0.000499508,0.001476068,0.00512795,0.015983202,0.039502934,0.071605183,0.10071899,0.120497391,0.108562917,0.125892684,0.142144814,0.129631788,0.093833379,0.044164069
Head 1,256,8.19E-07,6.31E-07,4.80E-07,3.97E-07,3.95E-07,4.54E-07,5.80E-07,6.36E-07,4.58E-07,3.01E-07,1.85E-07,1.43E-07,1.29E-07,1.53E-07,1.92E-07,2.41E-07,2.71E-07,2.58E-07,1.88E-07,1.26E-07,8.23E-08,6.19E-08,5.84E-08,5.04E-08,3.48E-08,2.26E-08,1.02E-08,4.44E-09,2.20E-09,1.64E-09,1.76E-09,2.55E-09,4.08E-09,6.17E-09,8.82E-09,1.13E-08,1.50E-08,3.02E-08,7.40E-08,1.82E-07,3.88E-07,7.16E-07,8.33E-07,7.20E-07,4.26E-07,2.37E-07,1.56E-07,1.22E-07,1.13E-07,1.14E-07,4.03E-08,6.33E-09,3.39E-09,2.36E-09,2.29E-09,3.95E-09,4.17E-08,1.14E-07,2.38E-07,4.55E-07,5.63E-07,6.27E-07,7.97E-07,9.05E-07,1.15E-06,1.29E-06,1.21E-06,7.96E-07,2.04E-07,1.14E-07,5.70E-08,3.35E-08,2.55E-08,2.67E-08,3.20E-08,3.19E-08,2.52E-08,1.89E-08,1.60E-08,1.72E-08,2.39E-08,3.90E-08,6.28E-08,6.94E-08,6.99E-08,5.90E-08,5.16E-08,5.29E-08,6.23E-08,9.15E-08,1.22E-07,1.73E-07,2.25E-07,2.77E-07,3.62E-07,3.70E-07,6.55E-07,2.36E-06,2.90E-06,5.29E-06,8.07E-06,8.65E-06,7.43E-06,5.73E-06,5.23E-06,5.42E-06,7.15E-06,9.42E-06,1.06E-05,1.16E-05,1.65E-05,2.84E-05,5.19E-05,0.000153315,0.000438781,0.001572876,0.005433982,0.015508003,0.037488952,0.069590062,0.100575231,0.094503678,0.10414765,0.126839146,0.144526929,0.151899561,0.101518162,0.04559397
Head 1,257,8.21E-07,5.88E-07,5.28E-07,4.59E-07,4.28E-07,5.03E-07,6.25E-07,5.90E-07,4.76E-07,3.02E-07,2.07E-07,1.60E-07,1.52E-07,1.62E-07,2.00E-07,2.56E-07,3.00E-07,2.72E-07,2.11E-07,1.35E-07,8.98E-08,7.40E-08,6.18E-08,4.90E-08,4.20E-08,2.46E-08,1.16E-08,4.87E-09,2.48E-09,1.76E-09,1.90E-09,2.82E-09,4.64E-09,7.41E-09,9.66E-09,1.13E-08,1.77E-08,3.44E-08,7.67E-08,1.79E-07,4.33E-07,7.40E-07,9.52E-07,7.54E-07,4.56E-07,2.66E-07,1.67E-07,1.31E-07,1.31E-07,6.40E-08,1.29E-08,6.79E-09,3.68E-09,2.33E-09,2.58E-09,1.70E-08,4.46E-08,1.14E-07,2.93E-07,4.61E-07,5.66E-07,7.07E-07,7.65E-07,9.87E-07,1.22E-06,1.41E-06,1.23E-06,3.78E-07,2.45E-07,1.21E-07,5.89E-08,3.28E-08,2.59E-08,2.76E-08,3.31E-08,3.18E-08,2.64E-08,2.03E-08,1.69E-08,1.76E-08,2.47E-08,4.29E-08,6.01E-08,7.71E-08,7.41E-08,6.30E-08,5.54E-08,5.41E-08,6.94E-08,8.48E-08,1.24E-07,1.75E-07,2.32E-07,3.12E-07,3.05E-07,4.59E-07,1.52E-06,1.60E-06,2.67E-06,5.86E-06,8.55E-06,9.68E-06,8.04E-06,6.32E-06,5.05E-06,5.32E-06,6.90E-06,8.68E-06,1.05E-05,1.35E-05,1.73E-05,2.38E-05,5.35E-05,0.00013392,0.000462637,0.001622314,0.004711885,0.014021566,0.034434095,0.066978768,0.077840276,0.088293888,0.106888086,0.125367358,0.162689507,0.16342847,0.105486475,0.047428582
Head 1,258,6.65E-07,6.46E-07,5.58E-07,4.20E-07,3.95E-07,4.56E-07,5.06E-07,5.22E-07,3.98E-07,2.80E-07,2.02E-07,1.56E-07,1.30E-07,1.38E-07,1.75E-07,2.33E-07,2.63E-07,2.54E-07,1.85E-07,1.21E-07,8.82E-08,6.40E-08,4.88E-08,4.86E-08,3.71E-08,2.25E-08,1.02E-08,4.35E-09,2.11E-09,1.50E-09,1.68E-09,2.57E-09,4.50E-09,6.61E-09,7.96E-09,1.08E-08,1.66E-08,2.99E-08,6.39E-08,1.72E-07,3.85E-07,7.26E-07,8.48E-07,6.72E-07,4.22E-07,2.34E-07,1.47E-07,1.24E-07,6.79E-08,1.82E-08,1.12E-08,6.01E-09,3.00E-09,2.17E-09,8.09E-09,1.54E-08,3.84E-08,1.23E-07,2.67E-07,4.19E-07,5.75E-07,6.06E-07,7.51E-07,9.37E-07,1.21E-06,1.28E-06,4.90E-07,3.97E-07,2.28E-07,1.09E-07,4.96E-08,2.90E-08,2.36E-08,2.78E-08,2.99E-08,3.01E-08,2.56E-08,1.96E-08,1.60E-08,1.69E-08,2.56E-08,3.86E-08,6.23E-08,7.61E-08,7.32E-08,6.17E-08,5.10E-08,5.36E-08,5.66E-08,7.73E-08,1.13E-07,1.62E-07,2.33E-07,2.34E-07,3.31E-07,1.08E-06,9.34E-07,1.27E-06,3.21E-06,5.85E-06,9.05E-06,9.83E-06,8.24E-06,6.01E-06,4.67E-06,4.91E-06,5.99E-06,8.10E-06,1.12E-05,1.26E-05,1.41E-05,2.30E-05,4.53E-05,0.000138911,0.000461631,0.001287909,0.004295196,0.012942248,0.033623159,0.053571317,0.072944716,0.09365759,0.103738502,0.133615151,0.171012953,0.165629998,0.105910592,0.046974447
Head 1,259,7.67E-07,7.70E-07,5.39E-07,4.12E-07,3.78E-07,3.98E-07,4.83E-07,4.75E-07,3.99E-07,3.13E-07,2.21E-07,1.45E-07,1.20E-07,1.31E-07,1.71E-07,2.20E-07,2.64E-07,2.40E-07,1.77E-07,1.28E-07,8.21E-08,5.41E-08,5.29E-08,4.65E-08,3.71E-08,2.20E-08,1.02E-08,4.15E-09,2.01E-09,1.46E-09,1.67E-09,2.70E-09,4.32E-09,5.90E-09,7.99E-09,1.06E-08,1.49E-08,2.55E-08,6.30E-08,1.55E-07,3.87E-07,6.68E-07,7.94E-07,6.66E-07,4.02E-07,2.23E-07,1.53E-07,7.41E-08,2.35E-08,1.70E-08,1.06E-08,5.38E-09,3.02E-09,6.74E-09,7.58E-09,1.33E-08,4.06E-08,1.11E-07,2.41E-07,4.22E-07,4.85E-07,5.86E-07,7.03E-07,9.22E-07,1.10E-06,5.00E-07,5.21E-07,3.82E-07,2.11E-07,9.42E-08,4.54E-08,2.70E-08,2.50E-08,2.49E-08,2.79E-08,2.84E-08,2.43E-08,1.83E-08,1.49E-08,1.70E-08,2.19E-08,3.83E-08,5.95E-08,7.41E-08,7.19E-08,5.74E-08,5.04E-08,4.49E-08,5.27E-08,7.29E-08,1.09E-07,1.67E-07,1.75E-07,2.49E-07,8.28E-07,6.37E-07,6.94E-07,1.64E-06,3.17E-06,6.01E-06,9.10E-06,1.01E-05,8.54E-06,5.54E-06,4.35E-06,4.25E-06,5.55E-06,8.86E-06,1.01E-05,1.07E-05,1.33E-05,1.93E-05,4.68E-05,0.000134266,0.000332508,0.001119608,0.003736507,0.011882938,0.025840903,0.047899533,0.076842755,0.088720456,0.104521796,0.138571993,0.173793703,0.169099227,0.108576946,0.048738781
Head 1,260,1.07E-06,8.46E-07,6.14E-07,4.48E-07,3.73E-07,4.36E-07,5.04E-07,5.30E-07,5.11E-07,3.91E-07,2.30E-07,1.51E-07,1.29E-07,1.44E-07,1.83E-07,2.49E-07,2.83E-07,2.59E-07,2.12E-07,1.35E-07,7.81E-08,6.76E-08,5.76E-08,5.29E-08,4.13E-08,2.50E-08,1.11E-08,4.53E-09,2.23E-09,1.64E-09,1.98E-09,2.90E-09,4.35E-09,6.42E-09,8.69E-09,1.06E-08,1.42E-08,2.81E-08,6.31E-08,1.74E-07,3.94E-07,6.97E-07,8.73E-07,7.01E-07,4.23E-07,2.60E-07,1.09E-07,3.33E-08,2.50E-08,1.82E-08,1.09E-08,6.14E-09,9.95E-09,7.00E-09,7.28E-09,1.55E-08,4.06E-08,1.10E-07,2.65E-07,3.87E-07,5.05E-07,5.91E-07,7.37E-07,8.86E-07,4.31E-07,5.59E-07,5.35E-07,3.79E-07,1.94E-07,9.24E-08,4.52E-08,3.06E-08,2.39E-08,2.48E-08,2.79E-08,2.85E-08,2.39E-08,1.79E-08,1.58E-08,1.50E-08,2.27E-08,3.78E-08,5.94E-08,7.49E-08,6.87E-08,5.70E-08,4.44E-08,4.24E-08,5.08E-08,7.42E-08,1.16E-07,1.27E-07,1.88E-07,6.25E-07,4.88E-07,4.75E-07,9.46E-07,1.70E-06,3.29E-06,6.18E-06,9.50E-06,1.11E-05,7.92E-06,5.28E-06,3.86E-06,4.00E-06,6.51E-06,7.77E-06,8.75E-06,9.93E-06,1.12E-05,2.02E-05,4.61E-05,9.34E-05,0.000285244,0.000962686,0.003373863,0.008999048,0.022592818,0.049980074,0.071632609,0.085256442,0.106318645,0.138573855,0.175387561,0.171634942,0.112565503,0.052158728
Head 1,261,1.04E-06,8.81E-07,6.02E-07,3.87E-07,3.71E-07,4.16E-07,5.01E-07,5.96E-07,5.66E-07,3.63E-07,2.14E-07,1.45E-07,1.26E-07,1.37E-07,1.84E-07,2.40E-07,2.73E-07,2.76E-07,1.98E-07,1.13E-07,8.70E-08,6.48E-08,5.79E-08,5.19E-08,4.15E-08,2.40E-08,1.08E-08,4.44E-09,2.23E-09,1.74E-09,1.89E-09,2.62E-09,4.05E-09,6.33E-09,7.89E-09,9.20E-09,1.42E-08,2.56E-08,6.48E-08,1.61E-07,3.77E-07,6.98E-07,8.29E-07,6.58E-07,4.44E-07,1.83E-07,4.80E-08,3.26E-08,2.40E-08,1.69E-08,1.12E-08,1.61E-08,9.35E-09,6.20E-09,7.83E-09,1.43E-08,3.74E-08,1.14E-07,2.32E-07,3.84E-07,4.89E-07,5.87E-07,6.67E-07,3.05E-07,4.53E-07,5.44E-07,5.05E-07,3.29E-07,1.82E-07,8.72E-08,4.71E-08,2.80E-08,2.31E-08,2.40E-08,2.70E-08,2.73E-08,2.30E-08,1.87E-08,1.35E-08,1.55E-08,2.20E-08,3.68E-08,5.92E-08,7.07E-08,6.67E-08,5.05E-08,4.03E-08,3.93E-08,5.08E-08,7.64E-08,8.55E-08,1.32E-07,4.26E-07,3.63E-07,3.51E-07,6.02E-07,9.77E-07,1.73E-06,3.35E-06,6.36E-06,9.93E-06,1.00E-05,7.45E-06,4.71E-06,3.64E-06,4.85E-06,5.51E-06,6.60E-06,7.90E-06,8.10E-06,1.17E-05,2.07E-05,3.23E-05,7.92E-05,0.000246572,0.000881059,0.002575784,0.008007891,0.023900179,0.047393989,0.068345837,0.086198233,0.104446635,0.137859717,0.174888268,0.174740225,0.118692353,0.051578954
Head 1,262,1.03E-06,8.14E-07,4.73E-07,3.62E-07,3.34E-07,3.84E-07,5.00E-07,6.00E-07,4.92E-07,3.14E-07,1.89E-07,1.30E-07,1.11E-07,1.27E-07,1.65E-07,2.18E-07,2.71E-07,2.41E-07,1.55E-07,1.17E-07,7.74E-08,6.10E-08,5.32E-08,4.94E-08,3.78E-08,2.23E-08,9.99E-09,4.19E-09,2.21E-09,1.54E-09,1.57E-09,2.12E-09,3.72E-09,5.36E-09,6.40E-09,8.52E-09,1.19E-08,2.42E-08,5.46E-08,1.44E-07,3.55E-07,6.23E-07,7.31E-07,6.52E-07,3.11E-07,7.42E-08,4.39E-08,2.89E-08,2.06E-08,1.60E-08,2.14E-08,1.38E-08,7.63E-09,6.09E-09,6.50E-09,1.19E-08,3.52E-08,9.14E-08,2.13E-07,3.47E-07,4.48E-07,4.83E-07,1.87E-07,2.86E-07,3.96E-07,4.67E-07,4.03E-07,2.83E-07,1.56E-07,7.88E-08,3.90E-08,2.47E-08,2.05E-08,2.13E-08,2.37E-08,2.40E-08,2.20E-08,1.46E-08,1.30E-08,1.38E-08,1.98E-08,3.42E-08,5.22E-08,6.46E-08,5.57E-08,4.20E-08,3.37E-08,3.56E-08,4.73E-08,5.22E-08,8.26E-08,2.49E-07,2.32E-07,2.28E-07,3.77E-07,5.83E-07,9.45E-07,1.67E-06,3.27E-06,5.54E-06,8.30E-06,8.77E-06,6.35E-06,4.29E-06,4.16E-06,3.92E-06,4.36E-06,5.60E-06,6.03E-06,7.96E-06,1.19E-05,1.41E-05,2.46E-05,6.21E-05,0.000209078,0.000623259,0.002203149,0.00817587,0.02216433,0.044223249,0.067078575,0.081547976,0.10204459,0.136412069,0.176698759,0.184890896,0.118761644,0.054765835
Head 1,263,8.76E-07,5.82E-07,4.10E-07,3.03E-07,2.86E-07,3.36E-07,4.46E-07,4.79E-07,3.88E-07,2.52E-07,1.54E-07,1.02E-07,9.10E-08,1.02E-07,1.36E-07,1.95E-07,2.17E-07,1.74E-07,1.45E-07,9.53E-08,6.73E-08,5.15E-08,4.68E-08,4.16E-08,3.23E-08,1.90E-08,8.69E-09,3.81E-09,1.79E-09,1.17E-09,1.11E-09,1.80E-09,2.93E-09,4.08E-09,5.58E-09,6.78E-09,1.08E-08,1.95E-08,4.70E-08,1.30E-07,3.04E-07,5.25E-07,6.86E-07,4.34E-07,1.14E-07,6.40E-08,3.67E-08,2.29E-08,1.80E-08,2.09E-08,1.72E-08,1.08E-08,7.20E-09,4.88E-09,5.25E-09,1.11E-08,2.83E-08,8.64E-08,1.99E-07,3.34E-07,3.91E-07,1.30E-07,1.85E-07,2.61E-07,3.54E-07,3.92E-07,3.58E-07,2.49E-07,1.38E-07,6.63E-08,3.50E-08,2.25E-08,1.88E-08,1.93E-08,2.18E-08,2.43E-08,1.83E-08,1.54E-08,1.27E-08,1.37E-08,2.04E-08,3.34E-08,5.36E-08,5.88E-08,5.03E-08,3.78E-08,3.24E-08,3.50E-08,3.56E-08,5.38E-08,1.50E-07,1.46E-07,1.48E-07,2.51E-07,3.86E-07,6.15E-07,9.78E-07,1.74E-06,2.64E-06,5.02E-06,7.90E-06,8.22E-06,6.41E-06,4.84E-06,3.64E-06,3.23E-06,3.90E-06,4.41E-06,6.04E-06,8.72E-06,9.06E-06,1.10E-05,2.00E-05,5.56E-05,0.000155987,0.000581954,0.002472552,0.008259133,0.022534557,0.045787312,0.064879201,0.081401043,0.10269174,0.137213498,0.184171557,0.17962116,0.121377803,0.048675127
Head 1,264,7.77E-07,6.16E-07,4.19E-07,3.25E-07,3.05E-07,3.66E-07,4.51E-07,4.79E-07,3.93E-07,2.61E-07,1.52E-07,1.05E-07,9.07E-08,1.03E-07,1.49E-07,1.92E-07,1.95E-07,1.98E-07,1.46E-07,1.02E-07,6.91E-08,5.52E-08,4.84E-08,4.37E-08,3.45E-08,2.09E-08,1.00E-08,3.99E-09,1.75E-09,1.07E-09,1.24E-09,1.84E-09,2.87E-09,4.53E-09,5.67E-09,7.78E-09,1.10E-08,2.10E-08,5.30E-08,1.37E-07,3.17E-07,6.08E-07,5.47E-07,1.88E-07,1.18E-07,6.51E-08,3.49E-08,2.44E-08,2.20E-08,2.11E-08,1.70E-08,1.25E-08,7.06E-09,4.80E-09,5.91E-09,1.06E-08,3.20E-08,9.42E-08,2.27E-07,3.45E-07,1.13E-07,1.52E-07,1.97E-07,2.69E-07,3.45E-07,3.98E-07,3.65E-07,2.55E-07,1.36E-07,6.86E-08,3.67E-08,2.38E-08,1.97E-08,2.05E-08,2.53E-08,2.31E-08,2.19E-08,1.69E-08,1.44E-08,1.61E-08,2.26E-08,3.99E-08,5.46E-08,6.11E-08,5.25E-08,4.16E-08,3.69E-08,3.25E-08,4.25E-08,1.02E-07,9.90E-08,1.04E-07,1.88E-07,2.85E-07,4.69E-07,7.03E-07,1.11E-06,1.36E-06,2.59E-06,5.22E-06,8.00E-06,9.01E-06,6.91E-06,4.72E-06,3.32E-06,3.24E-06,3.39E-06,4.78E-06,7.34E-06,7.90E-06,7.60E-06,9.67E-06,1.94E-05,4.45E-05,0.000155444,0.00070267,0.002621184,0.008950146,0.024524165,0.045339931,0.06574183,0.082867041,0.103634447,0.143816531,0.179837033,0.185550809,0.108306348,0.047788419
Head 1,265,8.24E-07,6.25E-07,4.52E-07,3.47E-07,3.25E-07,3.70E-07,4.52E-07,4.86E-07,4.12E-07,2.60E-07,1.58E-07,1.05E-07,9.15E-08,1.13E-07,1.47E-07,1.75E-07,2.21E-07,2.00E-07,1.56E-07,1.04E-07,7.37E-08,5.69E-08,5.03E-08,4.70E-08,3.83E-08,2.43E-08,1.06E-08,3.90E-09,1.65E-09,1.18E-09,1.24E-09,1.76E-09,3.09E-09,4.46E-09,6.25E-09,7.64E-09,1.13E-08,2.26E-08,5.35E-08,1.39E-07,3.56E-07,4.86E-07,2.34E-07,1.91E-07,1.20E-07,6.13E-08,3.72E-08,2.42E-08,2.19E-08,2.05E-08,1.89E-08,1.19E-08,6.68E-09,5.10E-09,5.30E-09,1.12E-08,3.19E-08,1.00E-07,2.19E-07,8.91E-08,1.26E-07,1.51E-07,1.89E-07,2.46E-07,3.27E-07,3.84E-07,3.61E-07,2.37E-07,1.32E-07,6.72E-08,3.65E-08,2.33E-08,1.93E-08,2.21E-08,2.24E-08,2.53E-08,2.22E-08,1.78E-08,1.55E-08,1.63E-08,2.50E-08,3.62E-08,5.28E-08,6.00E-08,5.39E-08,4.45E-08,3.47E-08,3.66E-08,6.78E-08,6.18E-08,6.83E-08,1.32E-07,1.99E-07,3.41E-07,5.13E-07,7.60E-07,7.81E-07,1.24E-06,2.55E-06,4.93E-06,8.25E-06,8.56E-06,6.57E-06,4.20E-06,3.23E-06,2.68E-06,3.41E-06,5.37E-06,6.47E-06,6.14E-06,6.20E-06,8.71E-06,1.46E-05,4.12E-05,0.0001804,0.000696642,0.002685984,0.009362875,0.023355611,0.044587862,0.065535367,0.082567766,0.107806996,0.140555158,0.19104436,0.171092957,0.109649912,0.050729398
Head 1,266,7.56E-07,6.17E-07,4.54E-07,3.36E-07,2.99E-07,3.38E-07,4.20E-07,4.68E-07,3.78E-07,2.48E-07,1.44E-07,9.60E-08,9.02E-08,1.02E-07,1.23E-07,1.81E-07,2.05E-07,1.96E-07,1.47E-07,1.01E-07,6.88E-08,5.30E-08,4.91E-08,4.72E-08,4.04E-08,2.34E-08,9.47E-09,3.60E-09,1.67E-09,1.07E-09,1.07E-09,1.72E-09,2.78E-09,4.47E-09,5.64E-09,7.14E-09,1.11E-08,2.08E-08,4.97E-08,1.44E-07,3.04E-07,1.94E-07,2.23E-07,1.83E-07,1.06E-07,6.14E-08,3.21E-08,2.29E-08,1.99E-08,2.10E-08,1.69E-08,1.06E-08,6.58E-09,4.22E-09,5.18E-09,1.02E-08,3.14E-08,9.00E-08,5.40E-08,9.41E-08,1.19E-07,1.36E-07,1.63E-07,2.19E-07,2.99E-07,3.75E-07,3.19E-07,2.17E-07,1.21E-07,6.32E-08,3.38E-08,2.15E-08,1.96E-08,1.84E-08,2.28E-08,2.41E-08,2.19E-08,1.79E-08,1.46E-08,1.67E-08,2.05E-08,3.27E-08,4.90E-08,5.85E-08,5.42E-08,4.26E-08,3.69E-08,4.79E-08,3.82E-08,4.44E-08,8.63E-08,1.31E-07,2.29E-07,3.58E-07,5.30E-07,5.18E-07,6.72E-07,1.20E-06,2.32E-06,4.88E-06,7.80E-06,7.95E-06,5.83E-06,4.02E-06,2.57E-06,2.56E-06,3.55E-06,4.51E-06,4.96E-06,4.96E-06,5.53E-06,6.66E-06,1.33E-05,4.85E-05,0.000177388,0.000699607,0.002811087,0.008875382,0.022808969,0.044008624,0.065316066,0.085413687,0.1043339,0.150365949,0.175748497,0.171834126,0.116742328,0.050720431
Head 1,267,7.72E-06,6.46E-06,4.67E-06,3.75E-06,3.96E-06,5.28E-06,7.27E-06,7.75E-06,6.08E-06,3.44E-06,1.82E-06,1.22E-06,1.01E-06,1.04E-06,1.64E-06,2.29E-06,2.91E-06,2.83E-06,2.27E-06,1.59E-06,1.14E-06,1.01E-06,1.04E-06,1.14E-06,9.13E-07,5.09E-07,2.59E-07,1.17E-07,5.46E-08,3.59E-08,3.99E-08,5.03E-08,6.93E-08,7.57E-08,7.41E-08,7.79E-08,9.94E-08,1.74E-07,4.44E-07,8.62E-07,9.21E-07,1.31E-06,1.33E-06,9.48E-07,6.04E-07,2.71E-07,1.66E-07,1.26E-07,1.37E-07,1.33E-07,9.92E-08,6.14E-08,2.96E-08,2.19E-08,2.45E-08,5.38E-08,1.48E-07,1.56E-07,3.57E-07,5.33E-07,6.27E-07,6.78E-07,8.47E-07,1.19E-06,1.42E-06,1.41E-06,1.14E-06,7.00E-07,3.69E-07,1.83E-07,9.85E-08,7.53E-08,6.09E-08,7.28E-08,8.37E-08,8.80E-08,7.80E-08,6.11E-08,5.98E-08,6.16E-08,9.97E-08,2.01E-07,3.68E-07,4.86E-07,5.29E-07,4.25E-07,2.94E-07,2.18E-07,2.34E-07,3.31E-07,4.38E-07,6.52E-07,8.65E-07,1.08E-06,1.15E-06,1.30E-06,2.01E-06,3.41E-06,6.99E-06,1.51E-05,2.13E-05,2.01E-05,1.53E-05,8.47E-06,6.29E-06,6.73E-06,1.03E-05,1.29E-05,1.37E-05,1.35E-05,1.26E-05,1.60E-05,3.63E-05,9.21E-05,0.000275434,0.000968482,0.003066051,0.008992257,0.021456026,0.040003106,0.060442593,0.077343278,0.112902835,0.146226168,0.187910095,0.18843995,0.117229618,0.034322318
Head 1,268,8.90E-07,7.25E-07,4.59E-07,3.15E-07,2.82E-07,3.31E-07,4.06E-07,4.42E-07,3.49E-07,2.15E-07,1.32E-07,8.72E-08,7.06E-08,9.07E-08,1.24E-07,1.76E-07,2.05E-07,1.93E-07,1.43E-07,9.53E-08,6.88E-08,5.83E-08,6.06E-08,5.58E-08,4.07E-08,2.49E-08,1.13E-08,3.88E-09,1.49E-09,1.00E-09,1.03E-09,1.67E-09,2.73E-09,4.17E-09,5.66E-09,7.00E-09,1.01E-08,2.15E-08,7.68E-08,5.65E-08,1.21E-07,1.91E-07,2.01E-07,1.72E-07,1.08E-07,5.53E-08,2.90E-08,2.21E-08,1.90E-08,1.77E-08,1.50E-08,8.69E-09,5.38E-09,3.81E-09,4.71E-09,9.17E-09,9.29E-09,2.73E-08,5.96E-08,8.89E-08,1.00E-07,1.12E-07,1.40E-07,2.12E-07,2.85E-07,3.33E-07,2.94E-07,2.02E-07,1.14E-07,5.79E-08,3.40E-08,1.96E-08,1.80E-08,1.95E-08,2.39E-08,2.72E-08,2.41E-08,1.98E-08,1.44E-08,1.46E-08,2.15E-08,3.88E-08,6.12E-08,7.77E-08,7.37E-08,5.27E-08,2.73E-08,2.74E-08,3.86E-08,5.89E-08,1.02E-07,1.71E-07,2.69E-07,2.85E-07,3.15E-07,4.37E-07,6.45E-07,1.21E-06,3.44E-06,5.67E-06,7.71E-06,8.13E-06,5.26E-06,3.56E-06,2.83E-06,2.32E-06,2.62E-06,3.34E-06,4.21E-06,4.11E-06,4.42E-06,7.56E-06,1.68E-05,5.00E-05,0.000198415,0.000760745,0.00282994,0.009023387,0.023602471,0.04738361,0.067836367,0.093814678,0.108564407,0.145918667,0.199830815,0.196786866,0.048992097,0.054312237
Head 1,269,7.86E-07,5.85E-07,3.73E-07,2.62E-07,2.41E-07,2.73E-07,3.39E-07,3.54E-07,2.77E-07,1.80E-07,1.02E-07,6.23E-08,6.02E-08,7.13E-08,1.04E-07,1.45E-07,1.75E-07,1.60E-07,1.19E-07,8.26E-08,6.15E-08,5.71E-08,5.26E-08,4.59E-08,3.77E-08,2.42E-08,9.66E-09,3.13E-09,1.35E-09,8.33E-10,9.34E-10,1.38E-09,2.40E-09,3.84E-09,4.91E-09,6.07E-09,9.97E-09,3.04E-08,2.04E-08,5.14E-08,1.07E-07,1.57E-07,1.88E-07,1.65E-07,9.56E-08,4.60E-08,2.75E-08,1.85E-08,1.60E-08,1.55E-08,1.14E-08,7.69E-09,4.52E-09,3.46E-09,3.88E-09,3.32E-09,9.53E-09,2.66E-08,5.59E-08,8.02E-08,9.39E-08,1.07E-07,1.37E-07,1.97E-07,2.83E-07,3.30E-07,2.91E-07,1.98E-07,1.10E-07,6.07E-08,2.90E-08,2.08E-08,1.81E-08,2.06E-08,2.62E-08,2.86E-08,2.64E-08,1.89E-08,1.48E-08,1.66E-08,2.70E-08,4.80E-08,8.08E-08,1.06E-07,8.06E-08,3.79E-08,3.37E-08,3.20E-08,4.31E-08,7.08E-08,1.20E-07,1.95E-07,2.16E-07,2.41E-07,3.19E-07,4.39E-07,7.27E-07,2.12E-06,3.75E-06,6.11E-06,8.78E-06,7.64E-06,5.83E-06,4.16E-06,2.73E-06,2.28E-06,2.62E-06,3.61E-06,4.07E-06,4.43E-06,5.73E-06,8.97E-06,1.93E-05,6.08E-05,0.000215542,0.000843359,0.003113478,0.010239357,0.027296184,0.050555665,0.079534389,0.090873927,0.115666896,0.166429654,0.211022988,0.070858456,0.126220092,0.046966124
Head 1,270,7.95E-07,5.94E-07,3.91E-07,2.85E-07,2.53E-07,2.89E-07,3.48E-07,3.60E-07,2.96E-07,1.79E-07,9.46E-08,6.75E-08,6.05E-08,7.59E-08,1.08E-07,1.56E-07,1.83E-07,1.69E-07,1.30E-07,9.30E-08,7.60E-08,6.23E-08,5.43E-08,5.13E-08,4.77E-08,2.73E-08,1.03E-08,3.77E-09,1.49E-09,9.99E-10,1.01E-09,1.59E-09,2.84E-09,4.22E-09,5.36E-09,7.55E-09,1.59E-08,8.75E-09,2.17E-08,5.31E-08,1.02E-07,1.75E-07,2.16E-07,1.74E-07,9.76E-08,5.44E-08,2.85E-08,1.95E-08,1.77E-08,1.49E-08,1.25E-08,8.08E-09,4.99E-09,3.43E-09,1.91E-09,3.94E-09,1.06E-08,2.81E-08,5.65E-08,8.39E-08,1.01E-07,1.04E-07,1.41E-07,2.17E-07,3.12E-07,3.58E-07,3.15E-07,2.13E-07,1.28E-07,5.82E-08,3.46E-08,2.32E-08,2.10E-08,2.46E-08,2.97E-08,3.30E-08,2.78E-08,2.02E-08,1.76E-08,2.20E-08,3.52E-08,6.43E-08,1.17E-07,1.15E-07,6.10E-08,5.58E-08,3.61E-08,3.83E-08,5.44E-08,8.71E-08,1.44E-07,1.66E-07,1.89E-07,2.46E-07,3.27E-07,5.03E-07,1.38E-06,2.45E-06,4.10E-06,7.21E-06,8.53E-06,8.74E-06,7.22E-06,4.74E-06,2.83E-06,2.39E-06,2.92E-06,3.55E-06,4.51E-06,5.57E-06,7.01E-06,1.09E-05,2.39E-05,6.57E-05,0.000232762,0.00088977,0.003363592,0.011385991,0.028223524,0.056728236,0.073670417,0.093949169,0.129642695,0.174545005,0.066103645,0.20531778,0.110379606,0.045383368
Head 1,271,8.99E-07,6.91E-07,4.74E-07,3.33E-07,2.98E-07,3.31E-07,3.94E-07,4.22E-07,3.25E-07,1.85E-07,1.11E-07,7.46E-08,7.04E-08,8.58E-08,1.27E-07,1.78E-07,2.12E-07,2.02E-07,1.60E-07,1.25E-07,9.10E-08,7.03E-08,6.34E-08,7.28E-08,5.99E-08,3.25E-08,1.38E-08,4.62E-09,1.99E-09,1.19E-09,1.28E-09,2.05E-09,3.36E-09,4.94E-09,7.12E-09,1.08E-08,4.71E-09,9.84E-09,2.40E-08,5.36E-08,1.23E-07,1.97E-07,2.43E-07,1.92E-07,1.26E-07,6.07E-08,3.26E-08,2.37E-08,1.87E-08,1.78E-08,1.43E-08,9.52E-09,5.32E-09,1.89E-09,2.41E-09,4.62E-09,1.17E-08,2.96E-08,6.08E-08,9.26E-08,8.81E-08,1.08E-07,1.57E-07,2.42E-07,3.38E-07,3.85E-07,3.39E-07,2.48E-07,1.23E-07,6.89E-08,3.81E-08,2.63E-08,2.46E-08,2.74E-08,3.34E-08,3.49E-08,2.85E-08,2.29E-08,2.22E-08,2.77E-08,4.32E-08,9.02E-08,1.17E-07,8.18E-08,9.36E-08,4.97E-08,4.06E-08,4.64E-08,6.31E-08,9.92E-08,1.17E-07,1.39E-07,1.80E-07,2.35E-07,3.50E-07,8.93E-07,1.59E-06,2.52E-06,4.74E-06,6.73E-06,9.32E-06,1.06E-05,8.88E-06,4.64E-06,2.83E-06,2.50E-06,2.65E-06,3.68E-06,5.10E-06,6.36E-06,8.27E-06,1.27E-05,2.40E-05,6.54E-05,0.000224463,0.000874866,0.003462103,0.010985497,0.029298319,0.048842769,0.071818106,0.100950114,0.13248007,0.048422471,0.220182434,0.177892014,0.105916359,0.048455566
Head 1,272,8.46E-07,6.85E-07,4.51E-07,3.19E-07,2.80E-07,3.11E-07,3.81E-07,3.88E-07,2.83E-07,1.79E-07,1.03E-07,7.23E-08,6.58E-08,8.25E-08,1.19E-07,1.69E-07,2.07E-07,2.03E-07,1.73E-07,1.22E-07,8.16E-08,6.31E-08,7.22E-08,7.24E-08,5.61E-08,3.39E-08,1.33E-08,4.83E-09,1.87E-09,1.19E-09,1.32E-09,1.93E-09,3.18E-09,5.26E-09,7.29E-09,2.59E-09,4.22E-09,8.82E-09,1.94E-08,5.23E-08,9.84E-08,1.84E-07,2.24E-07,2.07E-07,1.15E-07,5.70E-08,3.31E-08,2.09E-08,1.87E-08,1.70E-08,1.40E-08,8.53E-09,2.37E-09,2.00E-09,2.34E-09,4.23E-09,1.03E-08,2.68E-08,5.70E-08,6.33E-08,7.82E-08,1.04E-07,1.52E-07,2.27E-07,3.14E-07,3.59E-07,3.43E-07,2.09E-07,1.27E-07,6.61E-08,3.75E-08,2.66E-08,2.34E-08,2.65E-08,3.04E-08,3.02E-08,2.67E-08,2.33E-08,2.32E-08,2.73E-08,5.15E-08,7.34E-08,6.93E-08,1.15E-07,6.61E-08,4.75E-08,4.46E-08,4.77E-08,6.45E-08,7.70E-08,9.33E-08,1.23E-07,1.59E-07,2.32E-07,5.46E-07,9.87E-07,1.48E-06,2.74E-06,4.02E-06,6.69E-06,1.04E-05,1.27E-05,7.87E-06,4.26E-06,2.71E-06,2.09E-06,2.55E-06,3.86E-06,5.47E-06,7.34E-06,9.26E-06,1.23E-05,2.31E-05,6.08E-05,0.000212716,0.000880737,0.003278498,0.011196205,0.024901612,0.047211364,0.076721765,0.102838479,0.035675142,0.180918306,0.189876437,0.168763831,0.110100329,0.047232781
Head 1,273,8.58E-07,6.63E-07,4.43E-07,3.07E-07,2.71E-07,3.09E-07,3.64E-07,3.54E-07,2.84E-07,1.74E-07,1.04E-07,7.04E-08,6.53E-08,7.95E-08,1.15E-07,1.67E-07,2.10E-07,2.19E-07,1.70E-07,1.09E-07,7.22E-08,7.12E-08,7.03E-08,6.59E-08,5.70E-08,3.20E-08,1.37E-08,4.52E-09,1.85E-09,1.23E-09,1.24E-09,1.84E-09,3.35E-09,5.45E-09,1.77E-09,2.36E-09,3.89E-09,7.24E-09,1.92E-08,3.70E-08,9.37E-08,1.70E-07,2.44E-07,1.91E-07,1.09E-07,5.90E-08,2.95E-08,2.14E-08,1.81E-08,1.71E-08,1.30E-08,3.73E-09,2.59E-09,1.98E-09,2.16E-09,3.75E-09,9.30E-09,2.49E-08,3.79E-08,5.57E-08,7.44E-08,1.00E-07,1.43E-07,2.10E-07,2.88E-07,3.62E-07,2.90E-07,2.12E-07,1.21E-07,6.47E-08,3.73E-08,2.48E-08,2.23E-08,2.29E-08,2.54E-08,2.66E-08,2.48E-08,2.27E-08,2.10E-08,3.04E-08,3.77E-08,4.05E-08,9.11E-08,7.23E-08,5.69E-08,5.02E-08,4.32E-08,4.64E-08,5.26E-08,6.13E-08,8.26E-08,1.07E-07,1.53E-07,3.40E-07,6.06E-07,8.89E-07,1.59E-06,2.24E-06,3.84E-06,7.12E-06,1.13E-05,1.05E-05,6.85E-06,3.88E-06,2.21E-06,1.94E-06,2.62E-06,3.99E-06,6.19E-06,8.07E-06,8.86E-06,1.17E-05,2.11E-05,5.66E-05,0.000210552,0.000813517,0.003256922,0.009284908,0.023559067,0.049478311,0.077128008,0.029920382,0.137399793,0.15604718,0.179679021,0.176250607,0.107652329,0.049137004
Head 1,274,7.09E-07,5.63E-07,3.69E-07,2.62E-07,2.40E-07,2.65E-07,3.00E-07,3.17E-07,2.47E-07,1.57E-07,9.14E-08,6.25E-08,5.61E-08,6.74E-08,9.97E-08,1.49E-07,1.99E-07,1.91E-07,1.35E-07,8.51E-08,7.06E-08,5.94E-08,5.42E-08,5.69E-08,4.56E-08,2.79E-08,1.10E-08,3.84E-09,1.67E-09,1.03E-09,1.08E-09,1.76E-09,3.50E-09,1.19E-09,1.52E-09,2.09E-09,3.09E-09,6.89E-09,1.26E-08,3.54E-08,8.44E-08,1.82E-07,2.18E-07,1.73E-07,1.06E-07,4.84E-08,2.80E-08,1.90E-08,1.70E-08,1.50E-08,5.22E-09,3.80E-09,2.41E-09,1.74E-09,1.86E-09,3.34E-09,8.70E-09,1.76E-08,3.48E-08,5.59E-08,7.68E-08,1.02E-07,1.43E-07,2.07E-07,3.12E-07,3.26E-07,3.09E-07,2.14E-07,1.25E-07,6.75E-08,3.64E-08,2.49E-08,1.97E-08,2.04E-08,2.38E-08,2.56E-08,2.55E-08,2.21E-08,2.52E-08,2.44E-08,2.35E-08,5.84E-08,6.45E-08,6.62E-08,6.69E-08,5.41E-08,4.73E-08,4.96E-08,4.94E-08,6.41E-08,8.35E-08,1.19E-07,2.49E-07,4.21E-07,6.21E-07,1.08E-06,1.46E-06,2.38E-06,4.45E-06,7.63E-06,1.06E-05,1.02E-05,6.99E-06,3.70E-06,2.32E-06,2.28E-06,3.04E-06,5.02E-06,7.66E-06,8.82E-06,9.76E-06,1.25E-05,2.31E-05,6.52E-05,0.000222278,0.000915709,0.00305945,0.009935381,0.027452949,0.054174628,0.027468037,0.109491132,0.121072911,0.147878245,0.186958537,0.165034458,0.104172282,0.041965481
Head 1,275,7.06E-07,5.42E-07,3.61E-07,2.64E-07,2.32E-07,2.44E-07,2.99E-07,3.06E-07,2.47E-07,1.54E-07,8.98E-08,5.98E-08,5.35E-08,6.63E-08,1.00E-07,1.59E-07,1.95E-07,1.71E-07,1.16E-07,9.20E-08,6.70E-08,5.28E-08,5.48E-08,5.30E-08,4.62E-08,2.61E-08,1.06E-08,3.91E-09,1.57E-09,9.91E-10,1.12E-09,2.15E-09,8.12E-10,1.11E-09,1.42E-09,1.76E-09,3.08E-09,4.73E-09,1.22E-08,3.19E-08,9.19E-08,1.66E-07,2.05E-07,1.76E-07,9.25E-08,4.96E-08,2.68E-08,1.92E-08,1.58E-08,6.77E-09,5.72E-09,3.82E-09,2.25E-09,1.54E-09,1.69E-09,3.14E-09,6.37E-09,1.58E-08,3.35E-08,5.43E-08,7.30E-08,9.48E-08,1.31E-07,2.11E-07,2.66E-07,3.26E-07,2.94E-07,2.11E-07,1.25E-07,6.35E-08,3.49E-08,2.10E-08,1.71E-08,1.86E-08,2.19E-08,2.55E-08,2.35E-08,2.47E-08,1.96E-08,1.46E-08,2.93E-08,3.99E-08,5.42E-08,6.98E-08,6.40E-08,5.15E-08,5.06E-08,4.03E-08,4.57E-08,5.71E-08,8.01E-08,1.68E-07,2.65E-07,3.96E-07,6.83E-07,9.24E-07,1.46E-06,2.50E-06,3.62E-06,6.35E-06,9.18E-06,9.39E-06,6.29E-06,3.47E-06,2.40E-06,2.31E-06,3.27E-06,5.47E-06,7.39E-06,8.38E-06,8.85E-06,1.16E-05,2.27E-05,5.96E-05,0.000218103,0.00075101,0.002852022,0.01006794,0.026617717,0.021078814,0.081815489,0.093968906,0.114063665,0.159710497,0.181891888,0.169023812,0.095373504,0.042381629
Head 1,276,6.90E-07,5.43E-07,3.82E-07,2.72E-07,2.30E-07,2.67E-07,3.14E-07,3.30E-07,2.61E-07,1.63E-07,9.31E-08,6.20E-08,5.60E-08,7.03E-08,1.13E-07,1.64E-07,1.88E-07,1.55E-07,1.35E-07,9.45E-08,6.43E-08,5.79E-08,5.50E-08,5.81E-08,4.68E-08,2.75E-08,1.18E-08,4.12E-09,1.72E-09,1.20E-09,1.53E-09,5.91E-10,8.76E-10,1.21E-09,1.46E-09,2.14E-09,2.99E-09,5.98E-09,1.40E-08,4.42E-08,1.07E-07,1.97E-07,2.59E-07,1.86E-07,1.12E-07,5.55E-08,3.16E-08,2.10E-08,9.03E-09,8.48E-09,6.68E-09,4.15E-09,2.35E-09,1.72E-09,2.00E-09,3.03E-09,7.61E-09,2.05E-08,4.43E-08,7.17E-08,9.64E-08,1.24E-07,1.89E-07,2.46E-07,3.58E-07,4.11E-07,3.83E-07,2.77E-07,1.54E-07,7.69E-08,3.84E-08,2.33E-08,2.06E-08,2.29E-08,2.90E-08,3.03E-08,3.48E-08,2.80E-08,1.71E-08,2.59E-08,3.17E-08,4.84E-08,7.86E-08,9.48E-08,8.78E-08,9.76E-08,6.36E-08,5.68E-08,6.03E-08,7.85E-08,1.57E-07,2.37E-07,3.61E-07,6.03E-07,8.22E-07,1.29E-06,2.05E-06,2.50E-06,4.41E-06,7.97E-06,1.19E-05,1.21E-05,8.07E-06,4.78E-06,3.30E-06,3.30E-06,4.77E-06,7.03E-06,9.27E-06,1.02E-05,1.13E-05,1.56E-05,2.80E-05,7.57E-05,0.000227459,0.000885739,0.003619641,0.012052368,0.013809628,0.059091441,0.076522611,0.093788348,0.129504114,0.157741666,0.183588326,0.145352945,0.087863594,0.035716876
Head 1,277,6.92E-07,5.72E-07,3.81E-07,2.54E-07,2.38E-07,2.61E-07,3.15E-07,3.26E-07,2.59E-07,1.57E-07,9.08E-08,6.07E-08,5.63E-08,7.52E-08,1.11E-07,1.51E-07,1.49E-07,1.63E-07,1.29E-07,8.65E-08,6.82E-08,5.62E-08,5.88E-08,5.70E-08,4.80E-08,2.93E-08,1.18E-08,4.10E-09,1.86E-09,1.24E-09,4.07E-10,5.67E-10,8.18E-10,1.05E-09,1.46E-09,1.84E-09,2.82E-09,5.28E-09,1.53E-08,4.11E-08,1.02E-07,2.05E-07,2.29E-07,1.93E-07,1.12E-07,5.84E-08,3.03E-08,1.09E-08,9.88E-09,8.76E-09,6.42E-09,3.74E-09,2.22E-09,1.66E-09,1.47E-09,2.81E-09,7.62E-09,2.06E-08,4.34E-08,6.89E-08,9.06E-08,1.30E-07,1.60E-07,2.50E-07,3.43E-07,4.08E-07,3.86E-07,2.65E-07,1.42E-07,6.96E-08,3.34E-08,2.20E-08,1.97E-08,2.33E-08,2.41E-08,3.25E-08,3.11E-08,1.84E-08,2.07E-08,2.00E-08,2.82E-08,4.96E-08,7.74E-08,9.35E-08,1.32E-07,8.32E-08,6.03E-08,5.17E-08,5.82E-08,1.06E-07,1.55E-07,2.37E-07,3.88E-07,5.41E-07,9.01E-07,1.46E-06,1.48E-06,2.23E-06,4.02E-06,7.51E-06,1.17E-05,1.19E-05,8.15E-06,4.89E-06,3.43E-06,3.57E-06,4.67E-06,6.71E-06,8.48E-06,9.51E-06,1.09E-05,1.40E-05,2.62E-05,6.02E-05,0.000209164,0.000883904,0.00344778,0.005472698,0.029181289,0.049322318,0.071871862,0.105301797,0.130149096,0.167268306,0.167492166,0.149720848,0.083172217,0.036293972
Head 1,278,6.52E-07,5.11E-07,3.20E-07,2.42E-07,2.13E-07,2.41E-07,2.87E-07,3.00E-07,2.32E-07,1.44E-07,8.20E-08,5.62E-08,5.49E-08,6.75E-08,9.33E-08,1.02E-07,1.41E-07,1.41E-07,1.08E-07,8.32E-08,5.92E-08,5.36E-08,5.06E-08,5.20E-08,4.56E-08,2.61E-08,1.05E-08,4.03E-09,1.46E-09,3.47E-10,3.71E-10,4.96E-10,6.88E-10,1.02E-09,1.30E-09,1.72E-09,2.53E-09,5.86E-09,1.42E-08,3.86E-08,1.05E-07,1.78E-07,2.30E-07,1.88E-07,1.12E-07,5.28E-08,1.42E-08,1.11E-08,9.58E-09,7.99E-09,5.52E-09,3.43E-09,2.09E-09,1.12E-09,1.36E-09,2.85E-09,7.88E-09,2.08E-08,4.35E-08,6.84E-08,1.01E-07,1.16E-07,1.76E-07,2.54E-07,3.55E-07,4.33E-07,3.89E-07,2.56E-07,1.42E-07,6.32E-08,3.29E-08,2.22E-08,2.11E-08,1.89E-08,2.71E-08,3.28E-08,2.28E-08,2.33E-08,1.74E-08,1.96E-08,3.09E-08,5.33E-08,8.41E-08,1.70E-07,1.31E-07,9.05E-08,6.37E-08,5.75E-08,8.09E-08,1.14E-07,1.72E-07,2.78E-07,3.85E-07,6.72E-07,1.18E-06,1.19E-06,1.47E-06,2.27E-06,4.17E-06,8.16E-06,1.27E-05,1.28E-05,9.02E-06,5.48E-06,3.98E-06,3.80E-06,4.91E-06,6.85E-06,8.84E-06,1.03E-05,1.11E-05,1.48E-05,2.37E-05,6.31E-05,0.000236226,0.000947418,0.001675196,0.011761687,0.026340917,0.049634591,0.084135011,0.108602732,0.140814647,0.150670126,0.173458636,0.136790097,0.082935899,0.031776525
Head 1,279,6.72E-07,4.92E-07,3.54E-07,2.51E-07,2.29E-07,2.54E-07,3.06E-07,3.10E-07,2.46E-07,1.50E-07,8.87E-08,6.34E-08,5.76E-08,6.62E-08,6.88E-08,1.11E-07,1.42E-07,1.39E-07,1.21E-07,8.40E-08,6.61E-08,5.36E-08,5.44E-08,5.84E-08,4.81E-08,2.75E-08,1.22E-08,3.09E-09,5.33E-10,3.73E-10,3.73E-10,4.78E-10,7.53E-10,9.91E-10,1.37E-09,1.77E-09,3.20E-09,6.11E-09,1.49E-08,4.54E-08,1.04E-07,2.03E-07,2.58E-07,2.15E-07,1.16E-07,2.46E-08,1.64E-08,1.22E-08,1.00E-08,7.87E-09,5.77E-09,3.62E-09,1.49E-09,1.15E-09,1.53E-09,3.23E-09,8.60E-09,2.22E-08,4.59E-08,8.11E-08,9.57E-08,1.38E-07,1.89E-07,2.77E-07,3.99E-07,4.62E-07,4.05E-07,2.79E-07,1.36E-07,6.49E-08,3.45E-08,2.50E-08,1.72E-08,2.20E-08,2.91E-08,2.55E-08,2.71E-08,1.91E-08,1.74E-08,2.24E-08,3.42E-08,5.93E-08,1.56E-07,1.75E-07,1.47E-07,9.99E-08,7.43E-08,7.17E-08,8.93E-08,1.28E-07,2.06E-07,2.83E-07,5.04E-07,9.80E-07,1.05E-06,1.16E-06,1.52E-06,2.40E-06,4.67E-06,9.31E-06,1.40E-05,1.45E-05,1.04E-05,6.47E-06,4.36E-06,4.14E-06,5.21E-06,7.28E-06,9.76E-06,1.08E-05,1.20E-05,1.36E-05,2.51E-05,7.08E-05,0.000250791,0.00042439,0.00369458,0.010505489,0.026335604,0.056701906,0.08554396,0.117928341,0.127600104,0.161037266,0.160171583,0.141437307,0.074801922,0.033326671
Head 1,280,6.03E-07,5.11E-07,3.42E-07,2.52E-07,2.24E-07,2.54E-07,2.97E-07,3.09E-07,2.42E-07,1.53E-07,9.26E-08,6.26E-08,5.30E-08,4.46E-08,6.91E-08,1.03E-07,1.30E-07,1.44E-07,1.14E-07,8.79E-08,6.17E-08,5.37E-08,5.68E-08,5.73E-08,4.73E-08,2.95E-08,7.50E-09,1.13E-09,5.32E-10,3.46E-10,3.31E-10,4.80E-10,6.01E-10,9.68E-10,1.31E-09,2.08E-09,3.09E-09,5.92E-09,1.64E-08,4.15E-08,1.10E-07,2.12E-07,2.75E-07,2.09E-07,4.33E-08,2.72E-08,1.70E-08,1.20E-08,9.36E-09,7.83E-09,5.80E-09,2.44E-09,1.44E-09,1.21E-09,1.64E-09,3.37E-09,8.74E-09,2.24E-08,5.21E-08,7.34E-08,1.10E-07,1.43E-07,2.00E-07,3.02E-07,4.12E-07,4.77E-07,4.18E-07,2.59E-07,1.34E-07,6.47E-08,3.77E-08,1.99E-08,1.92E-08,2.28E-08,2.33E-08,2.60E-08,2.21E-08,1.87E-08,2.03E-08,2.44E-08,3.74E-08,1.02E-07,1.63E-07,1.97E-07,1.62E-07,1.16E-07,7.64E-08,7.84E-08,9.88E-08,1.51E-07,2.03E-07,3.56E-07,7.45E-07,8.85E-07,9.65E-07,1.15E-06,1.55E-06,2.61E-06,5.25E-06,1.02E-05,1.56E-05,1.66E-05,1.19E-05,6.82E-06,4.63E-06,4.36E-06,5.45E-06,7.96E-06,1.01E-05,1.14E-05,1.09E-05,1.43E-05,2.79E-05,7.52E-05,0.000106275,0.000995459,0.003266928,0.010439621,0.029649127,0.057461098,0.093679607,0.108037636,0.137549832,0.147922114,0.169518411,0.129360497,0.07908836,0.032668393
Head 1,281,7.11E-07,5.59E-07,3.91E-07,2.79E-07,2.54E-07,2.79E-07,3.32E-07,3.44E-07,2.79E-07,1.81E-07,1.06E-07,6.69E-08,4.18E-08,5.10E-08,7.32E-08,1.07E-07,1.53E-07,1.54E-07,1.36E-07,9.37E-08,6.97E-08,6.31E-08,6.31E-08,6.41E-08,5.72E-08,1.85E-08,3.32E-09,1.28E-09,5.60E-10,3.45E-10,3.69E-10,3.71E-10,6.53E-10,1.02E-09,1.68E-09,2.19E-09,3.27E-09,7.06E-09,1.61E-08,4.77E-08,1.22E-07,2.46E-07,2.93E-07,7.59E-08,5.33E-08,3.09E-08,1.83E-08,1.24E-08,1.02E-08,8.67E-09,4.55E-09,2.58E-09,1.64E-09,1.41E-09,1.85E-09,3.65E-09,9.29E-09,2.66E-08,4.91E-08,8.73E-08,1.18E-07,1.58E-07,2.27E-07,3.23E-07,4.55E-07,4.87E-07,4.06E-07,2.67E-07,1.38E-07,7.39E-08,3.29E-08,2.29E-08,2.00E-08,1.98E-08,2.02E-08,2.34E-08,2.15E-08,2.29E-08,2.23E-08,2.65E-08,5.84E-08,1.07E-07,1.84E-07,2.16E-07,1.88E-07,9.98E-08,8.40E-08,8.79E-08,1.18E-07,1.49E-07,2.52E-07,5.39E-07,6.91E-07,7.91E-07,9.37E-07,1.18E-06,1.73E-06,3.01E-06,5.99E-06,1.14E-05,1.80E-05,1.90E-05,1.25E-05,7.32E-06,5.00E-06,4.62E-06,6.00E-06,8.26E-06,1.07E-05,1.04E-05,1.14E-05,1.58E-05,2.94E-05,3.23E-05,0.000255801,0.000851113,0.003151678,0.011445936,0.029244894,0.061591916,0.085454762,0.115028851,0.125675187,0.159205019,0.155419037,0.138076767,0.078545906,0.035825659
Head 1,282,7.40E-07,6.07E-07,4.10E-07,3.01E-07,2.65E-07,2.93E-07,3.51E-07,3.73E-07,3.07E-07,1.93E-07,1.06E-07,5.23E-08,4.48E-08,5.12E-08,7.23E-08,1.19E-07,1.54E-07,1.72E-07,1.37E-07,9.85E-08,7.64E-08,6.57E-08,6.61E-08,7.19E-08,3.18E-08,8.54E-09,3.58E-09,1.28E-09,5.31E-10,3.68E-10,2.52E-10,3.87E-10,6.51E-10,1.22E-09,1.68E-09,2.22E-09,3.73E-09,6.70E-09,1.81E-08,5.05E-08,1.37E-07,2.49E-07,9.74E-08,8.98E-08,5.77E-08,3.15E-08,1.79E-08,1.27E-08,1.07E-08,7.12E-09,4.55E-09,2.74E-09,1.77E-09,1.50E-09,1.91E-09,3.73E-09,1.07E-08,2.43E-08,5.60E-08,9.06E-08,1.27E-07,1.74E-07,2.36E-07,3.54E-07,4.25E-07,4.58E-07,4.05E-07,2.61E-07,1.52E-07,6.75E-08,3.65E-08,2.26E-08,1.83E-08,1.46E-08,2.16E-08,2.29E-08,2.73E-08,2.51E-08,2.38E-08,3.78E-08,6.10E-08,1.23E-07,2.00E-07,2.43E-07,1.34E-07,1.02E-07,9.17E-08,1.01E-07,1.13E-07,1.74E-07,3.55E-07,4.74E-07,5.81E-07,7.30E-07,9.42E-07,1.34E-06,1.99E-06,3.49E-06,6.54E-06,1.27E-05,2.00E-05,1.92E-05,1.29E-05,7.63E-06,5.12E-06,4.93E-06,6.09E-06,8.59E-06,9.61E-06,1.06E-05,1.22E-05,1.62E-05,1.41E-05,7.53E-05,0.000219072,0.000821571,0.00349644,0.011285873,0.031423166,0.057385202,0.091178425,0.105196528,0.134557903,0.142479211,0.164439127,0.135145709,0.084672935,0.037436862
Head 1,283,7.90E-07,6.27E-07,4.33E-07,3.06E-07,2.70E-07,3.04E-07,3.72E-07,4.02E-07,3.21E-07,1.92E-07,8.82E-08,5.46E-08,4.41E-08,4.96E-08,7.82E-08,1.17E-07,1.67E-07,1.72E-07,1.41E-07,1.06E-07,7.86E-08,6.81E-08,7.36E-08,3.92E-08,1.67E-08,9.25E-09,3.54E-09,1.21E-09,5.58E-10,2.53E-10,2.57E-10,3.71E-10,7.39E-10,1.19E-09,1.65E-09,2.41E-09,3.36E-09,7.23E-09,1.82E-08,5.48E-08,1.34E-07,8.41E-08,1.13E-07,9.58E-08,5.78E-08,3.04E-08,1.80E-08,1.31E-08,9.82E-09,7.08E-09,4.73E-09,2.89E-09,1.87E-09,1.53E-09,1.90E-09,4.19E-09,9.50E-09,2.66E-08,5.60E-08,9.39E-08,1.34E-07,1.73E-07,2.48E-07,3.05E-07,3.85E-07,4.48E-07,3.90E-07,2.78E-07,1.44E-07,7.14E-08,3.26E-08,2.07E-08,1.19E-08,1.81E-08,2.07E-08,2.85E-08,2.92E-08,2.57E-08,3.12E-08,3.74E-08,6.79E-08,1.27E-07,2.13E-07,1.53E-07,1.27E-07,1.09E-07,9.92E-08,9.18E-08,1.22E-07,2.24E-07,2.99E-07,3.82E-07,5.08E-07,7.02E-07,1.07E-06,1.49E-06,2.29E-06,3.65E-06,6.79E-06,1.34E-05,1.94E-05,1.89E-05,1.30E-05,7.57E-06,5.21E-06,4.78E-06,6.12E-06,7.48E-06,9.41E-06,1.08E-05,1.18E-05,8.85E-06,2.75E-05,6.10E-05,0.000200945,0.000890025,0.003324651,0.011680409,0.028564274,0.059415441,0.081938475,0.110456288,0.117995501,0.151264802,0.160106987,0.145460501,0.089040503,0.039408278
Head 1,284,6.78E-07,5.52E-07,3.68E-07,2.63E-07,2.39E-07,2.73E-07,3.40E-07,3.52E-07,2.68E-07,1.45E-07,7.64E-08,4.46E-08,3.55E-08,4.45E-08,6.43E-08,1.06E-07,1.42E-07,1.49E-07,1.27E-07,9.19E-08,6.80E-08,6.37E-08,3.56E-08,2.04E-08,1.54E-08,7.58E-09,2.82E-09,1.07E-09,3.90E-10,2.29E-10,2.19E-10,3.70E-10,6.53E-10,1.07E-09,1.65E-09,2.04E-09,3.47E-09,6.96E-09,1.89E-08,5.07E-08,4.67E-08,9.18E-08,1.13E-07,8.82E-08,5.01E-08,2.70E-08,1.64E-08,1.18E-08,8.64E-09,6.51E-09,4.40E-09,2.72E-09,1.72E-09,1.40E-09,2.01E-09,3.55E-09,1.01E-08,2.61E-08,5.76E-08,1.00E-07,1.36E-07,1.85E-07,2.17E-07,2.80E-07,3.86E-07,4.46E-07,4.13E-07,2.82E-07,1.51E-07,5.78E-08,3.11E-08,1.40E-08,1.69E-08,1.84E-08,2.69E-08,3.25E-08,3.17E-08,3.58E-08,3.34E-08,4.72E-08,7.92E-08,1.52E-07,1.47E-07,1.52E-07,1.50E-07,1.27E-07,9.90E-08,1.09E-07,1.65E-07,2.15E-07,2.73E-07,3.77E-07,5.51E-07,9.24E-07,1.33E-06,1.93E-06,2.64E-06,4.06E-06,7.84E-06,1.42E-05,2.05E-05,2.03E-05,1.36E-05,7.99E-06,5.30E-06,5.10E-06,5.66E-06,7.72E-06,1.00E-05,1.11E-05,8.18E-06,1.54E-05,2.41E-05,6.03E-05,0.000237521,0.000913525,0.003713358,0.011489608,0.031581439,0.056414131,0.087340921,0.097405419,0.1265627,0.145673484,0.168184981,0.146905854,0.088333517,0.034984544
Head 1,285,6.60E-07,5.19E-07,3.52E-07,2.59E-07,2.40E-07,2.83E-07,3.33E-07,3.32E-07,2.46E-07,1.41E-07,7.07E-08,4.08E-08,3.58E-08,4.08E-08,6.41E-08,9.91E-08,1.36E-07,1.49E-07,1.23E-07,8.79E-08,7.10E-08,3.88E-08,2.32E-08,2.13E-08,1.39E-08,6.79E-09,2.78E-09,1.05E-09,3.92E-10,2.18E-10,2.41E-10,3.67E-10,6.52E-10,1.16E-09,1.53E-09,2.30E-09,3.68E-09,7.91E-09,1.89E-08,2.06E-08,5.42E-08,9.81E-08,1.13E-07,8.30E-08,4.86E-08,2.68E-08,1.71E-08,1.12E-08,8.71E-09,6.62E-09,4.51E-09,2.74E-09,1.72E-09,1.61E-09,1.83E-09,4.05E-09,1.06E-08,2.86E-08,6.55E-08,1.08E-07,1.54E-07,1.76E-07,2.13E-07,3.04E-07,4.24E-07,5.02E-07,4.72E-07,3.16E-07,1.15E-07,5.98E-08,2.44E-08,2.01E-08,1.83E-08,2.45E-08,3.24E-08,3.71E-08,4.46E-08,3.86E-08,4.35E-08,5.75E-08,1.00E-07,1.16E-07,1.51E-07,1.90E-07,1.81E-07,1.34E-07,1.25E-07,1.55E-07,1.89E-07,2.15E-07,2.90E-07,4.30E-07,7.73E-07,1.22E-06,1.80E-06,2.34E-06,2.98E-06,4.76E-06,8.48E-06,1.54E-05,2.27E-05,2.19E-05,1.46E-05,8.32E-06,5.86E-06,4.94E-06,6.11E-06,8.57E-06,1.06E-05,8.68E-06,1.24E-05,1.41E-05,2.48E-05,7.34E-05,0.000247897,0.001029433,0.003665765,0.012857516,0.030798301,0.060153678,0.077997953,0.10538277,0.121727116,0.153336883,0.171931133,0.148526818,0.078973226,0.033086356
Head 1,286,6.30E-07,5.03E-07,3.49E-07,2.62E-07,2.53E-07,2.79E-07,3.19E-07,3.29E-07,2.48E-07,1.35E-07,6.72E-08,4.24E-08,3.39E-08,4.15E-08,6.05E-08,9.64E-08,1.36E-07,1.46E-07,1.19E-07,9.35E-08,5.23E-08,2.67E-08,2.48E-08,1.91E-08,1.25E-08,6.73E-09,3.25E-09,1.05E-09,3.73E-10,2.39E-10,2.41E-10,3.68E-10,7.04E-10,1.07E-09,1.68E-09,2.41E-09,4.10E-09,7.75E-09,7.86E-09,2.34E-08,5.67E-08,9.74E-08,1.06E-07,8.18E-08,4.91E-08,2.88E-08,1.63E-08,1.15E-08,8.96E-09,6.83E-09,4.60E-09,2.76E-09,1.95E-09,1.42E-09,2.06E-09,4.15E-09,1.12E-08,3.14E-08,6.78E-08,1.15E-07,1.43E-07,1.64E-07,2.23E-07,3.31E-07,4.63E-07,5.82E-07,5.23E-07,2.05E-07,1.19E-07,5.28E-08,2.97E-08,2.15E-08,2.32E-08,2.87E-08,3.60E-08,4.57E-08,4.38E-08,4.58E-08,4.90E-08,6.75E-08,7.60E-08,1.11E-07,1.75E-07,2.13E-07,1.75E-07,1.56E-07,1.71E-07,1.99E-07,1.88E-07,2.27E-07,3.18E-07,5.71E-07,9.80E-07,1.56E-06,2.17E-06,2.60E-06,3.36E-06,4.91E-06,8.79E-06,1.65E-05,2.39E-05,2.28E-05,1.48E-05,8.94E-06,5.53E-06,5.23E-06,6.68E-06,8.95E-06,8.09E-06,1.16E-05,1.12E-05,1.43E-05,2.92E-05,7.49E-05,0.000273382,0.000979419,0.00398124,0.012345604,0.032044522,0.054087326,0.084570073,0.101298094,0.127845302,0.157974124,0.177897573,0.137220383,0.077324793,0.031860411
Head 1,287,6.44E-07,5.25E-07,3.74E-07,2.93E-07,2.61E-07,2.77E-07,3.40E-07,3.46E-07,2.46E-07,1.33E-07,7.20E-08,4.19E-08,3.58E-08,4.04E-08,6.10E-08,9.87E-08,1.37E-07,1.45E-07,1.32E-07,8.67E-08,3.71E-08,3.09E-08,2.39E-08,1.85E-08,1.34E-08,8.78E-09,3.45E-09,1.07E-09,4.39E-10,2.54E-10,2.56E-10,4.17E-10,6.83E-10,1.22E-09,1.83E-09,2.76E-09,4.15E-09,3.28E-09,9.21E-09,2.50E-08,5.80E-08,9.48E-08,1.09E-07,8.63E-08,5.46E-08,2.88E-08,1.78E-08,1.26E-08,9.73E-09,7.33E-09,4.89E-09,3.27E-09,1.81E-09,1.70E-09,2.22E-09,4.58E-09,1.28E-08,3.35E-08,7.43E-08,1.11E-07,1.35E-07,1.75E-07,2.50E-07,3.69E-07,5.67E-07,6.72E-07,3.09E-07,2.18E-07,1.21E-07,5.41E-08,3.25E-08,2.79E-08,2.81E-08,3.29E-08,3.88E-08,4.40E-08,5.12E-08,5.25E-08,5.92E-08,5.59E-08,7.74E-08,1.31E-07,2.02E-07,2.07E-07,2.04E-07,2.21E-07,2.66E-07,2.00E-07,2.00E-07,2.46E-07,4.05E-07,7.12E-07,1.20E-06,1.89E-06,2.49E-06,2.94E-06,3.43E-06,5.06E-06,9.46E-06,1.73E-05,2.49E-05,2.33E-05,1.61E-05,8.63E-06,6.03E-06,5.87E-06,7.16E-06,6.28E-06,1.10E-05,1.07E-05,1.14E-05,1.65E-05,2.95E-05,8.19E-05,0.000255216,0.00105042,0.003797804,0.012654473,0.028817788,0.058011077,0.081008464,0.106357872,0.132663757,0.165182412,0.167310044,0.135904118,0.075978577,0.030693378
Head 1,288,6.15E-07,5.17E-07,3.86E-07,2.79E-07,2.38E-07,2.80E-07,3.28E-07,3.07E-07,2.14E-07,1.24E-07,6.23E-08,3.89E-08,3.12E-08,3.69E-08,5.66E-08,9.07E-08,1.25E-07,1.47E-07,1.29E-07,5.36E-08,4.00E-08,2.83E-08,2.16E-08,1.87E-08,1.49E-08,8.70E-09,3.27E-09,1.15E-09,4.26E-10,2.49E-10,2.69E-10,3.81E-10,7.29E-10,1.24E-09,1.97E-09,2.67E-09,1.62E-09,3.80E-09,9.62E-09,2.50E-08,5.51E-08,9.31E-08,1.09E-07,8.95E-08,5.12E-08,2.95E-08,1.82E-08,1.27E-08,9.61E-09,7.17E-09,5.28E-09,2.82E-09,2.02E-09,1.75E-09,2.38E-09,5.19E-09,1.37E-08,3.77E-08,7.25E-08,1.07E-07,1.46E-07,2.00E-07,2.88E-07,4.86E-07,6.88E-07,3.88E-07,3.31E-07,2.52E-07,1.08E-07,6.06E-08,4.48E-08,3.56E-08,3.45E-08,3.27E-08,4.01E-08,5.53E-08,6.51E-08,7.19E-08,5.68E-08,6.70E-08,1.02E-07,1.74E-07,2.20E-07,2.62E-07,3.20E-07,4.49E-07,2.86E-07,2.29E-07,2.32E-07,3.23E-07,5.32E-07,8.99E-07,1.56E-06,2.43E-06,3.05E-06,3.23E-06,3.82E-06,5.93E-06,1.08E-05,1.97E-05,2.77E-05,2.75E-05,1.68E-05,1.02E-05,7.33E-06,6.85E-06,4.70E-06,1.02E-05,1.08E-05,1.15E-05,1.35E-05,1.74E-05,3.38E-05,8.12E-05,0.000291924,0.001068737,0.00414161,0.012047059,0.032271069,0.058075082,0.088135868,0.113698661,0.141052693,0.15804626,0.164967462,0.130836919,0.0701968,0.024827568
Head 1,289,7.22E-07,6.40E-07,4.45E-07,3.07E-07,3.07E-07,3.32E-07,3.51E-07,3.16E-07,2.32E-07,1.27E-07,6.87E-08,4.07E-08,3.41E-08,4.13E-08,6.31E-08,1.02E-07,1.56E-07,1.83E-07,9.23E-08,6.87E-08,4.58E-08,3.18E-08,2.81E-08,2.24E-08,1.95E-08,1.09E-08,4.58E-09,1.46E-09,5.50E-10,3.44E-10,3.23E-10,5.24E-10,9.21E-10,1.65E-09,2.37E-09,1.23E-09,2.32E-09,4.79E-09,1.15E-08,2.84E-08,6.39E-08,1.11E-07,1.39E-07,1.02E-07,6.36E-08,3.68E-08,2.25E-08,1.55E-08,1.18E-08,9.68E-09,5.77E-09,3.89E-09,2.59E-09,2.34E-09,3.35E-09,6.84E-09,1.91E-08,4.33E-08,8.38E-08,1.37E-07,1.95E-07,2.69E-07,4.55E-07,6.81E-07,4.47E-07,4.46E-07,4.71E-07,2.33E-07,1.35E-07,9.62E-08,6.43E-08,5.00E-08,3.56E-08,3.90E-08,5.78E-08,8.14E-08,1.04E-07,8.24E-08,8.58E-08,1.09E-07,1.74E-07,2.37E-07,3.37E-07,5.01E-07,9.16E-07,5.83E-07,3.95E-07,3.16E-07,3.48E-07,4.83E-07,7.51E-07,1.31E-06,2.34E-06,3.38E-06,3.73E-06,3.95E-06,4.94E-06,7.45E-06,1.37E-05,2.46E-05,3.66E-05,3.24E-05,2.25E-05,1.41E-05,9.94E-06,4.76E-06,1.04E-05,1.16E-05,1.33E-05,1.52E-05,1.60E-05,2.21E-05,3.73E-05,9.99E-05,0.000313641,0.001228053,0.004100739,0.013988077,0.033387266,0.064337082,0.09522175,0.121238276,0.138431922,0.160914645,0.163446516,0.124284446,0.057541374,0.021139923
Head 1,290,1.25E-06,1.03E-06,6.76E-07,5.81E-07,4.98E-07,4.81E-07,4.88E-07,4.65E-07,3.29E-07,1.95E-07,1.02E-07,6.28E-08,5.42E-08,6.49E-08,9.98E-08,1.75E-07,2.61E-07,1.82E-07,1.56E-07,1.10E-07,7.15E-08,5.87E-08,3.67E-08,3.96E-08,3.26E-08,2.04E-08,7.93E-09,2.57E-09,1.00E-09,5.33E-10,5.56E-10,7.90E-10,1.45E-09,2.32E-09,1.20E-09,1.95E-09,3.18E-09,6.06E-09,1.38E-08,3.47E-08,8.18E-08,1.60E-07,1.75E-07,1.44E-07,9.33E-08,5.54E-08,3.44E-08,2.41E-08,2.03E-08,1.37E-08,9.96E-09,6.22E-09,4.25E-09,3.88E-09,5.01E-09,1.05E-08,2.26E-08,5.21E-08,1.07E-07,1.77E-07,2.51E-07,4.04E-07,5.88E-07,4.18E-07,4.47E-07,6.08E-07,4.02E-07,2.64E-07,2.03E-07,1.29E-07,8.51E-08,4.59E-08,3.74E-08,4.82E-08,7.12E-08,1.08E-07,1.12E-07,1.14E-07,1.25E-07,1.67E-07,2.09E-07,3.17E-07,5.51E-07,1.28E-06,9.98E-07,6.72E-07,4.58E-07,3.98E-07,4.32E-07,5.71E-07,9.15E-07,1.70E-06,2.85E-06,3.66E-06,4.04E-06,4.49E-06,5.44E-06,8.29E-06,1.49E-05,2.88E-05,3.89E-05,3.95E-05,2.90E-05,1.82E-05,6.46E-06,1.14E-05,1.14E-05,1.36E-05,1.69E-05,1.74E-05,1.91E-05,2.26E-05,4.10E-05,9.38E-05,0.000313776,0.00103981,0.004095947,0.012557863,0.032633625,0.063570105,0.095827192,0.117112406,0.143116772,0.164944842,0.168532535,0.114549071,0.055911154,0.025321223
Head 1,291,1.90E-06,1.48E-06,1.31E-06,9.36E-07,7.28E-07,6.74E-07,7.24E-07,6.65E-07,5.04E-07,2.92E-07,1.58E-07,1.01E-07,8.51E-08,1.02E-07,1.67E-07,2.84E-07,2.64E-07,2.78E-07,2.28E-07,1.53E-07,1.15E-07,5.51E-08,5.81E-08,5.77E-08,5.31E-08,3.11E-08,1.25E-08,4.24E-09,1.46E-09,8.88E-10,8.14E-10,1.23E-09,2.02E-09,1.20E-09,1.94E-09,2.79E-09,4.18E-09,7.54E-09,1.71E-08,4.44E-08,1.23E-07,1.98E-07,2.37E-07,1.99E-07,1.31E-07,7.82E-08,4.87E-08,3.84E-08,2.70E-08,2.18E-08,1.49E-08,9.59E-09,6.63E-09,5.52E-09,7.42E-09,1.19E-08,2.63E-08,6.37E-08,1.33E-07,2.22E-07,3.73E-07,5.27E-07,3.65E-07,3.80E-07,6.22E-07,5.22E-07,4.19E-07,3.74E-07,2.55E-07,1.60E-07,7.79E-08,4.57E-08,4.40E-08,5.62E-08,8.81E-08,1.27E-07,1.40E-07,1.50E-07,1.72E-07,1.81E-07,2.47E-07,4.35E-07,1.20E-06,1.31E-06,1.10E-06,7.76E-07,6.00E-07,5.11E-07,5.37E-07,7.16E-07,1.23E-06,2.19E-06,3.28E-06,4.14E-06,4.67E-06,4.99E-06,6.04E-06,8.98E-06,1.72E-05,2.98E-05,4.50E-05,4.70E-05,3.41E-05,1.13E-05,1.50E-05,1.21E-05,1.29E-05,1.71E-05,1.91E-05,2.05E-05,2.02E-05,2.63E-05,4.17E-05,0.000101476,0.000282491,0.001106627,0.003905995,0.013008238,0.033850204,0.064891778,0.091006204,0.117743261,0.141024902,0.167723343,0.154284954,0.108865649,0.064894035,0.036880538
Head 1,292,2.58E-06,2.29E-06,1.39E-06,7.99E-07,5.76E-07,6.04E-07,6.82E-07,7.22E-07,5.60E-07,3.39E-07,1.94E-07,1.28E-07,1.17E-07,1.61E-07,3.57E-07,3.07E-07,3.92E-07,3.83E-07,2.81E-07,1.96E-07,6.64E-08,5.07E-08,4.22E-08,4.32E-08,3.55E-08,2.03E-08,7.98E-09,2.28E-09,9.16E-10,5.30E-10,6.06E-10,9.77E-10,6.44E-10,1.15E-09,1.68E-09,2.20E-09,3.23E-09,6.17E-09,1.51E-08,5.25E-08,1.11E-07,1.85E-07,2.16E-07,1.83E-07,1.23E-07,7.55E-08,5.49E-08,3.88E-08,3.47E-08,2.92E-08,2.19E-08,1.45E-08,9.01E-09,7.55E-09,7.82E-09,1.33E-08,3.08E-08,7.34E-08,1.40E-07,2.59E-07,3.56E-07,2.08E-07,2.19E-07,5.00E-07,4.53E-07,4.99E-07,5.76E-07,5.22E-07,4.10E-07,3.25E-07,1.84E-07,1.51E-07,1.62E-07,2.37E-07,3.62E-07,4.42E-07,4.91E-07,4.60E-07,3.43E-07,3.12E-07,3.90E-07,1.06E-06,1.49E-06,1.62E-06,1.27E-06,9.55E-07,7.23E-07,6.83E-07,8.55E-07,1.40E-06,2.64E-06,4.73E-06,7.67E-06,1.11E-05,1.36E-05,1.53E-05,1.83E-05,2.86E-05,5.00E-05,9.56E-05,0.000140382,0.000129565,4.72E-05,4.32E-05,2.56E-05,2.15E-05,2.70E-05,3.37E-05,3.93E-05,3.85E-05,3.95E-05,4.90E-05,8.56E-05,0.000192715,0.000661416,0.002199793,0.007367474,0.021005472,0.046199497,0.075127095,0.102151312,0.113822035,0.126470685,0.129779503,0.124501452,0.106410362,0.078350879,0.064760022
Head 1,293,3.60E-06,2.69E-06,1.45E-06,7.96E-07,6.29E-07,6.33E-07,7.59E-07,7.80E-07,6.15E-07,3.79E-07,2.12E-07,1.38E-07,1.36E-07,2.70E-07,2.24E-07,3.32E-07,4.03E-07,3.75E-07,3.03E-07,1.05E-07,6.76E-08,4.52E-08,4.25E-08,4.06E-08,3.35E-08,1.97E-08,6.76E-09,2.29E-09,8.24E-10,5.31E-10,5.60E-10,3.56E-10,6.87E-10,1.16E-09,1.59E-09,2.01E-09,3.03E-09,5.99E-09,1.94E-08,4.86E-08,1.10E-07,1.85E-07,2.14E-07,1.78E-07,1.16E-07,7.83E-08,4.73E-08,3.85E-08,3.31E-08,2.84E-08,2.16E-08,1.33E-08,8.44E-09,5.87E-09,6.36E-09,1.15E-08,2.83E-08,6.67E-08,1.57E-07,2.61E-07,1.46E-07,1.39E-07,3.34E-07,2.82E-07,3.70E-07,5.01E-07,5.47E-07,4.92E-07,4.80E-07,2.54E-07,1.68E-07,1.35E-07,1.49E-07,2.33E-07,3.06E-07,4.08E-07,4.41E-07,3.30E-07,2.58E-07,2.52E-07,5.33E-07,8.14E-07,1.18E-06,1.27E-06,1.15E-06,8.30E-07,6.16E-07,6.03E-07,7.86E-07,1.30E-06,2.30E-06,4.05E-06,6.76E-06,9.60E-06,1.15E-05,1.27E-05,1.59E-05,2.31E-05,4.49E-05,8.59E-05,0.000121117,7.07E-05,6.69E-05,3.45E-05,2.11E-05,1.98E-05,2.25E-05,2.88E-05,3.21E-05,3.30E-05,3.45E-05,4.21E-05,6.77E-05,0.000183843,0.000568374,0.002037313,0.006876588,0.019162215,0.040339954,0.069096729,0.088893257,0.102685742,0.106587343,0.113772452,0.124422044,0.123549715,0.119108863,0.081871994
Head 1,294,4.08E-06,2.70E-06,1.38E-06,8.19E-07,6.06E-07,6.38E-07,7.32E-07,7.71E-07,6.16E-07,3.72E-07,2.05E-07,1.46E-07,2.07E-07,1.47E-07,2.26E-07,3.20E-07,3.80E-07,3.93E-07,1.57E-07,1.05E-07,6.15E-08,4.81E-08,4.18E-08,3.98E-08,3.39E-08,1.74E-08,7.03E-09,2.13E-09,8.31E-10,4.79E-10,2.17E-10,3.64E-10,6.72E-10,1.05E-09,1.36E-09,1.77E-09,2.72E-09,6.75E-09,1.68E-08,4.56E-08,1.04E-07,1.72E-07,1.98E-07,1.63E-07,1.19E-07,6.66E-08,4.76E-08,3.68E-08,3.22E-08,2.82E-08,2.02E-08,1.25E-08,7.10E-09,4.90E-09,5.65E-09,1.10E-08,2.65E-08,7.25E-08,1.61E-07,1.04E-07,9.58E-08,2.21E-07,1.61E-07,2.30E-07,3.49E-07,4.55E-07,4.93E-07,5.99E-07,3.52E-07,2.20E-07,1.47E-07,1.23E-07,1.64E-07,2.05E-07,2.96E-07,3.87E-07,3.47E-07,2.81E-07,2.38E-07,3.53E-07,4.44E-07,6.88E-07,9.68E-07,1.18E-06,1.01E-06,6.66E-07,5.19E-07,5.20E-07,6.82E-07,1.06E-06,1.83E-06,3.28E-06,5.35E-06,7.48E-06,8.95E-06,1.03E-05,1.22E-05,1.99E-05,3.85E-05,7.15E-05,6.40E-05,9.16E-05,5.58E-05,2.95E-05,1.95E-05,1.62E-05,1.89E-05,2.27E-05,2.68E-05,2.79E-05,2.71E-05,3.06E-05,5.74E-05,0.000140305,0.000468117,0.001693411,0.005572988,0.014727245,0.032789554,0.054333545,0.073889412,0.082121976,0.091491222,0.112749152,0.136723831,0.169495434,0.144853503,0.078252681
Head 1,295,3.70E-06,2.34E-06,1.29E-06,7.17E-07,5.56E-07,5.52E-07,6.57E-07,6.94E-07,5.38E-07,3.16E-07,1.90E-07,1.76E-07,9.74E-08,1.33E-07,1.94E-07,2.69E-07,3.51E-07,1.71E-07,1.39E-07,8.64E-08,6.02E-08,4.25E-08,3.64E-08,3.60E-08,2.65E-08,1.59E-08,5.87E-09,1.93E-09,6.78E-10,1.76E-10,2.03E-10,3.32E-10,5.75E-10,8.63E-10,1.17E-09,1.56E-09,2.72E-09,5.71E-09,1.55E-08,4.27E-08,9.47E-08,1.53E-07,1.72E-07,1.55E-07,9.22E-08,6.20E-08,4.13E-08,3.23E-08,2.88E-08,2.38E-08,1.69E-08,1.01E-08,5.46E-09,4.07E-09,5.16E-09,9.99E-09,2.61E-08,7.50E-08,6.82E-08,6.93E-08,1.68E-07,9.96E-08,1.38E-07,2.20E-07,3.30E-07,4.31E-07,6.61E-07,4.66E-07,3.11E-07,2.00E-07,1.41E-07,1.41E-07,1.52E-07,2.02E-07,2.87E-07,3.17E-07,3.14E-07,2.83E-07,3.48E-07,3.15E-07,4.01E-07,5.95E-07,9.35E-07,1.10E-06,8.19E-07,5.92E-07,4.80E-07,4.74E-07,5.89E-07,8.98E-07,1.57E-06,2.73E-06,4.39E-06,6.14E-06,7.51E-06,8.23E-06,1.12E-05,1.82E-05,3.40E-05,3.60E-05,8.76E-05,8.02E-05,5.01E-05,2.78E-05,1.63E-05,1.40E-05,1.51E-05,1.97E-05,2.35E-05,2.29E-05,2.10E-05,2.71E-05,4.62E-05,0.000122314,0.000415817,0.001471299,0.004571464,0.012622661,0.026969669,0.046233751,0.060320426,0.072288133,0.093302913,0.12041866,0.176892757,0.190881178,0.129395589,0.063484833
Head 1,296,3.12E-06,2.14E-06,1.11E-06,6.55E-07,4.79E-07,5.01E-07,5.97E-07,6.09E-07,4.58E-07,2.90E-07,1.89E-07,8.10E-08,8.70E-08,1.15E-07,1.63E-07,2.49E-07,1.41E-07,1.54E-07,1.19E-07,8.78E-08,5.40E-08,3.73E-08,3.39E-08,2.86E-08,2.44E-08,1.33E-08,5.27E-09,1.57E-09,2.38E-10,1.67E-10,1.89E-10,2.95E-10,4.97E-10,7.92E-10,1.10E-09,1.50E-09,2.50E-09,5.80E-09,1.61E-08,4.26E-08,9.17E-08,1.44E-07,1.75E-07,1.27E-07,9.04E-08,5.52E-08,3.69E-08,2.94E-08,2.47E-08,2.03E-08,1.44E-08,7.89E-09,4.59E-09,3.79E-09,4.97E-09,9.75E-09,2.95E-08,3.85E-08,4.87E-08,1.44E-07,7.72E-08,9.70E-08,1.50E-07,2.35E-07,3.56E-07,7.01E-07,6.16E-07,4.71E-07,3.24E-07,2.19E-07,1.63E-07,1.53E-07,1.69E-07,2.26E-07,2.73E-07,3.37E-07,3.82E-07,5.09E-07,3.65E-07,3.42E-07,4.14E-07,6.71E-07,1.04E-06,1.04E-06,8.64E-07,6.66E-07,5.17E-07,4.82E-07,5.88E-07,9.12E-07,1.54E-06,2.63E-06,4.22E-06,5.88E-06,6.88E-06,8.65E-06,1.17E-05,1.85E-05,1.75E-05,6.20E-05,8.78E-05,8.21E-05,5.20E-05,2.60E-05,1.56E-05,1.25E-05,1.47E-05,1.93E-05,2.19E-05,2.03E-05,2.10E-05,2.51E-05,4.63E-05,0.000125521,0.00041841,0.0014154,0.004586062,0.012053592,0.026029926,0.042038526,0.058064502,0.079709247,0.104013219,0.157192975,0.196253285,0.168291822,0.100311004,0.048886329
Head 1,297,2.87E-06,1.85E-06,1.03E-06,5.72E-07,4.42E-07,4.66E-07,5.35E-07,5.34E-07,4.26E-07,2.44E-07,8.88E-08,7.19E-08,7.58E-08,9.62E-08,1.51E-07,9.02E-08,1.29E-07,1.35E-07,1.25E-07,8.06E-08,4.88E-08,3.70E-08,2.87E-08,2.83E-08,2.17E-08,1.27E-08,4.62E-09,5.29E-10,2.44E-10,1.65E-10,1.78E-10,2.72E-10,4.84E-10,7.90E-10,1.05E-09,1.47E-09,2.67E-09,6.34E-09,1.70E-08,4.37E-08,9.24E-08,1.57E-07,1.54E-07,1.34E-07,8.61E-08,5.28E-08,3.60E-08,2.70E-08,2.30E-08,1.87E-08,1.22E-08,7.05E-09,4.45E-09,3.93E-09,4.95E-09,1.18E-08,1.84E-08,2.87E-08,1.11E-07,6.81E-08,8.14E-08,1.18E-07,1.75E-07,2.77E-07,6.79E-07,7.46E-07,6.90E-07,5.37E-07,3.81E-07,2.27E-07,1.96E-07,1.82E-07,2.09E-07,2.36E-07,3.23E-07,4.70E-07,7.81E-07,5.74E-07,4.41E-07,3.95E-07,5.19E-07,8.46E-07,1.11E-06,1.22E-06,1.11E-06,7.97E-07,5.81E-07,5.30E-07,6.56E-07,9.67E-07,1.61E-06,2.74E-06,4.31E-06,5.76E-06,7.62E-06,9.55E-06,1.27E-05,9.43E-06,3.68E-05,6.81E-05,9.85E-05,9.24E-05,5.37E-05,2.75E-05,1.59E-05,1.36E-05,1.60E-05,2.02E-05,2.17E-05,2.24E-05,2.16E-05,2.75E-05,5.15E-05,0.000135926,0.000438691,0.00154746,0.004750977,0.012584468,0.025209237,0.042071447,0.065701477,0.0922378,0.133851081,0.182309434,0.184298337,0.136443362,0.080607332,0.037144456
Head 1,298,3.05E-06,2.12E-06,1.10E-06,6.28E-07,4.82E-07,4.79E-07,5.35E-07,5.46E-07,3.61E-07,1.30E-07,8.46E-08,6.76E-08,6.85E-08,9.66E-08,5.47E-08,9.09E-08,1.24E-07,1.55E-07,1.27E-07,8.36E-08,5.85E-08,3.88E-08,3.58E-08,3.11E-08,2.59E-08,1.39E-08,1.79E-09,6.86E-10,2.97E-10,1.87E-10,1.94E-10,3.07E-10,5.51E-10,8.38E-10,1.13E-09,1.66E-09,3.08E-09,7.14E-09,1.88E-08,4.81E-08,1.11E-07,1.54E-07,1.80E-07,1.43E-07,9.45E-08,6.02E-08,3.91E-08,3.03E-08,2.42E-08,1.87E-08,1.25E-08,7.65E-09,5.34E-09,4.40E-09,6.76E-09,9.37E-09,1.53E-08,6.93E-08,6.16E-08,8.08E-08,1.16E-07,1.53E-07,2.29E-07,6.34E-07,8.39E-07,9.63E-07,8.70E-07,6.70E-07,3.61E-07,2.99E-07,2.54E-07,2.48E-07,2.38E-07,3.03E-07,4.87E-07,9.39E-07,9.02E-07,7.39E-07,5.53E-07,5.36E-07,6.98E-07,9.91E-07,1.39E-06,1.68E-06,1.38E-06,9.09E-07,6.31E-07,5.75E-07,6.75E-07,9.98E-07,1.64E-06,2.71E-06,4.02E-06,5.96E-06,7.95E-06,1.01E-05,6.57E-06,2.21E-05,4.17E-05,7.89E-05,0.000116359,0.000102868,6.24E-05,3.14E-05,1.86E-05,1.56E-05,1.76E-05,2.05E-05,2.42E-05,2.28E-05,2.26E-05,2.80E-05,5.02E-05,0.000128739,0.000435974,0.001457378,0.004540673,0.010891275,0.022161413,0.042958423,0.074599236,0.109538272,0.167677328,0.189354539,0.164810628,0.120001294,0.066971697,0.023726109
Head 1,299,4.30E-06,2.82E-06,1.51E-06,8.67E-07,6.28E-07,6.06E-07,6.72E-07,5.81E-07,2.49E-07,1.55E-07,9.81E-08,7.41E-08,8.11E-08,4.00E-08,6.63E-08,1.05E-07,1.69E-07,1.85E-07,1.54E-07,1.18E-07,7.45E-08,6.14E-08,5.07E-08,4.90E-08,3.73E-08,7.32E-09,3.14E-09,1.15E-09,4.61E-10,2.80E-10,2.96E-10,4.62E-10,8.03E-10,1.18E-09,1.62E-09,2.40E-09,4.29E-09,9.60E-09,2.50E-08,7.05E-08,1.34E-07,2.18E-07,2.33E-07,1.90E-07,1.31E-07,8.13E-08,5.69E-08,4.00E-08,3.21E-08,2.48E-08,1.70E-08,1.17E-08,7.58E-09,7.48E-09,7.64E-09,1.01E-08,3.89E-08,5.36E-08,8.89E-08,1.43E-07,1.81E-07,2.38E-07,6.48E-07,9.29E-07,1.31E-06,1.45E-06,1.28E-06,6.86E-07,5.39E-07,4.45E-07,3.93E-07,3.34E-07,3.63E-07,5.32E-07,9.31E-07,1.18E-06,1.28E-06,1.07E-06,9.02E-07,8.51E-07,9.94E-07,1.44E-06,2.20E-06,2.49E-06,1.91E-06,1.18E-06,7.97E-07,6.75E-07,7.84E-07,1.14E-06,1.84E-06,2.84E-06,4.51E-06,6.53E-06,8.77E-06,6.02E-06,1.63E-05,2.74E-05,5.31E-05,0.000103503,0.000142867,0.000133316,8.28E-05,4.32E-05,2.52E-05,2.03E-05,2.05E-05,2.63E-05,2.84E-05,2.75E-05,2.61E-05,3.02E-05,5.03E-05,0.000131526,0.000417549,0.001444781,0.004017551,0.009542481,0.022186108,0.048462361,0.078065023,0.145459965,0.189730749,0.186685413,0.15339382,0.103278264,0.042305958,0.013946018
Head 1,300,5.29E-06,3.55E-06,1.95E-06,1.10E-06,8.00E-07,7.85E-07,7.08E-07,4.15E-07,3.11E-07,1.91E-07,1.18E-07,9.39E-08,3.75E-08,5.05E-08,7.97E-08,1.50E-07,2.15E-07,2.34E-07,2.13E-07,1.41E-07,1.08E-07,7.87E-08,7.38E-08,6.56E-08,2.02E-08,1.12E-08,4.59E-09,1.55E-09,6.03E-10,3.79E-10,4.00E-10,6.67E-10,1.06E-09,1.59E-09,2.24E-09,3.28E-09,5.67E-09,1.24E-08,3.54E-08,8.26E-08,1.85E-07,2.80E-07,3.08E-07,2.56E-07,1.69E-07,1.12E-07,6.86E-08,5.06E-08,4.10E-08,3.19E-08,2.40E-08,1.48E-08,1.11E-08,8.25E-09,7.27E-09,1.76E-08,3.09E-08,6.28E-08,1.26E-07,1.81E-07,2.29E-07,5.84E-07,7.73E-07,1.18E-06,1.60E-06,1.79E-06,1.10E-06,8.64E-07,7.24E-07,5.97E-07,4.75E-07,4.56E-07,5.67E-07,7.73E-07,1.08E-06,1.50E-06,1.64E-06,1.59E-06,1.29E-06,1.14E-06,1.34E-06,2.06E-06,3.09E-06,3.35E-06,2.50E-06,1.57E-06,1.00E-06,8.32E-07,9.40E-07,1.35E-06,2.09E-06,3.52E-06,5.45E-06,7.74E-06,5.87E-06,1.34E-05,1.96E-05,3.42E-05,7.07E-05,0.000126262,0.000177709,0.000166708,0.000104491,5.52E-05,3.18E-05,2.34E-05,2.65E-05,3.12E-05,3.51E-05,3.38E-05,3.10E-05,3.38E-05,5.80E-05,0.000141291,0.000470134,0.001486635,0.004267786,0.011680265,0.02959357,0.051481608,0.112288222,0.171475649,0.196627706,0.177331358,0.136620134,0.066326171,0.023194596,0.01586034
Head 1,301,6.31E-06,4.41E-06,2.44E-06,1.43E-06,1.11E-06,7.56E-07,5.76E-07,5.70E-07,4.27E-07,2.73E-07,1.84E-07,6.32E-08,5.89E-08,7.33E-08,1.34E-07,2.31E-07,3.39E-07,4.05E-07,3.08E-07,2.32E-07,1.47E-07,1.18E-07,1.00E-07,4.23E-08,3.10E-08,1.66E-08,6.19E-09,1.99E-09,8.29E-10,5.39E-10,7.10E-10,1.03E-09,1.68E-09,2.59E-09,3.69E-09,5.39E-09,9.24E-09,2.19E-08,4.96E-08,1.32E-07,2.73E-07,4.28E-07,4.83E-07,3.79E-07,2.52E-07,1.41E-07,8.91E-08,6.88E-08,5.79E-08,4.90E-08,3.29E-08,2.29E-08,1.33E-08,8.06E-09,1.11E-08,1.78E-08,3.62E-08,8.25E-08,1.47E-07,2.10E-07,5.60E-07,6.66E-07,9.44E-07,1.33E-06,1.76E-06,1.34E-06,1.22E-06,1.16E-06,9.71E-07,7.53E-07,6.59E-07,6.96E-07,7.55E-07,9.90E-07,1.54E-06,2.19E-06,2.81E-06,2.49E-06,1.90E-06,1.73E-06,2.14E-06,3.32E-06,4.76E-06,5.05E-06,4.00E-06,2.56E-06,1.68E-06,1.37E-06,1.49E-06,2.01E-06,3.36E-06,5.64E-06,8.82E-06,7.42E-06,1.54E-05,1.99E-05,2.88E-05,5.31E-05,9.99E-05,0.000180869,0.000253036,0.000224395,0.000142416,7.15E-05,4.00E-05,3.46E-05,3.68E-05,4.49E-05,5.02E-05,4.79E-05,4.42E-05,5.38E-05,8.90E-05,0.00022445,0.000673246,0.002194713,0.007000262,0.020030277,0.036577877,0.084455192,0.137976184,0.178281441,0.17877765,0.15889892,0.095037118,0.037726093,0.026194897,0.034317125
Head 1,302,7.80E-06,5.35E-06,2.96E-06,1.83E-06,7.86E-07,6.27E-07,7.34E-07,6.91E-07,5.29E-07,3.56E-07,1.25E-07,8.22E-08,7.23E-08,1.04E-07,1.72E-07,2.94E-07,4.63E-07,4.73E-07,4.31E-07,2.83E-07,2.01E-07,1.42E-07,6.70E-08,5.70E-08,4.08E-08,2.02E-08,7.12E-09,2.44E-09,1.03E-09,8.28E-10,8.83E-10,1.33E-09,2.19E-09,3.34E-09,4.66E-09,6.73E-09,1.27E-08,2.43E-08,6.56E-08,1.60E-07,3.37E-07,5.44E-07,5.89E-07,4.72E-07,2.85E-07,1.59E-07,1.06E-07,8.50E-08,7.50E-08,5.61E-08,4.31E-08,2.38E-08,1.18E-08,9.75E-09,1.12E-08,1.90E-08,4.29E-08,9.16E-08,1.61E-07,4.89E-07,5.87E-07,7.71E-07,1.05E-06,1.47E-06,1.27E-06,1.36E-06,1.49E-06,1.35E-06,1.09E-06,9.46E-07,8.99E-07,7.80E-07,7.81E-07,1.09E-06,1.74E-06,2.99E-06,3.48E-06,2.78E-06,2.13E-06,1.93E-06,2.47E-06,3.75E-06,5.26E-06,5.79E-06,4.47E-06,2.84E-06,1.89E-06,1.55E-06,1.63E-06,2.37E-06,3.84E-06,6.32E-06,6.10E-06,1.32E-05,1.73E-05,2.27E-05,3.48E-05,5.80E-05,0.000110967,0.000205522,0.000279969,0.000263856,0.000150836,7.39E-05,4.66E-05,3.74E-05,4.14E-05,5.08E-05,5.55E-05,5.13E-05,5.06E-05,5.88E-05,0.000102721,0.000248197,0.000790174,0.002797129,0.009103998,0.019760681,0.050835151,0.09523908,0.14540942,0.167448461,0.167680666,0.122379757,0.058927778,0.043358736,0.066001177,0.048186656
Head 1,303,9.39E-06,6.32E-06,3.71E-06,9.97E-07,6.77E-07,7.72E-07,8.35E-07,8.04E-07,6.37E-07,2.70E-07,1.46E-07,9.30E-08,9.49E-08,1.25E-07,2.04E-07,3.72E-07,4.98E-07,6.01E-07,4.90E-07,3.59E-07,2.23E-07,9.92E-08,8.29E-08,6.82E-08,4.53E-08,2.11E-08,8.02E-09,2.76E-09,1.36E-09,9.08E-10,1.01E-09,1.55E-09,2.52E-09,3.76E-09,5.18E-09,8.18E-09,1.25E-08,2.94E-08,7.21E-08,1.79E-07,3.90E-07,5.97E-07,6.49E-07,4.96E-07,2.86E-07,1.72E-07,1.21E-07,9.84E-08,7.46E-08,6.48E-08,3.85E-08,1.95E-08,1.23E-08,9.28E-09,1.09E-08,2.01E-08,4.39E-08,9.34E-08,3.36E-07,4.75E-07,6.26E-07,7.95E-07,1.10E-06,9.53E-07,1.19E-06,1.52E-06,1.56E-06,1.36E-06,1.25E-06,1.21E-06,1.00E-06,7.36E-07,7.73E-07,1.09E-06,2.10E-06,3.31E-06,3.40E-06,2.75E-06,2.05E-06,1.88E-06,2.35E-06,3.52E-06,5.12E-06,5.41E-06,4.08E-06,2.61E-06,1.73E-06,1.39E-06,1.62E-06,2.30E-06,3.65E-06,3.66E-06,8.77E-06,1.26E-05,1.70E-05,2.36E-05,3.33E-05,5.67E-05,0.000110351,0.000200573,0.00029489,0.000245936,0.000140218,7.53E-05,4.35E-05,3.59E-05,4.03E-05,4.88E-05,5.15E-05,5.00E-05,4.67E-05,5.60E-05,9.60E-05,0.000254258,0.000897492,0.003174226,0.008419835,0.02376001,0.050899241,0.092704356,0.129930839,0.152724743,0.136015087,0.081972577,0.062850431,0.104968883,0.09139967,0.058240071
Head 1,304,8.97E-06,6.47E-06,1.45E-06,7.63E-07,7.07E-07,7.24E-07,7.97E-07,7.94E-07,4.58E-07,2.57E-07,1.36E-07,9.90E-08,9.20E-08,1.20E-07,2.12E-07,3.31E-07,5.22E-07,5.72E-07,5.15E-07,3.31E-07,1.35E-07,1.02E-07,8.13E-08,6.26E-08,3.92E-08,1.99E-08,7.55E-09,2.96E-09,1.26E-09,8.84E-10,1.01E-09,1.53E-09,2.44E-09,3.62E-09,5.47E-09,6.96E-09,1.33E-08,2.84E-08,7.09E-08,1.83E-07,3.76E-07,5.80E-07,6.08E-07,4.27E-07,2.62E-07,1.67E-07,1.19E-07,8.42E-08,7.48E-08,4.67E-08,2.85E-08,1.78E-08,1.02E-08,8.34E-09,1.09E-08,1.94E-08,4.23E-08,1.67E-07,3.16E-07,4.92E-07,6.31E-07,8.17E-07,6.21E-07,8.62E-07,1.23E-06,1.49E-06,1.45E-06,1.44E-06,1.54E-06,1.44E-06,8.71E-07,6.83E-07,7.29E-07,1.23E-06,2.24E-06,3.12E-06,3.32E-06,2.63E-06,1.94E-06,1.73E-06,2.13E-06,3.33E-06,4.64E-06,4.81E-06,3.66E-06,2.32E-06,1.50E-06,1.33E-06,1.51E-06,2.10E-06,1.93E-06,5.04E-06,7.91E-06,1.17E-05,1.62E-05,2.11E-05,3.10E-05,5.40E-05,0.000103455,0.000203558,0.000262585,0.000221738,0.000136546,6.77E-05,4.00E-05,3.36E-05,3.73E-05,4.39E-05,4.87E-05,4.51E-05,4.26E-05,5.05E-05,9.55E-05,0.000281848,0.000981259,0.003080299,0.009513715,0.022769073,0.047172241,0.080022462,0.114329271,0.126841635,0.099261492,0.079377234,0.126961991,0.131760329,0.099264465,0.05671487
Head 1,305,8.84E-06,2.40E-06,1.06E-06,7.56E-07,6.17E-07,6.37E-07,7.33E-07,5.75E-07,4.11E-07,2.26E-07,1.36E-07,8.92E-08,8.26E-08,1.18E-07,1.80E-07,3.28E-07,4.65E-07,5.60E-07,4.45E-07,1.88E-07,1.34E-07,9.48E-08,7.09E-08,5.15E-08,3.48E-08,1.77E-08,7.64E-09,2.52E-09,1.13E-09,8.11E-10,9.09E-10,1.35E-09,2.16E-09,3.49E-09,4.23E-09,6.80E-09,1.17E-08,2.55E-08,6.67E-08,1.63E-07,3.45E-07,4.98E-07,4.84E-07,3.60E-07,2.36E-07,1.56E-07,1.01E-07,8.06E-08,4.65E-08,3.35E-08,2.36E-08,1.33E-08,8.62E-09,8.09E-09,9.86E-09,1.73E-08,5.94E-08,1.46E-07,3.07E-07,4.62E-07,6.02E-07,3.85E-07,5.34E-07,8.06E-07,1.14E-06,1.27E-06,1.38E-06,1.66E-06,1.91E-06,1.12E-06,7.41E-07,5.96E-07,7.47E-07,1.21E-06,1.97E-06,2.87E-06,3.05E-06,2.32E-06,1.61E-06,1.43E-06,1.86E-06,2.76E-06,3.82E-06,3.99E-06,2.99E-06,1.83E-06,1.29E-06,1.12E-06,1.27E-06,9.93E-07,2.61E-06,4.22E-06,6.73E-06,9.98E-06,1.32E-05,1.82E-05,2.80E-05,4.75E-05,9.89E-05,0.000169699,0.00022244,0.000202132,0.000115809,5.80E-05,3.45E-05,2.83E-05,3.09E-05,3.83E-05,4.05E-05,3.73E-05,3.43E-05,4.44E-05,9.35E-05,0.000276526,0.000939062,0.003158208,0.00848894,0.019485842,0.038552396,0.067434303,0.095465019,0.102910377,0.093366727,0.131851897,0.151062801,0.139110312,0.094276316,0.052169636
Head 1,306,3.54E-06,1.67E-06,1.06E-06,6.68E-07,5.38E-07,5.84E-07,5.41E-07,5.20E-07,3.66E-07,2.27E-07,1.22E-07,8.01E-08,8.04E-08,9.93E-08,1.78E-07,2.91E-07,4.58E-07,4.89E-07,2.54E-07,1.90E-07,1.24E-07,8.24E-08,5.87E-08,4.57E-08,3.12E-08,1.93E-08,6.63E-09,2.31E-09,1.06E-09,7.51E-10,8.22E-10,1.22E-09,2.12E-09,2.79E-09,4.26E-09,6.17E-09,1.09E-08,2.45E-08,6.03E-08,1.56E-07,2.91E-07,4.06E-07,4.12E-07,3.21E-07,2.23E-07,1.45E-07,1.00E-07,4.80E-08,3.54E-08,2.72E-08,1.82E-08,1.15E-08,9.08E-09,7.67E-09,9.15E-09,2.09E-08,5.34E-08,1.48E-07,3.00E-07,4.65E-07,2.72E-07,3.49E-07,5.06E-07,7.82E-07,9.89E-07,1.20E-06,1.62E-06,2.33E-06,1.50E-06,9.69E-07,6.69E-07,6.35E-07,7.76E-07,1.15E-06,1.93E-06,2.85E-06,2.85E-06,2.03E-06,1.42E-06,1.33E-06,1.62E-06,2.40E-06,3.34E-06,3.50E-06,2.55E-06,1.69E-06,1.17E-06,1.00E-06,6.44E-07,1.48E-06,2.32E-06,3.82E-06,6.01E-06,8.42E-06,1.17E-05,1.72E-05,2.53E-05,4.78E-05,8.62E-05,0.000148771,0.000209526,0.000178253,0.000103729,5.27E-05,3.06E-05,2.50E-05,2.84E-05,3.33E-05,3.51E-05,3.15E-05,3.16E-05,4.50E-05,9.60E-05,0.000289298,0.000978249,0.002919513,0.007454822,0.016399233,0.03321752,0.056646276,0.082492225,0.095471971,0.12634021,0.150772035,0.159215733,0.131400093,0.086638659,0.048444647
Head 1,307,2.85E-06,2.01E-06,1.12E-06,6.82E-07,5.82E-07,5.22E-07,5.78E-07,5.41E-07,4.23E-07,2.38E-07,1.28E-07,9.00E-08,7.93E-08,1.16E-07,1.85E-07,3.38E-07,4.70E-07,3.43E-07,3.05E-07,2.07E-07,1.27E-07,8.10E-08,6.13E-08,4.88E-08,4.48E-08,1.97E-08,7.10E-09,2.53E-09,1.13E-09,7.73E-10,8.36E-10,1.35E-09,1.92E-09,3.09E-09,4.26E-09,6.30E-09,1.13E-08,2.40E-08,6.37E-08,1.37E-07,2.60E-07,3.77E-07,3.97E-07,3.33E-07,2.49E-07,1.63E-07,6.33E-08,4.12E-08,3.05E-08,2.47E-08,1.71E-08,1.38E-08,9.44E-09,7.59E-09,9.89E-09,1.89E-08,5.51E-08,1.45E-07,3.02E-07,2.01E-07,2.43E-07,3.27E-07,4.92E-07,6.69E-07,9.04E-07,1.34E-06,2.35E-06,1.77E-06,1.25E-06,8.61E-07,7.16E-07,6.56E-07,7.53E-07,1.12E-06,1.91E-06,2.64E-06,2.44E-06,1.73E-06,1.26E-06,1.10E-06,1.34E-06,2.00E-06,2.82E-06,2.85E-06,2.22E-06,1.42E-06,9.62E-07,5.32E-07,8.96E-07,1.26E-06,2.00E-06,3.26E-06,4.77E-06,6.95E-06,1.06E-05,1.47E-05,2.47E-05,3.98E-05,7.14E-05,0.000133858,0.000176612,0.000152878,9.05E-05,4.43E-05,2.58E-05,2.17E-05,2.31E-05,2.71E-05,2.78E-05,2.69E-05,2.94E-05,4.33E-05,9.67E-05,0.000279421,0.000851195,0.002414656,0.005836742,0.013193002,0.025437938,0.046448298,0.073973157,0.108100675,0.138898954,0.161728859,0.156511053,0.127657682,0.085979722,0.051534411
Head 1,308,3.47E-06,2.18E-06,1.17E-06,7.57E-07,5.98E-07,5.81E-07,6.15E-07,6.32E-07,4.59E-07,2.59E-07,1.46E-07,9.09E-08,9.49E-08,1.23E-07,2.22E-07,3.59E-07,3.77E-07,4.25E-07,3.38E-07,2.14E-07,1.25E-07,8.44E-08,6.59E-08,7.87E-08,4.62E-08,2.14E-08,7.86E-09,2.77E-09,1.21E-09,8.15E-10,9.68E-10,1.29E-09,2.21E-09,3.29E-09,4.66E-09,7.01E-09,1.18E-08,2.69E-08,5.75E-08,1.30E-07,2.57E-07,3.83E-07,4.26E-07,4.09E-07,2.87E-07,1.02E-07,5.58E-08,3.76E-08,3.14E-08,2.39E-08,2.16E-08,1.50E-08,9.83E-09,8.14E-09,9.41E-09,2.12E-08,5.83E-08,1.58E-07,1.47E-07,1.90E-07,2.51E-07,3.45E-07,4.56E-07,6.48E-07,1.02E-06,2.18E-06,1.98E-06,1.61E-06,1.21E-06,1.03E-06,8.04E-07,7.11E-07,8.04E-07,1.21E-06,1.95E-06,2.48E-06,2.24E-06,1.65E-06,1.13E-06,9.72E-07,1.19E-06,1.82E-06,2.49E-06,2.68E-06,2.02E-06,1.27E-06,6.57E-07,7.17E-07,8.24E-07,1.19E-06,1.92E-06,2.86E-06,4.28E-06,6.92E-06,9.80E-06,1.58E-05,2.22E-05,3.55E-05,7.01E-05,0.000121306,0.000161789,0.000142728,8.11E-05,4.02E-05,2.41E-05,1.89E-05,2.03E-05,2.34E-05,2.59E-05,2.72E-05,3.13E-05,4.74E-05,9.95E-05,0.000260584,0.000760996,0.001998792,0.004990737,0.010363057,0.020653995,0.04209755,0.076640151,0.113584876,0.14738819,0.159560725,0.150642216,0.125096157,0.090474717,0.054396898
Head 1,309,3.56E-06,2.15E-06,1.22E-06,8.85E-07,6.14E-07,5.63E-07,6.59E-07,6.51E-07,4.75E-07,2.74E-07,1.36E-07,9.91E-08,9.32E-08,1.39E-07,2.23E-07,3.05E-07,4.38E-07,4.41E-07,3.26E-07,1.95E-07,1.21E-07,8.43E-08,1.05E-07,7.27E-08,4.47E-08,2.08E-08,7.55E-09,2.57E-09,1.08E-09,7.94E-10,7.75E-10,1.24E-09,2.00E-09,3.06E-09,4.37E-09,6.06E-09,1.08E-08,2.04E-08,4.68E-08,1.13E-07,2.33E-07,3.60E-07,4.68E-07,4.12E-07,1.57E-07,7.89E-08,5.05E-08,3.60E-08,2.70E-08,2.64E-08,2.11E-08,1.40E-08,9.26E-09,6.44E-09,8.87E-09,1.86E-08,5.32E-08,7.50E-08,1.17E-07,1.73E-07,2.26E-07,2.71E-07,3.75E-07,6.04E-07,1.52E-06,1.67E-06,1.58E-06,1.34E-06,1.26E-06,9.92E-07,7.70E-07,6.70E-07,7.41E-07,1.06E-06,1.56E-06,1.91E-06,1.80E-06,1.24E-06,8.11E-07,6.88E-07,8.57E-07,1.28E-06,1.90E-06,1.99E-06,1.44E-06,8.16E-07,5.81E-07,5.17E-07,6.26E-07,9.59E-07,1.41E-06,2.11E-06,3.48E-06,5.20E-06,8.82E-06,1.19E-05,1.70E-05,3.02E-05,5.38E-05,9.34E-05,0.00012826,0.000109632,6.32E-05,3.22E-05,1.75E-05,1.38E-05,1.47E-05,1.86E-05,2.29E-05,2.56E-05,2.87E-05,4.07E-05,7.74E-05,0.000202056,0.000554239,0.00155376,0.003594337,0.007422267,0.01716909,0.040702272,0.07535211,0.117968462,0.146194398,0.151341513,0.146414161,0.133342758,0.09871617,0.058603261
Head 1,310,3.40E-06,2.19E-06,1.77E-06,8.99E-07,5.80E-07,5.86E-07,6.63E-07,6.61E-07,4.93E-07,2.53E-07,1.44E-07,9.51E-08,1.01E-07,1.35E-07,2.00E-07,3.46E-07,4.44E-07,4.13E-07,2.81E-07,1.79E-07,1.14E-07,1.33E-07,9.27E-08,6.80E-08,4.17E-08,1.91E-08,6.81E-09,2.26E-09,1.06E-09,6.36E-10,7.48E-10,1.14E-09,1.91E-09,3.01E-09,4.02E-09,5.79E-09,8.95E-09,1.75E-08,4.31E-08,1.11E-07,2.31E-07,4.10E-07,4.85E-07,2.23E-07,1.18E-07,8.32E-08,4.54E-08,3.11E-08,2.89E-08,2.57E-08,1.97E-08,1.41E-08,7.60E-09,6.56E-09,8.58E-09,1.88E-08,3.38E-08,6.50E-08,1.22E-07,1.77E-07,2.01E-07,2.54E-07,3.86E-07,1.09E-06,1.40E-06,1.60E-06,1.54E-06,1.62E-06,1.38E-06,1.06E-06,8.27E-07,6.98E-07,7.45E-07,9.77E-07,1.38E-06,1.75E-06,1.57E-06,1.04E-06,6.75E-07,5.83E-07,7.05E-07,1.14E-06,1.65E-06,1.68E-06,1.22E-06,7.21E-07,4.98E-07,4.59E-07,5.93E-07,8.27E-07,1.23E-06,2.01E-06,3.07E-06,5.48E-06,7.53E-06,1.05E-05,1.68E-05,2.70E-05,4.80E-05,8.48E-05,0.00011169,9.70E-05,5.84E-05,2.74E-05,1.50E-05,1.17E-05,1.37E-05,1.92E-05,2.49E-05,2.57E-05,2.79E-05,3.60E-05,6.89E-05,0.000169506,0.000503534,0.001362016,0.003008117,0.006854558,0.018932037,0.041483194,0.079160854,0.118116535,0.136409551,0.144647166,0.152106509,0.137406945,0.100841381,0.058207154
Head 1,311,8.41E-07,9.64E-07,5.24E-07,2.80E-07,2.28E-07,2.42E-07,2.91E-07,2.86E-07,1.72E-07,8.44E-08,3.70E-08,2.19E-08,1.78E-08,2.50E-08,4.24E-08,6.42E-08,7.69E-08,6.80E-08,5.24E-08,3.63E-08,3.90E-08,2.68E-08,2.17E-08,1.74E-08,1.16E-08,5.87E-09,2.26E-09,9.00E-10,3.66E-10,2.82E-10,3.24E-10,5.08E-10,8.57E-10,1.20E-09,1.56E-09,2.01E-09,3.01E-09,6.35E-09,1.80E-08,4.85E-08,1.23E-07,2.15E-07,1.53E-07,9.23E-08,8.33E-08,4.06E-08,2.53E-08,2.02E-08,1.68E-08,1.37E-08,1.12E-08,6.37E-09,4.34E-09,3.72E-09,5.33E-09,9.77E-09,2.19E-08,5.71E-08,1.15E-07,1.48E-07,1.81E-07,2.50E-07,6.68E-07,8.91E-07,1.11E-06,1.17E-06,1.26E-06,1.06E-06,7.26E-07,5.14E-07,3.53E-07,2.71E-07,2.69E-07,3.63E-07,5.87E-07,8.11E-07,7.83E-07,5.67E-07,4.02E-07,3.61E-07,5.14E-07,8.78E-07,1.32E-06,8.79E-07,9.69E-07,5.87E-07,3.77E-07,3.18E-07,3.23E-07,3.89E-07,5.32E-07,7.03E-07,1.12E-06,1.42E-06,1.94E-06,2.90E-06,4.21E-06,7.00E-06,1.37E-05,2.60E-05,3.93E-05,4.04E-05,2.51E-05,1.29E-05,7.79E-06,7.43E-06,1.08E-05,1.64E-05,2.10E-05,2.25E-05,2.29E-05,3.04E-05,5.70E-05,0.000154285,0.000470087,0.001249325,0.002941632,0.008838125,0.020592812,0.044258948,0.07908354,0.108868077,0.130779058,0.155370876,0.161070913,0.143886268,0.096290663,0.045747001
Head 1,312,1.11E-06,7.93E-07,4.04E-07,2.50E-07,1.93E-07,2.16E-07,2.73E-07,2.51E-07,1.69E-07,7.87E-08,3.59E-08,1.92E-08,1.72E-08,2.48E-08,3.81E-08,5.36E-08,5.83E-08,5.43E-08,4.17E-08,4.38E-08,2.73E-08,2.00E-08,1.57E-08,1.19E-08,7.81E-09,3.88E-09,1.66E-09,5.40E-10,2.74E-10,2.02E-10,2.42E-10,4.01E-10,6.42E-10,9.17E-10,1.14E-09,1.36E-09,2.17E-09,5.24E-09,1.49E-08,4.67E-08,1.18E-07,1.14E-07,8.82E-08,1.14E-07,4.95E-08,3.17E-08,2.31E-08,1.71E-08,1.36E-08,1.16E-08,8.06E-09,5.66E-09,3.87E-09,3.47E-09,4.14E-09,7.68E-09,2.07E-08,5.50E-08,9.23E-08,1.31E-07,1.87E-07,5.18E-07,6.69E-07,9.33E-07,1.18E-06,1.51E-06,1.50E-06,1.12E-06,8.60E-07,5.97E-07,3.70E-07,2.52E-07,2.33E-07,3.14E-07,4.83E-07,6.41E-07,6.14E-07,4.34E-07,2.92E-07,2.84E-07,3.92E-07,6.56E-07,5.95E-07,1.04E-06,7.98E-07,4.95E-07,3.24E-07,2.53E-07,2.64E-07,3.43E-07,4.53E-07,7.28E-07,9.18E-07,1.27E-06,1.88E-06,2.56E-06,3.66E-06,6.11E-06,1.13E-05,2.17E-05,3.45E-05,3.34E-05,2.08E-05,1.09E-05,7.60E-06,8.41E-06,1.20E-05,1.63E-05,1.95E-05,1.90E-05,1.90E-05,2.54E-05,5.32E-05,0.000158387,0.000515612,0.001317429,0.004122495,0.010279087,0.023344101,0.046817325,0.07631062,0.106978819,0.141084298,0.159504786,0.163693577,0.138852343,0.08687903,0.03978822
Head 1,313,4.65E-06,2.85E-06,1.48E-06,7.31E-07,5.07E-07,5.34E-07,5.97E-07,6.30E-07,4.53E-07,2.62E-07,1.36E-07,7.11E-08,8.62E-08,1.25E-07,1.94E-07,2.57E-07,3.01E-07,2.78E-07,3.13E-07,1.91E-07,1.27E-07,8.57E-08,5.90E-08,3.98E-08,2.28E-08,1.12E-08,3.48E-09,1.29E-09,5.64E-10,4.08E-10,5.01E-10,7.91E-10,1.33E-09,1.92E-09,2.30E-09,3.07E-09,5.57E-09,1.34E-08,3.93E-08,1.17E-07,1.45E-07,1.47E-07,2.45E-07,1.07E-07,7.23E-08,5.28E-08,3.59E-08,2.68E-08,2.22E-08,1.70E-08,1.39E-08,9.92E-09,7.12E-09,5.56E-09,6.41E-09,1.18E-08,2.91E-08,5.77E-08,1.02E-07,1.67E-07,5.27E-07,5.84E-07,7.76E-07,1.10E-06,1.73E-06,2.26E-06,2.23E-06,2.25E-06,2.08E-06,1.50E-06,9.37E-07,6.38E-07,5.90E-07,7.10E-07,9.64E-07,1.15E-06,9.74E-07,6.19E-07,4.27E-07,3.71E-07,4.62E-07,5.51E-07,9.93E-07,1.07E-06,8.26E-07,5.37E-07,3.64E-07,3.33E-07,4.28E-07,6.33E-07,1.19E-06,1.77E-06,2.77E-06,4.57E-06,6.75E-06,9.53E-06,1.37E-05,2.07E-05,3.71E-05,6.72E-05,8.91E-05,7.50E-05,4.19E-05,2.20E-05,1.44E-05,1.36E-05,1.53E-05,1.92E-05,2.05E-05,1.87E-05,1.90E-05,2.75E-05,6.23E-05,0.000209931,0.000559089,0.001568018,0.0043208,0.010807768,0.02419563,0.046611607,0.079099946,0.119811028,0.147524685,0.158264399,0.15997,0.108764187,0.077421792,0.060222022
Head 1,314,5.39E-06,3.84E-06,1.81E-06,8.86E-07,6.27E-07,5.73E-07,6.72E-07,6.42E-07,4.78E-07,2.55E-07,9.48E-08,8.14E-08,8.87E-08,1.25E-07,1.84E-07,2.74E-07,3.38E-07,4.65E-07,3.43E-07,2.51E-07,1.76E-07,1.22E-07,8.65E-08,5.86E-08,3.75E-08,1.50E-08,5.73E-09,1.96E-09,8.80E-10,6.46E-10,7.22E-10,1.13E-09,1.77E-09,2.37E-09,2.97E-09,4.25E-09,7.96E-09,1.96E-08,6.03E-08,1.05E-07,1.33E-07,2.99E-07,1.63E-07,1.26E-07,1.03E-07,7.00E-08,4.83E-08,3.61E-08,2.64E-08,2.30E-08,1.90E-08,1.45E-08,9.80E-09,8.27E-09,1.02E-08,1.97E-08,3.93E-08,8.38E-08,1.73E-07,6.45E-07,6.87E-07,7.81E-07,9.97E-07,1.56E-06,2.31E-06,2.62E-06,2.89E-06,3.04E-06,2.52E-06,1.69E-06,1.07E-06,7.90E-07,7.34E-07,9.05E-07,1.28E-06,1.54E-06,1.36E-06,1.01E-06,7.10E-07,6.33E-07,5.23E-07,1.22E-06,1.77E-06,1.89E-06,1.38E-06,7.94E-07,5.14E-07,4.75E-07,5.70E-07,9.76E-07,1.44E-06,2.22E-06,3.58E-06,5.40E-06,8.02E-06,1.18E-05,1.69E-05,2.86E-05,5.41E-05,9.18E-05,0.000119337,0.000102266,6.41E-05,3.54E-05,2.31E-05,1.91E-05,2.14E-05,2.48E-05,2.44E-05,2.27E-05,2.38E-05,3.37E-05,8.69E-05,0.000230439,0.000595833,0.001764501,0.004809799,0.011311561,0.023554988,0.046188772,0.085339077,0.126771823,0.14875114,0.160303667,0.119279623,0.110931724,0.116995357,0.042287521
Head 1,315,1.74E-06,1.21E-06,6.45E-07,3.84E-07,2.81E-07,3.10E-07,3.56E-07,3.46E-07,2.18E-07,6.76E-08,3.93E-08,2.65E-08,2.44E-08,2.96E-08,4.40E-08,6.43E-08,1.18E-07,1.09E-07,9.05E-08,6.84E-08,4.89E-08,3.55E-08,2.70E-08,2.26E-08,1.33E-08,7.20E-09,2.86E-09,1.11E-09,5.50E-10,3.95E-10,4.70E-10,6.87E-10,1.00E-09,1.27E-09,1.55E-09,2.27E-09,4.01E-09,1.15E-08,2.79E-08,3.69E-08,1.24E-07,9.29E-08,9.30E-08,9.80E-08,7.58E-08,5.27E-08,3.46E-08,2.24E-08,1.89E-08,1.69E-08,1.47E-08,9.53E-09,6.73E-09,6.27E-09,8.79E-09,1.49E-08,3.44E-08,9.15E-08,4.25E-07,5.71E-07,6.51E-07,7.28E-07,1.03E-06,1.51E-06,1.88E-06,2.16E-06,2.33E-06,1.95E-06,1.28E-06,7.34E-07,4.38E-07,3.01E-07,2.86E-07,3.90E-07,6.08E-07,8.25E-07,8.83E-07,6.97E-07,5.33E-07,2.19E-07,7.45E-07,1.36E-06,2.20E-06,2.35E-06,1.50E-06,7.65E-07,4.66E-07,3.59E-07,4.30E-07,5.12E-07,6.57E-07,9.10E-07,1.20E-06,1.61E-06,2.25E-06,3.00E-06,4.61E-06,8.33E-06,1.57E-05,2.95E-05,4.45E-05,4.87E-05,3.88E-05,2.62E-05,1.63E-05,1.53E-05,1.78E-05,1.99E-05,2.01E-05,1.93E-05,1.88E-05,3.20E-05,7.98E-05,0.000219276,0.00071648,0.002222494,0.005641839,0.01191458,0.024256671,0.050721388,0.091094904,0.125288591,0.14747794,0.152585953,0.144646347,0.146003634,0.062101036,0.034605265
Head 1,316,1.43E-06,1.01E-06,5.79E-07,3.16E-07,2.60E-07,2.79E-07,3.46E-07,3.33E-07,1.23E-07,7.46E-08,4.05E-08,2.58E-08,2.23E-08,2.80E-08,4.18E-08,9.42E-08,1.05E-07,1.02E-07,8.34E-08,5.94E-08,3.98E-08,2.72E-08,2.27E-08,1.54E-08,1.07E-08,5.43E-09,2.24E-09,9.02E-10,4.22E-10,3.24E-10,3.54E-10,5.15E-10,7.53E-10,1.00E-09,1.35E-09,1.83E-09,3.94E-09,9.87E-09,1.28E-08,5.19E-08,5.58E-08,7.17E-08,9.67E-08,9.13E-08,7.12E-08,5.40E-08,2.98E-08,2.16E-08,1.80E-08,1.68E-08,1.25E-08,8.44E-09,6.58E-09,6.26E-09,7.07E-09,1.30E-08,3.53E-08,1.95E-07,3.75E-07,5.31E-07,5.97E-07,7.89E-07,1.08E-06,1.49E-06,1.99E-06,2.51E-06,2.55E-06,2.01E-06,1.27E-06,7.29E-07,4.02E-07,2.62E-07,2.45E-07,3.23E-07,4.98E-07,7.22E-07,7.31E-07,5.59E-07,1.82E-07,4.18E-07,6.37E-07,1.19E-06,1.93E-06,1.89E-06,1.18E-06,6.72E-07,3.98E-07,3.69E-07,3.76E-07,4.62E-07,6.50E-07,8.58E-07,1.15E-06,1.60E-06,2.09E-06,2.97E-06,4.68E-06,7.66E-06,1.46E-05,2.79E-05,4.57E-05,5.15E-05,4.13E-05,1.97E-05,1.45E-05,1.36E-05,1.47E-05,1.62E-05,1.70E-05,1.43E-05,1.64E-05,3.20E-05,7.76E-05,0.000233524,0.000798725,0.002437233,0.005831246,0.012928672,0.028922226,0.059145194,0.093873002,0.125339404,0.145259872,0.144020215,0.17378898,0.096950665,0.069503695,0.040492769
Head 1,317,1.46E-06,1.11E-06,5.68E-07,3.41E-07,2.63E-07,2.97E-07,3.58E-07,1.85E-07,1.43E-07,8.09E-08,4.12E-08,2.48E-08,2.27E-08,2.90E-08,7.04E-08,9.32E-08,1.11E-07,1.08E-07,8.73E-08,6.11E-08,3.97E-08,3.09E-08,2.07E-08,1.66E-08,1.09E-08,5.77E-09,2.46E-09,9.23E-10,4.52E-10,3.08E-10,3.44E-10,5.02E-10,7.65E-10,1.11E-09,1.32E-09,2.18E-09,4.69E-09,5.29E-09,2.10E-08,3.04E-08,5.08E-08,8.59E-08,1.02E-07,9.73E-08,1.02E-07,5.53E-08,3.49E-08,2.42E-08,2.04E-08,1.82E-08,1.31E-08,1.06E-08,8.15E-09,6.30E-09,7.74E-09,1.61E-08,7.63E-08,2.02E-07,4.09E-07,5.57E-07,7.43E-07,8.89E-07,1.16E-06,1.64E-06,2.28E-06,2.77E-06,2.64E-06,1.99E-06,1.29E-06,7.20E-07,3.87E-07,2.55E-07,2.36E-07,3.12E-07,5.18E-07,7.27E-07,7.38E-07,2.60E-07,4.38E-07,4.71E-07,7.26E-07,1.37E-06,2.01E-06,1.87E-06,1.27E-06,6.73E-07,4.72E-07,3.61E-07,3.78E-07,5.07E-07,6.63E-07,8.73E-07,1.18E-06,1.55E-06,2.20E-06,3.31E-06,4.82E-06,8.12E-06,1.56E-05,3.21E-05,5.21E-05,6.07E-05,2.94E-05,2.01E-05,1.46E-05,1.27E-05,1.31E-05,1.51E-05,1.32E-05,1.17E-05,1.71E-05,3.54E-05,8.10E-05,0.000251571,0.000852332,0.002393609,0.006033393,0.014487964,0.032233704,0.059277091,0.094449788,0.131471336,0.131564364,0.169047117,0.119276635,0.111474372,0.086509615,0.040192936
Head 1,318,2.14E-06,1.45E-06,8.32E-07,4.80E-07,3.95E-07,4.32E-07,2.86E-07,2.97E-07,2.19E-07,1.17E-07,5.61E-08,3.62E-08,3.32E-08,6.95E-08,9.79E-08,1.39E-07,1.66E-07,1.60E-07,1.26E-07,8.48E-08,6.28E-08,3.91E-08,3.17E-08,2.42E-08,1.67E-08,9.20E-09,3.71E-09,1.45E-09,6.56E-10,4.67E-10,5.35E-10,8.15E-10,1.32E-09,1.64E-09,2.43E-09,4.35E-09,3.92E-09,1.23E-08,1.96E-08,4.05E-08,8.39E-08,1.28E-07,1.52E-07,2.31E-07,1.42E-07,8.87E-08,5.39E-08,3.80E-08,3.45E-08,2.54E-08,2.29E-08,1.76E-08,1.15E-08,1.00E-08,1.40E-08,4.29E-08,1.17E-07,3.18E-07,6.11E-07,1.01E-06,1.20E-06,1.36E-06,1.77E-06,2.46E-06,3.36E-06,3.87E-06,3.57E-06,2.76E-06,1.74E-06,9.29E-07,5.05E-07,3.32E-07,3.17E-07,4.60E-07,7.40E-07,1.03E-06,4.95E-07,8.20E-07,7.00E-07,7.74E-07,1.24E-06,2.09E-06,2.84E-06,2.83E-06,1.80E-06,1.15E-06,6.62E-07,5.25E-07,5.89E-07,7.23E-07,9.38E-07,1.25E-06,1.60E-06,2.24E-06,3.32E-06,4.55E-06,6.77E-06,1.17E-05,2.44E-05,4.77E-05,7.77E-05,4.78E-05,3.76E-05,2.47E-05,1.74E-05,1.47E-05,1.61E-05,1.56E-05,1.32E-05,1.59E-05,3.00E-05,4.91E-05,0.000111499,0.000335784,0.001002603,0.002886407,0.00763526,0.017779715,0.034671206,0.062318761,0.105829194,0.114964955,0.146266893,0.122693159,0.130656824,0.131229639,0.079184443,0.041914921
Head 1,319,1.52E-06,1.14E-06,6.25E-07,3.74E-07,2.95E-07,1.88E-07,2.32E-07,2.38E-07,1.67E-07,8.32E-08,4.31E-08,2.76E-08,3.99E-08,5.11E-08,7.77E-08,1.09E-07,1.27E-07,1.19E-07,9.06E-08,6.88E-08,3.96E-08,2.95E-08,2.19E-08,1.72E-08,1.23E-08,6.37E-09,2.56E-09,9.34E-10,4.17E-10,3.12E-10,3.83E-10,6.21E-10,8.37E-10,1.34E-09,2.35E-09,1.76E-09,3.87E-09,5.96E-09,1.39E-08,3.43E-08,6.70E-08,1.03E-07,2.21E-07,1.77E-07,1.27E-07,7.63E-08,4.61E-08,3.69E-08,2.53E-08,2.37E-08,1.98E-08,1.33E-08,9.77E-09,9.65E-09,1.71E-08,3.46E-08,9.97E-08,2.66E-07,6.40E-07,9.35E-07,1.01E-06,1.20E-06,1.55E-06,2.22E-06,2.94E-06,3.29E-06,3.09E-06,2.35E-06,1.43E-06,7.75E-07,4.09E-07,2.69E-07,2.73E-07,3.75E-07,6.00E-07,3.77E-07,8.54E-07,7.38E-07,6.31E-07,7.16E-07,1.04E-06,1.68E-06,2.48E-06,2.35E-06,1.81E-06,9.22E-07,5.61E-07,4.80E-07,5.07E-07,6.30E-07,8.30E-07,1.05E-06,1.45E-06,2.17E-06,3.04E-06,4.33E-06,6.67E-06,1.25E-05,2.40E-05,4.59E-05,3.96E-05,4.17E-05,3.12E-05,2.00E-05,1.33E-05,1.20E-05,1.19E-05,1.09E-05,1.22E-05,2.30E-05,2.96E-05,4.62E-05,0.000104658,0.00029394,0.000948879,0.002993463,0.007896873,0.016667061,0.033653807,0.071918584,0.094426982,0.122683696,0.1179571,0.131619319,0.152210921,0.125689641,0.085166633,0.035328656
Head 1,320,1.87E-06,1.36E-06,7.74E-07,4.50E-07,2.17E-07,2.46E-07,3.02E-07,2.96E-07,1.95E-07,1.05E-07,5.44E-08,4.98E-08,4.89E-08,6.69E-08,1.00E-07,1.36E-07,1.56E-07,1.42E-07,1.21E-07,7.12E-08,5.04E-08,3.41E-08,2.63E-08,2.16E-08,1.46E-08,7.49E-09,2.97E-09,1.04E-09,5.09E-10,4.16E-10,5.37E-10,6.88E-10,1.22E-09,2.40E-09,1.74E-09,2.77E-09,3.50E-09,7.47E-09,1.92E-08,4.43E-08,8.57E-08,2.47E-07,2.70E-07,2.43E-07,1.69E-07,1.02E-07,6.63E-08,4.18E-08,3.66E-08,3.15E-08,2.35E-08,1.79E-08,1.55E-08,1.84E-08,2.22E-08,4.72E-08,1.31E-07,4.25E-07,9.04E-07,1.15E-06,1.34E-06,1.56E-06,2.06E-06,2.82E-06,3.64E-06,4.16E-06,3.84E-06,2.82E-06,1.75E-06,9.05E-07,4.83E-07,3.44E-07,3.35E-07,4.59E-07,3.01E-07,1.00E-06,1.12E-06,9.75E-07,8.54E-07,8.96E-07,1.26E-06,2.15E-06,3.00E-06,3.41E-06,2.09E-06,1.17E-06,7.54E-07,6.09E-07,6.41E-07,8.00E-07,1.01E-06,1.37E-06,2.01E-06,2.84E-06,4.01E-06,5.87E-06,9.88E-06,1.68E-05,3.08E-05,3.39E-05,4.59E-05,4.50E-05,3.30E-05,2.07E-05,1.52E-05,1.32E-05,1.26E-05,1.39E-05,2.61E-05,3.16E-05,3.70E-05,5.65E-05,0.000118719,0.000346722,0.001178387,0.003548814,0.008148281,0.017670929,0.043020606,0.067979902,0.09641026,0.107465394,0.126936823,0.145484582,0.144804671,0.130096033,0.071502976,0.034769263
Head 1,321,1.87E-06,1.38E-06,7.44E-07,2.48E-07,2.15E-07,2.42E-07,2.86E-07,2.65E-07,1.87E-07,9.92E-08,6.44E-08,4.52E-08,4.77E-08,6.59E-08,9.69E-08,1.30E-07,1.46E-07,1.50E-07,1.00E-07,7.45E-08,4.75E-08,3.33E-08,2.69E-08,2.06E-08,1.35E-08,6.84E-09,2.43E-09,9.06E-10,4.72E-10,4.00E-10,3.88E-10,6.78E-10,1.46E-09,1.21E-09,1.62E-09,1.76E-09,3.03E-09,7.19E-09,1.76E-08,4.10E-08,1.48E-07,2.25E-07,2.72E-07,2.43E-07,1.73E-07,9.57E-08,5.95E-08,4.55E-08,3.67E-08,2.82E-08,2.38E-08,2.21E-08,2.18E-08,1.61E-08,2.05E-08,4.21E-08,1.43E-07,4.31E-07,7.83E-07,1.07E-06,1.24E-06,1.44E-06,1.83E-06,2.50E-06,3.35E-06,3.74E-06,3.34E-06,2.50E-06,1.47E-06,7.78E-07,4.49E-07,3.05E-07,2.94E-07,1.54E-07,6.19E-07,9.34E-07,1.06E-06,9.22E-07,7.50E-07,7.67E-07,1.12E-06,1.86E-06,3.07E-06,2.81E-06,1.86E-06,1.06E-06,6.42E-07,5.12E-07,5.51E-07,6.67E-07,9.05E-07,1.30E-06,1.79E-06,2.53E-06,3.76E-06,6.20E-06,9.73E-06,1.60E-05,2.01E-05,3.06E-05,3.92E-05,3.81E-05,2.77E-05,1.89E-05,1.35E-05,1.21E-05,1.24E-05,2.22E-05,2.89E-05,3.08E-05,3.42E-05,4.87E-05,0.000106093,0.000334714,0.001127318,0.003011572,0.007394707,0.020778304,0.037836693,0.062983237,0.085758097,0.120416552,0.133877099,0.141650394,0.154129729,0.118507452,0.075890198,0.035725117
Head 1,322,2.36E-06,1.66E-06,4.73E-07,3.19E-07,2.73E-07,2.98E-07,3.38E-07,3.33E-07,2.32E-07,1.46E-07,7.84E-08,5.79E-08,6.17E-08,8.34E-08,1.19E-07,1.58E-07,1.97E-07,1.59E-07,1.35E-07,8.98E-08,5.97E-08,4.40E-08,3.33E-08,2.54E-08,1.65E-08,7.45E-09,2.85E-09,1.15E-09,6.35E-10,4.07E-10,5.44E-10,1.03E-09,1.03E-09,1.39E-09,1.51E-09,2.04E-09,3.94E-09,8.51E-09,2.05E-08,8.27E-08,1.71E-07,2.87E-07,3.42E-07,3.14E-07,1.64E-07,1.13E-07,8.12E-08,5.97E-08,4.26E-08,3.72E-08,3.96E-08,4.12E-08,2.45E-08,1.94E-08,2.38E-08,5.89E-08,1.86E-07,4.71E-07,8.94E-07,1.24E-06,1.39E-06,1.53E-06,1.95E-06,2.76E-06,3.56E-06,3.86E-06,3.54E-06,2.52E-06,1.51E-06,8.59E-07,4.77E-07,3.23E-07,1.20E-07,4.07E-07,6.86E-07,1.04E-06,1.15E-06,9.46E-07,7.59E-07,8.13E-07,1.15E-06,2.21E-06,3.04E-06,3.00E-06,2.03E-06,1.11E-06,6.65E-07,5.42E-07,5.60E-07,7.32E-07,1.04E-06,1.40E-06,1.90E-06,2.77E-06,4.53E-06,6.85E-06,1.05E-05,1.38E-05,2.05E-05,2.99E-05,3.79E-05,3.72E-05,2.97E-05,1.98E-05,1.60E-05,1.45E-05,2.14E-05,2.92E-05,3.34E-05,3.35E-05,3.51E-05,5.12E-05,0.000117717,0.000360759,0.001031597,0.0028673,0.009467569,0.01820503,0.034589406,0.056260724,0.100592732,0.118180186,0.127149373,0.148061126,0.139944166,0.124066569,0.078457445,0.040138613
Head 1,323,2.58E-06,8.55E-07,5.53E-07,3.62E-07,2.99E-07,3.17E-07,3.74E-07,3.64E-07,3.04E-07,1.55E-07,8.62E-08,6.49E-08,6.84E-08,9.03E-08,1.28E-07,1.89E-07,1.88E-07,1.92E-07,1.47E-07,1.02E-07,7.17E-08,5.00E-08,3.87E-08,2.78E-08,1.66E-08,7.99E-09,3.22E-09,1.39E-09,6.18E-10,5.24E-10,6.44E-10,6.76E-10,9.71E-10,1.29E-09,1.57E-09,2.51E-09,4.29E-09,9.05E-09,3.49E-08,9.00E-08,2.08E-07,3.34E-07,4.05E-07,2.19E-07,1.80E-07,1.37E-07,9.78E-08,6.20E-08,4.97E-08,5.57E-08,6.32E-08,4.04E-08,2.64E-08,2.06E-08,3.07E-08,7.09E-08,1.94E-07,4.98E-07,9.61E-07,1.27E-06,1.35E-06,1.50E-06,1.98E-06,2.68E-06,3.37E-06,3.74E-06,3.29E-06,2.38E-06,1.51E-06,8.30E-07,4.65E-07,1.37E-07,2.99E-07,4.32E-07,7.28E-07,1.07E-06,1.13E-06,9.24E-07,7.99E-07,8.16E-07,1.33E-06,2.15E-06,3.14E-06,3.15E-06,2.05E-06,1.09E-06,6.64E-07,5.16E-07,5.77E-07,7.90E-07,1.05E-06,1.38E-06,1.92E-06,3.01E-06,4.44E-06,6.76E-06,9.36E-06,1.34E-05,1.94E-05,2.82E-05,3.64E-05,3.88E-05,2.90E-05,2.25E-05,1.83E-05,2.09E-05,2.60E-05,3.22E-05,3.49E-05,3.33E-05,3.57E-05,5.46E-05,0.000123808,0.000321953,0.000953927,0.00391072,0.007871592,0.016116345,0.030130828,0.068222739,0.094441295,0.110015906,0.131656736,0.131270155,0.143148631,0.129405066,0.088002652,0.043878566
Head 1,324,4.13E-06,2.85E-06,1.51E-06,8.30E-07,5.95E-07,6.07E-07,7.03E-07,9.43E-07,6.77E-07,4.30E-07,2.93E-07,2.57E-07,2.95E-07,4.08E-07,6.79E-07,8.12E-07,1.01E-06,9.12E-07,7.05E-07,4.87E-07,3.03E-07,2.02E-07,1.23E-07,7.89E-08,4.62E-08,2.00E-08,7.75E-09,2.76E-09,1.41E-09,8.33E-10,6.62E-10,1.12E-09,1.54E-09,2.10E-09,3.55E-09,5.71E-09,1.08E-08,3.85E-08,9.51E-08,2.54E-07,5.05E-07,7.70E-07,4.59E-07,4.14E-07,3.33E-07,2.40E-07,1.45E-07,1.06E-07,1.12E-07,1.32E-07,9.86E-08,6.79E-08,4.37E-08,4.08E-08,5.37E-08,1.09E-07,2.82E-07,7.20E-07,1.37E-06,1.76E-06,1.91E-06,2.19E-06,2.68E-06,3.49E-06,4.59E-06,5.42E-06,5.49E-06,4.82E-06,3.42E-06,2.12E-06,9.56E-07,8.83E-07,9.19E-07,1.31E-06,2.07E-06,2.75E-06,2.63E-06,2.14E-06,1.50E-06,1.57E-06,1.88E-06,2.77E-06,3.81E-06,3.62E-06,2.46E-06,1.50E-06,1.01E-06,1.01E-06,1.40E-06,2.13E-06,3.47E-06,5.68E-06,9.71E-06,1.42E-05,2.23E-05,2.94E-05,4.65E-05,6.52E-05,9.11E-05,0.000119908,0.000141479,0.000107904,6.97E-05,4.71E-05,4.06E-05,3.75E-05,4.11E-05,4.78E-05,4.79E-05,4.64E-05,5.00E-05,7.26E-05,0.000131741,0.000339087,0.001348002,0.003495986,0.00873296,0.017838284,0.042522334,0.071431071,0.089436501,0.10816586,0.103377834,0.119083703,0.137749061,0.135180444,0.093409009,0.066498026
Head 1,325,4.77E-06,3.11E-06,1.58E-06,8.40E-07,6.22E-07,6.27E-07,1.03E-06,9.32E-07,6.77E-07,4.29E-07,2.92E-07,2.49E-07,2.79E-07,4.38E-07,5.86E-07,8.82E-07,1.01E-06,9.86E-07,8.05E-07,5.40E-07,3.58E-07,2.03E-07,1.35E-07,9.77E-08,5.66E-08,2.70E-08,1.03E-08,3.93E-09,1.32E-09,6.81E-10,7.39E-10,1.13E-09,1.64E-09,2.86E-09,4.25E-09,6.54E-09,1.84E-08,4.02E-08,1.18E-07,2.96E-07,6.00E-07,4.77E-07,5.07E-07,4.89E-07,3.95E-07,2.47E-07,1.63E-07,1.44E-07,1.48E-07,1.23E-07,1.02E-07,7.27E-08,5.95E-08,5.06E-08,6.24E-08,1.20E-07,3.06E-07,7.70E-07,1.37E-06,1.77E-06,1.98E-06,2.15E-06,2.53E-06,3.29E-06,4.28E-06,5.01E-06,5.21E-06,4.40E-06,3.14E-06,1.66E-06,1.19E-06,9.35E-07,9.99E-07,1.45E-06,2.25E-06,3.02E-06,3.37E-06,2.54E-06,2.20E-06,1.92E-06,2.36E-06,3.61E-06,4.70E-06,4.37E-06,2.96E-06,1.71E-06,1.21E-06,1.23E-06,1.54E-06,2.36E-06,3.83E-06,6.44E-06,8.98E-06,1.37E-05,1.87E-05,3.21E-05,4.75E-05,7.04E-05,9.93E-05,0.000140942,0.000141001,0.000109687,8.33E-05,7.00E-05,5.01E-05,4.33E-05,4.70E-05,5.10E-05,5.36E-05,5.33E-05,5.78E-05,7.19E-05,0.000134785,0.000467905,0.001219555,0.003119612,0.007403445,0.020387789,0.041241948,0.063651495,0.089984559,0.089339867,0.100228913,0.121270686,0.142611146,0.135432243,0.124855973,0.05726663
Head 1,326,3.18E-06,1.90E-06,9.03E-07,5.07E-07,4.02E-07,6.44E-07,6.92E-07,6.25E-07,4.28E-07,2.58E-07,1.67E-07,1.38E-07,1.76E-07,2.25E-07,3.84E-07,5.57E-07,7.21E-07,7.65E-07,6.13E-07,4.33E-07,2.35E-07,1.54E-07,1.28E-07,9.94E-08,6.45E-08,3.36E-08,1.30E-08,2.84E-09,9.91E-10,6.82E-10,7.72E-10,1.03E-09,1.80E-09,2.60E-09,3.37E-09,7.64E-09,1.32E-08,3.69E-08,1.03E-07,2.62E-07,2.67E-07,3.61E-07,4.33E-07,4.13E-07,2.79E-07,1.75E-07,1.28E-07,1.32E-07,1.09E-07,1.03E-07,8.67E-08,7.67E-08,5.33E-08,4.35E-08,5.56E-08,1.11E-07,2.92E-07,6.65E-07,1.12E-06,1.47E-06,1.61E-06,1.74E-06,2.16E-06,2.95E-06,3.92E-06,4.89E-06,4.98E-06,4.16E-06,3.86E-06,1.62E-06,1.05E-06,8.37E-07,9.58E-07,1.43E-06,2.33E-06,3.67E-06,3.58E-06,3.39E-06,2.48E-06,2.49E-06,3.69E-06,5.84E-06,7.71E-06,7.09E-06,4.47E-06,2.73E-06,2.08E-06,2.00E-06,2.60E-06,3.97E-06,6.75E-06,9.35E-06,1.41E-05,1.53E-05,2.67E-05,3.95E-05,6.16E-05,9.35E-05,0.000156037,0.00020044,0.000186643,0.000164837,0.000167706,0.000108586,7.25E-05,6.30E-05,6.08E-05,6.36E-05,6.06E-05,5.48E-05,4.93E-05,6.47E-05,0.000176105,0.000409369,0.000920175,0.002427909,0.007478496,0.017081732,0.031589217,0.055052768,0.063287742,0.077465415,0.09879002,0.131052241,0.160518557,0.199081734,0.113707371,0.039103501
Head 1,327,2.80E-06,1.59E-06,7.98E-07,4.61E-07,5.46E-07,5.77E-07,6.45E-07,5.79E-07,3.98E-07,2.36E-07,1.50E-07,1.37E-07,1.39E-07,2.19E-07,3.41E-07,5.24E-07,7.02E-07,7.02E-07,5.59E-07,3.21E-07,1.87E-07,1.45E-07,1.20E-07,9.66E-08,6.85E-08,3.50E-08,7.84E-09,2.10E-09,8.99E-10,6.46E-10,6.84E-10,1.14E-09,1.83E-09,2.49E-09,5.02E-09,6.72E-09,1.47E-08,3.81E-08,1.10E-07,1.54E-07,2.65E-07,4.02E-07,4.75E-07,3.96E-07,2.83E-07,1.97E-07,1.77E-07,1.17E-07,1.03E-07,9.86E-08,1.10E-07,8.49E-08,5.45E-08,4.43E-08,5.42E-08,1.10E-07,2.72E-07,6.19E-07,1.10E-06,1.40E-06,1.46E-06,1.63E-06,2.06E-06,2.78E-06,3.84E-06,4.60E-06,4.62E-06,5.64E-06,2.50E-06,1.59E-06,1.03E-06,8.37E-07,9.18E-07,1.37E-06,2.57E-06,3.59E-06,4.50E-06,3.28E-06,2.57E-06,2.78E-06,3.86E-06,6.04E-06,8.08E-06,7.18E-06,4.81E-06,3.07E-06,2.17E-06,2.12E-06,2.81E-06,4.62E-06,6.49E-06,9.44E-06,9.98E-06,1.68E-05,2.51E-05,4.09E-05,6.31E-05,0.00010655,0.000157474,0.000181383,0.000190262,0.000252584,0.000185222,0.000109649,7.45E-05,5.92E-05,6.09E-05,6.51E-05,6.27E-05,5.08E-05,4.97E-05,9.27E-05,0.000173564,0.000328454,0.000928516,0.003253414,0.007782711,0.016424969,0.03459407,0.048547093,0.066738889,0.083877131,0.106011063,0.138600081,0.212065205,0.16608353,0.076511584,0.036090557
Head 1,328,9.57E-07,6.88E-07,4.16E-07,4.42E-07,4.18E-07,4.87E-07,5.30E-07,4.27E-07,2.47E-07,1.20E-07,6.88E-08,4.33E-08,4.84E-08,6.41E-08,9.78E-08,1.50E-07,1.86E-07,1.86E-07,1.36E-07,8.41E-08,6.04E-08,5.00E-08,4.56E-08,4.17E-08,3.67E-08,1.40E-08,3.86E-09,1.56E-09,7.53E-10,5.89E-10,8.28E-10,1.40E-09,2.13E-09,3.02E-09,3.14E-09,4.92E-09,1.02E-08,2.94E-08,5.03E-08,1.04E-07,2.05E-07,3.22E-07,3.57E-07,3.42E-07,2.87E-07,2.61E-07,1.36E-07,9.58E-08,8.44E-08,1.08E-07,1.10E-07,7.60E-08,5.35E-08,4.48E-08,5.86E-08,1.18E-07,2.96E-07,7.19E-07,1.21E-06,1.44E-06,1.57E-06,1.87E-06,2.44E-06,3.46E-06,4.39E-06,4.66E-06,4.26E-06,2.80E-06,1.85E-06,1.11E-06,6.86E-07,5.05E-07,5.18E-07,8.44E-07,1.46E-06,2.71E-06,2.83E-06,2.51E-06,2.42E-06,2.88E-06,4.65E-06,8.59E-06,1.21E-05,1.14E-05,7.47E-06,3.95E-06,2.40E-06,2.08E-06,2.50E-06,2.91E-06,3.55E-06,4.40E-06,5.48E-06,6.50E-06,8.95E-06,1.27E-05,2.03E-05,3.28E-05,5.02E-05,6.67E-05,0.000126887,0.000153869,0.000125234,8.89E-05,6.17E-05,5.73E-05,6.58E-05,7.42E-05,6.86E-05,6.20E-05,0.000118021,0.000163605,0.000170547,0.000439823,0.002166144,0.00448411,0.009221566,0.021034898,0.034097243,0.058185685,0.085972987,0.114902243,0.15146637,0.163822904,0.166261733,0.101318903,0.060353935,0.024606727
Head 1,329,7.20E-07,5.32E-07,4.55E-07,3.32E-07,3.31E-07,3.92E-07,4.20E-07,3.36E-07,1.94E-07,1.01E-07,4.69E-08,3.68E-08,3.74E-08,5.08E-08,8.13E-08,1.17E-07,1.41E-07,1.27E-07,8.86E-08,6.30E-08,4.70E-08,3.90E-08,3.41E-08,3.59E-08,2.13E-08,7.33E-09,3.50E-09,1.11E-09,5.38E-10,5.07E-10,7.05E-10,1.17E-09,1.92E-09,2.18E-09,2.90E-09,4.51E-09,1.02E-08,1.83E-08,4.44E-08,1.06E-07,2.11E-07,2.82E-07,3.40E-07,3.72E-07,4.80E-07,2.32E-07,1.27E-07,8.45E-08,9.24E-08,1.06E-07,9.09E-08,7.13E-08,5.05E-08,4.13E-08,5.10E-08,1.03E-07,2.81E-07,6.63E-07,1.09E-06,1.35E-06,1.53E-06,1.80E-06,2.50E-06,3.50E-06,4.41E-06,4.01E-06,3.79E-06,2.90E-06,1.90E-06,1.11E-06,6.64E-07,4.79E-07,5.45E-07,8.07E-07,1.72E-06,2.48E-06,2.86E-06,2.69E-06,2.43E-06,2.84E-06,4.75E-06,8.56E-06,1.31E-05,1.30E-05,7.95E-06,4.10E-06,2.64E-06,2.46E-06,2.57E-06,3.05E-06,3.78E-06,4.62E-06,5.11E-06,6.61E-06,9.61E-06,1.56E-05,2.56E-05,4.18E-05,5.15E-05,9.09E-05,0.000140983,0.000155151,0.000127758,8.12E-05,6.06E-05,5.89E-05,6.65E-05,6.91E-05,6.74E-05,0.00011349,0.000123961,9.53E-05,0.000179307,0.000947737,0.002103582,0.004622202,0.011326859,0.019818295,0.039327197,0.067149788,0.100242808,0.134595364,0.143966213,0.161882535,0.127817437,0.10371618,0.060675971,0.020094795
Head 1,330,1.00E-06,9.60E-07,6.25E-07,4.90E-07,4.99E-07,5.72E-07,6.04E-07,4.85E-07,2.97E-07,1.29E-07,7.44E-08,5.32E-08,5.46E-08,7.68E-08,1.14E-07,1.62E-07,1.76E-07,1.52E-07,1.21E-07,8.87E-08,6.80E-08,5.30E-08,5.56E-08,4.42E-08,2.01E-08,1.33E-08,3.98E-09,1.41E-09,8.81E-10,7.96E-10,1.08E-09,1.79E-09,2.42E-09,3.36E-09,4.44E-09,7.44E-09,1.15E-08,2.66E-08,6.73E-08,1.66E-07,2.69E-07,3.96E-07,5.68E-07,1.16E-06,6.51E-07,3.38E-07,1.78E-07,1.45E-07,1.50E-07,1.42E-07,1.39E-07,1.13E-07,7.46E-08,5.67E-08,6.93E-08,1.46E-07,3.70E-07,8.25E-07,1.37E-06,1.75E-06,1.96E-06,2.46E-06,3.32E-06,4.57E-06,3.94E-06,5.65E-06,5.14E-06,3.93E-06,2.47E-06,1.43E-06,8.43E-07,6.79E-07,7.01E-07,1.28E-06,2.10E-06,3.28E-06,3.88E-06,3.43E-06,3.04E-06,3.66E-06,5.90E-06,1.15E-05,1.82E-05,1.69E-05,1.01E-05,5.66E-06,3.99E-06,3.24E-06,3.39E-06,3.88E-06,4.93E-06,5.36E-06,6.28E-06,8.77E-06,1.42E-05,2.38E-05,4.31E-05,5.13E-05,7.23E-05,0.000120549,0.000173985,0.000193725,0.000143366,9.93E-05,7.78E-05,7.45E-05,7.57E-05,8.21E-05,0.000142695,0.000139811,8.84E-05,0.000106922,0.00045993,0.000981931,0.002227884,0.005852824,0.01058258,0.022889983,0.043586854,0.075877734,0.112403303,0.122570388,0.147095054,0.13144587,0.132129431,0.114551961,0.051806502,0.023632156
Head 1,331,1.27E-06,9.41E-07,6.52E-07,5.22E-07,5.17E-07,5.92E-07,6.41E-07,5.52E-07,2.91E-07,1.54E-07,8.27E-08,6.02E-08,6.41E-08,8.36E-08,1.24E-07,1.46E-07,1.56E-07,1.50E-07,1.19E-07,9.06E-08,6.39E-08,5.79E-08,5.24E-08,2.68E-08,2.28E-08,8.92E-09,3.05E-09,1.51E-09,8.54E-10,7.57E-10,1.00E-09,1.49E-09,2.46E-09,3.40E-09,4.85E-09,6.26E-09,1.21E-08,2.84E-08,7.94E-08,1.53E-07,2.67E-07,4.78E-07,1.48E-06,1.15E-06,7.00E-07,3.55E-07,2.23E-07,1.72E-07,1.44E-07,1.57E-07,1.65E-07,1.21E-07,7.33E-08,5.49E-08,7.00E-08,1.39E-07,3.44E-07,7.81E-07,1.33E-06,1.67E-06,2.02E-06,2.50E-06,3.41E-06,2.74E-06,5.65E-06,6.15E-06,5.51E-06,3.93E-06,2.50E-06,1.44E-06,9.59E-07,6.70E-07,8.51E-07,1.17E-06,2.03E-06,3.17E-06,3.49E-06,2.97E-06,2.62E-06,2.98E-06,5.31E-06,1.08E-05,1.60E-05,1.47E-05,9.58E-06,5.97E-06,3.70E-06,3.05E-06,2.70E-06,3.68E-06,4.30E-06,4.84E-06,6.29E-06,9.79E-06,1.59E-05,3.14E-05,4.01E-05,4.53E-05,6.79E-05,0.000108748,0.000161541,0.000163336,0.000131332,9.35E-05,7.24E-05,6.08E-05,6.56E-05,0.000129042,0.00013299,8.09E-05,6.90E-05,0.000219949,0.000416394,0.000921857,0.002604609,0.004933288,0.011366474,0.023235343,0.046826676,0.081619598,0.096973151,0.125888497,0.125075951,0.135250062,0.151040122,0.102602676,0.063194193,0.026186557
Head 1,332,1.81E-06,1.41E-06,9.94E-07,7.75E-07,7.56E-07,8.81E-07,1.01E-06,7.64E-07,4.78E-07,2.41E-07,1.34E-07,1.00E-07,9.90E-08,1.31E-07,1.53E-07,1.87E-07,2.22E-07,2.09E-07,1.78E-07,1.27E-07,1.03E-07,9.50E-08,4.61E-08,3.99E-08,2.33E-08,9.60E-09,4.91E-09,2.08E-09,1.14E-09,9.97E-10,1.23E-09,2.15E-09,3.43E-09,5.04E-09,6.11E-09,9.27E-09,1.74E-08,4.51E-08,9.39E-08,1.85E-07,3.82E-07,1.60E-06,1.80E-06,1.50E-06,9.24E-07,5.72E-07,3.43E-07,2.19E-07,2.07E-07,2.46E-07,2.32E-07,1.56E-07,9.28E-08,7.19E-08,8.55E-08,1.64E-07,4.02E-07,9.10E-07,1.51E-06,2.05E-06,2.39E-06,2.95E-06,2.28E-06,5.43E-06,7.05E-06,7.51E-06,6.28E-06,4.57E-06,2.91E-06,1.96E-06,1.11E-06,9.92E-07,9.33E-07,1.34E-06,2.32E-06,3.37E-06,3.54E-06,2.95E-06,2.42E-06,3.05E-06,5.55E-06,1.03E-05,1.51E-05,1.52E-05,1.14E-05,6.26E-06,3.90E-06,2.17E-06,2.79E-06,3.54E-06,4.19E-06,5.20E-06,7.44E-06,1.08E-05,2.11E-05,3.20E-05,3.48E-05,4.49E-05,6.69E-05,0.000111924,0.000150955,0.000165183,0.000134486,9.63E-05,6.33E-05,5.73E-05,0.000109076,0.000119934,8.34E-05,6.38E-05,0.000148347,0.000220029,0.00040587,0.001107093,0.002166972,0.005300215,0.011237523,0.02431233,0.048176739,0.065771937,0.097635202,0.111710824,0.122449189,0.145985872,0.132063702,0.123214833,0.071682535,0.034861293
Head 1,333,2.25E-06,1.78E-06,1.23E-06,9.29E-07,9.07E-07,1.11E-06,1.13E-06,9.61E-07,5.77E-07,2.99E-07,1.69E-07,1.18E-07,1.20E-07,1.25E-07,1.59E-07,2.22E-07,2.56E-07,2.65E-07,2.15E-07,1.79E-07,1.65E-07,7.34E-08,5.47E-08,4.24E-08,2.23E-08,1.41E-08,5.92E-09,2.38E-09,1.39E-09,1.09E-09,1.55E-09,2.54E-09,4.25E-09,5.83E-09,7.73E-09,1.15E-08,2.38E-08,4.68E-08,9.83E-08,2.20E-07,1.09E-06,1.70E-06,1.98E-06,1.66E-06,1.28E-06,7.35E-07,3.77E-07,2.62E-07,2.70E-07,2.96E-07,2.59E-07,1.70E-07,1.04E-07,7.55E-08,8.69E-08,1.67E-07,4.12E-07,9.32E-07,1.68E-06,2.17E-06,2.49E-06,2.02E-06,4.15E-06,6.03E-06,7.55E-06,7.56E-06,6.29E-06,4.52E-06,3.41E-06,1.95E-06,1.46E-06,9.79E-07,9.91E-07,1.47E-06,2.43E-06,3.47E-06,3.66E-06,2.88E-06,2.67E-06,3.45E-06,5.67E-06,1.06E-05,1.69E-05,1.94E-05,1.25E-05,6.73E-06,2.17E-06,2.17E-06,2.64E-06,3.36E-06,4.24E-06,5.69E-06,7.01E-06,1.18E-05,2.07E-05,2.68E-05,3.30E-05,4.38E-05,7.02E-05,0.000107077,0.000156367,0.000170849,0.000141224,8.35E-05,6.00E-05,9.23E-05,9.52E-05,7.77E-05,6.77E-05,0.000133553,0.000155339,0.000212842,0.000476352,0.000898723,0.002314043,0.005217207,0.011710359,0.024787951,0.037670255,0.065004408,0.092313923,0.10636805,0.123539925,0.118538894,0.145482332,0.132223502,0.090184845,0.04131145
Head 1,334,2.28E-05,1.42E-05,7.89E-06,5.03E-06,4.70E-06,4.71E-06,5.35E-06,4.88E-06,3.57E-06,2.26E-06,1.41E-06,1.10E-06,1.01E-06,1.21E-06,1.88E-06,2.50E-06,3.02E-06,3.29E-06,2.77E-06,1.42E-06,7.35E-07,5.18E-07,3.49E-07,1.96E-07,1.40E-07,6.60E-08,2.32E-08,1.04E-08,4.32E-09,3.69E-09,4.72E-09,8.15E-09,1.05E-08,1.56E-08,2.44E-08,4.48E-08,7.92E-08,1.70E-07,4.03E-07,1.83E-06,3.48E-06,5.02E-06,5.19E-06,5.18E-06,3.33E-06,1.69E-06,9.63E-07,7.27E-07,6.97E-07,6.69E-07,5.21E-07,3.27E-07,1.83E-07,1.24E-07,1.37E-07,2.45E-07,5.82E-07,1.40E-06,2.41E-06,3.07E-06,6.40E-06,3.83E-06,5.25E-06,7.31E-06,9.52E-06,1.03E-05,9.26E-06,8.35E-06,5.45E-06,4.27E-06,2.59E-06,2.10E-06,2.43E-06,3.53E-06,5.41E-06,6.94E-06,6.14E-06,4.88E-06,4.11E-06,4.03E-06,5.53E-06,9.15E-06,1.44E-05,1.38E-05,9.42E-06,2.56E-06,1.96E-06,2.03E-06,2.77E-06,4.35E-06,7.53E-06,1.12E-05,1.90E-05,3.71E-05,6.02E-05,8.41E-05,0.000116032,0.000176445,0.000238979,0.000333533,0.000372152,0.000318689,0.000176609,1.00E-04,8.38E-05,6.32E-05,5.98E-05,6.15E-05,8.77E-05,9.03E-05,9.33E-05,0.00015265,0.000244166,0.00064797,0.001754751,0.004808366,0.011687232,0.022610681,0.04094281,0.079599433,0.106567852,0.092143953,0.082793556,0.101159446,0.119611524,0.131784409,0.088039204,0.112547159
Head 1,335,7.39E-06,5.68E-06,3.82E-06,3.07E-06,2.71E-06,3.09E-06,3.25E-06,2.71E-06,1.67E-06,7.99E-07,3.91E-07,2.35E-07,1.95E-07,2.50E-07,3.63E-07,5.30E-07,5.79E-07,6.53E-07,6.25E-07,3.32E-07,2.10E-07,1.70E-07,1.09E-07,9.18E-08,5.89E-08,2.79E-08,1.54E-08,5.67E-09,3.10E-09,2.39E-09,2.93E-09,5.36E-09,8.32E-09,1.26E-08,1.87E-08,2.42E-08,3.97E-08,7.92E-08,3.53E-07,9.02E-07,1.87E-06,2.72E-06,3.81E-06,3.28E-06,1.92E-06,1.01E-06,5.72E-07,4.18E-07,3.85E-07,3.70E-07,3.16E-07,2.08E-07,1.20E-07,8.81E-08,1.01E-07,1.94E-07,5.26E-07,1.26E-06,2.23E-06,3.21E-06,3.30E-06,4.20E-06,5.44E-06,7.13E-06,8.22E-06,7.87E-06,7.19E-06,4.83E-06,3.63E-06,1.95E-06,1.23E-06,9.98E-07,1.06E-06,1.50E-06,2.41E-06,3.28E-06,3.80E-06,3.75E-06,3.46E-06,4.18E-06,7.42E-06,1.67E-05,2.65E-05,2.51E-05,5.81E-06,3.07E-06,2.04E-06,1.92E-06,2.35E-06,3.36E-06,3.87E-06,4.29E-06,6.34E-06,1.17E-05,1.56E-05,2.01E-05,2.93E-05,4.02E-05,6.56E-05,0.000105543,0.000150493,0.000137183,0.000104237,0.000115677,6.62E-05,4.61E-05,5.50E-05,0.000114627,0.000131828,0.000134255,0.000171058,0.000199842,0.000396406,0.00090831,0.002338719,0.005762945,0.009267727,0.019790052,0.035752881,0.053889424,0.078259043,0.073024645,0.091926806,0.115233019,0.15942122,0.149173379,0.147121966,0.055765495
Head 1,336,6.32E-06,4.80E-06,3.47E-06,2.41E-06,2.40E-06,2.69E-06,2.96E-06,2.56E-06,1.52E-06,6.94E-07,3.37E-07,1.93E-07,1.80E-07,2.27E-07,3.43E-07,4.06E-07,5.61E-07,6.52E-07,4.02E-07,2.61E-07,1.87E-07,1.19E-07,9.96E-08,7.43E-08,4.48E-08,3.15E-08,1.28E-08,5.67E-09,2.85E-09,2.19E-09,3.20E-09,4.82E-09,8.22E-09,1.31E-08,1.59E-08,2.24E-08,3.73E-08,1.23E-07,3.23E-07,8.32E-07,1.61E-06,3.11E-06,3.78E-06,2.95E-06,1.84E-06,9.49E-07,5.26E-07,3.68E-07,3.23E-07,3.18E-07,2.63E-07,1.64E-07,9.71E-08,6.88E-08,8.08E-08,1.69E-07,4.34E-07,1.03E-06,2.39E-06,2.42E-06,3.13E-06,3.82E-06,4.88E-06,6.10E-06,6.93E-06,7.56E-06,6.07E-06,5.22E-06,2.96E-06,1.79E-06,1.16E-06,8.79E-07,8.91E-07,1.22E-06,1.82E-06,2.68E-06,3.18E-06,2.86E-06,2.63E-06,3.43E-06,7.10E-06,1.46E-05,2.20E-05,6.78E-06,3.69E-06,2.04E-06,1.45E-06,1.48E-06,2.03E-06,2.61E-06,2.88E-06,3.57E-06,7.00E-06,9.47E-06,1.19E-05,1.65E-05,2.08E-05,3.11E-05,4.91E-05,7.96E-05,9.52E-05,9.65E-05,0.000136321,6.93E-05,3.48E-05,3.78E-05,7.59E-05,9.07E-05,0.000102873,0.000125752,0.000121211,0.000184463,0.000336693,0.000808106,0.002061653,0.003186987,0.008027658,0.016672198,0.029146554,0.051427379,0.052339341,0.067016304,0.08200597,0.129676715,0.164594442,0.216434762,0.122906171,0.051764991
Head 1,337,5.48E-06,4.45E-06,2.74E-06,2.18E-06,2.08E-06,2.39E-06,2.71E-06,2.25E-06,1.25E-06,6.04E-07,2.67E-07,1.70E-07,1.58E-07,2.12E-07,2.48E-07,4.04E-07,5.76E-07,4.40E-07,3.18E-07,2.25E-07,1.44E-07,1.15E-07,8.79E-08,6.17E-08,5.19E-08,2.84E-08,1.37E-08,5.66E-09,2.80E-09,2.48E-09,2.90E-09,4.87E-09,8.74E-09,1.17E-08,1.62E-08,2.43E-08,5.53E-08,1.20E-07,3.22E-07,7.53E-07,1.87E-06,3.14E-06,3.35E-06,2.82E-06,1.70E-06,8.58E-07,4.57E-07,3.08E-07,2.81E-07,2.66E-07,2.11E-07,1.36E-07,7.77E-08,5.72E-08,7.36E-08,1.47E-07,3.80E-07,1.26E-06,1.65E-06,2.55E-06,3.17E-06,3.70E-06,4.45E-06,5.47E-06,6.87E-06,6.71E-06,6.71E-06,4.36E-06,2.86E-06,1.75E-06,1.09E-06,8.07E-07,8.11E-07,1.06E-06,1.77E-06,2.72E-06,3.03E-06,2.72E-06,2.71E-06,4.09E-06,7.65E-06,1.45E-05,7.12E-06,5.03E-06,2.92E-06,1.69E-06,1.32E-06,1.50E-06,1.94E-06,2.38E-06,2.68E-06,4.99E-06,6.68E-06,8.07E-06,1.09E-05,1.33E-05,1.85E-05,2.69E-05,4.29E-05,5.86E-05,7.92E-05,0.000166543,9.92E-05,3.98E-05,3.50E-05,5.87E-05,6.32E-05,8.03E-05,0.000108316,0.000101478,0.000125532,0.000170507,0.000332905,0.000783965,0.001074923,0.003125204,0.007231631,0.014753087,0.031448431,0.036653522,0.050658882,0.060191937,0.094666637,0.134939194,0.214724466,0.189657196,0.111828797,0.04644252
Head 1,338,5.07E-06,3.51E-06,2.53E-06,1.91E-06,1.85E-06,2.20E-06,2.39E-06,1.88E-06,1.13E-06,4.85E-07,2.33E-07,1.48E-07,1.50E-07,1.49E-07,2.50E-07,4.49E-07,4.11E-07,3.29E-07,2.69E-07,1.80E-07,1.45E-07,1.06E-07,7.70E-08,6.57E-08,4.91E-08,3.19E-08,1.48E-08,6.04E-09,3.02E-09,2.28E-09,3.01E-09,5.35E-09,8.22E-09,1.28E-08,2.00E-08,3.44E-08,5.46E-08,1.24E-07,3.03E-07,8.93E-07,1.98E-06,2.86E-06,3.36E-06,2.80E-06,1.63E-06,7.85E-07,4.06E-07,2.87E-07,2.49E-07,2.28E-07,1.87E-07,1.16E-07,6.85E-08,5.53E-08,6.79E-08,1.37E-07,4.64E-07,8.62E-07,1.84E-06,2.79E-06,3.27E-06,3.60E-06,4.25E-06,5.68E-06,6.54E-06,7.74E-06,6.02E-06,4.50E-06,2.92E-06,1.75E-06,1.07E-06,7.84E-07,7.58E-07,1.12E-06,1.93E-06,2.82E-06,3.10E-06,2.98E-06,3.40E-06,4.61E-06,8.03E-06,5.74E-06,5.67E-06,4.36E-06,2.58E-06,1.68E-06,1.46E-06,1.63E-06,2.17E-06,2.43E-06,4.03E-06,5.37E-06,6.25E-06,7.96E-06,9.48E-06,1.27E-05,1.70E-05,2.49E-05,3.29E-05,5.17E-05,0.000156691,0.000136664,5.57E-05,4.25E-05,5.86E-05,4.84E-05,5.88E-05,8.82E-05,9.24E-05,0.000109881,0.000119774,0.000177274,0.000332991,0.000371078,0.001117704,0.002810445,0.006813707,0.017424252,0.023352141,0.037006266,0.046441987,0.071950205,0.101524711,0.169561625,0.199234918,0.178084418,0.102042131,0.040460877
Head 1,339,5.30E-06,4.28E-06,2.89E-06,2.22E-06,2.23E-06,2.54E-06,2.68E-06,2.21E-06,1.20E-06,5.53E-07,2.61E-07,1.87E-07,1.39E-07,1.98E-07,4.11E-07,4.18E-07,3.52E-07,3.81E-07,2.77E-07,2.41E-07,1.74E-07,1.21E-07,8.97E-08,7.78E-08,6.81E-08,4.32E-08,2.00E-08,6.86E-09,3.35E-09,2.96E-09,4.08E-09,6.16E-09,1.09E-08,1.99E-08,3.07E-08,3.68E-08,6.27E-08,1.33E-07,4.03E-07,1.07E-06,2.02E-06,3.20E-06,3.85E-06,3.10E-06,1.74E-06,8.26E-07,4.53E-07,3.02E-07,2.56E-07,2.43E-07,1.89E-07,1.21E-07,7.74E-08,5.86E-08,7.17E-08,1.76E-07,3.65E-07,1.03E-06,2.18E-06,3.07E-06,3.38E-06,3.63E-06,4.70E-06,5.82E-06,7.99E-06,7.61E-06,6.70E-06,4.94E-06,3.17E-06,1.86E-06,1.13E-06,7.87E-07,8.60E-07,1.30E-06,2.08E-06,2.93E-06,3.38E-06,3.56E-06,3.54E-06,4.58E-06,3.75E-06,4.49E-06,4.84E-06,3.68E-06,2.46E-06,1.80E-06,1.55E-06,1.95E-06,2.26E-06,3.29E-06,4.46E-06,5.21E-06,6.33E-06,7.24E-06,9.40E-06,1.20E-05,1.61E-05,1.88E-05,2.90E-05,0.000104769,0.000135104,7.04E-05,5.67E-05,7.61E-05,4.69E-05,4.50E-05,6.53E-05,7.54E-05,9.93E-05,0.000104217,0.00012509,0.000175006,0.00014507,0.000375003,0.000887063,0.002536546,0.008262507,0.012479959,0.023149317,0.033096693,0.054837767,0.077321962,0.121350266,0.161878377,0.194926381,0.170732826,0.09403798,0.042535912
Head 1,340,6.32E-06,4.80E-06,3.29E-06,2.60E-06,2.48E-06,2.83E-06,2.92E-06,2.28E-06,1.30E-06,5.76E-07,3.14E-07,1.69E-07,1.71E-07,3.40E-07,3.53E-07,3.01E-07,4.56E-07,3.70E-07,3.71E-07,2.81E-07,1.93E-07,1.24E-07,1.04E-07,1.06E-07,9.00E-08,5.70E-08,1.88E-08,7.11E-09,4.27E-09,3.82E-09,4.41E-09,7.57E-09,1.59E-08,2.65E-08,2.91E-08,3.82E-08,6.24E-08,1.67E-07,4.58E-07,1.05E-06,2.08E-06,3.43E-06,4.04E-06,3.13E-06,1.74E-06,8.84E-07,4.56E-07,3.00E-07,2.63E-07,2.39E-07,1.93E-07,1.32E-07,7.82E-08,5.88E-08,8.63E-08,1.38E-07,4.07E-07,1.14E-06,2.27E-06,3.00E-06,3.17E-06,3.79E-06,4.47E-06,6.53E-06,7.39E-06,7.77E-06,6.78E-06,4.95E-06,3.12E-06,1.81E-06,1.05E-06,8.41E-07,9.47E-07,1.32E-06,2.07E-06,3.04E-06,3.74E-06,3.36E-06,3.31E-06,2.49E-06,2.93E-06,3.81E-06,3.98E-06,3.34E-06,2.50E-06,1.71E-06,1.72E-06,1.94E-06,2.51E-06,3.36E-06,4.12E-06,5.03E-06,5.54E-06,6.89E-06,8.44E-06,1.10E-05,1.16E-05,1.61E-05,5.65E-05,9.02E-05,6.51E-05,6.67E-05,0.000110423,6.01E-05,4.27E-05,5.00E-05,5.42E-05,7.89E-05,9.37E-05,0.000107934,0.000121017,7.56E-05,0.000139775,0.000253753,0.000785729,0.003404049,0.005792177,0.012408442,0.020466121,0.038702898,0.05876746,0.084752873,0.117481127,0.157813609,0.189428434,0.159337923,0.10158959,0.047575299
Head 1,341,7.07E-06,5.48E-06,3.86E-06,2.90E-06,2.86E-06,2.95E-06,3.05E-06,2.47E-06,1.33E-06,6.82E-07,2.98E-07,2.01E-07,3.04E-07,2.86E-07,2.35E-07,4.72E-07,4.35E-07,5.10E-07,4.36E-07,3.16E-07,1.96E-07,1.48E-07,1.48E-07,1.44E-07,1.23E-07,5.15E-08,1.96E-08,9.82E-09,5.78E-09,4.33E-09,5.69E-09,1.16E-08,2.15E-08,2.67E-08,3.26E-08,4.28E-08,9.12E-08,2.15E-07,5.15E-07,1.15E-06,2.33E-06,3.81E-06,4.31E-06,3.30E-06,1.93E-06,9.12E-07,4.63E-07,3.14E-07,2.70E-07,2.57E-07,2.19E-07,1.39E-07,8.29E-08,7.97E-08,7.48E-08,1.67E-07,4.91E-07,1.34E-06,2.48E-06,3.14E-06,3.81E-06,4.07E-06,5.67E-06,6.81E-06,8.23E-06,8.68E-06,7.47E-06,5.37E-06,3.36E-06,1.86E-06,1.24E-06,1.04E-06,1.09E-06,1.52E-06,2.51E-06,3.87E-06,3.92E-06,3.61E-06,2.34E-06,2.38E-06,3.00E-06,3.82E-06,4.22E-06,3.92E-06,2.56E-06,1.99E-06,2.01E-06,2.32E-06,2.80E-06,3.48E-06,4.48E-06,4.96E-06,5.94E-06,6.93E-06,8.72E-06,8.71E-06,1.09E-05,3.38E-05,5.37E-05,4.84E-05,6.71E-05,0.000157563,9.95E-05,6.00E-05,5.33E-05,4.52E-05,6.22E-05,8.40E-05,0.000107081,0.000115735,6.20E-05,7.77E-05,9.10E-05,0.00025544,0.001369643,0.00261792,0.006340678,0.011712955,0.02520827,0.043175224,0.058567818,0.085235015,0.113186233,0.153188437,0.172930688,0.167427331,0.108091064,0.049250245
Head 1,342,6.38E-06,5.05E-06,3.38E-06,2.63E-06,2.21E-06,2.44E-06,2.66E-06,2.06E-06,1.26E-06,5.64E-07,2.77E-07,2.70E-07,2.09E-07,1.50E-07,3.43E-07,3.59E-07,4.78E-07,4.72E-07,3.81E-07,2.54E-07,1.79E-07,1.61E-07,1.50E-07,1.44E-07,8.74E-08,3.97E-08,2.12E-08,9.87E-09,4.77E-09,3.99E-09,6.16E-09,1.09E-08,1.63E-08,2.24E-08,2.79E-08,4.95E-08,9.16E-08,1.97E-07,4.39E-07,9.72E-07,2.01E-06,3.21E-06,3.64E-06,2.96E-06,1.63E-06,7.52E-07,3.88E-07,2.60E-07,2.33E-07,2.32E-07,1.84E-07,1.17E-07,9.86E-08,5.14E-08,6.99E-08,1.54E-07,4.54E-07,1.16E-06,2.08E-06,3.07E-06,3.26E-06,4.25E-06,4.86E-06,6.25E-06,7.78E-06,7.98E-06,6.74E-06,4.81E-06,2.88E-06,1.83E-06,1.27E-06,9.77E-07,1.02E-06,1.49E-06,2.55E-06,3.15E-06,3.30E-06,2.04E-06,1.81E-06,1.89E-06,2.39E-06,3.14E-06,3.88E-06,3.04E-06,2.10E-06,1.88E-06,2.08E-06,2.04E-06,2.32E-06,3.11E-06,3.62E-06,4.37E-06,4.91E-06,5.96E-06,5.86E-06,6.92E-06,1.93E-05,2.62E-05,2.42E-05,4.23E-05,0.000140386,0.000127001,8.47E-05,6.46E-05,4.02E-05,4.36E-05,5.72E-05,8.16E-05,9.99E-05,5.41E-05,5.18E-05,3.61E-05,7.86E-05,0.000459531,0.000966258,0.002662102,0.005469753,0.01336382,0.026785715,0.036425628,0.060321052,0.080457799,0.109752066,0.138486728,0.182765171,0.181073561,0.113264211,0.046489947
Head 1,343,2.83E-05,1.71E-05,9.47E-06,5.28E-06,4.26E-06,4.82E-06,5.17E-06,4.80E-06,3.62E-06,2.08E-06,1.10E-06,8.75E-07,7.80E-07,1.20E-06,1.52E-06,2.45E-06,2.97E-06,2.76E-06,2.72E-06,1.84E-06,1.45E-06,1.11E-06,8.87E-07,5.92E-07,3.14E-07,1.83E-07,7.79E-08,2.74E-08,1.34E-08,1.15E-08,1.74E-08,2.69E-08,4.57E-08,6.69E-08,1.22E-07,1.90E-07,3.34E-07,6.50E-07,1.31E-06,2.86E-06,5.40E-06,7.96E-06,8.72E-06,6.29E-06,3.21E-06,1.51E-06,7.90E-07,5.64E-07,5.25E-07,4.68E-07,3.48E-07,4.81E-07,1.15E-07,9.23E-08,1.16E-07,2.40E-07,5.99E-07,1.35E-06,2.63E-06,3.30E-06,4.41E-06,4.62E-06,5.81E-06,8.05E-06,1.03E-05,1.16E-05,1.09E-05,8.44E-06,6.29E-06,4.59E-06,3.28E-06,2.84E-06,3.42E-06,5.56E-06,7.60E-06,9.27E-06,4.50E-06,3.27E-06,2.44E-06,2.31E-06,2.66E-06,3.57E-06,3.60E-06,2.75E-06,2.43E-06,2.99E-06,2.65E-06,2.72E-06,3.73E-06,5.11E-06,7.61E-06,1.05E-05,1.50E-05,1.79E-05,2.49E-05,5.19E-05,6.83E-05,8.38E-05,0.000144677,0.000306613,0.000347724,0.000267626,0.000190596,9.40E-05,6.90E-05,6.24E-05,7.25E-05,8.55E-05,7.15E-05,6.25E-05,2.93E-05,4.12E-05,0.000118183,0.000248449,0.000781767,0.002185489,0.007195101,0.017822934,0.032755375,0.046605583,0.060790852,0.074315347,0.086941265,0.12305896,0.167855486,0.167145908,0.107208945,0.102535568
Head 1,344,2.96E-05,1.76E-05,8.57E-06,5.03E-06,4.51E-06,4.87E-06,5.38E-06,5.27E-06,3.59E-06,1.44E-06,9.72E-07,6.63E-07,8.17E-07,1.06E-06,1.80E-06,2.59E-06,2.95E-06,3.40E-06,2.76E-06,2.39E-06,1.82E-06,1.39E-06,1.06E-06,6.44E-07,4.66E-07,2.38E-07,8.63E-08,3.32E-08,1.85E-08,1.57E-08,1.74E-08,2.78E-08,4.52E-08,9.14E-08,1.39E-07,2.00E-07,3.24E-07,5.69E-07,1.22E-06,2.61E-06,4.96E-06,7.70E-06,8.10E-06,5.59E-06,2.98E-06,1.41E-06,7.93E-07,6.02E-07,5.25E-07,4.65E-07,8.36E-07,1.98E-07,1.26E-07,9.82E-08,1.23E-07,2.33E-07,5.55E-07,1.40E-06,2.38E-06,3.74E-06,3.77E-06,4.23E-06,5.40E-06,7.09E-06,8.94E-06,1.00E-05,9.22E-06,7.80E-06,6.03E-06,4.16E-06,3.01E-06,2.81E-06,3.71E-06,4.90E-06,6.89E-06,4.88E-06,4.13E-06,3.06E-06,2.50E-06,2.43E-06,3.10E-06,3.77E-06,3.54E-06,3.16E-06,4.23E-06,3.28E-06,2.54E-06,2.71E-06,3.31E-06,4.82E-06,6.74E-06,9.47E-06,1.12E-05,1.56E-05,3.41E-05,4.56E-05,5.04E-05,9.36E-05,0.000206799,0.000287974,0.000322161,0.000307566,0.000167492,0.000103931,6.94E-05,6.42E-05,7.36E-05,6.89E-05,6.74E-05,2.57E-05,2.72E-05,5.18E-05,8.29E-05,0.000227496,0.000626647,0.002277394,0.006678597,0.013779672,0.025220364,0.03955441,0.053088978,0.06131449,0.082493253,0.121772856,0.157480061,0.148931921,0.19073604,0.093325712
Head 1,345,2.85E-05,1.56E-05,7.70E-06,5.17E-06,4.60E-06,5.03E-06,5.95E-06,5.36E-06,2.15E-06,1.41E-06,8.12E-07,6.92E-07,7.75E-07,1.23E-06,1.91E-06,2.56E-06,3.29E-06,3.31E-06,3.34E-06,2.78E-06,2.10E-06,1.56E-06,1.02E-06,8.35E-07,5.34E-07,2.38E-07,9.42E-08,4.32E-08,2.42E-08,1.59E-08,1.84E-08,2.80E-08,6.21E-08,1.07E-07,1.46E-07,2.06E-07,3.01E-07,5.48E-07,1.12E-06,2.40E-06,4.79E-06,7.12E-06,7.16E-06,5.14E-06,2.69E-06,1.34E-06,7.95E-07,5.69E-07,4.97E-07,1.03E-06,3.13E-07,2.09E-07,1.30E-07,1.01E-07,1.19E-07,2.20E-07,5.78E-07,1.30E-06,2.79E-06,3.30E-06,3.68E-06,4.19E-06,5.08E-06,6.51E-06,8.26E-06,9.02E-06,9.07E-06,8.01E-06,5.93E-06,4.05E-06,3.14E-06,3.19E-06,3.43E-06,4.50E-06,4.27E-06,4.29E-06,3.62E-06,2.92E-06,2.51E-06,2.75E-06,3.47E-06,4.07E-06,3.93E-06,5.77E-06,4.66E-06,3.04E-06,2.45E-06,2.40E-06,3.12E-06,4.35E-06,6.16E-06,7.26E-06,1.00E-05,2.21E-05,3.13E-05,3.20E-05,5.80E-05,0.000124629,0.000178238,0.000259619,0.000354638,0.000264644,0.000177891,9.81E-05,6.75E-05,6.31E-05,5.76E-05,6.44E-05,2.43E-05,2.34E-05,3.36E-05,3.93E-05,8.27E-05,0.000196689,0.000701587,0.002232151,0.005031601,0.011502456,0.021931002,0.034933839,0.043956328,0.05750566,0.08152891,0.113474615,0.136170447,0.246652141,0.157949686,0.083862901
Head 1,346,8.05E-06,5.48E-06,3.74E-06,3.00E-06,3.02E-06,3.40E-06,3.75E-06,2.18E-06,1.19E-06,4.82E-07,2.94E-07,2.18E-07,2.54E-07,3.30E-07,4.26E-07,3.67E-07,4.63E-07,5.83E-07,5.96E-07,5.31E-07,4.98E-07,3.51E-07,3.05E-07,2.43E-07,1.44E-07,7.29E-08,3.83E-08,2.18E-08,9.69E-09,7.06E-09,7.97E-09,1.60E-08,3.19E-08,4.85E-08,6.50E-08,8.14E-08,1.14E-07,1.96E-07,4.17E-07,1.01E-06,2.09E-06,3.22E-06,3.62E-06,2.68E-06,1.49E-06,7.79E-07,4.33E-07,3.05E-07,3.71E-07,2.42E-07,2.15E-07,1.50E-07,9.17E-08,7.00E-08,8.62E-08,1.98E-07,5.29E-07,1.69E-06,2.88E-06,3.88E-06,4.34E-06,4.65E-06,5.31E-06,6.58E-06,7.51E-06,8.10E-06,7.49E-06,5.68E-06,3.64E-06,2.45E-06,1.99E-06,1.63E-06,1.59E-06,1.57E-06,1.77E-06,1.99E-06,2.13E-06,2.19E-06,2.47E-06,3.23E-06,4.76E-06,5.63E-06,1.00E-05,9.73E-06,5.85E-06,3.43E-06,2.24E-06,2.06E-06,2.30E-06,2.83E-06,2.83E-06,3.15E-06,7.89E-06,9.14E-06,5.16E-06,8.08E-06,2.47E-05,3.13E-05,5.44E-05,0.000114503,0.000144185,0.000154307,0.000102748,6.64E-05,5.32E-05,3.38E-05,4.48E-05,1.72E-05,1.82E-05,3.92E-05,3.96E-05,6.78E-05,0.00013177,0.000392261,0.001140236,0.001735624,0.0058362,0.010556844,0.019434458,0.030000042,0.047438093,0.07508032,0.111250006,0.146460861,0.199167192,0.181100801,0.118781485,0.050258927
Head 1,347,7.84E-06,5.83E-06,4.08E-06,3.36E-06,3.36E-06,4.16E-06,3.04E-06,2.16E-06,1.23E-06,6.00E-07,3.42E-07,3.12E-07,3.30E-07,3.92E-07,3.10E-07,4.23E-07,6.15E-07,7.35E-07,7.46E-07,7.04E-07,5.23E-07,4.29E-07,3.54E-07,2.34E-07,1.45E-07,9.40E-08,6.56E-08,2.39E-08,1.14E-08,7.84E-09,1.13E-08,2.15E-08,3.83E-08,5.98E-08,7.75E-08,9.15E-08,1.18E-07,2.00E-07,4.47E-07,1.01E-06,1.99E-06,3.23E-06,3.61E-06,2.77E-06,1.65E-06,8.23E-07,4.53E-07,4.26E-07,2.79E-07,2.92E-07,2.55E-07,1.62E-07,9.51E-08,7.09E-08,9.93E-08,2.03E-07,6.95E-07,1.63E-06,3.11E-06,4.23E-06,4.60E-06,4.83E-06,5.68E-06,6.82E-06,8.64E-06,9.68E-06,8.76E-06,6.39E-06,4.50E-06,3.35E-06,2.28E-06,1.77E-06,1.42E-06,1.38E-06,1.56E-06,1.83E-06,2.10E-06,2.37E-06,2.75E-06,4.06E-06,4.93E-06,8.38E-06,1.07E-05,8.41E-06,5.23E-06,2.91E-06,2.06E-06,1.85E-06,2.10E-06,2.15E-06,2.51E-06,6.29E-06,7.47E-06,4.25E-06,5.89E-06,1.70E-05,1.79E-05,2.67E-05,5.81E-05,9.38E-05,0.000149087,0.000135987,9.51E-05,6.31E-05,3.04E-05,3.56E-05,1.41E-05,1.58E-05,3.30E-05,3.05E-05,4.21E-05,6.60E-05,0.000165571,0.000440818,0.000640473,0.00270041,0.005028422,0.009842561,0.016946217,0.030019421,0.050688066,0.076993287,0.103367977,0.163361341,0.197140113,0.179750696,0.109470218,0.052289609
Head 1,348,8.30E-06,6.22E-06,4.55E-06,3.72E-06,4.06E-06,3.12E-06,2.71E-06,2.29E-06,1.23E-06,6.13E-07,4.52E-07,3.64E-07,3.55E-07,2.49E-07,3.32E-07,5.33E-07,7.36E-07,8.84E-07,9.46E-07,7.72E-07,6.31E-07,5.17E-07,3.44E-07,2.36E-07,1.87E-07,1.71E-07,6.96E-08,2.74E-08,1.19E-08,1.01E-08,1.38E-08,2.39E-08,4.37E-08,6.82E-08,8.19E-08,8.82E-08,1.13E-07,2.02E-07,4.19E-07,9.08E-07,1.88E-06,3.03E-06,3.48E-06,2.83E-06,1.61E-06,8.11E-07,6.11E-07,3.17E-07,3.19E-07,3.26E-07,2.56E-07,1.58E-07,9.03E-08,7.84E-08,9.61E-08,2.52E-07,6.39E-07,1.66E-06,3.17E-06,4.15E-06,4.34E-06,4.63E-06,5.22E-06,7.03E-06,9.15E-06,9.82E-06,8.47E-06,6.62E-06,4.98E-06,3.15E-06,2.17E-06,1.42E-06,1.16E-06,1.18E-06,1.41E-06,1.83E-06,2.32E-06,2.60E-06,3.59E-06,4.17E-06,5.88E-06,8.63E-06,9.30E-06,7.57E-06,4.43E-06,2.66E-06,1.81E-06,1.66E-06,1.55E-06,1.82E-06,4.65E-06,5.63E-06,3.39E-06,4.27E-06,1.25E-05,1.23E-05,1.54E-05,2.94E-05,4.79E-05,9.80E-05,0.000131995,0.00012661,8.97E-05,3.51E-05,3.34E-05,1.21E-05,1.31E-05,2.66E-05,2.52E-05,3.14E-05,4.02E-05,7.87E-05,0.00017126,0.00021794,0.001098165,0.002177634,0.004508798,0.008355437,0.016450452,0.03089707,0.050551776,0.068642117,0.114423774,0.162138745,0.192118898,0.177227303,0.114500768,0.055439468
Head 1,349,6.34E-06,5.09E-06,3.86E-06,3.35E-06,2.26E-06,1.97E-06,2.24E-06,1.62E-06,8.72E-07,5.97E-07,3.81E-07,2.85E-07,1.70E-07,1.94E-07,3.16E-07,4.78E-07,6.60E-07,8.77E-07,7.92E-07,7.03E-07,5.92E-07,3.83E-07,2.58E-07,2.19E-07,2.36E-07,1.34E-07,5.98E-08,2.13E-08,1.13E-08,8.86E-09,1.12E-08,2.00E-08,3.80E-08,5.58E-08,6.10E-08,6.45E-08,8.76E-08,1.48E-07,3.02E-07,6.85E-07,1.42E-06,2.34E-06,2.82E-06,2.20E-06,1.27E-06,9.42E-07,3.55E-07,2.84E-07,2.75E-07,2.58E-07,1.99E-07,1.19E-07,8.13E-08,6.05E-08,9.67E-08,1.90E-07,5.35E-07,1.43E-06,2.67E-06,3.36E-06,3.54E-06,3.59E-06,4.61E-06,6.43E-06,7.95E-06,8.23E-06,7.39E-06,5.86E-06,3.68E-06,2.48E-06,1.40E-06,1.01E-06,8.72E-07,9.33E-07,1.24E-06,1.78E-06,2.14E-06,2.83E-06,3.18E-06,3.63E-06,5.02E-06,6.62E-06,7.60E-06,5.82E-06,3.69E-06,2.09E-06,1.45E-06,1.10E-06,1.17E-06,3.02E-06,3.75E-06,2.38E-06,2.81E-06,8.44E-06,8.80E-06,9.94E-06,1.61E-05,2.24E-05,4.66E-05,8.13E-05,0.000114691,0.000110563,4.26E-05,3.53E-05,1.14E-05,1.03E-05,1.91E-05,1.90E-05,2.44E-05,2.86E-05,4.51E-05,7.53E-05,8.03E-05,0.000410806,0.000882682,0.001967999,0.003861981,0.008147419,0.016969396,0.031196404,0.045692749,0.076844797,0.116399445,0.157570317,0.189085275,0.182359323,0.120436199,0.047188018
Head 1,350,7.56E-06,6.58E-06,5.09E-06,2.93E-06,2.12E-06,2.47E-06,2.42E-06,1.63E-06,1.24E-06,7.40E-07,4.43E-07,2.22E-07,1.87E-07,2.66E-07,4.07E-07,6.20E-07,1.07E-06,1.05E-06,1.06E-06,9.69E-07,6.49E-07,4.28E-07,3.46E-07,3.63E-07,2.84E-07,1.77E-07,7.33E-08,3.33E-08,1.59E-08,1.15E-08,1.49E-08,2.74E-08,4.90E-08,6.51E-08,6.88E-08,7.60E-08,9.71E-08,1.58E-07,3.27E-07,7.47E-07,1.58E-06,2.74E-06,3.13E-06,2.44E-06,2.32E-06,7.13E-07,4.53E-07,3.56E-07,3.29E-07,2.98E-07,2.17E-07,1.57E-07,9.09E-08,9.05E-08,1.07E-07,2.29E-07,6.57E-07,1.67E-06,2.96E-06,3.76E-06,3.76E-06,4.33E-06,5.67E-06,7.30E-06,8.90E-06,9.67E-06,8.78E-06,5.82E-06,3.99E-06,1.98E-06,1.34E-06,1.00E-06,9.13E-07,1.08E-06,1.59E-06,2.07E-06,2.77E-06,3.24E-06,3.42E-06,3.97E-06,5.15E-06,7.28E-06,7.67E-06,6.35E-06,3.81E-06,2.25E-06,1.30E-06,1.12E-06,2.50E-06,3.07E-06,2.08E-06,2.51E-06,7.27E-06,8.09E-06,8.89E-06,1.30E-05,1.49E-05,2.70E-05,4.86E-05,8.73E-05,0.000121306,5.84E-05,5.17E-05,1.71E-05,1.27E-05,1.85E-05,1.69E-05,2.23E-05,2.68E-05,3.89E-05,5.28E-05,4.82E-05,0.000190314,0.000391108,0.000889902,0.001832303,0.00403516,0.008920102,0.017939154,0.028994057,0.050074965,0.079228006,0.115434974,0.153167114,0.196356744,0.191648424,0.101798512,0.048204213
Head 1,351,8.65E-06,7.42E-06,4.13E-06,2.33E-06,2.30E-06,2.48E-06,2.06E-06,1.91E-06,1.30E-06,7.33E-07,3.41E-07,2.01E-07,2.16E-07,2.93E-07,4.52E-07,9.97E-07,1.06E-06,1.24E-06,1.26E-06,9.30E-07,6.30E-07,4.70E-07,4.11E-07,3.70E-07,3.13E-07,1.81E-07,9.73E-08,3.76E-08,1.58E-08,1.21E-08,1.60E-08,2.90E-08,4.81E-08,6.10E-08,6.64E-08,7.01E-08,8.67E-08,1.45E-07,3.06E-07,7.19E-07,1.61E-06,2.61E-06,2.97E-06,4.30E-06,1.33E-06,7.71E-07,4.77E-07,3.65E-07,3.23E-07,2.75E-07,2.43E-07,1.47E-07,1.16E-07,8.30E-08,1.09E-07,2.41E-07,6.62E-07,1.62E-06,2.91E-06,3.49E-06,3.97E-06,4.71E-06,5.72E-06,7.48E-06,9.66E-06,1.05E-05,7.86E-06,5.60E-06,2.58E-06,1.73E-06,1.18E-06,9.37E-07,9.26E-07,1.22E-06,1.61E-06,2.18E-06,2.75E-06,3.15E-06,3.18E-06,3.53E-06,5.01E-06,6.44E-06,7.42E-06,5.83E-06,3.61E-06,1.78E-06,1.18E-06,2.01E-06,2.26E-06,1.55E-06,2.01E-06,5.72E-06,6.74E-06,7.60E-06,1.09E-05,1.12E-05,1.69E-05,2.61E-05,4.78E-05,8.52E-05,5.49E-05,6.18E-05,2.46E-05,1.69E-05,2.04E-05,1.46E-05,1.78E-05,2.16E-05,3.25E-05,4.17E-05,3.59E-05,0.000100592,0.000178485,0.000383866,0.000813379,0.001883562,0.004390117,0.009458822,0.016780974,0.030541094,0.051375557,0.080241844,0.110252179,0.15980041,0.211649358,0.16813527,0.105864406,0.04740072
Head 1,352,7.89E-06,5.40E-06,2.73E-06,2.21E-06,2.02E-06,1.77E-06,1.91E-06,1.66E-06,1.09E-06,5.73E-07,2.59E-07,1.92E-07,2.00E-07,2.77E-07,7.18E-07,8.35E-07,1.10E-06,1.24E-06,1.04E-06,7.84E-07,5.78E-07,4.28E-07,3.65E-07,3.48E-07,2.73E-07,2.08E-07,9.28E-08,2.97E-08,1.37E-08,1.07E-08,1.45E-08,2.50E-08,3.97E-08,5.15E-08,5.44E-08,5.58E-08,7.14E-08,1.21E-07,2.67E-07,6.72E-07,1.41E-06,2.26E-06,4.98E-06,1.99E-06,1.29E-06,7.24E-07,4.42E-07,3.22E-07,2.68E-07,2.71E-07,2.04E-07,1.69E-07,9.43E-08,7.69E-08,1.03E-07,2.20E-07,5.89E-07,1.48E-06,2.52E-06,3.47E-06,4.10E-06,4.51E-06,5.63E-06,8.00E-06,1.06E-05,9.49E-06,7.29E-06,3.22E-06,2.19E-06,1.45E-06,1.07E-06,9.10E-07,1.00E-06,1.20E-06,1.56E-06,2.04E-06,2.77E-06,2.77E-06,2.65E-06,3.24E-06,4.15E-06,5.89E-06,6.49E-06,5.22E-06,2.71E-06,1.52E-06,1.89E-06,1.73E-06,1.11E-06,1.53E-06,4.39E-06,5.36E-06,6.26E-06,9.15E-06,9.22E-06,1.24E-05,1.56E-05,2.45E-05,4.48E-05,3.59E-05,5.37E-05,2.98E-05,2.34E-05,2.87E-05,1.55E-05,1.49E-05,1.59E-05,2.48E-05,3.44E-05,3.20E-05,6.90E-05,9.88E-05,0.000178879,0.0003604,0.000863136,0.002127039,0.004850872,0.009094942,0.017401922,0.031303123,0.053104948,0.07870435,0.11622601,0.176070035,0.188922778,0.174478307,0.104438089,0.041098256
Head 1,353,8.62E-06,5.06E-06,3.96E-06,2.74E-06,2.13E-06,2.26E-06,2.36E-06,1.99E-06,1.41E-06,6.23E-07,3.43E-07,2.54E-07,2.71E-07,6.71E-07,8.44E-07,1.22E-06,1.54E-06,1.46E-06,1.28E-06,1.05E-06,7.44E-07,5.60E-07,5.01E-07,4.45E-07,4.59E-07,2.93E-07,1.02E-07,3.76E-08,1.84E-08,1.47E-08,1.92E-08,3.13E-08,4.96E-08,6.20E-08,6.37E-08,6.75E-08,8.53E-08,1.50E-07,3.53E-07,8.23E-07,1.69E-06,5.11E-06,3.04E-06,2.65E-06,1.66E-06,9.16E-07,5.41E-07,3.77E-07,3.66E-07,3.23E-07,3.26E-07,1.91E-07,1.24E-07,1.02E-07,1.33E-07,2.72E-07,7.33E-07,1.72E-06,3.32E-06,4.73E-06,5.19E-06,5.83E-06,8.00E-06,1.18E-05,1.28E-05,1.12E-05,5.12E-06,3.56E-06,2.36E-06,1.68E-06,1.34E-06,1.27E-06,1.33E-06,1.60E-06,1.95E-06,2.95E-06,3.23E-06,2.99E-06,3.15E-06,3.48E-06,4.92E-06,6.65E-06,7.32E-06,4.88E-06,2.88E-06,2.90E-06,2.02E-06,1.13E-06,1.48E-06,4.09E-06,5.04E-06,6.16E-06,9.30E-06,9.69E-06,1.26E-05,1.35E-05,1.74E-05,2.75E-05,2.35E-05,4.28E-05,3.27E-05,3.44E-05,5.46E-05,2.62E-05,1.90E-05,1.52E-05,2.09E-05,3.11E-05,3.33E-05,6.66E-05,8.04E-05,0.000114823,0.000192985,0.000428705,0.001052913,0.002510688,0.004863935,0.009563357,0.018338703,0.033236645,0.055174049,0.082787916,0.128964365,0.158065006,0.196910843,0.172714725,0.091213383,0.04308255
Head 1,354,4.76E-06,4.41E-06,2.50E-06,1.57E-06,1.36E-06,1.38E-06,1.34E-06,1.22E-06,6.74E-07,3.53E-07,2.12E-07,1.78E-07,3.57E-07,4.78E-07,7.25E-07,1.03E-06,1.15E-06,1.25E-06,1.25E-06,8.93E-07,6.03E-07,4.34E-07,3.33E-07,3.67E-07,3.29E-07,1.59E-07,6.39E-08,2.39E-08,1.10E-08,8.55E-09,1.10E-08,1.85E-08,2.92E-08,3.78E-08,4.41E-08,5.23E-08,8.11E-08,1.74E-07,4.02E-07,9.03E-07,3.29E-06,2.95E-06,4.02E-06,3.60E-06,2.17E-06,1.08E-06,5.34E-07,3.72E-07,3.00E-07,3.36E-07,2.43E-07,1.60E-07,9.53E-08,7.15E-08,8.60E-08,1.79E-07,4.60E-07,1.21E-06,2.33E-06,2.99E-06,3.39E-06,4.60E-06,7.39E-06,9.95E-06,1.03E-05,5.33E-06,3.78E-06,2.64E-06,1.97E-06,1.64E-06,1.42E-06,1.25E-06,1.30E-06,1.40E-06,2.21E-06,2.80E-06,2.76E-06,2.54E-06,2.14E-06,2.34E-06,3.01E-06,4.03E-06,3.67E-06,2.71E-06,2.89E-06,1.59E-06,7.31E-07,8.37E-07,2.13E-06,2.49E-06,3.16E-06,5.16E-06,6.42E-06,1.00E-05,1.15E-05,1.34E-05,1.68E-05,1.23E-05,2.35E-05,2.16E-05,3.04E-05,6.23E-05,3.10E-05,1.81E-05,1.04E-05,1.13E-05,1.64E-05,2.10E-05,4.20E-05,4.40E-05,5.00E-05,6.82E-05,0.000139634,0.00034795,0.000895255,0.001894826,0.004257054,0.010098435,0.022242723,0.04282096,0.067238346,0.097668216,0.110046998,0.150942355,0.183955938,0.154267043,0.100120373,0.052382011
Head 1,355,6.74E-06,4.09E-06,2.41E-06,1.73E-06,1.48E-06,1.48E-06,1.69E-06,1.34E-06,8.02E-07,4.25E-07,2.62E-07,3.43E-07,4.18E-07,6.12E-07,9.23E-07,1.07E-06,1.27E-06,1.56E-06,1.37E-06,1.05E-06,7.23E-07,4.72E-07,4.47E-07,4.41E-07,2.96E-07,1.70E-07,7.38E-08,2.64E-08,1.21E-08,9.39E-09,1.23E-08,2.01E-08,3.14E-08,4.16E-08,4.63E-08,5.82E-08,1.00E-07,2.04E-07,4.62E-07,1.77E-06,2.07E-06,3.80E-06,4.86E-06,3.98E-06,2.34E-06,1.11E-06,6.14E-07,3.87E-07,3.97E-07,3.39E-07,2.84E-07,1.80E-07,1.06E-07,7.68E-08,9.59E-08,1.93E-07,5.74E-07,1.55E-06,2.75E-06,3.55E-06,4.58E-06,6.90E-06,9.65E-06,1.15E-05,6.51E-06,5.19E-06,3.81E-06,2.82E-06,2.42E-06,2.14E-06,1.77E-06,1.68E-06,1.54E-06,2.01E-06,2.56E-06,2.91E-06,3.05E-06,2.55E-06,2.34E-06,2.47E-06,3.21E-06,3.54E-06,3.56E-06,5.03E-06,2.62E-06,1.04E-06,9.27E-07,1.98E-06,2.19E-06,2.77E-06,4.45E-06,5.43E-06,8.63E-06,1.04E-05,1.26E-05,1.45E-05,8.79E-06,1.48E-05,1.40E-05,2.35E-05,7.51E-05,5.51E-05,3.56E-05,1.66E-05,1.24E-05,1.39E-05,1.68E-05,3.87E-05,4.40E-05,4.74E-05,5.22E-05,8.36E-05,0.000174433,0.00042864,0.000925062,0.001870929,0.004788449,0.010986021,0.024671692,0.046161085,0.075907625,0.085912541,0.11488691,0.148915932,0.161678717,0.156116754,0.113589488,0.052206233
Head 1,356,5.10E-06,3.54E-06,2.44E-06,1.65E-06,1.37E-06,1.53E-06,1.65E-06,1.37E-06,8.25E-07,4.37E-07,3.58E-07,3.41E-07,4.40E-07,6.74E-07,8.25E-07,1.03E-06,1.43E-06,1.38E-06,1.35E-06,1.09E-06,6.99E-07,5.55E-07,4.77E-07,3.56E-07,2.79E-07,1.74E-07,6.92E-08,2.40E-08,1.07E-08,8.29E-09,1.02E-08,1.65E-08,2.64E-08,3.28E-08,3.82E-08,5.29E-08,8.68E-08,1.78E-07,7.30E-07,9.57E-07,2.20E-06,3.82E-06,4.42E-06,3.58E-06,2.07E-06,1.12E-06,5.57E-07,4.37E-07,3.47E-07,3.35E-07,2.70E-07,1.71E-07,9.57E-08,6.99E-08,8.21E-08,1.90E-07,5.81E-07,1.45E-06,2.57E-06,3.71E-06,5.32E-06,6.92E-06,8.63E-06,5.35E-06,5.11E-06,4.30E-06,3.21E-06,2.70E-06,2.41E-06,1.98E-06,1.86E-06,1.63E-06,1.72E-06,1.88E-06,2.15E-06,2.61E-06,2.52E-06,2.28E-06,1.97E-06,2.09E-06,2.20E-06,2.70E-06,5.64E-06,3.49E-06,1.35E-06,9.89E-07,1.62E-06,1.52E-06,1.86E-06,3.01E-06,3.60E-06,5.63E-06,7.00E-06,9.15E-06,1.09E-05,5.87E-06,8.75E-06,7.54E-06,1.23E-05,4.95E-05,5.62E-05,5.25E-05,2.74E-05,1.61E-05,1.24E-05,1.15E-05,2.60E-05,3.23E-05,3.86E-05,3.93E-05,4.96E-05,7.82E-05,0.000162615,0.000349204,0.000619952,0.001808876,0.004487016,0.011119332,0.023644511,0.047440335,0.062184487,0.086891502,0.10984309,0.125936329,0.161320969,0.190120354,0.120075792,0.053282555
Head 1,357,7.95E-06,5.36E-06,2.88E-06,1.75E-06,1.92E-06,2.13E-06,2.58E-06,2.44E-06,1.78E-06,1.11E-06,9.58E-07,1.13E-06,1.78E-06,2.60E-06,3.93E-06,6.44E-06,9.88E-06,1.14E-05,1.10E-05,7.48E-06,5.26E-06,3.26E-06,1.89E-06,1.40E-06,1.07E-06,5.58E-07,1.96E-07,5.84E-08,2.31E-08,1.46E-08,1.59E-08,2.44E-08,3.69E-08,5.24E-08,7.41E-08,1.05E-07,1.79E-07,7.76E-07,8.07E-07,1.96E-06,4.02E-06,6.04E-06,6.68E-06,5.11E-06,3.33E-06,1.53E-06,9.40E-07,5.68E-07,4.93E-07,4.52E-07,3.55E-07,2.10E-07,1.15E-07,7.57E-08,9.53E-08,2.03E-07,5.09E-07,1.18E-06,2.20E-06,3.44E-06,4.21E-06,5.22E-06,2.95E-06,3.74E-06,4.50E-06,4.52E-06,4.51E-06,4.65E-06,4.34E-06,4.50E-06,4.16E-06,3.61E-06,3.40E-06,3.58E-06,4.41E-06,4.60E-06,4.15E-06,2.90E-06,2.08E-06,1.47E-06,1.51E-06,2.36E-06,2.19E-06,1.53E-06,1.14E-06,1.27E-06,1.06E-06,1.21E-06,2.03E-06,2.79E-06,5.19E-06,8.18E-06,1.41E-05,2.21E-05,2.26E-05,3.38E-05,3.91E-05,5.56E-05,0.00010822,0.000137445,0.000157665,0.000105363,5.72E-05,2.92E-05,2.85E-05,2.88E-05,3.03E-05,3.53E-05,3.40E-05,3.31E-05,3.51E-05,4.98E-05,8.87E-05,0.000208408,0.000629316,0.001839725,0.00472303,0.012744183,0.030388363,0.046576563,0.067819834,0.078444518,0.079230048,0.104693681,0.16775316,0.172199368,0.117585421,0.113768592
Head 1,358,8.08E-06,4.87E-06,2.56E-06,2.21E-06,1.88E-06,2.21E-06,2.49E-06,2.26E-06,1.44E-06,1.01E-06,9.29E-07,1.12E-06,1.48E-06,2.26E-06,3.84E-06,5.96E-06,8.44E-06,1.07E-05,9.88E-06,8.76E-06,5.48E-06,2.83E-06,1.83E-06,1.48E-06,1.07E-06,5.55E-07,1.92E-07,6.04E-08,2.27E-08,1.42E-08,1.56E-08,2.23E-08,3.56E-08,5.43E-08,7.13E-08,1.01E-07,3.73E-07,3.56E-07,8.97E-07,2.11E-06,4.03E-06,5.90E-06,6.24E-06,5.61E-06,3.10E-06,1.82E-06,8.78E-07,5.88E-07,4.98E-07,4.50E-07,3.39E-07,2.04E-07,1.09E-07,8.49E-08,1.11E-07,2.16E-07,5.53E-07,1.40E-06,2.87E-06,3.79E-06,4.27E-06,2.02E-06,2.52E-06,3.48E-06,4.24E-06,4.59E-06,4.75E-06,4.18E-06,4.08E-06,4.27E-06,3.97E-06,3.39E-06,3.17E-06,3.76E-06,4.48E-06,5.20E-06,4.53E-06,3.41E-06,2.06E-06,1.71E-06,2.29E-06,2.44E-06,2.23E-06,2.00E-06,2.12E-06,1.49E-06,1.30E-06,1.77E-06,2.15E-06,3.64E-06,5.43E-06,8.91E-06,1.43E-05,1.58E-05,2.38E-05,2.97E-05,4.28E-05,8.21E-05,0.000111408,0.000167899,0.000171101,0.000128436,6.86E-05,5.24E-05,3.64E-05,2.97E-05,3.42E-05,3.79E-05,4.05E-05,3.85E-05,3.97E-05,4.87E-05,8.49E-05,0.000216904,0.000637378,0.001763556,0.004948642,0.013262685,0.02527508,0.046403985,0.062488414,0.062100366,0.074712291,0.123934932,0.154138058,0.151748076,0.197154418,0.079667881
Head 1,359,9.33E-06,5.36E-06,4.35E-06,2.73E-06,2.54E-06,2.82E-06,3.08E-06,2.35E-06,1.65E-06,1.37E-06,1.25E-06,1.34E-06,1.84E-06,2.96E-06,4.38E-06,6.79E-06,1.01E-05,1.22E-05,1.49E-05,1.12E-05,5.83E-06,3.16E-06,2.14E-06,1.70E-06,1.24E-06,6.26E-07,2.26E-07,6.79E-08,2.54E-08,1.64E-08,1.71E-08,2.60E-08,4.36E-08,6.04E-08,7.86E-08,2.74E-07,1.89E-07,4.35E-07,1.05E-06,2.36E-06,4.29E-06,6.02E-06,7.60E-06,5.85E-06,4.15E-06,1.91E-06,1.02E-06,6.87E-07,5.77E-07,5.02E-07,3.80E-07,2.18E-07,1.33E-07,1.06E-07,1.26E-07,2.50E-07,6.93E-07,1.91E-06,3.26E-06,3.92E-06,1.60E-06,1.73E-06,2.36E-06,3.37E-06,4.27E-06,4.92E-06,4.41E-06,3.87E-06,4.20E-06,4.66E-06,3.91E-06,3.20E-06,3.24E-06,3.57E-06,4.53E-06,4.87E-06,4.37E-06,2.66E-06,1.85E-06,1.86E-06,1.80E-06,1.90E-06,2.32E-06,2.86E-06,1.98E-06,1.46E-06,1.59E-06,1.62E-06,2.47E-06,3.49E-06,5.39E-06,8.43E-06,9.87E-06,1.49E-05,1.88E-05,2.82E-05,5.50E-05,6.89E-05,0.000111475,0.000151591,0.000174549,0.000128596,9.42E-05,5.45E-05,3.12E-05,2.84E-05,3.13E-05,3.84E-05,4.09E-05,3.89E-05,3.63E-05,4.54E-05,8.29E-05,0.000211973,0.000605415,0.001688623,0.004714682,0.010186687,0.023217276,0.039979272,0.046360251,0.056452796,0.086960725,0.112713695,0.139597431,0.260529786,0.136012867,0.07921382
Head 1,360,3.82E-06,3.61E-06,2.25E-06,1.70E-06,1.56E-06,1.67E-06,1.61E-06,1.10E-06,8.19E-07,5.20E-07,3.60E-07,3.37E-07,4.08E-07,3.32E-07,4.70E-07,7.06E-07,9.45E-07,1.45E-06,1.57E-06,1.17E-06,7.34E-07,4.63E-07,3.60E-07,3.24E-07,2.54E-07,1.49E-07,5.76E-08,1.91E-08,8.37E-09,5.86E-09,7.14E-09,1.20E-08,1.86E-08,2.44E-08,6.73E-08,3.99E-08,7.86E-08,1.94E-07,5.15E-07,1.16E-06,2.06E-06,3.38E-06,3.72E-06,3.67E-06,2.10E-06,1.11E-06,6.13E-07,4.07E-07,3.31E-07,2.96E-07,2.21E-07,1.48E-07,9.73E-08,7.59E-08,1.00E-07,2.48E-07,8.77E-07,2.29E-06,3.90E-06,1.92E-06,1.74E-06,1.93E-06,2.55E-06,3.28E-06,3.86E-06,3.18E-06,2.04E-06,1.82E-06,2.62E-06,2.35E-06,1.76E-06,1.45E-06,1.25E-06,1.41E-06,1.70E-06,2.08E-06,1.81E-06,1.54E-06,2.43E-06,2.20E-06,1.46E-06,2.45E-06,5.90E-06,4.21E-06,2.77E-06,2.26E-06,1.69E-06,2.00E-06,2.38E-06,3.07E-06,3.85E-06,2.31E-06,2.76E-06,2.00E-06,2.77E-06,9.58E-06,1.04E-05,1.60E-05,2.46E-05,4.53E-05,6.36E-05,3.91E-05,5.63E-05,2.64E-05,1.80E-05,1.66E-05,2.30E-05,3.49E-05,4.50E-05,4.65E-05,2.98E-05,4.10E-05,8.79E-05,0.000402993,0.000953157,0.002305262,0.004317037,0.009918941,0.02032942,0.030981515,0.049118225,0.088875413,0.118510388,0.159539714,0.207996771,0.153974801,0.111551374,0.040447358
Head 1,361,5.97E-06,4.44E-06,3.04E-06,2.19E-06,1.99E-06,2.05E-06,1.69E-06,1.56E-06,1.06E-06,6.50E-07,5.01E-07,5.13E-07,3.72E-07,4.57E-07,6.54E-07,8.73E-07,1.45E-06,1.91E-06,1.80E-06,1.32E-06,7.80E-07,4.90E-07,3.79E-07,3.25E-07,2.65E-07,1.45E-07,5.35E-08,1.83E-08,7.83E-09,5.94E-09,7.88E-09,1.26E-08,1.94E-08,5.71E-08,3.06E-08,4.81E-08,9.71E-08,2.39E-07,5.83E-07,1.22E-06,2.45E-06,3.50E-06,4.79E-06,3.70E-06,2.36E-06,1.25E-06,6.65E-07,4.23E-07,3.52E-07,3.07E-07,2.58E-07,1.80E-07,1.10E-07,8.64E-08,1.30E-07,3.63E-07,1.06E-06,2.52E-06,1.71E-06,1.67E-06,1.70E-06,2.08E-06,2.85E-06,4.06E-06,4.38E-06,3.13E-06,2.38E-06,3.40E-06,3.20E-06,2.49E-06,1.96E-06,1.43E-06,1.29E-06,1.32E-06,1.58E-06,1.57E-06,1.52E-06,2.31E-06,1.83E-06,9.90E-07,1.64E-06,4.95E-06,4.52E-06,3.63E-06,2.98E-06,1.88E-06,1.80E-06,1.87E-06,2.36E-06,3.06E-06,1.87E-06,2.24E-06,1.42E-06,2.03E-06,7.87E-06,8.19E-06,1.05E-05,1.31E-05,2.40E-05,4.39E-05,3.24E-05,8.10E-05,4.41E-05,2.44E-05,1.55E-05,1.59E-05,2.32E-05,3.49E-05,4.11E-05,2.60E-05,2.72E-05,4.16E-05,0.00018312,0.000444051,0.001115665,0.002081916,0.004721958,0.009870906,0.017148888,0.033000454,0.065483168,0.093206249,0.124639846,0.181967512,0.170396671,0.1661852,0.086005509,0.042885277
Head 1,362,5.73E-06,4.76E-06,3.17E-06,2.23E-06,1.96E-06,1.64E-06,1.80E-06,1.50E-06,9.79E-07,6.67E-07,5.73E-07,3.57E-07,3.54E-07,4.62E-07,6.05E-07,1.00E-06,1.48E-06,1.70E-06,1.66E-06,1.17E-06,7.04E-07,4.49E-07,3.41E-07,3.11E-07,2.40E-07,1.28E-07,4.91E-08,1.62E-08,7.27E-09,5.78E-09,7.06E-09,1.11E-08,3.22E-08,2.15E-08,2.97E-08,4.70E-08,9.20E-08,2.12E-07,4.94E-07,1.18E-06,2.13E-06,3.83E-06,4.05E-06,3.58E-06,2.31E-06,1.20E-06,6.14E-07,3.98E-07,3.21E-07,3.14E-07,2.75E-07,1.82E-07,1.10E-07,9.70E-08,1.61E-07,3.65E-07,9.63E-07,1.02E-06,1.27E-06,1.37E-06,1.51E-06,1.94E-06,2.97E-06,4.28E-06,4.25E-06,3.12E-06,3.87E-06,3.54E-06,2.79E-06,2.27E-06,1.64E-06,1.30E-06,1.09E-06,1.14E-06,1.17E-06,1.34E-06,2.28E-06,1.90E-06,9.07E-07,1.20E-06,3.41E-06,3.72E-06,4.09E-06,4.15E-06,2.59E-06,2.02E-06,1.61E-06,1.74E-06,2.19E-06,1.36E-06,1.72E-06,8.94E-07,1.27E-06,5.39E-06,6.32E-06,8.08E-06,8.45E-06,1.28E-05,2.32E-05,1.71E-05,7.21E-05,6.23E-05,4.02E-05,2.10E-05,1.46E-05,1.60E-05,2.34E-05,3.15E-05,2.39E-05,2.36E-05,2.65E-05,8.35E-05,0.000178647,0.0004488,0.000892175,0.002109754,0.004372976,0.007848089,0.017285421,0.039569445,0.067192055,0.094414301,0.146229357,0.154081538,0.18430905,0.140901461,0.095871337,0.04363757
Head 1,363,7.80E-06,6.42E-06,4.24E-06,2.86E-06,2.08E-06,2.23E-06,2.22E-06,1.77E-06,1.28E-06,1.03E-06,5.95E-07,4.37E-07,4.67E-07,5.65E-07,8.95E-07,1.36E-06,1.70E-06,2.06E-06,1.96E-06,1.38E-06,8.30E-07,5.24E-07,4.25E-07,3.63E-07,2.71E-07,1.51E-07,5.60E-08,1.97E-08,9.46E-09,6.97E-09,8.36E-09,1.99E-08,1.86E-08,2.68E-08,3.75E-08,5.67E-08,1.05E-07,2.33E-07,6.09E-07,1.30E-06,2.93E-06,4.02E-06,4.89E-06,4.28E-06,2.70E-06,1.36E-06,7.15E-07,4.53E-07,4.12E-07,4.16E-07,3.46E-07,2.22E-07,1.52E-07,1.51E-07,2.02E-07,4.12E-07,5.70E-07,9.24E-07,1.26E-06,1.46E-06,1.74E-06,2.53E-06,4.21E-06,6.11E-06,5.17E-06,5.59E-06,4.94E-06,3.78E-06,3.07E-06,2.33E-06,1.80E-06,1.31E-06,1.12E-06,9.88E-07,1.17E-06,2.20E-06,2.27E-06,1.16E-06,1.23E-06,2.71E-06,2.85E-06,3.81E-06,5.21E-06,4.01E-06,3.09E-06,1.99E-06,1.70E-06,1.84E-06,1.11E-06,1.49E-06,6.81E-07,9.39E-07,3.82E-06,5.05E-06,7.17E-06,7.38E-06,9.25E-06,1.38E-05,8.29E-06,4.47E-05,6.22E-05,6.22E-05,3.79E-05,2.14E-05,1.60E-05,1.79E-05,2.28E-05,2.10E-05,2.42E-05,2.46E-05,5.53E-05,9.14E-05,0.000195735,0.000385521,0.000961205,0.002026696,0.003573945,0.008126506,0.019976761,0.041355867,0.067536317,0.10901992,0.125217438,0.164939031,0.156975791,0.154895067,0.096480466,0.047616899
Head 1,364,6.65E-06,5.53E-06,3.15E-06,1.94E-06,1.73E-06,1.74E-06,1.64E-06,1.41E-06,1.27E-06,7.86E-07,4.42E-07,3.55E-07,3.65E-07,5.33E-07,7.95E-07,1.00E-06,1.33E-06,1.61E-06,1.48E-06,1.03E-06,6.15E-07,4.13E-07,3.08E-07,2.57E-07,2.00E-07,1.07E-07,4.25E-08,1.59E-08,6.99E-09,5.07E-09,8.09E-09,9.05E-09,1.49E-08,2.19E-08,2.92E-08,4.27E-08,7.81E-08,1.99E-07,4.74E-07,1.29E-06,2.22E-06,3.45E-06,4.05E-06,3.47E-06,2.11E-06,1.08E-06,5.48E-07,3.91E-07,3.62E-07,3.44E-07,2.78E-07,2.03E-07,1.55E-07,1.24E-07,1.53E-07,2.02E-07,3.67E-07,6.74E-07,9.89E-07,1.25E-06,1.71E-06,2.74E-06,5.10E-06,5.58E-06,5.77E-06,5.30E-06,4.02E-06,3.14E-06,2.45E-06,1.96E-06,1.40E-06,1.05E-06,7.46E-07,7.69E-07,1.38E-06,1.82E-06,1.21E-06,1.19E-06,2.11E-06,1.86E-06,2.42E-06,4.04E-06,4.24E-06,4.00E-06,2.53E-06,1.75E-06,1.49E-06,7.99E-07,1.04E-06,4.50E-07,6.09E-07,2.29E-06,3.16E-06,5.07E-06,5.99E-06,7.25E-06,8.90E-06,3.84E-06,1.95E-05,3.49E-05,5.65E-05,5.37E-05,3.49E-05,2.10E-05,1.63E-05,1.57E-05,1.46E-05,2.02E-05,2.30E-05,4.44E-05,5.71E-05,9.37E-05,0.00016218,0.000410181,0.000933445,0.001695301,0.003848596,0.009297389,0.021736238,0.043074593,0.076118506,0.098578483,0.138698682,0.134798214,0.168412536,0.155442134,0.104119293,0.041996323
Head 1,365,7.85E-06,5.08E-06,3.10E-06,2.27E-06,1.93E-06,1.78E-06,1.75E-06,1.87E-06,1.50E-06,7.87E-07,4.88E-07,3.88E-07,4.78E-07,6.57E-07,8.22E-07,1.07E-06,1.46E-06,1.71E-06,1.56E-06,1.08E-06,6.90E-07,4.30E-07,3.18E-07,2.76E-07,2.09E-07,1.20E-07,5.10E-08,1.76E-08,7.72E-09,7.29E-09,6.49E-09,1.05E-08,1.73E-08,2.41E-08,3.10E-08,4.44E-08,9.39E-08,2.11E-07,6.34E-07,1.31E-06,2.53E-06,3.84E-06,4.44E-06,3.67E-06,2.29E-06,1.13E-06,6.60E-07,4.83E-07,4.17E-07,3.84E-07,3.47E-07,2.79E-07,1.72E-07,1.30E-07,1.21E-07,1.78E-07,3.58E-07,6.85E-07,1.08E-06,1.57E-06,2.27E-06,4.35E-06,5.89E-06,6.27E-06,6.44E-06,5.32E-06,4.18E-06,3.20E-06,2.59E-06,1.91E-06,1.40E-06,8.59E-07,7.12E-07,1.00E-06,1.38E-06,1.27E-06,1.41E-06,2.37E-06,1.82E-06,1.92E-06,3.09E-06,3.90E-06,4.96E-06,3.89E-06,2.64E-06,1.84E-06,8.36E-07,9.20E-07,3.70E-07,4.89E-07,1.69E-06,2.25E-06,3.74E-06,5.12E-06,6.81E-06,7.91E-06,2.57E-06,1.06E-05,1.77E-05,3.67E-05,5.61E-05,5.61E-05,3.84E-05,2.46E-05,1.64E-05,1.25E-05,1.75E-05,2.27E-05,4.41E-05,5.11E-05,6.51E-05,8.67E-05,0.000186489,0.000421931,0.000807766,0.001887558,0.00437128,0.010255558,0.022668075,0.044623375,0.069141172,0.111554407,0.109058827,0.143790126,0.172426581,0.170450822,0.094315149,0.043308124
Head 1,366,6.33E-06,4.81E-06,3.44E-06,2.43E-06,1.85E-06,1.76E-06,2.07E-06,2.30E-06,1.45E-06,8.35E-07,5.24E-07,5.06E-07,5.81E-07,6.88E-07,8.44E-07,1.13E-06,1.48E-06,1.71E-06,1.54E-06,1.14E-06,6.73E-07,4.11E-07,3.15E-07,2.70E-07,2.20E-07,1.34E-07,5.28E-08,1.82E-08,1.17E-08,5.89E-09,7.39E-09,1.19E-08,1.87E-08,2.52E-08,3.17E-08,5.40E-08,1.00E-07,2.87E-07,6.52E-07,1.48E-06,2.78E-06,4.11E-06,4.56E-06,3.85E-06,2.29E-06,1.30E-06,7.72E-07,5.20E-07,4.41E-07,4.54E-07,4.46E-07,2.89E-07,1.74E-07,1.06E-07,1.04E-07,1.71E-07,3.66E-07,7.48E-07,1.34E-06,1.94E-06,3.36E-06,5.00E-06,5.71E-06,6.53E-06,6.33E-06,5.50E-06,4.24E-06,3.40E-06,2.56E-06,1.96E-06,1.18E-06,8.26E-07,8.67E-07,9.81E-07,1.08E-06,1.45E-06,2.70E-06,2.20E-06,1.93E-06,2.53E-06,3.08E-06,4.71E-06,5.07E-06,4.15E-06,2.85E-06,1.14E-06,1.00E-06,3.50E-07,4.24E-07,1.38E-06,1.75E-06,2.82E-06,4.14E-06,6.22E-06,7.72E-06,2.17E-06,7.51E-06,9.78E-06,1.93E-05,3.82E-05,6.12E-05,6.33E-05,4.63E-05,2.54E-05,1.40E-05,1.59E-05,2.05E-05,4.18E-05,5.13E-05,6.05E-05,6.42E-05,0.000105598,0.000207877,0.00039901,0.000979853,0.00227543,0.005120711,0.011279768,0.023327814,0.042243361,0.081272736,0.088805571,0.115015261,0.147733092,0.188992262,0.154570535,0.095032863,0.041920777
Head 1,367,6.32E-06,5.56E-06,3.81E-06,2.36E-06,1.83E-06,1.98E-06,2.63E-06,2.33E-06,1.59E-06,9.26E-07,7.20E-07,6.40E-07,6.60E-07,7.42E-07,9.11E-07,1.18E-06,1.53E-06,1.75E-06,1.68E-06,1.16E-06,6.65E-07,4.20E-07,3.20E-07,2.94E-07,2.52E-07,1.42E-07,5.52E-08,3.41E-08,8.88E-09,7.01E-09,8.58E-09,1.34E-08,2.00E-08,2.61E-08,3.96E-08,5.86E-08,1.41E-07,3.04E-07,7.58E-07,1.71E-06,3.11E-06,4.40E-06,4.99E-06,4.01E-06,2.73E-06,1.59E-06,8.68E-07,5.82E-07,5.51E-07,6.13E-07,4.88E-07,3.12E-07,1.47E-07,9.48E-08,1.02E-07,1.84E-07,4.17E-07,9.66E-07,1.66E-06,2.71E-06,4.03E-06,5.00E-06,5.90E-06,6.54E-06,6.75E-06,5.67E-06,4.60E-06,3.44E-06,2.72E-06,1.74E-06,1.17E-06,1.02E-06,8.25E-07,8.55E-07,1.26E-06,2.59E-06,2.65E-06,2.31E-06,2.52E-06,2.51E-06,3.72E-06,4.91E-06,5.33E-06,4.44E-06,1.80E-06,1.38E-06,4.03E-07,4.05E-07,1.18E-06,1.44E-06,2.20E-06,3.18E-06,5.12E-06,7.12E-06,2.05E-06,6.75E-06,7.05E-06,1.09E-05,2.05E-05,4.23E-05,6.93E-05,7.66E-05,4.84E-05,2.11E-05,1.81E-05,1.91E-05,3.52E-05,4.66E-05,5.99E-05,5.90E-05,7.60E-05,0.000116468,0.000198614,0.000487997,0.001178131,0.002673825,0.005618848,0.01129738,0.022603132,0.050801359,0.068527676,0.093615636,0.117935091,0.162217692,0.172908962,0.156473026,0.09237095,0.040173382
Head 1,368,6.23E-06,5.25E-06,3.10E-06,1.93E-06,1.63E-06,2.01E-06,2.31E-06,2.15E-06,1.45E-06,1.04E-06,7.20E-07,5.90E-07,5.89E-07,6.55E-07,7.95E-07,1.02E-06,1.30E-06,1.56E-06,1.41E-06,9.41E-07,5.58E-07,3.51E-07,2.84E-07,2.71E-07,2.15E-07,1.20E-07,1.04E-07,1.70E-08,8.35E-09,6.24E-09,7.39E-09,1.09E-08,1.58E-08,2.46E-08,3.19E-08,6.18E-08,1.10E-07,2.68E-07,6.89E-07,1.52E-06,2.65E-06,3.83E-06,4.13E-06,3.78E-06,2.68E-06,1.44E-06,7.86E-07,5.80E-07,5.90E-07,5.35E-07,4.22E-07,2.08E-07,1.07E-07,7.41E-08,8.83E-08,1.68E-07,4.34E-07,9.68E-07,1.77E-06,2.65E-06,3.66E-06,4.14E-06,4.75E-06,5.77E-06,5.70E-06,5.05E-06,3.79E-06,2.94E-06,2.01E-06,1.43E-06,1.26E-06,7.82E-07,6.20E-07,8.53E-07,1.66E-06,2.14E-06,2.28E-06,2.47E-06,2.03E-06,2.45E-06,3.15E-06,4.17E-06,4.71E-06,2.19E-06,1.77E-06,4.56E-07,3.57E-07,8.44E-07,9.56E-07,1.39E-06,1.91E-06,3.08E-06,4.61E-06,1.45E-06,5.21E-06,5.24E-06,6.48E-06,9.53E-06,1.84E-05,3.88E-05,6.83E-05,6.68E-05,2.88E-05,2.15E-05,1.76E-05,2.54E-05,3.15E-05,4.59E-05,4.98E-05,5.80E-05,6.90E-05,9.26E-05,0.000201423,0.000494292,0.001233286,0.002656199,0.004804548,0.010271477,0.025562048,0.044331171,0.07259737,0.095668398,0.129649922,0.148010209,0.177476645,0.155101106,0.091953404,0.039173666
Head 1,369,7.18E-06,5.24E-06,3.17E-06,2.12E-06,1.97E-06,2.25E-06,2.66E-06,2.41E-06,1.98E-06,1.26E-06,8.07E-07,6.65E-07,6.41E-07,6.98E-07,8.33E-07,1.05E-06,1.40E-06,1.61E-06,1.41E-06,9.71E-07,5.76E-07,3.85E-07,3.27E-07,2.92E-07,2.29E-07,3.21E-07,5.36E-08,2.16E-08,1.01E-08,7.21E-09,7.86E-09,1.10E-08,1.85E-08,2.50E-08,4.27E-08,5.96E-08,1.20E-07,2.95E-07,7.26E-07,1.53E-06,2.73E-06,3.76E-06,4.61E-06,4.39E-06,2.92E-06,1.58E-06,9.64E-07,7.85E-07,6.64E-07,5.83E-07,3.60E-07,1.86E-07,1.01E-07,7.85E-08,1.01E-07,2.17E-07,5.56E-07,1.27E-06,2.08E-06,3.35E-06,3.69E-06,3.89E-06,4.87E-06,5.53E-06,5.79E-06,4.83E-06,3.75E-06,2.62E-06,1.97E-06,1.96E-06,1.14E-06,6.72E-07,7.63E-07,1.16E-06,1.55E-06,2.11E-06,2.78E-06,2.32E-06,2.33E-06,2.40E-06,3.07E-06,4.21E-06,2.40E-06,2.54E-06,7.14E-07,4.74E-07,8.30E-07,7.87E-07,1.04E-06,1.34E-06,2.08E-06,3.12E-06,1.13E-06,4.15E-06,4.55E-06,5.26E-06,6.23E-06,9.34E-06,1.85E-05,4.17E-05,6.51E-05,3.59E-05,3.10E-05,2.31E-05,2.58E-05,2.41E-05,3.38E-05,4.16E-05,5.30E-05,5.76E-05,6.12E-05,0.000102259,0.000212259,0.000548277,0.001268656,0.002013803,0.004652432,0.01190652,0.023684157,0.047335461,0.073228545,0.104510106,0.117005594,0.153562635,0.174040139,0.152925164,0.090185888,0.042119723
Head 1,370,5.90E-06,4.38E-06,2.80E-06,2.28E-06,2.16E-06,2.70E-06,3.09E-06,3.18E-06,2.26E-06,1.27E-06,8.80E-07,7.25E-07,6.72E-07,6.89E-07,7.71E-07,1.02E-06,1.37E-06,1.64E-06,1.60E-06,1.16E-06,7.49E-07,5.56E-07,4.82E-07,4.66E-07,1.06E-06,2.48E-07,1.17E-07,4.51E-08,2.00E-08,1.35E-08,1.44E-08,2.25E-08,3.15E-08,5.10E-08,5.84E-08,9.06E-08,1.83E-07,4.26E-07,9.59E-07,1.94E-06,3.13E-06,4.83E-06,6.29E-06,5.89E-06,3.97E-06,2.39E-06,1.62E-06,1.14E-06,9.55E-07,6.62E-07,3.89E-07,2.07E-07,1.21E-07,1.04E-07,1.58E-07,3.71E-07,9.99E-07,1.83E-06,3.48E-06,4.11E-06,4.02E-06,4.72E-06,5.62E-06,6.83E-06,6.66E-06,5.59E-06,4.05E-06,3.30E-06,3.98E-06,2.55E-06,1.24E-06,1.15E-06,1.29E-06,1.44E-06,2.23E-06,3.85E-06,4.05E-06,4.16E-06,3.58E-06,3.91E-06,5.47E-06,3.86E-06,5.68E-06,2.60E-06,1.71E-06,2.15E-06,1.64E-06,1.88E-06,2.22E-06,3.20E-06,4.49E-06,1.92E-06,6.10E-06,7.14E-06,8.37E-06,8.81E-06,1.01E-05,1.59E-05,3.62E-05,7.84E-05,6.11E-05,7.39E-05,6.32E-05,6.61E-05,4.32E-05,4.64E-05,5.48E-05,7.62E-05,8.44E-05,7.86E-05,0.00010011,0.000149045,0.000340797,0.000759741,0.0009495,0.00221426,0.005359363,0.01076115,0.023584446,0.044355407,0.073821232,0.085617021,0.11563585,0.150008187,0.182947308,0.167472512,0.10469538,0.030208142
Head 1,371,5.52E-06,4.50E-06,3.60E-06,2.38E-06,2.30E-06,2.67E-06,3.43E-06,3.32E-06,2.06E-06,1.32E-06,9.34E-07,7.25E-07,6.48E-07,6.41E-07,7.52E-07,9.35E-07,1.21E-06,1.50E-06,1.44E-06,1.09E-06,7.47E-07,5.21E-07,4.41E-07,9.84E-07,3.89E-07,2.77E-07,1.27E-07,4.48E-08,1.82E-08,1.16E-08,1.39E-08,2.01E-08,3.68E-08,4.37E-08,5.76E-08,8.92E-08,1.75E-07,3.93E-07,9.14E-07,1.76E-06,3.20E-06,5.05E-06,6.20E-06,5.68E-06,4.25E-06,2.83E-06,1.61E-06,1.07E-06,7.76E-07,4.99E-07,3.13E-07,1.82E-07,1.23E-07,1.21E-07,1.96E-07,5.12E-07,1.04E-06,2.26E-06,3.44E-06,3.59E-06,3.84E-06,4.21E-06,5.38E-06,6.27E-06,6.19E-06,4.71E-06,3.83E-06,4.81E-06,3.80E-06,1.82E-06,1.49E-06,1.39E-06,1.07E-06,1.37E-06,2.59E-06,3.61E-06,4.61E-06,3.85E-06,3.37E-06,3.79E-06,2.54E-06,4.58E-06,3.12E-06,2.66E-06,3.32E-06,1.96E-06,1.72E-06,1.73E-06,2.38E-06,3.29E-06,1.57E-06,4.64E-06,5.56E-06,7.16E-06,8.15E-06,8.53E-06,1.01E-05,1.70E-05,3.40E-05,3.24E-05,5.77E-05,7.36E-05,0.000111879,6.02E-05,4.46E-05,4.10E-05,5.77E-05,7.45E-05,7.58E-05,8.56E-05,9.54E-05,0.000169884,0.000359307,0.000383008,0.001011195,0.002714932,0.005815142,0.011903925,0.025135566,0.051472697,0.069094993,0.094426803,0.11568547,0.148653284,0.185274959,0.18112725,0.07517682,0.030497381
Head 1,372,6.55E-06,7.12E-06,4.05E-06,2.79E-06,2.46E-06,3.06E-06,3.81E-06,3.16E-06,2.28E-06,1.57E-06,1.02E-06,7.62E-07,6.55E-07,6.80E-07,7.49E-07,9.12E-07,1.22E-06,1.49E-06,1.50E-06,1.21E-06,7.88E-07,5.43E-07,8.44E-07,4.77E-07,4.93E-07,3.47E-07,1.45E-07,4.75E-08,1.80E-08,1.28E-08,1.42E-08,2.60E-08,3.59E-08,4.83E-08,6.28E-08,9.47E-08,1.78E-07,4.12E-07,9.08E-07,2.00E-06,3.75E-06,5.56E-06,6.66E-06,6.76E-06,5.47E-06,3.09E-06,1.71E-06,1.08E-06,6.63E-07,4.61E-07,3.06E-07,2.09E-07,1.59E-07,1.64E-07,3.16E-07,5.81E-07,1.22E-06,2.43E-06,3.28E-06,3.73E-06,3.71E-06,4.37E-06,5.35E-06,6.26E-06,5.45E-06,4.69E-06,5.72E-06,5.08E-06,2.75E-06,2.16E-06,2.11E-06,1.22E-06,1.10E-06,1.73E-06,2.63E-06,4.40E-06,4.54E-06,3.91E-06,3.48E-06,1.96E-06,3.27E-06,2.86E-06,3.50E-06,5.90E-06,3.23E-06,2.20E-06,1.67E-06,1.94E-06,2.58E-06,1.37E-06,4.01E-06,4.59E-06,5.99E-06,7.55E-06,8.54E-06,9.10E-06,1.18E-05,1.73E-05,1.58E-05,3.35E-05,6.27E-05,0.00017499,0.000112337,6.73E-05,4.24E-05,4.69E-05,6.05E-05,7.10E-05,8.68E-05,8.79E-05,0.000112734,0.000184179,0.00015672,0.000411117,0.001279544,0.003463495,0.006294033,0.012878271,0.029505409,0.048525285,0.076927558,0.095950678,0.116119049,0.154627964,0.204879627,0.136614427,0.078900158,0.032035325
Head 1,373,1.14E-05,7.96E-06,4.83E-06,3.04E-06,2.81E-06,3.43E-06,3.68E-06,3.51E-06,2.83E-06,1.78E-06,1.12E-06,7.97E-07,7.11E-07,6.91E-07,7.49E-07,9.35E-07,1.23E-06,1.58E-06,1.68E-06,1.29E-06,8.33E-07,8.41E-07,5.15E-07,5.95E-07,6.11E-07,3.94E-07,1.56E-07,4.66E-08,1.98E-08,1.30E-08,1.79E-08,2.55E-08,3.89E-08,5.15E-08,6.51E-08,9.35E-08,1.79E-07,3.92E-07,9.97E-07,2.26E-06,3.93E-06,5.72E-06,7.57E-06,8.11E-06,5.52E-06,3.11E-06,1.64E-06,9.06E-07,6.04E-07,4.35E-07,3.37E-07,2.56E-07,1.92E-07,2.41E-07,3.41E-07,5.62E-07,1.22E-06,2.23E-06,3.30E-06,3.46E-06,3.71E-06,4.14E-06,5.13E-06,5.15E-06,5.09E-06,6.40E-06,5.76E-06,3.53E-06,2.78E-06,3.27E-06,1.81E-06,1.20E-06,1.34E-06,1.65E-06,3.02E-06,4.10E-06,4.38E-06,3.76E-06,1.82E-06,2.29E-06,1.90E-06,2.94E-06,7.87E-06,5.29E-06,3.37E-06,1.94E-06,1.68E-06,1.95E-06,1.03E-06,3.26E-06,3.64E-06,4.55E-06,5.82E-06,7.34E-06,8.31E-06,9.82E-06,1.10E-05,7.79E-06,1.51E-05,3.31E-05,0.000160869,0.000167515,0.000116408,5.90E-05,4.55E-05,4.58E-05,5.34E-05,7.59E-05,9.21E-05,9.75E-05,0.000115918,7.27E-05,0.000150587,0.000489906,0.001944623,0.003502891,0.006581351,0.014685427,0.027160518,0.052944131,0.077913806,0.095446371,0.120374449,0.172089458,0.157546312,0.145972803,0.084813513,0.036959197
Head 1,374,3.66E-05,2.33E-05,1.12E-05,7.01E-06,5.96E-06,6.11E-06,7.17E-06,7.99E-06,6.71E-06,4.91E-06,3.77E-06,3.55E-06,3.83E-06,4.57E-06,6.07E-06,8.41E-06,1.22E-05,1.56E-05,1.37E-05,8.71E-06,7.23E-06,2.90E-06,2.46E-06,2.25E-06,1.67E-06,8.43E-07,2.67E-07,8.98E-08,3.39E-08,2.97E-08,3.28E-08,5.25E-08,8.11E-08,1.09E-07,1.34E-07,1.93E-07,3.35E-07,8.08E-07,2.03E-06,4.22E-06,7.53E-06,1.21E-05,1.61E-05,1.30E-05,7.96E-06,2.96E-06,1.55E-06,9.32E-07,6.85E-07,6.11E-07,5.39E-07,3.83E-07,3.46E-07,3.42E-07,3.45E-07,5.12E-07,8.92E-07,1.55E-06,1.93E-06,2.18E-06,2.36E-06,3.03E-06,3.56E-06,4.60E-06,5.33E-06,5.23E-06,6.34E-06,5.94E-06,5.91E-06,4.72E-06,3.31E-06,3.07E-06,2.88E-06,4.24E-06,5.52E-06,6.03E-06,4.82E-06,3.37E-06,2.77E-06,1.58E-06,1.89E-06,3.33E-06,3.41E-06,3.10E-06,2.14E-06,1.79E-06,1.86E-06,1.64E-06,3.69E-06,4.96E-06,7.66E-06,1.27E-05,2.26E-05,3.65E-05,5.48E-05,6.26E-05,6.74E-05,9.58E-05,0.000157622,0.000360279,0.00049829,0.000434683,0.000221894,0.000123405,8.02E-05,6.76E-05,8.31E-05,8.95E-05,8.53E-05,7.14E-05,6.18E-05,7.79E-05,0.000185354,0.000515459,0.001298756,0.002901372,0.007281679,0.015511073,0.035668619,0.063333012,0.084121026,0.095245734,0.117636569,0.119366974,0.142144367,0.133506611,0.088785261,0.089317366
Head 1,375,4.58E-05,2.68E-05,1.49E-05,8.53E-06,6.25E-06,6.63E-06,8.27E-06,8.61E-06,7.02E-06,5.00E-06,3.88E-06,3.48E-06,3.66E-06,4.47E-06,5.93E-06,9.04E-06,1.39E-05,1.68E-05,1.49E-05,1.59E-05,5.69E-06,4.04E-06,3.29E-06,2.83E-06,2.07E-06,9.64E-07,3.70E-07,1.07E-07,5.46E-08,3.53E-08,4.23E-08,6.51E-08,9.75E-08,1.23E-07,1.50E-07,2.01E-07,3.98E-07,9.65E-07,2.21E-06,4.69E-06,9.06E-06,1.50E-05,1.58E-05,1.29E-05,4.99E-06,2.83E-06,1.57E-06,1.02E-06,8.45E-07,8.07E-07,6.26E-07,5.01E-07,4.29E-07,3.57E-07,3.64E-07,5.25E-07,9.94E-07,1.55E-06,2.04E-06,2.16E-06,2.39E-06,2.53E-06,3.33E-06,4.57E-06,4.56E-06,5.83E-06,6.12E-06,6.13E-06,5.81E-06,4.58E-06,3.97E-06,2.97E-06,3.43E-06,4.26E-06,5.62E-06,6.08E-06,5.21E-06,4.07E-06,1.96E-06,1.82E-06,2.71E-06,3.27E-06,3.81E-06,3.01E-06,2.32E-06,1.95E-06,1.49E-06,2.77E-06,3.43E-06,4.99E-06,7.52E-06,1.25E-05,2.13E-05,3.70E-05,4.99E-05,5.02E-05,6.57E-05,9.77E-05,0.000206578,0.000368721,0.000507479,0.000385734,0.000234179,0.000122514,7.40E-05,7.41E-05,8.99E-05,9.92E-05,8.58E-05,6.65E-05,5.80E-05,9.19E-05,0.000203996,0.000517154,0.001170302,0.002871838,0.005907932,0.014545239,0.031790953,0.055004172,0.073007964,0.089778289,0.090121746,0.109077662,0.131935418,0.131943524,0.169988275,0.08888153
Head 1,376,3.98E-05,2.80E-05,1.37E-05,6.77E-06,5.17E-06,5.75E-06,6.97E-06,7.19E-06,5.73E-06,4.14E-06,3.12E-06,2.73E-06,2.91E-06,3.49E-06,5.00E-06,7.97E-06,1.15E-05,1.38E-05,2.26E-05,8.55E-06,5.76E-06,3.86E-06,2.98E-06,2.47E-06,1.66E-06,9.29E-07,3.03E-07,1.20E-07,4.49E-08,3.21E-08,3.77E-08,5.70E-08,8.11E-08,1.03E-07,1.19E-07,1.83E-07,3.72E-07,8.31E-07,1.98E-06,4.54E-06,9.16E-06,1.18E-05,1.22E-05,5.39E-06,3.71E-06,2.18E-06,1.30E-06,9.24E-07,8.22E-07,6.78E-07,5.40E-07,4.56E-07,3.87E-07,2.82E-07,2.78E-07,4.48E-07,7.73E-07,1.29E-06,1.61E-06,1.76E-06,1.63E-06,1.96E-06,2.94E-06,3.15E-06,4.14E-06,5.16E-06,5.08E-06,5.25E-06,4.90E-06,4.64E-06,3.25E-06,2.93E-06,2.85E-06,3.53E-06,4.61E-06,5.20E-06,4.75E-06,2.33E-06,1.75E-06,1.91E-06,2.15E-06,2.92E-06,2.91E-06,2.57E-06,2.06E-06,1.47E-06,2.03E-06,2.20E-06,3.04E-06,4.34E-06,6.63E-06,1.07E-05,1.94E-05,3.06E-05,3.14E-05,4.13E-05,5.75E-05,0.000103585,0.000181055,0.000327869,0.000398148,0.000352917,0.000201546,9.78E-05,6.99E-05,7.21E-05,8.52E-05,8.67E-05,7.10E-05,5.35E-05,5.88E-05,8.75E-05,0.000198437,0.000444894,0.00112057,0.002236083,0.005400556,0.012664516,0.027113292,0.046592724,0.067153051,0.071668491,0.078200735,0.096175238,0.124038175,0.230675891,0.156051189,0.077436008
Head 1,377,4.31E-05,2.61E-05,1.07E-05,5.64E-06,4.42E-06,4.87E-06,5.89E-06,5.90E-06,4.78E-06,3.38E-06,2.48E-06,2.21E-06,2.28E-06,2.94E-06,4.44E-06,6.62E-06,9.48E-06,2.28E-05,1.09E-05,8.76E-06,5.63E-06,3.63E-06,2.69E-06,2.07E-06,1.64E-06,7.86E-07,3.51E-07,1.01E-07,4.29E-08,2.99E-08,3.42E-08,4.88E-08,6.96E-08,8.35E-08,1.10E-07,1.76E-07,3.28E-07,7.61E-07,1.98E-06,4.87E-06,7.66E-06,9.40E-06,4.91E-06,4.13E-06,2.92E-06,1.88E-06,1.22E-06,9.40E-07,7.42E-07,5.91E-07,5.13E-07,5.16E-07,3.29E-07,2.23E-07,2.45E-07,3.57E-07,6.56E-07,1.03E-06,1.30E-06,1.19E-06,1.26E-06,1.79E-06,1.96E-06,2.58E-06,4.04E-06,4.16E-06,4.20E-06,4.41E-06,4.83E-06,3.79E-06,3.16E-06,2.40E-06,2.33E-06,2.88E-06,3.95E-06,4.55E-06,2.74E-06,2.02E-06,1.72E-06,1.48E-06,1.86E-06,2.11E-06,2.36E-06,2.21E-06,1.70E-06,1.82E-06,1.57E-06,1.89E-06,2.55E-06,3.66E-06,5.48E-06,9.43E-06,1.56E-05,1.71E-05,2.40E-05,3.49E-05,6.03E-05,8.81E-05,0.000157987,0.000253125,0.000353393,0.000295232,0.000157739,9.07E-05,6.60E-05,6.74E-05,7.36E-05,7.00E-05,5.81E-05,5.35E-05,5.11E-05,8.62E-05,0.000165482,0.000413558,0.00083234,0.00198147,0.004530623,0.010457668,0.022146111,0.041337337,0.056675121,0.060654312,0.067582838,0.089625739,0.22530362,0.209979728,0.135670751,0.070218332
Head 1,378,4.12E-05,2.03E-05,9.10E-06,4.90E-06,3.86E-06,4.32E-06,5.09E-06,5.19E-06,4.09E-06,2.82E-06,2.13E-06,1.81E-06,2.01E-06,2.72E-06,3.83E-06,5.63E-06,1.58E-05,1.03E-05,1.13E-05,8.62E-06,5.26E-06,3.24E-06,2.24E-06,1.98E-06,1.37E-06,8.85E-07,2.89E-07,9.61E-08,3.99E-08,2.76E-08,3.04E-08,4.42E-08,6.08E-08,8.35E-08,1.16E-07,1.73E-07,3.34E-07,8.57E-07,2.41E-06,4.60E-06,6.56E-06,4.04E-06,3.91E-06,3.36E-06,2.61E-06,1.81E-06,1.27E-06,8.95E-07,6.69E-07,5.59E-07,6.59E-07,4.59E-07,2.61E-07,1.98E-07,2.01E-07,3.18E-07,5.56E-07,8.86E-07,9.43E-07,9.99E-07,1.30E-06,1.33E-06,1.67E-06,3.10E-06,3.71E-06,3.59E-06,3.93E-06,4.77E-06,4.48E-06,4.10E-06,2.85E-06,2.17E-06,2.12E-06,2.88E-06,3.79E-06,2.98E-06,2.68E-06,2.29E-06,1.55E-06,1.49E-06,1.54E-06,1.98E-06,2.35E-06,2.20E-06,2.29E-06,1.59E-06,1.55E-06,1.85E-06,2.51E-06,3.56E-06,5.66E-06,8.79E-06,9.90E-06,1.44E-05,2.28E-05,4.53E-05,5.77E-05,8.62E-05,0.000136857,0.000253008,0.00033171,0.000260061,0.000161609,8.99E-05,6.84E-05,6.40E-05,6.42E-05,6.45E-05,6.23E-05,4.78E-05,5.73E-05,8.19E-05,0.000177985,0.000352142,0.000849065,0.001875131,0.004190286,0.009486328,0.021682693,0.041299459,0.05126055,0.054707538,0.065190822,0.179331288,0.207269877,0.180888519,0.119798489,0.059346844
Head 1,379,3.50E-05,1.91E-05,8.86E-06,4.68E-06,3.72E-06,4.05E-06,4.87E-06,4.81E-06,3.72E-06,2.63E-06,1.87E-06,1.71E-06,2.01E-06,2.58E-06,3.61E-06,1.00E-05,7.91E-06,1.16E-05,1.23E-05,8.96E-06,5.38E-06,3.13E-06,2.46E-06,1.93E-06,1.74E-06,8.45E-07,3.23E-07,1.03E-07,4.19E-08,2.69E-08,2.94E-08,4.05E-08,6.27E-08,8.86E-08,1.13E-07,1.67E-07,3.55E-07,9.92E-07,2.22E-06,3.85E-06,3.00E-06,3.22E-06,3.26E-06,3.16E-06,2.73E-06,2.10E-06,1.45E-06,1.02E-06,7.36E-07,8.53E-07,6.98E-07,4.22E-07,2.62E-07,1.80E-07,1.91E-07,2.78E-07,4.79E-07,6.24E-07,7.60E-07,9.92E-07,9.02E-07,9.98E-07,1.94E-06,2.83E-06,2.74E-06,3.07E-06,3.88E-06,4.09E-06,4.41E-06,3.37E-06,2.38E-06,1.83E-06,2.08E-06,2.56E-06,2.23E-06,2.58E-06,2.77E-06,1.79E-06,1.33E-06,1.02E-06,1.19E-06,1.65E-06,1.87E-06,2.51E-06,1.65E-06,1.31E-06,1.25E-06,1.49E-06,2.00E-06,3.07E-06,4.39E-06,4.87E-06,7.00E-06,1.16E-05,2.90E-05,3.88E-05,5.02E-05,6.52E-05,0.00012018,0.000205432,0.000255419,0.000233931,0.000138014,8.48E-05,5.80E-05,5.09E-05,5.55E-05,6.21E-05,5.01E-05,4.69E-05,4.75E-05,7.56E-05,0.000127917,0.000304227,0.000686181,0.001499406,0.003292702,0.008134224,0.02064809,0.034742437,0.043853566,0.051826119,0.133934677,0.172480434,0.186113626,0.170205131,0.110490955,0.059693821
Head 1,380,3.22E-05,1.82E-05,8.12E-06,4.37E-06,3.45E-06,3.87E-06,4.47E-06,4.35E-06,3.46E-06,2.32E-06,1.78E-06,1.71E-06,1.90E-06,2.41E-06,5.81E-06,5.10E-06,8.72E-06,1.23E-05,1.20E-05,8.61E-06,4.88E-06,3.24E-06,2.27E-06,2.29E-06,1.59E-06,8.88E-07,3.22E-07,1.03E-07,3.96E-08,2.58E-08,2.71E-08,4.24E-08,6.78E-08,8.97E-08,1.14E-07,1.87E-07,4.35E-07,9.60E-07,1.91E-06,1.89E-06,2.35E-06,2.72E-06,3.06E-06,3.31E-06,3.12E-06,2.40E-06,1.74E-06,1.07E-06,1.01E-06,8.79E-07,6.18E-07,4.00E-07,2.28E-07,1.67E-07,1.66E-07,2.42E-07,3.43E-07,5.12E-07,8.16E-07,7.25E-07,7.10E-07,1.25E-06,2.01E-06,2.04E-06,2.46E-06,3.23E-06,3.56E-06,4.32E-06,3.87E-06,3.00E-06,2.11E-06,1.96E-06,1.99E-06,1.58E-06,2.06E-06,2.89E-06,2.35E-06,1.68E-06,1.00E-06,8.74E-07,1.09E-06,1.32E-06,2.42E-06,1.89E-06,1.47E-06,1.17E-06,1.12E-06,1.32E-06,1.94E-06,2.65E-06,2.83E-06,3.98E-06,6.33E-06,1.77E-05,2.77E-05,3.62E-05,4.03E-05,6.30E-05,0.000106881,0.000173844,0.000249173,0.000214027,0.000139728,7.55E-05,5.05E-05,4.82E-05,5.63E-05,5.43E-05,5.02E-05,4.24E-05,4.86E-05,6.14E-05,0.000124471,0.000276218,0.000611602,0.001299703,0.003133493,0.008648455,0.018833762,0.031316999,0.043271061,0.099762097,0.135097563,0.156740412,0.176821157,0.154544622,0.10794723,0.059748113
Head 1,381,3.05E-05,1.63E-05,7.34E-06,3.95E-06,3.25E-06,3.49E-06,4.01E-06,4.00E-06,3.01E-06,2.15E-06,1.72E-06,1.57E-06,1.74E-06,3.52E-06,3.15E-06,5.45E-06,8.92E-06,1.14E-05,1.10E-05,7.49E-06,4.91E-06,2.86E-06,2.53E-06,1.98E-06,1.55E-06,8.24E-07,3.02E-07,9.13E-08,3.55E-08,2.24E-08,2.72E-08,4.44E-08,6.70E-08,8.84E-08,1.24E-07,2.23E-07,4.05E-07,8.10E-07,9.66E-07,1.47E-06,1.99E-06,2.50E-06,3.13E-06,3.64E-06,3.41E-06,2.83E-06,1.69E-06,1.23E-06,9.62E-07,7.34E-07,5.54E-07,3.36E-07,2.05E-07,1.40E-07,1.43E-07,1.72E-07,2.84E-07,6.00E-07,6.16E-07,5.80E-07,8.78E-07,1.38E-06,1.45E-06,1.90E-06,2.71E-06,3.03E-06,3.82E-06,3.91E-06,3.59E-06,2.75E-06,2.32E-06,1.96E-06,1.29E-06,1.54E-06,2.38E-06,2.71E-06,2.41E-06,1.41E-06,9.33E-07,8.59E-07,9.13E-07,1.92E-06,1.96E-06,1.83E-06,1.41E-06,1.12E-06,1.07E-06,1.38E-06,1.81E-06,1.82E-06,2.57E-06,3.81E-06,1.03E-05,1.84E-05,2.76E-05,3.11E-05,4.23E-05,5.98E-05,9.54E-05,0.00017923,0.000252999,0.000232042,0.00013049,6.79E-05,4.97E-05,5.00E-05,5.33E-05,5.54E-05,4.88E-05,4.63E-05,4.26E-05,6.38E-05,0.000123394,0.00027179,0.000584188,0.001368091,0.003472789,0.008527725,0.018254047,0.033299636,0.07174582,0.106506072,0.12602368,0.152390242,0.160583586,0.1523619,0.108242966,0.054442927
Head 1,382,1.41E-05,9.10E-06,4.68E-06,2.91E-06,2.49E-06,2.86E-06,3.44E-06,3.12E-06,2.13E-06,1.26E-06,7.45E-07,5.33E-07,5.62E-07,5.23E-07,7.27E-07,1.10E-06,1.57E-06,1.98E-06,1.97E-06,1.75E-06,1.21E-06,1.07E-06,9.22E-07,9.92E-07,9.24E-07,5.88E-07,2.30E-07,7.45E-08,2.81E-08,1.95E-08,2.33E-08,3.47E-08,5.12E-08,7.18E-08,1.09E-07,1.66E-07,3.30E-07,4.82E-07,8.02E-07,1.27E-06,1.77E-06,2.43E-06,3.47E-06,4.23E-06,4.60E-06,3.48E-06,2.72E-06,1.92E-06,1.33E-06,1.02E-06,6.94E-07,4.33E-07,2.41E-07,1.77E-07,1.61E-07,2.60E-07,9.69E-07,1.34E-06,1.16E-06,1.82E-06,2.94E-06,2.67E-06,3.48E-06,5.07E-06,5.84E-06,6.87E-06,6.59E-06,5.82E-06,4.43E-06,2.31E-06,1.83E-06,7.15E-07,6.48E-07,1.05E-06,1.60E-06,2.51E-06,2.75E-06,2.58E-06,2.45E-06,8.62E-07,3.69E-06,4.24E-06,4.91E-06,4.04E-06,2.64E-06,1.84E-06,1.80E-06,2.01E-06,1.08E-06,1.33E-06,1.54E-06,4.80E-06,6.20E-06,7.93E-06,8.45E-06,1.06E-05,1.29E-05,1.85E-05,4.15E-05,0.000104575,0.000194921,0.000201272,7.42E-05,6.25E-05,5.98E-05,8.78E-05,0.000100166,0.000120831,0.000139992,0.000124917,0.000150602,0.000235606,0.000454616,0.000907734,0.001890382,0.003657503,0.006952298,0.013463621,0.028361151,0.041048609,0.070967868,0.090617836,0.115839392,0.134949654,0.169072792,0.167162791,0.110239483,0.042452898
Head 1,383,1.06E-05,6.84E-06,3.69E-06,2.19E-06,1.86E-06,2.20E-06,2.63E-06,2.55E-06,1.83E-06,1.04E-06,6.11E-07,5.84E-07,4.08E-07,4.97E-07,6.80E-07,9.46E-07,1.24E-06,1.45E-06,1.64E-06,1.30E-06,1.10E-06,7.71E-07,7.06E-07,7.36E-07,6.88E-07,4.24E-07,1.72E-07,5.33E-08,2.23E-08,1.58E-08,1.76E-08,2.66E-08,4.31E-08,6.56E-08,7.97E-08,1.18E-07,1.73E-07,3.01E-07,5.69E-07,9.78E-07,1.48E-06,2.26E-06,3.08E-06,4.08E-06,4.04E-06,3.41E-06,2.32E-06,1.45E-06,1.07E-06,7.78E-07,5.58E-07,3.15E-07,1.81E-07,1.05E-07,1.10E-07,3.52E-07,6.04E-07,6.21E-07,1.20E-06,2.19E-06,1.80E-06,2.12E-06,3.21E-06,4.08E-06,5.40E-06,5.73E-06,5.50E-06,4.79E-06,2.67E-06,2.13E-06,8.24E-07,6.16E-07,6.77E-07,7.93E-07,1.27E-06,1.77E-06,2.06E-06,1.91E-06,6.17E-07,1.89E-06,2.17E-06,3.20E-06,3.70E-06,2.94E-06,1.95E-06,1.51E-06,1.34E-06,6.77E-07,8.65E-07,1.12E-06,3.57E-06,4.39E-06,5.52E-06,6.21E-06,8.08E-06,9.00E-06,9.97E-06,1.69E-05,3.99E-05,9.46E-05,0.000155314,6.78E-05,6.56E-05,5.94E-05,7.32E-05,6.89E-05,8.71E-05,0.000117163,0.000111668,0.000115765,0.000136949,0.000211951,0.000406043,0.000941182,0.001821144,0.003531954,0.006651623,0.014424692,0.022534592,0.046026237,0.068497911,0.0936727,0.109490722,0.14559859,0.178466678,0.165761784,0.102744371,0.037809517
Head 1,384,8.44E-06,5.74E-06,2.99E-06,1.75E-06,1.52E-06,1.79E-06,2.23E-06,2.22E-06,1.51E-06,8.45E-07,7.17E-07,3.70E-07,3.80E-07,4.69E-07,6.25E-07,8.05E-07,9.82E-07,1.33E-06,1.33E-06,1.32E-06,8.82E-07,6.61E-07,5.98E-07,6.13E-07,5.47E-07,3.47E-07,1.35E-07,4.72E-08,2.06E-08,1.36E-08,1.55E-08,2.59E-08,4.50E-08,5.49E-08,6.68E-08,8.57E-08,1.29E-07,2.47E-07,5.15E-07,9.30E-07,1.59E-06,2.28E-06,3.14E-06,3.72E-06,3.86E-06,2.93E-06,1.83E-06,1.23E-06,8.50E-07,6.61E-07,4.34E-07,2.57E-07,1.21E-07,8.36E-08,1.70E-07,2.66E-07,2.98E-07,7.55E-07,1.90E-06,1.61E-06,1.67E-06,2.31E-06,2.92E-06,4.27E-06,5.18E-06,5.41E-06,5.16E-06,3.22E-06,2.66E-06,1.14E-06,8.54E-07,8.00E-07,6.48E-07,8.28E-07,1.19E-06,1.79E-06,2.05E-06,7.60E-07,1.70E-06,1.60E-06,2.29E-06,3.32E-06,3.67E-06,3.01E-06,2.23E-06,1.54E-06,6.47E-07,7.05E-07,9.32E-07,3.24E-06,4.02E-06,4.84E-06,5.36E-06,7.27E-06,8.53E-06,8.82E-06,1.18E-05,2.17E-05,4.71E-05,9.61E-05,5.55E-05,7.36E-05,7.94E-05,9.87E-05,6.99E-05,7.30E-05,0.000100279,0.00011131,0.000122445,0.000124229,0.000144189,0.000217908,0.000476696,0.000908422,0.001965754,0.003808467,0.00797658,0.012445707,0.027914766,0.048269548,0.075170457,0.093007788,0.121450417,0.154183,0.170051143,0.163488403,0.08636342,0.030894378
Head 1,385,9.08E-06,5.98E-06,3.05E-06,1.82E-06,1.59E-06,1.93E-06,2.44E-06,2.30E-06,1.53E-06,1.26E-06,5.11E-07,4.14E-07,4.31E-07,5.35E-07,6.68E-07,8.02E-07,1.14E-06,1.36E-06,1.72E-06,1.34E-06,9.77E-07,7.41E-07,6.54E-07,6.39E-07,5.85E-07,3.56E-07,1.55E-07,5.67E-08,2.26E-08,1.51E-08,1.90E-08,3.35E-08,4.61E-08,5.54E-08,6.56E-08,7.71E-08,1.22E-07,2.61E-07,5.61E-07,1.17E-06,1.95E-06,2.79E-06,3.45E-06,4.33E-06,3.98E-06,2.83E-06,1.92E-06,1.20E-06,8.90E-07,6.38E-07,4.33E-07,2.13E-07,1.17E-07,1.45E-07,1.54E-07,1.46E-07,4.15E-07,1.48E-06,1.55E-06,1.61E-06,2.01E-06,2.23E-06,3.26E-06,4.38E-06,5.14E-06,5.42E-06,3.79E-06,3.24E-06,1.46E-06,1.22E-06,1.29E-06,7.97E-07,7.07E-07,7.81E-07,1.22E-06,1.79E-06,8.86E-07,1.83E-06,1.46E-06,1.66E-06,2.31E-06,3.18E-06,3.67E-06,3.38E-06,2.20E-06,7.84E-07,6.51E-07,7.37E-07,2.57E-06,3.40E-06,4.17E-06,4.45E-06,5.89E-06,7.28E-06,8.08E-06,1.02E-05,1.51E-05,2.53E-05,4.67E-05,3.16E-05,5.72E-05,8.69E-05,0.000152484,9.49E-05,7.29E-05,8.20E-05,9.34E-05,0.00011932,0.000126913,0.000125238,0.000140447,0.000238721,0.000379164,0.000900518,0.001949354,0.004214045,0.006004561,0.014453548,0.027829044,0.050649412,0.07350792,0.102805912,0.131462187,0.149496362,0.177469879,0.14868167,0.076008901,0.032494146
Head 1,386,8.70E-06,5.60E-06,2.90E-06,1.75E-06,1.57E-06,1.95E-06,2.37E-06,2.17E-06,2.00E-06,8.11E-07,5.23E-07,4.26E-07,4.48E-07,5.29E-07,6.21E-07,8.59E-07,1.08E-06,1.64E-06,1.61E-06,1.39E-06,1.03E-06,7.61E-07,6.41E-07,6.43E-07,5.69E-07,3.87E-07,1.77E-07,5.95E-08,2.38E-08,1.79E-08,2.42E-08,3.39E-08,4.45E-08,5.62E-08,5.67E-08,6.82E-08,1.22E-07,2.73E-07,6.82E-07,1.49E-06,2.50E-06,3.00E-06,4.03E-06,4.28E-06,3.70E-06,2.89E-06,1.80E-06,1.22E-06,8.42E-07,6.18E-07,3.56E-07,2.02E-07,1.90E-07,1.29E-07,8.52E-08,2.00E-07,8.31E-07,1.16E-06,1.48E-06,1.90E-06,1.84E-06,2.39E-06,3.15E-06,4.09E-06,4.95E-06,3.97E-06,3.66E-06,1.62E-06,1.50E-06,2.05E-06,1.24E-06,8.39E-07,6.17E-07,7.49E-07,1.17E-06,7.75E-07,1.82E-06,1.56E-06,1.45E-06,1.60E-06,2.13E-06,3.06E-06,3.99E-06,3.22E-06,1.13E-06,7.72E-07,6.60E-07,1.88E-06,2.56E-06,3.43E-06,3.74E-06,4.76E-06,5.77E-06,6.85E-06,9.18E-06,1.27E-05,1.74E-05,2.44E-05,1.56E-05,3.20E-05,6.56E-05,0.0001998,0.000150866,9.78E-05,8.08E-05,7.56E-05,1.00E-04,0.000122167,0.000126315,0.000121203,0.000152278,0.000167795,0.000374474,0.000885122,0.00214038,0.002730357,0.007222453,0.014714517,0.029599681,0.050831981,0.082979426,0.114765309,0.129846677,0.147486225,0.165252894,0.133830339,0.082315981,0.033290248
Head 1,387,8.01E-06,5.26E-06,2.75E-06,1.69E-06,1.57E-06,1.88E-06,2.22E-06,2.39E-06,1.35E-06,8.06E-07,5.14E-07,4.09E-07,4.16E-07,4.70E-07,6.29E-07,7.77E-07,1.26E-06,1.45E-06,1.59E-06,1.38E-06,9.93E-07,6.97E-07,6.00E-07,5.78E-07,5.66E-07,4.01E-07,1.70E-07,5.62E-08,2.58E-08,2.15E-08,2.34E-08,3.00E-08,4.31E-08,4.46E-08,4.59E-08,6.24E-08,1.20E-07,3.12E-07,8.78E-07,2.03E-06,2.55E-06,3.36E-06,3.76E-06,3.71E-06,3.50E-06,2.50E-06,1.68E-06,1.06E-06,7.42E-07,4.69E-07,3.09E-07,2.99E-07,1.59E-07,7.14E-08,1.08E-07,3.73E-07,6.04E-07,1.04E-06,1.69E-06,1.64E-06,1.90E-06,2.14E-06,2.77E-06,3.77E-06,3.49E-06,3.79E-06,1.63E-06,1.56E-06,2.60E-06,1.89E-06,1.23E-06,6.74E-07,5.46E-07,6.91E-07,5.03E-07,1.35E-06,1.51E-06,1.47E-06,1.33E-06,1.40E-06,1.92E-06,3.15E-06,3.60E-06,1.49E-06,1.08E-06,7.39E-07,1.49E-06,1.76E-06,2.44E-06,2.91E-06,3.78E-06,4.37E-06,5.13E-06,7.26E-06,1.06E-05,1.41E-05,1.59E-05,8.04E-06,1.52E-05,3.39E-05,0.00016762,0.000197587,0.000147889,0.000102952,7.07E-05,7.74E-05,9.72E-05,0.000115632,0.000118518,0.000127738,9.33E-05,0.000162729,0.00035898,0.000954902,0.001058243,0.003270424,0.007233472,0.015458883,0.029593131,0.057400703,0.093615562,0.114618666,0.119321309,0.137087718,0.14896059,0.146974802,0.085310273,0.037053779
Head 1,388,8.83E-06,5.82E-06,3.11E-06,2.01E-06,1.79E-06,2.08E-06,2.34E-06,2.27E-06,1.60E-06,9.35E-07,5.59E-07,4.35E-07,4.28E-07,5.48E-07,6.63E-07,1.07E-06,1.29E-06,1.66E-06,1.81E-06,1.54E-06,1.07E-06,7.70E-07,6.37E-07,6.79E-07,6.81E-07,4.48E-07,1.84E-07,7.13E-08,3.78E-08,2.55E-08,2.41E-08,3.41E-08,3.84E-08,4.09E-08,4.64E-08,6.97E-08,1.52E-07,4.62E-07,1.51E-06,2.32E-06,3.06E-06,3.53E-06,3.63E-06,3.88E-06,3.38E-06,2.60E-06,1.65E-06,1.05E-06,6.29E-07,4.50E-07,5.04E-07,2.78E-07,1.02E-07,9.67E-08,2.10E-07,2.90E-07,5.87E-07,1.29E-06,1.56E-06,1.84E-06,1.76E-06,1.99E-06,2.68E-06,2.75E-06,3.74E-06,1.72E-06,1.65E-06,2.85E-06,2.55E-06,1.93E-06,1.03E-06,6.08E-07,5.24E-07,3.31E-07,7.97E-07,1.13E-06,1.42E-06,1.35E-06,1.17E-06,1.24E-06,1.92E-06,2.73E-06,1.43E-06,1.44E-06,1.02E-06,1.55E-06,1.32E-06,1.60E-06,2.00E-06,2.84E-06,3.35E-06,3.77E-06,5.21E-06,7.87E-06,1.14E-05,1.24E-05,4.90E-06,7.87E-06,1.57E-05,9.15E-05,0.000166308,0.000188029,0.00015249,8.89E-05,7.15E-05,7.37E-05,8.87E-05,0.000105814,0.00012152,6.90E-05,8.81E-05,0.000148867,0.000366881,0.000328545,0.001170742,0.003008202,0.007065191,0.014394555,0.031338699,0.060845278,0.089484394,0.102062754,0.106448889,0.121120304,0.164356962,0.153316438,0.096732683,0.046300903
Head 1,389,9.98E-06,6.69E-06,3.83E-06,2.42E-06,2.11E-06,1.94E-06,2.95E-06,2.86E-06,1.98E-06,1.07E-06,6.31E-07,4.78E-07,5.29E-07,6.09E-07,9.62E-07,1.17E-06,1.57E-06,2.00E-06,2.12E-06,1.73E-06,1.23E-06,8.61E-07,8.08E-07,8.86E-07,8.28E-07,5.25E-07,2.56E-07,1.19E-07,5.24E-08,3.05E-08,3.12E-08,3.35E-08,4.04E-08,4.64E-08,5.98E-08,1.01E-07,2.53E-07,9.45E-07,1.89E-06,2.67E-06,3.41E-06,3.65E-06,4.08E-06,4.11E-06,3.80E-06,2.75E-06,1.76E-06,9.53E-07,6.54E-07,7.68E-07,5.04E-07,1.96E-07,1.42E-07,1.96E-07,1.84E-07,3.21E-07,8.11E-07,1.31E-06,1.94E-06,1.85E-06,1.79E-06,2.10E-06,2.16E-06,3.44E-06,1.93E-06,1.95E-06,3.18E-06,3.20E-06,2.92E-06,1.88E-06,1.03E-06,6.52E-07,3.22E-07,5.48E-07,7.57E-07,1.23E-06,1.52E-06,1.39E-06,1.21E-06,1.46E-06,1.96E-06,1.18E-06,1.69E-06,1.59E-06,2.43E-06,1.55E-06,1.41E-06,1.56E-06,2.28E-06,2.92E-06,3.33E-06,4.40E-06,6.30E-06,9.56E-06,1.11E-05,3.89E-06,5.58E-06,9.34E-06,4.71E-05,0.000102174,0.000175576,0.000213654,0.0001455,9.89E-05,7.60E-05,7.41E-05,8.96E-05,0.000118665,6.82E-05,7.30E-05,9.06E-05,0.000171436,0.000117267,0.000404788,0.001179136,0.003184118,0.007003019,0.015943484,0.033663783,0.058417607,0.083159737,0.084271297,0.088629566,0.128729582,0.16410026,0.163126603,0.112207703,0.054118279
Head 1,390,1.00E-05,7.25E-06,4.04E-06,2.49E-06,1.62E-06,2.66E-06,3.35E-06,3.25E-06,2.07E-06,1.10E-06,6.28E-07,5.39E-07,5.37E-07,8.00E-07,9.59E-07,1.26E-06,1.66E-06,2.05E-06,2.09E-06,1.76E-06,1.20E-06,9.56E-07,9.12E-07,9.24E-07,8.40E-07,6.40E-07,3.79E-07,1.50E-07,5.76E-08,3.32E-08,2.62E-08,3.14E-08,4.00E-08,5.18E-08,7.31E-08,1.32E-07,4.24E-07,1.00E-06,1.60E-06,2.48E-06,3.01E-06,3.53E-06,3.78E-06,4.04E-06,3.56E-06,2.64E-06,1.41E-06,8.81E-07,9.33E-07,6.74E-07,3.24E-07,2.31E-07,2.52E-07,1.57E-07,1.80E-07,3.87E-07,7.24E-07,1.44E-06,1.69E-06,1.63E-06,1.63E-06,1.49E-06,2.41E-06,1.65E-06,1.87E-06,3.01E-06,3.08E-06,3.12E-06,2.58E-06,1.64E-06,9.52E-07,3.72E-07,4.29E-07,4.18E-07,6.76E-07,1.09E-06,1.30E-06,1.16E-06,1.14E-06,1.20E-06,6.62E-07,1.13E-06,1.53E-06,3.29E-06,1.93E-06,1.34E-06,1.14E-06,1.48E-06,1.99E-06,2.46E-06,3.31E-06,4.42E-06,6.43E-06,7.87E-06,2.66E-06,3.71E-06,5.61E-06,2.26E-05,4.31E-05,8.99E-05,0.000169112,0.000176888,0.000139406,9.27E-05,6.63E-05,6.49E-05,8.80E-05,5.87E-05,6.38E-05,6.63E-05,9.20E-05,4.49E-05,0.000121342,0.000353957,0.001098984,0.002801354,0.006897162,0.015187167,0.029324068,0.055100612,0.063520767,0.065291628,0.08905834,0.12309324,0.168499574,0.188051149,0.129140452,0.061006013
Head 1,391,1.02E-05,7.19E-06,3.95E-06,1.93E-06,2.31E-06,2.91E-06,3.67E-06,3.29E-06,2.04E-06,1.04E-06,6.82E-07,5.23E-07,6.68E-07,7.70E-07,9.87E-07,1.29E-06,1.66E-06,1.95E-06,2.03E-06,1.62E-06,1.27E-06,1.03E-06,8.98E-07,8.90E-07,9.55E-07,8.63E-07,4.39E-07,1.56E-07,5.19E-08,2.55E-08,2.35E-08,2.98E-08,4.24E-08,6.00E-08,8.45E-08,1.92E-07,4.34E-07,7.50E-07,1.38E-06,2.08E-06,2.80E-06,3.12E-06,3.54E-06,3.57E-06,3.24E-06,1.97E-06,1.22E-06,1.11E-06,7.41E-07,4.18E-07,3.41E-07,3.87E-07,2.02E-07,1.49E-07,2.13E-07,3.42E-07,7.85E-07,1.25E-06,1.48E-06,1.47E-06,1.18E-06,1.70E-06,1.29E-06,1.60E-06,2.78E-06,2.86E-06,2.97E-06,2.85E-06,2.27E-06,1.50E-06,5.43E-07,5.22E-07,3.22E-07,3.83E-07,6.17E-07,9.50E-07,1.10E-06,1.12E-06,9.70E-07,4.34E-07,6.52E-07,1.06E-06,3.54E-06,2.55E-06,1.68E-06,1.11E-06,1.10E-06,1.31E-06,1.70E-06,2.49E-06,3.38E-06,4.59E-06,5.43E-06,1.83E-06,2.53E-06,3.82E-06,1.40E-05,2.06E-05,3.85E-05,8.75E-05,0.000141582,0.000167829,0.000132259,8.10E-05,5.74E-05,6.33E-05,4.48E-05,5.38E-05,5.73E-05,6.71E-05,2.50E-05,4.55E-05,0.000107139,0.000331224,0.000978688,0.002787242,0.0065871,0.013304405,0.029804677,0.041615091,0.047866665,0.063686483,0.082636245,0.121505179,0.187005177,0.201611295,0.136187404,0.062731005
Head 1,392,1.01E-05,6.98E-06,3.45E-06,2.63E-06,2.56E-06,3.21E-06,3.82E-06,3.29E-06,1.92E-06,1.13E-06,6.63E-07,6.46E-07,6.43E-07,7.90E-07,1.03E-06,1.31E-06,1.61E-06,1.93E-06,1.91E-06,1.74E-06,1.40E-06,1.04E-06,9.09E-07,1.06E-06,1.32E-06,1.02E-06,4.82E-07,1.24E-07,4.04E-08,2.39E-08,2.35E-08,3.26E-08,5.02E-08,6.70E-08,1.09E-07,2.00E-07,3.41E-07,6.42E-07,1.16E-06,1.96E-06,2.47E-06,2.97E-06,3.19E-06,3.36E-06,2.52E-06,1.76E-06,1.57E-06,8.88E-07,5.05E-07,4.62E-07,5.97E-07,3.36E-07,2.00E-07,1.86E-07,1.97E-07,3.86E-07,7.12E-07,1.12E-06,1.34E-06,1.05E-06,1.37E-06,1.00E-06,1.26E-06,2.36E-06,2.57E-06,2.71E-06,2.70E-06,2.52E-06,2.05E-06,8.05E-07,8.45E-07,3.88E-07,3.00E-07,3.58E-07,5.51E-07,8.19E-07,1.07E-06,9.69E-07,3.82E-07,4.24E-07,6.26E-07,2.67E-06,2.71E-06,2.23E-06,1.41E-06,1.08E-06,9.87E-07,1.14E-06,1.72E-06,2.56E-06,3.49E-06,3.90E-06,1.33E-06,1.74E-06,2.66E-06,1.04E-05,1.28E-05,1.85E-05,3.78E-05,7.45E-05,0.000134706,0.000161544,0.0001168,6.99E-05,5.65E-05,3.48E-05,4.14E-05,4.88E-05,5.83E-05,2.04E-05,2.58E-05,4.16E-05,0.000101472,0.00029929,0.000978887,0.002651953,0.00572701,0.01406384,0.022146536,0.030588364,0.04510976,0.057136908,0.079436302,0.132919431,0.196647435,0.208669662,0.137370437,0.065043323
Head 1,393,8.44E-06,5.86E-06,3.55E-06,2.50E-06,2.39E-06,2.90E-06,3.28E-06,2.64E-06,1.76E-06,9.17E-07,6.73E-07,5.11E-07,5.53E-07,7.02E-07,8.90E-07,1.09E-06,1.35E-06,1.53E-06,1.72E-06,1.63E-06,1.22E-06,9.15E-07,9.21E-07,1.21E-06,1.28E-06,9.27E-07,2.76E-07,7.85E-08,3.08E-08,1.93E-08,2.06E-08,3.11E-08,4.54E-08,6.48E-08,9.37E-08,1.47E-07,2.38E-07,4.40E-07,9.11E-07,1.43E-06,1.97E-06,2.23E-06,2.50E-06,2.22E-06,1.92E-06,2.02E-06,1.06E-06,5.35E-07,4.88E-07,6.56E-07,4.50E-07,2.85E-07,2.13E-07,1.47E-07,1.89E-07,2.97E-07,5.39E-07,8.63E-07,7.41E-07,1.02E-06,7.06E-07,8.24E-07,1.58E-06,1.84E-06,2.07E-06,2.03E-06,2.00E-06,1.89E-06,8.49E-07,1.15E-06,5.32E-07,3.05E-07,2.36E-07,2.65E-07,3.94E-07,6.55E-07,7.71E-07,3.34E-07,2.92E-07,3.30E-07,1.30E-06,1.68E-06,1.98E-06,1.57E-06,1.15E-06,7.98E-07,6.99E-07,9.34E-07,1.45E-06,2.18E-06,2.48E-06,8.38E-07,9.98E-07,1.47E-06,6.61E-06,8.35E-06,1.00E-05,1.57E-05,2.76E-05,6.06E-05,0.000111536,0.000124089,8.67E-05,5.93E-05,2.83E-05,2.74E-05,3.22E-05,4.30E-05,1.63E-05,1.76E-05,1.98E-05,3.25E-05,7.66E-05,0.000255191,0.000808141,0.002024289,0.006035726,0.009589191,0.015259034,0.027265912,0.038725279,0.053570431,0.085470073,0.138945729,0.201334029,0.210809007,0.143825069,0.065164715
Head 1,394,5.20E-05,1.56E-05,8.56E-06,5.11E-06,4.17E-06,4.45E-06,4.76E-06,4.92E-06,3.59E-06,3.08E-06,2.23E-06,2.36E-06,3.16E-06,4.77E-06,7.15E-06,1.05E-05,1.40E-05,1.90E-05,2.13E-05,1.67E-05,1.05E-05,7.30E-06,6.31E-06,4.78E-06,3.22E-06,1.23E-06,3.72E-07,1.14E-07,4.51E-08,3.02E-08,3.48E-08,5.20E-08,8.35E-08,1.12E-07,1.50E-07,1.81E-07,2.70E-07,5.66E-07,1.09E-06,1.96E-06,2.68E-06,3.21E-06,2.99E-06,2.83E-06,2.58E-06,1.44E-06,8.79E-07,7.57E-07,6.53E-07,5.22E-07,4.08E-07,3.18E-07,1.69E-07,1.30E-07,1.22E-07,1.70E-07,2.88E-07,3.52E-07,5.58E-07,4.72E-07,5.84E-07,9.93E-07,1.24E-06,1.62E-06,1.68E-06,1.89E-06,2.17E-06,2.23E-06,2.19E-06,1.67E-06,1.20E-06,8.67E-07,7.38E-07,8.16E-07,1.17E-06,1.32E-06,1.06E-06,7.30E-07,5.32E-07,5.50E-07,6.31E-07,9.24E-07,1.11E-06,1.14E-06,8.78E-07,6.73E-07,7.35E-07,9.08E-07,1.53E-06,2.18E-06,1.80E-06,2.74E-06,4.92E-06,1.48E-05,2.81E-05,3.74E-05,5.03E-05,6.43E-05,0.000107448,0.000182575,0.00023753,0.000194961,0.000123648,4.41E-05,2.82E-05,2.40E-05,2.74E-05,2.02E-05,2.16E-05,1.94E-05,2.04E-05,2.93E-05,6.73E-05,0.000196445,0.000560991,0.001697786,0.003804513,0.008198262,0.018858571,0.032136668,0.045693181,0.061756808,0.085420951,0.119093969,0.160857752,0.177460939,0.12714006,0.155467182
Head 1,395,2.35E-05,1.59E-05,8.47E-06,4.80E-06,3.67E-06,3.61E-06,4.26E-06,3.93E-06,3.70E-06,2.39E-06,1.96E-06,2.02E-06,2.65E-06,3.86E-06,5.81E-06,8.24E-06,1.28E-05,1.81E-05,1.92E-05,1.52E-05,1.12E-05,8.84E-06,6.09E-06,4.24E-06,2.21E-06,8.69E-07,3.00E-07,1.00E-07,4.58E-08,3.45E-08,4.11E-08,6.48E-08,8.39E-08,1.17E-07,1.24E-07,1.40E-07,2.33E-07,4.37E-07,9.07E-07,1.53E-06,2.15E-06,2.24E-06,2.46E-06,2.87E-06,1.99E-06,1.20E-06,9.87E-07,7.04E-07,5.16E-07,4.73E-07,4.61E-07,2.80E-07,1.84E-07,1.14E-07,1.07E-07,1.50E-07,1.93E-07,3.73E-07,3.48E-07,4.42E-07,7.07E-07,8.16E-07,1.07E-06,1.14E-06,1.31E-06,1.56E-06,1.79E-06,1.83E-06,1.66E-06,1.42E-06,1.03E-06,7.20E-07,6.13E-07,7.77E-07,1.02E-06,1.10E-06,9.41E-07,7.04E-07,5.52E-07,4.61E-07,5.79E-07,7.94E-07,1.09E-06,1.05E-06,7.98E-07,7.03E-07,6.48E-07,9.48E-07,1.32E-06,1.07E-06,1.65E-06,2.69E-06,7.14E-06,1.50E-05,2.35E-05,3.45E-05,4.09E-05,6.01E-05,9.97E-05,0.000160692,0.000196629,0.000176218,7.64E-05,4.03E-05,2.50E-05,2.31E-05,1.78E-05,2.12E-05,2.00E-05,1.81E-05,1.86E-05,2.85E-05,6.24E-05,0.000160634,0.000543431,0.001198239,0.002651808,0.006912817,0.014812603,0.027173012,0.042732205,0.059229299,0.075919673,0.103264511,0.143349126,0.152065337,0.24478884,0.123777956
Head 1,396,2.26E-05,1.49E-05,7.44E-06,4.03E-06,2.88E-06,3.08E-06,3.35E-06,3.91E-06,2.83E-06,2.07E-06,1.64E-06,1.68E-06,2.13E-06,3.12E-06,4.52E-06,7.39E-06,1.18E-05,1.59E-05,1.67E-05,1.52E-05,1.26E-05,7.90E-06,4.89E-06,2.94E-06,1.42E-06,6.34E-07,2.33E-07,9.09E-08,4.65E-08,3.74E-08,5.02E-08,6.17E-08,8.81E-08,9.57E-08,9.16E-08,1.15E-07,1.76E-07,3.54E-07,6.87E-07,1.18E-06,1.40E-06,1.73E-06,2.41E-06,2.17E-06,1.48E-06,1.27E-06,8.40E-07,4.95E-07,4.32E-07,4.82E-07,3.77E-07,2.77E-07,1.44E-07,9.16E-08,8.70E-08,9.69E-08,1.94E-07,2.06E-07,3.09E-07,5.35E-07,5.64E-07,6.88E-07,7.26E-07,8.66E-07,1.09E-06,1.33E-06,1.43E-06,1.39E-06,1.41E-06,1.20E-06,8.31E-07,5.71E-07,5.53E-07,6.35E-07,8.06E-07,8.79E-07,8.15E-07,6.63E-07,4.32E-07,3.90E-07,4.59E-07,7.22E-07,9.14E-07,8.59E-07,7.48E-07,5.41E-07,6.23E-07,7.71E-07,5.85E-07,9.64E-07,1.54E-06,3.56E-06,7.04E-06,1.22E-05,2.10E-05,2.67E-05,3.64E-05,5.29E-05,8.38E-05,0.000128009,0.000169496,0.000114592,6.58E-05,3.33E-05,2.24E-05,1.47E-05,1.72E-05,1.79E-05,1.72E-05,1.54E-05,1.68E-05,2.52E-05,5.04E-05,0.000172422,0.000379609,0.000840234,0.002263468,0.005485731,0.012588862,0.025487551,0.041034717,0.052458916,0.065306865,0.092485413,0.123930417,0.288275778,0.188894302,0.099221706
Head 1,397,2.47E-05,1.51E-05,7.24E-06,3.66E-06,2.84E-06,2.83E-06,3.81E-06,3.57E-06,2.91E-06,2.06E-06,1.63E-06,1.61E-06,2.06E-06,2.89E-06,4.83E-06,8.12E-06,1.22E-05,1.60E-05,1.92E-05,1.97E-05,1.31E-05,7.47E-06,4.50E-06,2.29E-06,1.27E-06,5.97E-07,2.60E-07,1.12E-07,6.00E-08,5.72E-08,5.91E-08,7.56E-08,8.72E-08,8.27E-08,8.60E-08,9.85E-08,1.58E-07,2.93E-07,5.74E-07,8.07E-07,1.15E-06,1.81E-06,1.95E-06,1.68E-06,1.71E-06,1.28E-06,6.51E-07,4.73E-07,5.02E-07,4.60E-07,4.29E-07,2.48E-07,1.33E-07,8.41E-08,6.84E-08,1.08E-07,1.09E-07,1.92E-07,4.14E-07,4.42E-07,4.94E-07,4.77E-07,5.57E-07,7.37E-07,8.96E-07,1.11E-06,1.05E-06,1.17E-06,1.19E-06,9.75E-07,6.59E-07,5.17E-07,4.47E-07,5.32E-07,6.29E-07,7.27E-07,7.57E-07,4.94E-07,3.38E-07,2.82E-07,3.84E-07,5.51E-07,6.87E-07,7.44E-07,5.27E-07,4.80E-07,4.68E-07,3.11E-07,5.13E-07,8.53E-07,1.89E-06,3.21E-06,5.42E-06,1.04E-05,1.56E-05,2.29E-05,3.11E-05,4.28E-05,6.32E-05,0.000103866,0.000116508,9.53E-05,5.25E-05,2.89E-05,1.41E-05,1.37E-05,1.39E-05,1.48E-05,1.39E-05,1.31E-05,1.40E-05,1.93E-05,5.36E-05,0.000112371,0.000247653,0.000670559,0.001679012,0.00431334,0.011050249,0.023062689,0.035411976,0.044477403,0.05902376,0.081636548,0.253574938,0.23011227,0.159363896,0.094276853
Head 1,398,6.96E-06,5.50E-06,3.17E-06,2.03E-06,1.66E-06,1.99E-06,2.18E-06,2.01E-06,1.30E-06,7.22E-07,4.31E-07,3.44E-07,3.46E-07,4.56E-07,6.37E-07,8.04E-07,1.00E-06,1.40E-06,1.94E-06,1.90E-06,1.48E-06,1.32E-06,7.67E-07,5.49E-07,3.79E-07,2.44E-07,1.33E-07,6.43E-08,4.62E-08,3.78E-08,3.74E-08,4.28E-08,4.80E-08,5.36E-08,5.49E-08,6.87E-08,1.04E-07,1.99E-07,3.00E-07,4.70E-07,9.77E-07,1.07E-06,9.99E-07,1.36E-06,2.02E-06,1.18E-06,7.70E-07,6.71E-07,5.44E-07,5.60E-07,4.13E-07,2.55E-07,1.45E-07,6.43E-08,7.57E-08,5.94E-08,1.31E-07,5.72E-07,7.16E-07,7.52E-07,5.70E-07,5.37E-07,6.67E-07,4.10E-07,9.92E-07,9.49E-07,1.02E-06,1.02E-06,8.34E-07,5.23E-07,3.26E-07,1.83E-07,1.15E-07,1.20E-07,1.54E-07,4.11E-07,5.00E-07,4.81E-07,4.08E-07,4.89E-07,6.71E-07,9.60E-07,1.29E-06,1.14E-06,8.56E-07,5.92E-07,1.92E-07,2.50E-07,3.68E-07,1.38E-06,1.71E-06,2.00E-06,2.77E-06,3.46E-06,4.75E-06,6.21E-06,7.61E-06,1.02E-05,1.97E-05,3.46E-05,5.78E-05,6.04E-05,4.74E-05,1.16E-05,1.15E-05,1.10E-05,1.26E-05,1.35E-05,1.47E-05,1.45E-05,1.61E-05,8.15E-05,0.000152434,0.000294265,0.000685728,0.001340752,0.002720762,0.006446532,0.015202777,0.030874861,0.049774326,0.074354939,0.107977986,0.153203726,0.182598963,0.175304517,0.137273312,0.061273511
Head 1,399,1.71E-05,9.52E-06,4.87E-06,2.47E-06,2.19E-06,2.22E-06,2.66E-06,2.69E-06,2.14E-06,1.47E-06,1.12E-06,1.07E-06,1.50E-06,2.53E-06,4.09E-06,6.36E-06,1.02E-05,1.58E-05,1.57E-05,1.18E-05,6.90E-06,3.50E-06,1.97E-06,1.20E-06,7.83E-07,4.61E-07,2.01E-07,1.01E-07,6.12E-08,4.69E-08,4.11E-08,4.18E-08,4.84E-08,4.80E-08,5.06E-08,5.78E-08,9.03E-08,1.38E-07,2.60E-07,6.06E-07,7.78E-07,9.15E-07,1.31E-06,1.64E-06,1.09E-06,6.91E-07,5.26E-07,3.72E-07,3.78E-07,3.35E-07,2.54E-07,1.51E-07,8.16E-08,5.93E-08,3.03E-08,4.43E-08,1.30E-07,2.12E-07,2.93E-07,2.71E-07,2.63E-07,3.12E-07,3.27E-07,6.18E-07,6.08E-07,7.11E-07,8.14E-07,8.88E-07,8.30E-07,7.35E-07,5.15E-07,4.05E-07,3.46E-07,3.77E-07,5.29E-07,6.01E-07,5.16E-07,3.26E-07,2.45E-07,2.18E-07,2.60E-07,4.20E-07,5.41E-07,5.56E-07,4.13E-07,1.91E-07,2.02E-07,2.82E-07,7.23E-07,1.09E-06,1.58E-06,2.69E-06,4.37E-06,8.09E-06,1.40E-05,1.95E-05,2.29E-05,3.20E-05,5.01E-05,7.71E-05,9.01E-05,7.62E-05,2.78E-05,1.80E-05,1.19E-05,1.03E-05,1.07E-05,1.18E-05,1.16E-05,1.05E-05,1.41E-05,1.87E-05,3.26E-05,8.40E-05,0.000217366,0.000574784,0.001691462,0.004878073,0.012269864,0.023444731,0.035936452,0.044858083,0.143363222,0.179392561,0.202971756,0.209854797,0.064803459,0.07492429
Head 1,400,1.59E-05,1.03E-05,4.64E-06,2.94E-06,2.12E-06,2.26E-06,2.67E-06,2.70E-06,2.10E-06,1.44E-06,1.05E-06,1.13E-06,1.64E-06,2.59E-06,4.22E-06,7.20E-06,1.23E-05,1.44E-05,1.39E-05,9.61E-06,5.71E-06,3.28E-06,1.97E-06,1.33E-06,9.29E-07,4.86E-07,2.33E-07,1.24E-07,7.96E-08,4.78E-08,3.75E-08,4.18E-08,4.44E-08,4.68E-08,4.50E-08,5.30E-08,6.54E-08,1.17E-07,3.21E-07,4.65E-07,5.99E-07,1.05E-06,1.55E-06,1.32E-06,1.03E-06,8.12E-07,5.00E-07,4.24E-07,3.65E-07,3.24E-07,2.45E-07,1.51E-07,9.33E-08,3.28E-08,3.23E-08,7.06E-08,1.23E-07,2.09E-07,2.31E-07,2.28E-07,2.44E-07,2.23E-07,4.35E-07,4.49E-07,5.63E-07,6.57E-07,7.26E-07,7.51E-07,7.86E-07,6.49E-07,4.86E-07,3.64E-07,3.30E-07,3.76E-07,4.72E-07,5.37E-07,4.34E-07,3.22E-07,2.20E-07,1.88E-07,2.60E-07,4.04E-07,5.48E-07,4.92E-07,2.32E-07,1.99E-07,2.09E-07,4.55E-07,6.75E-07,9.74E-07,1.56E-06,2.29E-06,4.14E-06,7.89E-06,1.31E-05,1.66E-05,2.18E-05,3.13E-05,4.78E-05,7.06E-05,8.91E-05,4.09E-05,2.90E-05,1.71E-05,1.16E-05,9.98E-06,1.08E-05,1.16E-05,1.10E-05,1.24E-05,1.19E-05,1.49E-05,3.08E-05,7.43E-05,0.000196338,0.00058312,0.001742025,0.004925938,0.011904199,0.023588626,0.034592006,0.098254174,0.134666517,0.168766096,0.215393275,0.090480618,0.137201279,0.076959923
Head 1,401,1.61E-05,9.05E-06,5.23E-06,2.63E-06,2.01E-06,2.15E-06,2.53E-06,2.50E-06,1.93E-06,1.27E-06,1.04E-06,1.16E-06,1.59E-06,2.55E-06,4.54E-06,8.22E-06,1.05E-05,1.18E-05,9.85E-06,7.31E-06,4.74E-06,2.93E-06,1.90E-06,1.39E-06,8.64E-07,4.55E-07,2.49E-07,1.63E-07,7.24E-08,3.84E-08,3.35E-08,3.48E-08,3.98E-08,3.86E-08,3.86E-08,3.68E-08,5.41E-08,1.47E-07,2.37E-07,3.24E-07,7.08E-07,1.19E-06,1.20E-06,1.19E-06,1.13E-06,7.21E-07,5.29E-07,3.81E-07,3.24E-07,2.87E-07,2.25E-07,1.51E-07,4.57E-08,3.19E-08,4.41E-08,6.35E-08,1.16E-07,1.59E-07,1.87E-07,2.05E-07,1.72E-07,3.06E-07,3.07E-07,4.12E-07,5.14E-07,5.76E-07,6.19E-07,7.12E-07,7.01E-07,5.69E-07,4.20E-07,3.40E-07,3.00E-07,3.30E-07,4.20E-07,4.57E-07,4.26E-07,2.89E-07,1.90E-07,1.89E-07,2.57E-07,4.05E-07,4.81E-07,2.78E-07,2.37E-07,1.99E-07,3.18E-07,4.22E-07,6.04E-07,9.63E-07,1.33E-06,2.19E-06,4.06E-06,7.45E-06,1.11E-05,1.58E-05,2.16E-05,2.91E-05,4.30E-05,6.86E-05,4.35E-05,4.05E-05,2.67E-05,1.60E-05,1.09E-05,9.67E-06,1.03E-05,1.08E-05,1.30E-05,1.05E-05,9.75E-06,1.45E-05,2.85E-05,7.05E-05,0.000210161,0.000639464,0.001850908,0.005031707,0.012447535,0.023561222,0.061226543,0.095219523,0.128365099,0.180115253,0.086876422,0.189199641,0.138947293,0.075651065
Head 1,402,1.68E-05,1.23E-05,5.51E-06,3.00E-06,2.27E-06,2.38E-06,2.72E-06,2.70E-06,2.06E-06,1.51E-06,1.29E-06,1.36E-06,1.87E-06,3.30E-06,6.32E-06,8.72E-06,1.07E-05,1.07E-05,9.63E-06,7.70E-06,5.60E-06,3.75E-06,2.70E-06,1.86E-06,1.13E-06,6.71E-07,5.17E-07,2.13E-07,8.03E-08,4.65E-08,3.68E-08,3.97E-08,4.08E-08,3.99E-08,3.19E-08,3.56E-08,7.48E-08,1.19E-07,1.65E-07,4.57E-07,9.01E-07,9.77E-07,1.19E-06,1.46E-06,1.15E-06,8.83E-07,5.59E-07,4.03E-07,3.49E-07,3.36E-07,2.73E-07,8.99E-08,5.49E-08,4.97E-08,4.69E-08,6.80E-08,9.56E-08,1.36E-07,1.76E-07,1.52E-07,2.48E-07,2.16E-07,2.79E-07,3.66E-07,4.32E-07,4.85E-07,5.80E-07,6.24E-07,5.89E-07,4.68E-07,3.86E-07,3.06E-07,2.61E-07,2.86E-07,3.44E-07,4.16E-07,3.53E-07,2.33E-07,1.78E-07,1.69E-07,2.36E-07,3.22E-07,2.48E-07,2.67E-07,2.23E-07,2.67E-07,2.77E-07,3.48E-07,5.46E-07,7.50E-07,1.18E-06,1.98E-06,3.56E-06,5.86E-06,9.75E-06,1.50E-05,1.91E-05,2.51E-05,3.98E-05,3.25E-05,4.08E-05,3.60E-05,2.42E-05,1.50E-05,1.04E-05,9.15E-06,9.32E-06,1.25E-05,1.03E-05,8.24E-06,8.87E-06,1.22E-05,2.39E-05,6.58E-05,0.00020137,0.000588986,0.001656027,0.004624603,0.011045999,0.02823895,0.053901624,0.084693328,0.130851492,0.065198302,0.19083178,0.194958523,0.141128227,0.09148971
Head 1,403,7.18E-06,5.40E-06,3.32E-06,2.13E-06,1.76E-06,1.87E-06,2.12E-06,1.88E-06,1.26E-06,7.57E-07,4.77E-07,3.91E-07,4.87E-07,8.13E-07,1.15E-06,1.36E-06,2.09E-06,1.77E-06,1.65E-06,1.55E-06,1.32E-06,1.12E-06,9.33E-07,7.58E-07,6.25E-07,8.08E-07,4.68E-07,1.73E-07,7.12E-08,3.78E-08,3.17E-08,3.33E-08,3.72E-08,3.24E-08,3.14E-08,6.49E-08,7.66E-08,6.74E-08,2.11E-07,6.11E-07,6.23E-07,8.76E-07,1.44E-06,1.65E-06,1.78E-06,1.30E-06,8.50E-07,6.20E-07,3.92E-07,3.65E-07,1.23E-07,8.34E-08,1.07E-07,7.64E-08,8.49E-08,1.12E-07,1.88E-07,3.11E-07,1.86E-07,4.03E-07,2.56E-07,2.65E-07,3.32E-07,4.26E-07,5.32E-07,6.65E-07,6.98E-07,3.50E-07,2.84E-07,2.36E-07,2.73E-07,1.46E-07,1.07E-07,1.10E-07,1.70E-07,2.50E-07,3.00E-07,3.24E-07,3.14E-07,4.02E-07,5.35E-07,2.29E-07,3.79E-07,3.79E-07,6.53E-07,4.44E-07,4.15E-07,5.55E-07,7.16E-07,1.00E-06,1.30E-06,1.59E-06,1.87E-06,2.59E-06,3.56E-06,4.34E-06,5.03E-06,7.53E-06,2.79E-06,5.78E-06,1.00E-05,1.36E-05,1.40E-05,1.20E-05,1.02E-05,9.63E-06,2.43E-05,2.50E-05,2.36E-05,2.56E-05,2.92E-05,4.55E-05,0.000107689,0.000292098,0.000732762,0.001603837,0.003539601,0.00769523,0.012263495,0.025598148,0.044780869,0.077713475,0.103385255,0.131566837,0.17543672,0.177700892,0.154002324,0.083231486
Head 1,404,5.58E-06,4.56E-06,2.83E-06,1.77E-06,1.42E-06,1.53E-06,1.72E-06,1.62E-06,1.16E-06,6.73E-07,4.11E-07,3.79E-07,5.37E-07,7.76E-07,1.00E-06,1.73E-06,1.46E-06,1.39E-06,1.44E-06,1.47E-06,1.42E-06,1.29E-06,1.12E-06,8.43E-07,1.09E-06,8.40E-07,3.89E-07,1.53E-07,5.92E-08,3.28E-08,2.58E-08,2.70E-08,2.53E-08,2.51E-08,4.33E-08,4.29E-08,3.12E-08,8.81E-08,3.11E-07,3.34E-07,4.92E-07,8.68E-07,1.13E-06,1.57E-06,1.44E-06,1.06E-06,7.33E-07,4.32E-07,4.00E-07,1.50E-07,1.19E-07,1.62E-07,9.64E-08,7.03E-08,6.03E-08,8.30E-08,1.52E-07,1.10E-07,3.58E-07,2.36E-07,2.05E-07,2.09E-07,2.42E-07,3.19E-07,4.55E-07,5.23E-07,3.03E-07,2.59E-07,2.31E-07,3.57E-07,1.99E-07,1.15E-07,8.03E-08,9.24E-08,1.28E-07,1.88E-07,2.56E-07,2.54E-07,2.72E-07,2.85E-07,1.17E-07,2.24E-07,3.10E-07,7.55E-07,4.67E-07,3.38E-07,3.43E-07,3.96E-07,5.82E-07,8.29E-07,1.04E-06,1.15E-06,1.52E-06,2.10E-06,2.91E-06,3.41E-06,4.35E-06,1.32E-06,2.49E-06,4.59E-06,8.00E-06,1.14E-05,1.19E-05,1.01E-05,8.28E-06,1.71E-05,1.66E-05,1.76E-05,2.05E-05,2.05E-05,2.40E-05,4.30E-05,0.000101551,0.000267943,0.00064216,0.00147168,0.003122474,0.004689805,0.010790352,0.021730091,0.044477653,0.066438138,0.088743493,0.132039711,0.165972158,0.202545568,0.176513419,0.080159031
Head 1,405,5.14E-06,4.22E-06,2.57E-06,1.57E-06,1.28E-06,1.36E-06,1.60E-06,1.58E-06,1.10E-06,6.13E-07,4.20E-07,4.30E-07,5.30E-07,7.12E-07,1.37E-06,1.25E-06,1.19E-06,1.23E-06,1.41E-06,1.60E-06,1.73E-06,1.71E-06,1.19E-06,1.24E-06,1.11E-06,6.93E-07,3.39E-07,1.27E-07,5.22E-08,2.78E-08,2.22E-08,1.98E-08,2.13E-08,3.66E-08,3.37E-08,2.09E-08,4.42E-08,1.59E-07,1.84E-07,2.93E-07,5.48E-07,7.38E-07,1.17E-06,1.32E-06,1.23E-06,9.36E-07,5.27E-07,4.61E-07,1.70E-07,1.46E-07,2.28E-07,1.51E-07,9.32E-08,5.46E-08,4.99E-08,7.49E-08,5.55E-08,2.70E-07,2.38E-07,2.15E-07,1.87E-07,1.75E-07,2.10E-07,3.19E-07,4.09E-07,2.80E-07,2.62E-07,2.39E-07,4.45E-07,3.02E-07,1.76E-07,9.84E-08,7.90E-08,8.19E-08,1.15E-07,1.89E-07,2.41E-07,2.66E-07,2.32E-07,8.06E-08,1.37E-07,2.20E-07,8.21E-07,6.08E-07,4.24E-07,3.31E-07,2.94E-07,3.81E-07,5.67E-07,7.76E-07,8.81E-07,1.10E-06,1.32E-06,1.98E-06,2.59E-06,3.31E-06,8.29E-07,1.35E-06,2.22E-06,4.10E-06,7.44E-06,1.05E-05,1.09E-05,8.98E-06,1.60E-05,1.22E-05,1.27E-05,1.67E-05,1.80E-05,1.89E-05,2.56E-05,4.53E-05,0.000106814,0.000264713,0.000653434,0.001418101,0.001839886,0.004456705,0.00954509,0.022145191,0.041970026,0.055443197,0.087247066,0.119656414,0.182146341,0.241935432,0.15767169,0.07321915
Head 1,406,3.01E-05,2.38E-05,1.59E-05,1.04E-05,7.28E-06,6.67E-06,7.24E-06,7.77E-06,7.41E-06,6.51E-06,5.40E-06,3.95E-06,3.37E-06,4.26E-06,4.92E-06,6.26E-06,8.06E-06,1.03E-05,1.25E-05,1.49E-05,2.08E-05,1.88E-05,1.40E-05,9.45E-06,5.11E-06,2.62E-06,1.22E-06,5.96E-07,2.92E-07,1.70E-07,9.61E-08,7.45E-08,7.38E-08,6.02E-08,6.39E-08,1.00E-07,1.27E-07,1.35E-07,2.31E-07,5.38E-07,9.76E-07,1.72E-06,1.79E-06,1.48E-06,1.06E-06,9.03E-07,8.86E-07,5.16E-07,4.55E-07,4.41E-07,4.11E-07,3.77E-07,2.96E-07,2.41E-07,2.22E-07,1.64E-07,3.31E-07,4.23E-07,6.74E-07,9.72E-07,1.07E-06,1.02E-06,1.11E-06,1.13E-06,1.37E-06,1.62E-06,1.57E-06,1.05E-06,7.05E-07,4.71E-07,3.45E-07,3.26E-07,3.29E-07,3.61E-07,4.15E-07,2.80E-07,2.71E-07,2.00E-07,1.55E-07,1.90E-07,2.33E-07,2.89E-07,4.20E-07,5.92E-07,8.09E-07,8.09E-07,8.04E-07,8.31E-07,9.26E-07,1.10E-06,1.61E-06,2.50E-06,3.50E-06,4.43E-06,5.99E-06,4.03E-06,6.55E-06,9.92E-06,1.44E-05,1.81E-05,1.82E-05,1.59E-05,1.27E-05,1.72E-05,1.22E-05,9.66E-06,1.02E-05,1.10E-05,1.24E-05,1.49E-05,1.79E-05,2.35E-05,3.61E-05,7.65E-05,0.000209577,0.000530326,0.001458996,0.003755231,0.010271451,0.018125931,0.039356422,0.078735828,0.135730997,0.248141259,0.099264152,0.099753954,0.085745014,0.178254783
Head 1,407,2.73E-05,2.08E-05,1.39E-05,8.80E-06,6.89E-06,6.57E-06,6.85E-06,7.28E-06,7.49E-06,6.85E-06,4.84E-06,3.51E-06,3.47E-06,3.44E-06,4.21E-06,5.85E-06,8.51E-06,1.16E-05,1.41E-05,1.98E-05,2.06E-05,1.62E-05,1.21E-05,7.63E-06,4.52E-06,2.26E-06,1.10E-06,4.94E-07,2.48E-07,1.17E-07,7.54E-08,6.77E-08,4.94E-08,4.94E-08,7.55E-08,8.87E-08,7.88E-08,1.10E-07,2.32E-07,4.31E-07,9.34E-07,1.32E-06,1.41E-06,1.16E-06,9.54E-07,8.83E-07,5.71E-07,4.85E-07,4.42E-07,4.13E-07,3.87E-07,3.15E-07,2.46E-07,1.95E-07,1.36E-07,2.06E-07,2.22E-07,3.45E-07,5.56E-07,7.30E-07,7.76E-07,8.60E-07,8.33E-07,8.50E-07,1.09E-06,1.29E-06,1.10E-06,8.15E-07,5.49E-07,3.60E-07,2.87E-07,2.48E-07,2.53E-07,2.96E-07,2.23E-07,2.29E-07,1.72E-07,1.14E-07,1.26E-07,1.40E-07,1.50E-07,1.94E-07,2.81E-07,4.41E-07,5.27E-07,5.85E-07,6.05E-07,6.04E-07,6.21E-07,8.33E-07,1.30E-06,1.93E-06,2.58E-06,3.50E-06,2.13E-06,3.15E-06,4.65E-06,7.20E-06,1.06E-05,1.29E-05,1.34E-05,1.18E-05,1.72E-05,1.18E-05,8.36E-06,7.55E-06,7.40E-06,8.19E-06,1.03E-05,1.27E-05,1.56E-05,1.97E-05,3.09E-05,6.30E-05,0.000141409,0.000386344,0.001079743,0.003404842,0.00836784,0.015980057,0.033706713,0.064053893,0.139220357,0.076197006,0.088717468,0.088348374,0.284261584,0.19556053
Head 1,408,2.05E-05,1.55E-05,9.97E-06,7.03E-06,5.68E-06,5.12E-06,5.27E-06,5.95E-06,6.32E-06,4.94E-06,3.52E-06,2.78E-06,2.28E-06,2.40E-06,3.23E-06,5.05E-06,7.83E-06,1.03E-05,1.42E-05,1.63E-05,1.43E-05,1.16E-05,8.28E-06,5.77E-06,3.28E-06,1.73E-06,7.74E-07,3.59E-07,1.49E-07,7.99E-08,6.11E-08,3.77E-08,3.35E-08,5.08E-08,5.91E-08,4.75E-08,5.56E-08,9.75E-08,1.59E-07,3.60E-07,6.32E-07,8.96E-07,9.45E-07,8.42E-07,7.80E-07,5.62E-07,4.53E-07,3.88E-07,3.49E-07,3.29E-07,2.81E-07,2.30E-07,1.75E-07,1.26E-07,1.43E-07,1.22E-07,1.60E-07,2.52E-07,3.71E-07,4.67E-07,5.82E-07,5.80E-07,4.90E-07,6.08E-07,7.84E-07,8.46E-07,7.18E-07,5.46E-07,3.65E-07,2.63E-07,1.95E-07,1.75E-07,1.93E-07,1.58E-07,1.74E-07,1.40E-07,8.74E-08,9.02E-08,9.23E-08,8.78E-08,9.48E-08,1.25E-07,2.00E-07,2.75E-07,3.62E-07,4.16E-07,4.09E-07,3.71E-07,4.27E-07,6.04E-07,8.88E-07,1.26E-06,1.81E-06,1.08E-06,1.49E-06,2.06E-06,3.14E-06,5.04E-06,7.18E-06,8.99E-06,9.27E-06,1.50E-05,1.10E-05,7.52E-06,5.96E-06,5.03E-06,5.02E-06,6.18E-06,7.92E-06,9.90E-06,1.16E-05,1.47E-05,2.20E-05,3.88E-05,9.20E-05,0.000250291,0.000863865,0.002759794,0.005193289,0.01173782,0.023670683,0.056547437,0.043408506,0.05671991,0.065467022,0.31336531,0.260913074,0.158587828
Head 1,409,1.25E-05,9.14E-06,6.53E-06,4.77E-06,3.64E-06,3.28E-06,3.64E-06,4.30E-06,3.95E-06,3.12E-06,2.17E-06,1.55E-06,1.34E-06,1.58E-06,2.38E-06,3.95E-06,5.79E-06,8.02E-06,9.70E-06,9.95E-06,8.51E-06,6.61E-06,5.27E-06,3.45E-06,2.08E-06,1.01E-06,4.70E-07,1.83E-07,8.56E-08,5.50E-08,2.78E-08,2.00E-08,2.91E-08,3.43E-08,2.65E-08,2.80E-08,4.18E-08,5.55E-08,1.13E-07,2.10E-07,3.66E-07,5.14E-07,5.52E-07,5.76E-07,4.82E-07,3.83E-07,3.21E-07,2.65E-07,2.40E-07,2.06E-07,1.78E-07,1.42E-07,1.17E-07,1.07E-07,7.36E-08,7.56E-08,1.00E-07,1.45E-07,2.07E-07,3.04E-07,3.43E-07,2.57E-07,2.95E-07,3.79E-07,4.88E-07,4.63E-07,4.17E-07,3.16E-07,2.32E-07,1.58E-07,1.22E-07,1.19E-07,9.46E-08,1.07E-07,9.27E-08,5.80E-08,5.85E-08,5.69E-08,5.15E-08,4.73E-08,5.22E-08,7.62E-08,1.08E-07,1.65E-07,2.26E-07,2.47E-07,2.19E-07,2.24E-07,2.69E-07,3.64E-07,5.18E-07,7.92E-07,4.86E-07,6.64E-07,8.74E-07,1.24E-06,1.98E-06,3.04E-06,4.46E-06,5.47E-06,1.03E-05,8.65E-06,6.37E-06,4.83E-06,3.58E-06,3.09E-06,3.45E-06,4.38E-06,5.68E-06,6.88E-06,8.05E-06,9.65E-06,1.28E-05,2.43E-05,5.73E-05,0.000195924,0.000714765,0.001471778,0.003753326,0.008179919,0.020818656,0.022570014,0.031778708,0.041305702,0.252347499,0.282991856,0.210617676,0.122924216
Head 1,410,6.30E-06,5.36E-06,4.25E-06,3.11E-06,2.44E-06,2.33E-06,2.59E-06,2.48E-06,2.15E-06,1.55E-06,1.00E-06,6.89E-07,6.09E-07,7.44E-07,1.18E-06,1.90E-06,2.87E-06,3.66E-06,4.39E-06,4.07E-06,3.50E-06,3.38E-06,2.78E-06,2.13E-06,1.22E-06,6.11E-07,2.33E-07,1.01E-07,5.56E-08,2.30E-08,1.28E-08,1.62E-08,1.83E-08,1.34E-08,1.36E-08,1.86E-08,1.90E-08,3.04E-08,4.76E-08,8.86E-08,1.61E-07,2.22E-07,3.08E-07,2.93E-07,2.49E-07,2.29E-07,1.76E-07,1.52E-07,1.20E-07,1.01E-07,8.47E-08,7.15E-08,6.95E-08,4.54E-08,3.94E-08,4.23E-08,5.07E-08,6.95E-08,1.16E-07,1.54E-07,1.05E-07,1.11E-07,1.29E-07,2.10E-07,2.09E-07,2.20E-07,1.97E-07,1.55E-07,9.39E-08,5.84E-08,4.43E-08,2.95E-08,3.25E-08,2.88E-08,1.57E-08,1.68E-08,1.68E-08,2.17E-08,2.02E-08,2.01E-08,2.54E-08,3.29E-08,5.20E-08,8.31E-08,1.09E-07,1.06E-07,1.03E-07,9.51E-08,1.06E-07,1.32E-07,1.98E-07,1.03E-07,1.42E-07,1.70E-07,2.04E-07,2.95E-07,4.57E-07,7.86E-07,1.25E-06,4.22E-06,4.27E-06,3.80E-06,3.22E-06,2.35E-06,1.85E-06,1.79E-06,2.11E-06,2.75E-06,3.66E-06,4.65E-06,5.28E-06,3.92E-06,5.89E-06,1.09E-05,3.24E-05,0.000140864,0.000266067,0.000796525,0.001948127,0.005462078,0.010523855,0.017174838,0.027187791,0.14074637,0.230892256,0.243194699,0.172879279,0.148617432
Head 1,411,5.60E-06,5.01E-06,3.83E-06,2.82E-06,2.44E-06,2.54E-06,2.47E-06,2.33E-06,1.77E-06,1.25E-06,8.56E-07,6.57E-07,6.56E-07,8.66E-07,1.34E-06,2.10E-06,2.70E-06,3.70E-06,3.68E-06,3.12E-06,2.97E-06,2.58E-06,2.29E-06,1.61E-06,9.56E-07,4.06E-07,1.82E-07,9.58E-08,3.66E-08,1.63E-08,1.73E-08,1.75E-08,1.17E-08,1.19E-08,1.64E-08,1.55E-08,2.08E-08,2.51E-08,3.94E-08,7.22E-08,1.18E-07,2.14E-07,2.67E-07,2.71E-07,2.86E-07,2.10E-07,1.67E-07,1.20E-07,9.86E-08,8.61E-08,8.69E-08,8.02E-08,5.15E-08,3.98E-08,3.51E-08,3.38E-08,3.99E-08,6.51E-08,9.69E-08,7.27E-08,8.22E-08,9.49E-08,1.65E-07,1.55E-07,1.69E-07,1.80E-07,1.81E-07,1.33E-07,8.69E-08,5.86E-08,3.09E-08,2.92E-08,2.39E-08,1.31E-08,1.40E-08,1.37E-08,1.79E-08,1.62E-08,1.45E-08,1.58E-08,1.75E-08,2.55E-08,4.16E-08,6.21E-08,7.31E-08,8.11E-08,7.42E-08,7.44E-08,8.04E-08,1.10E-07,5.81E-08,8.97E-08,1.15E-07,1.36E-07,1.75E-07,2.33E-07,3.68E-07,5.99E-07,2.34E-06,2.80E-06,3.02E-06,2.98E-06,2.33E-06,1.80E-06,1.56E-06,1.61E-06,1.88E-06,2.40E-06,3.18E-06,3.81E-06,2.45E-06,3.18E-06,4.64E-06,1.08E-05,3.91E-05,7.25E-05,0.000241211,0.000677005,0.002100768,0.005412622,0.009011002,0.014946606,0.064493485,0.137783274,0.208129078,0.206613749,0.209328696,0.141032547
Head 1,412,5.88E-06,5.07E-06,3.84E-06,3.15E-06,2.97E-06,2.67E-06,2.44E-06,1.89E-06,1.49E-06,1.12E-06,8.38E-07,7.34E-07,7.88E-07,1.06E-06,1.67E-06,2.14E-06,3.12E-06,3.55E-06,3.19E-06,2.99E-06,2.58E-06,2.43E-06,1.99E-06,1.44E-06,7.17E-07,3.58E-07,1.89E-07,7.37E-08,2.95E-08,2.56E-08,2.21E-08,1.24E-08,1.18E-08,1.62E-08,1.56E-08,1.96E-08,1.93E-08,2.40E-08,3.72E-08,6.23E-08,1.34E-07,2.12E-07,2.80E-07,3.76E-07,2.87E-07,2.16E-07,1.40E-07,1.08E-07,9.51E-08,1.10E-07,1.03E-07,6.97E-08,5.30E-08,4.24E-08,3.41E-08,3.23E-08,4.52E-08,6.53E-08,5.50E-08,7.03E-08,8.79E-08,1.72E-07,1.52E-07,1.52E-07,1.64E-07,1.97E-07,1.83E-07,1.45E-07,1.02E-07,4.67E-08,3.74E-08,2.68E-08,1.44E-08,1.56E-08,1.54E-08,2.06E-08,1.87E-08,1.59E-08,1.57E-08,1.53E-08,1.92E-08,2.86E-08,4.31E-08,5.78E-08,7.69E-08,7.79E-08,7.84E-08,7.43E-08,8.57E-08,4.20E-08,6.73E-08,9.47E-08,1.20E-07,1.52E-07,1.80E-07,2.48E-07,3.77E-07,1.50E-06,2.00E-06,2.58E-06,3.04E-06,2.72E-06,2.23E-06,1.87E-06,1.75E-06,1.76E-06,1.97E-06,2.48E-06,3.06E-06,1.96E-06,2.42E-06,3.01E-06,5.38E-06,1.43E-05,2.31E-05,7.47E-05,0.000229595,0.000817393,0.002786788,0.004907467,0.00823792,0.028828045,0.068986423,0.134671852,0.185948774,0.242832676,0.20229274,0.11924196
Head 1,413,5.32E-06,4.46E-06,3.73E-06,3.34E-06,2.74E-06,2.31E-06,1.66E-06,1.39E-06,1.17E-06,9.37E-07,8.10E-07,7.62E-07,8.47E-07,1.22E-06,1.48E-06,2.05E-06,2.63E-06,2.69E-06,2.64E-06,2.26E-06,2.09E-06,1.79E-06,1.48E-06,8.75E-07,5.17E-07,2.95E-07,1.23E-07,5.00E-08,3.62E-08,2.76E-08,1.29E-08,1.06E-08,1.37E-08,1.33E-08,1.68E-08,1.53E-08,1.60E-08,1.98E-08,2.95E-08,6.34E-08,1.14E-07,1.94E-07,3.64E-07,3.33E-07,2.61E-07,1.58E-07,1.08E-07,8.94E-08,1.03E-07,1.05E-07,7.62E-08,6.06E-08,4.73E-08,3.43E-08,2.69E-08,3.07E-08,3.84E-08,3.28E-08,4.54E-08,6.26E-08,1.49E-07,1.37E-07,1.29E-07,1.29E-07,1.60E-07,1.75E-07,1.73E-07,1.48E-07,6.95E-08,5.03E-08,3.04E-08,1.48E-08,1.48E-08,1.45E-08,2.06E-08,1.94E-08,1.62E-08,1.50E-08,1.32E-08,1.44E-08,1.88E-08,2.59E-08,3.52E-08,5.28E-08,6.17E-08,7.07E-08,6.74E-08,6.92E-08,2.83E-08,4.26E-08,6.13E-08,8.46E-08,1.15E-07,1.34E-07,1.67E-07,2.26E-07,8.36E-07,1.14E-06,1.66E-06,2.36E-06,2.54E-06,2.37E-06,2.08E-06,1.89E-06,1.72E-06,1.69E-06,1.91E-06,2.26E-06,1.45E-06,1.81E-06,2.14E-06,3.26E-06,7.07E-06,8.68E-06,2.38E-05,7.15E-05,0.000282624,0.001283393,0.002658327,0.004774749,0.013319141,0.032053772,0.069900058,0.123026744,0.219766885,0.246223554,0.182181284,0.104330376
Head 1,414,7.22E-06,6.62E-06,6.04E-06,4.69E-06,3.60E-06,2.28E-06,1.87E-06,1.70E-06,1.49E-06,1.38E-06,1.26E-06,1.19E-06,1.49E-06,1.68E-06,2.00E-06,2.70E-06,3.23E-06,3.65E-06,3.38E-06,3.13E-06,2.66E-06,2.37E-06,1.61E-06,1.14E-06,7.34E-07,3.46E-07,1.63E-07,1.08E-07,7.29E-08,2.91E-08,1.91E-08,2.03E-08,1.77E-08,2.17E-08,1.96E-08,1.88E-08,1.91E-08,2.38E-08,4.35E-08,7.29E-08,1.46E-07,3.74E-07,4.69E-07,4.49E-07,2.85E-07,1.81E-07,1.39E-07,1.47E-07,1.58E-07,1.22E-07,1.06E-07,8.67E-08,6.15E-08,4.21E-08,3.87E-08,3.76E-08,2.91E-08,3.84E-08,5.46E-08,1.47E-07,1.54E-07,1.45E-07,1.33E-07,1.51E-07,1.68E-07,1.94E-07,2.11E-07,1.20E-07,8.97E-08,4.90E-08,2.21E-08,1.91E-08,1.76E-08,2.51E-08,2.41E-08,2.05E-08,1.86E-08,1.55E-08,1.51E-08,1.73E-08,2.06E-08,2.52E-08,3.82E-08,5.02E-08,6.92E-08,7.54E-08,7.72E-08,2.70E-08,3.54E-08,4.69E-08,6.60E-08,9.68E-08,1.22E-07,1.49E-07,1.83E-07,5.81E-07,7.50E-07,1.12E-06,1.80E-06,2.33E-06,2.58E-06,2.57E-06,2.46E-06,2.22E-06,1.99E-06,1.96E-06,2.04E-06,1.28E-06,1.63E-06,1.91E-06,2.70E-06,5.00E-06,4.52E-06,9.20E-06,2.25E-05,8.62E-05,0.00046398,0.001200417,0.002531085,0.006503392,0.015450439,0.033855852,0.066646002,0.142745435,0.217020899,0.22261475,0.161630347,0.129104152
Head 1,415,8.34E-06,8.22E-06,6.38E-06,4.68E-06,2.51E-06,1.94E-06,1.78E-06,1.65E-06,1.64E-06,1.59E-06,1.40E-06,1.52E-06,1.58E-06,1.61E-06,1.96E-06,2.49E-06,3.24E-06,3.46E-06,3.42E-06,2.85E-06,2.50E-06,1.77E-06,1.43E-06,1.07E-06,5.80E-07,3.33E-07,2.25E-07,1.42E-07,5.45E-08,3.06E-08,2.68E-08,1.98E-08,2.22E-08,2.00E-08,1.93E-08,1.83E-08,1.99E-08,2.95E-08,4.07E-08,7.85E-08,2.32E-07,3.94E-07,5.10E-07,3.95E-07,2.56E-07,1.79E-07,1.58E-07,1.72E-07,1.36E-07,1.29E-07,1.16E-07,8.65E-08,5.77E-08,4.73E-08,3.86E-08,2.57E-08,3.00E-08,4.07E-08,1.11E-07,1.37E-07,1.47E-07,1.39E-07,1.47E-07,1.51E-07,1.74E-07,2.21E-07,1.59E-07,1.43E-07,8.17E-08,3.57E-08,2.58E-08,2.04E-08,2.69E-08,2.69E-08,2.41E-08,2.23E-08,1.84E-08,1.66E-08,1.73E-08,1.82E-08,1.92E-08,2.64E-08,3.41E-08,5.22E-08,6.77E-08,7.94E-08,2.67E-08,3.13E-08,3.65E-08,4.76E-08,7.06E-08,9.75E-08,1.27E-07,1.56E-07,4.45E-07,5.14E-07,7.07E-07,1.16E-06,1.72E-06,2.27E-06,2.66E-06,2.84E-06,2.68E-06,2.37E-06,2.13E-06,1.95E-06,1.07E-06,1.35E-06,1.60E-06,2.24E-06,4.25E-06,3.10E-06,4.88E-06,9.19E-06,2.94E-05,0.00015235,0.000468332,0.001222403,0.00310075,0.007773798,0.016425299,0.031642776,0.075356051,0.142061681,0.200035706,0.197869465,0.199664637,0.124071874
Head 1,416,1.06E-05,8.76E-06,6.50E-06,3.05E-06,2.20E-06,1.93E-06,1.81E-06,1.85E-06,1.92E-06,1.70E-06,1.65E-06,1.66E-06,1.57E-06,1.60E-06,1.87E-06,2.56E-06,3.18E-06,3.61E-06,3.19E-06,2.77E-06,1.91E-06,1.61E-06,1.34E-06,8.44E-07,6.02E-07,4.66E-07,2.89E-07,1.14E-07,5.91E-08,4.41E-08,2.72E-08,2.58E-08,2.16E-08,2.06E-08,1.95E-08,2.02E-08,2.57E-08,2.80E-08,4.54E-08,1.24E-07,2.49E-07,4.39E-07,4.68E-07,3.66E-07,2.60E-07,1.92E-07,1.97E-07,1.48E-07,1.48E-07,1.45E-07,1.19E-07,8.32E-08,6.58E-08,4.88E-08,2.84E-08,2.78E-08,3.34E-08,8.12E-08,1.08E-07,1.35E-07,1.46E-07,1.59E-07,1.53E-07,1.61E-07,2.06E-07,1.70E-07,1.95E-07,1.35E-07,6.52E-08,4.32E-08,2.86E-08,3.09E-08,2.98E-08,2.76E-08,2.69E-08,2.31E-08,2.02E-08,1.98E-08,1.90E-08,1.74E-08,2.09E-08,2.45E-08,3.66E-08,5.27E-08,7.34E-08,2.78E-08,3.17E-08,3.37E-08,3.87E-08,5.30E-08,7.44E-08,1.04E-07,1.39E-07,3.94E-07,4.18E-07,5.01E-07,7.45E-07,1.13E-06,1.70E-06,2.38E-06,3.00E-06,3.15E-06,2.91E-06,2.55E-06,2.13E-06,9.85E-07,1.18E-06,1.37E-06,1.90E-06,3.80E-06,2.54E-06,3.40E-06,5.03E-06,1.23E-05,5.08E-05,0.000157318,0.000482895,0.00130916,0.003812902,0.008344027,0.015338145,0.035778496,0.073728256,0.130011737,0.175026432,0.245524138,0.189437926,0.120866887
Head 1,417,7.88E-06,6.28E-06,2.73E-06,1.80E-06,1.46E-06,1.34E-06,1.36E-06,1.47E-06,1.34E-06,1.21E-06,1.21E-06,1.21E-06,1.06E-06,1.05E-06,1.33E-06,1.74E-06,2.27E-06,2.28E-06,2.11E-06,1.45E-06,1.19E-06,1.01E-06,6.86E-07,5.76E-07,5.53E-07,3.62E-07,1.53E-07,7.79E-08,5.22E-08,2.79E-08,2.21E-08,1.64E-08,1.46E-08,1.39E-08,1.43E-08,1.72E-08,1.62E-08,2.18E-08,4.91E-08,9.61E-08,2.01E-07,2.90E-07,3.12E-07,2.63E-07,1.78E-07,1.75E-07,1.16E-07,1.11E-07,1.13E-07,1.01E-07,7.87E-08,6.47E-08,4.66E-08,2.49E-08,2.03E-08,2.12E-08,4.46E-08,5.80E-08,7.98E-08,1.02E-07,1.26E-07,1.26E-07,1.25E-07,1.49E-07,1.21E-07,1.63E-07,1.43E-07,8.42E-08,6.03E-08,3.65E-08,3.13E-08,2.67E-08,2.35E-08,2.37E-08,2.18E-08,1.98E-08,1.93E-08,1.74E-08,1.42E-08,1.49E-08,1.56E-08,2.09E-08,2.99E-08,4.60E-08,2.11E-08,2.51E-08,2.62E-08,2.74E-08,3.35E-08,4.39E-08,6.22E-08,8.97E-08,2.86E-07,3.11E-07,3.44E-07,4.42E-07,6.09E-07,9.31E-07,1.48E-06,2.26E-06,2.79E-06,2.89E-06,2.63E-06,2.10E-06,7.91E-07,8.76E-07,9.69E-07,1.31E-06,2.80E-06,1.81E-06,2.30E-06,2.97E-06,5.77E-06,1.88E-05,4.97E-05,0.000155621,0.000433852,0.001531455,0.003902582,0.007540533,0.017914806,0.036829863,0.069948822,0.115866907,0.22520569,0.236246318,0.186102912,0.098163739
Head 1,418,2.56E-05,8.81E-06,3.89E-06,2.12E-06,1.57E-06,1.62E-06,1.97E-06,2.02E-06,1.78E-06,1.85E-06,2.33E-06,2.65E-06,3.54E-06,5.63E-06,7.81E-06,1.03E-05,1.14E-05,1.22E-05,9.64E-06,7.38E-06,4.90E-06,2.41E-06,1.51E-06,1.43E-06,1.22E-06,5.56E-07,2.30E-07,1.06E-07,3.86E-08,2.55E-08,2.06E-08,2.19E-08,2.46E-08,2.15E-08,2.61E-08,2.72E-08,4.63E-08,1.70E-07,3.20E-07,5.73E-07,7.26E-07,9.04E-07,1.10E-06,9.17E-07,1.07E-06,6.17E-07,4.16E-07,3.14E-07,2.63E-07,2.28E-07,1.96E-07,1.13E-07,4.91E-08,2.63E-08,2.07E-08,3.61E-08,5.08E-08,7.53E-08,8.88E-08,9.81E-08,9.61E-08,1.06E-07,1.51E-07,1.88E-07,2.69E-07,2.88E-07,2.70E-07,3.01E-07,3.12E-07,3.60E-07,2.95E-07,2.00E-07,1.62E-07,1.50E-07,1.66E-07,1.81E-07,1.49E-07,8.79E-08,6.04E-08,4.16E-08,5.01E-08,6.84E-08,9.10E-08,3.86E-08,3.82E-08,3.39E-08,3.51E-08,4.93E-08,7.99E-08,1.37E-07,2.33E-07,9.08E-07,1.60E-06,2.81E-06,4.45E-06,5.45E-06,6.31E-06,8.21E-06,1.32E-05,2.04E-05,2.62E-05,2.34E-05,1.42E-05,5.24E-06,4.03E-06,3.67E-06,4.43E-06,7.23E-06,4.57E-06,4.52E-06,4.68E-06,7.97E-06,3.33E-05,8.59E-05,0.000239159,0.000421744,0.001447724,0.00414156,0.009420908,0.026913907,0.047318317,0.064166546,0.078396834,0.132978886,0.168682545,0.178671584,0.117159955,0.169597775
Head 1,419,1.12E-05,5.64E-06,2.77E-06,1.57E-06,1.23E-06,1.36E-06,1.57E-06,1.53E-06,1.48E-06,1.86E-06,1.70E-06,1.78E-06,2.56E-06,3.79E-06,5.67E-06,6.91E-06,7.95E-06,7.22E-06,6.79E-06,5.58E-06,3.02E-06,1.84E-06,1.75E-06,1.36E-06,7.63E-07,4.33E-07,2.32E-07,7.65E-08,3.48E-08,1.83E-08,1.49E-08,1.62E-08,1.54E-08,1.98E-08,1.58E-08,2.14E-08,6.52E-08,1.24E-07,2.47E-07,3.49E-07,4.81E-07,6.70E-07,5.89E-07,8.97E-07,6.49E-07,4.72E-07,3.18E-07,2.21E-07,1.83E-07,1.86E-07,1.46E-07,7.65E-08,3.77E-08,2.14E-08,2.22E-08,2.42E-08,3.68E-08,5.43E-08,7.27E-08,7.33E-08,7.23E-08,9.05E-08,1.03E-07,1.64E-07,1.94E-07,1.98E-07,2.39E-07,2.43E-07,2.91E-07,2.92E-07,2.16E-07,1.61E-07,1.24E-07,1.25E-07,1.49E-07,1.56E-07,1.12E-07,7.44E-08,4.09E-08,3.55E-08,4.10E-08,5.91E-08,3.23E-08,3.74E-08,3.29E-08,2.81E-08,3.06E-08,4.10E-08,6.54E-08,1.11E-07,4.10E-07,6.58E-07,1.20E-06,2.23E-06,3.32E-06,4.25E-06,5.24E-06,7.60E-06,1.15E-05,1.80E-05,2.28E-05,1.89E-05,6.93E-06,4.69E-06,3.38E-06,3.38E-06,5.36E-06,3.77E-06,4.04E-06,3.80E-06,4.75E-06,1.29E-05,2.68E-05,6.99E-05,0.000109964,0.000398634,0.001267909,0.00326822,0.010090393,0.023033997,0.037650563,0.04967152,0.085337177,0.113330863,0.145344839,0.132848084,0.259399652,0.13790299
Head 1,420,6.88E-06,3.80E-06,1.96E-06,1.20E-06,1.02E-06,1.13E-06,1.26E-06,1.24E-06,1.64E-06,1.36E-06,1.09E-06,1.20E-06,1.61E-06,2.51E-06,3.46E-06,4.40E-06,4.40E-06,4.79E-06,4.80E-06,3.29E-06,2.19E-06,2.12E-06,1.39E-06,7.84E-07,5.63E-07,4.00E-07,1.60E-07,6.48E-08,2.34E-08,1.26E-08,1.06E-08,9.89E-09,1.39E-08,1.00E-08,1.19E-08,2.74E-08,4.50E-08,8.94E-08,1.39E-07,2.17E-07,3.42E-07,3.10E-07,5.79E-07,5.25E-07,4.70E-07,3.36E-07,2.06E-07,1.43E-07,1.39E-07,1.30E-07,9.30E-08,5.38E-08,2.87E-08,2.04E-08,1.46E-08,1.72E-08,2.61E-08,4.33E-08,5.32E-08,5.50E-08,6.19E-08,5.64E-08,9.03E-08,1.18E-07,1.31E-07,1.90E-07,1.97E-07,2.13E-07,2.38E-07,2.09E-07,1.68E-07,1.20E-07,1.03E-07,1.13E-07,1.31E-07,1.22E-07,9.80E-08,5.59E-08,3.76E-08,3.14E-08,3.81E-08,2.51E-08,3.42E-08,3.48E-08,2.95E-08,2.67E-08,2.74E-08,3.58E-08,5.65E-08,2.08E-07,2.97E-07,5.12E-07,9.88E-07,1.70E-06,2.60E-06,3.52E-06,4.94E-06,6.78E-06,1.05E-05,1.64E-05,1.94E-05,8.84E-06,6.45E-06,4.14E-06,3.23E-06,4.07E-06,2.95E-06,3.49E-06,3.55E-06,3.97E-06,7.10E-06,1.06E-05,2.22E-05,3.10E-05,0.000105111,0.000355903,0.001026319,0.003224706,0.009138854,0.018827796,0.029876363,0.055254806,0.074371092,0.100593776,0.110819101,0.291611046,0.202234715,0.102313332
Head 1,421,5.47E-06,3.15E-06,1.78E-06,1.19E-06,1.08E-06,1.24E-06,1.28E-06,1.74E-06,1.55E-06,1.09E-06,9.13E-07,9.66E-07,1.34E-06,1.92E-06,2.68E-06,2.90E-06,3.43E-06,3.90E-06,3.48E-06,2.78E-06,2.89E-06,1.76E-06,8.87E-07,6.71E-07,5.96E-07,3.31E-07,1.58E-07,5.07E-08,1.90E-08,1.07E-08,8.22E-09,1.13E-08,7.88E-09,9.35E-09,1.78E-08,2.38E-08,4.08E-08,6.20E-08,1.04E-07,1.82E-07,1.67E-07,3.73E-07,4.01E-07,4.58E-07,4.05E-07,2.59E-07,1.57E-07,1.28E-07,1.13E-07,1.02E-07,7.46E-08,4.65E-08,3.02E-08,1.56E-08,1.21E-08,1.44E-08,2.45E-08,3.68E-08,4.59E-08,5.32E-08,4.01E-08,5.72E-08,7.45E-08,8.38E-08,1.51E-07,1.76E-07,1.81E-07,2.00E-07,2.02E-07,1.90E-07,1.44E-07,1.10E-07,1.01E-07,1.08E-07,1.13E-07,1.16E-07,8.51E-08,5.58E-08,3.57E-08,3.15E-08,2.04E-08,2.85E-08,3.40E-08,3.35E-08,3.00E-08,2.54E-08,2.59E-08,3.44E-08,1.25E-07,1.65E-07,2.60E-07,4.75E-07,8.41E-07,1.47E-06,2.34E-06,3.51E-06,4.58E-06,6.38E-06,1.01E-05,1.49E-05,9.14E-06,8.51E-06,5.94E-06,4.08E-06,4.05E-06,2.51E-06,2.92E-06,3.30E-06,3.95E-06,5.99E-06,6.60E-06,1.02E-05,1.25E-05,3.32E-05,0.000104846,0.00031694,0.000973132,0.003158869,0.007970375,0.015911838,0.034366738,0.049589675,0.067714952,0.078206353,0.251935869,0.242458299,0.158326417,0.088750444
Head 1,422,4.60E-06,2.96E-06,1.82E-06,1.30E-06,1.33E-06,1.31E-06,1.67E-06,1.69E-06,1.27E-06,9.26E-07,7.60E-07,8.35E-07,1.07E-06,1.54E-06,1.80E-06,2.30E-06,2.81E-06,3.04E-06,3.05E-06,3.59E-06,2.41E-06,1.12E-06,7.73E-07,7.20E-07,5.13E-07,3.32E-07,1.25E-07,4.16E-08,1.65E-08,9.14E-09,9.87E-09,6.28E-09,7.76E-09,1.44E-08,1.69E-08,2.41E-08,3.24E-08,5.33E-08,9.78E-08,9.11E-08,2.43E-07,2.88E-07,3.98E-07,4.53E-07,3.54E-07,2.20E-07,1.56E-07,1.14E-07,1.08E-07,9.07E-08,7.00E-08,5.27E-08,2.55E-08,1.42E-08,1.14E-08,1.56E-08,2.45E-08,3.77E-08,5.27E-08,3.96E-08,4.98E-08,5.80E-08,6.00E-08,1.23E-07,1.72E-07,1.88E-07,1.95E-07,2.09E-07,2.25E-07,1.97E-07,1.56E-07,1.27E-07,1.13E-07,1.10E-07,1.28E-07,1.27E-07,1.02E-07,6.36E-08,4.35E-08,2.45E-08,2.93E-08,3.61E-08,4.22E-08,4.35E-08,3.61E-08,3.06E-08,3.21E-08,9.95E-08,1.21E-07,1.79E-07,3.03E-07,5.11E-07,9.23E-07,1.66E-06,2.85E-06,3.95E-06,5.14E-06,7.40E-06,1.10E-05,8.89E-06,1.08E-05,9.60E-06,6.99E-06,6.24E-06,3.07E-06,2.95E-06,3.27E-06,4.24E-06,6.46E-06,6.15E-06,7.15E-06,8.41E-06,1.54E-05,3.83E-05,0.000107454,0.000331309,0.001143567,0.003334322,0.008162766,0.021435754,0.036023587,0.052018382,0.059569865,0.181671113,0.225859836,0.200365216,0.142405704,0.067347452
Head 1,423,4.64E-06,3.22E-06,2.04E-06,1.69E-06,1.47E-06,1.58E-06,1.72E-06,1.53E-06,1.19E-06,8.53E-07,7.23E-07,7.34E-07,9.63E-07,1.16E-06,1.58E-06,2.07E-06,2.44E-06,2.98E-06,4.07E-06,3.42E-06,1.71E-06,1.07E-06,9.08E-07,6.82E-07,5.64E-07,2.98E-07,1.16E-07,3.99E-08,1.63E-08,1.19E-08,5.87E-09,6.71E-09,1.24E-08,1.42E-08,1.76E-08,1.97E-08,2.84E-08,5.03E-08,4.58E-08,1.48E-07,1.86E-07,2.86E-07,3.97E-07,4.09E-07,3.15E-07,2.34E-07,1.49E-07,1.28E-07,1.06E-07,9.18E-08,8.46E-08,4.89E-08,2.45E-08,1.36E-08,1.23E-08,1.52E-08,2.42E-08,4.15E-08,3.76E-08,4.57E-08,4.62E-08,3.95E-08,8.05E-08,1.29E-07,1.76E-07,1.77E-07,1.89E-07,2.14E-07,2.19E-07,2.00E-07,1.69E-07,1.33E-07,1.06E-07,1.12E-07,1.28E-07,1.33E-07,1.01E-07,6.60E-08,3.12E-08,2.85E-08,3.01E-08,3.69E-08,4.56E-08,4.41E-08,3.69E-08,3.26E-08,7.88E-08,8.51E-08,1.16E-07,1.84E-07,2.89E-07,4.94E-07,9.26E-07,1.80E-06,2.94E-06,4.07E-06,5.44E-06,7.15E-06,6.22E-06,9.11E-06,1.07E-05,9.92E-06,1.08E-05,4.28E-06,3.22E-06,3.00E-06,3.81E-06,6.53E-06,6.41E-06,6.43E-06,7.66E-06,9.65E-06,1.65E-05,3.66E-05,0.000102081,0.000350867,0.001098256,0.003078339,0.009990777,0.021132691,0.036516786,0.044863243,0.120202012,0.176341847,0.204721034,0.198030248,0.120892957,0.062453303
Head 1,424,4.78E-06,3.22E-06,2.34E-06,1.77E-06,1.54E-06,1.49E-06,1.47E-06,1.36E-06,1.04E-06,7.77E-07,6.10E-07,6.38E-07,7.09E-07,9.83E-07,1.40E-06,1.70E-06,2.34E-06,3.59E-06,3.78E-06,2.39E-06,1.55E-06,1.20E-06,8.07E-07,7.03E-07,4.88E-07,2.58E-07,1.03E-07,3.80E-08,1.97E-08,6.77E-09,5.93E-09,9.83E-09,1.16E-08,1.41E-08,1.37E-08,1.63E-08,2.52E-08,2.13E-08,7.73E-08,1.06E-07,1.77E-07,2.74E-07,3.44E-07,3.45E-07,3.17E-07,2.13E-07,1.63E-07,1.22E-07,1.02E-07,9.84E-08,7.44E-08,4.41E-08,2.20E-08,1.38E-08,1.13E-08,1.41E-08,2.50E-08,2.93E-08,4.05E-08,3.97E-08,2.81E-08,4.94E-08,7.96E-08,1.39E-07,1.48E-07,1.63E-07,1.83E-07,1.99E-07,2.08E-07,2.05E-07,1.67E-07,1.17E-07,1.01E-07,1.06E-07,1.25E-07,1.24E-07,9.75E-08,4.44E-08,3.30E-08,2.70E-08,2.83E-08,3.67E-08,4.25E-08,4.13E-08,3.63E-08,7.13E-08,6.40E-08,7.65E-08,1.12E-07,1.67E-07,2.64E-07,4.71E-07,9.38E-07,1.77E-06,2.89E-06,4.10E-06,4.97E-06,3.97E-06,6.13E-06,8.59E-06,1.05E-05,1.68E-05,6.46E-06,4.24E-06,3.14E-06,3.32E-06,5.74E-06,6.28E-06,6.53E-06,8.33E-06,8.46E-06,1.00E-05,1.55E-05,3.38E-05,0.000107966,0.000342567,0.001023876,0.003877811,0.010030095,0.021851659,0.032261595,0.075858638,0.123084754,0.169953704,0.210428759,0.172558904,0.116382793,0.062014729
Head 1,425,5.13E-06,3.76E-06,2.74E-06,2.11E-06,1.61E-06,1.44E-06,1.49E-06,1.35E-06,1.08E-06,7.52E-07,6.17E-07,5.59E-07,6.98E-07,1.03E-06,1.29E-06,1.83E-06,3.09E-06,3.73E-06,3.08E-06,2.38E-06,1.92E-06,1.16E-06,9.21E-07,6.93E-07,4.72E-07,2.56E-07,1.09E-07,4.95E-08,1.27E-08,7.65E-09,9.35E-09,1.04E-08,1.30E-08,1.25E-08,1.31E-08,1.68E-08,1.31E-08,4.36E-08,6.30E-08,1.14E-07,1.90E-07,2.69E-07,3.31E-07,3.92E-07,3.26E-07,2.42E-07,1.72E-07,1.31E-07,1.10E-07,9.53E-08,7.36E-08,4.36E-08,2.45E-08,1.42E-08,1.19E-08,1.66E-08,2.16E-08,3.57E-08,3.98E-08,2.63E-08,4.01E-08,5.68E-08,1.09E-07,1.29E-07,1.56E-07,1.81E-07,1.99E-07,2.21E-07,2.49E-07,2.34E-07,1.68E-07,1.27E-07,1.08E-07,1.18E-07,1.32E-07,1.34E-07,7.10E-08,5.18E-08,3.56E-08,2.91E-08,3.27E-08,3.95E-08,4.57E-08,4.65E-08,8.72E-08,6.76E-08,6.74E-08,8.59E-08,1.18E-07,1.78E-07,2.95E-07,5.59E-07,1.08E-06,2.03E-06,3.28E-06,4.14E-06,2.92E-06,4.45E-06,6.57E-06,9.59E-06,2.16E-05,1.00E-05,7.05E-06,4.62E-06,3.81E-06,5.46E-06,5.98E-06,6.90E-06,9.97E-06,1.02E-05,9.86E-06,1.06E-05,1.55E-05,4.02E-05,0.000117284,0.000349286,0.001444045,0.004251215,0.011231218,0.020676931,0.045316219,0.079788581,0.122899696,0.1789736,0.185666129,0.168482393,0.116310567,0.064244531
Head 1,426,5.86E-06,4.55E-06,3.66E-06,2.25E-06,1.58E-06,1.52E-06,1.51E-06,1.43E-06,1.08E-06,7.81E-07,5.67E-07,5.76E-07,7.70E-07,9.82E-07,1.39E-06,2.56E-06,3.29E-06,3.30E-06,3.23E-06,3.12E-06,1.94E-06,1.40E-06,9.66E-07,7.04E-07,4.98E-07,2.87E-07,1.47E-07,3.54E-08,1.55E-08,1.22E-08,1.05E-08,1.22E-08,1.18E-08,1.20E-08,1.38E-08,1.03E-08,2.69E-08,3.70E-08,6.97E-08,1.25E-07,1.90E-07,2.65E-07,3.84E-07,4.17E-07,3.45E-07,2.63E-07,1.95E-07,1.37E-07,1.11E-07,1.00E-07,7.81E-08,5.10E-08,2.66E-08,1.57E-08,1.46E-08,1.57E-08,2.70E-08,3.60E-08,2.54E-08,3.79E-08,4.66E-08,8.37E-08,1.02E-07,1.36E-07,1.71E-07,1.92E-07,2.18E-07,2.61E-07,2.82E-07,2.36E-07,1.83E-07,1.34E-07,1.20E-07,1.25E-07,1.44E-07,9.75E-08,8.23E-08,5.68E-08,3.85E-08,3.40E-08,3.51E-08,4.27E-08,5.13E-08,1.08E-07,8.28E-08,7.16E-08,7.53E-08,9.01E-08,1.26E-07,1.97E-07,3.48E-07,6.35E-07,1.24E-06,2.27E-06,3.32E-06,2.15E-06,3.28E-06,4.79E-06,7.32E-06,1.92E-05,1.22E-05,1.09E-05,7.79E-06,5.54E-06,6.24E-06,5.71E-06,6.65E-06,1.01E-05,1.21E-05,1.19E-05,1.05E-05,9.68E-06,1.84E-05,4.33E-05,0.000117134,0.000492245,0.001543392,0.0046274,0.010328213,0.024139665,0.047052786,0.079883344,0.131078035,0.158405721,0.181103274,0.17061241,0.122343965,0.068000153
Head 1,427,6.55E-06,6.26E-06,3.67E-06,2.04E-06,1.54E-06,1.40E-06,1.47E-06,1.32E-06,1.01E-06,6.61E-07,5.38E-07,5.66E-07,6.80E-07,9.18E-07,1.84E-06,2.49E-06,2.71E-06,3.21E-06,3.88E-06,2.90E-06,2.15E-06,1.33E-06,8.86E-07,6.80E-07,5.23E-07,3.43E-07,9.76E-08,3.83E-08,2.11E-08,1.22E-08,1.08E-08,9.44E-09,9.66E-09,1.11E-08,8.68E-09,1.74E-08,2.04E-08,3.63E-08,6.77E-08,1.10E-07,1.68E-07,2.77E-07,3.69E-07,3.58E-07,3.23E-07,2.63E-07,1.78E-07,1.21E-07,1.04E-07,9.58E-08,8.06E-08,4.91E-08,2.62E-08,1.72E-08,1.24E-08,1.76E-08,2.45E-08,1.94E-08,3.30E-08,3.96E-08,6.52E-08,7.38E-08,9.82E-08,1.35E-07,1.64E-07,1.93E-07,2.32E-07,2.67E-07,2.60E-07,2.32E-07,1.75E-07,1.36E-07,1.16E-07,1.24E-07,9.99E-08,1.01E-07,8.19E-08,5.51E-08,4.10E-08,3.27E-08,3.45E-08,4.32E-08,1.05E-07,9.25E-08,8.04E-08,7.30E-08,7.18E-08,8.72E-08,1.27E-07,2.12E-07,3.57E-07,6.60E-07,1.26E-06,2.13E-06,1.36E-06,2.17E-06,3.20E-06,4.83E-06,1.26E-05,1.01E-05,1.21E-05,1.10E-05,8.31E-06,8.68E-06,5.99E-06,5.91E-06,8.23E-06,1.10E-05,1.28E-05,1.15E-05,7.81E-06,1.07E-05,1.84E-05,4.04E-05,0.000157637,0.00050055,0.001612296,0.004080137,0.01108717,0.024186881,0.045813374,0.085434496,0.115989417,0.152391806,0.182921261,0.176930889,0.12740171,0.071222417
Head 1,428,1.01E-05,6.73E-06,3.44E-06,2.04E-06,1.46E-06,1.41E-06,1.42E-06,1.29E-06,8.99E-07,6.58E-07,5.24E-07,5.36E-07,6.62E-07,1.32E-06,1.89E-06,2.09E-06,2.74E-06,4.00E-06,3.83E-06,3.40E-06,2.11E-06,1.27E-06,8.99E-07,8.14E-07,6.68E-07,2.59E-07,1.16E-07,5.71E-08,2.31E-08,1.35E-08,8.81E-09,8.07E-09,9.43E-09,8.21E-09,1.43E-08,1.35E-08,2.01E-08,3.53E-08,5.90E-08,9.64E-08,1.74E-07,2.61E-07,2.99E-07,3.30E-07,3.27E-07,2.64E-07,1.59E-07,1.16E-07,1.03E-07,1.02E-07,8.03E-08,5.07E-08,2.94E-08,1.45E-08,1.39E-08,1.57E-08,1.26E-08,2.45E-08,3.22E-08,5.36E-08,5.36E-08,6.47E-08,8.98E-08,1.18E-07,1.52E-07,1.88E-07,2.18E-07,2.30E-07,2.39E-07,2.15E-07,1.68E-07,1.23E-07,1.07E-07,8.67E-08,9.47E-08,9.23E-08,7.17E-08,5.33E-08,3.47E-08,2.85E-08,3.07E-08,7.32E-08,7.78E-08,7.99E-08,7.31E-08,6.21E-08,6.30E-08,8.04E-08,1.25E-07,1.97E-07,3.36E-07,6.16E-07,1.09E-06,7.32E-07,1.24E-06,1.94E-06,2.94E-06,7.31E-06,6.35E-06,9.33E-06,1.13E-05,1.09E-05,1.37E-05,7.80E-06,5.95E-06,6.83E-06,8.67E-06,1.15E-05,1.23E-05,7.45E-06,8.34E-06,1.03E-05,1.65E-05,5.19E-05,0.000151379,0.000487671,0.001285719,0.004249062,0.010241942,0.021555312,0.046625759,0.072221465,0.105986618,0.149271592,0.184822515,0.183507249,0.135352105,0.083963715
Head 1,429,5.03E-06,3.04E-06,1.78E-06,1.10E-06,8.88E-07,8.43E-07,8.39E-07,6.83E-07,5.32E-07,3.19E-07,2.60E-07,3.01E-07,4.71E-07,5.44E-07,5.79E-07,8.14E-07,1.39E-06,1.73E-06,2.05E-06,1.55E-06,1.02E-06,7.20E-07,8.56E-07,8.61E-07,5.42E-07,3.16E-07,1.58E-07,6.19E-08,2.73E-08,1.22E-08,7.98E-09,7.88E-09,8.27E-09,1.16E-08,9.40E-09,1.14E-08,1.69E-08,2.59E-08,4.20E-08,8.24E-08,1.39E-07,1.97E-07,2.60E-07,3.05E-07,2.96E-07,1.76E-07,1.09E-07,8.03E-08,7.57E-08,6.87E-08,5.62E-08,3.82E-08,1.54E-08,1.10E-08,8.49E-09,6.12E-09,1.16E-08,1.70E-08,3.34E-08,3.51E-08,4.08E-08,5.31E-08,6.94E-08,9.16E-08,1.15E-07,1.28E-07,1.27E-07,1.28E-07,1.21E-07,9.35E-08,6.06E-08,4.19E-08,2.75E-08,2.72E-08,2.84E-08,2.68E-08,2.44E-08,1.66E-08,1.26E-08,1.19E-08,2.30E-08,2.80E-08,3.80E-08,4.54E-08,4.35E-08,4.15E-08,4.45E-08,5.64E-08,7.47E-08,1.06E-07,1.64E-07,2.59E-07,1.78E-07,2.93E-07,4.60E-07,7.24E-07,1.87E-06,1.61E-06,2.73E-06,4.31E-06,5.98E-06,1.08E-05,7.07E-06,4.92E-06,6.11E-06,6.57E-06,8.46E-06,1.03E-05,6.43E-06,7.30E-06,7.44E-06,8.60E-06,1.96E-05,4.40E-05,0.000125178,0.000317047,0.001377758,0.003657793,0.008330481,0.020705014,0.036768775,0.062958114,0.102318972,0.152435124,0.198359206,0.198591456,0.160794422,0.053061292
Head 1,430,7.94E-06,5.10E-06,3.17E-06,2.21E-06,1.61E-06,1.33E-06,1.05E-06,9.69E-07,8.20E-07,6.62E-07,5.26E-07,5.16E-07,5.13E-07,4.94E-07,7.18E-07,1.36E-06,1.74E-06,2.15E-06,1.58E-06,1.09E-06,7.77E-07,7.27E-07,7.69E-07,4.06E-07,2.61E-07,1.98E-07,1.01E-07,4.80E-08,1.69E-08,6.91E-09,4.36E-09,2.93E-09,5.12E-09,3.81E-09,3.91E-09,3.96E-09,3.86E-09,4.50E-09,8.43E-09,1.68E-08,2.47E-08,4.36E-08,6.16E-08,8.91E-08,6.57E-08,5.21E-08,4.62E-08,5.06E-08,5.15E-08,5.13E-08,5.00E-08,2.81E-08,2.41E-08,1.61E-08,6.75E-09,8.52E-09,9.90E-09,2.44E-08,3.14E-08,3.79E-08,4.34E-08,4.42E-08,4.97E-08,6.71E-08,9.20E-08,1.11E-07,1.25E-07,1.05E-07,8.43E-08,5.88E-08,4.60E-08,2.19E-08,2.32E-08,2.55E-08,2.55E-08,2.69E-08,2.19E-08,1.87E-08,1.74E-08,2.59E-08,2.22E-08,2.83E-08,4.28E-08,5.75E-08,6.85E-08,7.22E-08,7.36E-08,7.60E-08,9.34E-08,1.39E-07,2.18E-07,1.20E-07,1.79E-07,2.27E-07,3.03E-07,1.11E-06,6.27E-07,1.08E-06,1.77E-06,2.60E-06,8.97E-06,7.74E-06,6.80E-06,7.33E-06,7.09E-06,7.67E-06,8.47E-06,5.42E-06,8.23E-06,1.03E-05,1.12E-05,1.73E-05,2.43E-05,4.86E-05,0.000104664,0.000314447,0.000843837,0.001830225,0.004301053,0.007806912,0.015673418,0.032950696,0.068071,0.124370404,0.173568964,0.198401973,0.090830535,0.280702889
Head 1,431,5.40E-06,3.36E-06,2.21E-06,1.45E-06,1.08E-06,7.66E-07,6.92E-07,6.07E-07,5.60E-07,5.19E-07,4.68E-07,4.08E-07,3.23E-07,3.92E-07,7.17E-07,1.04E-06,1.62E-06,1.45E-06,1.11E-06,7.62E-07,6.57E-07,6.74E-07,4.29E-07,3.15E-07,2.63E-07,1.54E-07,7.94E-08,2.83E-08,9.96E-09,4.86E-09,2.52E-09,3.94E-09,2.67E-09,2.82E-09,2.98E-09,2.73E-09,2.58E-09,3.68E-09,5.91E-09,8.47E-09,1.78E-08,3.28E-08,6.61E-08,5.73E-08,4.57E-08,3.71E-08,3.73E-08,3.72E-08,3.90E-08,4.23E-08,2.72E-08,2.41E-08,1.55E-08,5.94E-09,6.10E-09,6.11E-09,1.30E-08,1.62E-08,2.13E-08,2.75E-08,2.98E-08,3.19E-08,3.87E-08,4.86E-08,5.94E-08,7.80E-08,8.27E-08,7.90E-08,5.82E-08,4.21E-08,1.70E-08,1.54E-08,1.57E-08,1.60E-08,1.78E-08,1.51E-08,1.29E-08,1.18E-08,1.69E-08,1.23E-08,1.29E-08,1.75E-08,2.44E-08,3.37E-08,4.25E-08,4.73E-08,4.69E-08,4.91E-08,6.09E-08,8.68E-08,4.84E-08,8.30E-08,1.16E-07,1.57E-07,5.45E-07,2.62E-07,4.13E-07,6.94E-07,1.19E-06,4.99E-06,5.27E-06,5.36E-06,5.58E-06,5.06E-06,4.74E-06,4.52E-06,2.62E-06,3.92E-06,5.47E-06,6.66E-06,1.02E-05,1.21E-05,1.79E-05,2.73E-05,7.15E-05,0.00019969,0.000495066,0.001333032,0.002594772,0.005320152,0.011064713,0.024219561,0.052627906,0.096298791,0.152674094,0.095494993,0.328721374,0.228729889
Head 1,432,3.58E-06,2.37E-06,1.46E-06,9.89E-07,6.25E-07,5.16E-07,4.31E-07,4.19E-07,4.73E-07,4.53E-07,3.97E-07,2.90E-07,2.80E-07,4.26E-07,5.90E-07,1.03E-06,1.16E-06,1.07E-06,7.88E-07,6.36E-07,5.83E-07,3.97E-07,3.10E-07,2.87E-07,1.94E-07,1.15E-07,4.59E-08,1.60E-08,6.74E-09,2.69E-09,3.65E-09,2.09E-09,2.12E-09,2.35E-09,2.28E-09,2.04E-09,2.41E-09,2.93E-09,3.42E-09,6.93E-09,1.47E-08,4.04E-08,4.62E-08,4.29E-08,3.49E-08,3.19E-08,2.89E-08,2.92E-08,3.33E-08,2.48E-08,2.36E-08,1.58E-08,6.12E-09,5.29E-09,4.59E-09,8.32E-09,9.35E-09,1.23E-08,1.74E-08,2.14E-08,2.43E-08,2.86E-08,3.21E-08,3.55E-08,4.76E-08,5.89E-08,7.02E-08,6.26E-08,4.83E-08,1.79E-08,1.37E-08,1.21E-08,1.14E-08,1.27E-08,1.13E-08,1.01E-08,9.28E-09,1.39E-08,9.39E-09,8.32E-09,9.21E-09,1.15E-08,1.62E-08,2.35E-08,3.08E-08,3.37E-08,3.41E-08,3.60E-08,4.31E-08,2.13E-08,3.92E-08,6.24E-08,9.37E-08,3.40E-07,1.46E-07,1.98E-07,3.02E-07,5.24E-07,2.49E-06,3.19E-06,3.93E-06,4.33E-06,4.11E-06,3.55E-06,2.93E-06,1.55E-06,2.07E-06,2.94E-06,3.99E-06,6.83E-06,8.19E-06,1.04E-05,1.19E-05,2.08E-05,5.22E-05,0.000134747,0.000410124,0.000906647,0.002006374,0.004134793,0.008834059,0.019810541,0.04169023,0.086293802,0.075074933,0.315475494,0.265900433,0.179159507
Head 1,433,2.52E-06,1.55E-06,8.93E-07,4.86E-07,3.73E-07,2.90E-07,2.63E-07,3.50E-07,3.63E-07,2.57E-07,2.11E-07,2.28E-07,3.32E-07,4.18E-07,6.48E-07,8.29E-07,1.05E-06,1.19E-06,1.63E-06,1.68E-06,1.72E-06,1.17E-06,7.06E-07,5.73E-07,4.39E-07,2.14E-07,7.36E-08,2.61E-08,1.24E-08,1.01E-08,5.78E-09,5.91E-09,6.66E-09,6.52E-09,6.30E-09,8.30E-09,1.15E-08,1.43E-08,2.68E-08,5.16E-08,1.11E-07,1.53E-07,1.96E-07,2.11E-07,1.87E-07,1.26E-07,8.48E-08,6.92E-08,5.50E-08,5.36E-08,3.51E-08,1.60E-08,1.00E-08,6.07E-09,6.90E-09,7.68E-09,1.09E-08,1.60E-08,2.03E-08,2.43E-08,3.21E-08,4.20E-08,5.13E-08,6.52E-08,8.97E-08,9.86E-08,1.01E-07,1.01E-07,6.50E-08,4.74E-08,3.26E-08,2.18E-08,1.83E-08,1.50E-08,1.44E-08,1.42E-08,1.76E-08,1.06E-08,7.78E-09,7.44E-09,9.08E-09,1.29E-08,1.77E-08,2.18E-08,2.29E-08,2.41E-08,2.71E-08,3.21E-08,1.54E-08,2.53E-08,3.93E-08,6.72E-08,2.80E-07,1.77E-07,2.77E-07,4.15E-07,6.63E-07,1.96E-06,3.11E-06,5.24E-06,6.50E-06,7.70E-06,6.44E-06,4.31E-06,1.92E-06,2.05E-06,2.57E-06,3.23E-06,5.31E-06,5.79E-06,6.59E-06,6.94E-06,1.42E-05,3.33E-05,8.26E-05,0.000254194,0.000617972,0.001738047,0.004681014,0.011587396,0.025713479,0.048084449,0.094736218,0.102774329,0.223977029,0.246828154,0.192637369,0.046145551
Head 1,434,2.72E-06,1.72E-06,8.52E-07,5.23E-07,3.27E-07,2.75E-07,3.89E-07,4.89E-07,3.58E-07,2.75E-07,2.60E-07,3.33E-07,3.90E-07,5.78E-07,7.27E-07,9.37E-07,1.17E-06,1.89E-06,2.25E-06,2.90E-06,2.12E-06,1.16E-06,8.45E-07,6.86E-07,4.28E-07,2.02E-07,8.36E-08,3.90E-08,2.25E-08,9.05E-09,7.30E-09,7.71E-09,7.70E-09,7.39E-09,8.69E-09,1.01E-08,1.08E-08,1.80E-08,3.53E-08,8.45E-08,1.21E-07,1.76E-07,2.34E-07,2.71E-07,2.24E-07,1.57E-07,1.12E-07,7.87E-08,7.59E-08,5.92E-08,3.53E-08,2.39E-08,1.29E-08,9.70E-09,7.93E-09,9.42E-09,1.41E-08,2.03E-08,2.67E-08,3.48E-08,4.24E-08,4.96E-08,6.53E-08,1.01E-07,1.16E-07,1.20E-07,1.26E-07,9.90E-08,8.02E-08,5.98E-08,3.94E-08,2.96E-08,2.07E-08,1.84E-08,1.91E-08,2.81E-08,1.98E-08,1.37E-08,9.93E-09,9.03E-09,1.11E-08,1.62E-08,2.37E-08,2.81E-08,2.97E-08,3.05E-08,3.23E-08,1.35E-08,2.08E-08,3.17E-08,5.25E-08,1.99E-07,1.35E-07,2.20E-07,3.46E-07,5.47E-07,1.57E-06,2.19E-06,3.80E-06,5.19E-06,8.26E-06,9.19E-06,6.89E-06,2.83E-06,2.32E-06,2.32E-06,2.78E-06,4.98E-06,6.08E-06,6.84E-06,6.11E-06,8.09E-06,1.46E-05,3.11E-05,9.10E-05,0.000222397,0.000637653,0.001822956,0.005015821,0.012838646,0.027274963,0.059176363,0.07226453,0.176724106,0.240024984,0.261227131,0.098184697,0.044339966
Head 1,435,3.05E-06,1.65E-06,9.15E-07,4.35E-07,2.90E-07,3.85E-07,5.54E-07,4.48E-07,3.46E-07,2.98E-07,3.22E-07,3.28E-07,4.43E-07,5.40E-07,6.94E-07,9.05E-07,1.66E-06,2.29E-06,3.82E-06,3.46E-06,2.03E-06,1.33E-06,9.77E-07,6.39E-07,3.94E-07,2.23E-07,1.26E-07,6.40E-08,1.93E-08,1.08E-08,8.87E-09,8.14E-09,7.90E-09,9.01E-09,9.15E-09,8.69E-09,1.15E-08,2.05E-08,5.29E-08,8.17E-08,1.28E-07,1.91E-07,2.71E-07,2.90E-07,2.48E-07,1.84E-07,1.16E-07,9.83E-08,7.72E-08,5.99E-08,4.91E-08,2.90E-08,1.80E-08,1.09E-08,9.05E-09,1.12E-08,1.62E-08,2.40E-08,3.37E-08,4.03E-08,4.34E-08,5.46E-08,9.33E-08,1.15E-07,1.25E-07,1.33E-07,1.23E-07,1.10E-07,8.98E-08,6.31E-08,4.74E-08,3.02E-08,2.37E-08,2.33E-08,3.61E-08,3.25E-08,2.63E-08,1.76E-08,1.20E-08,1.10E-08,1.38E-08,2.18E-08,3.04E-08,3.64E-08,3.75E-08,3.58E-08,1.30E-08,1.72E-08,2.42E-08,3.85E-08,1.32E-07,9.07E-08,1.48E-07,2.41E-07,4.01E-07,1.34E-06,1.70E-06,2.68E-06,3.36E-06,6.40E-06,9.83E-06,1.00E-05,4.76E-06,3.50E-06,2.68E-06,2.58E-06,4.31E-06,5.78E-06,7.17E-06,6.28E-06,6.38E-06,8.49E-06,1.36E-05,3.38E-05,7.74E-05,0.000219515,0.000641832,0.001856461,0.005321674,0.013145766,0.033267695,0.050114006,0.131367207,0.19729349,0.264938295,0.158247456,0.100170501,0.043170776
Head 1,436,2.75E-06,1.67E-06,7.29E-07,3.82E-07,4.14E-07,5.87E-07,5.07E-07,4.24E-07,3.81E-07,3.82E-07,3.42E-07,4.01E-07,4.43E-07,5.40E-07,6.90E-07,1.29E-06,1.95E-06,3.73E-06,4.26E-06,3.16E-06,2.11E-06,1.39E-06,8.15E-07,5.46E-07,4.01E-07,2.96E-07,1.72E-07,4.98E-08,2.09E-08,1.23E-08,9.06E-09,8.35E-09,9.81E-09,9.76E-09,8.80E-09,9.48E-09,1.38E-08,3.37E-08,5.38E-08,8.88E-08,1.43E-07,2.33E-07,3.11E-07,3.45E-07,3.04E-07,1.93E-07,1.45E-07,9.90E-08,8.44E-08,8.01E-08,5.59E-08,3.63E-08,1.98E-08,1.22E-08,1.10E-08,1.35E-08,2.07E-08,3.28E-08,4.27E-08,4.57E-08,5.39E-08,9.24E-08,1.20E-07,1.39E-07,1.53E-07,1.59E-07,1.59E-07,1.42E-07,1.09E-07,8.62E-08,5.33E-08,3.73E-08,3.18E-08,4.34E-08,4.55E-08,4.73E-08,3.64E-08,2.30E-08,1.63E-08,1.54E-08,2.16E-08,3.16E-08,4.40E-08,5.14E-08,4.97E-08,1.76E-08,1.95E-08,2.38E-08,3.48E-08,1.16E-07,7.53E-08,1.20E-07,1.95E-07,3.31E-07,1.27E-06,1.56E-06,2.21E-06,2.41E-06,4.55E-06,8.36E-06,1.17E-05,7.64E-06,6.40E-06,4.34E-06,3.27E-06,4.32E-06,5.57E-06,7.58E-06,7.43E-06,6.74E-06,7.25E-06,8.71E-06,1.68E-05,3.34E-05,8.91E-05,0.000258466,0.000758655,0.002294056,0.006251423,0.017843725,0.0342004,0.095785424,0.151243344,0.219422817,0.175900728,0.162513107,0.093907654,0.039343581
Head 1,437,2.92E-06,1.45E-06,6.77E-07,5.78E-07,6.79E-07,5.52E-07,4.86E-07,4.98E-07,5.23E-07,4.37E-07,4.45E-07,4.29E-07,4.87E-07,5.95E-07,1.06E-06,1.66E-06,3.28E-06,4.55E-06,4.57E-06,3.73E-06,2.53E-06,1.29E-06,7.85E-07,6.26E-07,5.62E-07,4.33E-07,1.54E-07,5.97E-08,2.57E-08,1.32E-08,9.72E-09,1.09E-08,1.10E-08,1.01E-08,9.75E-09,1.13E-08,2.25E-08,3.48E-08,5.90E-08,9.87E-08,1.75E-07,2.66E-07,3.74E-07,4.36E-07,3.34E-07,2.60E-07,1.55E-07,1.25E-07,1.22E-07,9.57E-08,7.18E-08,4.28E-08,2.26E-08,1.45E-08,1.28E-08,1.64E-08,2.65E-08,3.90E-08,4.51E-08,5.17E-08,8.39E-08,1.09E-07,1.33E-07,1.57E-07,1.66E-07,1.92E-07,1.86E-07,1.55E-07,1.33E-07,8.76E-08,5.93E-08,4.44E-08,4.70E-08,4.61E-08,5.54E-08,5.39E-08,3.87E-08,2.49E-08,1.77E-08,1.88E-08,2.44E-08,3.63E-08,5.05E-08,5.55E-08,2.15E-08,2.11E-08,2.18E-08,2.81E-08,9.49E-08,5.43E-08,8.45E-08,1.33E-07,2.26E-07,9.76E-07,1.32E-06,1.82E-06,1.75E-06,2.88E-06,5.22E-06,8.77E-06,7.60E-06,8.95E-06,6.89E-06,4.63E-06,4.62E-06,4.88E-06,6.45E-06,7.07E-06,7.02E-06,7.00E-06,6.72E-06,9.63E-06,1.49E-05,3.45E-05,9.55E-05,0.000278741,0.000866199,0.002515164,0.008042648,0.019026296,0.060180835,0.107506573,0.16298762,0.149914488,0.187528282,0.163749397,0.092723578,0.044389326
Head 1,438,3.08E-06,1.59E-06,1.19E-06,1.10E-06,7.23E-07,5.84E-07,6.56E-07,7.85E-07,6.91E-07,6.60E-07,5.55E-07,5.57E-07,6.24E-07,1.01E-06,1.59E-06,2.99E-06,4.60E-06,5.76E-06,6.29E-06,5.19E-06,2.71E-06,1.45E-06,1.06E-06,9.82E-07,9.08E-07,4.53E-07,2.14E-07,8.50E-08,3.23E-08,1.66E-08,1.48E-08,1.41E-08,1.34E-08,1.32E-08,1.33E-08,2.02E-08,2.67E-08,4.26E-08,7.18E-08,1.34E-07,2.20E-07,3.55E-07,5.25E-07,5.27E-07,5.00E-07,3.06E-07,2.22E-07,2.07E-07,1.64E-07,1.31E-07,9.47E-08,5.44E-08,3.01E-08,1.90E-08,1.73E-08,2.34E-08,3.50E-08,4.52E-08,5.55E-08,8.66E-08,1.09E-07,1.31E-07,1.63E-07,1.63E-07,2.22E-07,2.41E-07,2.20E-07,2.06E-07,1.47E-07,1.05E-07,7.60E-08,6.69E-08,5.30E-08,5.98E-08,6.67E-08,5.98E-08,4.31E-08,2.75E-08,2.22E-08,2.18E-08,2.87E-08,4.27E-08,5.55E-08,2.65E-08,2.66E-08,2.45E-08,2.69E-08,8.67E-08,4.26E-08,6.43E-08,9.85E-08,1.64E-07,7.04E-07,1.06E-06,1.59E-06,1.55E-06,2.19E-06,3.44E-06,5.68E-06,5.39E-06,9.01E-06,9.66E-06,7.44E-06,6.41E-06,5.29E-06,5.76E-06,6.15E-06,7.09E-06,7.52E-06,6.74E-06,7.64E-06,8.68E-06,1.57E-05,3.72E-05,0.000102127,0.000316466,0.000941144,0.0032032,0.008241539,0.029947734,0.065216564,0.110203572,0.108916983,0.158016026,0.193993866,0.159937218,0.10442777,0.056318872
Head 1,439,2.39E-06,1.86E-06,1.48E-06,7.92E-07,5.18E-07,5.52E-07,7.29E-07,7.29E-07,7.34E-07,5.83E-07,5.19E-07,5.15E-07,7.39E-07,1.09E-06,1.89E-06,2.96E-06,4.06E-06,5.59E-06,6.04E-06,3.84E-06,2.02E-06,1.26E-06,1.06E-06,9.52E-07,6.16E-07,4.06E-07,1.94E-07,6.77E-08,2.55E-08,1.62E-08,1.27E-08,1.15E-08,1.25E-08,1.26E-08,1.65E-08,1.81E-08,2.50E-08,4.02E-08,7.73E-08,1.32E-07,2.24E-07,3.80E-07,4.85E-07,5.96E-07,4.38E-07,2.92E-07,2.60E-07,1.91E-07,1.44E-07,1.18E-07,8.39E-08,5.04E-08,2.76E-08,1.82E-08,1.80E-08,2.35E-08,3.21E-08,4.53E-08,7.34E-08,9.32E-08,1.09E-07,1.36E-07,1.22E-07,1.89E-07,2.36E-07,2.44E-07,2.45E-07,1.90E-07,1.47E-07,1.14E-07,9.68E-08,6.27E-08,5.71E-08,6.00E-08,6.26E-08,5.65E-08,4.02E-08,2.89E-08,2.18E-08,2.20E-08,2.92E-08,4.08E-08,2.46E-08,2.85E-08,2.63E-08,2.54E-08,7.31E-08,3.07E-08,4.33E-08,6.47E-08,1.06E-07,4.30E-07,6.87E-07,1.15E-06,1.29E-06,1.69E-06,2.28E-06,3.23E-06,2.96E-06,5.93E-06,9.05E-06,9.60E-06,8.98E-06,6.46E-06,5.48E-06,4.91E-06,5.55E-06,6.52E-06,6.35E-06,6.69E-06,6.08E-06,8.32E-06,1.57E-05,3.83E-05,0.000115157,0.000345749,0.001218684,0.003068088,0.013107164,0.035157073,0.071410947,0.076047286,0.11334382,0.164332598,0.178841263,0.168106467,0.121848419,0.052848816
Head 1,440,3.41E-06,2.80E-06,1.40E-06,7.27E-07,6.23E-07,7.83E-07,8.56E-07,9.82E-07,8.39E-07,7.06E-07,6.19E-07,7.88E-07,1.02E-06,1.58E-06,2.43E-06,3.37E-06,5.16E-06,7.04E-06,6.10E-06,3.83E-06,2.31E-06,1.70E-06,1.27E-06,8.57E-07,7.43E-07,4.98E-07,2.10E-07,7.19E-08,3.33E-08,1.87E-08,1.37E-08,1.47E-08,1.58E-08,2.01E-08,1.88E-08,2.15E-08,2.99E-08,5.47E-08,9.50E-08,1.65E-07,2.98E-07,4.42E-07,6.75E-07,6.50E-07,4.63E-07,4.38E-07,3.12E-07,2.07E-07,1.63E-07,1.35E-07,9.98E-08,5.96E-08,3.31E-08,2.37E-08,2.24E-08,2.62E-08,3.86E-08,6.66E-08,9.22E-08,1.09E-07,1.30E-07,1.01E-07,1.62E-07,2.29E-07,2.76E-07,3.11E-07,2.62E-07,2.19E-07,1.87E-07,1.75E-07,1.08E-07,7.89E-08,6.62E-08,6.51E-08,6.70E-08,5.89E-08,4.65E-08,3.15E-08,2.43E-08,2.46E-08,3.04E-08,2.13E-08,2.96E-08,3.14E-08,3.02E-08,7.43E-08,2.82E-08,3.49E-08,4.92E-08,7.84E-08,3.04E-07,4.68E-07,8.29E-07,1.22E-06,1.61E-06,1.99E-06,2.39E-06,1.83E-06,3.47E-06,6.44E-06,9.65E-06,1.22E-05,9.66E-06,7.17E-06,5.07E-06,4.77E-06,5.65E-06,6.19E-06,6.96E-06,5.82E-06,6.25E-06,8.74E-06,1.68E-05,4.43E-05,0.000127062,0.00045127,0.001006881,0.004808493,0.014907192,0.037450124,0.048872638,0.076560572,0.118438378,0.147973046,0.183497131,0.193621784,0.114479274,0.057575859
Head 1,441,5.51E-06,3.12E-06,1.47E-06,9.67E-07,9.82E-07,1.00E-06,1.25E-06,1.25E-06,1.11E-06,9.15E-07,1.07E-06,1.15E-06,1.48E-06,2.20E-06,3.08E-06,4.73E-06,7.25E-06,8.27E-06,7.02E-06,4.98E-06,3.52E-06,2.23E-06,1.31E-06,1.20E-06,1.06E-06,6.34E-07,2.64E-07,1.11E-07,4.55E-08,2.43E-08,2.10E-08,2.18E-08,2.82E-08,2.48E-08,2.42E-08,2.78E-08,4.38E-08,7.24E-08,1.27E-07,2.39E-07,3.81E-07,6.54E-07,7.87E-07,6.68E-07,7.53E-07,5.95E-07,3.80E-07,2.57E-07,2.12E-07,1.83E-07,1.37E-07,8.19E-08,5.00E-08,3.35E-08,2.77E-08,3.45E-08,5.75E-08,8.89E-08,1.14E-07,1.36E-07,9.24E-08,1.39E-07,2.05E-07,2.81E-07,3.69E-07,3.46E-07,3.11E-07,2.87E-07,2.98E-07,2.08E-07,1.44E-07,9.69E-08,7.64E-08,7.33E-08,7.30E-08,7.02E-08,5.27E-08,3.67E-08,2.80E-08,2.61E-08,1.80E-08,2.69E-08,3.41E-08,3.75E-08,8.57E-08,3.18E-08,3.34E-08,4.15E-08,6.19E-08,2.38E-07,3.37E-07,5.74E-07,1.15E-06,1.57E-06,1.94E-06,2.14E-06,1.39E-06,2.16E-06,3.85E-06,6.88E-06,1.22E-05,1.32E-05,1.09E-05,6.87E-06,4.96E-06,5.11E-06,5.72E-06,7.16E-06,6.39E-06,6.17E-06,6.64E-06,9.31E-06,1.89E-05,4.68E-05,0.000158539,0.000304376,0.00155488,0.005080138,0.014926915,0.025673345,0.047086995,0.07893075,0.104668476,0.147237867,0.206306174,0.177814618,0.124208555,0.06578669
Head 1,442,4.72E-06,2.48E-06,1.41E-06,1.11E-06,8.98E-07,1.05E-06,1.17E-06,1.18E-06,1.03E-06,1.19E-06,1.08E-06,1.10E-06,1.50E-06,2.13E-06,3.16E-06,4.89E-06,6.39E-06,7.05E-06,6.50E-06,5.05E-06,3.20E-06,1.60E-06,1.28E-06,1.19E-06,9.34E-07,5.47E-07,2.72E-07,1.01E-07,4.05E-08,2.46E-08,2.09E-08,2.67E-08,2.38E-08,2.26E-08,2.27E-08,2.97E-08,4.33E-08,7.33E-08,1.42E-07,2.38E-07,4.34E-07,5.88E-07,5.83E-07,7.95E-07,7.54E-07,5.63E-07,3.40E-07,2.41E-07,2.04E-07,1.79E-07,1.32E-07,8.68E-08,4.97E-08,2.94E-08,2.66E-08,3.61E-08,5.82E-08,8.53E-08,1.12E-07,7.15E-08,9.94E-08,1.42E-07,2.04E-07,3.09E-07,3.34E-07,3.33E-07,3.28E-07,3.51E-07,2.94E-07,2.27E-07,1.42E-07,9.05E-08,7.04E-08,6.61E-08,7.23E-08,6.64E-08,5.14E-08,3.50E-08,2.45E-08,1.43E-08,1.92E-08,2.62E-08,3.37E-08,8.16E-08,3.28E-08,3.05E-08,3.22E-08,4.22E-08,1.68E-07,2.20E-07,3.45E-07,8.32E-07,1.19E-06,1.55E-06,1.74E-06,1.11E-06,1.46E-06,2.19E-06,3.75E-06,8.11E-06,1.22E-05,1.35E-05,9.50E-06,5.55E-06,4.60E-06,4.56E-06,5.84E-06,5.85E-06,5.89E-06,5.72E-06,6.27E-06,9.45E-06,1.84E-05,5.51E-05,9.47E-05,0.000518851,0.001704083,0.005395913,0.011207627,0.025729921,0.049542163,0.071067952,0.103774443,0.164168715,0.183519065,0.185167938,0.134125039,0.063724563
Head 1,443,3.86E-06,2.37E-06,1.63E-06,1.01E-06,9.42E-07,9.87E-07,1.10E-06,1.12E-06,1.40E-06,1.20E-06,9.24E-07,1.10E-06,1.51E-06,2.19E-06,3.31E-06,4.38E-06,5.59E-06,6.61E-06,6.14E-06,4.77E-06,2.40E-06,1.62E-06,1.30E-06,1.07E-06,8.40E-07,5.91E-07,2.65E-07,9.81E-08,4.30E-08,2.58E-08,2.61E-08,2.23E-08,2.20E-08,2.15E-08,2.41E-08,2.89E-08,4.32E-08,8.15E-08,1.40E-07,2.73E-07,3.89E-07,4.27E-07,6.85E-07,7.96E-07,8.13E-07,5.25E-07,3.28E-07,2.39E-07,2.08E-07,1.81E-07,1.48E-07,9.19E-08,4.58E-08,2.90E-08,2.65E-08,3.64E-08,5.56E-08,8.27E-08,5.48E-08,7.45E-08,9.88E-08,1.35E-07,2.18E-07,2.71E-07,3.14E-07,3.39E-07,3.53E-07,3.28E-07,3.08E-07,2.17E-07,1.30E-07,8.22E-08,6.19E-08,6.34E-08,6.59E-08,6.30E-08,4.74E-08,2.92E-08,1.39E-08,1.45E-08,1.78E-08,2.44E-08,6.70E-08,3.25E-08,3.04E-08,2.84E-08,3.12E-08,1.19E-07,1.49E-07,2.17E-07,5.76E-07,8.32E-07,1.12E-06,1.33E-06,8.92E-07,1.14E-06,1.43E-06,2.04E-06,4.28E-06,7.76E-06,1.21E-05,1.16E-05,7.20E-06,5.08E-06,4.06E-06,4.61E-06,4.79E-06,5.34E-06,5.46E-06,5.36E-06,6.20E-06,8.83E-06,2.06E-05,3.03E-05,0.000166091,0.000537649,0.00170528,0.003737847,0.010708462,0.025442457,0.04364356,0.069607146,0.114946723,0.142649919,0.188266918,0.202646092,0.134229183,0.061489597
Head 1,444,3.54E-06,2.63E-06,1.42E-06,1.02E-06,8.39E-07,8.85E-07,1.00E-06,1.44E-06,1.35E-06,8.59E-07,8.72E-07,1.05E-06,1.47E-06,2.16E-06,2.80E-06,3.68E-06,4.97E-06,5.49E-06,5.53E-06,3.43E-06,2.26E-06,1.53E-06,1.08E-06,9.05E-07,8.38E-07,5.29E-07,2.34E-07,9.18E-08,4.06E-08,2.85E-08,2.00E-08,1.93E-08,1.98E-08,2.16E-08,2.24E-08,2.81E-08,4.69E-08,7.55E-08,1.59E-07,2.40E-07,2.77E-07,4.99E-07,6.67E-07,9.23E-07,7.47E-07,4.81E-07,3.06E-07,2.28E-07,1.97E-07,1.87E-07,1.45E-07,7.86E-08,4.20E-08,2.59E-08,2.57E-08,3.38E-08,5.27E-08,3.86E-08,5.70E-08,7.46E-08,9.43E-08,1.47E-07,1.93E-07,2.57E-07,3.19E-07,3.47E-07,3.21E-07,3.46E-07,2.95E-07,1.97E-07,1.18E-07,7.23E-08,6.04E-08,5.87E-08,6.40E-08,5.94E-08,4.05E-08,1.73E-08,1.44E-08,1.41E-08,1.72E-08,4.76E-08,2.90E-08,3.13E-08,2.93E-08,2.80E-08,9.20E-08,1.08E-07,1.49E-07,3.86E-07,5.60E-07,7.81E-07,9.77E-07,6.73E-07,9.47E-07,1.15E-06,1.38E-06,2.44E-06,4.30E-06,8.03E-06,1.08E-05,9.32E-06,6.64E-06,4.52E-06,4.19E-06,3.88E-06,4.38E-06,4.98E-06,5.12E-06,5.32E-06,5.87E-06,9.96E-06,1.18E-05,5.75E-05,0.000178904,0.000557998,0.001155987,0.003788023,0.010783761,0.023041487,0.044089571,0.078782588,0.10059353,0.146464705,0.206302732,0.200761408,0.126626372,0.05664378
Head 1,445,4.08E-06,2.64E-06,1.77E-06,1.14E-06,9.93E-07,1.09E-06,1.49E-06,1.62E-06,7.62E-07,6.58E-07,7.16E-07,8.34E-07,1.10E-06,1.22E-06,1.41E-06,1.84E-06,1.93E-06,2.58E-06,2.25E-06,1.94E-06,1.45E-06,9.87E-07,8.09E-07,8.73E-07,7.43E-07,4.22E-07,2.01E-07,8.04E-08,3.93E-08,2.02E-08,1.75E-08,1.92E-08,2.34E-08,2.45E-08,2.69E-08,3.67E-08,4.75E-08,9.48E-08,1.41E-07,1.43E-07,3.00E-07,4.49E-07,8.76E-07,9.69E-07,7.94E-07,5.24E-07,3.37E-07,2.45E-07,2.21E-07,1.91E-07,1.24E-07,7.01E-08,3.41E-08,2.56E-08,2.66E-08,3.91E-08,2.55E-08,4.56E-08,6.69E-08,8.27E-08,1.16E-07,1.33E-07,1.72E-07,2.24E-07,3.69E-07,3.32E-07,3.80E-07,3.64E-07,2.70E-07,1.62E-07,8.06E-08,4.93E-08,3.62E-08,3.71E-08,4.17E-08,3.88E-08,1.36E-08,1.17E-08,1.04E-08,1.14E-08,4.67E-08,2.28E-08,3.03E-08,3.22E-08,2.85E-08,9.43E-08,9.24E-08,1.16E-07,2.09E-07,2.51E-07,3.11E-07,3.57E-07,2.13E-07,3.13E-07,3.95E-07,4.63E-07,7.31E-07,1.20E-06,2.47E-06,4.53E-06,6.25E-06,6.30E-06,5.17E-06,4.92E-06,4.20E-06,4.50E-06,5.42E-06,6.16E-06,6.57E-06,6.35E-06,8.15E-06,6.41E-06,2.63E-05,7.10E-05,0.000206305,0.000361096,0.001217794,0.003978232,0.010062236,0.023403026,0.048478976,0.065086477,0.098298103,0.159858152,0.211327031,0.198022395,0.119884066,0.059589978
Head 1,446,3.75E-06,2.83E-06,1.58E-06,1.05E-06,9.47E-07,1.28E-06,1.65E-06,8.54E-07,7.57E-07,6.91E-07,7.05E-07,8.50E-07,9.30E-07,1.05E-06,1.30E-06,1.41E-06,1.90E-06,2.00E-06,2.20E-06,1.91E-06,1.26E-06,8.82E-07,8.61E-07,8.20E-07,6.57E-07,4.35E-07,2.05E-07,8.83E-08,3.11E-08,1.83E-08,1.64E-08,1.98E-08,2.20E-08,2.40E-08,2.89E-08,2.99E-08,5.46E-08,8.18E-08,7.98E-08,1.87E-07,3.02E-07,6.31E-07,8.41E-07,9.22E-07,7.66E-07,5.17E-07,3.34E-07,2.62E-07,2.24E-07,1.74E-07,1.20E-07,5.91E-08,3.55E-08,2.49E-08,2.60E-08,1.53E-08,2.77E-08,4.64E-08,6.46E-08,9.19E-08,9.99E-08,1.26E-07,1.76E-07,3.45E-07,3.04E-07,3.49E-07,3.64E-07,3.26E-07,2.46E-07,1.40E-07,7.91E-08,4.55E-08,3.58E-08,3.63E-08,3.77E-08,1.65E-08,1.51E-08,1.24E-08,1.07E-08,3.21E-08,1.62E-08,2.44E-08,3.25E-08,3.38E-08,1.05E-07,9.09E-08,1.01E-07,1.95E-07,2.11E-07,2.52E-07,2.86E-07,1.52E-07,2.31E-07,3.17E-07,3.88E-07,5.53E-07,7.42E-07,1.26E-06,2.21E-06,4.72E-06,6.22E-06,6.17E-06,6.09E-06,4.65E-06,4.16E-06,4.58E-06,5.51E-06,6.66E-06,6.81E-06,7.68E-06,4.67E-06,1.35E-05,2.78E-05,6.97E-05,0.000108976,0.000359052,0.001235237,0.003507272,0.010095994,0.026338959,0.041880965,0.066530503,0.108582228,0.161231056,0.203150555,0.184758514,0.131273299,0.060717579
Head 1,447,4.38E-06,2.73E-06,1.62E-06,1.12E-06,1.25E-06,1.63E-06,9.78E-07,9.81E-07,8.73E-07,8.08E-07,8.79E-07,9.45E-07,1.06E-06,1.24E-06,1.28E-06,1.67E-06,1.78E-06,2.29E-06,2.51E-06,1.92E-06,1.27E-06,1.05E-06,9.04E-07,8.15E-07,7.22E-07,4.69E-07,2.58E-07,7.69E-08,3.07E-08,1.90E-08,1.92E-08,2.17E-08,2.58E-08,3.14E-08,2.72E-08,4.22E-08,5.79E-08,4.96E-08,1.24E-07,2.19E-07,4.78E-07,6.60E-07,9.04E-07,1.02E-06,8.84E-07,5.99E-07,4.17E-07,3.06E-07,2.34E-07,1.89E-07,1.10E-07,6.58E-08,3.60E-08,2.52E-08,1.15E-08,1.72E-08,2.98E-08,4.87E-08,7.91E-08,8.79E-08,1.06E-07,1.47E-07,3.43E-07,3.14E-07,3.63E-07,3.85E-07,3.80E-07,3.52E-07,2.54E-07,1.58E-07,8.22E-08,4.82E-08,3.61E-08,3.25E-08,1.66E-08,1.67E-08,1.43E-08,1.10E-08,2.52E-08,1.08E-08,1.52E-08,2.35E-08,3.10E-08,1.09E-07,9.24E-08,9.36E-08,2.24E-07,2.07E-07,2.24E-07,2.42E-07,1.24E-07,1.78E-07,2.56E-07,3.43E-07,4.99E-07,6.10E-07,8.43E-07,1.18E-06,2.68E-06,4.28E-06,5.51E-06,6.64E-06,5.36E-06,4.23E-06,3.89E-06,4.33E-06,5.57E-06,6.52E-06,7.77E-06,4.53E-06,1.01E-05,1.51E-05,2.97E-05,3.83E-05,0.000116682,0.0003983,0.001170291,0.003772634,0.011993078,0.023942173,0.044071414,0.073175237,0.107741043,0.150878176,0.186266765,0.202660352,0.136364937,0.057241775
Head 1,448,4.51E-06,2.98E-06,1.80E-06,1.58E-06,1.73E-06,1.06E-06,1.19E-06,1.14E-06,1.03E-06,1.02E-06,1.01E-06,1.08E-06,1.24E-06,1.25E-06,1.63E-06,1.62E-06,2.13E-06,2.78E-06,2.71E-06,2.06E-06,1.62E-06,1.18E-06,1.04E-06,1.01E-06,8.69E-07,7.11E-07,2.48E-07,8.39E-08,3.53E-08,2.43E-08,2.27E-08,2.69E-08,3.49E-08,2.97E-08,3.93E-08,4.59E-08,3.36E-08,8.05E-08,1.55E-07,3.86E-07,5.09E-07,7.50E-07,1.05E-06,1.24E-06,1.06E-06,7.86E-07,5.11E-07,3.40E-07,2.74E-07,1.91E-07,1.36E-07,7.43E-08,4.04E-08,1.40E-08,1.42E-08,2.03E-08,3.41E-08,6.41E-08,8.06E-08,9.90E-08,1.32E-07,3.35E-07,3.23E-07,3.91E-07,4.18E-07,4.18E-07,4.23E-07,3.75E-07,2.93E-07,1.74E-07,9.38E-08,5.33E-08,3.59E-08,1.86E-08,1.96E-08,1.86E-08,1.49E-08,2.91E-08,1.06E-08,1.18E-08,1.70E-08,2.57E-08,1.13E-07,1.08E-07,1.06E-07,3.18E-07,2.55E-07,2.38E-07,2.34E-07,1.16E-07,1.52E-07,2.10E-07,2.93E-07,4.57E-07,5.81E-07,7.40E-07,8.45E-07,1.66E-06,2.75E-06,4.26E-06,6.61E-06,6.65E-06,5.51E-06,4.44E-06,4.17E-06,4.93E-06,6.11E-06,8.28E-06,5.36E-06,1.04E-05,1.18E-05,1.70E-05,1.62E-05,4.18E-05,0.000132088,0.000379429,0.001253229,0.004476408,0.011024149,0.025820915,0.04957037,0.074050449,0.102331154,0.141075,0.197188586,0.209910169,0.128477335,0.05409376
Head 1,449,4.46E-06,2.96E-06,2.27E-06,1.96E-06,1.04E-06,1.14E-06,1.20E-06,1.17E-06,1.13E-06,1.01E-06,9.93E-07,1.07E-06,1.08E-06,1.46E-06,1.38E-06,1.68E-06,2.26E-06,2.65E-06,2.54E-06,2.29E-06,1.59E-06,1.27E-06,1.14E-06,1.07E-06,1.17E-06,5.93E-07,2.33E-07,8.23E-08,3.81E-08,2.42E-08,2.36E-08,3.04E-08,2.88E-08,3.57E-08,3.57E-08,2.20E-08,4.46E-08,8.68E-08,2.65E-07,3.50E-07,5.08E-07,7.60E-07,1.11E-06,1.29E-06,1.22E-06,8.35E-07,4.89E-07,3.42E-07,2.45E-07,2.05E-07,1.35E-07,7.35E-08,2.15E-08,1.46E-08,1.44E-08,1.99E-08,3.85E-08,5.64E-08,7.80E-08,1.06E-07,2.79E-07,2.76E-07,3.52E-07,3.93E-07,3.97E-07,4.05E-07,3.92E-07,3.71E-07,2.80E-07,1.74E-07,9.06E-08,4.64E-08,2.04E-08,1.95E-08,1.94E-08,1.74E-08,3.52E-08,1.18E-08,1.01E-08,1.16E-08,1.64E-08,8.56E-08,1.01E-07,1.12E-07,3.95E-07,3.03E-07,2.45E-07,2.09E-07,9.93E-08,1.18E-07,1.52E-07,2.02E-07,3.27E-07,4.50E-07,6.01E-07,6.41E-07,1.01E-06,1.53E-06,2.46E-06,4.56E-06,6.03E-06,6.23E-06,5.23E-06,4.37E-06,4.31E-06,4.90E-06,7.10E-06,5.38E-06,1.06E-05,1.09E-05,1.22E-05,8.15E-06,1.63E-05,4.38E-05,0.000118312,0.000384407,0.001428156,0.003959479,0.011770436,0.02928699,0.050343379,0.071357541,0.09773621,0.142832428,0.206953034,0.203572646,0.124821752,0.055221006
Head 1,450,5.62E-06,4.58E-06,3.50E-06,1.53E-06,1.41E-06,1.43E-06,1.51E-06,1.57E-06,1.37E-06,1.23E-06,1.21E-06,1.21E-06,1.62E-06,1.54E-06,1.75E-06,2.18E-06,2.68E-06,3.09E-06,3.48E-06,2.80E-06,2.20E-06,1.74E-06,1.53E-06,1.75E-06,1.25E-06,7.04E-07,2.89E-07,1.11E-07,4.82E-08,3.21E-08,3.39E-08,3.39E-08,4.30E-08,4.08E-08,2.28E-08,3.61E-08,6.09E-08,2.06E-07,2.94E-07,4.26E-07,6.26E-07,9.84E-07,1.41E-06,1.81E-06,1.57E-06,9.57E-07,5.92E-07,3.82E-07,3.19E-07,2.49E-07,1.63E-07,5.06E-08,2.73E-08,1.84E-08,1.75E-08,2.79E-08,4.22E-08,6.69E-08,1.02E-07,2.89E-07,2.79E-07,3.61E-07,4.22E-07,4.43E-07,4.57E-07,4.45E-07,4.61E-07,4.23E-07,3.35E-07,1.97E-07,9.23E-08,3.22E-08,2.56E-08,2.32E-08,2.18E-08,4.80E-08,1.77E-08,1.34E-08,1.20E-08,1.33E-08,6.46E-08,9.09E-08,1.23E-07,4.91E-07,4.29E-07,3.34E-07,2.49E-07,1.04E-07,1.14E-07,1.34E-07,1.64E-07,2.58E-07,3.66E-07,5.28E-07,5.94E-07,7.93E-07,1.07E-06,1.59E-06,3.02E-06,4.81E-06,6.51E-06,6.76E-06,5.93E-06,5.14E-06,4.86E-06,6.42E-06,5.14E-06,1.07E-05,1.16E-05,1.19E-05,6.15E-06,8.86E-06,1.78E-05,4.13E-05,0.000125765,0.000457442,0.001286073,0.004371209,0.013922263,0.030026644,0.049275097,0.068823993,0.096036479,0.148004487,0.200665697,0.19719556,0.127334207,0.062240552
Head 1,451,5.96E-06,4.94E-06,1.96E-06,1.48E-06,1.25E-06,1.29E-06,1.46E-06,1.35E-06,1.19E-06,1.09E-06,1.11E-06,1.31E-06,1.29E-06,1.44E-06,1.67E-06,1.92E-06,2.31E-06,3.10E-06,3.16E-06,2.83E-06,2.19E-06,1.73E-06,1.66E-06,1.36E-06,1.10E-06,6.55E-07,2.89E-07,1.04E-07,4.68E-08,3.33E-08,2.84E-08,3.60E-08,3.58E-08,2.00E-08,2.62E-08,3.50E-08,1.09E-07,1.70E-07,2.60E-07,3.86E-07,5.95E-07,9.25E-07,1.48E-06,1.75E-06,1.36E-06,8.84E-07,5.31E-07,3.81E-07,2.98E-07,2.32E-07,9.09E-08,4.91E-08,2.64E-08,1.67E-08,1.82E-08,2.27E-08,3.70E-08,6.45E-08,2.24E-07,2.18E-07,2.75E-07,3.22E-07,3.55E-07,3.88E-07,3.81E-07,4.03E-07,3.97E-07,3.85E-07,2.89E-07,1.56E-07,4.64E-08,3.12E-08,2.34E-08,1.99E-08,4.24E-08,1.93E-08,1.52E-08,1.21E-08,1.02E-08,3.70E-08,5.21E-08,8.52E-08,3.57E-07,4.15E-07,3.75E-07,2.70E-07,9.53E-08,9.60E-08,1.06E-07,1.20E-07,1.77E-07,2.40E-07,3.55E-07,4.34E-07,5.43E-07,6.88E-07,9.16E-07,1.60E-06,2.63E-06,4.28E-06,5.89E-06,6.48E-06,5.89E-06,4.89E-06,5.36E-06,3.89E-06,8.17E-06,1.01E-05,1.12E-05,5.43E-06,5.89E-06,8.26E-06,1.47E-05,3.93E-05,0.000136026,0.000369018,0.001295765,0.004842084,0.013176883,0.02799302,0.045336381,0.06748756,0.095827229,0.139542654,0.192077219,0.20263575,0.145010516,0.06405548
Head 1,452,5.96E-06,2.63E-06,1.84E-06,1.28E-06,1.09E-06,1.21E-06,1.19E-06,1.14E-06,1.06E-06,1.15E-06,1.11E-06,1.07E-06,1.22E-06,1.39E-06,1.50E-06,1.68E-06,2.31E-06,2.80E-06,3.03E-06,2.60E-06,2.06E-06,1.67E-06,1.26E-06,1.16E-06,9.88E-07,6.27E-07,2.62E-07,9.85E-08,4.72E-08,2.72E-08,2.94E-08,3.00E-08,1.82E-08,2.31E-08,2.54E-08,6.33E-08,9.72E-08,1.55E-07,2.44E-07,3.72E-07,5.75E-07,9.79E-07,1.44E-06,1.52E-06,1.25E-06,8.42E-07,5.20E-07,3.48E-07,2.71E-07,1.35E-07,8.54E-08,4.64E-08,2.34E-08,1.73E-08,1.48E-08,2.01E-08,3.60E-08,1.62E-07,1.77E-07,2.27E-07,2.59E-07,2.85E-07,3.30E-07,3.42E-07,3.72E-07,3.63E-07,3.79E-07,3.47E-07,2.41E-07,7.34E-08,4.70E-08,3.01E-08,2.09E-08,3.52E-08,1.92E-08,1.71E-08,1.42E-08,1.05E-08,2.71E-08,3.09E-08,5.07E-08,2.04E-07,3.14E-07,3.80E-07,3.17E-07,1.03E-07,9.45E-08,9.53E-08,1.01E-07,1.39E-07,1.76E-07,2.48E-07,3.11E-07,3.79E-07,4.83E-07,6.06E-07,9.60E-07,1.45E-06,2.39E-06,3.93E-06,5.68E-06,6.43E-06,5.59E-06,5.31E-06,3.26E-06,6.02E-06,7.52E-06,9.42E-06,5.37E-06,5.19E-06,5.39E-06,6.82E-06,1.43E-05,4.38E-05,0.000112117,0.000382816,0.001492893,0.00466461,0.012589492,0.025817698,0.048859507,0.066992544,0.089134052,0.131698295,0.193615898,0.223999754,0.14421542,0.056223795
Head 1,453,4.14E-06,2.84E-06,1.49E-06,9.72E-07,8.72E-07,8.21E-07,8.80E-07,9.67E-07,1.47E-06,1.10E-06,1.02E-06,1.22E-06,1.59E-06,1.93E-06,2.28E-06,3.13E-06,4.05E-06,5.58E-06,5.47E-06,4.67E-06,2.69E-06,1.51E-06,1.12E-06,1.00E-06,8.62E-07,5.31E-07,2.46E-07,1.01E-07,3.55E-08,2.61E-08,2.18E-08,1.39E-08,1.98E-08,2.07E-08,3.55E-08,4.87E-08,7.76E-08,1.38E-07,2.38E-07,3.88E-07,6.45E-07,9.78E-07,1.23E-06,1.30E-06,1.27E-06,7.70E-07,4.30E-07,2.84E-07,1.92E-07,1.44E-07,9.66E-08,5.21E-08,3.11E-08,1.77E-08,1.56E-08,2.10E-08,7.64E-08,1.01E-07,1.47E-07,1.78E-07,1.99E-07,2.43E-07,2.81E-07,3.38E-07,3.36E-07,3.49E-07,3.57E-07,3.26E-07,1.93E-07,1.37E-07,8.90E-08,5.57E-08,5.65E-08,3.95E-08,3.65E-08,3.27E-08,2.32E-08,2.89E-08,2.14E-08,2.50E-08,1.30E-07,1.98E-07,2.91E-07,3.15E-07,1.15E-07,1.10E-07,1.10E-07,1.21E-07,1.78E-07,2.46E-07,3.74E-07,5.10E-07,5.54E-07,8.03E-07,1.09E-06,1.72E-06,2.41E-06,3.36E-06,5.06E-06,7.54E-06,9.41E-06,8.58E-06,7.00E-06,3.57E-06,4.30E-06,4.30E-06,5.34E-06,4.55E-06,4.96E-06,4.88E-06,4.83E-06,7.30E-06,1.73E-05,3.92E-05,0.000125359,0.000478452,0.001597066,0.005126053,0.01370161,0.033778254,0.053040072,0.067285135,0.087492973,0.132199854,0.207178906,0.217640534,0.128161773,0.051976353
Head 1,454,4.67E-06,2.63E-06,1.45E-06,9.58E-07,6.88E-07,6.64E-07,7.73E-07,1.44E-06,1.07E-06,8.55E-07,8.55E-07,9.95E-07,1.17E-06,1.37E-06,1.88E-06,2.50E-06,4.17E-06,4.97E-06,5.40E-06,3.78E-06,2.13E-06,1.35E-06,1.06E-06,9.90E-07,8.09E-07,5.24E-07,2.50E-07,7.62E-08,3.94E-08,2.36E-08,1.37E-08,1.93E-08,2.02E-08,2.86E-08,3.10E-08,4.07E-08,6.72E-08,1.20E-07,2.18E-07,3.93E-07,6.34E-07,8.87E-07,1.15E-06,1.68E-06,1.24E-06,6.81E-07,3.79E-07,2.50E-07,1.87E-07,1.41E-07,8.93E-08,5.64E-08,2.75E-08,1.77E-08,1.72E-08,4.67E-08,6.43E-08,1.06E-07,1.40E-07,1.57E-07,1.84E-07,2.15E-07,2.77E-07,2.95E-07,3.10E-07,3.19E-07,3.08E-07,2.41E-07,1.90E-07,1.32E-07,8.12E-08,6.84E-08,4.56E-08,4.14E-08,4.19E-08,3.56E-08,4.75E-08,3.02E-08,2.67E-08,1.14E-07,1.46E-07,2.24E-07,2.95E-07,1.24E-07,1.23E-07,1.12E-07,1.05E-07,1.31E-07,1.66E-07,2.37E-07,3.10E-07,3.34E-07,5.01E-07,7.07E-07,1.18E-06,1.74E-06,2.45E-06,3.72E-06,6.11E-06,9.52E-06,1.15E-05,1.15E-05,6.30E-06,6.24E-06,4.72E-06,4.67E-06,4.18E-06,5.03E-06,5.32E-06,4.70E-06,5.27E-06,8.74E-06,1.51E-05,4.05E-05,0.000141163,0.000458898,0.001545207,0.004774816,0.014910943,0.03236226,0.049825221,0.064320102,0.090916261,0.153640717,0.219246909,0.201099634,0.118376456,0.048157979
Head 1,455,6.00E-06,3.53E-06,1.97E-06,1.05E-06,7.79E-07,8.36E-07,1.71E-06,1.50E-06,1.17E-06,1.04E-06,1.04E-06,1.10E-06,1.22E-06,1.62E-06,2.09E-06,3.68E-06,4.91E-06,6.41E-06,6.00E-06,4.18E-06,2.64E-06,1.77E-06,1.47E-06,1.31E-06,1.12E-06,7.39E-07,2.72E-07,1.19E-07,5.10E-08,2.39E-08,2.84E-08,2.88E-08,3.89E-08,3.57E-08,3.80E-08,5.14E-08,8.34E-08,1.54E-07,3.00E-07,5.15E-07,7.61E-07,1.12E-06,2.28E-06,2.29E-06,1.53E-06,8.45E-07,4.97E-07,3.40E-07,2.54E-07,1.81E-07,1.33E-07,6.81E-08,3.73E-08,2.66E-08,4.57E-08,5.46E-08,9.34E-08,1.38E-07,1.67E-07,1.92E-07,2.14E-07,2.76E-07,3.15E-07,3.51E-07,3.68E-07,3.57E-07,3.39E-07,3.03E-07,2.33E-07,1.53E-07,1.24E-07,7.24E-08,5.72E-08,5.62E-08,5.36E-08,8.63E-08,5.98E-08,4.58E-08,1.56E-07,1.53E-07,2.01E-07,2.78E-07,1.35E-07,1.61E-07,1.55E-07,1.35E-07,1.42E-07,1.56E-07,2.03E-07,2.46E-07,2.45E-07,3.67E-07,5.23E-07,8.93E-07,1.38E-06,2.00E-06,2.97E-06,4.85E-06,8.31E-06,1.26E-05,1.67E-05,1.16E-05,1.15E-05,7.51E-06,5.70E-06,4.32E-06,5.20E-06,6.27E-06,5.89E-06,5.81E-06,7.15E-06,8.86E-06,1.80E-05,5.18E-05,0.000149608,0.000477688,0.001511134,0.004911615,0.014471127,0.031243976,0.047723785,0.066331744,0.105902791,0.164277971,0.203655511,0.19807817,0.111136004,0.049849257
Head 1,456,4.83E-06,3.36E-06,1.66E-06,9.69E-07,8.46E-07,1.26E-06,1.44E-06,1.21E-06,1.08E-06,9.46E-07,8.40E-07,7.67E-07,8.64E-07,9.27E-07,1.34E-06,1.75E-06,2.34E-06,2.86E-06,2.82E-06,2.35E-06,1.73E-06,1.46E-06,1.32E-06,1.33E-06,1.20E-06,6.49E-07,3.01E-07,1.06E-07,4.00E-08,3.54E-08,3.07E-08,4.29E-08,4.02E-08,3.97E-08,4.42E-08,5.71E-08,9.01E-08,1.68E-07,2.86E-07,4.21E-07,6.57E-07,1.61E-06,2.24E-06,2.14E-06,1.50E-06,7.02E-07,4.68E-07,3.18E-07,2.19E-07,1.70E-07,9.19E-08,4.80E-08,2.85E-08,4.33E-08,4.14E-08,6.74E-08,1.10E-07,1.51E-07,1.82E-07,1.90E-07,2.25E-07,2.48E-07,2.85E-07,3.09E-07,3.01E-07,2.08E-07,2.02E-07,1.66E-07,1.14E-07,1.35E-07,4.76E-08,3.02E-08,2.44E-08,2.18E-08,5.19E-08,4.90E-08,4.66E-08,1.02E-07,8.57E-08,9.63E-08,1.30E-07,7.41E-08,1.15E-07,1.41E-07,1.33E-07,1.25E-07,1.10E-07,1.13E-07,1.09E-07,8.45E-08,1.17E-07,1.54E-07,2.42E-07,3.49E-07,4.91E-07,6.87E-07,1.08E-06,1.95E-06,3.60E-06,7.11E-06,7.03E-06,1.22E-05,9.85E-06,7.26E-06,4.18E-06,4.61E-06,6.18E-06,6.38E-06,6.30E-06,6.56E-06,6.00E-06,8.94E-06,2.01E-05,4.83E-05,0.0001387,0.000415856,0.001317207,0.004640852,0.013370191,0.027766496,0.045870028,0.076242946,0.118366741,0.162782535,0.193711028,0.179023683,0.115621887,0.060503401
Head 1,457,6.14E-06,3.41E-06,1.73E-06,1.16E-06,1.42E-06,1.56E-06,1.43E-06,1.44E-06,1.31E-06,1.11E-06,9.28E-07,9.63E-07,9.86E-07,1.25E-06,1.60E-06,2.10E-06,2.52E-06,3.00E-06,3.13E-06,2.63E-06,2.13E-06,1.69E-06,1.58E-06,1.66E-06,1.37E-06,8.60E-07,3.30E-07,1.09E-07,7.01E-08,4.53E-08,5.22E-08,4.79E-08,4.83E-08,4.99E-08,5.48E-08,7.27E-08,1.25E-07,2.14E-07,3.18E-07,4.94E-07,1.27E-06,2.04E-06,2.59E-06,2.50E-06,1.23E-06,8.69E-07,5.64E-07,3.66E-07,2.89E-07,1.78E-07,1.05E-07,6.21E-08,6.74E-08,4.60E-08,5.57E-08,8.21E-08,1.24E-07,1.73E-07,1.95E-07,2.29E-07,2.45E-07,2.83E-07,3.21E-07,3.23E-07,2.39E-07,2.64E-07,2.40E-07,1.85E-07,2.63E-07,9.26E-08,5.35E-08,3.59E-08,2.65E-08,5.21E-08,5.61E-08,6.35E-08,1.44E-07,1.14E-07,9.97E-08,1.02E-07,4.94E-08,8.52E-08,1.36E-07,1.63E-07,1.71E-07,1.47E-07,1.36E-07,1.20E-07,7.04E-08,9.51E-08,1.26E-07,1.94E-07,2.77E-07,4.01E-07,5.58E-07,8.30E-07,1.34E-06,2.27E-06,4.69E-06,4.99E-06,1.20E-05,1.31E-05,1.08E-05,5.42E-06,4.82E-06,5.99E-06,6.80E-06,7.67E-06,8.30E-06,6.65E-06,7.52E-06,1.23E-05,2.24E-05,5.35E-05,0.000142636,0.000389251,0.001360206,0.004694155,0.013260304,0.028716961,0.053327482,0.079260394,0.101752557,0.143528193,0.189532384,0.18639867,0.134415373,0.06295988
Head 1,458,5.28E-06,3.15E-06,1.89E-06,1.86E-06,1.74E-06,1.51E-06,1.71E-06,1.80E-06,1.63E-06,1.38E-06,1.38E-06,1.42E-06,1.51E-06,1.81E-06,2.23E-06,2.55E-06,2.99E-06,3.55E-06,3.61E-06,3.24E-06,2.41E-06,1.93E-06,1.92E-06,1.91E-06,1.70E-06,8.93E-07,2.82E-07,1.56E-07,7.28E-08,6.28E-08,5.03E-08,5.29E-08,5.74E-08,6.08E-08,7.06E-08,1.07E-07,1.73E-07,2.53E-07,3.85E-07,9.58E-07,1.50E-06,2.17E-06,2.81E-06,1.67E-06,1.41E-06,9.91E-07,6.18E-07,4.58E-07,2.88E-07,1.91E-07,1.25E-07,1.19E-07,6.10E-08,4.96E-08,5.35E-08,7.56E-08,1.18E-07,1.58E-07,2.05E-07,2.22E-07,2.54E-07,2.93E-07,3.06E-07,2.14E-07,2.67E-07,2.67E-07,2.27E-07,3.86E-07,1.53E-07,9.24E-08,5.57E-08,3.18E-08,4.17E-08,3.91E-08,4.72E-08,1.34E-07,1.14E-07,8.74E-08,6.60E-08,2.36E-08,3.70E-08,6.90E-08,1.11E-07,1.58E-07,1.60E-07,1.53E-07,1.32E-07,4.65E-08,6.21E-08,8.46E-08,1.32E-07,1.88E-07,2.77E-07,3.94E-07,5.79E-07,8.47E-07,1.20E-06,2.13E-06,1.99E-06,6.80E-06,1.02E-05,1.15E-05,5.65E-06,4.36E-06,4.50E-06,4.93E-06,6.11E-06,7.68E-06,6.48E-06,6.54E-06,8.44E-06,1.16E-05,2.24E-05,5.16E-05,0.000132988,0.000406289,0.00138047,0.004687829,0.013725678,0.033246942,0.054612707,0.065876134,0.085429236,0.13208583,0.185697228,0.216727421,0.144263193,0.061474334
Head 1,459,4.12E-06,2.77E-06,2.49E-06,1.82E-06,1.27E-06,1.39E-06,1.62E-06,1.64E-06,1.45E-06,1.36E-06,1.31E-06,1.25E-06,1.42E-06,1.79E-06,2.11E-06,2.26E-06,2.68E-06,3.15E-06,3.46E-06,2.91E-06,2.19E-06,1.85E-06,1.73E-06,1.82E-06,1.36E-06,5.40E-07,3.32E-07,1.35E-07,8.01E-08,4.59E-08,4.26E-08,4.78E-08,5.31E-08,5.86E-08,7.63E-08,1.09E-07,1.52E-07,2.42E-07,6.31E-07,9.68E-07,1.38E-06,1.97E-06,1.42E-06,1.50E-06,1.29E-06,8.62E-07,6.11E-07,3.55E-07,2.40E-07,1.78E-07,1.94E-07,9.70E-08,5.97E-08,4.26E-08,4.37E-08,6.27E-08,9.53E-08,1.48E-07,1.76E-07,2.03E-07,2.28E-07,2.42E-07,1.55E-07,2.21E-07,2.48E-07,2.25E-07,3.84E-07,1.86E-07,1.29E-07,8.39E-08,4.46E-08,4.72E-08,3.29E-08,3.57E-08,1.04E-07,1.06E-07,9.09E-08,6.25E-08,1.66E-08,1.94E-08,3.21E-08,5.79E-08,1.08E-07,1.40E-07,1.49E-07,1.27E-07,3.06E-08,3.76E-08,5.04E-08,7.97E-08,1.13E-07,1.63E-07,2.35E-07,3.60E-07,5.43E-07,7.36E-07,1.15E-06,8.67E-07,3.22E-06,5.64E-06,8.99E-06,5.77E-06,4.73E-06,4.07E-06,3.70E-06,4.21E-06,5.78E-06,5.67E-06,6.01E-06,6.83E-06,7.18E-06,1.04E-05,1.93E-05,4.87E-05,0.000131387,0.000401125,0.001360081,0.004733757,0.015521601,0.034023974,0.046873938,0.054341283,0.082923286,0.131632,0.211927593,0.224825442,0.137014687,0.054066252
Head 1,460,5.36E-06,5.98E-06,3.20E-06,1.67E-06,1.45E-06,1.60E-06,1.78E-06,1.79E-06,1.76E-06,1.63E-06,1.79E-06,1.86E-06,2.42E-06,3.20E-06,3.75E-06,4.54E-06,5.79E-06,7.26E-06,7.13E-06,5.53E-06,3.83E-06,2.68E-06,2.35E-06,1.91E-06,1.18E-06,8.49E-07,3.64E-07,1.86E-07,7.58E-08,4.93E-08,4.50E-08,4.84E-08,5.27E-08,6.25E-08,7.69E-08,9.83E-08,1.59E-07,4.35E-07,7.55E-07,1.15E-06,1.71E-06,1.60E-06,1.95E-06,2.02E-06,1.57E-06,1.16E-06,6.35E-07,4.08E-07,3.18E-07,3.15E-07,1.98E-07,1.22E-07,6.62E-08,4.38E-08,4.31E-08,5.69E-08,9.40E-08,1.31E-07,1.69E-07,1.97E-07,2.16E-07,1.52E-07,2.49E-07,3.48E-07,3.84E-07,4.36E-07,4.14E-07,3.46E-07,2.71E-07,1.66E-07,1.38E-07,8.11E-08,7.00E-08,1.49E-07,1.75E-07,1.92E-07,1.57E-07,3.48E-08,2.99E-08,3.41E-08,4.91E-08,9.31E-08,1.44E-07,1.83E-07,1.70E-07,4.46E-08,4.78E-08,5.92E-08,9.42E-08,1.43E-07,2.20E-07,3.43E-07,5.86E-07,1.02E-06,1.57E-06,2.46E-06,1.92E-06,4.90E-06,7.40E-06,1.23E-05,1.10E-05,1.02E-05,7.19E-06,4.81E-06,3.98E-06,4.64E-06,4.99E-06,6.16E-06,7.51E-06,7.34E-06,8.38E-06,1.17E-05,2.05E-05,4.81E-05,0.000139908,0.000450659,0.001615925,0.006288416,0.018520162,0.034434721,0.04796847,0.070551917,0.10522335,0.138481125,0.188399896,0.20404698,0.124589324,0.058996208
Head 1,461,7.50E-06,4.50E-06,2.01E-06,1.28E-06,1.11E-06,1.14E-06,1.27E-06,1.39E-06,1.26E-06,1.36E-06,1.15E-06,1.27E-06,1.59E-06,1.93E-06,2.38E-06,3.11E-06,4.37E-06,5.43E-06,5.64E-06,4.69E-06,3.23E-06,2.48E-06,1.82E-06,1.55E-06,1.38E-06,7.42E-07,3.79E-07,1.31E-07,5.97E-08,3.89E-08,3.52E-08,3.76E-08,4.37E-08,4.79E-08,4.97E-08,6.68E-08,1.67E-07,3.14E-07,5.38E-07,8.72E-07,8.99E-07,1.29E-06,1.63E-06,1.59E-06,1.43E-06,8.25E-07,4.96E-07,3.48E-07,3.02E-07,2.28E-07,1.77E-07,1.00E-07,5.28E-08,3.54E-08,3.32E-08,4.79E-08,7.07E-08,1.03E-07,1.29E-07,1.39E-07,8.65E-08,1.36E-07,2.05E-07,2.61E-07,3.34E-07,3.52E-07,3.24E-07,2.78E-07,1.89E-07,1.75E-07,9.76E-08,6.99E-08,1.04E-07,1.11E-07,1.37E-07,1.45E-07,3.68E-08,3.16E-08,2.88E-08,3.18E-08,5.22E-08,8.78E-08,1.37E-07,1.50E-07,4.35E-08,3.93E-08,3.93E-08,5.42E-08,7.76E-08,1.16E-07,1.75E-07,2.84E-07,4.91E-07,8.05E-07,1.38E-06,1.18E-06,2.98E-06,4.23E-06,7.08E-06,8.15E-06,1.10E-05,1.02E-05,7.08E-06,4.80E-06,4.24E-06,3.91E-06,4.85E-06,6.53E-06,6.72E-06,6.71E-06,7.04E-06,8.15E-06,1.55E-05,3.94E-05,0.00011475,0.000386792,0.001579187,0.005686189,0.014844106,0.026474062,0.045652103,0.075443678,0.099555507,0.144342318,0.202572197,0.197990239,0.133156419,0.051957514
Head 1,462,5.42E-06,2.95E-06,1.69E-06,1.12E-06,9.21E-07,9.79E-07,1.19E-06,1.18E-06,1.16E-06,8.56E-07,7.45E-07,8.71E-07,9.13E-07,9.73E-07,1.06E-06,1.38E-06,1.80E-06,2.36E-06,2.75E-06,2.51E-06,2.18E-06,1.61E-06,1.30E-06,1.53E-06,1.16E-06,8.26E-07,2.89E-07,1.08E-07,5.07E-08,3.52E-08,3.48E-08,4.28E-08,4.98E-08,4.84E-08,5.41E-08,1.05E-07,1.81E-07,3.00E-07,4.78E-07,4.21E-07,6.81E-07,9.81E-07,1.18E-06,1.38E-06,9.73E-07,6.31E-07,4.16E-07,3.57E-07,2.50E-07,2.24E-07,1.48E-07,7.78E-08,4.24E-08,2.89E-08,3.35E-08,4.77E-08,7.81E-08,1.13E-07,1.27E-07,6.35E-08,9.12E-08,1.24E-07,1.52E-07,2.95E-07,2.23E-07,2.15E-07,1.92E-07,1.36E-07,2.00E-07,1.04E-07,6.04E-08,7.45E-08,5.91E-08,6.41E-08,7.20E-08,2.21E-08,2.30E-08,2.07E-08,1.95E-08,2.60E-08,4.31E-08,8.15E-08,1.20E-07,3.76E-08,3.31E-08,2.83E-08,3.19E-08,3.89E-08,5.18E-08,7.07E-08,1.02E-07,1.55E-07,2.29E-07,3.67E-07,2.79E-07,8.14E-07,1.11E-06,1.82E-06,1.96E-06,4.14E-06,6.92E-06,7.77E-06,6.52E-06,5.50E-06,4.33E-06,4.82E-06,6.59E-06,7.36E-06,7.36E-06,6.55E-06,6.38E-06,9.31E-06,1.87E-05,4.43E-05,0.000124909,0.000460833,0.00166534,0.005113863,0.010940407,0.0229191,0.04425412,0.078168623,0.117048129,0.165679902,0.21532926,0.186662689,0.103903346,0.04752183
Head 1,463,5.31E-06,3.51E-06,2.06E-06,1.28E-06,1.09E-06,1.29E-06,1.43E-06,1.69E-06,1.36E-06,1.06E-06,1.02E-06,1.03E-06,1.08E-06,1.14E-06,1.36E-06,1.66E-06,2.26E-06,3.15E-06,3.57E-06,3.51E-06,2.47E-06,1.92E-06,2.22E-06,1.93E-06,1.85E-06,8.73E-07,3.53E-07,1.33E-07,6.40E-08,4.58E-08,4.86E-08,5.65E-08,5.66E-08,5.90E-08,8.73E-08,1.35E-07,2.17E-07,3.57E-07,2.98E-07,5.35E-07,8.35E-07,1.14E-06,1.60E-06,1.43E-06,1.13E-06,8.07E-07,6.31E-07,3.75E-07,3.40E-07,2.70E-07,1.67E-07,8.84E-08,4.56E-08,3.53E-08,3.73E-08,5.58E-08,8.89E-08,1.16E-07,5.91E-08,8.57E-08,1.12E-07,1.35E-07,3.08E-07,2.33E-07,2.54E-07,2.53E-07,2.00E-07,3.20E-07,2.07E-07,1.28E-07,1.32E-07,7.93E-08,6.61E-08,6.70E-08,2.02E-08,2.65E-08,2.78E-08,2.45E-08,2.46E-08,3.12E-08,5.36E-08,8.94E-08,4.23E-08,4.35E-08,3.78E-08,3.73E-08,3.86E-08,4.63E-08,6.06E-08,8.56E-08,1.27E-07,1.83E-07,2.90E-07,2.40E-07,6.67E-07,8.92E-07,1.29E-06,1.07E-06,2.32E-06,5.02E-06,8.09E-06,9.05E-06,8.10E-06,5.66E-06,5.16E-06,6.24E-06,7.42E-06,8.40E-06,7.88E-06,5.98E-06,6.89E-06,1.09E-05,2.11E-05,4.96E-05,0.000156118,0.000503395,0.001554814,0.004361725,0.01114086,0.026535369,0.055613492,0.083063759,0.109212041,0.157221258,0.206005171,0.178655878,0.114233091,0.051504388
Head 1,464,8.52E-06,5.37E-06,2.79E-06,1.72E-06,1.62E-06,1.74E-06,2.71E-06,2.81E-06,2.36E-06,1.72E-06,1.74E-06,1.98E-06,2.42E-06,3.14E-06,3.86E-06,5.17E-06,7.36E-06,9.03E-06,1.01E-05,7.06E-06,5.63E-06,5.01E-06,3.57E-06,2.89E-06,1.91E-06,1.07E-06,4.41E-07,1.76E-07,8.50E-08,6.41E-08,6.27E-08,6.22E-08,6.47E-08,8.36E-08,1.11E-07,1.63E-07,2.76E-07,2.59E-07,5.13E-07,8.80E-07,1.30E-06,1.98E-06,2.09E-06,2.03E-06,1.74E-06,1.34E-06,6.82E-07,5.22E-07,4.26E-07,3.26E-07,2.08E-07,1.04E-07,5.81E-08,3.93E-08,4.09E-08,5.73E-08,8.32E-08,5.29E-08,8.08E-08,1.06E-07,1.30E-07,3.15E-07,2.75E-07,3.68E-07,4.46E-07,4.26E-07,4.67E-07,4.14E-07,3.54E-07,4.35E-07,2.34E-07,1.47E-07,1.14E-07,2.88E-08,4.05E-08,5.24E-08,5.22E-08,4.52E-08,4.09E-08,4.92E-08,6.74E-08,3.88E-08,4.90E-08,5.04E-08,5.05E-08,4.75E-08,5.27E-08,6.81E-08,1.01E-07,1.62E-07,2.51E-07,4.23E-07,5.14E-07,1.24E-06,1.95E-06,2.90E-06,2.21E-06,3.51E-06,6.27E-06,1.03E-05,1.32E-05,1.29E-05,8.45E-06,5.90E-06,5.18E-06,5.35E-06,6.42E-06,7.24E-06,4.99E-06,5.23E-06,6.78E-06,1.11E-05,2.29E-05,6.41E-05,0.000184404,0.000518867,0.001726865,0.004788748,0.013778065,0.034542203,0.057926279,0.075365081,0.096501179,0.174298927,0.203938723,0.167679355,0.110350892,0.0580661
Head 1,465,7.58E-06,4.75E-06,2.63E-06,1.91E-06,1.66E-06,2.23E-06,2.65E-06,2.49E-06,1.88E-06,1.57E-06,1.46E-06,1.51E-06,1.74E-06,1.84E-06,2.05E-06,2.65E-06,3.78E-06,5.33E-06,5.16E-06,4.15E-06,4.17E-06,3.32E-06,3.34E-06,2.69E-06,2.12E-06,1.16E-06,4.82E-07,1.85E-07,9.86E-08,7.34E-08,6.79E-08,7.58E-08,8.42E-08,1.05E-07,1.35E-07,1.99E-07,1.33E-07,2.63E-07,4.75E-07,7.55E-07,1.24E-06,1.48E-06,1.76E-06,1.97E-06,2.49E-06,1.23E-06,7.89E-07,5.50E-07,4.22E-07,3.17E-07,1.83E-07,9.76E-08,5.22E-08,3.98E-08,4.40E-08,6.10E-08,3.35E-08,6.19E-08,9.00E-08,1.04E-07,2.81E-07,1.83E-07,2.36E-07,2.95E-07,2.87E-07,4.41E-07,4.06E-07,3.92E-07,5.11E-07,2.64E-07,1.41E-07,8.18E-08,1.47E-08,1.79E-08,2.67E-08,3.43E-08,3.43E-08,3.00E-08,3.00E-08,3.49E-08,2.38E-08,3.56E-08,4.72E-08,5.42E-08,4.83E-08,4.33E-08,4.40E-08,5.49E-08,7.81E-08,1.09E-07,1.63E-07,1.33E-07,3.40E-07,5.22E-07,8.12E-07,5.11E-07,7.41E-07,1.37E-06,2.79E-06,5.63E-06,9.60E-06,9.93E-06,8.53E-06,7.05E-06,6.17E-06,6.71E-06,7.84E-06,6.29E-06,6.52E-06,6.96E-06,8.70E-06,1.37E-05,3.05E-05,7.19E-05,0.000165251,0.000466407,0.001424101,0.004831963,0.016052173,0.036823452,0.054547638,0.067693889,0.101591349,0.146089837,0.199070111,0.202506825,0.113370702,0.055056699
Head 1,466,6.99E-06,4.38E-06,2.75E-06,1.79E-06,2.00E-06,2.42E-06,2.67E-06,2.18E-06,1.74E-06,1.46E-06,1.37E-06,1.51E-06,1.64E-06,1.78E-06,2.12E-06,2.85E-06,4.10E-06,4.74E-06,4.67E-06,5.21E-06,4.24E-06,3.53E-06,2.74E-06,2.60E-06,2.03E-06,1.17E-06,4.78E-07,2.01E-07,1.01E-07,6.72E-08,6.62E-08,7.03E-08,8.60E-08,1.01E-07,1.29E-07,7.67E-08,1.37E-07,2.58E-07,4.55E-07,8.26E-07,1.06E-06,1.39E-06,1.88E-06,3.46E-06,2.14E-06,1.33E-06,7.63E-07,5.05E-07,3.94E-07,2.78E-07,1.74E-07,8.86E-08,5.03E-08,3.69E-08,3.79E-08,1.92E-08,3.70E-08,6.23E-08,7.94E-08,2.29E-07,1.35E-07,1.72E-07,2.32E-07,2.55E-07,4.09E-07,3.82E-07,4.15E-07,7.81E-07,4.43E-07,2.35E-07,1.17E-07,1.65E-08,1.41E-08,1.84E-08,2.67E-08,3.40E-08,3.43E-08,3.15E-08,2.82E-08,1.65E-08,2.40E-08,3.75E-08,5.49E-08,5.71E-08,4.93E-08,4.27E-08,4.48E-08,5.75E-08,7.75E-08,1.15E-07,9.02E-08,2.17E-07,3.28E-07,5.55E-07,4.04E-07,5.35E-07,8.09E-07,1.39E-06,2.79E-06,6.05E-06,9.14E-06,1.07E-05,9.39E-06,6.96E-06,6.05E-06,6.44E-06,5.52E-06,6.40E-06,6.64E-06,7.14E-06,8.89E-06,1.56E-05,3.08E-05,6.20E-05,0.000148116,0.000435222,0.001546473,0.005455537,0.016901236,0.034956992,0.049247202,0.068626091,0.098355256,0.144056082,0.208798662,0.185896054,0.130840957,0.054435153
Head 1,467,9.55E-06,6.87E-06,3.95E-06,3.25E-06,3.31E-06,3.76E-06,3.56E-06,3.05E-06,2.57E-06,2.27E-06,2.36E-06,2.59E-06,2.91E-06,3.32E-06,3.96E-06,5.03E-06,5.82E-06,6.41E-06,8.02E-06,7.21E-06,5.93E-06,4.16E-06,3.82E-06,3.68E-06,3.10E-06,1.75E-06,7.84E-07,3.08E-07,1.40E-07,1.02E-07,9.30E-08,1.11E-07,1.30E-07,1.54E-07,8.08E-08,1.23E-07,2.18E-07,4.01E-07,7.95E-07,1.08E-06,1.47E-06,2.13E-06,5.00E-06,4.48E-06,3.44E-06,1.91E-06,1.06E-06,7.24E-07,5.35E-07,4.02E-07,2.32E-07,1.22E-07,6.53E-08,4.47E-08,1.88E-08,3.06E-08,5.48E-08,8.11E-08,2.78E-07,1.56E-07,1.92E-07,2.58E-07,2.99E-07,5.43E-07,4.99E-07,5.52E-07,1.66E-06,1.06E-06,6.27E-07,3.14E-07,4.30E-08,2.50E-08,2.27E-08,2.81E-08,3.92E-08,4.85E-08,4.96E-08,4.02E-08,1.65E-08,1.94E-08,3.00E-08,5.31E-08,7.29E-08,7.31E-08,6.25E-08,5.78E-08,6.41E-08,7.96E-08,1.15E-07,9.71E-08,2.24E-07,3.07E-07,5.14E-07,4.49E-07,6.15E-07,8.08E-07,1.11E-06,1.76E-06,3.66E-06,6.91E-06,1.17E-05,1.37E-05,1.08E-05,7.98E-06,6.95E-06,5.69E-06,6.97E-06,7.63E-06,8.17E-06,9.01E-06,1.28E-05,2.05E-05,3.59E-05,6.83E-05,0.000176973,0.0005942,0.001895468,0.006664588,0.018693268,0.034592152,0.049259797,0.066099152,0.091270171,0.146373227,0.190058708,0.216107354,0.126250401,0.051576152
Head 1,468,1.30E-05,8.57E-06,5.89E-06,4.60E-06,4.46E-06,4.40E-06,4.16E-06,3.85E-06,3.32E-06,3.08E-06,3.15E-06,3.64E-06,4.35E-06,5.12E-06,5.91E-06,6.15E-06,7.03E-06,9.72E-06,1.03E-05,9.78E-06,6.62E-06,5.13E-06,4.72E-06,4.84E-06,4.01E-06,2.50E-06,1.04E-06,3.68E-07,1.79E-07,1.23E-07,1.26E-07,1.45E-07,1.67E-07,8.43E-08,1.07E-07,1.62E-07,2.79E-07,5.94E-07,9.00E-07,1.32E-06,1.98E-06,4.87E-06,5.78E-06,6.27E-06,4.24E-06,2.25E-06,1.29E-06,8.34E-07,6.68E-07,4.68E-07,2.87E-07,1.43E-07,7.04E-08,2.26E-08,2.53E-08,3.86E-08,6.08E-08,2.66E-07,1.46E-07,1.80E-07,2.33E-07,2.69E-07,6.03E-07,5.69E-07,6.18E-07,2.53E-06,1.77E-06,1.17E-06,6.60E-07,1.05E-07,5.12E-08,3.22E-08,2.79E-08,3.38E-08,4.66E-08,5.95E-08,5.51E-08,1.97E-08,1.75E-08,2.17E-08,3.78E-08,6.35E-08,8.09E-08,7.96E-08,7.14E-08,6.81E-08,7.26E-08,9.62E-08,9.15E-08,2.03E-07,2.53E-07,3.84E-07,3.59E-07,5.58E-07,7.59E-07,9.70E-07,1.23E-06,2.05E-06,3.74E-06,7.92E-06,1.35E-05,1.44E-05,1.11E-05,8.13E-06,5.67E-06,6.27E-06,7.07E-06,8.19E-06,8.97E-06,1.09E-05,1.39E-05,2.03E-05,3.23E-05,6.93E-05,0.000214547,0.000617795,0.002095129,0.006854788,0.017677069,0.031588946,0.045857906,0.062545352,0.090750247,0.138518646,0.218268037,0.210938349,0.120823562,0.052808009
Head 1,469,1.34E-05,9.75E-06,6.65E-06,5.07E-06,4.30E-06,4.08E-06,4.32E-06,4.09E-06,3.66E-06,3.32E-06,3.57E-06,4.32E-06,5.34E-06,6.29E-06,6.02E-06,6.43E-06,8.97E-06,1.06E-05,1.22E-05,9.58E-06,6.85E-06,5.30E-06,5.10E-06,5.17E-06,4.68E-06,2.74E-06,1.03E-06,3.86E-07,1.85E-07,1.36E-07,1.33E-07,1.51E-07,7.87E-08,9.07E-08,1.14E-07,1.64E-07,3.31E-07,5.42E-07,9.08E-07,1.46E-06,3.64E-06,4.67E-06,6.77E-06,6.42E-06,4.14E-06,2.30E-06,1.24E-06,8.81E-07,6.49E-07,4.86E-07,2.84E-07,1.30E-07,3.45E-08,2.49E-08,2.61E-08,3.53E-08,1.79E-07,1.02E-07,1.38E-07,1.78E-07,1.95E-07,5.10E-07,5.16E-07,5.86E-07,2.96E-06,2.25E-06,1.64E-06,1.04E-06,1.98E-07,1.04E-07,5.43E-08,3.30E-08,2.81E-08,3.37E-08,4.79E-08,5.61E-08,2.32E-08,1.75E-08,1.61E-08,2.27E-08,3.79E-08,5.82E-08,7.36E-08,7.61E-08,7.01E-08,6.40E-08,7.17E-08,7.41E-08,1.57E-07,1.91E-07,2.64E-07,2.24E-07,3.73E-07,5.58E-07,7.73E-07,9.23E-07,1.25E-06,1.82E-06,3.73E-06,8.08E-06,1.26E-05,1.30E-05,1.00E-05,6.30E-06,5.48E-06,5.50E-06,6.66E-06,8.06E-06,9.76E-06,1.06E-05,1.24E-05,1.69E-05,2.76E-05,7.57E-05,0.0002117,0.000643815,0.002021377,0.006284438,0.015477869,0.027936283,0.045590062,0.061752971,0.090399384,0.152037218,0.214271277,0.202226177,0.125873938,0.054823849
Head 1,470,1.36E-05,1.04E-05,7.05E-06,4.70E-06,3.75E-06,4.01E-06,4.31E-06,4.26E-06,3.71E-06,3.54E-06,3.89E-06,4.73E-06,6.05E-06,5.97E-06,5.89E-06,8.02E-06,9.54E-06,1.21E-05,1.21E-05,9.79E-06,7.05E-06,5.68E-06,5.44E-06,5.89E-06,5.01E-06,2.66E-06,1.06E-06,4.16E-07,2.05E-07,1.42E-07,1.36E-07,7.43E-08,8.49E-08,9.50E-08,1.11E-07,1.86E-07,2.87E-07,5.20E-07,9.50E-07,2.69E-06,3.25E-06,5.28E-06,6.67E-06,5.96E-06,4.05E-06,2.12E-06,1.28E-06,8.25E-07,6.50E-07,4.68E-07,2.55E-07,6.90E-08,3.77E-08,2.56E-08,2.38E-08,1.02E-07,5.92E-08,9.13E-08,1.28E-07,1.39E-07,3.83E-07,4.00E-07,4.94E-07,2.77E-06,2.38E-06,1.94E-06,1.36E-06,2.85E-07,1.82E-07,1.00E-07,5.16E-08,3.07E-08,2.62E-08,3.24E-08,4.23E-08,2.58E-08,1.98E-08,1.54E-08,1.64E-08,2.21E-08,3.34E-08,5.07E-08,6.69E-08,7.12E-08,6.31E-08,5.99E-08,6.04E-08,1.12E-07,1.38E-07,1.85E-07,1.38E-07,2.21E-07,3.42E-07,5.31E-07,7.03E-07,9.02E-07,1.08E-06,1.79E-06,3.79E-06,7.49E-06,1.13E-05,1.16E-05,8.30E-06,5.94E-06,4.68E-06,4.99E-06,6.32E-06,8.46E-06,9.13E-06,9.10E-06,1.10E-05,1.28E-05,2.77E-05,7.36E-05,0.000205907,0.000574728,0.00176437,0.005584813,0.012791388,0.028019931,0.043730274,0.060642768,0.09523721,0.148330495,0.202367842,0.210075349,0.131779432,0.058454547
Head 1,471,1.54E-05,1.05E-05,5.12E-06,3.08E-06,2.71E-06,2.94E-06,3.36E-06,3.26E-06,3.06E-06,3.05E-06,3.49E-06,4.83E-06,5.74E-06,6.61E-06,9.55E-06,1.19E-05,1.46E-05,1.75E-05,1.67E-05,1.21E-05,7.96E-06,5.53E-06,4.86E-06,4.50E-06,3.39E-06,1.88E-06,8.24E-07,3.39E-07,1.64E-07,1.10E-07,5.58E-08,6.29E-08,6.92E-08,7.27E-08,9.83E-08,1.26E-07,2.17E-07,4.42E-07,1.45E-06,1.88E-06,3.17E-06,4.59E-06,5.38E-06,4.86E-06,2.94E-06,1.63E-06,8.70E-07,5.98E-07,4.63E-07,3.28E-07,1.50E-07,8.45E-08,4.50E-08,2.74E-08,5.00E-08,3.43E-08,5.13E-08,7.73E-08,9.16E-08,2.37E-07,2.55E-07,3.38E-07,2.08E-06,2.26E-06,2.35E-06,2.02E-06,4.69E-07,3.83E-07,2.68E-07,1.53E-07,7.71E-08,4.70E-08,4.08E-08,4.55E-08,5.56E-08,4.46E-08,3.21E-08,2.59E-08,2.35E-08,2.54E-08,3.41E-08,5.01E-08,6.62E-08,6.88E-08,6.56E-08,6.98E-08,8.39E-08,1.08E-07,1.61E-07,1.74E-07,2.88E-07,4.67E-07,8.15E-07,1.35E-06,2.05E-06,2.50E-06,3.33E-06,5.19E-06,8.88E-06,1.43E-05,1.78E-05,1.32E-05,8.46E-06,5.19E-06,3.96E-06,4.10E-06,5.46E-06,6.40E-06,6.34E-06,9.09E-06,8.44E-06,1.31E-05,2.37E-05,6.03E-05,0.000179344,0.000536541,0.002037368,0.005245584,0.01345379,0.028928062,0.051137224,0.066021539,0.089148499,0.131924435,0.197825819,0.210280135,0.138131946,0.064697973
Head 1,472,1.04E-05,5.58E-06,2.77E-06,1.80E-06,1.60E-06,1.82E-06,1.98E-06,1.97E-06,1.83E-06,1.76E-06,2.04E-06,2.32E-06,2.74E-06,4.11E-06,5.28E-06,6.08E-06,8.01E-06,9.85E-06,9.63E-06,7.44E-06,4.94E-06,3.65E-06,3.04E-06,2.60E-06,1.96E-06,1.13E-06,4.87E-07,1.89E-07,9.03E-08,3.83E-08,3.71E-08,3.99E-08,4.20E-08,5.11E-08,5.34E-08,7.53E-08,1.41E-07,5.31E-07,7.56E-07,1.33E-06,2.07E-06,2.91E-06,3.50E-06,2.85E-06,1.81E-06,8.98E-07,4.98E-07,3.29E-07,2.44E-07,1.46E-07,9.70E-08,5.32E-08,2.68E-08,3.08E-08,1.84E-08,2.43E-08,3.86E-08,5.21E-08,1.45E-07,1.53E-07,2.01E-07,1.14E-06,1.30E-06,1.52E-06,1.50E-06,3.85E-07,3.39E-07,2.81E-07,1.92E-07,1.01E-07,5.38E-08,3.51E-08,2.98E-08,5.24E-08,4.85E-08,4.17E-08,3.61E-08,2.98E-08,2.55E-08,2.77E-08,3.89E-08,5.81E-08,7.23E-08,7.51E-08,7.44E-08,6.53E-08,6.79E-08,8.84E-08,1.03E-07,1.55E-07,2.34E-07,3.87E-07,6.70E-07,1.17E-06,1.67E-06,2.33E-06,3.28E-06,5.18E-06,8.88E-06,1.47E-05,1.63E-05,1.40E-05,8.75E-06,5.23E-06,4.02E-06,4.54E-06,5.40E-06,5.69E-06,8.49E-06,7.12E-06,8.27E-06,1.03E-05,2.22E-05,6.04E-05,0.000162399,0.000606523,0.001628097,0.004616937,0.013875402,0.031067923,0.051583376,0.066778518,0.087411627,0.139302433,0.204948977,0.214853927,0.136058509,0.04675182
Head 1,473,1.35E-05,7.14E-06,3.82E-06,2.53E-06,2.38E-06,2.59E-06,2.88E-06,2.89E-06,2.72E-06,2.64E-06,2.64E-06,2.97E-06,4.27E-06,5.60E-06,6.27E-06,7.77E-06,1.04E-05,1.31E-05,1.36E-05,1.06E-05,7.54E-06,5.34E-06,4.23E-06,3.68E-06,3.04E-06,1.72E-06,7.06E-07,2.72E-07,9.18E-08,6.50E-08,5.98E-08,6.15E-08,7.35E-08,6.88E-08,7.81E-08,1.20E-07,4.17E-07,6.32E-07,1.15E-06,1.80E-06,2.69E-06,3.89E-06,4.37E-06,3.82E-06,2.26E-06,1.18E-06,6.39E-07,4.07E-07,2.84E-07,2.21E-07,1.43E-07,7.23E-08,5.92E-08,2.87E-08,2.73E-08,3.74E-08,5.20E-08,1.62E-07,1.78E-07,2.24E-07,1.17E-06,1.30E-06,1.58E-06,1.71E-06,5.05E-07,4.60E-07,4.31E-07,3.58E-07,2.26E-07,1.27E-07,7.12E-08,4.44E-08,7.67E-08,7.04E-08,6.81E-08,6.85E-08,6.02E-08,4.58E-08,3.90E-08,4.46E-08,6.39E-08,9.06E-08,1.15E-07,1.24E-07,9.57E-08,8.35E-08,9.09E-08,1.08E-07,1.47E-07,2.08E-07,3.11E-07,5.05E-07,9.15E-07,1.49E-06,2.33E-06,3.21E-06,4.37E-06,6.56E-06,1.15E-05,1.58E-05,2.08E-05,1.79E-05,1.10E-05,6.73E-06,5.70E-06,5.82E-06,6.22E-06,1.04E-05,9.36E-06,9.44E-06,7.57E-06,1.25E-05,2.89E-05,6.66E-05,0.000221172,0.000549497,0.001340882,0.00475252,0.01541208,0.033513431,0.049924549,0.061969321,0.089921065,0.143863127,0.216474742,0.227130935,0.106587112,0.047891986
Head 1,474,9.20E-06,5.89E-06,3.37E-06,2.45E-06,2.23E-06,2.45E-06,2.79E-06,3.07E-06,2.65E-06,2.17E-06,1.75E-06,2.15E-06,2.74E-06,3.37E-06,3.40E-06,3.96E-06,5.17E-06,6.70E-06,7.23E-06,6.71E-06,5.16E-06,3.92E-06,3.62E-06,4.12E-06,3.33E-06,1.76E-06,6.69E-07,1.78E-07,8.84E-08,5.79E-08,4.97E-08,5.74E-08,5.40E-08,5.58E-08,7.19E-08,2.72E-07,3.94E-07,7.02E-07,1.06E-06,1.48E-06,2.16E-06,2.90E-06,3.61E-06,3.11E-06,2.03E-06,1.06E-06,5.50E-07,2.85E-07,2.25E-07,1.58E-07,8.46E-08,8.30E-08,2.43E-08,1.58E-08,1.65E-08,2.13E-08,1.07E-07,1.33E-07,1.74E-07,8.64E-07,9.14E-07,1.05E-06,1.09E-06,3.59E-07,3.19E-07,2.97E-07,2.57E-07,1.78E-07,1.11E-07,6.21E-08,3.24E-08,2.71E-08,2.19E-08,2.18E-08,2.57E-08,2.83E-08,2.47E-08,2.04E-08,2.09E-08,2.79E-08,4.29E-08,6.87E-08,8.75E-08,1.00E-07,8.02E-08,7.08E-08,5.07E-08,5.67E-08,6.99E-08,8.95E-08,1.19E-07,1.84E-07,2.78E-07,4.56E-07,6.62E-07,8.29E-07,1.10E-06,1.84E-06,3.34E-06,7.27E-06,1.18E-05,1.16E-05,8.33E-06,6.34E-06,5.40E-06,5.30E-06,8.30E-06,9.00E-06,9.34E-06,6.71E-06,8.48E-06,1.56E-05,3.01E-05,6.93E-05,0.000163396,0.000405941,0.001396367,0.004972325,0.015766073,0.032522157,0.046891201,0.067140155,0.102560587,0.178347036,0.219137087,0.170052171,0.110378727,0.049915329
Head 1,475,8.41E-06,4.98E-06,2.90E-06,1.95E-06,1.78E-06,2.05E-06,2.64E-06,2.61E-06,2.13E-06,2.12E-06,2.17E-06,2.56E-06,3.35E-06,4.01E-06,4.69E-06,5.92E-06,8.21E-06,1.04E-05,1.14E-05,9.00E-06,5.54E-06,3.71E-06,3.57E-06,3.08E-06,2.26E-06,1.20E-06,3.61E-07,1.46E-07,6.98E-08,4.51E-08,4.58E-08,4.33E-08,4.49E-08,5.25E-08,1.26E-07,1.71E-07,3.22E-07,5.51E-07,8.67E-07,1.33E-06,1.87E-06,2.70E-06,3.08E-06,2.71E-06,1.63E-06,7.76E-07,4.10E-07,2.96E-07,2.24E-07,1.51E-07,1.35E-07,5.63E-08,2.91E-08,2.01E-08,1.78E-08,5.39E-08,7.70E-08,1.17E-07,5.04E-07,6.07E-07,7.26E-07,8.15E-07,3.48E-07,3.73E-07,4.13E-07,4.13E-07,3.63E-07,2.89E-07,2.00E-07,1.13E-07,1.10E-07,7.14E-08,5.64E-08,5.80E-08,6.44E-08,5.99E-08,4.66E-08,3.69E-08,3.34E-08,3.69E-08,5.30E-08,7.99E-08,9.11E-08,9.08E-08,8.50E-08,7.86E-08,8.34E-08,1.01E-07,1.34E-07,1.85E-07,2.89E-07,4.62E-07,8.88E-07,1.61E-06,2.33E-06,2.89E-06,3.78E-06,4.29E-06,7.61E-06,1.43E-05,1.91E-05,1.64E-05,1.10E-05,6.65E-06,4.64E-06,6.39E-06,7.41E-06,9.32E-06,6.00E-06,6.32E-06,8.90E-06,1.47E-05,3.39E-05,6.59E-05,0.000132511,0.000413504,0.001896158,0.005791723,0.016433273,0.033885635,0.053048123,0.071472965,0.108740009,0.190456018,0.194868371,0.179173693,0.101158775,0.042136453
Head 1,476,9.85E-06,6.17E-06,3.48E-06,2.38E-06,2.25E-06,2.93E-06,3.35E-06,3.01E-06,3.14E-06,2.78E-06,2.68E-06,3.19E-06,4.12E-06,4.84E-06,5.77E-06,7.52E-06,1.02E-05,1.39E-05,1.45E-05,1.05E-05,6.67E-06,5.85E-06,4.60E-06,3.84E-06,2.76E-06,1.12E-06,4.75E-07,1.89E-07,8.64E-08,6.35E-08,5.07E-08,5.08E-08,5.84E-08,1.22E-07,1.38E-07,2.28E-07,3.77E-07,6.15E-07,9.76E-07,1.39E-06,2.14E-06,2.89E-06,3.50E-06,2.95E-06,1.69E-06,7.99E-07,5.30E-07,3.66E-07,2.51E-07,2.44E-07,1.25E-07,6.36E-08,3.46E-08,2.07E-08,4.00E-08,5.29E-08,8.74E-08,3.32E-07,4.70E-07,6.01E-07,6.61E-07,2.78E-07,3.26E-07,4.01E-07,4.37E-07,4.27E-07,3.84E-07,3.17E-07,2.16E-07,1.80E-07,1.08E-07,7.14E-08,6.18E-08,6.45E-08,6.52E-08,5.82E-08,4.82E-08,3.79E-08,3.22E-08,3.66E-08,4.85E-08,6.37E-08,8.09E-08,9.00E-08,8.57E-08,8.12E-08,8.47E-08,1.04E-07,1.37E-07,2.02E-07,2.90E-07,5.27E-07,1.02E-06,1.68E-06,2.32E-06,2.91E-06,2.83E-06,4.02E-06,7.63E-06,1.39E-05,1.87E-05,1.73E-05,1.07E-05,6.03E-06,6.25E-06,6.29E-06,8.49E-06,6.15E-06,6.45E-06,7.17E-06,9.27E-06,1.79E-05,2.69E-05,4.72E-05,0.000129472,0.000578876,0.001591601,0.005339328,0.015898379,0.034798142,0.054157902,0.078327522,0.131241798,0.156168506,0.201273829,0.171135366,0.100548372,0.048410293
Head 1,477,8.67E-06,5.71E-06,3.39E-06,2.49E-06,2.98E-06,3.45E-06,3.42E-06,3.21E-06,2.63E-06,2.02E-06,2.17E-06,2.60E-06,2.84E-06,3.02E-06,3.21E-06,3.83E-06,5.42E-06,7.17E-06,7.10E-06,5.80E-06,5.37E-06,4.24E-06,3.83E-06,3.59E-06,1.80E-06,1.05E-06,4.45E-07,1.64E-07,8.38E-08,4.89E-08,4.20E-08,4.73E-08,1.16E-07,1.26E-07,1.86E-07,2.78E-07,4.26E-07,6.57E-07,8.88E-07,1.32E-06,1.80E-06,2.58E-06,3.02E-06,2.43E-06,9.67E-07,6.65E-07,4.21E-07,2.56E-07,2.88E-07,1.36E-07,7.48E-08,3.81E-08,1.73E-08,3.10E-08,3.40E-08,5.87E-08,1.64E-07,2.97E-07,4.74E-07,5.66E-07,2.33E-07,2.75E-07,3.47E-07,3.89E-07,3.71E-07,3.27E-07,2.75E-07,2.07E-07,1.20E-07,6.96E-08,4.19E-08,3.11E-08,2.90E-08,2.91E-08,3.05E-08,3.19E-08,2.94E-08,2.49E-08,2.52E-08,2.65E-08,4.71E-08,7.05E-08,9.77E-08,9.26E-08,8.16E-08,7.03E-08,6.90E-08,7.43E-08,9.06E-08,1.06E-07,1.55E-07,2.58E-07,4.05E-07,5.87E-07,7.54E-07,8.42E-07,1.02E-06,1.81E-06,4.10E-06,9.16E-06,1.57E-05,1.52E-05,9.67E-06,7.43E-06,6.88E-06,9.17E-06,8.36E-06,9.49E-06,9.33E-06,1.03E-05,1.34E-05,1.48E-05,2.75E-05,6.71E-05,0.000205976,0.000608384,0.001980851,0.006659945,0.019851306,0.041231342,0.067154005,0.082175441,0.100849316,0.156585276,0.225487754,0.157687783,0.09857773,0.040577538
Head 1,478,8.98E-06,5.99E-06,3.78E-06,3.21E-06,3.34E-06,3.56E-06,4.02E-06,3.91E-06,2.84E-06,2.28E-06,2.52E-06,2.80E-06,3.16E-06,3.26E-06,3.49E-06,4.39E-06,5.95E-06,7.08E-06,7.23E-06,7.66E-06,5.44E-06,4.13E-06,3.75E-06,2.50E-06,1.97E-06,1.11E-06,4.43E-07,1.87E-07,7.67E-08,4.82E-08,4.63E-08,1.07E-07,1.12E-07,1.53E-07,2.03E-07,2.91E-07,4.56E-07,6.46E-07,9.83E-07,1.28E-06,1.85E-06,2.57E-06,2.85E-06,1.36E-06,1.09E-06,7.10E-07,3.94E-07,3.76E-07,2.09E-07,1.37E-07,8.05E-08,3.45E-08,3.89E-08,2.86E-08,3.84E-08,8.43E-08,1.59E-07,3.12E-07,4.56E-07,2.00E-07,2.49E-07,3.39E-07,4.29E-07,4.62E-07,4.49E-07,4.06E-07,3.44E-07,2.06E-07,1.36E-07,8.33E-08,5.55E-08,4.21E-08,3.43E-08,3.37E-08,3.81E-08,3.96E-08,3.45E-08,2.94E-08,2.35E-08,3.50E-08,5.07E-08,8.39E-08,1.13E-07,1.21E-07,1.07E-07,9.44E-08,8.91E-08,9.92E-08,1.10E-07,1.45E-07,2.16E-07,3.27E-07,5.09E-07,7.36E-07,9.36E-07,9.94E-07,1.28E-06,2.23E-06,5.07E-06,1.22E-05,1.88E-05,1.67E-05,1.23E-05,9.34E-06,1.00E-05,8.85E-06,1.11E-05,1.09E-05,1.15E-05,1.49E-05,1.25E-05,1.67E-05,3.55E-05,9.36E-05,0.000254322,0.000718536,0.002391143,0.008564732,0.024352845,0.051000003,0.062845655,0.075317666,0.114513271,0.172380283,0.176661387,0.17088671,0.100509226,0.039166037
Head 1,479,1.30E-05,9.31E-06,6.00E-06,4.96E-06,4.74E-06,5.56E-06,6.97E-06,5.80E-06,4.06E-06,3.79E-06,4.02E-06,4.85E-06,5.46E-06,5.75E-06,6.30E-06,7.35E-06,8.63E-06,1.04E-05,1.44E-05,1.11E-05,7.39E-06,5.49E-06,3.63E-06,3.35E-06,2.62E-06,1.45E-06,6.80E-07,2.30E-07,1.01E-07,7.06E-08,1.37E-07,1.41E-07,1.89E-07,2.32E-07,2.95E-07,4.34E-07,6.37E-07,1.03E-06,1.33E-06,1.76E-06,2.38E-06,3.06E-06,1.90E-06,1.95E-06,1.52E-06,8.69E-07,7.55E-07,3.92E-07,2.75E-07,1.93E-07,9.46E-08,8.92E-08,4.50E-08,3.93E-08,6.92E-08,1.01E-07,2.01E-07,3.51E-07,1.77E-07,2.36E-07,3.37E-07,4.67E-07,5.72E-07,6.42E-07,6.40E-07,5.75E-07,3.17E-07,2.49E-07,1.74E-07,1.21E-07,8.32E-08,5.33E-08,4.10E-08,4.12E-08,4.49E-08,4.32E-08,3.61E-08,2.40E-08,2.86E-08,3.19E-08,5.00E-08,8.31E-08,1.22E-07,1.38E-07,1.28E-07,1.09E-07,1.09E-07,1.17E-07,1.47E-07,1.99E-07,2.74E-07,4.08E-07,6.35E-07,9.47E-07,1.12E-06,1.23E-06,1.50E-06,2.49E-06,5.92E-06,1.27E-05,1.82E-05,1.75E-05,1.32E-05,1.16E-05,8.67E-06,1.05E-05,1.04E-05,1.18E-05,1.68E-05,1.28E-05,1.16E-05,2.03E-05,4.75E-05,0.000122982,0.000300223,0.00086005,0.002958742,0.009978205,0.028529298,0.043475773,0.056303505,0.084284447,0.113724113,0.134709001,0.188012719,0.187582806,0.103906021,0.044820126
Head 1,480,2.15E-05,1.21E-05,7.75E-06,5.48E-06,6.56E-06,9.33E-06,9.94E-06,6.71E-06,5.47E-06,5.15E-06,5.92E-06,7.63E-06,9.70E-06,1.21E-05,1.46E-05,1.70E-05,2.16E-05,4.21E-05,3.98E-05,2.63E-05,1.47E-05,1.10E-05,7.81E-06,5.70E-06,3.66E-06,2.10E-06,7.50E-07,2.78E-07,1.41E-07,1.87E-07,1.58E-07,1.96E-07,2.17E-07,2.34E-07,2.89E-07,3.99E-07,6.96E-07,1.08E-06,1.61E-06,2.28E-06,2.99E-06,2.58E-06,3.18E-06,3.09E-06,2.07E-06,1.59E-06,8.67E-07,5.66E-07,4.35E-07,2.76E-07,2.38E-07,1.15E-07,7.00E-08,1.00E-07,9.12E-08,1.35E-07,2.30E-07,1.27E-07,1.93E-07,2.85E-07,4.02E-07,5.35E-07,7.19E-07,8.89E-07,9.43E-07,6.71E-07,6.78E-07,5.98E-07,4.98E-07,3.77E-07,2.36E-07,1.54E-07,1.26E-07,1.22E-07,1.22E-07,1.08E-07,8.04E-08,4.63E-08,3.67E-08,4.10E-08,7.70E-08,1.26E-07,1.78E-07,1.92E-07,1.70E-07,1.63E-07,1.70E-07,2.21E-07,3.19E-07,4.50E-07,6.83E-07,1.15E-06,1.74E-06,2.85E-06,4.07E-06,4.58E-06,5.21E-06,8.18E-06,1.45E-05,2.37E-05,3.57E-05,2.75E-05,1.91E-05,9.12E-06,7.96E-06,7.37E-06,8.56E-06,1.57E-05,1.36E-05,7.89E-06,1.02E-05,2.64E-05,4.39E-05,0.000100411,0.000283778,0.00091444,0.00316726,0.01109113,0.02598037,0.041582558,0.072685577,0.078694522,0.108781233,0.164844438,0.169467345,0.156079397,0.106764056,0.058894899
Head 1,481,1.34E-05,9.73E-06,5.79E-06,4.85E-06,6.16E-06,6.78E-06,5.84E-06,4.44E-06,3.55E-06,3.21E-06,3.36E-06,3.86E-06,4.57E-06,4.90E-06,4.75E-06,5.41E-06,1.05E-05,1.37E-05,1.33E-05,9.88E-06,6.43E-06,5.04E-06,4.20E-06,3.55E-06,2.91E-06,1.40E-06,5.37E-07,2.16E-07,1.58E-07,9.89E-08,1.13E-07,1.33E-07,1.48E-07,1.69E-07,2.01E-07,3.13E-07,4.81E-07,7.36E-07,1.03E-06,1.29E-06,1.01E-06,1.47E-06,1.80E-06,1.56E-06,2.03E-06,8.03E-07,4.70E-07,3.23E-07,2.02E-07,2.41E-07,1.29E-07,7.19E-08,6.94E-08,4.19E-08,4.35E-08,6.48E-08,3.99E-08,7.45E-08,1.32E-07,2.00E-07,2.63E-07,3.59E-07,4.71E-07,5.32E-07,2.76E-07,2.87E-07,2.63E-07,2.30E-07,1.86E-07,1.18E-07,6.89E-08,4.72E-08,4.00E-08,4.05E-08,4.33E-08,3.45E-08,3.37E-08,2.68E-08,2.58E-08,3.07E-08,5.53E-08,1.09E-07,1.61E-07,1.56E-07,1.28E-07,1.03E-07,1.03E-07,1.18E-07,1.37E-07,1.66E-07,2.21E-07,2.83E-07,4.80E-07,7.95E-07,1.00E-06,1.09E-06,1.50E-06,2.57E-06,5.34E-06,1.18E-05,1.71E-05,1.96E-05,1.35E-05,1.07E-05,7.28E-06,7.71E-06,1.36E-05,1.40E-05,8.79E-06,8.98E-06,1.56E-05,2.26E-05,4.50E-05,0.000110581,0.000304635,0.00091067,0.003207905,0.008619101,0.017443005,0.040566657,0.066413067,0.069026805,0.104689389,0.148424342,0.188669443,0.192048714,0.112358317,0.046795212
Head 1,482,1.57E-05,9.83E-06,6.60E-06,6.69E-06,6.78E-06,6.67E-06,5.68E-06,4.83E-06,3.95E-06,3.56E-06,3.73E-06,4.60E-06,5.35E-06,5.15E-06,5.20E-06,8.63E-06,1.19E-05,1.47E-05,1.40E-05,9.60E-06,7.17E-06,5.29E-06,4.29E-06,4.07E-06,2.70E-06,1.39E-06,6.04E-07,3.39E-07,1.40E-07,1.15E-07,1.20E-07,1.35E-07,1.51E-07,1.62E-07,2.17E-07,3.16E-07,5.09E-07,7.71E-07,9.72E-07,7.26E-07,1.16E-06,1.59E-06,1.70E-06,3.33E-06,1.35E-06,7.95E-07,4.96E-07,2.89E-07,3.36E-07,2.22E-07,1.41E-07,1.35E-07,6.31E-08,4.09E-08,3.91E-08,1.92E-08,3.85E-08,8.13E-08,1.42E-07,1.98E-07,2.78E-07,3.95E-07,5.17E-07,2.43E-07,2.92E-07,3.09E-07,2.99E-07,2.72E-07,1.98E-07,1.22E-07,7.59E-08,5.14E-08,4.17E-08,4.08E-08,3.28E-08,3.54E-08,3.20E-08,2.89E-08,2.34E-08,3.33E-08,6.60E-08,1.28E-07,1.69E-07,1.65E-07,1.31E-07,1.16E-07,1.17E-07,1.25E-07,1.43E-07,1.74E-07,1.83E-07,2.93E-07,5.59E-07,8.89E-07,1.07E-06,1.27E-06,1.55E-06,2.45E-06,5.99E-06,1.14E-05,1.89E-05,1.88E-05,1.54E-05,8.60E-06,7.00E-06,1.08E-05,1.30E-05,9.59E-06,9.39E-06,1.45E-05,1.40E-05,2.26E-05,5.21E-05,0.000132644,0.000343116,0.001048217,0.003023625,0.006872269,0.020493587,0.046801027,0.051503815,0.075577378,0.098606408,0.135902345,0.203292936,0.19049637,0.118865378,0.046600387
Head 1,483,2.20E-05,1.51E-05,1.18E-05,9.29E-06,7.58E-06,7.29E-06,7.57E-06,6.78E-06,5.91E-06,5.66E-06,6.93E-06,9.40E-06,1.13E-05,1.27E-05,2.07E-05,2.78E-05,3.74E-05,4.34E-05,4.08E-05,3.08E-05,1.93E-05,1.16E-05,8.48E-06,5.42E-06,3.37E-06,1.83E-06,1.14E-06,4.02E-07,2.34E-07,1.78E-07,1.73E-07,1.84E-07,1.82E-07,2.08E-07,2.56E-07,3.97E-07,6.62E-07,9.73E-07,8.48E-07,1.47E-06,2.17E-06,2.60E-06,5.51E-06,3.18E-06,2.14E-06,1.33E-06,6.97E-07,5.63E-07,4.19E-07,3.42E-07,4.22E-07,2.24E-07,1.19E-07,7.39E-08,2.25E-08,3.58E-08,7.47E-08,1.44E-07,2.23E-07,3.20E-07,4.65E-07,6.77E-07,3.69E-07,5.41E-07,7.35E-07,8.67E-07,9.30E-07,8.34E-07,6.43E-07,4.57E-07,2.93E-07,1.94E-07,1.50E-07,1.04E-07,6.86E-08,7.25E-08,7.10E-08,7.13E-08,6.43E-08,8.21E-08,1.36E-07,2.08E-07,2.70E-07,2.57E-07,2.38E-07,2.38E-07,2.50E-07,3.02E-07,3.94E-07,3.90E-07,5.80E-07,1.20E-06,2.52E-06,4.25E-06,5.87E-06,6.18E-06,6.44E-06,1.27E-05,2.01E-05,3.29E-05,3.35E-05,2.98E-05,1.75E-05,1.06E-05,1.20E-05,1.18E-05,9.05E-06,9.95E-06,1.80E-05,1.14E-05,1.42E-05,2.85E-05,6.86E-05,0.000169344,0.000465044,0.00138724,0.002878399,0.00914597,0.025065139,0.041806847,0.068991981,0.071115449,0.082366265,0.130702287,0.230755076,0.178905025,0.103873409,0.051576439
Head 1,484,2.00E-05,1.60E-05,1.04E-05,6.23E-06,5.27E-06,5.81E-06,5.93E-06,5.36E-06,4.52E-06,4.48E-06,5.26E-06,6.31E-06,7.60E-06,1.16E-05,1.47E-05,1.97E-05,2.66E-05,3.41E-05,3.38E-05,2.62E-05,1.64E-05,1.11E-05,6.71E-06,4.53E-06,3.05E-06,2.09E-06,7.51E-07,3.37E-07,1.76E-07,1.31E-07,1.28E-07,1.28E-07,1.41E-07,1.49E-07,1.93E-07,2.92E-07,4.44E-07,3.79E-07,7.39E-07,1.22E-06,1.61E-06,3.87E-06,2.81E-06,2.40E-06,1.74E-06,8.92E-07,6.03E-07,3.86E-07,3.36E-07,4.23E-07,2.74E-07,1.52E-07,7.71E-08,1.50E-08,1.68E-08,3.03E-08,6.32E-08,1.19E-07,1.95E-07,2.92E-07,4.26E-07,2.35E-07,3.68E-07,5.81E-07,8.02E-07,9.45E-07,9.08E-07,7.88E-07,6.34E-07,4.37E-07,2.74E-07,1.81E-07,9.24E-08,5.37E-08,6.47E-08,8.27E-08,1.17E-07,9.37E-08,8.87E-08,1.17E-07,1.74E-07,2.67E-07,3.15E-07,3.17E-07,2.89E-07,2.53E-07,2.59E-07,3.04E-07,2.94E-07,3.69E-07,6.27E-07,1.25E-06,2.47E-06,4.43E-06,5.63E-06,5.74E-06,9.09E-06,1.29E-05,2.28E-05,3.03E-05,4.10E-05,3.27E-05,1.94E-05,1.65E-05,1.22E-05,8.59E-06,1.00E-05,1.89E-05,1.17E-05,1.16E-05,1.73E-05,3.36E-05,7.37E-05,0.000186474,0.000503833,0.000984657,0.003103375,0.009274575,0.021064823,0.046172265,0.061681204,0.066350989,0.090617649,0.185349852,0.187792778,0.172357038,0.113301769,0.040510762
Head 1,485,2.39E-05,1.61E-05,8.20E-06,5.36E-06,5.19E-06,5.68E-06,5.94E-06,5.32E-06,4.72E-06,4.63E-06,5.00E-06,6.13E-06,9.25E-06,1.16E-05,1.44E-05,1.88E-05,2.76E-05,3.34E-05,3.38E-05,2.55E-05,1.79E-05,9.88E-06,6.39E-06,4.74E-06,3.92E-06,1.83E-06,8.25E-07,3.28E-07,1.66E-07,1.23E-07,1.13E-07,1.26E-07,1.27E-07,1.44E-07,1.82E-07,2.50E-07,1.94E-07,3.98E-07,7.40E-07,1.07E-06,2.63E-06,2.36E-06,2.55E-06,2.38E-06,1.42E-06,1.03E-06,5.23E-07,3.92E-07,4.72E-07,3.59E-07,2.46E-07,1.31E-07,1.95E-08,1.42E-08,1.72E-08,3.01E-08,6.05E-08,1.17E-07,1.96E-07,2.94E-07,1.59E-07,2.39E-07,4.04E-07,6.56E-07,9.01E-07,9.40E-07,8.92E-07,8.08E-07,6.38E-07,4.29E-07,2.62E-07,1.05E-07,4.81E-08,5.01E-08,7.01E-08,1.41E-07,1.26E-07,1.00E-07,9.95E-08,1.17E-07,1.79E-07,2.59E-07,3.30E-07,3.40E-07,2.85E-07,2.53E-07,2.58E-07,2.44E-07,2.83E-07,4.01E-07,6.70E-07,1.27E-06,2.62E-06,4.26E-06,5.20E-06,7.28E-06,8.66E-06,1.33E-05,1.73E-05,3.20E-05,4.12E-05,3.34E-05,2.65E-05,1.51E-05,8.40E-06,8.79E-06,1.66E-05,1.20E-05,1.15E-05,1.36E-05,2.04E-05,3.71E-05,8.32E-05,0.000195588,0.000353422,0.001056398,0.002761965,0.007953268,0.023000255,0.044366445,0.055979319,0.070927136,0.133257151,0.144175783,0.187544748,0.192658141,0.095393024,0.039611686
Head 1,486,2.21E-05,1.70E-05,9.72E-06,7.49E-06,7.35E-06,7.99E-06,7.92E-06,6.95E-06,5.74E-06,4.98E-06,5.26E-06,5.97E-06,7.09E-06,7.59E-06,8.17E-06,1.02E-05,1.30E-05,1.56E-05,1.51E-05,1.35E-05,8.66E-06,6.19E-06,5.41E-06,7.46E-06,4.89E-06,2.75E-06,1.01E-06,3.53E-07,1.75E-07,1.26E-07,1.34E-07,1.45E-07,1.67E-07,1.93E-07,2.29E-07,1.16E-07,2.18E-07,4.14E-07,6.29E-07,1.82E-06,1.49E-06,1.89E-06,2.25E-06,1.76E-06,2.22E-06,1.02E-06,6.25E-07,5.75E-07,4.18E-07,3.29E-07,2.02E-07,2.83E-08,1.52E-08,1.20E-08,1.48E-08,2.59E-08,5.61E-08,1.15E-07,1.98E-07,9.92E-08,1.38E-07,2.24E-07,3.79E-07,5.64E-07,5.96E-07,5.57E-07,5.02E-07,4.15E-07,3.00E-07,1.81E-07,6.78E-08,3.11E-08,2.41E-08,3.07E-08,5.06E-08,6.05E-08,5.53E-08,5.36E-08,5.47E-08,7.84E-08,1.34E-07,2.30E-07,3.07E-07,2.90E-07,2.32E-07,1.91E-07,1.58E-07,1.61E-07,1.82E-07,2.23E-07,3.10E-07,5.44E-07,8.94E-07,1.25E-06,1.61E-06,1.76E-06,2.46E-06,3.30E-06,8.03E-06,1.75E-05,2.72E-05,2.79E-05,1.92E-05,1.20E-05,1.05E-05,1.54E-05,1.48E-05,1.56E-05,1.66E-05,2.06E-05,2.96E-05,5.33E-05,8.30E-05,0.000138261,0.000423294,0.001001813,0.002721935,0.008730512,0.023914982,0.041347798,0.060323983,0.08454439,0.116055109,0.172015056,0.19253394,0.161439851,0.09143512,0.042730819
Head 1,487,2.11E-05,1.33E-05,8.56E-06,6.64E-06,6.58E-06,7.27E-06,7.46E-06,6.45E-06,5.06E-06,4.60E-06,4.57E-06,5.80E-06,6.72E-06,7.10E-06,7.85E-06,9.89E-06,1.23E-05,1.39E-05,1.50E-05,1.06E-05,7.22E-06,5.48E-06,6.56E-06,5.52E-06,4.72E-06,2.41E-06,8.37E-07,3.03E-07,1.41E-07,1.11E-07,1.08E-07,1.25E-07,1.41E-07,1.50E-07,6.72E-08,1.07E-07,1.97E-07,3.27E-07,1.17E-06,9.23E-07,1.27E-06,1.72E-06,1.67E-06,3.16E-06,1.71E-06,9.61E-07,7.22E-07,4.44E-07,3.57E-07,2.72E-07,4.87E-08,2.66E-08,1.57E-08,1.22E-08,1.40E-08,2.58E-08,5.70E-08,1.15E-07,7.07E-08,9.45E-08,1.44E-07,2.50E-07,4.29E-07,5.34E-07,5.64E-07,5.49E-07,4.90E-07,4.03E-07,2.79E-07,1.28E-07,5.09E-08,2.86E-08,2.54E-08,3.67E-08,5.06E-08,5.55E-08,5.58E-08,4.65E-08,4.80E-08,6.70E-08,1.20E-07,2.09E-07,2.75E-07,2.63E-07,2.16E-07,1.53E-07,1.51E-07,1.69E-07,1.93E-07,2.29E-07,3.41E-07,5.37E-07,8.77E-07,1.34E-06,1.51E-06,1.88E-06,1.88E-06,3.41E-06,7.57E-06,1.72E-05,2.74E-05,2.41E-05,1.68E-05,1.17E-05,1.27E-05,1.22E-05,1.44E-05,1.61E-05,1.89E-05,2.26E-05,3.24E-05,4.34E-05,5.77E-05,0.000165233,0.000383651,0.000945844,0.003072928,0.009150753,0.022757702,0.046995036,0.066261224,0.088440269,0.116168424,0.150740549,0.178910345,0.161943391,0.113927826,0.039553549
Head 1,488,2.44E-05,1.70E-05,1.12E-05,8.79E-06,9.03E-06,1.03E-05,1.05E-05,8.66E-06,7.18E-06,5.80E-06,7.19E-06,9.16E-06,1.07E-05,9.82E-06,1.19E-05,1.38E-05,1.56E-05,1.87E-05,1.54E-05,1.13E-05,7.88E-06,7.80E-06,6.40E-06,7.16E-06,5.71E-06,2.80E-06,1.03E-06,3.53E-07,1.84E-07,1.36E-07,1.45E-07,1.70E-07,1.83E-07,7.43E-08,1.00E-07,1.60E-07,2.64E-07,1.28E-06,8.74E-07,1.26E-06,1.75E-06,1.89E-06,4.56E-06,3.53E-06,2.37E-06,1.50E-06,7.69E-07,5.24E-07,4.13E-07,1.00E-07,7.08E-08,4.36E-08,2.63E-08,1.91E-08,2.35E-08,4.40E-08,9.32E-08,7.19E-08,1.02E-07,1.49E-07,2.41E-07,4.26E-07,5.99E-07,7.31E-07,7.92E-07,7.51E-07,6.67E-07,5.26E-07,3.39E-07,1.45E-07,7.29E-08,4.62E-08,4.38E-08,5.27E-08,6.41E-08,7.54E-08,6.30E-08,5.13E-08,5.20E-08,7.52E-08,1.35E-07,2.34E-07,3.06E-07,3.05E-07,2.04E-07,1.94E-07,2.15E-07,2.54E-07,2.91E-07,3.74E-07,4.97E-07,7.75E-07,1.37E-06,1.74E-06,2.28E-06,2.12E-06,2.63E-06,4.11E-06,9.21E-06,2.09E-05,2.63E-05,2.72E-05,1.93E-05,1.52E-05,1.27E-05,1.42E-05,1.68E-05,2.13E-05,2.45E-05,2.95E-05,3.48E-05,3.47E-05,8.51E-05,0.000218522,0.000436956,0.001287235,0.00346736,0.010010774,0.029054908,0.049285896,0.076145992,0.087116078,0.100456193,0.128117681,0.164761573,0.210111976,0.103014708,0.035800498
Head 1,489,2.30E-05,1.63E-05,1.07E-05,8.63E-06,9.05E-06,1.01E-05,9.81E-06,8.48E-06,5.76E-06,5.97E-06,7.17E-06,9.10E-06,7.93E-06,1.02E-05,1.19E-05,1.32E-05,1.62E-05,1.54E-05,1.37E-05,1.07E-05,9.31E-06,6.07E-06,6.36E-06,6.50E-06,4.93E-06,2.53E-06,8.74E-07,3.33E-07,1.61E-07,1.27E-07,1.35E-07,1.50E-07,6.28E-08,7.65E-08,1.01E-07,1.45E-07,8.55E-07,5.23E-07,8.54E-07,1.29E-06,1.48E-06,3.63E-06,3.85E-06,3.62E-06,2.46E-06,1.22E-06,6.76E-07,4.39E-07,1.09E-07,9.42E-08,7.42E-08,4.70E-08,2.60E-08,2.05E-08,2.61E-08,4.75E-08,4.64E-08,7.54E-08,1.18E-07,1.83E-07,3.04E-07,4.41E-07,6.13E-07,7.85E-07,8.38E-07,7.83E-07,6.48E-07,5.02E-07,2.50E-07,1.42E-07,8.32E-08,5.69E-08,4.95E-08,5.51E-08,7.33E-08,7.40E-08,6.21E-08,5.19E-08,5.38E-08,7.51E-08,1.33E-07,2.22E-07,3.01E-07,2.32E-07,2.12E-07,2.08E-07,2.37E-07,2.75E-07,3.41E-07,3.98E-07,5.23E-07,9.36E-07,1.25E-06,1.89E-06,2.18E-06,2.45E-06,2.69E-06,4.34E-06,1.07E-05,1.74E-05,2.82E-05,2.80E-05,2.07E-05,1.49E-05,1.29E-05,1.38E-05,1.86E-05,2.33E-05,2.68E-05,2.99E-05,2.22E-05,4.03E-05,0.000101965,0.000178352,0.000509313,0.001278994,0.003477431,0.011910765,0.027709037,0.059599765,0.076244123,0.076565497,0.088250145,0.120994583,0.222898006,0.187369868,0.090463191,0.031833597
Head 1,490,2.41E-05,1.70E-05,1.13E-05,9.36E-06,9.43E-06,1.01E-05,1.02E-05,6.94E-06,6.14E-06,6.12E-06,7.26E-06,6.16E-06,8.34E-06,1.06E-05,1.21E-05,1.46E-05,1.46E-05,1.51E-05,1.45E-05,1.41E-05,7.98E-06,6.59E-06,6.31E-06,6.11E-06,4.75E-06,2.26E-06,8.56E-07,3.01E-07,1.55E-07,1.21E-07,1.23E-07,5.53E-08,6.80E-08,8.05E-08,9.65E-08,5.37E-07,2.97E-07,5.33E-07,9.27E-07,1.17E-06,2.75E-06,3.30E-06,4.17E-06,3.68E-06,2.13E-06,1.12E-06,5.82E-07,1.22E-07,1.01E-07,9.64E-08,7.73E-08,4.41E-08,2.67E-08,2.20E-08,2.76E-08,2.78E-08,4.95E-08,8.93E-08,1.50E-07,2.40E-07,3.31E-07,4.71E-07,6.91E-07,8.76E-07,9.18E-07,8.01E-07,6.59E-07,3.67E-07,2.45E-07,1.62E-07,1.04E-07,6.55E-08,5.51E-08,6.71E-08,7.70E-08,7.84E-08,6.95E-08,6.00E-08,5.97E-08,8.22E-08,1.38E-07,2.38E-07,2.54E-07,2.61E-07,2.31E-07,2.33E-07,2.58E-07,3.20E-07,3.62E-07,4.17E-07,6.70E-07,8.57E-07,1.36E-06,1.95E-06,2.60E-06,2.61E-06,2.95E-06,5.99E-06,9.72E-06,1.98E-05,3.13E-05,3.01E-05,2.36E-05,1.59E-05,1.30E-05,1.56E-05,2.07E-05,2.61E-05,3.06E-05,1.99E-05,2.54E-05,4.88E-05,7.57E-05,0.000210719,0.000552596,0.00131608,0.004280204,0.012587915,0.035398528,0.062985256,0.066052601,0.072386146,0.089662872,0.168269873,0.205392897,0.167314321,0.082193442,0.030676225
Head 1,491,2.72E-05,1.93E-05,1.33E-05,1.04E-05,1.00E-05,1.11E-05,8.97E-06,7.95E-06,6.83E-06,6.75E-06,5.40E-06,6.81E-06,9.30E-06,1.17E-05,1.46E-05,1.47E-05,1.60E-05,1.81E-05,2.22E-05,1.39E-05,9.88E-06,7.51E-06,6.92E-06,6.84E-06,4.98E-06,2.57E-06,8.96E-07,3.32E-07,1.66E-07,1.21E-07,5.34E-08,6.54E-08,7.57E-08,8.01E-08,3.49E-07,1.71E-07,2.93E-07,5.58E-07,8.11E-07,2.15E-06,2.52E-06,3.67E-06,4.54E-06,3.48E-06,2.13E-06,1.05E-06,1.85E-07,1.18E-07,1.09E-07,1.04E-07,7.39E-08,4.53E-08,2.81E-08,2.23E-08,1.78E-08,2.79E-08,5.36E-08,1.03E-07,1.78E-07,2.35E-07,3.15E-07,4.73E-07,6.89E-07,8.59E-07,8.60E-07,7.50E-07,4.56E-07,3.29E-07,2.58E-07,1.99E-07,1.08E-07,6.67E-08,6.14E-08,6.37E-08,7.34E-08,7.96E-08,7.31E-08,6.00E-08,5.82E-08,7.57E-08,1.31E-07,1.80E-07,2.42E-07,2.34E-07,2.19E-07,2.17E-07,2.54E-07,2.89E-07,3.22E-07,4.71E-07,5.53E-07,8.28E-07,1.18E-06,2.00E-06,2.45E-06,2.44E-06,3.77E-06,4.94E-06,8.69E-06,1.91E-05,3.10E-05,3.39E-05,2.31E-05,1.51E-05,1.38E-05,1.63E-05,2.22E-05,3.08E-05,2.22E-05,2.28E-05,2.64E-05,3.57E-05,8.62E-05,0.000226745,0.000497625,0.001433431,0.004731711,0.013694663,0.034804903,0.050342996,0.063298121,0.075882234,0.120911062,0.155937165,0.191739231,0.162027493,0.085516602,0.038203984
Head 1,492,3.51E-05,2.59E-05,1.68E-05,1.24E-05,1.25E-05,1.13E-05,1.12E-05,9.56E-06,8.10E-06,6.04E-06,6.25E-06,8.14E-06,1.09E-05,1.49E-05,1.56E-05,1.68E-05,1.99E-05,2.85E-05,2.36E-05,1.80E-05,1.16E-05,8.57E-06,8.09E-06,7.59E-06,5.91E-06,2.79E-06,1.03E-06,3.72E-07,1.76E-07,6.59E-08,7.11E-08,8.22E-08,8.62E-08,3.04E-07,1.36E-07,1.98E-07,3.66E-07,5.85E-07,2.02E-06,2.23E-06,3.15E-06,4.79E-06,4.70E-06,3.75E-06,2.14E-06,3.99E-07,1.94E-07,1.38E-07,1.28E-07,1.10E-07,8.39E-08,5.31E-08,3.26E-08,1.84E-08,2.10E-08,3.59E-08,7.60E-08,1.54E-07,2.20E-07,2.83E-07,4.01E-07,5.99E-07,8.47E-07,1.01E-06,1.06E-06,6.75E-07,4.81E-07,4.10E-07,4.20E-07,2.48E-07,1.32E-07,9.15E-08,7.14E-08,7.50E-08,9.34E-08,1.06E-07,9.34E-08,7.52E-08,7.04E-08,9.56E-08,1.37E-07,2.33E-07,2.84E-07,2.86E-07,2.63E-07,2.72E-07,2.93E-07,3.30E-07,4.44E-07,4.92E-07,6.61E-07,7.99E-07,1.50E-06,2.46E-06,2.85E-06,3.64E-06,3.74E-06,4.78E-06,1.03E-05,2.49E-05,4.18E-05,3.93E-05,2.64E-05,1.85E-05,1.64E-05,2.00E-05,2.97E-05,2.74E-05,2.83E-05,2.21E-05,2.51E-05,4.57E-05,0.000108762,0.000235578,0.000628931,0.001904044,0.004968604,0.014732567,0.030531699,0.049578082,0.067187242,0.10012453,0.107530713,0.142759383,0.179259941,0.158885717,0.099045284,0.041728392
Head 1,493,3.61E-05,2.23E-05,1.26E-05,9.38E-06,7.81E-06,8.74E-06,9.12E-06,8.38E-06,8.91E-06,8.00E-06,8.98E-06,1.16E-05,1.78E-05,2.19E-05,2.69E-05,3.47E-05,4.60E-05,5.00E-05,4.72E-05,2.91E-05,1.56E-05,9.83E-06,7.32E-06,6.40E-06,4.30E-06,2.20E-06,8.36E-07,3.01E-07,8.43E-08,6.61E-08,6.71E-08,6.94E-08,1.83E-07,9.71E-08,1.18E-07,1.85E-07,2.93E-07,1.16E-06,1.53E-06,2.24E-06,2.98E-06,3.56E-06,3.79E-06,3.05E-06,7.28E-07,3.66E-07,2.10E-07,1.56E-07,1.32E-07,1.25E-07,1.02E-07,6.61E-08,4.06E-08,2.99E-08,3.37E-08,5.60E-08,1.08E-07,1.68E-07,2.24E-07,2.98E-07,4.23E-07,6.42E-07,9.57E-07,1.61E-06,9.92E-07,8.25E-07,7.88E-07,1.28E-06,1.00E-06,5.81E-07,3.60E-07,2.18E-07,1.78E-07,2.04E-07,2.64E-07,2.82E-07,2.31E-07,1.65E-07,1.41E-07,1.06E-07,1.60E-07,2.44E-07,3.18E-07,3.33E-07,3.36E-07,3.38E-07,3.88E-07,5.98E-07,7.06E-07,9.97E-07,1.00E-06,1.88E-06,4.48E-06,7.91E-06,1.28E-05,1.20E-05,1.01E-05,1.42E-05,3.79E-05,5.16E-05,6.37E-05,5.42E-05,3.38E-05,2.07E-05,1.69E-05,2.32E-05,2.41E-05,3.01E-05,1.77E-05,2.29E-05,2.94E-05,3.72E-05,7.47E-05,0.000215661,0.000723983,0.001383681,0.004164835,0.013883103,0.028867107,0.055297721,0.085330665,0.081956953,0.092796311,0.125271246,0.167376518,0.180552572,0.110241391,0.050825324
Head 1,494,2.82E-05,1.58E-05,9.09E-06,5.63E-06,5.42E-06,5.84E-06,5.93E-06,7.12E-06,5.98E-06,5.42E-06,5.64E-06,7.81E-06,9.99E-06,1.32E-05,1.77E-05,2.18E-05,2.81E-05,3.70E-05,3.20E-05,1.97E-05,1.13E-05,6.83E-06,5.56E-06,4.34E-06,3.04E-06,1.48E-06,5.26E-07,1.34E-07,7.06E-08,5.15E-08,4.61E-08,1.09E-07,6.10E-08,6.57E-08,8.33E-08,1.09E-07,4.35E-07,6.49E-07,1.06E-06,1.38E-06,1.89E-06,2.41E-06,2.49E-06,8.03E-07,4.93E-07,2.64E-07,1.54E-07,1.03E-07,9.27E-08,8.75E-08,6.91E-08,5.39E-08,3.10E-08,2.42E-08,3.01E-08,5.30E-08,9.03E-08,1.39E-07,1.93E-07,2.55E-07,3.50E-07,5.13E-07,1.05E-06,6.95E-07,6.57E-07,6.38E-07,1.19E-06,1.09E-06,7.45E-07,4.94E-07,2.72E-07,1.74E-07,1.59E-07,2.01E-07,2.67E-07,2.97E-07,2.48E-07,1.91E-07,1.04E-07,1.22E-07,1.84E-07,2.85E-07,3.62E-07,3.88E-07,3.50E-07,3.40E-07,4.62E-07,4.76E-07,6.33E-07,5.73E-07,8.83E-07,1.91E-06,4.04E-06,8.23E-06,8.66E-06,8.10E-06,9.56E-06,2.27E-05,3.14E-05,5.48E-05,7.33E-05,6.11E-05,3.63E-05,2.22E-05,2.27E-05,2.11E-05,2.84E-05,1.86E-05,2.45E-05,2.50E-05,1.96E-05,3.06E-05,8.03E-05,0.000252427,0.000449215,0.001217138,0.004561973,0.010726269,0.027166465,0.064053275,0.07247518,0.073853433,0.085659139,0.122323796,0.190553173,0.188929856,0.117575563,0.039241165
Head 1,495,3.03E-05,1.73E-05,8.64E-06,6.31E-06,5.86E-06,6.17E-06,8.46E-06,7.86E-06,6.58E-06,5.60E-06,6.31E-06,7.45E-06,1.00E-05,1.40E-05,1.66E-05,2.06E-05,3.16E-05,3.76E-05,3.17E-05,2.07E-05,1.14E-05,7.71E-06,5.62E-06,4.68E-06,3.19E-06,1.48E-06,4.25E-07,1.73E-07,8.62E-08,5.65E-08,1.10E-07,6.30E-08,6.77E-08,7.67E-08,8.16E-08,2.68E-07,4.06E-07,7.17E-07,9.08E-07,1.34E-06,1.92E-06,2.37E-06,9.71E-07,8.49E-07,5.44E-07,3.01E-07,1.57E-07,1.14E-07,1.05E-07,9.96E-08,1.11E-07,6.21E-08,3.76E-08,3.23E-08,4.21E-08,6.54E-08,1.11E-07,1.75E-07,2.41E-07,3.06E-07,4.00E-07,8.46E-07,5.79E-07,6.55E-07,7.01E-07,1.42E-06,1.44E-06,1.18E-06,9.26E-07,5.53E-07,3.12E-07,2.15E-07,2.07E-07,2.60E-07,3.51E-07,3.86E-07,3.40E-07,1.64E-07,1.42E-07,1.71E-07,2.60E-07,3.93E-07,5.16E-07,5.03E-07,4.52E-07,5.80E-07,4.96E-07,5.95E-07,5.34E-07,7.04E-07,1.19E-06,2.38E-06,5.88E-06,7.04E-06,7.96E-06,9.13E-06,1.77E-05,2.00E-05,3.67E-05,7.00E-05,9.28E-05,7.41E-05,4.35E-05,3.36E-05,2.39E-05,2.87E-05,2.07E-05,3.07E-05,3.10E-05,1.77E-05,2.05E-05,4.34E-05,0.000120378,0.000193566,0.000462997,0.001660872,0.00383912,0.010888595,0.033660918,0.054964408,0.066029541,0.068469092,0.084666938,0.141785562,0.200896204,0.203802362,0.092949338,0.034608126
Head 1,496,2.60E-05,1.34E-05,7.81E-06,5.46E-06,4.97E-06,7.09E-06,7.74E-06,7.06E-06,5.62E-06,5.17E-06,5.05E-06,6.23E-06,8.83E-06,1.13E-05,1.29E-05,1.92E-05,2.65E-05,3.03E-05,2.68E-05,1.66E-05,1.02E-05,6.17E-06,4.78E-06,3.90E-06,2.55E-06,1.01E-06,4.12E-07,1.59E-07,7.12E-08,9.32E-08,4.93E-08,5.27E-08,5.97E-08,5.74E-08,1.47E-07,1.99E-07,3.56E-07,4.39E-07,6.84E-07,1.08E-06,1.49E-06,6.86E-07,8.28E-07,7.39E-07,4.95E-07,2.39E-07,1.38E-07,1.03E-07,9.56E-08,1.53E-07,9.70E-08,5.61E-08,3.70E-08,3.30E-08,3.80E-08,5.89E-08,1.02E-07,1.62E-07,2.17E-07,2.64E-07,5.02E-07,3.37E-07,4.34E-07,5.44E-07,1.25E-06,1.34E-06,1.26E-06,1.15E-06,8.17E-07,4.90E-07,2.96E-07,2.09E-07,1.97E-07,2.48E-07,3.26E-07,3.73E-07,2.08E-07,1.57E-07,1.42E-07,1.70E-07,2.53E-07,4.03E-07,4.91E-07,4.79E-07,6.36E-07,4.64E-07,4.70E-07,4.13E-07,5.18E-07,7.26E-07,1.20E-06,3.09E-06,3.96E-06,5.25E-06,7.21E-06,1.28E-05,1.24E-05,1.86E-05,3.80E-05,7.25E-05,9.27E-05,7.28E-05,5.17E-05,2.88E-05,2.64E-05,1.77E-05,2.77E-05,3.19E-05,1.78E-05,1.65E-05,2.62E-05,6.16E-05,8.19E-05,0.000184504,0.000597362,0.001308009,0.003673063,0.012030017,0.028618861,0.051642388,0.061135922,0.06801708,0.100713708,0.15505901,0.233058453,0.16688405,0.083559684,0.032481071
Head 1,497,2.35E-05,1.61E-05,9.91E-06,7.32E-06,7.36E-06,8.31E-06,8.00E-06,6.24E-06,4.79E-06,3.62E-06,3.55E-06,4.53E-06,7.30E-06,6.96E-06,8.27E-06,1.04E-05,1.34E-05,1.61E-05,1.44E-05,1.11E-05,7.22E-06,5.62E-06,5.21E-06,4.66E-06,2.25E-06,1.29E-06,5.18E-07,1.80E-07,1.34E-07,6.00E-08,5.47E-08,5.99E-08,5.69E-08,1.57E-07,1.81E-07,2.88E-07,2.14E-07,3.53E-07,6.43E-07,1.02E-06,5.07E-07,7.61E-07,9.63E-07,8.85E-07,4.77E-07,2.44E-07,1.37E-07,1.00E-07,1.51E-07,1.08E-07,6.67E-08,3.91E-08,2.59E-08,2.09E-08,2.56E-08,4.55E-08,8.91E-08,1.51E-07,2.02E-07,3.39E-07,2.72E-07,3.32E-07,4.33E-07,7.59E-07,8.00E-07,7.57E-07,7.18E-07,5.68E-07,3.81E-07,2.33E-07,1.32E-07,8.50E-08,7.84E-08,9.58E-08,1.32E-07,1.09E-07,1.02E-07,9.38E-08,9.67E-08,1.29E-07,2.27E-07,3.50E-07,4.19E-07,6.01E-07,4.56E-07,3.82E-07,2.81E-07,3.20E-07,3.54E-07,4.29E-07,8.08E-07,9.03E-07,1.20E-06,1.84E-06,2.93E-06,3.04E-06,3.77E-06,7.35E-06,1.86E-05,4.25E-05,6.37E-05,5.52E-05,3.84E-05,3.43E-05,2.19E-05,2.83E-05,3.53E-05,2.48E-05,2.14E-05,2.75E-05,4.53E-05,5.47E-05,0.00011383,0.000260892,0.000578647,0.001508192,0.004707087,0.012102102,0.029931704,0.048452351,0.059907369,0.083494663,0.120947577,0.167746872,0.18896772,0.157760724,0.085024238,0.037725452
Head 1,498,2.35E-05,1.56E-05,9.75E-06,7.56E-06,8.07E-06,8.61E-06,8.10E-06,6.72E-06,4.60E-06,3.62E-06,3.88E-06,6.87E-06,7.33E-06,8.29E-06,9.02E-06,1.05E-05,1.35E-05,1.49E-05,1.42E-05,9.74E-06,6.49E-06,4.96E-06,4.37E-06,2.66E-06,2.13E-06,1.15E-06,4.13E-07,2.34E-07,7.60E-08,5.08E-08,4.91E-08,4.76E-08,1.32E-07,1.38E-07,1.93E-07,1.24E-07,1.79E-07,3.23E-07,5.47E-07,2.99E-07,4.75E-07,7.57E-07,9.97E-07,7.60E-07,4.63E-07,2.41E-07,1.36E-07,1.80E-07,1.38E-07,1.03E-07,6.77E-08,4.09E-08,2.34E-08,1.82E-08,2.32E-08,4.20E-08,8.11E-08,1.34E-07,2.30E-07,1.92E-07,2.25E-07,3.11E-07,6.56E-07,7.93E-07,8.51E-07,8.36E-07,6.94E-07,5.42E-07,4.09E-07,2.49E-07,1.31E-07,8.33E-08,7.15E-08,8.79E-08,7.61E-08,9.20E-08,9.42E-08,8.25E-08,8.04E-08,1.14E-07,1.85E-07,2.81E-07,5.10E-07,5.03E-07,4.25E-07,2.56E-07,2.80E-07,3.18E-07,3.71E-07,5.99E-07,6.22E-07,7.30E-07,1.27E-06,2.44E-06,2.87E-06,3.00E-06,4.14E-06,7.89E-06,1.86E-05,4.11E-05,5.35E-05,4.76E-05,4.25E-05,2.36E-05,2.29E-05,2.65E-05,2.29E-05,2.20E-05,2.56E-05,3.90E-05,3.18E-05,5.69E-05,0.000118284,0.000239122,0.000602527,0.001719359,0.004118538,0.012454895,0.029483909,0.049829639,0.074866012,0.095744468,0.118727423,0.148536012,0.173465267,0.149696276,0.100243412,0.03942303
Head 1,499,2.23E-05,1.54E-05,9.16E-06,8.31E-06,8.44E-06,9.07E-06,9.17E-06,6.96E-06,4.98E-06,4.30E-06,6.53E-06,8.01E-06,9.89E-06,1.05E-05,1.08E-05,1.23E-05,1.42E-05,1.65E-05,1.40E-05,9.80E-06,6.33E-06,4.44E-06,2.66E-06,2.53E-06,1.94E-06,9.47E-07,6.38E-07,1.53E-07,6.96E-08,4.87E-08,4.11E-08,1.19E-07,1.24E-07,1.57E-07,9.09E-08,1.05E-07,1.64E-07,2.73E-07,1.75E-07,2.80E-07,4.91E-07,8.06E-07,8.91E-07,7.89E-07,5.04E-07,2.69E-07,2.64E-07,1.86E-07,1.50E-07,1.17E-07,8.03E-08,4.18E-08,2.26E-08,1.79E-08,2.23E-08,3.83E-08,7.17E-08,1.34E-07,1.43E-07,1.66E-07,2.21E-07,4.79E-07,6.79E-07,8.91E-07,9.75E-07,8.12E-07,6.65E-07,5.94E-07,4.53E-07,2.59E-07,1.38E-07,8.07E-08,6.89E-08,4.51E-08,6.20E-08,8.14E-08,7.84E-08,6.30E-08,6.33E-08,8.12E-08,1.29E-07,2.81E-07,4.09E-07,4.43E-07,2.41E-07,2.37E-07,2.57E-07,3.12E-07,4.62E-07,4.58E-07,4.63E-07,7.54E-07,1.72E-06,2.40E-06,2.79E-06,3.30E-06,4.27E-06,7.27E-06,1.63E-05,3.11E-05,3.97E-05,4.69E-05,3.00E-05,2.16E-05,1.94E-05,1.73E-05,1.88E-05,2.28E-05,3.63E-05,2.27E-05,3.07E-05,5.77E-05,9.60E-05,0.000235017,0.000712279,0.001437414,0.004046337,0.011580145,0.0281255,0.0578738,0.082081214,0.087835491,0.101248257,0.128180221,0.157711819,0.190972298,0.106783673,0.040399235
Head 1,500,2.36E-05,1.35E-05,1.08E-05,9.26E-06,9.33E-06,1.05E-05,9.70E-06,7.58E-06,5.88E-06,6.37E-06,7.50E-06,9.85E-06,1.13E-05,1.16E-05,1.18E-05,1.27E-05,1.59E-05,1.71E-05,1.52E-05,1.05E-05,6.24E-06,3.48E-06,3.13E-06,2.81E-06,1.90E-06,1.92E-06,4.42E-07,1.61E-07,7.76E-08,4.70E-08,1.09E-07,1.15E-07,1.42E-07,8.99E-08,8.50E-08,1.03E-07,1.45E-07,9.77E-08,1.62E-07,2.96E-07,5.28E-07,7.43E-07,9.34E-07,8.64E-07,5.79E-07,4.61E-07,2.93E-07,2.23E-07,1.87E-07,1.53E-07,9.07E-08,4.51E-08,2.54E-08,1.97E-08,2.31E-08,3.78E-08,6.88E-08,9.33E-08,1.22E-07,1.62E-07,3.32E-07,5.06E-07,7.99E-07,1.06E-06,9.60E-07,7.92E-07,7.33E-07,6.57E-07,4.69E-07,2.74E-07,1.38E-07,8.44E-08,3.63E-08,4.30E-08,6.58E-08,8.29E-08,7.33E-08,6.07E-08,5.52E-08,7.00E-08,1.53E-07,2.81E-07,4.30E-07,2.69E-07,2.48E-07,2.24E-07,2.61E-07,3.73E-07,3.63E-07,3.41E-07,4.68E-07,1.12E-06,1.57E-06,2.30E-06,3.19E-06,3.57E-06,4.25E-06,7.11E-06,1.54E-05,2.50E-05,4.35E-05,4.12E-05,2.87E-05,2.09E-05,1.53E-05,1.55E-05,1.94E-05,3.55E-05,2.19E-05,2.25E-05,3.72E-05,4.46E-05,9.29E-05,0.000295071,0.000546743,0.001321956,0.00363099,0.010679561,0.031214753,0.061454415,0.069392346,0.076881215,0.089724958,0.118318699,0.197348699,0.192269459,0.104025856,0.042124767
Head 1,501,1.65E-05,1.43E-05,1.10E-05,9.22E-06,9.76E-06,1.01E-05,9.52E-06,8.00E-06,6.90E-06,6.73E-06,8.26E-06,1.01E-05,1.14E-05,1.18E-05,1.14E-05,1.33E-05,1.53E-05,1.72E-05,1.50E-05,9.45E-06,4.74E-06,3.64E-06,3.06E-06,2.40E-06,3.70E-06,1.03E-06,4.00E-07,1.55E-07,6.38E-08,9.68E-08,9.40E-08,1.18E-07,8.10E-08,7.21E-08,7.13E-08,7.90E-08,4.75E-08,8.11E-08,1.55E-07,2.87E-07,4.52E-07,6.94E-07,8.98E-07,8.75E-07,7.28E-07,4.59E-07,3.15E-07,2.46E-07,2.12E-07,1.49E-07,8.56E-08,4.49E-08,2.48E-08,1.82E-08,2.03E-08,2.88E-08,4.44E-08,7.31E-08,1.11E-07,2.20E-07,3.31E-07,5.63E-07,9.14E-07,9.86E-07,8.77E-07,7.97E-07,7.33E-07,6.16E-07,4.44E-07,2.47E-07,1.31E-07,4.13E-08,3.25E-08,4.21E-08,6.27E-08,7.28E-08,6.61E-08,4.96E-08,4.55E-08,7.93E-08,1.39E-07,2.77E-07,2.51E-07,2.62E-07,1.99E-07,2.04E-07,2.78E-07,2.61E-07,2.55E-07,3.11E-07,6.66E-07,8.16E-07,1.35E-06,2.48E-06,3.20E-06,3.31E-06,3.89E-06,6.89E-06,1.09E-05,2.42E-05,3.67E-05,3.31E-05,2.47E-05,1.59E-05,1.25E-05,1.39E-05,2.64E-05,2.09E-05,1.98E-05,2.88E-05,2.52E-05,3.90E-05,0.000116181,0.000222351,0.000508541,0.001201165,0.003398201,0.011957171,0.033729125,0.048601381,0.061476517,0.069878601,0.083774999,0.138855353,0.201570392,0.189922854,0.110781707,0.043389946
Head 1,502,2.43E-05,1.70E-05,1.12E-05,9.30E-06,8.68E-06,9.48E-06,1.02E-05,7.57E-06,6.63E-06,7.52E-06,9.31E-06,1.23E-05,1.55E-05,1.70E-05,2.01E-05,2.34E-05,2.95E-05,3.17E-05,2.35E-05,1.61E-05,1.05E-05,6.54E-06,3.96E-06,3.84E-06,1.90E-06,8.86E-07,3.48E-07,1.12E-07,1.06E-07,7.54E-08,8.21E-08,9.16E-08,9.54E-08,9.83E-08,9.56E-08,4.43E-08,6.92E-08,1.25E-07,2.18E-07,3.32E-07,5.11E-07,7.52E-07,9.91E-07,1.46E-06,1.01E-06,6.54E-07,4.52E-07,3.63E-07,2.82E-07,2.10E-07,1.39E-07,7.82E-08,4.40E-08,3.12E-08,2.85E-08,2.69E-08,4.71E-08,8.24E-08,2.19E-07,3.27E-07,5.37E-07,9.86E-07,1.42E-06,1.70E-06,1.82E-06,1.81E-06,1.73E-06,1.58E-06,1.17E-06,7.26E-07,2.25E-07,1.24E-07,1.14E-07,1.45E-07,1.89E-07,2.06E-07,1.55E-07,1.08E-07,1.56E-07,1.74E-07,2.86E-07,2.71E-07,3.59E-07,3.26E-07,3.23E-07,4.67E-07,4.09E-07,3.91E-07,5.08E-07,1.19E-06,1.26E-06,2.25E-06,5.70E-06,1.08E-05,1.39E-05,1.45E-05,2.06E-05,2.44E-05,4.21E-05,5.22E-05,7.12E-05,5.83E-05,2.93E-05,1.67E-05,1.38E-05,2.30E-05,1.85E-05,1.93E-05,3.29E-05,2.64E-05,2.88E-05,4.34E-05,8.11E-05,0.000204691,0.000470127,0.001231525,0.004306363,0.014632421,0.032964878,0.053307798,0.07168366,0.083066531,0.085888587,0.126828015,0.180899486,0.185963333,0.110033989,0.047501236
Head 1,503,2.41E-05,1.58E-05,1.09E-05,7.76E-06,7.32E-06,8.16E-06,6.60E-06,5.47E-06,5.36E-06,5.52E-06,6.52E-06,8.27E-06,9.66E-06,1.15E-05,1.29E-05,1.65E-05,2.13E-05,2.22E-05,2.07E-05,1.62E-05,1.05E-05,5.87E-06,3.85E-06,3.00E-06,1.78E-06,8.45E-07,2.67E-07,1.57E-07,7.65E-08,6.38E-08,6.37E-08,6.76E-08,7.65E-08,7.50E-08,2.66E-08,3.66E-08,6.19E-08,1.10E-07,1.76E-07,2.84E-07,4.49E-07,6.95E-07,1.43E-06,1.21E-06,8.80E-07,6.04E-07,4.34E-07,3.06E-07,2.38E-07,1.85E-07,1.21E-07,6.73E-08,3.72E-08,2.18E-08,1.31E-08,2.04E-08,3.93E-08,1.39E-07,2.23E-07,3.54E-07,6.20E-07,9.48E-07,1.32E-06,1.67E-06,1.78E-06,1.74E-06,1.70E-06,1.49E-06,1.12E-06,4.01E-07,1.94E-07,1.28E-07,1.24E-07,1.59E-07,2.23E-07,2.32E-07,1.88E-07,2.50E-07,2.05E-07,2.63E-07,2.36E-07,3.82E-07,4.09E-07,4.21E-07,5.98E-07,4.33E-07,3.44E-07,4.16E-07,8.35E-07,7.90E-07,1.17E-06,2.78E-06,6.25E-06,1.08E-05,1.35E-05,1.75E-05,1.87E-05,2.92E-05,3.50E-05,6.98E-05,8.49E-05,5.79E-05,3.23E-05,2.01E-05,2.47E-05,1.79E-05,2.01E-05,3.63E-05,3.13E-05,2.79E-05,2.50E-05,3.68E-05,8.56E-05,0.000180877,0.000419323,0.001311027,0.004505619,0.013386053,0.027152067,0.049410153,0.069386452,0.073132701,0.092277437,0.133107305,0.194686726,0.190251723,0.110234916,0.039554875
Head 1,504,3.99E-05,2.82E-05,1.64E-05,1.19E-05,1.16E-05,9.91E-06,8.86E-06,8.71E-06,7.98E-06,7.91E-06,9.12E-06,1.09E-05,1.34E-05,1.49E-05,1.78E-05,2.29E-05,2.85E-05,3.48E-05,3.56E-05,2.81E-05,1.64E-05,8.02E-06,7.67E-06,5.28E-06,3.28E-06,1.30E-06,6.71E-07,2.41E-07,1.37E-07,1.06E-07,9.05E-08,1.03E-07,1.08E-07,3.14E-08,3.66E-08,5.22E-08,8.48E-08,1.34E-07,2.24E-07,3.66E-07,5.95E-07,1.76E-06,1.92E-06,1.76E-06,1.42E-06,1.04E-06,6.59E-07,4.70E-07,3.79E-07,2.91E-07,1.88E-07,9.95E-08,4.33E-08,1.42E-08,1.49E-08,2.40E-08,1.00E-07,1.82E-07,3.01E-07,4.92E-07,7.06E-07,1.02E-06,1.49E-06,1.83E-06,1.94E-06,1.99E-06,1.90E-06,1.72E-06,7.47E-07,4.16E-07,2.36E-07,1.57E-07,1.45E-07,1.93E-07,2.51E-07,2.77E-07,4.48E-07,3.10E-07,2.89E-07,1.78E-07,2.91E-07,3.78E-07,4.75E-07,8.26E-07,5.76E-07,3.39E-07,3.73E-07,7.17E-07,6.26E-07,7.84E-07,1.51E-06,3.20E-06,6.51E-06,1.06E-05,1.55E-05,1.57E-05,2.18E-05,1.97E-05,4.66E-05,7.75E-05,7.74E-05,5.95E-05,3.74E-05,3.64E-05,1.86E-05,1.90E-05,3.73E-05,3.88E-05,3.52E-05,2.06E-05,2.17E-05,4.15E-05,7.77E-05,0.000159397,0.000422707,0.001245171,0.004332334,0.009539647,0.022960905,0.04420254,0.059928432,0.071250618,0.087322831,0.138440624,0.202414706,0.20615162,0.102538086,0.047905494
Head 1,505,2.75E-05,2.02E-05,1.44E-05,1.20E-05,1.18E-05,1.04E-05,1.02E-05,8.67E-06,7.00E-06,6.44E-06,6.73E-06,7.76E-06,8.12E-06,8.24E-06,8.70E-06,9.77E-06,1.12E-05,1.37E-05,1.35E-05,9.68E-06,7.66E-06,5.34E-06,4.43E-06,3.92E-06,2.42E-06,1.95E-06,6.13E-07,2.43E-07,1.54E-07,8.35E-08,7.12E-08,6.68E-08,1.85E-08,1.88E-08,2.20E-08,3.11E-08,4.75E-08,8.66E-08,1.63E-07,2.97E-07,7.52E-07,1.03E-06,1.25E-06,1.34E-06,1.19E-06,7.55E-07,4.78E-07,3.46E-07,2.65E-07,1.88E-07,1.03E-07,4.11E-08,1.19E-08,8.26E-09,1.01E-08,3.03E-08,6.85E-08,1.50E-07,2.94E-07,4.14E-07,5.54E-07,8.06E-07,1.03E-06,1.08E-06,1.06E-06,9.53E-07,8.79E-07,4.91E-07,3.38E-07,1.83E-07,8.75E-08,5.01E-08,4.68E-08,5.95E-08,8.87E-08,1.87E-07,1.46E-07,1.25E-07,7.95E-08,1.30E-07,1.85E-07,2.88E-07,5.69E-07,5.03E-07,2.87E-07,2.59E-07,3.80E-07,3.36E-07,3.56E-07,5.02E-07,7.78E-07,1.31E-06,2.11E-06,2.90E-06,2.97E-06,4.05E-06,3.49E-06,7.07E-06,1.51E-05,3.18E-05,4.95E-05,4.96E-05,4.15E-05,2.52E-05,2.09E-05,3.06E-05,3.82E-05,3.90E-05,2.55E-05,2.15E-05,3.41E-05,5.57E-05,0.000101197,0.00022999,0.000557924,0.001524974,0.003614855,0.009835666,0.022648951,0.049201131,0.065269887,0.070083462,0.100799777,0.165292829,0.1884453,0.163726136,0.111092977,0.046797581
Head 1,506,2.91E-05,2.31E-05,1.78E-05,1.60E-05,1.33E-05,1.44E-05,1.38E-05,1.13E-05,9.26E-06,8.52E-06,9.42E-06,1.08E-05,1.19E-05,1.18E-05,1.13E-05,1.19E-05,1.50E-05,1.69E-05,1.42E-05,1.31E-05,7.64E-06,5.43E-06,4.67E-06,3.55E-06,4.82E-06,2.04E-06,7.78E-07,4.12E-07,1.57E-07,9.62E-08,7.80E-08,2.30E-08,2.35E-08,2.53E-08,2.96E-08,3.72E-08,6.18E-08,1.16E-07,2.16E-07,6.06E-07,9.14E-07,1.31E-06,1.72E-06,1.94E-06,1.46E-06,9.23E-07,6.06E-07,4.32E-07,3.30E-07,2.19E-07,1.14E-07,2.74E-08,1.42E-08,1.10E-08,2.01E-08,3.99E-08,9.62E-08,2.24E-07,3.49E-07,4.70E-07,6.94E-07,9.81E-07,1.20E-06,1.34E-06,1.25E-06,1.18E-06,6.69E-07,6.16E-07,4.75E-07,2.52E-07,1.11E-07,6.26E-08,5.10E-08,6.58E-08,1.79E-07,1.70E-07,1.45E-07,6.99E-08,8.15E-08,1.05E-07,1.76E-07,4.23E-07,5.29E-07,3.52E-07,3.00E-07,4.23E-07,3.38E-07,3.74E-07,5.14E-07,6.93E-07,9.85E-07,1.52E-06,2.46E-06,2.80E-06,4.11E-06,3.22E-06,4.71E-06,7.55E-06,1.40E-05,3.12E-05,5.47E-05,5.76E-05,3.80E-05,2.48E-05,2.70E-05,3.28E-05,3.86E-05,2.98E-05,2.28E-05,2.84E-05,3.88E-05,6.36E-05,0.0001352,0.000303019,0.000663353,0.001449627,0.003856468,0.009805813,0.027209856,0.05022734,0.059610315,0.07263492,0.10132841,0.137859017,0.17280969,0.190856412,0.121906251,0.04847597
Head 1,507,3.06E-05,2.64E-05,2.41E-05,1.70E-05,1.75E-05,1.88E-05,1.77E-05,1.47E-05,1.20E-05,1.14E-05,1.29E-05,1.58E-05,1.74E-05,1.61E-05,1.38E-05,1.65E-05,1.88E-05,1.81E-05,2.24E-05,1.21E-05,7.65E-06,5.53E-06,4.02E-06,7.31E-06,4.90E-06,2.55E-06,1.15E-06,3.93E-07,1.74E-07,1.03E-07,2.85E-08,2.98E-08,3.32E-08,3.56E-08,3.68E-08,5.01E-08,8.58E-08,1.60E-07,4.91E-07,7.93E-07,1.25E-06,1.85E-06,2.52E-06,2.44E-06,1.83E-06,1.23E-06,7.93E-07,5.59E-07,4.01E-07,2.65E-07,6.65E-08,3.54E-08,2.12E-08,2.21E-08,2.87E-08,5.81E-08,1.48E-07,2.75E-07,4.10E-07,6.03E-07,8.63E-07,1.16E-06,1.52E-06,1.62E-06,1.60E-06,8.55E-07,8.55E-07,9.04E-07,6.89E-07,3.49E-07,1.55E-07,7.70E-08,6.25E-08,1.57E-07,1.71E-07,1.73E-07,8.18E-08,7.42E-08,7.48E-08,1.04E-07,2.41E-07,3.86E-07,3.85E-07,3.67E-07,4.95E-07,3.35E-07,3.68E-07,5.31E-07,7.19E-07,9.09E-07,1.21E-06,1.97E-06,2.31E-06,3.89E-06,3.82E-06,4.50E-06,5.22E-06,6.49E-06,1.36E-05,3.46E-05,5.64E-05,5.51E-05,3.69E-05,2.93E-05,2.82E-05,3.14E-05,3.07E-05,2.56E-05,2.75E-05,3.12E-05,4.26E-05,8.07E-05,0.000176936,0.000314451,0.000638237,0.001583301,0.003844814,0.010883635,0.027791459,0.046695609,0.061080579,0.071519382,0.087020598,0.1173466,0.184698716,0.218576536,0.122854613,0.044000674
Head 1,508,3.05E-05,3.28E-05,1.99E-05,1.65E-05,1.67E-05,1.75E-05,1.67E-05,1.37E-05,1.12E-05,1.08E-05,1.26E-05,1.49E-05,1.54E-05,1.18E-05,1.42E-05,1.63E-05,1.69E-05,2.50E-05,1.63E-05,1.12E-05,7.52E-06,4.68E-06,7.12E-06,6.27E-06,4.90E-06,2.12E-06,8.45E-07,3.23E-07,1.35E-07,2.57E-08,2.30E-08,2.65E-08,2.93E-08,2.80E-08,3.10E-08,4.34E-08,7.36E-08,2.57E-07,4.53E-07,7.96E-07,1.29E-06,1.97E-06,2.32E-06,2.22E-06,1.78E-06,1.17E-06,7.47E-07,4.94E-07,3.20E-07,7.79E-08,5.09E-08,3.14E-08,2.75E-08,2.10E-08,2.73E-08,5.89E-08,1.22E-07,2.20E-07,3.54E-07,5.05E-07,6.79E-07,9.52E-07,1.19E-06,1.36E-06,7.36E-07,6.90E-07,7.67E-07,7.78E-07,5.57E-07,2.86E-07,1.17E-07,6.16E-08,1.13E-07,1.15E-07,1.35E-07,7.26E-08,6.88E-08,5.91E-08,5.99E-08,1.14E-07,1.73E-07,2.34E-07,2.95E-07,4.29E-07,2.59E-07,2.47E-07,3.31E-07,4.59E-07,5.77E-07,6.94E-07,1.06E-06,1.15E-06,2.01E-06,2.54E-06,3.23E-06,3.50E-06,3.30E-06,4.98E-06,1.24E-05,3.02E-05,4.50E-05,4.34E-05,3.34E-05,2.57E-05,2.25E-05,2.17E-05,1.96E-05,2.12E-05,2.23E-05,2.48E-05,3.73E-05,7.13E-05,0.000114029,0.000212041,0.000531142,0.001264246,0.003205943,0.009479895,0.023533277,0.043673724,0.056927275,0.061740801,0.076940089,0.133373812,0.218281031,0.215151161,0.108931273,0.045784995
Head 1,509,4.14E-05,2.29E-05,1.46E-05,1.10E-05,1.06E-05,1.16E-05,1.13E-05,1.02E-05,9.06E-06,9.73E-06,1.19E-05,1.49E-05,1.51E-05,2.00E-05,2.51E-05,2.83E-05,3.82E-05,4.00E-05,3.34E-05,2.33E-05,1.19E-05,6.60E-06,4.88E-06,4.39E-06,2.85E-06,1.38E-06,5.53E-07,1.97E-07,2.84E-08,1.92E-08,2.14E-08,2.74E-08,3.14E-08,3.64E-08,4.58E-08,6.68E-08,1.67E-07,3.23E-07,6.49E-07,1.19E-06,1.96E-06,2.54E-06,2.86E-06,2.77E-06,2.05E-06,1.27E-06,7.50E-07,4.74E-07,8.33E-08,7.04E-08,5.88E-08,9.43E-08,5.24E-08,4.02E-08,5.25E-08,8.66E-08,1.58E-07,2.76E-07,4.16E-07,5.72E-07,8.25E-07,1.21E-06,1.78E-06,1.18E-06,1.17E-06,1.24E-06,1.47E-06,1.55E-06,1.24E-06,6.75E-07,3.31E-07,4.34E-07,3.24E-07,3.49E-07,1.89E-07,2.11E-07,1.77E-07,1.32E-07,2.12E-07,2.08E-07,1.95E-07,2.98E-07,6.40E-07,3.75E-07,3.36E-07,4.15E-07,5.72E-07,7.79E-07,1.02E-06,1.80E-06,2.04E-06,3.69E-06,5.12E-06,1.04E-05,1.42E-05,1.27E-05,1.33E-05,2.02E-05,5.23E-05,6.01E-05,7.45E-05,7.87E-05,4.71E-05,2.89E-05,1.75E-05,1.50E-05,1.71E-05,1.84E-05,1.87E-05,2.20E-05,3.20E-05,6.07E-05,8.75E-05,0.000190821,0.00042745,0.000853392,0.002678182,0.009447694,0.026680108,0.049347378,0.066301905,0.077540934,0.112824671,0.124958672,0.183672756,0.178381428,0.111727729,0.053778838
Head 1,510,3.74E-05,2.30E-05,1.33E-05,9.50E-06,9.17E-06,9.54E-06,9.55E-06,8.22E-06,7.52E-06,7.63E-06,8.83E-06,9.25E-06,1.24E-05,1.64E-05,1.92E-05,2.38E-05,3.26E-05,3.52E-05,3.27E-05,2.00E-05,9.27E-06,5.59E-06,4.78E-06,4.23E-06,2.61E-06,1.33E-06,4.92E-07,5.42E-08,2.37E-08,1.80E-08,1.95E-08,2.28E-08,2.76E-08,3.30E-08,4.13E-08,8.08E-08,1.45E-07,3.01E-07,6.36E-07,1.20E-06,1.72E-06,2.24E-06,2.68E-06,2.50E-06,1.80E-06,1.05E-06,6.06E-07,7.80E-08,6.22E-08,6.02E-08,1.60E-07,8.69E-08,4.84E-08,4.08E-08,4.76E-08,7.83E-08,1.50E-07,2.59E-07,3.76E-07,5.19E-07,7.32E-07,1.12E-06,9.32E-07,1.02E-06,1.00E-06,1.10E-06,1.26E-06,1.31E-06,9.75E-07,5.61E-07,6.24E-07,3.55E-07,3.06E-07,1.50E-07,2.12E-07,2.48E-07,2.11E-07,3.09E-07,2.20E-07,1.49E-07,2.30E-07,6.14E-07,4.37E-07,4.05E-07,4.30E-07,4.96E-07,6.08E-07,7.51E-07,1.19E-06,1.28E-06,2.05E-06,2.27E-06,5.76E-06,9.73E-06,1.11E-05,1.20E-05,1.48E-05,3.46E-05,3.81E-05,6.62E-05,0.000109946,8.56E-05,5.14E-05,2.30E-05,1.49E-05,1.52E-05,1.72E-05,1.85E-05,2.01E-05,2.29E-05,3.90E-05,4.15E-05,7.72E-05,0.000162227,0.000286196,0.000763962,0.002634476,0.009499833,0.026803894,0.045427363,0.061155818,0.091424294,0.084877677,0.128036529,0.180965632,0.192334771,0.124854535,0.049629953
Head 1,511,4.15E-05,2.32E-05,1.28E-05,9.36E-06,8.69E-06,9.38E-06,8.90E-06,8.04E-06,7.11E-06,7.00E-06,7.27E-06,8.96E-06,1.20E-05,1.46E-05,1.71E-05,2.49E-05,3.04E-05,3.55E-05,2.83E-05,1.60E-05,8.37E-06,5.88E-06,5.80E-06,3.94E-06,2.64E-06,1.29E-06,1.56E-07,5.22E-08,2.55E-08,1.90E-08,1.89E-08,2.32E-08,2.87E-08,3.37E-08,5.29E-08,7.85E-08,1.48E-07,3.31E-07,7.21E-07,1.15E-06,1.67E-06,2.29E-06,2.66E-06,2.45E-06,1.68E-06,1.08E-06,1.07E-07,6.88E-08,6.28E-08,2.53E-07,1.69E-07,9.03E-08,5.57E-08,4.09E-08,4.68E-08,7.98E-08,1.50E-07,2.50E-07,3.66E-07,4.94E-07,7.24E-07,6.75E-07,8.76E-07,9.11E-07,9.52E-07,1.04E-06,1.19E-06,1.16E-06,9.23E-07,1.11E-06,5.43E-07,3.48E-07,1.21E-07,1.60E-07,2.40E-07,2.83E-07,4.73E-07,2.85E-07,1.31E-07,1.61E-07,4.60E-07,3.95E-07,4.57E-07,4.96E-07,5.11E-07,5.47E-07,6.23E-07,9.13E-07,9.38E-07,1.39E-06,1.20E-06,3.13E-06,5.74E-06,8.00E-06,1.09E-05,1.35E-05,2.50E-05,2.15E-05,3.87E-05,9.60E-05,0.000111101,8.82E-05,3.94E-05,1.94E-05,1.52E-05,1.53E-05,1.75E-05,2.05E-05,2.18E-05,3.49E-05,2.74E-05,3.87E-05,6.89E-05,0.000114626,0.00026657,0.000755771,0.002677262,0.009619397,0.023035876,0.039097924,0.069882721,0.064957738,0.082624577,0.124520138,0.200800836,0.216271028,0.117281131,0.046957649
Head 1,512,3.22E-05,2.05E-05,1.32E-05,1.02E-05,1.02E-05,1.02E-05,9.50E-06,7.64E-06,6.00E-06,4.04E-06,3.89E-06,4.57E-06,5.45E-06,7.52E-06,7.82E-06,9.04E-06,1.09E-05,1.05E-05,1.20E-05,7.68E-06,5.55E-06,3.18E-06,2.41E-06,2.25E-06,1.76E-06,3.42E-07,1.24E-07,4.69E-08,2.27E-08,1.55E-08,1.54E-08,1.77E-08,1.88E-08,3.70E-08,4.13E-08,5.94E-08,1.19E-07,2.73E-07,4.75E-07,7.30E-07,1.08E-06,1.44E-06,1.69E-06,1.52E-06,1.29E-06,1.63E-07,7.97E-08,5.37E-08,1.77E-07,1.39E-07,8.41E-08,4.72E-08,2.38E-08,1.71E-08,2.28E-08,4.43E-08,9.20E-08,1.75E-07,2.60E-07,3.70E-07,3.51E-07,4.87E-07,5.41E-07,5.58E-07,5.47E-07,5.61E-07,5.52E-07,5.27E-07,6.34E-07,3.22E-07,1.75E-07,4.33E-08,4.00E-08,5.30E-08,8.58E-08,1.86E-07,1.24E-07,6.69E-08,6.99E-08,1.51E-07,1.98E-07,3.15E-07,3.96E-07,4.01E-07,3.68E-07,3.47E-07,4.13E-07,3.80E-07,5.05E-07,3.88E-07,6.71E-07,9.80E-07,1.41E-06,2.25E-06,3.12E-06,4.21E-06,3.71E-06,6.20E-06,1.78E-05,3.58E-05,5.50E-05,5.72E-05,2.97E-05,1.76E-05,1.38E-05,1.50E-05,2.03E-05,2.47E-05,3.34E-05,2.16E-05,2.29E-05,3.31E-05,7.44E-05,0.000167332,0.000356568,0.000983311,0.00315979,0.008433388,0.018370459,0.042998165,0.06202684,0.070608169,0.090934932,0.169594035,0.196955815,0.186243504,0.107324682,0.041108958
Head 1,513,3.39E-05,2.36E-05,1.56E-05,1.32E-05,1.28E-05,1.35E-05,1.25E-05,9.85E-06,6.73E-06,5.40E-06,5.32E-06,6.10E-06,1.12E-05,9.22E-06,1.02E-05,1.16E-05,1.14E-05,1.62E-05,1.24E-05,8.90E-06,4.28E-06,2.58E-06,2.09E-06,1.84E-06,6.01E-07,3.25E-07,1.40E-07,5.69E-08,2.71E-08,2.04E-08,2.16E-08,2.46E-08,4.36E-08,4.57E-08,5.44E-08,9.09E-08,1.99E-07,3.80E-07,6.53E-07,1.03E-06,1.45E-06,1.85E-06,2.00E-06,2.48E-06,4.05E-07,2.01E-07,1.10E-07,2.81E-07,2.39E-07,1.93E-07,1.37E-07,6.51E-08,3.14E-08,2.44E-08,3.14E-08,5.79E-08,1.26E-07,2.27E-07,3.58E-07,3.54E-07,5.15E-07,6.65E-07,8.02E-07,8.35E-07,8.21E-07,7.83E-07,8.48E-07,1.34E-06,8.33E-07,4.83E-07,1.19E-07,6.89E-08,5.45E-08,7.31E-08,1.94E-07,1.58E-07,8.63E-08,7.16E-08,1.17E-07,1.22E-07,2.13E-07,3.60E-07,4.61E-07,4.47E-07,3.91E-07,4.69E-07,4.15E-07,5.51E-07,4.78E-07,6.94E-07,9.01E-07,1.17E-06,2.16E-06,3.90E-06,5.01E-06,4.19E-06,4.54E-06,1.01E-05,1.87E-05,3.69E-05,6.52E-05,5.08E-05,3.19E-05,1.90E-05,1.54E-05,1.86E-05,2.48E-05,3.70E-05,2.72E-05,2.35E-05,2.38E-05,4.33E-05,0.000103512,0.00022962,0.000539589,0.001355275,0.003660084,0.008913066,0.025495689,0.051400993,0.0636461,0.068854511,0.108122095,0.1436297,0.192777872,0.180599421,0.111964695,0.037951615
Head 1,514,3.11E-05,2.16E-05,1.54E-05,1.24E-05,1.25E-05,1.32E-05,1.20E-05,8.99E-06,6.83E-06,5.41E-06,5.21E-06,1.04E-05,7.79E-06,9.03E-06,1.03E-05,1.01E-05,1.45E-05,1.41E-05,1.24E-05,5.98E-06,3.35E-06,2.18E-06,1.64E-06,6.14E-07,4.80E-07,2.95E-07,1.34E-07,5.12E-08,2.64E-08,2.06E-08,2.14E-08,3.76E-08,4.13E-08,4.51E-08,6.04E-08,1.08E-07,2.01E-07,3.81E-07,7.01E-07,1.09E-06,1.48E-06,1.75E-06,2.72E-06,5.74E-07,3.69E-07,2.10E-07,4.13E-07,2.96E-07,2.57E-07,2.34E-07,1.40E-07,6.46E-08,3.47E-08,2.62E-08,3.18E-08,6.05E-08,1.23E-07,2.36E-07,2.64E-07,3.80E-07,5.05E-07,6.89E-07,8.39E-07,9.01E-07,8.37E-07,8.51E-07,1.61E-06,1.19E-06,8.41E-07,2.77E-07,1.40E-07,7.04E-08,6.02E-08,1.54E-07,1.48E-07,9.61E-08,8.46E-08,1.20E-07,8.25E-08,1.14E-07,2.16E-07,3.60E-07,4.40E-07,4.05E-07,4.83E-07,3.91E-07,4.63E-07,4.24E-07,5.80E-07,7.07E-07,7.74E-07,1.30E-06,2.78E-06,4.24E-06,4.46E-06,4.28E-06,6.64E-06,9.50E-06,1.74E-05,3.85E-05,5.17E-05,4.97E-05,3.02E-05,1.85E-05,1.65E-05,1.99E-05,3.03E-05,2.96E-05,2.62E-05,2.06E-05,2.28E-05,4.64E-05,0.000111788,0.000266212,0.000597386,0.001402799,0.003438673,0.011092109,0.029320285,0.05110589,0.059917841,0.079656899,0.097858466,0.141648203,0.182853669,0.20805645,0.098074704,0.033871874
Head 1,515,3.05E-05,2.24E-05,1.51E-05,1.24E-05,1.25E-05,1.28E-05,1.09E-05,9.43E-06,6.85E-06,5.35E-06,8.74E-06,6.24E-06,7.48E-06,9.04E-06,9.28E-06,1.23E-05,1.33E-05,1.49E-05,7.99E-06,5.16E-06,3.14E-06,1.92E-06,6.11E-07,5.35E-07,4.60E-07,2.90E-07,1.19E-07,4.85E-08,2.56E-08,1.94E-08,3.11E-08,3.56E-08,4.01E-08,4.76E-08,6.70E-08,1.04E-07,1.88E-07,3.83E-07,7.01E-07,1.07E-06,1.36E-06,2.24E-06,5.45E-07,4.81E-07,3.55E-07,7.36E-07,4.26E-07,3.18E-07,3.00E-07,2.26E-07,1.28E-07,6.58E-08,3.45E-08,2.48E-08,3.06E-08,5.48E-08,1.17E-07,1.59E-07,2.44E-07,3.22E-07,4.45E-07,6.02E-07,7.55E-07,7.68E-07,7.45E-07,1.49E-06,1.24E-06,1.00E-06,4.40E-07,2.62E-07,1.16E-07,6.43E-08,1.22E-07,1.11E-07,7.54E-08,8.53E-08,1.41E-07,7.20E-08,6.98E-08,1.11E-07,1.98E-07,3.07E-07,3.54E-07,4.67E-07,3.80E-07,3.84E-07,3.01E-07,4.14E-07,5.00E-07,5.02E-07,6.93E-07,1.40E-06,2.61E-06,3.28E-06,3.82E-06,5.09E-06,5.83E-06,8.31E-06,1.55E-05,2.90E-05,4.93E-05,4.38E-05,2.70E-05,1.82E-05,1.65E-05,2.18E-05,2.58E-05,2.79E-05,2.19E-05,1.53E-05,2.13E-05,4.60E-05,0.00010939,0.000249729,0.000506604,0.001213842,0.004082321,0.011151903,0.0281302,0.046519104,0.066624217,0.074202336,0.10156773,0.140672103,0.219925717,0.180675521,0.087608524,0.036087167
Head 1,516,3.21E-05,2.22E-05,1.53E-05,1.25E-05,1.22E-05,1.13E-05,1.21E-05,9.70E-06,6.90E-06,7.94E-06,5.46E-06,6.05E-06,7.55E-06,8.27E-06,1.09E-05,1.11E-05,1.37E-05,8.58E-06,7.10E-06,4.90E-06,2.79E-06,7.33E-07,5.58E-07,5.43E-07,4.77E-07,2.68E-07,1.18E-07,4.97E-08,2.60E-08,2.99E-08,3.15E-08,3.73E-08,4.48E-08,5.56E-08,6.91E-08,1.04E-07,2.02E-07,4.08E-07,7.19E-07,1.04E-06,1.69E-06,4.51E-07,4.93E-07,5.05E-07,1.43E-06,7.83E-07,4.78E-07,3.87E-07,3.05E-07,2.18E-07,1.38E-07,6.93E-08,3.46E-08,2.53E-08,3.04E-08,5.76E-08,9.02E-08,1.64E-07,2.35E-07,3.21E-07,4.40E-07,6.15E-07,7.31E-07,7.62E-07,1.52E-06,1.39E-06,1.19E-06,5.91E-07,4.75E-07,2.61E-07,1.20E-07,1.49E-07,1.03E-07,5.82E-08,7.82E-08,1.76E-07,9.13E-08,7.15E-08,8.54E-08,1.25E-07,2.02E-07,2.97E-07,4.74E-07,4.71E-07,4.50E-07,2.71E-07,3.62E-07,4.20E-07,4.38E-07,5.31E-07,8.84E-07,1.76E-06,2.20E-06,3.37E-06,4.89E-06,5.28E-06,5.92E-06,7.55E-06,1.35E-05,3.38E-05,5.15E-05,4.53E-05,3.02E-05,2.09E-05,2.01E-05,2.29E-05,2.92E-05,2.77E-05,1.66E-05,1.61E-05,2.58E-05,5.30E-05,0.000121367,0.00021425,0.000494158,0.001645318,0.00397129,0.011825078,0.028515933,0.054417256,0.061347641,0.081364535,0.103808537,0.157108411,0.197665349,0.165109903,0.094035387,0.037662003
Head 1,517,2.87E-05,2.06E-05,1.41E-05,1.10E-05,9.47E-06,1.16E-05,1.15E-05,9.07E-06,8.07E-06,5.39E-06,4.92E-06,5.65E-06,6.44E-06,1.01E-05,9.36E-06,1.08E-05,7.06E-06,7.21E-06,6.34E-06,4.11E-06,1.05E-06,6.38E-07,5.43E-07,5.33E-07,4.18E-07,2.55E-07,1.15E-07,4.83E-08,3.58E-08,2.85E-08,3.09E-08,3.82E-08,4.75E-08,5.18E-08,6.18E-08,9.83E-08,1.88E-07,3.65E-07,6.27E-07,1.07E-06,3.18E-07,3.78E-07,4.90E-07,2.13E-06,1.44E-06,8.42E-07,5.64E-07,3.78E-07,2.85E-07,2.26E-07,1.40E-07,6.67E-08,3.36E-08,2.38E-08,2.96E-08,3.94E-08,8.13E-08,1.43E-07,2.12E-07,2.86E-07,4.01E-07,5.27E-07,6.40E-07,1.33E-06,1.43E-06,1.30E-06,5.95E-07,5.86E-07,4.71E-07,2.59E-07,2.40E-07,1.22E-07,4.69E-08,5.54E-08,1.62E-07,9.75E-08,8.24E-08,8.39E-08,8.87E-08,1.16E-07,1.78E-07,3.41E-07,4.68E-07,5.31E-07,2.69E-07,3.38E-07,3.40E-07,3.52E-07,4.23E-07,6.16E-07,1.16E-06,1.20E-06,2.11E-06,3.92E-06,4.67E-06,5.00E-06,4.82E-06,6.07E-06,1.49E-05,3.32E-05,4.99E-05,4.73E-05,3.29E-05,2.30E-05,2.05E-05,2.52E-05,2.84E-05,1.95E-05,1.60E-05,1.82E-05,2.80E-05,5.61E-05,8.85E-05,0.000186359,0.000636382,0.001418176,0.00398587,0.011749997,0.03163692,0.044281002,0.066693023,0.083330765,0.102964319,0.142798454,0.184881479,0.184788927,0.101997718,0.037891619
Head 1,518,2.44E-05,1.74E-05,1.13E-05,7.76E-06,8.96E-06,1.01E-05,9.70E-06,8.73E-06,5.93E-06,4.45E-06,4.18E-06,4.40E-06,8.51E-06,7.89E-06,8.21E-06,4.68E-06,5.21E-06,5.59E-06,4.60E-06,1.43E-06,8.01E-07,5.42E-07,4.59E-07,4.06E-07,3.44E-07,2.15E-07,9.96E-08,5.47E-08,3.07E-08,2.57E-08,2.90E-08,3.75E-08,4.16E-08,4.44E-08,5.68E-08,8.96E-08,1.64E-07,3.13E-07,5.94E-07,2.05E-07,2.52E-07,3.55E-07,2.10E-06,1.98E-06,1.38E-06,8.92E-07,4.90E-07,3.16E-07,2.61E-07,2.03E-07,1.21E-07,5.91E-08,2.96E-08,2.21E-08,1.89E-08,3.53E-08,7.49E-08,1.37E-07,2.01E-07,2.78E-07,3.65E-07,4.93E-07,1.07E-06,1.41E-06,1.44E-06,6.16E-07,6.12E-07,6.39E-07,5.07E-07,4.57E-07,1.99E-07,5.85E-08,4.65E-08,1.28E-07,8.36E-08,9.23E-08,1.05E-07,9.32E-08,8.83E-08,1.09E-07,2.03E-07,3.53E-07,5.55E-07,3.20E-07,3.89E-07,3.25E-07,2.94E-07,3.63E-07,5.23E-07,8.79E-07,7.84E-07,1.26E-06,2.77E-06,3.76E-06,4.58E-06,4.58E-06,4.04E-06,7.03E-06,1.54E-05,3.35E-05,5.31E-05,5.24E-05,3.27E-05,2.27E-05,2.22E-05,2.42E-05,2.06E-05,1.81E-05,1.75E-05,2.10E-05,3.27E-05,4.42E-05,7.46E-05,0.000251395,0.000626887,0.001530599,0.004308399,0.013871408,0.02550086,0.047696296,0.067713685,0.079244614,0.092708357,0.132168859,0.206524968,0.193547577,0.09886685,0.034735486
Head 1,519,2.61E-05,1.47E-05,9.70E-06,8.43E-06,8.77E-06,9.61E-06,8.56E-06,9.69E-06,7.82E-06,6.74E-06,6.34E-06,1.00E-05,1.15E-05,1.32E-05,8.70E-06,1.04E-05,1.29E-05,1.38E-05,5.57E-06,3.51E-06,2.04E-06,1.24E-06,8.21E-07,6.56E-07,4.79E-07,2.71E-07,1.52E-07,6.13E-08,3.38E-08,2.77E-08,3.25E-08,3.75E-08,4.17E-08,4.92E-08,6.48E-08,1.02E-07,1.88E-07,4.36E-07,1.56E-07,2.11E-07,3.03E-07,2.73E-06,3.46E-06,3.15E-06,2.40E-06,1.28E-06,6.90E-07,5.07E-07,4.30E-07,3.42E-07,2.27E-07,1.17E-07,6.38E-08,2.61E-08,2.98E-08,5.16E-08,9.86E-08,1.64E-07,2.42E-07,3.20E-07,4.58E-07,1.13E-06,1.86E-06,2.64E-06,1.20E-06,1.18E-06,1.29E-06,1.50E-06,2.26E-06,1.09E-06,2.94E-07,1.71E-07,3.95E-07,1.91E-07,2.37E-07,3.15E-07,2.73E-07,1.93E-07,1.54E-07,2.81E-07,3.79E-07,6.49E-07,4.13E-07,6.60E-07,5.51E-07,3.58E-07,4.36E-07,6.94E-07,1.40E-06,1.13E-06,1.78E-06,5.84E-06,9.18E-06,1.51E-05,1.81E-05,1.60E-05,1.86E-05,2.52E-05,4.37E-05,7.67E-05,9.87E-05,8.55E-05,4.52E-05,2.96E-05,2.33E-05,1.60E-05,1.63E-05,1.61E-05,1.72E-05,2.01E-05,3.31E-05,3.87E-05,9.72E-05,0.000186476,0.000472517,0.001410157,0.004862102,0.013573665,0.029894905,0.05641824,0.06643784,0.069233283,0.083175153,0.143108502,0.203906283,0.183147192,0.094113491,0.049039319
Head 1,520,2.31E-05,1.44E-05,1.02E-05,8.19E-06,7.78E-06,7.27E-06,9.40E-06,8.43E-06,6.88E-06,5.42E-06,6.48E-06,7.58E-06,9.25E-06,5.83E-06,6.97E-06,9.02E-06,1.11E-05,5.30E-06,4.79E-06,3.40E-06,2.03E-06,1.15E-06,8.40E-07,6.81E-07,5.08E-07,4.11E-07,1.58E-07,6.58E-08,3.64E-08,3.07E-08,3.07E-08,3.39E-08,3.88E-08,4.44E-08,5.52E-08,8.12E-08,1.73E-07,6.75E-08,1.07E-07,1.70E-07,1.64E-06,2.54E-06,3.13E-06,3.25E-06,2.10E-06,1.09E-06,6.63E-07,4.68E-07,3.75E-07,3.06E-07,1.95E-07,1.05E-07,3.04E-08,2.16E-08,2.60E-08,4.45E-08,8.13E-08,1.37E-07,1.90E-07,2.62E-07,6.64E-07,1.09E-06,1.82E-06,1.04E-06,1.06E-06,9.62E-07,1.18E-06,2.50E-06,1.50E-06,4.65E-07,2.39E-07,4.16E-07,1.45E-07,1.72E-07,2.91E-07,3.46E-07,2.79E-07,1.86E-07,2.74E-07,2.83E-07,4.72E-07,3.49E-07,7.18E-07,6.52E-07,3.44E-07,3.50E-07,4.99E-07,9.30E-07,7.40E-07,9.96E-07,3.06E-06,4.57E-06,8.04E-06,1.16E-05,1.36E-05,1.66E-05,1.79E-05,2.49E-05,4.50E-05,8.13E-05,0.000111197,7.60E-05,4.88E-05,3.00E-05,1.52E-05,1.43E-05,1.47E-05,1.67E-05,1.80E-05,2.84E-05,2.43E-05,4.48E-05,6.89E-05,0.000169334,0.000464927,0.001475811,0.004883714,0.011783201,0.028105807,0.048881833,0.058918595,0.062438913,0.095623374,0.151732519,0.198964551,0.167533457,0.118714347,0.049356673
Head 1,521,2.41E-05,1.70E-05,1.12E-05,8.25E-06,6.77E-06,9.13E-06,9.56E-06,8.61E-06,6.46E-06,5.53E-06,6.02E-06,7.52E-06,4.55E-06,5.23E-06,6.66E-06,8.42E-06,4.14E-06,5.13E-06,5.09E-06,3.71E-06,2.02E-06,1.26E-06,9.40E-07,7.90E-07,1.02E-06,4.78E-07,1.93E-07,8.13E-08,4.63E-08,3.39E-08,3.29E-08,3.72E-08,4.21E-08,4.62E-08,5.36E-08,9.21E-08,3.37E-08,5.81E-08,1.05E-07,1.03E-06,1.76E-06,2.65E-06,3.63E-06,3.24E-06,2.03E-06,1.20E-06,6.94E-07,4.65E-07,3.90E-07,3.08E-07,2.05E-07,5.87E-08,3.04E-08,2.32E-08,2.80E-08,4.59E-08,8.55E-08,1.34E-07,1.91E-07,4.92E-07,7.42E-07,1.28E-06,9.29E-07,1.10E-06,8.89E-07,1.02E-06,2.68E-06,2.03E-06,7.79E-07,4.57E-07,6.57E-07,1.68E-07,1.46E-07,2.36E-07,3.59E-07,3.96E-07,2.95E-07,3.87E-07,2.96E-07,3.89E-07,2.73E-07,7.00E-07,7.96E-07,4.32E-07,3.89E-07,4.66E-07,7.89E-07,6.02E-07,7.67E-07,2.01E-06,2.74E-06,4.51E-06,6.42E-06,1.03E-05,1.67E-05,1.75E-05,1.88E-05,2.71E-05,5.09E-05,0.000101288,0.000101531,8.42E-05,5.11E-05,2.04E-05,1.47E-05,1.36E-05,1.63E-05,1.89E-05,3.14E-05,2.37E-05,3.14E-05,3.28E-05,7.50E-05,0.000194096,0.000541257,0.001801533,0.004289125,0.011167361,0.025585487,0.045381147,0.053009901,0.071063586,0.10006211,0.143384174,0.175049946,0.204677954,0.115296058,0.047513317
Head 1,522,2.05E-05,1.66E-05,1.18E-05,1.08E-05,1.00E-05,1.09E-05,1.04E-05,7.67E-06,6.47E-06,5.46E-06,5.81E-06,2.24E-06,2.12E-06,2.39E-06,2.72E-06,1.11E-06,1.52E-06,2.04E-06,2.11E-06,1.46E-06,9.45E-07,6.75E-07,5.98E-07,1.35E-06,9.53E-07,5.38E-07,2.47E-07,1.12E-07,5.63E-08,4.01E-08,3.92E-08,4.32E-08,4.50E-08,4.39E-08,4.26E-08,1.38E-08,2.18E-08,4.18E-08,4.02E-07,7.37E-07,1.32E-06,2.25E-06,2.72E-06,2.35E-06,1.70E-06,9.30E-07,4.89E-07,3.38E-07,2.61E-07,2.01E-07,7.08E-08,3.39E-08,1.83E-08,1.46E-08,1.86E-08,3.52E-08,6.60E-08,1.11E-07,2.93E-07,4.51E-07,7.21E-07,5.57E-07,7.34E-07,5.53E-07,5.61E-07,1.26E-06,1.01E-06,5.11E-07,3.67E-07,4.08E-07,1.00E-07,5.56E-08,6.09E-08,9.12E-08,1.39E-07,1.53E-07,2.05E-07,1.43E-07,1.62E-07,1.32E-07,3.24E-07,4.91E-07,4.48E-07,4.18E-07,3.83E-07,5.11E-07,3.63E-07,4.21E-07,7.57E-07,8.79E-07,1.10E-06,1.30E-06,2.00E-06,3.83E-06,4.42E-06,4.30E-06,5.04E-06,9.10E-06,2.06E-05,3.55E-05,5.90E-05,6.06E-05,3.76E-05,2.17E-05,1.44E-05,1.61E-05,2.03E-05,3.18E-05,2.50E-05,2.76E-05,2.52E-05,5.28E-05,0.000127988,0.000304201,0.000702556,0.001795932,0.004691971,0.011603378,0.02701034,0.042120796,0.061780412,0.080466017,0.104544804,0.143838838,0.187775984,0.179738015,0.106811695,0.046040088
Head 1,523,3.02E-05,1.88E-05,1.13E-05,1.00E-05,1.00E-05,1.15E-05,1.17E-05,8.69E-06,7.43E-06,7.73E-06,6.26E-06,5.39E-06,5.65E-06,6.28E-06,2.75E-06,3.48E-06,5.00E-06,6.52E-06,5.57E-06,3.91E-06,2.34E-06,1.48E-06,2.58E-06,1.88E-06,1.27E-06,6.71E-07,3.01E-07,1.18E-07,5.75E-08,4.18E-08,4.15E-08,4.59E-08,4.75E-08,5.40E-08,1.50E-08,1.97E-08,3.56E-08,3.70E-07,7.38E-07,1.40E-06,2.46E-06,3.39E-06,3.86E-06,3.99E-06,2.79E-06,1.47E-06,8.58E-07,5.90E-07,5.07E-07,2.22E-07,1.45E-07,7.67E-08,4.12E-08,2.89E-08,3.34E-08,5.15E-08,9.04E-08,2.68E-07,4.05E-07,6.11E-07,4.73E-07,7.71E-07,7.82E-07,8.94E-07,2.46E-06,2.46E-06,1.12E-06,1.12E-06,2.17E-06,6.22E-07,3.09E-07,2.30E-07,2.18E-07,2.64E-07,3.10E-07,5.94E-07,4.06E-07,3.27E-07,1.18E-07,2.65E-07,3.65E-07,3.26E-07,3.97E-07,4.26E-07,7.23E-07,3.66E-07,4.48E-07,1.03E-06,1.31E-06,1.83E-06,1.79E-06,3.09E-06,8.60E-06,1.52E-05,1.85E-05,1.83E-05,2.03E-05,3.80E-05,4.87E-05,7.40E-05,8.54E-05,5.15E-05,2.93E-05,1.62E-05,1.28E-05,1.38E-05,2.61E-05,2.76E-05,3.21E-05,1.54E-05,2.29E-05,5.05E-05,0.000116628,0.000298808,0.000648587,0.001531202,0.002868086,0.009506202,0.022933891,0.043836117,0.059065472,0.064621642,0.075377926,0.164307982,0.20935148,0.190263093,0.096897669,0.057508714
Head 1,524,2.40E-05,1.47E-05,1.05E-05,8.11E-06,8.15E-06,8.67E-06,7.26E-06,6.24E-06,5.74E-06,6.13E-06,4.28E-06,3.79E-06,3.86E-06,1.66E-06,1.95E-06,2.78E-06,4.15E-06,4.77E-06,4.65E-06,3.38E-06,2.11E-06,3.39E-06,2.52E-06,1.97E-06,1.31E-06,6.98E-07,2.64E-07,9.78E-08,4.80E-08,3.43E-08,3.28E-08,3.38E-08,3.70E-08,9.32E-09,9.98E-09,1.51E-08,1.42E-07,3.02E-07,6.48E-07,1.27E-06,1.91E-06,2.58E-06,3.52E-06,3.41E-06,2.16E-06,1.21E-06,6.76E-07,4.94E-07,2.10E-07,1.74E-07,1.18E-07,6.27E-08,3.21E-08,2.32E-08,2.52E-08,4.00E-08,1.31E-07,2.29E-07,3.68E-07,2.56E-07,4.11E-07,4.63E-07,6.03E-07,1.66E-06,1.95E-06,8.60E-07,9.02E-07,2.28E-06,8.03E-07,4.63E-07,3.04E-07,2.07E-07,1.88E-07,2.17E-07,5.51E-07,4.86E-07,4.39E-07,1.33E-07,2.39E-07,2.57E-07,2.16E-07,3.19E-07,4.09E-07,7.80E-07,3.33E-07,3.37E-07,7.00E-07,8.07E-07,1.07E-06,9.49E-07,1.34E-06,3.53E-06,7.71E-06,1.29E-05,1.57E-05,1.71E-05,2.55E-05,2.89E-05,4.51E-05,6.76E-05,6.04E-05,4.64E-05,2.55E-05,1.52E-05,1.23E-05,2.02E-05,2.40E-05,3.30E-05,1.44E-05,1.59E-05,2.63E-05,4.98E-05,0.000114782,0.000227498,0.000522877,0.000810874,0.002700394,0.008385808,0.023224156,0.042211205,0.050431553,0.052564815,0.11204318,0.163325205,0.205228254,0.15913251,0.127231076,0.051090471
Head 1,525,2.36E-05,1.55E-05,9.76E-06,7.67E-06,7.13E-06,6.54E-06,6.28E-06,5.83E-06,8.40E-06,5.13E-06,3.69E-06,3.17E-06,1.32E-06,1.43E-06,1.84E-06,2.62E-06,3.46E-06,4.44E-06,4.43E-06,3.36E-06,4.99E-06,3.49E-06,2.80E-06,2.19E-06,1.51E-06,6.97E-07,2.54E-07,9.60E-08,4.65E-08,3.24E-08,2.92E-08,3.09E-08,7.86E-09,7.72E-09,9.66E-09,7.10E-08,1.43E-07,3.23E-07,7.09E-07,1.15E-06,1.68E-06,2.67E-06,3.48E-06,3.08E-06,2.07E-06,1.11E-06,6.65E-07,2.31E-07,1.96E-07,1.71E-07,1.15E-07,5.87E-08,3.06E-08,2.09E-08,2.36E-08,7.03E-08,1.31E-07,2.44E-07,1.73E-07,2.61E-07,2.97E-07,4.28E-07,1.18E-06,1.62E-06,8.08E-07,8.07E-07,2.30E-06,9.33E-07,7.23E-07,5.41E-07,3.16E-07,2.01E-07,1.72E-07,4.48E-07,4.67E-07,5.38E-07,1.84E-07,2.98E-07,2.36E-07,1.49E-07,2.23E-07,3.46E-07,8.26E-07,3.81E-07,3.38E-07,6.46E-07,6.30E-07,7.71E-07,6.96E-07,8.27E-07,1.75E-06,3.70E-06,7.49E-06,1.22E-05,1.63E-05,2.15E-05,2.09E-05,2.80E-05,4.25E-05,4.79E-05,5.89E-05,4.46E-05,2.58E-05,1.58E-05,1.90E-05,2.03E-05,3.10E-05,1.59E-05,1.58E-05,2.02E-05,2.96E-05,5.93E-05,9.54E-05,0.000205183,0.000288361,0.000820648,0.002556342,0.008902989,0.022859564,0.036918446,0.042245906,0.077672571,0.111343674,0.159758389,0.163568169,0.209948868,0.115199476,0.046878763
Head 1,526,3.17E-05,1.98E-05,1.29E-05,9.27E-06,7.73E-06,7.96E-06,8.19E-06,1.53E-05,9.66E-06,6.15E-06,4.38E-06,1.62E-06,1.65E-06,1.91E-06,2.41E-06,3.09E-06,4.45E-06,5.85E-06,6.13E-06,1.02E-05,7.02E-06,5.34E-06,4.24E-06,3.44E-06,2.08E-06,9.43E-07,3.52E-07,1.31E-07,6.22E-08,4.09E-08,3.65E-08,8.95E-09,9.00E-09,1.03E-08,5.97E-08,1.02E-07,2.11E-07,4.90E-07,8.72E-07,1.36E-06,2.26E-06,3.45E-06,4.18E-06,3.90E-06,2.54E-06,1.45E-06,4.25E-07,2.90E-07,2.61E-07,2.27E-07,1.47E-07,7.50E-08,3.69E-08,2.68E-08,5.98E-08,9.46E-08,1.89E-07,1.51E-07,2.27E-07,2.46E-07,3.57E-07,9.86E-07,1.50E-06,9.41E-07,9.23E-07,2.56E-06,1.06E-06,1.05E-06,1.04E-06,6.97E-07,3.77E-07,2.24E-07,4.70E-07,4.62E-07,6.22E-07,2.74E-07,5.13E-07,3.51E-07,1.53E-07,1.84E-07,2.89E-07,8.41E-07,4.87E-07,4.43E-07,8.42E-07,6.95E-07,7.22E-07,6.29E-07,7.07E-07,1.22E-06,2.13E-06,4.18E-06,8.06E-06,1.43E-05,2.13E-05,1.99E-05,2.31E-05,2.97E-05,3.03E-05,5.18E-05,6.31E-05,4.94E-05,2.91E-05,2.66E-05,2.12E-05,2.94E-05,1.71E-05,1.78E-05,2.05E-05,2.45E-05,4.52E-05,5.34E-05,9.68E-05,0.00012596,0.000307362,0.000811902,0.002827046,0.008831643,0.020211769,0.031536642,0.056287136,0.078315131,0.110477395,0.11271812,0.225021675,0.195028856,0.107203662,0.049357831
Head 1,527,2.00E-05,1.61E-05,1.13E-05,1.10E-05,1.05E-05,1.13E-05,1.65E-05,1.12E-05,6.34E-06,3.34E-06,8.76E-07,7.07E-07,6.59E-07,6.67E-07,7.50E-07,9.91E-07,1.44E-06,1.97E-06,5.09E-06,4.01E-06,3.19E-06,2.75E-06,2.65E-06,2.27E-06,1.60E-06,8.26E-07,3.24E-07,1.21E-07,5.49E-08,3.04E-08,7.08E-09,6.98E-09,7.71E-09,3.13E-08,4.18E-08,7.07E-08,1.66E-07,3.31E-07,5.75E-07,9.81E-07,1.56E-06,2.23E-06,2.82E-06,2.52E-06,1.69E-06,5.76E-07,2.90E-07,1.91E-07,1.62E-07,1.28E-07,7.65E-08,3.44E-08,1.82E-08,2.64E-08,3.09E-08,6.36E-08,7.67E-08,1.49E-07,1.56E-07,2.07E-07,5.17E-07,7.64E-07,6.37E-07,6.26E-07,1.26E-06,5.68E-07,5.69E-07,6.60E-07,5.23E-07,2.72E-07,1.14E-07,1.45E-07,1.19E-07,1.55E-07,8.93E-08,2.06E-07,1.67E-07,9.29E-08,1.00E-07,1.50E-07,3.58E-07,4.31E-07,4.82E-07,7.58E-07,6.44E-07,5.14E-07,4.06E-07,4.13E-07,5.94E-07,7.45E-07,1.03E-06,1.60E-06,2.85E-06,3.79E-06,3.76E-06,4.42E-06,5.02E-06,5.63E-06,1.23E-05,2.73E-05,4.38E-05,4.05E-05,2.89E-05,2.26E-05,2.84E-05,1.99E-05,2.14E-05,2.57E-05,3.12E-05,4.00E-05,3.50E-05,5.16E-05,9.78E-05,0.000212192,0.000426203,0.001189245,0.003498231,0.009346233,0.020447183,0.034349125,0.052252289,0.073004119,0.100445449,0.155584753,0.20675239,0.183378592,0.11469245,0.043690193
Head 1,528,2.77E-05,2.11E-05,2.04E-05,1.65E-05,1.76E-05,2.78E-05,2.56E-05,1.92E-05,1.11E-05,2.56E-06,1.82E-06,1.49E-06,1.34E-06,1.26E-06,1.34E-06,1.67E-06,2.32E-06,8.34E-06,7.38E-06,5.96E-06,4.67E-06,3.94E-06,3.28E-06,2.83E-06,2.12E-06,1.14E-06,4.67E-07,1.70E-07,7.13E-08,1.22E-08,1.05E-08,1.20E-08,4.58E-08,5.30E-08,6.87E-08,1.31E-07,2.57E-07,4.93E-07,9.21E-07,1.48E-06,2.16E-06,3.18E-06,3.92E-06,3.78E-06,1.90E-06,8.99E-07,4.52E-07,3.09E-07,2.57E-07,2.02E-07,1.13E-07,5.56E-08,5.80E-08,3.91E-08,5.04E-08,5.34E-08,1.20E-07,1.58E-07,2.18E-07,5.28E-07,7.37E-07,7.20E-07,8.53E-07,1.65E-06,8.17E-07,7.76E-07,9.88E-07,1.08E-06,8.08E-07,3.75E-07,3.35E-07,1.98E-07,1.79E-07,7.60E-08,2.19E-07,2.13E-07,1.14E-07,1.01E-07,1.13E-07,2.20E-07,2.72E-07,4.19E-07,8.17E-07,8.96E-07,6.94E-07,4.18E-07,4.20E-07,6.54E-07,8.21E-07,9.95E-07,1.31E-06,2.19E-06,3.48E-06,3.90E-06,5.16E-06,5.29E-06,4.00E-06,5.76E-06,1.22E-05,2.86E-05,4.62E-05,4.23E-05,3.24E-05,3.23E-05,1.96E-05,1.96E-05,2.40E-05,3.18E-05,4.68E-05,3.59E-05,3.77E-05,5.50E-05,0.000132286,0.000255802,0.000589738,0.001392495,0.003368134,0.00856529,0.019785119,0.036219396,0.054432768,0.066758268,0.099765889,0.148394614,0.193133935,0.199795932,0.118275784,0.048358992
Head 1,529,2.65E-05,1.73E-05,1.01E-05,8.43E-06,1.93E-05,1.94E-05,2.01E-05,1.65E-05,4.36E-06,3.20E-06,2.72E-06,2.61E-06,2.48E-06,2.60E-06,2.97E-06,3.89E-06,1.67E-05,1.72E-05,1.61E-05,1.29E-05,9.54E-06,5.94E-06,4.11E-06,3.00E-06,1.87E-06,8.99E-07,3.17E-07,1.14E-07,1.22E-08,7.53E-09,7.55E-09,3.91E-08,4.91E-08,6.07E-08,9.35E-08,1.53E-07,2.87E-07,6.05E-07,1.09E-06,1.68E-06,2.63E-06,3.77E-06,4.87E-06,3.45E-06,2.03E-06,1.01E-06,5.39E-07,3.78E-07,3.30E-07,2.61E-07,1.72E-07,1.93E-07,9.51E-08,7.01E-08,3.82E-08,6.82E-08,1.04E-07,1.67E-07,4.39E-07,5.79E-07,5.39E-07,7.97E-07,1.90E-06,1.21E-06,1.20E-06,1.41E-06,1.81E-06,2.05E-06,1.60E-06,1.83E-06,9.13E-07,5.99E-07,1.74E-07,5.10E-07,5.72E-07,2.96E-07,2.51E-07,2.01E-07,3.47E-07,1.88E-07,2.83E-07,8.31E-07,1.05E-06,9.39E-07,4.40E-07,4.16E-07,6.77E-07,9.53E-07,1.26E-06,1.68E-06,2.80E-06,6.60E-06,8.72E-06,1.51E-05,1.97E-05,1.42E-05,1.39E-05,1.74E-05,3.16E-05,5.72E-05,8.71E-05,6.38E-05,4.62E-05,1.80E-05,1.45E-05,1.63E-05,2.17E-05,4.44E-05,3.98E-05,3.47E-05,2.14E-05,4.55E-05,9.14E-05,0.000213153,0.000475416,0.001062484,0.002728194,0.009427279,0.021063052,0.04051565,0.047253162,0.084546521,0.112989023,0.155155137,0.21305652,0.154426277,0.100756735,0.055295747
Head 1,530,2.56E-05,1.37E-05,8.75E-06,1.74E-05,1.42E-05,1.50E-05,1.48E-05,4.21E-06,2.99E-06,2.26E-06,1.93E-06,1.71E-06,1.75E-06,1.92E-06,2.31E-06,1.28E-05,1.52E-05,1.77E-05,1.81E-05,1.59E-05,1.02E-05,6.58E-06,4.68E-06,3.31E-06,2.01E-06,8.51E-07,3.03E-07,2.20E-08,8.44E-09,5.55E-09,2.73E-08,3.36E-08,4.12E-08,5.44E-08,6.95E-08,1.07E-07,2.18E-07,4.33E-07,7.43E-07,1.26E-06,1.97E-06,3.10E-06,2.93E-06,2.63E-06,1.62E-06,7.90E-07,4.17E-07,2.95E-07,2.46E-07,2.11E-07,3.07E-07,1.48E-07,7.94E-08,2.40E-08,3.00E-08,4.18E-08,7.38E-08,2.30E-07,3.17E-07,2.49E-07,3.63E-07,9.39E-07,7.24E-07,8.07E-07,8.48E-07,9.99E-07,1.22E-06,1.27E-06,2.07E-06,1.14E-06,6.86E-07,1.45E-07,3.61E-07,4.02E-07,2.37E-07,2.76E-07,2.55E-07,4.15E-07,1.38E-07,1.66E-07,5.48E-07,8.20E-07,9.12E-07,4.11E-07,3.30E-07,4.50E-07,5.76E-07,7.18E-07,8.61E-07,1.20E-06,2.74E-06,3.38E-06,6.29E-06,1.01E-05,9.74E-06,1.00E-05,1.01E-05,1.46E-05,2.75E-05,6.56E-05,7.11E-05,6.54E-05,2.40E-05,1.48E-05,1.29E-05,1.55E-05,3.49E-05,3.83E-05,3.44E-05,1.33E-05,2.04E-05,3.44E-05,7.29E-05,0.000151557,0.000300394,0.000674472,0.002893959,0.007335286,0.018369993,0.031024933,0.060240261,0.080783799,0.110017918,0.173866645,0.155881524,0.171137094,0.130003303,0.056431446
Head 1,531,2.43E-05,1.45E-05,2.48E-05,1.57E-05,1.40E-05,1.42E-05,4.96E-06,3.93E-06,2.96E-06,2.25E-06,1.77E-06,1.69E-06,1.76E-06,1.94E-06,1.09E-05,1.33E-05,1.71E-05,2.11E-05,2.35E-05,1.77E-05,1.15E-05,7.62E-06,5.36E-06,3.80E-06,2.13E-06,9.72E-07,6.82E-08,2.00E-08,8.43E-09,2.91E-08,3.07E-08,3.85E-08,5.01E-08,5.50E-08,6.70E-08,1.13E-07,2.19E-07,4.03E-07,7.37E-07,1.20E-06,2.01E-06,2.10E-06,2.81E-06,2.71E-06,1.65E-06,7.87E-07,4.18E-07,2.85E-07,2.58E-07,4.98E-07,3.00E-07,1.57E-07,3.26E-08,2.53E-08,2.58E-08,4.21E-08,1.42E-07,2.19E-07,1.66E-07,2.25E-07,5.93E-07,4.97E-07,6.58E-07,7.20E-07,7.91E-07,9.03E-07,1.04E-06,2.39E-06,1.65E-06,1.11E-06,2.18E-07,3.93E-07,3.35E-07,1.71E-07,2.50E-07,3.20E-07,6.02E-07,1.59E-07,1.37E-07,4.07E-07,5.87E-07,7.96E-07,4.40E-07,3.56E-07,4.15E-07,4.70E-07,5.53E-07,6.43E-07,8.21E-07,1.63E-06,1.81E-06,3.11E-06,5.27E-06,6.49E-06,8.83E-06,8.90E-06,9.79E-06,1.44E-05,4.01E-05,5.79E-05,7.76E-05,3.87E-05,2.32E-05,1.56E-05,1.39E-05,2.76E-05,3.43E-05,3.72E-05,1.30E-05,1.49E-05,1.97E-05,3.47E-05,6.55E-05,0.000118165,0.0002232,0.000954908,0.002374309,0.006655366,0.015004763,0.037833892,0.056062791,0.075907342,0.118627004,0.105639026,0.171845376,0.219042838,0.132023558,0.056813139
Head 1,532,2.52E-05,3.89E-05,2.18E-05,1.51E-05,1.32E-05,5.15E-06,4.81E-06,4.16E-06,3.16E-06,2.25E-06,1.88E-06,1.81E-06,1.89E-06,9.40E-06,1.12E-05,1.43E-05,1.88E-05,2.48E-05,2.37E-05,1.76E-05,1.17E-05,7.60E-06,5.35E-06,3.56E-06,2.17E-06,1.96E-07,6.12E-08,2.02E-08,4.33E-08,3.27E-08,3.67E-08,4.89E-08,5.35E-08,5.66E-08,7.68E-08,1.27E-07,2.29E-07,4.41E-07,7.58E-07,1.30E-06,1.31E-06,2.11E-06,3.05E-06,2.87E-06,1.70E-06,8.08E-07,4.12E-07,3.04E-07,6.39E-07,4.98E-07,3.27E-07,6.68E-08,3.68E-08,2.45E-08,2.94E-08,9.11E-08,1.50E-07,1.29E-07,1.74E-07,4.50E-07,3.54E-07,5.26E-07,6.72E-07,7.75E-07,8.25E-07,9.03E-07,2.55E-06,2.22E-06,1.83E-06,4.51E-07,6.51E-07,4.04E-07,1.44E-07,1.96E-07,3.17E-07,8.05E-07,2.35E-07,1.69E-07,4.03E-07,4.50E-07,6.08E-07,4.25E-07,4.13E-07,4.70E-07,4.79E-07,5.09E-07,5.68E-07,7.23E-07,1.26E-06,1.32E-06,1.97E-06,3.05E-06,3.83E-06,7.22E-06,9.60E-06,9.86E-06,1.07E-05,2.55E-05,3.82E-05,6.62E-05,5.14E-05,4.16E-05,2.68E-05,1.76E-05,2.55E-05,2.88E-05,3.59E-05,1.51E-05,1.51E-05,1.63E-05,2.26E-05,3.63E-05,6.08E-05,0.000103987,0.000386692,0.000878557,0.002368985,0.005465439,0.019534564,0.035092782,0.052816804,0.080722995,0.063677274,0.113117293,0.225862563,0.21902658,0.127186701,0.05285918
Head 1,533,4.66E-05,2.95E-05,1.79E-05,1.22E-05,4.34E-06,4.32E-06,4.52E-06,3.94E-06,2.85E-06,2.11E-06,1.77E-06,1.71E-06,7.16E-06,8.46E-06,1.05E-05,1.34E-05,1.86E-05,2.13E-05,1.96E-05,1.49E-05,9.59E-06,6.15E-06,4.01E-06,2.72E-06,3.33E-07,1.40E-07,4.99E-08,7.90E-08,3.88E-08,3.15E-08,3.79E-08,4.32E-08,4.63E-08,5.51E-08,7.49E-08,1.18E-07,2.21E-07,4.08E-07,7.51E-07,7.74E-07,1.21E-06,2.07E-06,2.90E-06,2.62E-06,1.53E-06,6.98E-07,3.81E-07,6.49E-07,5.39E-07,4.51E-07,1.21E-07,6.49E-08,3.15E-08,2.44E-08,5.68E-08,8.20E-08,8.19E-08,1.26E-07,3.32E-07,2.42E-07,3.55E-07,5.17E-07,6.92E-07,7.77E-07,8.10E-07,2.33E-06,2.32E-06,2.26E-06,7.65E-07,1.14E-06,6.15E-07,1.62E-07,1.53E-07,2.29E-07,7.35E-07,2.87E-07,2.32E-07,4.77E-07,3.88E-07,4.13E-07,2.96E-07,3.61E-07,4.75E-07,4.93E-07,4.75E-07,4.76E-07,5.85E-07,9.38E-07,9.64E-07,1.34E-06,1.81E-06,1.90E-06,4.16E-06,8.07E-06,1.04E-05,1.04E-05,1.85E-05,2.33E-05,4.04E-05,4.13E-05,5.36E-05,4.64E-05,2.82E-05,2.84E-05,2.38E-05,2.72E-05,1.47E-05,1.54E-05,1.56E-05,1.77E-05,2.27E-05,3.34E-05,5.49E-05,0.000170524,0.000361705,0.000904624,0.001782525,0.008137912,0.01780423,0.033438213,0.056988426,0.045966078,0.069653451,0.163735896,0.229318991,0.208551094,0.115861692,0.046474546
Head 1,534,4.31E-05,2.90E-05,1.72E-05,4.82E-06,4.19E-06,4.67E-06,4.86E-06,4.13E-06,3.06E-06,2.30E-06,1.96E-06,6.50E-06,7.60E-06,9.41E-06,1.19E-05,1.62E-05,2.00E-05,2.22E-05,2.12E-05,1.57E-05,1.00E-05,6.00E-06,3.71E-06,5.38E-07,3.04E-07,1.45E-07,2.47E-07,8.99E-08,4.72E-08,4.11E-08,4.20E-08,4.59E-08,5.36E-08,6.36E-08,8.22E-08,1.30E-07,2.35E-07,4.59E-07,5.38E-07,7.94E-07,1.32E-06,2.23E-06,3.03E-06,2.69E-06,1.52E-06,7.53E-07,9.48E-07,6.79E-07,5.99E-07,2.06E-07,1.40E-07,6.58E-08,3.67E-08,5.82E-08,5.72E-08,5.01E-08,8.57E-08,2.54E-07,1.86E-07,2.53E-07,3.71E-07,5.51E-07,7.03E-07,7.73E-07,2.13E-06,2.38E-06,2.50E-06,9.76E-07,1.89E-06,1.14E-06,2.84E-07,1.83E-07,1.91E-07,6.23E-07,2.80E-07,3.05E-07,7.15E-07,5.04E-07,3.93E-07,2.08E-07,2.62E-07,4.20E-07,5.12E-07,5.08E-07,4.63E-07,5.06E-07,7.82E-07,7.61E-07,1.05E-06,1.32E-06,1.07E-06,2.08E-06,4.93E-06,8.83E-06,1.11E-05,1.71E-05,1.80E-05,2.62E-05,2.44E-05,4.45E-05,6.26E-05,5.01E-05,4.56E-05,2.86E-05,2.48E-05,1.30E-05,1.47E-05,1.59E-05,1.71E-05,1.78E-05,2.09E-05,3.02E-05,8.21E-05,0.000157756,0.000372123,0.000589843,0.002990365,0.007230604,0.016749797,0.036006134,0.036476713,0.048384041,0.107506327,0.17306608,0.225257561,0.193086013,0.104840696,0.046391923
Head 1,535,4.36E-05,2.85E-05,6.85E-06,4.60E-06,4.41E-06,4.85E-06,5.03E-06,4.33E-06,3.26E-06,2.46E-06,6.10E-06,6.70E-06,8.21E-06,1.06E-05,1.43E-05,1.77E-05,2.15E-05,2.48E-05,2.33E-05,1.72E-05,1.04E-05,5.71E-06,7.94E-07,4.91E-07,3.08E-07,7.61E-07,2.78E-07,1.07E-07,6.07E-08,4.45E-08,4.30E-08,5.03E-08,5.82E-08,6.59E-08,8.39E-08,1.29E-07,2.41E-07,3.30E-07,5.07E-07,7.90E-07,1.33E-06,2.19E-06,2.90E-06,2.52E-06,1.57E-06,1.68E-06,9.84E-07,7.40E-07,2.56E-07,2.25E-07,1.35E-07,7.30E-08,8.80E-08,5.38E-08,2.99E-08,4.69E-08,1.56E-07,1.28E-07,1.73E-07,2.40E-07,3.50E-07,4.89E-07,6.09E-07,1.65E-06,2.15E-06,2.37E-06,8.50E-07,2.20E-06,1.67E-06,5.06E-07,2.84E-07,2.02E-07,5.16E-07,1.94E-07,2.63E-07,8.65E-07,6.88E-07,4.64E-07,1.59E-07,1.60E-07,2.69E-07,3.93E-07,4.63E-07,4.38E-07,4.26E-07,6.42E-07,5.39E-07,7.18E-07,8.96E-07,6.47E-07,9.66E-07,2.10E-06,4.57E-06,8.14E-06,1.39E-05,1.43E-05,1.79E-05,1.25E-05,2.27E-05,4.64E-05,5.98E-05,6.82E-05,4.06E-05,2.68E-05,1.09E-05,1.15E-05,1.33E-05,1.56E-05,1.53E-05,1.45E-05,1.67E-05,4.07E-05,6.50E-05,0.00014459,0.000207684,0.001026467,0.002469619,0.006299192,0.017172063,0.025087897,0.037581332,0.073424757,0.116349399,0.174950108,0.210151657,0.177244738,0.107567094,0.049463946
Head 1,536,3.86E-05,1.05E-05,6.04E-06,4.46E-06,4.24E-06,4.67E-06,4.88E-06,4.26E-06,3.21E-06,5.85E-06,5.68E-06,6.40E-06,8.34E-06,1.15E-05,1.42E-05,1.72E-05,2.15E-05,2.43E-05,2.26E-05,1.58E-05,9.27E-06,1.18E-06,6.60E-07,4.50E-07,1.58E-06,7.60E-07,2.93E-07,1.25E-07,5.98E-08,4.15E-08,4.29E-08,4.98E-08,5.59E-08,6.31E-08,7.94E-08,1.26E-07,1.77E-07,3.01E-07,4.86E-07,7.76E-07,1.27E-06,2.04E-06,2.61E-06,2.49E-06,2.95E-06,1.63E-06,9.97E-07,2.87E-07,2.62E-07,2.04E-07,1.42E-07,1.68E-07,7.62E-08,2.51E-08,2.78E-08,8.88E-08,8.03E-08,1.22E-07,1.72E-07,2.36E-07,3.24E-07,4.37E-07,1.17E-06,1.84E-06,2.29E-06,7.45E-07,2.21E-06,1.99E-06,7.88E-07,5.24E-07,3.23E-07,5.71E-07,1.50E-07,1.89E-07,8.04E-07,8.30E-07,6.38E-07,1.78E-07,1.31E-07,1.82E-07,2.66E-07,3.74E-07,4.22E-07,4.24E-07,6.46E-07,4.57E-07,5.30E-07,6.36E-07,4.81E-07,6.03E-07,1.03E-06,2.11E-06,4.61E-06,1.00E-05,1.17E-05,1.47E-05,8.79E-06,1.23E-05,2.56E-05,4.74E-05,8.12E-05,6.07E-05,3.84E-05,1.25E-05,1.03E-05,1.08E-05,1.37E-05,1.48E-05,1.32E-05,1.24E-05,2.68E-05,3.26E-05,6.20E-05,8.88E-05,0.000396353,0.000907614,0.002257306,0.006835843,0.013145985,0.028162209,0.052339926,0.081026591,0.120169111,0.162492111,0.189760178,0.17966859,0.11338529,0.048548892
Head 1,537,1.54E-05,9.79E-06,6.11E-06,4.53E-06,4.29E-06,4.78E-06,5.03E-06,4.36E-06,6.59E-06,5.75E-06,5.62E-06,6.76E-06,9.39E-06,1.19E-05,1.45E-05,1.80E-05,2.20E-05,2.47E-05,2.15E-05,1.63E-05,2.05E-06,1.02E-06,6.25E-07,2.47E-06,1.65E-06,8.37E-07,3.60E-07,1.30E-07,5.91E-08,4.42E-08,4.47E-08,5.03E-08,5.67E-08,6.34E-08,8.30E-08,9.65E-08,1.71E-07,3.07E-07,5.01E-07,7.76E-07,1.25E-06,1.93E-06,2.72E-06,4.46E-06,2.90E-06,1.69E-06,4.09E-07,3.05E-07,2.48E-07,2.26E-07,3.34E-07,1.52E-07,3.56E-08,2.48E-08,6.12E-08,4.77E-08,8.08E-08,1.29E-07,1.80E-07,2.33E-07,3.05E-07,8.00E-07,1.43E-06,2.13E-06,7.36E-07,2.19E-06,2.08E-06,9.45E-07,8.55E-07,6.24E-07,8.80E-07,1.72E-07,1.54E-07,6.58E-07,8.03E-07,8.09E-07,2.52E-07,1.60E-07,1.67E-07,1.95E-07,2.71E-07,3.61E-07,4.33E-07,7.43E-07,4.98E-07,4.81E-07,4.99E-07,3.85E-07,4.66E-07,6.46E-07,1.08E-06,2.27E-06,6.22E-06,8.39E-06,1.24E-05,8.25E-06,8.94E-06,1.44E-05,2.76E-05,6.91E-05,7.38E-05,5.89E-05,1.98E-05,1.27E-05,1.01E-05,1.16E-05,1.36E-05,1.31E-05,1.16E-05,2.39E-05,2.22E-05,3.22E-05,4.11E-05,0.00016884,0.000365597,0.000854835,0.002565834,0.004983237,0.015927954,0.034172419,0.057060257,0.084119737,0.111303419,0.144610792,0.192729458,0.190199137,0.110727265,0.049440667
Head 1,538,1.37E-05,9.23E-06,5.84E-06,4.20E-06,4.07E-06,4.57E-06,4.75E-06,7.04E-06,6.14E-06,5.31E-06,5.45E-06,6.96E-06,9.08E-06,1.14E-05,1.42E-05,1.74E-05,2.12E-05,2.23E-05,2.29E-05,3.22E-06,1.67E-06,9.09E-07,3.12E-06,2.46E-06,1.73E-06,9.70E-07,3.52E-07,1.20E-07,5.92E-08,4.26E-08,4.15E-08,4.71E-08,5.24E-08,6.07E-08,5.27E-08,8.51E-08,1.62E-07,2.92E-07,4.62E-07,7.18E-07,1.11E-06,1.88E-06,4.50E-06,4.00E-06,2.77E-06,7.10E-07,4.09E-07,2.68E-07,2.59E-07,4.95E-07,2.85E-07,6.69E-08,3.33E-08,5.64E-08,2.83E-08,4.39E-08,7.93E-08,1.25E-07,1.63E-07,1.99E-07,4.97E-07,8.81E-07,1.55E-06,6.87E-07,1.98E-06,1.88E-06,8.26E-07,9.31E-07,9.37E-07,1.41E-06,2.65E-07,1.64E-07,5.39E-07,6.09E-07,7.31E-07,2.95E-07,2.16E-07,1.98E-07,1.68E-07,1.85E-07,2.40E-07,3.46E-07,7.29E-07,5.62E-07,4.95E-07,4.19E-07,2.76E-07,3.42E-07,4.47E-07,6.28E-07,1.08E-06,3.20E-06,4.57E-06,8.10E-06,7.39E-06,8.08E-06,9.92E-06,1.47E-05,4.22E-05,5.86E-05,6.71E-05,3.13E-05,1.98E-05,1.20E-05,1.03E-05,1.10E-05,1.14E-05,1.09E-05,2.34E-05,1.91E-05,2.06E-05,1.90E-05,7.34E-05,0.000146097,0.000329,0.000951179,0.001535197,0.006185963,0.017492341,0.034947637,0.058315936,0.077819347,0.097644195,0.147463948,0.205947027,0.186957955,0.113630451,0.049897272
Head 1,539,1.22E-05,8.41E-06,5.04E-06,3.80E-06,3.74E-06,4.18E-06,6.52E-06,6.47E-06,5.60E-06,4.96E-06,5.33E-06,6.56E-06,8.39E-06,1.07E-05,1.32E-05,1.61E-05,1.82E-05,2.25E-05,3.86E-06,2.56E-06,1.45E-06,4.04E-06,3.00E-06,2.54E-06,1.94E-06,9.20E-07,3.15E-07,1.18E-07,5.57E-08,3.88E-08,3.86E-08,4.33E-08,5.01E-08,3.55E-08,4.81E-08,8.52E-08,1.61E-07,2.76E-07,4.41E-07,6.51E-07,1.08E-06,3.29E-06,3.95E-06,3.71E-06,1.31E-06,7.04E-07,3.53E-07,2.77E-07,5.74E-07,4.26E-07,1.30E-07,6.36E-08,8.11E-08,2.43E-08,2.69E-08,4.63E-08,8.15E-08,1.19E-07,1.47E-07,3.54E-07,5.65E-07,1.03E-06,6.14E-07,1.77E-06,1.78E-06,7.49E-07,8.67E-07,1.09E-06,2.15E-06,5.00E-07,2.69E-07,6.14E-07,5.26E-07,5.91E-07,2.79E-07,2.84E-07,3.01E-07,2.20E-07,1.77E-07,1.79E-07,2.59E-07,6.42E-07,6.49E-07,6.26E-07,4.75E-07,2.37E-07,2.76E-07,3.66E-07,4.80E-07,6.82E-07,1.86E-06,2.53E-06,4.80E-06,5.75E-06,8.30E-06,9.76E-06,1.07E-05,2.67E-05,3.85E-05,5.68E-05,4.08E-05,3.47E-05,2.01E-05,1.28E-05,1.04E-05,9.90E-06,1.02E-05,2.38E-05,2.11E-05,1.96E-05,1.17E-05,4.03E-05,6.73E-05,0.000142666,0.000399534,0.000530458,0.002094423,0.007626552,0.017943155,0.036661167,0.055513367,0.068730414,0.100564174,0.158227995,0.201712698,0.190086573,0.112327635,0.046730276
Head 1,540,1.37E-05,8.71E-06,5.52E-06,4.21E-06,4.11E-06,6.25E-06,7.33E-06,7.34E-06,6.33E-06,5.73E-06,6.01E-06,7.19E-06,9.33E-06,1.18E-05,1.44E-05,1.64E-05,1.98E-05,3.97E-06,3.63E-06,2.63E-06,7.38E-06,4.64E-06,3.75E-06,3.33E-06,2.17E-06,9.80E-07,3.74E-07,1.34E-07,6.09E-08,4.30E-08,4.21E-08,4.89E-08,3.22E-08,3.73E-08,5.42E-08,9.42E-08,1.67E-07,2.89E-07,4.36E-07,6.73E-07,2.19E-06,3.20E-06,4.03E-06,2.13E-06,1.45E-06,6.85E-07,4.07E-07,7.20E-07,5.71E-07,2.22E-07,1.39E-07,1.75E-07,3.67E-08,2.52E-08,3.14E-08,5.12E-08,8.25E-08,1.13E-07,2.81E-07,4.04E-07,6.74E-07,4.57E-07,1.40E-06,1.60E-06,7.35E-07,7.72E-07,9.63E-07,2.62E-06,8.01E-07,5.12E-07,9.63E-07,6.23E-07,5.27E-07,2.10E-07,2.69E-07,3.96E-07,3.33E-07,2.27E-07,1.64E-07,1.88E-07,4.73E-07,5.81E-07,7.18E-07,6.00E-07,2.34E-07,2.26E-07,2.89E-07,3.78E-07,5.02E-07,1.20E-06,1.50E-06,2.67E-06,3.18E-06,6.58E-06,1.01E-05,1.01E-05,1.97E-05,2.43E-05,3.62E-05,3.20E-05,4.41E-05,3.44E-05,2.05E-05,1.26E-05,9.13E-06,8.67E-06,2.09E-05,2.25E-05,2.20E-05,9.27E-06,2.77E-05,3.48E-05,6.27E-05,0.00016697,0.000200291,0.000680467,0.002861314,0.007286214,0.018016232,0.034379341,0.048588015,0.070332415,0.106991738,0.153906167,0.206190094,0.191531494,0.108149506,0.050018515
Head 1,541,1.20E-05,8.16E-06,5.26E-06,4.04E-06,5.01E-06,6.29E-06,7.63E-06,7.49E-06,6.48E-06,5.77E-06,5.88E-06,7.13E-06,9.17E-06,1.15E-05,1.31E-05,1.39E-05,3.04E-06,3.46E-06,3.46E-06,1.26E-05,7.46E-06,5.21E-06,4.34E-06,3.30E-06,2.05E-06,1.03E-06,3.74E-07,1.28E-07,5.92E-08,4.19E-08,4.29E-08,2.84E-08,3.17E-08,3.89E-08,5.71E-08,9.36E-08,1.69E-07,2.75E-07,4.27E-07,1.30E-06,2.09E-06,3.09E-06,2.19E-06,2.21E-06,1.35E-06,7.28E-07,9.57E-07,6.61E-07,2.68E-07,2.21E-07,3.46E-07,7.29E-08,3.60E-08,2.89E-08,3.43E-08,5.17E-08,7.93E-08,2.17E-07,3.17E-07,4.81E-07,3.12E-07,9.91E-07,1.28E-06,7.68E-07,7.70E-07,8.24E-07,2.68E-06,9.71E-07,8.56E-07,1.70E-06,9.87E-07,6.25E-07,1.75E-07,2.11E-07,3.95E-07,4.60E-07,3.56E-07,2.17E-07,1.81E-07,3.78E-07,4.52E-07,6.85E-07,7.35E-07,2.87E-07,2.33E-07,2.57E-07,3.20E-07,4.25E-07,8.79E-07,1.05E-06,1.68E-06,1.64E-06,4.09E-06,9.09E-06,1.08E-05,1.78E-05,1.87E-05,2.37E-05,1.92E-05,3.75E-05,4.64E-05,3.60E-05,2.08E-05,1.14E-05,8.49E-06,1.76E-05,2.13E-05,2.53E-05,1.01E-05,2.62E-05,2.51E-05,3.44E-05,7.90E-05,9.37E-05,0.000278132,0.001154745,0.002920413,0.007762869,0.01792912,0.031796075,0.051242027,0.075293913,0.103628755,0.15753755,0.207724795,0.181585237,0.112426117,0.047906484
Head 1,542,1.19E-05,8.16E-06,5.31E-06,4.70E-06,5.24E-06,6.92E-06,8.20E-06,7.99E-06,6.69E-06,5.75E-06,5.90E-06,7.11E-06,9.06E-06,1.08E-05,1.04E-05,2.31E-06,2.73E-06,3.41E-06,1.92E-05,1.34E-05,8.85E-06,6.32E-06,4.42E-06,3.21E-06,2.20E-06,1.05E-06,3.62E-07,1.26E-07,5.83E-08,4.32E-08,2.54E-08,2.85E-08,3.25E-08,4.09E-08,5.65E-08,9.37E-08,1.60E-07,2.72E-07,7.71E-07,1.33E-06,2.10E-06,1.61E-06,2.29E-06,2.17E-06,1.46E-06,1.58E-06,8.87E-07,3.02E-07,2.64E-07,5.37E-07,1.48E-07,7.17E-08,4.16E-08,3.15E-08,3.46E-08,5.00E-08,1.47E-07,2.41E-07,3.71E-07,2.14E-07,6.59E-07,8.92E-07,7.13E-07,7.89E-07,7.49E-07,2.46E-06,8.99E-07,9.98E-07,2.58E-06,1.69E-06,9.68E-07,2.00E-07,1.70E-07,3.00E-07,4.49E-07,4.80E-07,3.28E-07,2.29E-07,3.73E-07,3.40E-07,5.13E-07,6.84E-07,3.34E-07,2.66E-07,2.46E-07,2.67E-07,3.41E-07,6.49E-07,7.57E-07,1.13E-06,8.68E-07,2.00E-06,5.64E-06,9.22E-06,1.59E-05,1.62E-05,1.77E-05,1.08E-05,2.16E-05,3.83E-05,4.71E-05,3.53E-05,1.82E-05,1.04E-05,1.57E-05,1.71E-05,2.33E-05,1.12E-05,2.73E-05,2.31E-05,2.34E-05,4.09E-05,4.39E-05,0.000126615,0.000478387,0.00117028,0.003042369,0.007546396,0.016482599,0.033325605,0.054585405,0.072692759,0.106484681,0.159637406,0.197427288,0.189938858,0.108898178,0.047467478
Head 1,543,1.36E-05,9.51E-06,6.60E-06,5.71E-06,6.73E-06,8.75E-06,1.03E-05,9.57E-06,7.81E-06,6.73E-06,6.86E-06,8.16E-06,9.96E-06,9.71E-06,2.18E-06,2.41E-06,3.13E-06,2.46E-05,2.37E-05,1.83E-05,1.26E-05,7.52E-06,5.08E-06,4.05E-06,2.66E-06,1.21E-06,4.28E-07,1.49E-07,7.26E-08,3.03E-08,3.03E-08,3.34E-08,3.92E-08,4.62E-08,6.34E-08,9.78E-08,1.76E-07,4.93E-07,9.00E-07,1.51E-06,1.12E-06,1.83E-06,2.52E-06,2.63E-06,3.15E-06,1.67E-06,4.73E-07,3.38E-07,7.57E-07,2.68E-07,1.68E-07,9.51E-08,5.14E-08,3.58E-08,3.73E-08,1.03E-07,1.77E-07,3.04E-07,1.67E-07,4.98E-07,6.26E-07,5.61E-07,7.47E-07,7.45E-07,2.32E-06,8.35E-07,9.44E-07,3.27E-06,2.72E-06,1.77E-06,3.45E-07,2.02E-07,2.53E-07,3.60E-07,4.92E-07,4.55E-07,3.55E-07,5.22E-07,3.39E-07,4.00E-07,5.30E-07,3.17E-07,3.05E-07,2.72E-07,2.59E-07,2.93E-07,5.38E-07,5.86E-07,8.74E-07,5.87E-07,1.06E-06,2.89E-06,5.84E-06,1.28E-05,1.45E-05,1.59E-05,7.90E-06,1.22E-05,2.23E-05,3.95E-05,4.65E-05,3.12E-05,1.71E-05,1.93E-05,1.58E-05,1.99E-05,1.13E-05,2.91E-05,2.68E-05,2.27E-05,2.91E-05,2.18E-05,6.11E-05,0.000211051,0.000495003,0.001227069,0.00291273,0.00683456,0.017053261,0.035052948,0.051805176,0.073799804,0.106917493,0.150846079,0.20683229,0.185062736,0.109551713,0.050640881
Head 1,544,1.59E-05,1.15E-05,7.89E-06,7.20E-06,8.44E-06,1.09E-05,1.21E-05,1.10E-05,8.98E-06,7.69E-06,7.77E-06,8.86E-06,9.23E-06,2.11E-06,2.22E-06,2.65E-06,2.29E-05,2.95E-05,3.04E-05,2.51E-05,1.43E-05,8.16E-06,6.00E-06,4.55E-06,2.86E-06,1.35E-06,4.78E-07,1.75E-07,4.73E-08,3.46E-08,3.37E-08,3.88E-08,4.32E-08,5.06E-08,6.45E-08,1.08E-07,3.03E-07,5.62E-07,1.03E-06,7.79E-07,1.22E-06,1.90E-06,2.96E-06,4.91E-06,3.08E-06,9.16E-07,4.97E-07,9.43E-07,3.45E-07,2.89E-07,2.10E-07,1.11E-07,5.60E-08,3.69E-08,7.84E-08,1.15E-07,2.14E-07,1.31E-07,3.97E-07,4.58E-07,3.78E-07,5.69E-07,6.73E-07,2.02E-06,8.20E-07,8.25E-07,3.25E-06,3.30E-06,2.71E-06,6.54E-07,3.37E-07,2.86E-07,2.89E-07,3.77E-07,4.40E-07,4.62E-07,7.83E-07,4.31E-07,3.73E-07,3.84E-07,2.22E-07,2.71E-07,2.78E-07,2.67E-07,2.65E-07,4.76E-07,4.44E-07,6.38E-07,4.40E-07,6.55E-07,1.45E-06,2.89E-06,8.05E-06,1.04E-05,1.34E-05,7.23E-06,8.55E-06,1.20E-05,2.21E-05,3.70E-05,3.88E-05,2.79E-05,2.86E-05,1.76E-05,1.68E-05,9.30E-06,2.50E-05,2.85E-05,2.54E-05,2.73E-05,1.27E-05,3.12E-05,9.84E-05,0.000213139,0.000519873,0.001155516,0.002567976,0.007009057,0.017964628,0.03315429,0.05227834,0.073192924,0.099636614,0.156118974,0.198188722,0.184401989,0.116074249,0.056687575
Head 1,545,1.73E-05,1.13E-05,8.23E-06,7.56E-06,8.89E-06,1.08E-05,1.18E-05,1.06E-05,8.61E-06,7.34E-06,7.04E-06,7.35E-06,1.73E-06,1.88E-06,2.10E-06,1.59E-05,2.32E-05,3.09E-05,3.46E-05,2.38E-05,1.30E-05,8.12E-06,5.62E-06,4.10E-06,2.71E-06,1.26E-06,4.68E-07,9.59E-08,4.61E-08,3.27E-08,3.35E-08,3.73E-08,4.18E-08,4.55E-08,6.38E-08,1.72E-07,2.94E-07,5.80E-07,5.19E-07,7.86E-07,1.12E-06,2.04E-06,4.89E-06,4.20E-06,1.73E-06,8.61E-07,1.21E-06,3.72E-07,3.32E-07,3.19E-07,2.18E-07,1.08E-07,5.10E-08,7.54E-08,7.65E-08,1.27E-07,8.82E-08,2.92E-07,3.46E-07,2.51E-07,3.75E-07,5.11E-07,1.53E-06,8.38E-07,7.94E-07,2.92E-06,3.28E-06,3.17E-06,1.01E-06,6.32E-07,4.64E-07,3.18E-07,2.97E-07,3.27E-07,4.34E-07,9.91E-07,6.12E-07,4.60E-07,3.44E-07,1.48E-07,1.93E-07,2.42E-07,2.76E-07,2.73E-07,4.95E-07,3.88E-07,4.82E-07,3.45E-07,4.93E-07,8.94E-07,1.50E-06,4.56E-06,6.20E-06,9.53E-06,7.18E-06,8.35E-06,8.62E-06,1.23E-05,2.16E-05,3.19E-05,3.57E-05,4.40E-05,2.56E-05,1.85E-05,8.15E-06,1.93E-05,2.51E-05,2.72E-05,3.04E-05,1.01E-05,1.88E-05,5.25E-05,9.48E-05,0.00022504,0.000491542,0.001010376,0.00267845,0.00754422,0.017161297,0.033528052,0.051599227,0.068154447,0.10316918,0.148045197,0.194687635,0.190533787,0.125905603,0.054412704
Head 1,546,1.41E-05,9.79E-06,7.26E-06,6.74E-06,7.42E-06,8.91E-06,9.64E-06,8.72E-06,7.10E-06,5.72E-06,5.34E-06,1.19E-06,1.34E-06,1.51E-06,9.77E-06,1.38E-05,2.06E-05,3.01E-05,2.88E-05,1.89E-05,1.14E-05,6.64E-06,4.43E-06,3.43E-06,2.20E-06,1.07E-06,2.26E-07,8.03E-08,3.67E-08,2.71E-08,2.67E-08,2.97E-08,3.08E-08,3.69E-08,9.19E-08,1.31E-07,2.48E-07,2.66E-07,4.38E-07,5.70E-07,1.00E-06,3.10E-06,3.61E-06,2.26E-06,1.41E-06,1.66E-06,4.28E-07,3.13E-07,3.19E-07,2.89E-07,1.84E-07,8.35E-08,9.49E-08,6.21E-08,7.24E-08,4.49E-08,1.62E-07,2.19E-07,1.58E-07,2.20E-07,3.04E-07,9.15E-07,6.71E-07,7.05E-07,2.31E-06,2.81E-06,2.84E-06,1.02E-06,8.86E-07,7.75E-07,4.56E-07,2.91E-07,2.30E-07,2.89E-07,8.56E-07,6.88E-07,5.82E-07,3.76E-07,1.11E-07,1.19E-07,1.56E-07,2.17E-07,2.52E-07,5.12E-07,3.80E-07,3.86E-07,2.41E-07,3.52E-07,5.91E-07,8.33E-07,2.39E-06,3.11E-06,5.10E-06,5.20E-06,8.00E-06,7.67E-06,8.07E-06,1.12E-05,1.72E-05,2.70E-05,4.96E-05,3.63E-05,2.48E-05,8.65E-06,1.54E-05,1.83E-05,2.29E-05,3.08E-05,9.72E-06,1.35E-05,3.35E-05,4.56E-05,9.38E-05,0.000200523,0.000398811,0.001006005,0.0028022,0.007062376,0.017040832,0.032343425,0.047101598,0.069791041,0.097483091,0.146062642,0.20227702,0.206606716,0.119520247,0.049520634
Head 1,547,1.46E-05,1.03E-05,7.69E-06,6.61E-06,7.17E-06,8.48E-06,9.20E-06,8.38E-06,6.41E-06,5.24E-06,1.01E-06,1.07E-06,1.24E-06,7.53E-06,9.73E-06,1.40E-05,2.24E-05,2.88E-05,2.63E-05,1.93E-05,1.08E-05,6.00E-06,4.29E-06,3.22E-06,2.16E-06,6.20E-07,2.22E-07,7.39E-08,3.55E-08,2.56E-08,2.56E-08,2.66E-08,3.01E-08,6.95E-08,8.18E-08,1.31E-07,1.43E-07,2.72E-07,3.67E-07,5.84E-07,1.90E-06,2.65E-06,2.25E-06,2.11E-06,2.71E-06,7.30E-07,4.02E-07,3.33E-07,3.22E-07,2.74E-07,1.60E-07,1.79E-07,8.96E-08,6.71E-08,2.84E-08,9.67E-08,1.45E-07,1.20E-07,1.62E-07,2.10E-07,6.11E-07,5.07E-07,6.50E-07,1.98E-06,2.71E-06,2.72E-06,9.11E-07,9.97E-07,1.22E-06,8.57E-07,4.68E-07,2.55E-07,2.31E-07,6.93E-07,6.76E-07,7.51E-07,5.50E-07,1.35E-07,1.06E-07,1.15E-07,1.63E-07,2.28E-07,5.62E-07,4.75E-07,4.27E-07,1.99E-07,2.79E-07,4.73E-07,6.15E-07,1.51E-06,1.81E-06,2.75E-06,2.98E-06,6.80E-06,8.19E-06,7.73E-06,8.02E-06,9.62E-06,1.57E-05,4.16E-05,4.39E-05,3.75E-05,1.31E-05,1.71E-05,1.52E-05,1.77E-05,2.73E-05,1.07E-05,1.27E-05,2.96E-05,3.04E-05,4.74E-05,8.99E-05,0.000173426,0.000422275,0.001105838,0.002726586,0.007266756,0.01698056,0.030275391,0.049561661,0.067054704,0.096705616,0.152147532,0.220331982,0.197410345,0.110128447,0.046929643
Head 1,548,1.69E-05,1.21E-05,8.32E-06,7.03E-06,7.54E-06,9.01E-06,9.91E-06,8.58E-06,6.95E-06,1.17E-06,1.04E-06,1.14E-06,6.86E-06,8.39E-06,1.10E-05,1.66E-05,2.36E-05,2.89E-05,2.97E-05,2.02E-05,1.06E-05,6.38E-06,4.43E-06,3.52E-06,1.40E-06,6.88E-07,2.28E-07,7.97E-08,3.75E-08,2.75E-08,2.57E-08,2.87E-08,6.46E-08,6.91E-08,8.90E-08,7.77E-08,1.56E-07,2.45E-07,3.87E-07,1.19E-06,1.77E-06,1.63E-06,2.21E-06,4.00E-06,1.47E-06,7.40E-07,4.60E-07,3.65E-07,3.34E-07,2.61E-07,3.68E-07,1.89E-07,1.05E-07,2.62E-08,6.87E-08,9.30E-08,8.48E-08,1.26E-07,1.59E-07,4.51E-07,3.37E-07,4.99E-07,1.58E-06,2.56E-06,2.73E-06,8.26E-07,8.98E-07,1.40E-06,1.41E-06,9.18E-07,4.27E-07,2.64E-07,6.21E-07,5.69E-07,7.57E-07,7.32E-07,2.00E-07,1.30E-07,1.05E-07,1.19E-07,1.70E-07,5.11E-07,5.65E-07,5.51E-07,1.97E-07,2.37E-07,3.91E-07,5.04E-07,1.09E-06,1.24E-06,1.69E-06,1.47E-06,4.24E-06,7.33E-06,8.22E-06,7.74E-06,6.87E-06,8.72E-06,2.70E-05,3.73E-05,4.62E-05,2.16E-05,2.59E-05,1.71E-05,1.53E-05,2.20E-05,1.07E-05,1.31E-05,3.21E-05,2.93E-05,3.32E-05,4.81E-05,8.20E-05,0.000189883,0.000473266,0.001086177,0.002833618,0.007299752,0.015823919,0.03204143,0.047671515,0.066502675,0.101283811,0.168134004,0.213747695,0.186737463,0.107365184,0.048000515
Head 1,549,1.94E-05,1.28E-05,8.62E-06,7.25E-06,7.83E-06,9.47E-06,1.00E-05,9.62E-06,1.59E-06,1.18E-06,1.10E-06,6.22E-06,7.53E-06,9.39E-06,1.27E-05,1.72E-05,2.36E-05,3.26E-05,3.13E-05,1.99E-05,1.12E-05,6.49E-06,4.81E-06,2.13E-06,1.53E-06,6.91E-07,2.40E-07,8.28E-08,3.94E-08,2.71E-08,2.72E-08,5.96E-08,6.56E-08,7.47E-08,4.64E-08,8.33E-08,1.46E-07,2.55E-07,7.39E-07,1.12E-06,9.87E-07,1.56E-06,4.13E-06,2.33E-06,1.47E-06,8.35E-07,4.98E-07,3.75E-07,3.19E-07,5.93E-07,3.96E-07,2.20E-07,3.85E-08,6.97E-08,6.63E-08,5.32E-08,8.74E-08,1.21E-07,3.52E-07,2.24E-07,3.27E-07,1.09E-06,2.04E-06,2.52E-06,8.12E-07,7.50E-07,1.14E-06,1.55E-06,1.46E-06,8.12E-07,4.30E-07,7.17E-07,5.00E-07,6.16E-07,7.21E-07,2.60E-07,1.89E-07,1.30E-07,1.05E-07,1.22E-07,3.82E-07,5.19E-07,6.46E-07,2.23E-07,2.25E-07,3.26E-07,4.02E-07,8.01E-07,8.95E-07,1.14E-06,7.60E-07,2.08E-06,4.60E-06,7.07E-06,7.96E-06,6.45E-06,6.08E-06,1.64E-05,2.33E-05,3.81E-05,2.70E-05,3.99E-05,2.47E-05,1.67E-05,1.83E-05,9.06E-06,1.21E-05,3.30E-05,3.37E-05,3.18E-05,3.36E-05,4.44E-05,8.94E-05,0.000211667,0.000461631,0.001129695,0.002858485,0.006766445,0.016867395,0.030847525,0.047355231,0.069941394,0.112817794,0.16282618,0.203122452,0.183655009,0.110804372,0.049492471
Head 1,550,1.92E-05,1.24E-05,8.39E-06,7.07E-06,7.71E-06,9.05E-06,1.12E-05,2.13E-06,1.49E-06,1.16E-06,5.53E-06,6.44E-06,7.87E-06,1.02E-05,1.24E-05,1.62E-05,2.48E-05,3.23E-05,2.90E-05,1.94E-05,1.05E-05,6.50E-06,2.46E-06,2.12E-06,1.41E-06,6.65E-07,2.29E-07,7.91E-08,3.56E-08,2.67E-08,5.12E-08,5.90E-08,6.83E-08,3.38E-08,4.80E-08,7.94E-08,1.53E-07,4.32E-07,6.85E-07,6.16E-07,9.27E-07,2.98E-06,2.30E-06,2.22E-06,1.58E-06,8.48E-07,4.78E-07,3.37E-07,6.83E-07,5.95E-07,4.21E-07,7.57E-08,1.04E-07,6.35E-08,3.44E-08,5.35E-08,8.49E-08,2.69E-07,1.67E-07,2.21E-07,7.34E-07,1.41E-06,2.04E-06,8.71E-07,7.18E-07,8.83E-07,1.27E-06,1.63E-06,1.30E-06,8.23E-07,1.11E-06,5.77E-07,5.30E-07,5.78E-07,2.48E-07,2.49E-07,1.94E-07,1.30E-07,1.09E-07,2.90E-07,3.85E-07,5.95E-07,2.57E-07,2.47E-07,3.04E-07,3.33E-07,6.24E-07,6.51E-07,8.25E-07,4.96E-07,1.07E-06,2.33E-06,4.47E-06,6.86E-06,6.76E-06,5.88E-06,1.18E-05,1.41E-05,2.36E-05,2.18E-05,4.77E-05,3.69E-05,2.34E-05,1.92E-05,7.76E-06,9.98E-06,2.78E-05,3.62E-05,3.59E-05,3.12E-05,3.07E-05,4.78E-05,9.96E-05,0.000207785,0.000487871,0.001162122,0.002686975,0.007348397,0.016403908,0.031087255,0.050494485,0.078915425,0.108974122,0.153840184,0.199000955,0.187157363,0.112521112,0.048854176
Head 1,551,8.58E-06,5.39E-06,3.70E-06,3.25E-06,3.45E-06,4.46E-06,1.43E-06,1.11E-06,9.00E-07,2.71E-06,2.90E-06,3.08E-06,3.61E-06,3.91E-06,4.56E-06,6.63E-06,9.73E-06,1.12E-05,9.40E-06,5.60E-06,3.29E-06,1.28E-06,1.05E-06,8.74E-07,5.85E-07,2.69E-07,1.01E-07,3.83E-08,2.20E-08,3.08E-08,3.28E-08,4.05E-08,1.92E-08,2.34E-08,2.92E-08,5.00E-08,1.33E-07,1.89E-07,1.58E-07,2.21E-07,8.00E-07,7.24E-07,1.03E-06,1.13E-06,8.07E-07,4.85E-07,3.35E-07,6.84E-07,7.09E-07,7.10E-07,1.88E-07,2.49E-07,1.30E-07,5.52E-08,6.56E-08,9.84E-08,2.57E-07,1.77E-07,2.19E-07,6.10E-07,9.97E-07,1.40E-06,8.99E-07,7.50E-07,8.69E-07,1.20E-06,1.76E-06,1.85E-06,1.56E-06,1.76E-06,8.39E-07,6.39E-07,6.10E-07,3.08E-07,3.96E-07,3.97E-07,2.92E-07,2.17E-07,4.55E-07,5.28E-07,8.15E-07,4.16E-07,4.43E-07,5.58E-07,6.38E-07,1.20E-06,1.22E-06,1.55E-06,1.02E-06,1.66E-06,3.09E-06,6.26E-06,1.16E-05,1.39E-05,1.32E-05,2.03E-05,1.94E-05,2.71E-05,2.65E-05,6.33E-05,6.15E-05,4.37E-05,3.30E-05,1.44E-05,1.69E-05,3.58E-05,4.86E-05,5.52E-05,5.10E-05,4.54E-05,5.50E-05,8.28E-05,0.000132105,0.00025182,0.000497163,0.001020828,0.002608992,0.006153666,0.013141477,0.023952948,0.040368117,0.056359794,0.083656624,0.13912046,0.196462631,0.187483341,0.112428546,0.135472953
Head 1,552,8.51E-06,5.24E-06,3.59E-06,3.02E-06,3.78E-06,1.35E-06,1.24E-06,1.05E-06,2.84E-06,2.77E-06,2.77E-06,3.23E-06,3.48E-06,3.72E-06,4.68E-06,6.65E-06,9.33E-06,1.09E-05,8.83E-06,5.62E-06,1.93E-06,1.25E-06,1.00E-06,8.62E-07,5.73E-07,2.66E-07,9.28E-08,3.90E-08,3.96E-08,3.28E-08,3.84E-08,1.89E-08,2.03E-08,1.97E-08,2.99E-08,8.11E-08,1.13E-07,1.05E-07,1.35E-07,4.32E-07,3.58E-07,6.32E-07,1.06E-06,1.11E-06,7.47E-07,4.26E-07,6.75E-07,6.48E-07,7.58E-07,2.70E-07,4.53E-07,2.25E-07,6.33E-08,5.24E-08,6.61E-08,1.72E-07,1.26E-07,1.55E-07,4.28E-07,6.31E-07,8.65E-07,6.64E-07,6.43E-07,6.95E-07,7.96E-07,1.08E-06,1.33E-06,1.61E-06,2.43E-06,1.25E-06,7.92E-07,5.40E-07,1.96E-07,2.62E-07,3.54E-07,3.39E-07,2.59E-07,4.70E-07,3.96E-07,5.13E-07,2.80E-07,3.47E-07,4.49E-07,4.87E-07,1.01E-06,8.84E-07,1.04E-06,7.28E-07,1.05E-06,1.53E-06,2.65E-06,5.19E-06,8.35E-06,1.12E-05,1.79E-05,1.55E-05,1.76E-05,1.29E-05,3.86E-05,5.18E-05,5.16E-05,4.43E-05,1.66E-05,1.52E-05,2.59E-05,3.40E-05,4.61E-05,4.94E-05,4.30E-05,4.36E-05,5.26E-05,7.09E-05,0.000121746,0.000219164,0.000402208,0.000918578,0.002128999,0.005167025,0.011689617,0.023325425,0.032821875,0.043582223,0.070536219,0.120485865,0.173811659,0.16167669,0.231651247,0.120654628
Head 1,553,6.35E-06,3.93E-06,2.55E-06,2.58E-06,8.65E-07,8.76E-07,8.58E-07,2.40E-06,2.17E-06,1.94E-06,2.11E-06,2.33E-06,2.48E-06,2.83E-06,3.52E-06,4.88E-06,6.93E-06,7.94E-06,6.79E-06,2.72E-06,1.44E-06,9.04E-07,7.52E-07,6.41E-07,4.27E-07,1.83E-07,6.98E-08,5.28E-08,2.98E-08,2.77E-08,1.40E-08,1.50E-08,1.24E-08,1.56E-08,4.11E-08,5.32E-08,5.39E-08,7.39E-08,2.07E-07,1.56E-07,2.62E-07,5.38E-07,8.56E-07,8.34E-07,5.17E-07,6.35E-07,4.90E-07,5.23E-07,2.15E-07,4.93E-07,3.06E-07,7.92E-08,4.79E-08,4.35E-08,9.75E-08,6.92E-08,9.44E-08,2.67E-07,3.78E-07,4.75E-07,3.67E-07,4.33E-07,5.32E-07,5.65E-07,6.43E-07,7.37E-07,1.04E-06,2.23E-06,1.48E-06,1.00E-06,5.68E-07,1.42E-07,1.46E-07,2.11E-07,2.74E-07,2.75E-07,5.17E-07,3.55E-07,3.41E-07,1.60E-07,2.21E-07,3.22E-07,3.71E-07,8.47E-07,6.66E-07,6.66E-07,4.59E-07,6.93E-07,8.72E-07,1.20E-06,1.99E-06,3.43E-06,6.19E-06,1.24E-05,1.20E-05,1.27E-05,7.06E-06,1.92E-05,2.86E-05,3.91E-05,4.66E-05,2.08E-05,1.64E-05,2.05E-05,2.06E-05,2.80E-05,3.57E-05,3.60E-05,3.61E-05,3.70E-05,4.04E-05,5.91E-05,9.72E-05,0.000166846,0.000345003,0.000726379,0.001745051,0.004523274,0.011287594,0.01869251,0.024764055,0.036411706,0.060297865,0.105188735,0.145628214,0.295460701,0.199632883,0.094394438
Head 1,554,6.51E-06,3.77E-06,2.91E-06,8.05E-07,7.52E-07,8.02E-07,2.67E-06,2.49E-06,2.13E-06,2.06E-06,2.18E-06,2.38E-06,2.69E-06,2.98E-06,3.59E-06,4.96E-06,6.93E-06,8.29E-06,4.79E-06,2.71E-06,1.39E-06,9.11E-07,7.56E-07,6.53E-07,4.06E-07,1.90E-07,1.34E-07,5.56E-08,3.57E-08,1.47E-08,1.54E-08,1.15E-08,1.25E-08,3.04E-08,3.41E-08,3.08E-08,4.65E-08,1.27E-07,9.32E-08,1.32E-07,2.57E-07,5.18E-07,7.81E-07,7.07E-07,8.84E-07,6.05E-07,5.28E-07,1.90E-07,5.33E-07,4.49E-07,1.41E-07,7.85E-08,5.10E-08,8.90E-08,4.44E-08,6.12E-08,1.85E-07,2.71E-07,3.20E-07,2.04E-07,2.60E-07,3.94E-07,4.60E-07,4.85E-07,4.70E-07,6.16E-07,1.74E-06,1.54E-06,1.35E-06,8.25E-07,1.70E-07,1.15E-07,1.26E-07,1.72E-07,2.30E-07,5.66E-07,3.98E-07,3.05E-07,9.82E-08,1.25E-07,2.00E-07,2.58E-07,7.14E-07,5.89E-07,5.17E-07,2.78E-07,4.60E-07,5.90E-07,7.01E-07,9.20E-07,1.34E-06,2.56E-06,7.14E-06,8.67E-06,1.04E-05,5.19E-06,1.15E-05,1.47E-05,2.22E-05,3.66E-05,2.28E-05,2.06E-05,2.30E-05,1.66E-05,1.82E-05,2.36E-05,2.80E-05,3.25E-05,3.31E-05,3.09E-05,3.64E-05,5.05E-05,7.81E-05,0.000148745,0.000279484,0.000599872,0.001543487,0.004462938,0.009173878,0.014075222,0.020827834,0.031502657,0.053945888,0.091155566,0.247195289,0.264334619,0.165237591,0.094888307
Head 1,555,5.69E-06,3.90E-06,9.08E-07,6.56E-07,6.38E-07,2.40E-06,2.56E-06,2.36E-06,2.09E-06,1.95E-06,2.03E-06,2.36E-06,2.62E-06,2.83E-06,3.39E-06,4.58E-06,6.54E-06,5.48E-06,4.36E-06,2.42E-06,1.28E-06,8.22E-07,6.91E-07,5.56E-07,3.73E-07,3.16E-07,1.24E-07,5.74E-08,1.67E-08,1.47E-08,1.07E-08,1.11E-08,2.49E-08,2.51E-08,1.80E-08,2.73E-08,7.78E-08,6.49E-08,8.37E-08,1.34E-07,2.54E-07,4.76E-07,6.57E-07,1.06E-06,7.97E-07,6.18E-07,1.77E-07,4.55E-07,4.50E-07,1.97E-07,1.37E-07,8.16E-08,1.13E-07,3.50E-08,4.07E-08,1.25E-07,1.94E-07,2.41E-07,1.36E-07,1.62E-07,2.74E-07,3.80E-07,4.41E-07,4.02E-07,4.50E-07,1.29E-06,1.33E-06,1.49E-06,1.17E-06,2.88E-07,1.53E-07,1.10E-07,1.14E-07,1.61E-07,5.17E-07,4.60E-07,3.57E-07,9.01E-08,9.04E-08,1.31E-07,1.77E-07,5.66E-07,5.70E-07,5.00E-07,1.97E-07,3.17E-07,4.39E-07,5.25E-07,6.11E-07,7.04E-07,1.13E-06,3.67E-06,5.32E-06,8.12E-06,5.17E-06,9.48E-06,9.66E-06,1.25E-05,2.26E-05,1.92E-05,2.52E-05,3.10E-05,1.89E-05,1.50E-05,1.59E-05,1.91E-05,2.61E-05,3.09E-05,2.88E-05,2.91E-05,3.27E-05,4.31E-05,7.60E-05,0.000134286,0.000259604,0.00059966,0.00170204,0.003935151,0.007391881,0.012730321,0.019414922,0.030114828,0.048974305,0.148574084,0.23274678,0.230819166,0.175274804,0.086754121
Head 1,556,6.11E-06,1.42E-06,8.00E-07,6.05E-07,2.09E-06,2.49E-06,2.75E-06,2.56E-06,2.16E-06,2.00E-06,2.23E-06,2.55E-06,2.74E-06,2.93E-06,3.43E-06,4.77E-06,4.60E-06,5.50E-06,4.36E-06,2.45E-06,1.27E-06,8.41E-07,6.62E-07,5.71E-07,6.71E-07,3.33E-07,1.43E-07,3.00E-08,1.89E-08,1.16E-08,1.13E-08,2.34E-08,2.31E-08,1.31E-08,1.73E-08,5.05E-08,4.55E-08,6.17E-08,8.78E-08,1.38E-07,2.46E-07,4.29E-07,1.02E-06,1.01E-06,8.82E-07,2.39E-07,4.73E-07,4.29E-07,2.20E-07,2.12E-07,1.54E-07,2.11E-07,4.38E-08,3.56E-08,9.69E-08,1.39E-07,1.87E-07,1.07E-07,1.14E-07,1.85E-07,2.81E-07,3.80E-07,3.77E-07,3.99E-07,1.02E-06,1.09E-06,1.36E-06,1.35E-06,4.62E-07,2.71E-07,1.52E-07,1.04E-07,1.12E-07,3.95E-07,4.40E-07,4.26E-07,1.09E-07,9.00E-08,1.04E-07,1.20E-07,4.01E-07,4.92E-07,5.08E-07,1.66E-07,2.31E-07,3.20E-07,4.00E-07,4.69E-07,4.76E-07,5.96E-07,1.87E-06,2.79E-06,5.11E-06,4.54E-06,8.92E-06,8.20E-06,8.52E-06,1.34E-05,1.12E-05,2.15E-05,3.78E-05,2.62E-05,1.76E-05,1.40E-05,1.39E-05,1.89E-05,2.59E-05,2.79E-05,2.83E-05,2.73E-05,2.91E-05,4.38E-05,7.10E-05,0.00012787,0.000266132,0.000680234,0.001534145,0.003255365,0.006872714,0.012216729,0.01902519,0.027965853,0.078894496,0.142280877,0.207000971,0.249746069,0.162657157,0.086925417
Head 1,557,2.31E-06,1.22E-06,7.29E-07,1.83E-06,2.10E-06,2.70E-06,2.95E-06,2.53E-06,2.10E-06,2.07E-06,2.29E-06,2.56E-06,2.71E-06,2.84E-06,3.41E-06,2.95E-06,4.38E-06,5.34E-06,4.22E-06,2.31E-06,1.23E-06,7.54E-07,6.28E-07,9.42E-07,6.59E-07,3.45E-07,6.87E-08,3.12E-08,1.41E-08,1.17E-08,2.13E-08,2.19E-08,1.18E-08,1.28E-08,3.47E-08,2.94E-08,4.48E-08,6.75E-08,9.41E-08,1.37E-07,2.29E-07,6.94E-07,9.17E-07,1.06E-06,3.71E-07,5.76E-07,4.16E-07,1.93E-07,2.19E-07,2.19E-07,3.71E-07,7.39E-08,4.32E-08,9.27E-08,1.02E-07,1.34E-07,8.94E-08,9.52E-08,1.40E-07,2.04E-07,3.01E-07,3.48E-07,4.13E-07,9.17E-07,1.01E-06,1.21E-06,1.29E-06,5.62E-07,4.67E-07,2.89E-07,1.53E-07,1.09E-07,3.10E-07,3.49E-07,4.21E-07,1.46E-07,1.23E-07,1.16E-07,1.00E-07,2.92E-07,3.73E-07,4.73E-07,1.67E-07,2.01E-07,2.50E-07,3.06E-07,3.79E-07,3.96E-07,4.40E-07,1.13E-06,1.52E-06,2.82E-06,3.07E-06,7.86E-06,8.12E-06,7.76E-06,9.77E-06,6.30E-06,1.36E-05,3.46E-05,3.34E-05,2.49E-05,1.68E-05,1.26E-05,1.38E-05,1.87E-05,2.36E-05,2.77E-05,2.68E-05,2.46E-05,3.01E-05,4.20E-05,7.08E-05,0.000139123,0.000321679,0.000646573,0.001340716,0.003170475,0.006882505,0.012457705,0.018322604,0.047129225,0.078077003,0.12842533,0.226868823,0.231766894,0.162500888,0.081411153
Head 1,558,2.27E-06,1.29E-06,2.28E-06,2.10E-06,2.61E-06,3.32E-06,3.30E-06,2.81E-06,2.45E-06,2.43E-06,2.66E-06,2.88E-06,3.02E-06,3.25E-06,2.31E-06,3.21E-06,4.97E-06,6.01E-06,4.62E-06,2.58E-06,1.29E-06,8.40E-07,1.28E-06,1.12E-06,8.19E-07,2.08E-07,8.55E-08,2.82E-08,1.69E-08,2.44E-08,2.40E-08,1.36E-08,1.29E-08,3.05E-08,2.00E-08,3.06E-08,5.24E-08,7.62E-08,9.82E-08,1.36E-07,4.37E-07,6.72E-07,1.05E-06,5.58E-07,9.04E-07,5.80E-07,2.13E-07,2.15E-07,2.54E-07,5.95E-07,1.53E-07,8.24E-08,1.43E-07,1.08E-07,1.10E-07,7.08E-08,8.15E-08,1.17E-07,1.56E-07,2.18E-07,2.68E-07,3.73E-07,8.06E-07,9.80E-07,1.16E-06,1.18E-06,4.88E-07,5.49E-07,4.89E-07,2.86E-07,1.59E-07,3.19E-07,2.83E-07,3.43E-07,1.51E-07,1.66E-07,1.60E-07,1.09E-07,2.59E-07,2.67E-07,3.59E-07,1.52E-07,1.86E-07,2.10E-07,2.33E-07,2.80E-07,3.13E-07,3.59E-07,7.82E-07,9.36E-07,1.55E-06,1.51E-06,5.39E-06,7.06E-06,7.70E-06,9.02E-06,4.24E-06,7.50E-06,2.38E-05,3.13E-05,3.23E-05,2.46E-05,1.61E-05,1.32E-05,1.42E-05,1.78E-05,2.43E-05,2.73E-05,2.52E-05,2.59E-05,2.91E-05,4.18E-05,7.59E-05,0.000165469,0.000299451,0.000556383,0.001283134,0.003119737,0.006946127,0.011981081,0.030784674,0.046421736,0.070174724,0.142141506,0.211232334,0.234703049,0.155140966,0.084497087
Head 1,559,2.46E-06,3.76E-06,2.68E-06,2.68E-06,3.34E-06,3.83E-06,3.78E-06,3.31E-06,2.95E-06,2.95E-06,3.10E-06,3.40E-06,3.61E-06,2.33E-06,2.56E-06,3.74E-06,5.73E-06,6.69E-06,5.21E-06,2.74E-06,1.45E-06,1.85E-06,1.58E-06,1.44E-06,5.23E-07,2.64E-07,7.90E-08,3.48E-08,3.66E-08,2.90E-08,1.67E-08,1.53E-08,3.20E-08,1.62E-08,2.12E-08,3.71E-08,6.00E-08,7.92E-08,9.66E-08,2.75E-07,4.20E-07,7.51E-07,5.56E-07,1.23E-06,9.02E-07,3.06E-07,2.35E-07,2.47E-07,7.13E-07,2.57E-07,1.72E-07,2.95E-07,1.69E-07,1.17E-07,5.46E-08,6.40E-08,9.81E-08,1.26E-07,1.59E-07,1.83E-07,2.71E-07,6.21E-07,8.59E-07,1.12E-06,1.11E-06,3.71E-07,4.39E-07,5.45E-07,4.60E-07,2.83E-07,4.41E-07,2.83E-07,2.70E-07,1.13E-07,1.65E-07,2.09E-07,1.41E-07,2.95E-07,2.18E-07,2.45E-07,1.09E-07,1.54E-07,1.78E-07,1.84E-07,1.99E-07,2.20E-07,2.74E-07,5.63E-07,6.31E-07,9.34E-07,6.80E-07,2.92E-06,4.61E-06,6.44E-06,8.67E-06,3.70E-06,4.74E-06,1.44E-05,2.06E-05,2.90E-05,3.05E-05,2.28E-05,1.63E-05,1.32E-05,1.34E-05,1.82E-05,2.40E-05,2.59E-05,2.65E-05,2.53E-05,2.93E-05,4.56E-05,9.26E-05,0.000156469,0.000259999,0.000535775,0.001262932,0.003165867,0.006718102,0.018760258,0.029894307,0.040732592,0.076673903,0.129984856,0.213692054,0.222269118,0.160395011,0.094921589
Head 1,560,5.81E-06,3.75E-06,2.85E-06,2.90E-06,3.28E-06,3.71E-06,3.71E-06,3.29E-06,2.98E-06,2.81E-06,3.05E-06,3.36E-06,2.38E-06,2.21E-06,2.59E-06,3.75E-06,5.50E-06,6.41E-06,4.69E-06,2.63E-06,2.72E-06,1.90E-06,1.65E-06,7.45E-07,5.38E-07,1.98E-07,7.92E-08,6.17E-08,3.46E-08,1.71E-08,1.57E-08,2.98E-08,1.44E-08,1.53E-08,2.34E-08,3.92E-08,5.81E-08,7.33E-08,1.78E-07,2.55E-07,4.35E-07,3.41E-07,1.06E-06,1.07E-06,4.59E-07,2.97E-07,2.36E-07,6.14E-07,2.63E-07,2.49E-07,5.22E-07,3.04E-07,1.59E-07,4.65E-08,4.65E-08,7.54E-08,1.04E-07,1.29E-07,1.35E-07,1.85E-07,4.33E-07,6.42E-07,9.99E-07,1.08E-06,3.32E-07,3.23E-07,4.24E-07,5.11E-07,4.57E-07,7.03E-07,3.79E-07,2.59E-07,8.09E-08,1.23E-07,2.10E-07,1.82E-07,3.90E-07,2.32E-07,1.93E-07,7.32E-08,1.17E-07,1.52E-07,1.63E-07,1.62E-07,1.59E-07,1.96E-07,4.06E-07,4.41E-07,6.22E-07,3.84E-07,1.50E-06,2.44E-06,4.08E-06,7.11E-06,3.97E-06,4.31E-06,1.01E-05,1.23E-05,1.89E-05,2.64E-05,2.72E-05,2.20E-05,1.54E-05,1.16E-05,1.27E-05,1.66E-05,2.13E-05,2.52E-05,2.43E-05,2.40E-05,3.03E-05,5.36E-05,8.53E-05,0.000134524,0.000253546,0.000536728,0.001308405,0.003100459,0.009637452,0.018913265,0.026916698,0.045428686,0.070296675,0.131556347,0.197593749,0.224016264,0.176010966,0.093737751
Head 1,561,6.19E-06,4.18E-06,3.33E-06,3.07E-06,3.41E-06,3.89E-06,3.88E-06,3.50E-06,3.01E-06,2.96E-06,3.22E-06,2.56E-06,2.40E-06,2.39E-06,2.78E-06,3.85E-06,5.65E-06,6.21E-06,4.91E-06,5.09E-06,3.06E-06,2.19E-06,9.11E-07,8.43E-07,4.50E-07,2.20E-07,1.56E-07,6.51E-08,2.32E-08,1.83E-08,3.14E-08,1.64E-08,1.54E-08,1.89E-08,2.78E-08,4.24E-08,5.92E-08,1.35E-07,1.90E-07,2.97E-07,1.95E-07,7.46E-07,1.03E-06,6.64E-07,4.93E-07,3.29E-07,6.44E-07,2.46E-07,2.82E-07,7.96E-07,6.13E-07,3.17E-07,6.26E-08,4.49E-08,6.41E-08,8.99E-08,1.18E-07,1.20E-07,1.48E-07,3.37E-07,4.72E-07,8.29E-07,1.07E-06,3.84E-07,3.03E-07,3.19E-07,4.31E-07,5.56E-07,1.12E-06,6.60E-07,3.75E-07,8.29E-08,9.69E-08,1.77E-07,2.06E-07,5.47E-07,3.38E-07,2.30E-07,6.21E-08,9.38E-08,1.30E-07,1.57E-07,1.62E-07,1.44E-07,1.59E-07,3.46E-07,3.52E-07,4.91E-07,3.05E-07,9.68E-07,1.43E-06,2.41E-06,5.05E-06,4.01E-06,5.05E-06,9.73E-06,9.57E-06,1.26E-05,1.89E-05,2.60E-05,2.91E-05,2.30E-05,1.50E-05,1.23E-05,1.29E-05,1.65E-05,2.29E-05,2.58E-05,2.54E-05,2.71E-05,3.89E-05,5.34E-05,7.81E-05,0.000139663,0.00026826,0.00058345,0.001330128,0.004092448,0.009992846,0.017358057,0.030335059,0.041958813,0.071734242,0.121156268,0.198234156,0.242869452,0.170130432,0.089237332
Head 1,562,6.81E-06,4.89E-06,3.48E-06,3.14E-06,3.55E-06,4.00E-06,4.05E-06,3.53E-06,3.14E-06,3.10E-06,2.37E-06,2.53E-06,2.59E-06,2.53E-06,2.80E-06,3.89E-06,5.38E-06,6.50E-06,8.86E-06,5.68E-06,3.52E-06,1.12E-06,9.97E-07,6.95E-07,4.90E-07,4.17E-07,1.64E-07,4.18E-08,2.41E-08,3.41E-08,1.83E-08,1.69E-08,1.75E-08,2.08E-08,2.80E-08,3.99E-08,9.38E-08,1.38E-07,2.13E-07,1.14E-07,4.31E-07,6.81E-07,6.10E-07,6.71E-07,5.21E-07,8.08E-07,2.41E-07,2.49E-07,8.51E-07,9.21E-07,6.19E-07,1.11E-07,5.75E-08,5.96E-08,7.13E-08,9.41E-08,1.01E-07,1.19E-07,2.63E-07,3.20E-07,5.51E-07,8.03E-07,3.94E-07,3.03E-07,2.42E-07,2.81E-07,4.13E-07,1.23E-06,9.50E-07,5.90E-07,1.13E-07,8.80E-08,1.26E-07,1.58E-07,5.51E-07,4.32E-07,3.05E-07,6.16E-08,7.48E-08,9.41E-08,1.20E-07,1.40E-07,1.27E-07,1.26E-07,2.91E-07,2.60E-07,3.42E-07,2.31E-07,6.40E-07,8.39E-07,1.26E-06,2.67E-06,2.49E-06,4.60E-06,9.23E-06,8.30E-06,8.83E-06,1.13E-05,1.65E-05,2.51E-05,2.76E-05,2.06E-05,1.46E-05,1.14E-05,1.18E-05,1.65E-05,2.21E-05,2.55E-05,2.71E-05,3.32E-05,3.67E-05,4.59E-05,7.71E-05,0.000141493,0.000280884,0.00057071,0.001495606,0.003990926,0.008684278,0.018808763,0.027412076,0.042004954,0.064890198,0.120766781,0.215636492,0.236982122,0.163702682,0.094061852
Head 1,563,7.37E-06,4.72E-06,3.28E-06,3.06E-06,3.38E-06,3.85E-06,3.83E-06,3.43E-06,3.08E-06,1.90E-06,2.22E-06,2.63E-06,2.62E-06,2.44E-06,2.71E-06,3.54E-06,5.38E-06,1.08E-05,9.10E-06,6.14E-06,1.65E-06,1.15E-06,7.79E-07,7.11E-07,8.49E-07,4.15E-07,9.88E-08,4.12E-08,4.27E-08,1.92E-08,1.76E-08,1.72E-08,1.75E-08,1.90E-08,2.35E-08,5.73E-08,8.54E-08,1.44E-07,7.54E-08,2.45E-07,3.64E-07,3.47E-07,5.70E-07,6.77E-07,1.08E-06,2.96E-07,2.33E-07,7.50E-07,9.53E-07,8.96E-07,2.07E-07,9.90E-08,7.37E-08,6.33E-08,7.04E-08,7.55E-08,9.30E-08,2.05E-07,2.27E-07,3.43E-07,4.87E-07,3.04E-07,2.85E-07,2.09E-07,1.94E-07,2.46E-07,9.55E-07,9.75E-07,7.92E-07,1.82E-07,1.13E-07,1.08E-07,1.06E-07,4.07E-07,3.99E-07,3.58E-07,7.20E-08,7.11E-08,6.95E-08,7.69E-08,9.64E-08,9.87E-08,9.86E-08,2.50E-07,2.00E-07,2.31E-07,1.52E-07,4.22E-07,5.22E-07,6.97E-07,1.32E-06,1.08E-06,2.77E-06,7.21E-06,7.33E-06,7.25E-06,7.52E-06,9.22E-06,1.51E-05,2.23E-05,2.31E-05,1.87E-05,1.27E-05,9.84E-06,1.12E-05,1.51E-05,2.07E-05,2.58E-05,3.15E-05,2.95E-05,2.96E-05,4.29E-05,7.39E-05,0.000140574,0.00026081,0.000566561,0.001394273,0.003304688,0.009142091,0.01670327,0.026946235,0.037589002,0.064537942,0.131567746,0.209837392,0.227711707,0.173701122,0.096062265
Head 1,564,7.75E-06,4.82E-06,3.51E-06,3.18E-06,3.52E-06,3.95E-06,3.99E-06,3.60E-06,1.73E-06,1.91E-06,2.50E-06,2.88E-06,2.73E-06,2.55E-06,2.64E-06,3.75E-06,9.73E-06,1.12E-05,1.03E-05,3.15E-06,1.80E-06,9.43E-07,8.34E-07,1.31E-06,8.99E-07,2.72E-07,1.03E-07,8.00E-08,2.51E-08,1.99E-08,1.88E-08,1.83E-08,1.70E-08,1.70E-08,3.99E-08,5.44E-08,9.67E-08,5.90E-08,1.67E-07,2.15E-07,1.72E-07,3.25E-07,5.90E-07,1.29E-06,4.37E-07,2.90E-07,7.34E-07,8.45E-07,9.42E-07,3.14E-07,1.90E-07,1.29E-07,8.17E-08,6.58E-08,5.95E-08,7.40E-08,1.68E-07,1.88E-07,2.54E-07,3.13E-07,1.93E-07,2.29E-07,1.97E-07,1.69E-07,1.69E-07,6.74E-07,7.88E-07,8.25E-07,2.64E-07,1.85E-07,1.39E-07,9.14E-08,2.97E-07,2.94E-07,3.34E-07,8.67E-08,8.66E-08,6.82E-08,5.62E-08,6.25E-08,6.87E-08,7.68E-08,2.20E-07,1.75E-07,1.76E-07,9.11E-08,2.78E-07,3.37E-07,4.32E-07,7.27E-07,4.41E-07,1.20E-06,4.26E-06,5.48E-06,6.29E-06,6.13E-06,5.96E-06,8.18E-06,1.29E-05,1.80E-05,2.03E-05,1.57E-05,1.05E-05,8.93E-06,9.78E-06,1.37E-05,2.03E-05,2.92E-05,2.74E-05,2.33E-05,2.76E-05,4.12E-05,7.41E-05,0.000132137,0.000247901,0.000520084,0.001112851,0.00340885,0.00792193,0.015947899,0.023435691,0.036285069,0.068437681,0.123929478,0.195845485,0.237700701,0.175015792,0.109556116
Head 1,565,7.93E-06,5.21E-06,3.70E-06,3.36E-06,3.66E-06,4.17E-06,4.23E-06,1.81E-06,1.75E-06,2.15E-06,2.78E-06,3.07E-06,2.90E-06,2.53E-06,2.81E-06,7.37E-06,9.99E-06,1.29E-05,5.74E-06,3.54E-06,1.51E-06,1.03E-06,1.70E-06,1.46E-06,6.31E-07,2.94E-07,2.09E-07,4.70E-08,2.75E-08,2.23E-08,2.10E-08,1.84E-08,1.55E-08,3.30E-08,3.81E-08,6.28E-08,4.32E-08,1.22E-07,1.46E-07,9.46E-08,1.55E-07,3.31E-07,1.10E-06,5.55E-07,4.27E-07,9.03E-07,8.37E-07,8.56E-07,3.38E-07,2.95E-07,2.45E-07,1.44E-07,8.62E-08,5.63E-08,5.96E-08,1.36E-07,1.57E-07,2.11E-07,2.30E-07,1.12E-07,1.44E-07,1.59E-07,1.54E-07,1.40E-07,4.92E-07,5.83E-07,6.71E-07,2.60E-07,2.64E-07,2.21E-07,1.14E-07,2.71E-07,2.11E-07,2.45E-07,8.08E-08,1.03E-07,8.19E-08,5.23E-08,4.41E-08,4.37E-08,5.31E-08,1.73E-07,1.56E-07,1.53E-07,5.56E-08,1.89E-07,2.16E-07,2.79E-07,4.52E-07,2.15E-07,4.74E-07,2.03E-06,3.13E-06,4.68E-06,5.35E-06,4.84E-06,5.22E-06,6.90E-06,1.02E-05,1.55E-05,1.67E-05,1.27E-05,9.37E-06,7.71E-06,8.84E-06,1.33E-05,2.29E-05,2.52E-05,2.16E-05,2.19E-05,2.64E-05,4.14E-05,7.00E-05,0.000117269,0.000220242,0.00039189,0.001105214,0.002806994,0.007252042,0.013260279,0.021574276,0.036804896,0.061248723,0.11000625,0.196124271,0.228985518,0.191992253,0.127640814
Head 1,566,9.98E-06,6.34E-06,4.46E-06,3.97E-06,4.49E-06,5.18E-06,2.49E-06,2.19E-06,2.22E-06,2.76E-06,3.47E-06,3.89E-06,3.49E-06,3.21E-06,6.59E-06,8.32E-06,1.25E-05,8.33E-06,7.33E-06,3.42E-06,1.86E-06,2.51E-06,2.08E-06,1.15E-06,7.94E-07,6.58E-07,1.42E-07,6.09E-08,3.80E-08,3.25E-08,2.92E-08,2.42E-08,4.52E-08,4.55E-08,6.19E-08,4.18E-08,1.25E-07,1.58E-07,1.01E-07,1.24E-07,2.17E-07,8.76E-07,6.23E-07,7.16E-07,1.51E-06,1.23E-06,9.97E-07,3.58E-07,3.92E-07,4.64E-07,3.46E-07,1.95E-07,9.67E-08,7.72E-08,1.60E-07,1.83E-07,2.64E-07,2.92E-07,1.17E-07,1.32E-07,1.66E-07,2.01E-07,2.08E-07,6.11E-07,7.05E-07,7.48E-07,2.81E-07,4.02E-07,4.88E-07,2.78E-07,4.92E-07,2.81E-07,2.56E-07,9.04E-08,1.57E-07,1.60E-07,9.98E-08,6.59E-08,5.11E-08,5.85E-08,1.95E-07,2.08E-07,2.31E-07,6.74E-08,2.21E-07,2.25E-07,2.83E-07,4.64E-07,2.31E-07,3.80E-07,1.49E-06,2.32E-06,4.16E-06,6.26E-06,6.71E-06,6.60E-06,6.69E-06,8.11E-06,1.30E-05,1.88E-05,1.98E-05,1.61E-05,1.12E-05,9.50E-06,1.16E-05,2.01E-05,2.65E-05,2.68E-05,2.71E-05,2.74E-05,3.49E-05,5.25E-05,8.42E-05,0.000155235,0.000240481,0.000544412,0.001186836,0.003259308,0.007363328,0.01439408,0.024661226,0.035274297,0.055721477,0.109353781,0.1833013,0.240665168,0.210652754,0.112652317
Head 1,567,8.54E-06,5.35E-06,3.65E-06,3.35E-06,3.82E-06,2.23E-06,2.13E-06,1.88E-06,1.97E-06,2.35E-06,2.94E-06,3.16E-06,3.06E-06,5.06E-06,5.38E-06,7.49E-06,5.67E-06,7.52E-06,5.23E-06,2.98E-06,3.27E-06,2.17E-06,1.07E-06,9.60E-07,1.11E-06,3.14E-07,1.21E-07,5.42E-08,3.42E-08,2.72E-08,2.30E-08,4.05E-08,4.05E-08,4.57E-08,2.33E-08,7.24E-08,9.90E-08,7.78E-08,8.70E-08,1.13E-07,4.37E-07,3.22E-07,5.48E-07,1.55E-06,1.44E-06,1.04E-06,2.88E-07,2.82E-07,4.12E-07,4.40E-07,3.14E-07,1.46E-07,8.54E-08,1.42E-07,1.29E-07,1.86E-07,2.29E-07,9.32E-08,8.74E-08,1.00E-07,1.32E-07,1.72E-07,4.91E-07,6.23E-07,6.29E-07,1.84E-07,2.71E-07,4.71E-07,3.96E-07,7.02E-07,3.45E-07,2.27E-07,5.95E-08,1.12E-07,1.55E-07,1.24E-07,7.95E-08,4.81E-08,4.31E-08,1.30E-07,1.45E-07,1.97E-07,6.19E-08,1.94E-07,1.73E-07,1.87E-07,2.95E-07,1.72E-07,2.59E-07,8.38E-07,1.16E-06,2.06E-06,3.69E-06,5.30E-06,6.19E-06,5.83E-06,5.52E-06,7.31E-06,1.12E-05,1.57E-05,1.77E-05,1.39E-05,9.98E-06,8.90E-06,1.24E-05,1.68E-05,2.07E-05,2.50E-05,2.52E-05,2.68E-05,3.26E-05,4.33E-05,8.18E-05,0.00012934,0.000267799,0.000483843,0.001194958,0.002898552,0.007179877,0.015356123,0.023082081,0.032268502,0.056647755,0.104795165,0.197853789,0.272257715,0.190741733,0.094334036
Head 1,568,7.43E-06,4.57E-06,3.22E-06,2.98E-06,1.84E-06,2.03E-06,1.87E-06,1.75E-06,1.78E-06,2.10E-06,2.52E-06,2.94E-06,4.57E-06,4.33E-06,5.08E-06,3.37E-06,5.33E-06,5.89E-06,4.82E-06,5.19E-06,2.91E-06,1.08E-06,9.27E-07,1.39E-06,5.94E-07,2.83E-07,1.13E-07,5.15E-08,3.05E-08,2.31E-08,3.79E-08,4.15E-08,4.48E-08,1.73E-08,4.89E-08,6.38E-08,6.08E-08,7.73E-08,8.84E-08,2.72E-07,1.67E-07,3.18E-07,1.26E-06,1.58E-06,1.32E-06,3.42E-07,2.47E-07,3.25E-07,4.24E-07,4.34E-07,2.58E-07,1.41E-07,1.92E-07,1.21E-07,1.42E-07,1.80E-07,8.87E-08,8.12E-08,7.91E-08,9.49E-08,1.36E-07,4.05E-07,6.01E-07,6.64E-07,1.74E-07,2.00E-07,3.69E-07,4.57E-07,1.04E-06,5.76E-07,3.25E-07,6.04E-08,8.80E-08,1.32E-07,1.43E-07,1.18E-07,7.01E-08,5.00E-08,1.21E-07,1.12E-07,1.64E-07,6.76E-08,2.14E-07,1.89E-07,1.72E-07,2.32E-07,1.41E-07,2.35E-07,6.41E-07,8.00E-07,1.24E-06,2.16E-06,3.74E-06,5.78E-06,6.45E-06,5.66E-06,5.87E-06,7.39E-06,1.10E-05,1.64E-05,1.79E-05,1.43E-05,1.07E-05,1.08E-05,1.18E-05,1.49E-05,2.19E-05,2.63E-05,2.79E-05,2.85E-05,2.85E-05,4.87E-05,7.93E-05,0.000167468,0.000275252,0.000569597,0.00122001,0.003231795,0.00859622,0.015952075,0.023130473,0.035705958,0.05831939,0.120888934,0.236480951,0.255241543,0.165611804,0.074103132
Head 1,569,6.09E-06,3.82E-06,2.72E-06,1.36E-06,1.53E-06,1.59E-06,1.57E-06,1.47E-06,1.50E-06,1.69E-06,2.22E-06,3.84E-06,3.64E-06,3.91E-06,2.13E-06,3.00E-06,4.17E-06,5.26E-06,7.33E-06,4.43E-06,1.38E-06,8.93E-07,1.37E-06,7.05E-07,4.94E-07,2.43E-07,9.83E-08,4.19E-08,2.30E-08,3.13E-08,3.47E-08,4.00E-08,1.37E-08,3.33E-08,3.56E-08,3.12E-08,4.76E-08,6.15E-08,1.63E-07,8.55E-08,1.37E-07,6.66E-07,1.11E-06,1.29E-06,4.32E-07,2.63E-07,2.61E-07,3.04E-07,3.77E-07,3.17E-07,2.18E-07,2.94E-07,1.41E-07,1.14E-07,1.13E-07,5.70E-08,5.87E-08,5.46E-08,5.67E-08,7.41E-08,2.29E-07,3.65E-07,4.89E-07,1.51E-07,1.32E-07,1.95E-07,2.74E-07,9.14E-07,6.65E-07,4.24E-07,7.01E-08,6.83E-08,7.97E-08,9.28E-08,1.01E-07,7.58E-08,5.33E-08,1.09E-07,7.33E-08,8.96E-08,4.06E-08,1.51E-07,1.56E-07,1.38E-07,1.58E-07,7.44E-08,1.40E-07,3.73E-07,4.58E-07,6.47E-07,9.87E-07,1.67E-06,3.09E-06,4.59E-06,4.80E-06,4.66E-06,4.62E-06,5.74E-06,9.06E-06,1.32E-05,1.46E-05,1.23E-05,1.07E-05,8.66E-06,8.70E-06,1.31E-05,1.92E-05,2.45E-05,2.53E-05,1.88E-05,2.57E-05,3.77E-05,8.11E-05,0.000138196,0.000267242,0.000489413,0.001190494,0.003487028,0.00825577,0.014990677,0.024866978,0.036740556,0.070121929,0.155048952,0.236456648,0.236774772,0.138781235,0.071954846
Head 1,570,6.44E-06,4.11E-06,1.59E-06,1.49E-06,1.60E-06,1.76E-06,1.73E-06,1.60E-06,1.55E-06,1.94E-06,3.85E-06,3.82E-06,4.20E-06,2.20E-06,2.40E-06,3.03E-06,4.81E-06,9.55E-06,7.76E-06,2.79E-06,1.44E-06,1.81E-06,8.38E-07,7.72E-07,5.57E-07,2.77E-07,1.07E-07,4.27E-08,4.35E-08,4.06E-08,4.78E-08,1.86E-08,3.97E-08,3.49E-08,2.39E-08,3.81E-08,6.00E-08,1.50E-07,8.17E-08,9.86E-08,4.34E-07,7.75E-07,1.20E-06,6.29E-07,4.46E-07,3.71E-07,3.21E-07,3.57E-07,3.67E-07,3.60E-07,6.03E-07,3.01E-07,1.84E-07,1.27E-07,5.16E-08,5.96E-08,6.18E-08,6.16E-08,6.91E-08,2.03E-07,3.03E-07,4.59E-07,2.02E-07,1.66E-07,1.80E-07,2.19E-07,9.17E-07,8.67E-07,7.35E-07,1.57E-07,1.19E-07,9.26E-08,8.57E-08,1.01E-07,1.03E-07,9.21E-08,1.86E-07,1.01E-07,9.12E-08,3.59E-08,1.45E-07,1.81E-07,1.83E-07,2.00E-07,6.68E-08,1.22E-07,3.31E-07,4.02E-07,5.60E-07,7.61E-07,1.10E-06,2.03E-06,3.66E-06,5.08E-06,5.77E-06,5.25E-06,5.11E-06,6.68E-06,1.03E-05,1.52E-05,1.76E-05,1.69E-05,1.16E-05,8.57E-06,1.04E-05,1.56E-05,2.43E-05,3.00E-05,2.11E-05,2.37E-05,2.83E-05,5.47E-05,9.58E-05,0.000187069,0.000309786,0.000627857,0.001642643,0.004157576,0.009281592,0.018663742,0.028245782,0.04746775,0.094353415,0.159172967,0.223999992,0.201676592,0.137211531,0.07249321
Head 1,571,6.30E-06,2.12E-06,1.51E-06,1.35E-06,1.49E-06,1.64E-06,1.63E-06,1.45E-06,1.54E-06,3.31E-06,3.23E-06,3.80E-06,2.25E-06,2.16E-06,2.16E-06,3.15E-06,8.00E-06,9.03E-06,4.73E-06,2.64E-06,2.77E-06,9.24E-07,8.02E-07,7.46E-07,5.44E-07,2.59E-07,9.27E-08,7.19E-08,4.75E-08,4.67E-08,1.94E-08,4.03E-08,3.23E-08,1.58E-08,2.08E-08,3.41E-08,9.49E-08,6.09E-08,6.71E-08,2.45E-07,4.02E-07,6.71E-07,4.73E-07,5.15E-07,5.16E-07,3.79E-07,3.17E-07,2.89E-07,3.45E-07,8.03E-07,5.38E-07,3.31E-07,1.68E-07,4.01E-08,3.94E-08,4.37E-08,4.69E-08,4.97E-08,1.39E-07,1.75E-07,2.53E-07,1.40E-07,1.39E-07,1.37E-07,1.32E-07,5.78E-07,6.05E-07,6.48E-07,1.98E-07,1.73E-07,1.08E-07,6.77E-08,6.28E-08,6.79E-08,8.00E-08,2.06E-07,1.15E-07,8.25E-08,2.05E-08,8.47E-08,1.08E-07,1.33E-07,1.69E-07,4.46E-08,6.81E-08,1.99E-07,2.23E-07,3.22E-07,4.39E-07,5.67E-07,9.05E-07,1.63E-06,2.74E-06,4.10E-06,4.40E-06,4.00E-06,4.16E-06,5.30E-06,8.29E-06,1.28E-05,1.71E-05,1.35E-05,8.52E-06,7.64E-06,9.26E-06,1.47E-05,2.23E-05,1.71E-05,1.89E-05,1.87E-05,2.87E-05,4.53E-05,8.98E-05,0.000152756,0.000288641,0.000662955,0.00154038,0.003739446,0.00957995,0.018321248,0.033659376,0.062435664,0.097916313,0.151382461,0.18948786,0.201732293,0.141634658,0.087023333
Head 1,572,3.88E-06,2.39E-06,1.63E-06,1.51E-06,1.67E-06,1.88E-06,1.77E-06,1.67E-06,3.45E-06,3.09E-06,3.58E-06,2.52E-06,2.61E-06,2.29E-06,2.57E-06,6.28E-06,8.25E-06,6.34E-06,5.09E-06,5.37E-06,1.52E-06,9.96E-07,8.98E-07,8.57E-07,5.96E-07,2.62E-07,1.83E-07,9.00E-08,6.34E-08,2.51E-08,4.99E-08,4.22E-08,1.96E-08,2.00E-08,2.78E-08,8.06E-08,6.17E-08,7.65E-08,2.26E-07,3.22E-07,4.61E-07,3.29E-07,5.25E-07,8.01E-07,6.70E-07,4.60E-07,3.11E-07,3.33E-07,9.11E-07,8.84E-07,7.26E-07,3.73E-07,6.11E-08,4.34E-08,4.50E-08,5.31E-08,6.17E-08,1.64E-07,1.86E-07,2.29E-07,1.29E-07,1.68E-07,1.89E-07,1.65E-07,6.09E-07,6.24E-07,7.00E-07,2.79E-07,3.57E-07,2.49E-07,1.23E-07,7.81E-08,6.76E-08,8.67E-08,2.78E-07,2.02E-07,1.50E-07,2.84E-08,9.58E-08,1.02E-07,1.37E-07,2.12E-07,6.15E-08,7.61E-08,2.21E-07,2.13E-07,2.89E-07,4.11E-07,5.28E-07,7.42E-07,1.16E-06,1.94E-06,3.49E-06,4.91E-06,5.23E-06,5.04E-06,5.05E-06,6.53E-06,1.05E-05,1.84E-05,1.97E-05,1.41E-05,1.06E-05,9.35E-06,1.19E-05,1.84E-05,1.72E-05,2.24E-05,2.20E-05,2.73E-05,3.48E-05,6.25E-05,0.00010982,0.000209032,0.00043513,0.000840474,0.001810605,0.004864746,0.011345067,0.025114708,0.047636326,0.067223199,0.092029803,0.124339454,0.184605628,0.19911541,0.16040118,0.079497293
Head 1,573,3.21E-06,1.89E-06,1.32E-06,1.22E-06,1.39E-06,1.51E-06,1.50E-06,2.97E-06,2.49E-06,2.51E-06,1.73E-06,2.13E-06,2.13E-06,2.04E-06,3.95E-06,4.78E-06,4.17E-06,5.08E-06,6.97E-06,2.34E-06,1.21E-06,8.27E-07,7.55E-07,6.84E-07,4.42E-07,3.52E-07,1.63E-07,8.21E-08,2.42E-08,4.08E-08,3.62E-08,2.03E-08,1.86E-08,2.00E-08,5.28E-08,3.97E-08,6.10E-08,1.75E-07,2.49E-07,3.05E-07,1.76E-07,3.07E-07,6.91E-07,8.62E-07,6.61E-07,3.64E-07,2.85E-07,6.79E-07,7.72E-07,8.99E-07,6.21E-07,1.02E-07,5.11E-08,3.93E-08,4.27E-08,5.57E-08,1.52E-07,1.82E-07,2.02E-07,9.78E-08,1.40E-07,2.02E-07,2.00E-07,6.19E-07,6.42E-07,6.61E-07,2.56E-07,4.54E-07,4.63E-07,2.52E-07,1.27E-07,7.47E-08,7.58E-08,2.51E-07,2.36E-07,2.26E-07,4.71E-08,1.23E-07,9.64E-08,1.11E-07,1.89E-07,7.75E-08,9.32E-08,2.63E-07,2.19E-07,2.46E-07,3.33E-07,4.52E-07,6.32E-07,8.76E-07,1.28E-06,2.28E-06,3.85E-06,5.38E-06,6.11E-06,5.78E-06,5.93E-06,7.91E-06,1.43E-05,2.02E-05,2.00E-05,1.66E-05,1.22E-05,1.10E-05,1.36E-05,1.39E-05,2.17E-05,2.57E-05,3.11E-05,3.23E-05,4.66E-05,7.57E-05,0.000149032,0.000321575,0.000575783,0.001064483,0.002532651,0.006169775,0.016386729,0.036771573,0.0545073,0.066175796,0.079106867,0.12529178,0.185937241,0.224971101,0.145671383,0.053897053
Head 1,574,2.71E-06,1.64E-06,1.14E-06,1.07E-06,1.16E-06,1.31E-06,2.72E-06,2.46E-06,2.24E-06,1.17E-06,1.52E-06,1.91E-06,1.98E-06,3.19E-06,3.28E-06,2.43E-06,3.62E-06,7.45E-06,3.71E-06,2.07E-06,1.12E-06,7.64E-07,6.56E-07,5.56E-07,6.18E-07,3.56E-07,1.65E-07,3.41E-08,4.22E-08,3.12E-08,1.91E-08,1.77E-08,1.57E-08,3.68E-08,2.07E-08,3.30E-08,1.07E-07,1.69E-07,2.07E-07,1.00E-07,1.41E-07,3.58E-07,6.81E-07,7.92E-07,5.02E-07,3.26E-07,5.88E-07,5.86E-07,7.97E-07,7.90E-07,1.77E-07,8.04E-08,4.32E-08,3.29E-08,3.78E-08,1.06E-07,1.38E-07,1.59E-07,6.39E-08,8.20E-08,1.31E-07,1.56E-07,4.62E-07,5.36E-07,5.36E-07,1.58E-07,2.89E-07,4.30E-07,3.46E-07,1.97E-07,9.22E-08,6.35E-08,1.76E-07,1.68E-07,2.05E-07,5.67E-08,1.49E-07,9.33E-08,7.83E-08,1.12E-07,5.24E-08,7.62E-08,2.41E-07,2.04E-07,1.90E-07,2.15E-07,2.78E-07,3.99E-07,5.46E-07,7.12E-07,1.12E-06,1.89E-06,3.14E-06,4.68E-06,5.24E-06,5.08E-06,5.43E-06,8.19E-06,1.22E-05,1.61E-05,1.85E-05,1.53E-05,1.17E-05,1.05E-05,8.69E-06,1.32E-05,1.89E-05,2.73E-05,2.79E-05,3.31E-05,4.32E-05,7.71E-05,0.000171162,0.000320137,0.000566767,0.001196479,0.002695706,0.007799837,0.021914773,0.040188476,0.052247915,0.056686226,0.080783442,0.130984202,0.223056287,0.219721645,0.106287315,0.054943457
Head 1,575,3.33E-06,1.99E-06,1.40E-06,1.25E-06,1.44E-06,3.20E-06,3.47E-06,3.26E-06,1.28E-06,1.46E-06,2.05E-06,2.61E-06,4.01E-06,3.70E-06,2.15E-06,2.86E-06,7.71E-06,5.51E-06,4.47E-06,2.58E-06,1.39E-06,9.09E-07,7.59E-07,1.12E-06,8.99E-07,5.15E-07,9.86E-08,9.14E-08,4.85E-08,2.62E-08,2.56E-08,2.24E-08,4.68E-08,2.00E-08,2.64E-08,9.31E-08,1.56E-07,2.09E-07,1.02E-07,1.06E-07,2.17E-07,4.80E-07,8.54E-07,8.16E-07,6.02E-07,8.63E-07,6.67E-07,8.15E-07,9.70E-07,3.29E-07,1.91E-07,9.24E-08,5.03E-08,4.22E-08,1.08E-07,1.37E-07,1.77E-07,7.03E-08,7.51E-08,1.11E-07,1.42E-07,4.35E-07,5.79E-07,6.35E-07,1.59E-07,2.24E-07,3.74E-07,4.50E-07,3.76E-07,1.98E-07,1.08E-07,2.14E-07,1.61E-07,2.01E-07,7.50E-08,2.43E-07,1.59E-07,1.06E-07,1.11E-07,4.37E-08,7.50E-08,2.73E-07,2.74E-07,2.46E-07,2.28E-07,2.51E-07,3.43E-07,4.81E-07,6.13E-07,8.51E-07,1.26E-06,2.07E-06,3.70E-06,5.41E-06,6.17E-06,6.12E-06,7.27E-06,8.91E-06,1.24E-05,1.92E-05,2.20E-05,1.89E-05,1.43E-05,9.00E-06,1.05E-05,1.50E-05,2.59E-05,3.13E-05,3.64E-05,3.92E-05,5.65E-05,0.000113071,0.000216985,0.00039283,0.000771733,0.001489502,0.003906745,0.011809587,0.026117314,0.041332006,0.047014825,0.059151705,0.086212426,0.160781756,0.220288709,0.163033038,0.111510262,0.06542296
Head 1,576,3.31E-06,1.99E-06,1.34E-06,1.28E-06,2.76E-06,3.48E-06,3.94E-06,1.43E-06,1.32E-06,1.60E-06,2.32E-06,3.98E-06,3.74E-06,2.06E-06,2.12E-06,5.63E-06,4.43E-06,5.51E-06,4.68E-06,2.69E-06,1.39E-06,8.78E-07,1.34E-06,1.30E-06,1.04E-06,2.62E-07,2.18E-07,8.43E-08,3.16E-08,2.74E-08,2.48E-08,4.95E-08,2.02E-08,2.02E-08,6.69E-08,1.04E-07,1.53E-07,9.52E-08,8.89E-08,1.33E-07,2.46E-07,5.08E-07,7.36E-07,8.20E-07,1.22E-06,8.30E-07,7.92E-07,8.38E-07,3.43E-07,2.98E-07,1.82E-07,9.09E-08,5.42E-08,1.12E-07,1.10E-07,1.44E-07,6.70E-08,6.91E-08,8.78E-08,1.02E-07,3.17E-07,4.48E-07,5.93E-07,1.74E-07,1.79E-07,2.45E-07,3.37E-07,4.10E-07,3.20E-07,1.99E-07,3.03E-07,1.66E-07,1.63E-07,6.09E-08,2.59E-07,2.22E-07,1.53E-07,1.27E-07,3.31E-08,5.48E-08,2.18E-07,2.70E-07,2.89E-07,2.56E-07,2.31E-07,2.66E-07,3.57E-07,4.67E-07,6.36E-07,8.40E-07,1.21E-06,2.13E-06,3.68E-06,5.52E-06,6.50E-06,7.30E-06,7.07E-06,8.09E-06,1.32E-05,2.01E-05,2.39E-05,2.05E-05,1.18E-05,9.67E-06,1.06E-05,1.78E-05,2.59E-05,3.56E-05,3.78E-05,4.51E-05,7.26E-05,0.000127524,0.000236633,0.000487312,0.000896006,0.002066697,0.005810604,0.01342063,0.025874097,0.036330134,0.048356332,0.064155884,0.107622519,0.158840656,0.160658389,0.171348751,0.133941948,0.069356732
Head 1,577,2.65E-06,1.53E-06,1.11E-06,1.97E-06,2.40E-06,3.25E-06,1.43E-06,1.21E-06,1.10E-06,1.47E-06,2.86E-06,2.85E-06,1.80E-06,1.63E-06,3.50E-06,2.36E-06,3.54E-06,4.67E-06,3.87E-06,2.11E-06,1.05E-06,1.31E-06,1.18E-06,1.14E-06,4.29E-07,4.16E-07,1.49E-07,3.95E-08,2.50E-08,2.04E-08,3.83E-08,1.88E-08,1.64E-08,4.58E-08,6.06E-08,8.44E-08,6.57E-08,7.15E-08,9.40E-08,1.30E-07,2.28E-07,3.81E-07,6.32E-07,1.22E-06,9.28E-07,7.76E-07,6.34E-07,2.28E-07,2.48E-07,2.23E-07,1.43E-07,7.86E-08,1.29E-07,8.86E-08,9.39E-08,4.86E-08,5.78E-08,7.24E-08,7.53E-08,2.18E-07,2.82E-07,4.19E-07,1.84E-07,1.73E-07,1.81E-07,2.15E-07,2.95E-07,3.34E-07,3.06E-07,4.58E-07,2.15E-07,1.51E-07,4.25E-08,1.93E-07,2.14E-07,1.93E-07,1.65E-07,3.28E-08,4.20E-08,1.50E-07,1.95E-07,2.66E-07,2.77E-07,2.36E-07,2.26E-07,2.55E-07,3.17E-07,4.39E-07,5.69E-07,7.35E-07,1.13E-06,1.92E-06,3.43E-06,5.30E-06,7.09E-06,6.51E-06,5.90E-06,7.98E-06,1.27E-05,2.01E-05,2.36E-05,1.69E-05,1.16E-05,8.81E-06,1.12E-05,1.61E-05,2.66E-05,3.39E-05,4.04E-05,5.46E-05,7.94E-05,0.00013504,0.000290255,0.000568654,0.001270407,0.003214008,0.006679983,0.013387623,0.022753565,0.037308581,0.052561752,0.079289891,0.104207769,0.111412771,0.16643694,0.200189233,0.136728898,0.06310156
Head 1,578,2.80E-06,1.75E-06,2.45E-06,2.36E-06,3.18E-06,1.77E-06,1.69E-06,1.25E-06,1.37E-06,2.84E-06,2.86E-06,2.07E-06,2.00E-06,3.61E-06,1.92E-06,2.55E-06,4.17E-06,5.35E-06,4.21E-06,2.19E-06,2.27E-06,1.65E-06,1.50E-06,6.93E-07,9.52E-07,4.31E-07,1.06E-07,4.77E-08,2.87E-08,4.59E-08,2.52E-08,2.24E-08,5.38E-08,6.12E-08,6.97E-08,4.98E-08,6.70E-08,9.93E-08,1.17E-07,1.53E-07,2.18E-07,4.18E-07,1.17E-06,1.22E-06,1.18E-06,8.59E-07,2.35E-07,2.30E-07,2.57E-07,2.41E-07,1.67E-07,2.71E-07,1.43E-07,1.04E-07,4.19E-08,5.53E-08,7.70E-08,7.75E-08,2.11E-07,2.31E-07,3.23E-07,1.86E-07,2.07E-07,1.96E-07,1.84E-07,2.19E-07,2.80E-07,3.76E-07,7.59E-07,4.03E-07,2.41E-07,4.59E-08,1.73E-07,1.96E-07,2.30E-07,2.52E-07,5.04E-08,4.96E-08,1.47E-07,1.53E-07,2.29E-07,3.03E-07,2.99E-07,2.74E-07,2.60E-07,2.78E-07,3.67E-07,4.85E-07,6.13E-07,8.35E-07,1.23E-06,2.16E-06,3.97E-06,6.96E-06,7.53E-06,6.31E-06,6.74E-06,8.88E-06,1.48E-05,2.32E-05,2.47E-05,1.92E-05,1.23E-05,1.09E-05,1.21E-05,1.95E-05,2.98E-05,4.15E-05,5.54E-05,6.76E-05,9.32E-05,0.000180966,0.00036266,0.000845236,0.002053089,0.003751713,0.006667891,0.011690162,0.023456154,0.040536366,0.064287938,0.075773597,0.070163995,0.113317639,0.191112876,0.202514663,0.123966724,0.068773486
Head 1,579,2.52E-06,3.07E-06,2.22E-06,2.37E-06,1.39E-06,1.63E-06,1.23E-06,1.18E-06,2.40E-06,2.20E-06,1.51E-06,1.76E-06,3.21E-06,1.63E-06,1.67E-06,2.44E-06,3.87E-06,4.66E-06,3.43E-06,3.56E-06,2.26E-06,1.64E-06,6.46E-07,1.15E-06,7.40E-07,2.38E-07,9.61E-08,4.06E-08,4.74E-08,2.27E-08,2.18E-08,4.92E-08,5.61E-08,5.31E-08,2.78E-08,3.95E-08,7.43E-08,9.75E-08,1.12E-07,1.22E-07,1.99E-07,6.78E-07,9.25E-07,1.24E-06,1.05E-06,2.68E-07,1.91E-07,1.90E-07,2.19E-07,2.21E-07,4.41E-07,2.39E-07,1.29E-07,3.20E-08,3.81E-08,5.95E-08,6.71E-08,1.81E-07,1.80E-07,2.12E-07,1.23E-07,1.79E-07,1.95E-07,1.70E-07,1.64E-07,1.78E-07,2.65E-07,7.76E-07,5.53E-07,3.73E-07,6.30E-08,1.64E-07,1.45E-07,1.74E-07,2.45E-07,6.72E-08,6.36E-08,1.58E-07,1.15E-07,1.45E-07,2.14E-07,2.70E-07,2.91E-07,2.66E-07,2.38E-07,2.67E-07,3.36E-07,4.35E-07,5.89E-07,7.83E-07,1.20E-06,2.16E-06,4.49E-06,6.37E-06,6.31E-06,6.36E-06,6.69E-06,9.23E-06,1.51E-05,2.30E-05,2.50E-05,1.84E-05,1.35E-05,1.05E-05,1.28E-05,1.91E-05,3.15E-05,4.97E-05,6.06E-05,7.03E-05,0.000110359,0.000199967,0.000486178,0.001263327,0.002310636,0.003614523,0.005617759,0.011879108,0.0251201,0.049429957,0.062409785,0.051501811,0.073255055,0.133044258,0.195751294,0.184935197,0.135902584,0.062705383
Head 1,580,5.54E-06,3.55E-06,2.87E-06,1.33E-06,1.67E-06,1.45E-06,1.43E-06,2.94E-06,2.54E-06,1.33E-06,1.70E-06,3.65E-06,2.03E-06,1.77E-06,1.97E-06,2.80E-06,4.19E-06,4.76E-06,6.60E-06,4.67E-06,2.96E-06,8.23E-07,1.52E-06,1.23E-06,5.80E-07,2.92E-07,1.09E-07,9.77E-08,3.15E-08,2.73E-08,5.91E-08,7.27E-08,6.44E-08,2.36E-08,2.75E-08,5.63E-08,8.94E-08,1.10E-07,1.03E-07,1.26E-07,4.12E-07,6.08E-07,1.09E-06,1.31E-06,4.33E-07,2.61E-07,1.93E-07,1.97E-07,2.49E-07,6.96E-07,5.15E-07,2.80E-07,4.36E-08,3.66E-08,5.16E-08,6.17E-08,1.75E-07,1.77E-07,1.84E-07,8.07E-08,1.32E-07,1.80E-07,1.75E-07,1.55E-07,1.32E-07,1.65E-07,6.45E-07,6.06E-07,5.54E-07,1.14E-07,2.32E-07,1.48E-07,1.38E-07,1.98E-07,7.08E-08,8.50E-08,2.22E-07,1.27E-07,1.14E-07,1.45E-07,2.03E-07,2.73E-07,2.90E-07,2.51E-07,2.39E-07,2.59E-07,3.17E-07,4.40E-07,5.69E-07,7.68E-07,1.20E-06,2.48E-06,4.17E-06,5.35E-06,6.36E-06,6.23E-06,6.76E-06,9.13E-06,1.49E-05,2.17E-05,2.26E-05,1.93E-05,1.27E-05,1.10E-05,1.27E-05,2.05E-05,3.83E-05,5.52E-05,6.46E-05,8.57E-05,0.000126007,0.000281796,0.000756258,0.001475676,0.002201107,0.002909008,0.00553091,0.012338936,0.030575933,0.047397152,0.040388152,0.050893784,0.08283174,0.132475153,0.175890312,0.203821123,0.125035003,0.08456891
Head 1,581,5.41E-06,3.82E-06,1.25E-06,1.31E-06,1.21E-06,1.37E-06,3.00E-06,2.75E-06,1.07E-06,1.22E-06,3.12E-06,1.94E-06,1.84E-06,1.77E-06,1.94E-06,2.61E-06,3.66E-06,7.43E-06,7.17E-06,5.21E-06,1.17E-06,1.80E-06,1.36E-06,7.56E-07,5.60E-07,2.62E-07,2.17E-07,4.80E-08,3.02E-08,5.72E-08,7.13E-08,6.70E-08,2.14E-08,1.84E-08,3.13E-08,5.35E-08,7.94E-08,8.03E-08,8.67E-08,2.34E-07,3.09E-07,5.86E-07,9.37E-07,4.79E-07,3.46E-07,2.17E-07,1.62E-07,1.84E-07,6.35E-07,6.70E-07,4.93E-07,7.02E-08,4.08E-08,4.13E-08,4.29E-08,1.26E-07,1.37E-07,1.44E-07,4.84E-08,7.12E-08,1.07E-07,1.26E-07,1.26E-07,9.80E-08,9.55E-08,3.87E-07,4.00E-07,4.72E-07,1.39E-07,3.05E-07,1.66E-07,1.11E-07,1.25E-07,4.29E-08,7.00E-08,2.36E-07,1.40E-07,9.84E-08,9.17E-08,1.10E-07,1.60E-07,2.10E-07,2.11E-07,1.96E-07,1.80E-07,1.88E-07,2.51E-07,3.33E-07,4.44E-07,6.24E-07,1.13E-06,1.85E-06,2.80E-06,4.36E-06,5.09E-06,5.22E-06,5.57E-06,7.67E-06,1.15E-05,1.59E-05,1.94E-05,1.49E-05,1.09E-05,8.96E-06,1.11E-05,2.02E-05,3.46E-05,4.85E-05,6.56E-05,8.11E-05,0.00014999,0.00036946,0.000754749,0.001204585,0.001520869,0.002523031,0.005096527,0.013827878,0.026316663,0.027295198,0.036977116,0.055391591,0.079036757,0.112460583,0.184826791,0.176919147,0.164628148,0.110246621
Head 1,582,4.90E-06,1.47E-06,1.13E-06,8.91E-07,1.05E-06,2.43E-06,2.64E-06,9.95E-07,9.12E-07,2.29E-06,1.40E-06,1.63E-06,1.74E-06,1.64E-06,1.68E-06,2.10E-06,5.08E-06,6.54E-06,6.64E-06,1.85E-06,2.25E-06,1.32E-06,6.52E-07,6.23E-07,4.36E-07,4.18E-07,9.03E-08,3.99E-08,5.59E-08,5.87E-08,5.87E-08,2.36E-08,1.77E-08,2.29E-08,3.44E-08,5.56E-08,6.85E-08,8.33E-08,1.83E-07,2.11E-07,3.33E-07,5.33E-07,3.78E-07,4.20E-07,3.11E-07,1.89E-07,1.54E-07,4.60E-07,5.64E-07,6.01E-07,1.27E-07,6.77E-08,4.92E-08,3.82E-08,1.00E-07,1.10E-07,1.34E-07,4.93E-08,6.09E-08,8.36E-08,1.06E-07,1.30E-07,1.18E-07,1.07E-07,3.52E-07,3.46E-07,4.29E-07,1.68E-07,4.64E-07,2.85E-07,1.63E-07,1.30E-07,3.45E-08,6.09E-08,2.50E-07,1.96E-07,1.42E-07,1.07E-07,9.68E-08,1.21E-07,1.73E-07,2.17E-07,2.34E-07,2.07E-07,1.82E-07,2.05E-07,2.59E-07,3.58E-07,5.00E-07,8.01E-07,1.14E-06,1.69E-06,3.09E-06,4.71E-06,5.74E-06,5.79E-06,7.01E-06,8.56E-06,1.20E-05,1.90E-05,2.03E-05,1.68E-05,1.15E-05,9.93E-06,1.34E-05,2.22E-05,3.72E-05,6.03E-05,7.49E-05,0.000116395,0.000232823,0.000439803,0.000751667,0.001040821,0.001649599,0.002879251,0.006860772,0.013326315,0.016703822,0.027661599,0.043523334,0.054444395,0.066949315,0.116017595,0.152932525,0.219771281,0.194445282,0.079850584
Head 1,583,2.19E-06,1.44E-06,8.57E-07,8.52E-07,1.88E-06,2.40E-06,1.11E-06,9.20E-07,2.07E-06,9.94E-07,1.27E-06,1.70E-06,1.76E-06,1.56E-06,1.50E-06,3.44E-06,4.82E-06,6.75E-06,2.98E-06,3.75E-06,1.88E-06,6.69E-07,5.91E-07,5.41E-07,7.29E-07,2.15E-07,8.42E-08,8.59E-08,6.37E-08,5.39E-08,2.51E-08,1.95E-08,2.07E-08,2.44E-08,3.46E-08,4.52E-08,6.72E-08,1.44E-07,1.68E-07,2.28E-07,3.08E-07,2.07E-07,3.37E-07,3.93E-07,2.77E-07,1.85E-07,4.09E-07,4.36E-07,5.47E-07,1.80E-07,1.23E-07,8.02E-08,4.49E-08,9.54E-08,8.30E-08,1.02E-07,4.53E-08,5.40E-08,6.35E-08,7.27E-08,9.46E-08,1.05E-07,1.11E-07,3.11E-07,2.96E-07,3.43E-07,1.25E-07,4.78E-07,3.97E-07,2.58E-07,1.75E-07,3.19E-08,4.33E-08,1.91E-07,1.91E-07,1.79E-07,1.39E-07,1.02E-07,9.37E-08,1.13E-07,1.53E-07,2.07E-07,2.15E-07,1.85E-07,1.75E-07,1.88E-07,2.48E-07,3.58E-07,5.71E-07,7.33E-07,9.52E-07,1.70E-06,3.03E-06,4.80E-06,5.77E-06,6.88E-06,6.92E-06,7.89E-06,1.28E-05,1.78E-05,2.07E-05,1.63E-05,1.18E-05,1.11E-05,1.40E-05,2.24E-05,4.28E-05,6.33E-05,9.87E-05,0.000167283,0.000256477,0.000400391,0.000588252,0.000994711,0.001697882,0.003536901,0.006131373,0.007822868,0.015949853,0.031287171,0.041719723,0.045563545,0.069487453,0.09636879,0.194029704,0.266640395,0.144880831,0.072046086
Head 1,584,2.18E-06,1.13E-06,8.48E-07,1.53E-06,1.91E-06,1.16E-06,1.06E-06,2.14E-06,8.13E-07,9.27E-07,1.38E-06,1.77E-06,1.70E-06,1.43E-06,2.60E-06,3.20E-06,4.98E-06,3.37E-06,5.65E-06,3.19E-06,9.68E-07,6.35E-07,5.45E-07,9.47E-07,4.25E-07,2.09E-07,1.85E-07,1.01E-07,6.08E-08,2.59E-08,2.21E-08,2.34E-08,2.37E-08,2.68E-08,3.07E-08,4.91E-08,1.14E-07,1.49E-07,2.04E-07,2.36E-07,1.20E-07,2.07E-07,3.61E-07,3.90E-07,2.97E-07,4.98E-07,4.06E-07,4.46E-07,1.84E-07,1.87E-07,1.53E-07,7.92E-08,1.38E-07,8.52E-08,8.55E-08,4.27E-08,5.81E-08,6.61E-08,6.63E-08,7.76E-08,9.32E-08,1.23E-07,3.19E-07,3.31E-07,3.67E-07,1.07E-07,4.58E-07,4.92E-07,4.25E-07,3.21E-07,5.39E-08,4.81E-08,1.70E-07,1.72E-07,2.08E-07,2.10E-07,1.63E-07,1.21E-07,1.07E-07,1.25E-07,1.83E-07,2.38E-07,2.44E-07,2.24E-07,2.03E-07,2.26E-07,3.07E-07,4.99E-07,6.37E-07,7.50E-07,1.17E-06,2.00E-06,3.69E-06,5.76E-06,8.06E-06,8.29E-06,7.82E-06,1.03E-05,1.45E-05,2.21E-05,2.42E-05,1.98E-05,1.55E-05,1.36E-05,1.64E-05,2.96E-05,5.13E-05,9.36E-05,0.000159333,0.000207553,0.000264155,0.000360241,0.000638548,0.001178894,0.002340568,0.003563726,0.003993622,0.00846425,0.02003463,0.032902408,0.037945066,0.051303029,0.061518472,0.131123677,0.246218115,0.204508394,0.134344906,0.058523037
Head 1,585,1.76E-06,1.14E-06,1.62E-06,1.59E-06,1.01E-06,1.12E-06,2.31E-06,8.42E-07,7.83E-07,1.03E-06,1.49E-06,1.78E-06,1.61E-06,2.46E-06,2.47E-06,3.42E-06,2.52E-06,6.24E-06,5.04E-06,1.78E-06,9.36E-07,5.91E-07,1.06E-06,5.67E-07,4.21E-07,4.42E-07,2.32E-07,1.02E-07,2.95E-08,2.29E-08,2.53E-08,2.53E-08,2.46E-08,2.21E-08,3.04E-08,7.61E-08,1.06E-07,1.68E-07,1.94E-07,7.76E-08,1.04E-07,1.99E-07,3.27E-07,3.86E-07,6.64E-07,4.73E-07,4.03E-07,1.42E-07,1.80E-07,2.14E-07,1.41E-07,2.45E-07,1.17E-07,8.08E-08,3.09E-08,4.73E-08,5.92E-08,5.74E-08,5.73E-08,6.16E-08,8.77E-08,2.38E-07,2.85E-07,3.47E-07,8.76E-08,3.43E-07,4.05E-07,4.45E-07,4.46E-07,9.36E-08,6.50E-08,1.66E-07,1.30E-07,1.59E-07,2.05E-07,2.07E-07,1.59E-07,1.13E-07,9.66E-08,1.20E-07,1.68E-07,2.17E-07,2.34E-07,2.08E-07,1.95E-07,2.26E-07,3.50E-07,4.61E-07,5.41E-07,7.61E-07,1.14E-06,2.05E-06,3.74E-06,5.89E-06,7.79E-06,7.52E-06,8.10E-06,9.36E-06,1.47E-05,2.13E-05,2.45E-05,2.20E-05,1.65E-05,1.40E-05,1.90E-05,3.17E-05,6.84E-05,0.000140007,0.000187414,0.000201674,0.00022364,0.000363104,0.000705446,0.001495009,0.002222344,0.002128086,0.004040735,0.010039931,0.020403439,0.029262003,0.042467952,0.045219943,0.086467691,0.175987229,0.199256867,0.20096229,0.114781357,0.063107215
Head 1,586,2.02E-06,2.50E-06,1.86E-06,9.40E-07,1.09E-06,2.46E-06,1.07E-06,8.98E-07,9.27E-07,1.23E-06,1.67E-06,1.88E-06,2.86E-06,2.56E-06,2.94E-06,1.75E-06,5.42E-06,6.34E-06,3.38E-06,1.96E-06,9.76E-07,1.47E-06,6.51E-07,6.39E-07,9.59E-07,6.46E-07,2.71E-07,5.33E-08,3.06E-08,3.05E-08,3.13E-08,2.98E-08,2.27E-08,2.42E-08,5.87E-08,7.58E-08,1.34E-07,1.76E-07,7.20E-08,6.99E-08,1.03E-07,1.93E-07,3.51E-07,8.31E-07,6.75E-07,5.11E-07,1.36E-07,1.55E-07,2.32E-07,2.21E-07,4.84E-07,2.41E-07,1.26E-07,2.90E-08,4.04E-08,5.45E-08,5.73E-08,5.40E-08,4.90E-08,6.22E-08,1.76E-07,2.26E-07,3.26E-07,9.36E-08,2.93E-07,3.32E-07,3.86E-07,4.93E-07,1.49E-07,1.16E-07,2.36E-07,1.34E-07,1.29E-07,1.68E-07,2.18E-07,2.17E-07,1.61E-07,1.11E-07,1.01E-07,1.20E-07,1.66E-07,2.22E-07,2.34E-07,2.14E-07,2.10E-07,2.79E-07,3.48E-07,4.17E-07,5.81E-07,7.84E-07,1.23E-06,2.18E-06,3.26E-06,5.85E-06,7.29E-06,7.92E-06,7.48E-06,9.66E-06,1.43E-05,2.17E-05,2.75E-05,2.39E-05,1.72E-05,1.65E-05,2.07E-05,4.30E-05,0.000103368,0.000168303,0.00018382,0.000171982,0.000228211,0.000408053,0.00090268,0.001428529,0.001290806,0.002106896,0.004699687,0.010080335,0.017852699,0.032534894,0.036743294,0.064204909,0.117478445,0.140142798,0.194694638,0.170352593,0.125092402,0.078836486
Head 1,587,3.41E-06,2.22E-06,8.03E-07,7.73E-07,1.76E-06,9.56E-07,8.89E-07,7.92E-07,8.53E-07,1.08E-06,1.38E-06,2.43E-06,2.24E-06,2.41E-06,1.12E-06,3.26E-06,4.42E-06,3.38E-06,2.92E-06,1.60E-06,1.99E-06,6.12E-07,5.54E-07,1.10E-06,1.03E-06,5.51E-07,1.01E-07,4.08E-08,2.96E-08,2.69E-08,2.61E-08,1.97E-08,1.78E-08,3.89E-08,4.16E-08,6.92E-08,1.01E-07,5.29E-08,4.72E-08,4.98E-08,7.61E-08,1.57E-07,5.57E-07,6.19E-07,5.50E-07,1.33E-07,1.14E-07,1.56E-07,1.82E-07,5.45E-07,3.66E-07,1.96E-07,2.90E-08,2.89E-08,3.45E-08,3.83E-08,3.91E-08,3.35E-08,3.56E-08,9.73E-08,1.14E-07,1.82E-07,7.30E-08,1.97E-07,2.17E-07,2.32E-07,3.11E-07,1.13E-07,1.30E-07,2.82E-07,1.39E-07,9.71E-08,9.83E-08,1.28E-07,1.62E-07,1.55E-07,1.12E-07,8.20E-08,7.03E-08,8.13E-08,1.17E-07,1.53E-07,1.66E-07,1.60E-07,1.83E-07,1.94E-07,2.18E-07,3.14E-07,4.29E-07,6.17E-07,9.67E-07,1.17E-06,2.41E-06,4.07E-06,5.74E-06,5.60E-06,5.97E-06,7.24E-06,1.13E-05,1.87E-05,2.27E-05,1.90E-05,1.55E-05,1.38E-05,2.16E-05,4.97E-05,9.75E-05,0.000129125,0.000123256,0.000139327,0.000206436,0.000425706,0.000707115,0.000678826,0.001074304,0.002147973,0.004158222,0.00774135,0.017771933,0.025376014,0.049814407,0.085545927,0.089412667,0.131665364,0.156442672,0.178569272,0.151957095,0.095555313
Head 1,588,2.62E-06,8.72E-07,6.32E-07,1.21E-06,6.97E-07,7.83E-07,7.39E-07,7.06E-07,7.39E-07,8.82E-07,1.77E-06,1.73E-06,1.97E-06,8.98E-07,2.02E-06,2.45E-06,2.04E-06,2.65E-06,2.19E-06,2.71E-06,7.15E-07,4.78E-07,9.43E-07,1.04E-06,7.85E-07,1.97E-07,7.23E-08,3.78E-08,2.59E-08,2.31E-08,1.84E-08,1.71E-08,3.30E-08,3.09E-08,4.26E-08,5.86E-08,3.93E-08,4.20E-08,3.87E-08,4.38E-08,7.32E-08,3.04E-07,4.29E-07,5.11E-07,1.69E-07,1.21E-07,1.22E-07,1.28E-07,4.34E-07,4.15E-07,3.03E-07,4.57E-08,3.26E-08,2.91E-08,2.95E-08,3.34E-08,3.19E-08,3.24E-08,8.02E-08,8.11E-08,1.21E-07,6.72E-08,1.76E-07,2.09E-07,2.15E-07,2.64E-07,9.05E-08,1.43E-07,3.94E-07,2.20E-07,1.32E-07,9.61E-08,9.66E-08,1.23E-07,1.50E-07,1.40E-07,1.08E-07,7.52E-08,6.48E-08,7.97E-08,1.15E-07,1.57E-07,1.79E-07,1.98E-07,1.77E-07,1.69E-07,2.29E-07,3.21E-07,4.61E-07,6.57E-07,6.48E-07,1.22E-06,2.34E-06,4.41E-06,5.55E-06,5.97E-06,6.02E-06,7.71E-06,1.29E-05,2.01E-05,2.32E-05,2.15E-05,1.59E-05,1.74E-05,2.94E-05,5.55E-05,8.83E-05,0.000103503,0.000120043,0.000155564,0.000267912,0.000415516,0.000430085,0.00072853,0.001419171,0.002360931,0.003851012,0.009081926,0.015640697,0.037565451,0.068143956,0.064050928,0.082405195,0.103189878,0.159969196,0.206146359,0.170881897,0.072710223
Head 1,589,1.35E-06,8.37E-07,1.27E-06,5.82E-07,6.83E-07,7.46E-07,7.54E-07,7.04E-07,7.09E-07,1.53E-06,1.47E-06,1.83E-06,9.93E-07,1.87E-06,1.90E-06,1.28E-06,1.94E-06,2.51E-06,4.18E-06,1.31E-06,7.03E-07,1.15E-06,1.14E-06,1.04E-06,3.89E-07,1.81E-07,8.40E-08,4.23E-08,2.84E-08,2.01E-08,1.93E-08,3.53E-08,3.31E-08,3.77E-08,4.15E-08,2.54E-08,3.37E-08,3.56E-08,3.54E-08,4.35E-08,1.72E-07,2.61E-07,4.06E-07,2.07E-07,1.77E-07,1.51E-07,1.18E-07,3.64E-07,3.99E-07,4.17E-07,8.86E-08,5.72E-08,3.75E-08,2.77E-08,2.78E-08,2.84E-08,3.06E-08,7.39E-08,6.68E-08,8.43E-08,4.58E-08,1.32E-07,1.78E-07,1.97E-07,2.31E-07,6.14E-08,1.00E-07,3.95E-07,2.98E-07,2.01E-07,1.28E-07,9.41E-08,9.33E-08,1.14E-07,1.35E-07,1.33E-07,9.66E-08,6.75E-08,6.12E-08,7.43E-08,1.09E-07,1.55E-07,2.04E-07,1.80E-07,1.48E-07,1.71E-07,2.25E-07,3.31E-07,4.70E-07,4.00E-07,6.22E-07,1.09E-06,2.34E-06,3.95E-06,5.39E-06,5.54E-06,5.88E-06,8.20E-06,1.30E-05,1.94E-05,2.49E-05,2.12E-05,1.97E-05,2.33E-05,3.33E-05,5.06E-05,7.00E-05,9.59E-05,0.00012801,0.000191157,0.000247005,0.000232633,0.000410434,0.000858545,0.001371479,0.001929248,0.004110747,0.007317543,0.021983845,0.050077204,0.050092351,0.057804357,0.063581921,0.104674362,0.186141685,0.236505657,0.132545128,0.079350479
Head 1,590,1.20E-06,1.58E-06,5.32E-07,5.19E-07,5.94E-07,6.93E-07,6.85E-07,6.22E-07,1.32E-06,1.14E-06,1.40E-06,9.12E-07,1.73E-06,1.63E-06,8.50E-07,1.10E-06,1.73E-06,4.21E-06,1.98E-06,1.17E-06,1.58E-06,1.24E-06,1.02E-06,4.57E-07,3.15E-07,1.79E-07,8.21E-08,4.07E-08,2.19E-08,1.91E-08,3.34E-08,3.49E-08,3.86E-08,3.47E-08,1.53E-08,2.09E-08,2.81E-08,3.12E-08,3.33E-08,1.07E-07,1.45E-07,2.35E-07,1.58E-07,2.06E-07,2.05E-07,1.31E-07,3.08E-07,2.95E-07,3.60E-07,1.18E-07,9.60E-08,5.84E-08,3.18E-08,2.37E-08,2.20E-08,2.57E-08,6.45E-08,5.97E-08,6.70E-08,2.89E-08,8.88E-08,1.28E-07,1.67E-07,2.12E-07,5.04E-08,6.42E-08,3.11E-07,3.01E-07,2.68E-07,1.93E-07,1.24E-07,8.94E-08,8.50E-08,1.02E-07,1.28E-07,1.19E-07,8.73E-08,6.38E-08,5.73E-08,7.16E-08,1.09E-07,1.78E-07,1.86E-07,1.51E-07,1.48E-07,1.65E-07,2.28E-07,3.34E-07,2.83E-07,3.95E-07,5.74E-07,1.14E-06,2.19E-06,3.98E-06,5.21E-06,5.61E-06,6.50E-06,8.52E-06,1.30E-05,2.16E-05,2.52E-05,2.64E-05,2.63E-05,2.66E-05,3.07E-05,4.13E-05,6.64E-05,0.000106844,0.000162584,0.000183769,0.000143361,0.000233995,0.000515756,0.000881229,0.001188295,0.002228991,0.003491399,0.011131362,0.0311503,0.03821731,0.046924539,0.046169855,0.067078739,0.127289474,0.220338047,0.184676141,0.14474678,0.072791502
Head 1,591,2.53E-06,7.47E-07,5.46E-07,5.31E-07,6.40E-07,7.22E-07,6.98E-07,1.48E-06,1.21E-06,1.29E-06,8.02E-07,1.76E-06,1.80E-06,8.67E-07,8.41E-07,1.15E-06,3.56E-06,2.31E-06,2.02E-06,2.92E-06,2.02E-06,1.30E-06,4.82E-07,4.27E-07,3.57E-07,2.04E-07,9.31E-08,3.74E-08,2.45E-08,3.73E-08,4.04E-08,4.86E-08,4.17E-08,1.28E-08,1.37E-08,1.95E-08,2.62E-08,3.09E-08,8.42E-08,1.02E-07,1.43E-07,8.89E-08,1.70E-07,2.63E-07,1.92E-07,3.69E-07,2.79E-07,3.03E-07,1.19E-07,1.41E-07,1.09E-07,5.52E-08,3.02E-08,2.08E-08,2.19E-08,5.61E-08,5.55E-08,6.29E-08,2.13E-08,6.43E-08,8.54E-08,1.21E-07,1.80E-07,4.98E-08,4.73E-08,2.30E-07,2.46E-07,2.76E-07,2.62E-07,1.92E-07,1.21E-07,8.36E-08,7.80E-08,9.78E-08,1.16E-07,1.08E-07,8.17E-08,5.91E-08,5.43E-08,6.94E-08,1.21E-07,1.57E-07,1.52E-07,1.49E-07,1.42E-07,1.68E-07,2.33E-07,1.91E-07,2.74E-07,3.55E-07,5.86E-07,1.03E-06,2.15E-06,3.73E-06,5.06E-06,5.95E-06,6.48E-06,8.23E-06,1.38E-05,2.10E-05,3.02E-05,3.45E-05,2.98E-05,2.46E-05,2.52E-05,3.86E-05,7.30E-05,0.000131239,0.00015417,0.000103286,0.000139701,0.00028271,0.000504719,0.000718021,0.001307604,0.001756583,0.005182813,0.015538749,0.022867268,0.034722365,0.036271196,0.047740486,0.081640579,0.151921988,0.17087695,0.204898,0.136378825,0.086497895
Head 1,592,1.10E-06,6.91E-07,5.17E-07,5.24E-07,6.06E-07,6.69E-07,1.49E-06,1.31E-06,1.25E-06,5.83E-07,1.47E-06,1.68E-06,9.20E-07,7.71E-07,8.08E-07,2.43E-06,1.62E-06,2.17E-06,4.33E-06,3.43E-06,1.95E-06,5.07E-07,4.12E-07,4.40E-07,3.66E-07,2.09E-07,7.81E-08,3.80E-08,4.52E-08,4.17E-08,5.24E-08,4.91E-08,1.34E-08,1.02E-08,1.17E-08,1.65E-08,2.38E-08,6.42E-08,7.67E-08,9.44E-08,4.28E-08,8.73E-08,2.03E-07,2.23E-07,4.47E-07,3.03E-07,2.62E-07,8.88E-08,1.33E-07,1.48E-07,9.50E-08,4.86E-08,2.50E-08,1.98E-08,4.67E-08,4.46E-08,5.47E-08,1.80E-08,5.03E-08,5.70E-08,7.52E-08,1.22E-07,4.72E-08,4.10E-08,1.71E-07,1.81E-07,2.15E-07,2.50E-07,2.42E-07,1.74E-07,1.05E-07,7.19E-08,7.06E-08,8.41E-08,9.90E-08,9.51E-08,7.19E-08,5.34E-08,5.02E-08,7.42E-08,1.03E-07,1.23E-07,1.43E-07,1.37E-07,1.38E-07,1.64E-07,1.15E-07,1.76E-07,2.33E-07,3.46E-07,5.03E-07,9.71E-07,1.91E-06,3.44E-06,5.07E-06,5.62E-06,5.97E-06,8.36E-06,1.28E-05,2.37E-05,3.72E-05,3.68E-05,2.60E-05,1.92E-05,2.24E-05,4.04E-05,8.36E-05,0.000118209,8.21E-05,9.59E-05,0.000161334,0.00026619,0.000394922,0.00076532,0.000979552,0.002598535,0.007164515,0.010775377,0.019965041,0.025679044,0.036463216,0.057459511,0.096257195,0.11327412,0.186567396,0.186080337,0.156887919,0.097591162
Head 1,593,9.94E-07,6.42E-07,4.95E-07,4.80E-07,5.41E-07,1.28E-06,1.37E-06,1.34E-06,4.58E-07,1.17E-06,1.35E-06,8.50E-07,7.85E-07,7.24E-07,1.76E-06,9.34E-07,1.47E-06,4.31E-06,4.72E-06,3.10E-06,6.78E-07,4.07E-07,4.04E-07,4.27E-07,3.54E-07,1.67E-07,7.46E-08,7.01E-08,4.73E-08,5.17E-08,5.16E-08,1.63E-08,1.02E-08,8.51E-09,1.01E-08,1.55E-08,4.59E-08,5.97E-08,7.30E-08,2.59E-08,4.09E-08,1.06E-07,1.72E-07,4.49E-07,3.47E-07,2.72E-07,7.12E-08,9.86E-08,1.36E-07,1.26E-07,8.15E-08,3.95E-08,2.36E-08,4.65E-08,3.61E-08,4.39E-08,1.66E-08,4.49E-08,4.56E-08,5.06E-08,7.67E-08,3.80E-08,3.90E-08,1.39E-07,1.47E-07,1.62E-07,1.92E-07,2.29E-07,2.17E-07,1.50E-07,8.99E-08,6.52E-08,6.12E-08,7.25E-08,8.75E-08,8.47E-08,6.56E-08,5.00E-08,5.49E-08,6.41E-08,8.15E-08,1.19E-07,1.34E-07,1.35E-07,1.36E-07,7.32E-08,1.08E-07,1.53E-07,2.32E-07,3.03E-07,4.90E-07,8.82E-07,1.81E-06,3.50E-06,4.89E-06,5.28E-06,6.20E-06,7.89E-06,1.48E-05,2.95E-05,3.94E-05,3.17E-05,2.02E-05,1.69E-05,2.33E-05,4.56E-05,7.58E-05,6.44E-05,7.71E-05,0.000112727,0.000155175,0.000214157,0.000431948,0.000586174,0.001520728,0.003715075,0.004893499,0.009394595,0.014565865,0.025618721,0.043654483,0.06675867,0.069169804,0.122306265,0.162619039,0.206731379,0.170002744,0.097041659
Head 1,594,9.75E-07,6.47E-07,4.80E-07,4.53E-07,1.04E-06,1.31E-06,1.53E-06,4.77E-07,1.14E-06,1.16E-06,6.93E-07,7.81E-07,8.07E-07,1.66E-06,6.73E-07,9.02E-07,3.30E-06,4.84E-06,4.53E-06,1.19E-06,5.76E-07,4.29E-07,4.24E-07,4.49E-07,3.09E-07,1.72E-07,1.54E-07,7.98E-08,6.45E-08,5.67E-08,2.08E-08,1.34E-08,8.89E-09,7.96E-09,1.04E-08,3.32E-08,4.54E-08,6.16E-08,2.21E-08,2.51E-08,5.18E-08,9.58E-08,3.53E-07,3.62E-07,3.31E-07,8.15E-08,8.68E-08,1.09E-07,1.25E-07,1.16E-07,7.09E-08,4.01E-08,6.77E-08,3.84E-08,3.81E-08,1.50E-08,4.30E-08,4.45E-08,4.35E-08,5.58E-08,2.64E-08,3.45E-08,1.18E-07,1.34E-07,1.43E-07,1.54E-07,1.87E-07,2.21E-07,2.02E-07,1.38E-07,8.73E-08,6.05E-08,5.66E-08,6.88E-08,8.36E-08,8.28E-08,6.54E-08,5.84E-08,5.08E-08,5.41E-08,8.45E-08,1.18E-07,1.42E-07,1.42E-07,5.90E-08,7.38E-08,1.01E-07,1.64E-07,2.20E-07,3.18E-07,4.76E-07,9.01E-07,1.97E-06,3.62E-06,4.85E-06,5.75E-06,6.08E-06,9.47E-06,1.92E-05,3.27E-05,3.55E-05,2.58E-05,1.86E-05,1.86E-05,2.76E-05,4.40E-05,4.47E-05,6.35E-05,9.57E-05,0.000113791,0.00013232,0.000244172,0.000343626,0.000944019,0.002219706,0.002515609,0.004283512,0.006856394,0.014645449,0.030926922,0.050444018,0.047078896,0.074768558,0.104198091,0.178865835,0.220513687,0.165045425,0.095363967
Head 1,595,9.66E-07,6.20E-07,4.44E-07,8.76E-07,1.05E-06,1.47E-06,5.34E-07,1.25E-06,1.11E-06,5.01E-07,6.12E-07,7.97E-07,1.70E-06,6.26E-07,6.36E-07,2.27E-06,3.59E-06,4.70E-06,1.86E-06,1.02E-06,6.15E-07,4.58E-07,4.56E-07,3.98E-07,3.22E-07,3.62E-07,1.88E-07,1.17E-07,7.65E-08,2.48E-08,1.70E-08,1.06E-08,7.64E-09,7.47E-09,2.34E-08,2.93E-08,4.25E-08,1.81E-08,1.81E-08,2.70E-08,4.18E-08,1.95E-07,2.57E-07,3.25E-07,1.02E-07,9.57E-08,9.38E-08,9.87E-08,1.12E-07,9.78E-08,6.95E-08,1.21E-07,5.51E-08,3.89E-08,1.14E-08,3.52E-08,3.81E-08,3.70E-08,4.14E-08,1.43E-08,2.04E-08,7.34E-08,9.28E-08,1.07E-07,1.10E-07,1.18E-07,1.45E-07,1.68E-07,1.53E-07,1.11E-07,6.79E-08,4.73E-08,4.56E-08,5.54E-08,6.88E-08,6.90E-08,6.44E-08,4.56E-08,3.55E-08,4.63E-08,6.84E-08,1.01E-07,1.20E-07,4.36E-08,4.66E-08,5.49E-08,8.67E-08,1.25E-07,1.85E-07,2.47E-07,3.94E-07,7.98E-07,1.67E-06,2.90E-06,4.28E-06,4.56E-06,6.00E-06,1.03E-05,1.78E-05,2.44E-05,2.40E-05,1.99E-05,1.75E-05,1.92E-05,2.36E-05,2.28E-05,3.75E-05,6.76E-05,8.20E-05,8.31E-05,0.000127403,0.000162185,0.000465115,0.001164482,0.001246725,0.001838341,0.002613174,0.005927862,0.015795132,0.032626312,0.032593381,0.04805471,0.059611835,0.110515125,0.186261013,0.210072279,0.160570502,0.129849911
Head 1,596,7.96E-07,4.81E-07,7.54E-07,7.23E-07,1.00E-06,4.66E-07,1.17E-06,1.01E-06,3.42E-07,3.70E-07,5.42E-07,1.36E-06,5.74E-07,5.07E-07,1.46E-06,1.99E-06,2.87E-06,1.63E-06,1.34E-06,8.88E-07,5.27E-07,3.95E-07,3.24E-07,3.34E-07,5.21E-07,3.42E-07,2.04E-07,1.01E-07,2.42E-08,1.62E-08,1.11E-08,8.05E-09,6.57E-09,1.82E-08,1.92E-08,2.59E-08,1.30E-08,1.49E-08,1.88E-08,2.14E-08,9.45E-08,1.28E-07,2.02E-07,9.79E-08,1.07E-07,8.87E-08,7.06E-08,7.42E-08,7.98E-08,8.12E-08,1.74E-07,8.37E-08,4.73E-08,9.05E-09,2.72E-08,2.92E-08,3.13E-08,3.56E-08,9.72E-09,1.24E-08,4.52E-08,5.90E-08,7.97E-08,8.83E-08,8.84E-08,9.76E-08,1.17E-07,1.33E-07,1.27E-07,8.81E-08,5.39E-08,3.87E-08,3.74E-08,4.71E-08,5.95E-08,7.07E-08,5.26E-08,3.36E-08,3.27E-08,4.08E-08,6.43E-08,9.46E-08,3.77E-08,3.89E-08,3.82E-08,5.10E-08,7.17E-08,1.13E-07,1.56E-07,2.24E-07,3.83E-07,7.44E-07,1.45E-06,2.79E-06,3.70E-06,4.94E-06,7.10E-06,1.04E-05,1.42E-05,1.74E-05,1.93E-05,1.92E-05,1.82E-05,1.63E-05,1.24E-05,1.98E-05,4.23E-05,6.14E-05,6.49E-05,8.72E-05,9.29E-05,0.000247306,0.000647645,0.000739008,0.001037151,0.001263295,0.002552371,0.007128245,0.017980276,0.021972273,0.034488305,0.038730066,0.064412624,0.11548914,0.174336329,0.197353795,0.208425954,0.112652212
Head 1,597,5.49E-07,7.56E-07,5.52E-07,6.17E-07,3.03E-07,8.41E-07,8.26E-07,2.67E-07,2.34E-07,3.04E-07,8.98E-07,4.34E-07,4.32E-07,1.06E-06,1.19E-06,1.51E-06,9.12E-07,1.14E-06,1.13E-06,7.23E-07,4.31E-07,2.65E-07,2.55E-07,5.03E-07,4.54E-07,3.36E-07,1.62E-07,2.82E-08,1.45E-08,9.30E-09,7.07E-09,5.64E-09,1.40E-08,1.31E-08,1.45E-08,6.47E-09,9.13E-09,1.28E-08,1.25E-08,4.59E-08,5.57E-08,9.03E-08,5.67E-08,9.45E-08,9.07E-08,6.07E-08,4.92E-08,4.87E-08,6.10E-08,1.74E-07,1.12E-07,6.60E-08,8.75E-09,2.20E-08,1.90E-08,2.03E-08,2.51E-08,6.71E-09,7.18E-09,2.51E-08,2.93E-08,4.24E-08,5.53E-08,5.96E-08,6.18E-08,6.73E-08,7.93E-08,9.44E-08,8.60E-08,5.99E-08,3.78E-08,2.73E-08,2.72E-08,3.45E-08,5.07E-08,4.80E-08,3.21E-08,2.55E-08,2.35E-08,3.10E-08,4.85E-08,2.23E-08,2.72E-08,2.64E-08,2.99E-08,3.60E-08,5.55E-08,8.21E-08,1.21E-07,1.90E-07,3.16E-07,5.76E-07,1.25E-06,2.15E-06,3.58E-06,5.21E-06,6.56E-06,7.46E-06,9.08E-06,1.25E-05,1.66E-05,1.77E-05,1.39E-05,7.70E-06,9.44E-06,1.94E-05,3.31E-05,4.21E-05,5.93E-05,5.51E-05,0.000124248,0.000302119,0.000359859,0.000533478,0.00062253,0.001116817,0.002877649,0.007759448,0.011479054,0.022359222,0.02697221,0.041634072,0.067741945,0.109070078,0.164481774,0.258957654,0.181113631,0.102151215
Head 1,598,9.73E-07,6.36E-07,5.39E-07,2.16E-07,6.05E-07,6.87E-07,2.69E-07,2.11E-07,2.14E-07,6.61E-07,3.07E-07,3.80E-07,9.47E-07,9.65E-07,1.01E-06,4.92E-07,7.26E-07,1.11E-06,1.03E-06,6.57E-07,3.25E-07,2.38E-07,4.70E-07,4.98E-07,5.02E-07,3.06E-07,5.12E-08,1.97E-08,1.01E-08,7.26E-09,6.16E-09,1.43E-08,1.35E-08,1.25E-08,4.03E-09,5.94E-09,1.01E-08,1.05E-08,3.21E-08,3.41E-08,4.69E-08,2.75E-08,6.67E-08,9.49E-08,7.13E-08,4.87E-08,3.73E-08,4.35E-08,1.46E-07,1.33E-07,1.05E-07,1.39E-08,2.90E-08,1.85E-08,1.63E-08,2.04E-08,6.35E-09,6.33E-09,2.04E-08,2.00E-08,2.64E-08,3.76E-08,4.74E-08,5.22E-08,5.27E-08,5.64E-08,7.00E-08,7.96E-08,7.26E-08,5.18E-08,3.29E-08,2.45E-08,2.46E-08,3.63E-08,4.31E-08,3.72E-08,3.09E-08,2.33E-08,2.28E-08,3.02E-08,1.39E-08,2.10E-08,2.39E-08,2.65E-08,2.67E-08,3.52E-08,5.08E-08,7.98E-08,1.28E-07,1.91E-07,2.98E-07,6.00E-07,1.17E-06,2.51E-06,4.46E-06,5.78E-06,5.56E-06,5.65E-06,7.74E-06,1.28E-05,1.78E-05,1.59E-05,7.72E-06,6.87E-06,1.09E-05,1.79E-05,2.71E-05,4.62E-05,4.44E-05,8.82E-05,0.000180098,0.000200014,0.000306892,0.000375216,0.000642312,0.001448593,0.003519157,0.005395407,0.012793681,0.018656148,0.030762868,0.04563009,0.066180758,0.105804935,0.2252381,0.229480147,0.166841164,0.086197175
Head 1,599,7.69E-07,5.75E-07,1.74E-07,4.10E-07,4.62E-07,2.37E-07,2.05E-07,1.79E-07,5.16E-07,1.91E-07,2.59E-07,7.47E-07,7.96E-07,7.76E-07,3.02E-07,3.77E-07,6.91E-07,9.60E-07,8.71E-07,4.63E-07,2.72E-07,4.36E-07,4.14E-07,4.82E-07,4.05E-07,9.15E-08,3.24E-08,1.26E-08,7.10E-09,5.73E-09,1.25E-08,1.33E-08,1.22E-08,2.98E-09,3.61E-09,6.59E-09,8.15E-09,2.34E-08,2.46E-08,2.88E-08,1.26E-08,3.24E-08,6.67E-08,7.26E-08,5.58E-08,3.59E-08,3.24E-08,9.82E-08,1.03E-07,1.16E-07,2.23E-08,4.40E-08,2.29E-08,1.49E-08,1.56E-08,5.41E-09,6.05E-09,1.86E-08,1.66E-08,1.82E-08,2.39E-08,3.32E-08,4.23E-08,4.55E-08,4.55E-08,5.18E-08,6.13E-08,6.90E-08,6.39E-08,4.61E-08,3.01E-08,2.24E-08,2.58E-08,3.07E-08,3.35E-08,3.55E-08,2.81E-08,2.25E-08,2.24E-08,8.26E-09,1.33E-08,1.91E-08,2.52E-08,2.48E-08,2.76E-08,3.39E-08,5.13E-08,8.67E-08,1.33E-07,1.89E-07,3.25E-07,5.86E-07,1.41E-06,3.18E-06,5.09E-06,5.06E-06,4.41E-06,5.00E-06,8.18E-06,1.40E-05,1.64E-05,9.22E-06,7.03E-06,8.00E-06,1.01E-05,1.49E-05,3.00E-05,3.54E-05,7.37E-05,0.000132704,0.000126068,0.000179906,0.000230902,0.000419683,0.000913527,0.001942157,0.00265907,0.006622115,0.011416803,0.022869317,0.035926793,0.047581695,0.068193063,0.155819982,0.208082899,0.220651209,0.147578269,0.068387434
Head 1,600,7.64E-07,2.04E-07,3.86E-07,3.54E-07,1.90E-07,1.96E-07,1.80E-07,5.03E-07,1.50E-07,1.78E-07,5.95E-07,6.80E-07,7.11E-07,2.65E-07,2.51E-07,3.99E-07,6.57E-07,8.85E-07,6.71E-07,4.28E-07,5.85E-07,4.46E-07,4.71E-07,4.64E-07,1.52E-07,6.81E-08,2.45E-08,1.06E-08,6.70E-09,1.27E-08,1.39E-08,1.40E-08,3.13E-09,2.76E-09,4.21E-09,5.43E-09,1.66E-08,1.86E-08,2.14E-08,7.26E-09,1.47E-08,3.36E-08,5.31E-08,5.90E-08,4.35E-08,3.41E-08,8.19E-08,7.69E-08,1.01E-07,3.00E-08,7.15E-08,3.98E-08,2.07E-08,1.57E-08,4.33E-09,5.29E-09,1.67E-08,1.54E-08,1.50E-08,1.64E-08,2.11E-08,2.87E-08,3.51E-08,3.70E-08,3.98E-08,4.37E-08,5.15E-08,5.89E-08,5.52E-08,4.10E-08,2.69E-08,2.33E-08,2.20E-08,2.40E-08,3.16E-08,3.18E-08,2.66E-08,2.19E-08,5.52E-09,7.38E-09,1.12E-08,1.83E-08,2.14E-08,2.38E-08,2.50E-08,3.26E-08,5.29E-08,8.51E-08,1.24E-07,1.95E-07,3.02E-07,6.78E-07,1.71E-06,3.41E-06,4.17E-06,3.75E-06,3.60E-06,4.97E-06,8.44E-06,1.23E-05,9.20E-06,8.02E-06,7.97E-06,7.40E-06,8.40E-06,1.62E-05,2.26E-05,5.70E-05,0.000107898,9.15E-05,0.000109792,0.000129523,0.000241177,0.000552971,0.001132845,0.001366488,0.00317352,0.005661282,0.013778162,0.026446,0.037458707,0.049580339,0.105676591,0.149200842,0.20834893,0.202139333,0.120518349,0.074092738
Head 1,601,3.12E-07,5.22E-07,3.72E-07,1.60E-07,1.73E-07,1.85E-07,5.38E-07,1.58E-07,1.51E-07,5.15E-07,5.80E-07,6.66E-07,2.82E-07,2.33E-07,2.83E-07,4.11E-07,6.60E-07,7.43E-07,6.77E-07,9.89E-07,6.81E-07,5.85E-07,5.27E-07,1.98E-07,1.30E-07,5.85E-08,2.38E-08,1.17E-08,1.80E-08,1.70E-08,1.79E-08,4.53E-09,3.25E-09,3.66E-09,4.06E-09,1.32E-08,1.50E-08,1.87E-08,6.21E-09,9.21E-09,1.73E-08,3.08E-08,4.87E-08,5.17E-08,4.65E-08,9.34E-08,7.19E-08,8.68E-08,3.10E-08,1.01E-07,7.60E-08,4.15E-08,2.53E-08,4.61E-09,5.15E-09,1.64E-08,1.63E-08,1.64E-08,1.57E-08,1.69E-08,2.11E-08,2.75E-08,3.28E-08,3.69E-08,3.82E-08,4.20E-08,5.01E-08,5.78E-08,5.56E-08,4.13E-08,3.17E-08,2.28E-08,2.01E-08,2.69E-08,3.37E-08,3.61E-08,3.13E-08,6.06E-09,6.01E-09,7.60E-09,1.30E-08,1.88E-08,2.46E-08,2.54E-08,2.85E-08,3.97E-08,6.14E-08,9.24E-08,1.48E-07,2.10E-07,4.06E-07,9.58E-07,2.07E-06,3.17E-06,3.49E-06,3.40E-06,4.03E-06,5.76E-06,8.35E-06,7.76E-06,9.01E-06,1.02E-05,8.27E-06,7.01E-06,1.05E-05,1.41E-05,4.13E-05,9.31E-05,8.35E-05,8.85E-05,8.83E-05,0.000149242,0.000347185,0.000730283,0.000838992,0.001744281,0.00282224,0.007250693,0.016742367,0.028455926,0.039982054,0.079904199,0.103179894,0.152649239,0.193700135,0.165356085,0.130329281,0.075311571
Head 1,602,7.99E-07,5.08E-07,1.58E-07,1.46E-07,1.65E-07,5.16E-07,1.82E-07,1.55E-07,4.94E-07,5.06E-07,5.77E-07,2.75E-07,2.51E-07,2.63E-07,2.91E-07,4.10E-07,5.46E-07,7.31E-07,1.45E-06,1.13E-06,8.82E-07,6.37E-07,1.97E-07,1.66E-07,1.08E-07,5.53E-08,2.57E-08,3.33E-08,2.37E-08,2.20E-08,6.18E-09,4.31E-09,3.84E-09,3.32E-09,1.09E-08,1.11E-08,1.43E-08,5.43E-09,6.85E-09,9.44E-09,1.42E-08,2.50E-08,3.81E-08,5.00E-08,1.07E-07,7.58E-08,7.55E-08,2.34E-08,9.71E-08,1.03E-07,7.58E-08,4.81E-08,6.04E-09,5.13E-09,1.52E-08,1.44E-08,1.57E-08,1.50E-08,1.41E-08,1.48E-08,1.78E-08,2.24E-08,2.79E-08,2.99E-08,3.09E-08,3.41E-08,4.12E-08,4.94E-08,4.78E-08,4.17E-08,2.67E-08,1.78E-08,1.93E-08,2.44E-08,3.26E-08,3.63E-08,6.56E-09,5.35E-09,5.01E-09,7.03E-09,1.07E-08,1.71E-08,2.06E-08,2.29E-08,2.78E-08,3.77E-08,5.45E-08,9.14E-08,1.32E-07,2.37E-07,4.97E-07,9.94E-07,1.67E-06,2.31E-06,2.74E-06,3.30E-06,4.00E-06,4.87E-06,4.41E-06,6.39E-06,9.66E-06,8.99E-06,6.75E-06,7.50E-06,7.91E-06,2.24E-05,5.91E-05,6.44E-05,7.11E-05,6.32E-05,9.01E-05,0.000192699,0.000410069,0.000480236,0.000951389,0.001361006,0.003271277,0.00816165,0.016754,0.028518919,0.062284991,0.074823737,0.100591965,0.136025056,0.152250722,0.176757902,0.132107809,0.104600489
Head 1,603,4.65E-07,1.96E-07,1.07E-07,7.13E-08,1.38E-07,9.47E-08,8.78E-08,1.60E-07,1.36E-07,1.10E-07,6.73E-08,8.91E-08,1.17E-07,1.05E-07,8.82E-08,7.62E-08,9.57E-08,2.14E-07,2.40E-07,2.33E-07,1.57E-07,5.55E-08,4.98E-08,5.23E-08,5.10E-08,3.22E-08,2.87E-08,1.76E-08,1.04E-08,1.94E-09,1.60E-09,2.01E-09,1.93E-09,3.01E-09,2.20E-09,2.76E-09,3.03E-09,4.45E-09,5.35E-09,5.84E-09,8.07E-09,1.34E-08,2.97E-08,7.21E-08,6.72E-08,6.00E-08,1.77E-08,2.67E-08,2.74E-08,2.56E-08,2.05E-08,3.25E-09,1.48E-09,2.66E-09,2.34E-09,3.74E-09,6.22E-09,7.89E-09,7.58E-09,6.30E-09,5.48E-09,6.08E-09,7.10E-09,7.92E-09,8.06E-09,8.05E-09,9.39E-09,1.23E-08,1.82E-08,1.78E-08,1.24E-08,1.02E-08,8.86E-09,1.01E-08,1.27E-08,3.48E-09,2.78E-09,1.68E-09,1.27E-09,1.30E-09,2.09E-09,3.59E-09,5.44E-09,6.77E-09,7.16E-09,8.02E-09,1.31E-08,2.30E-08,5.12E-08,1.05E-07,1.49E-07,1.60E-07,1.72E-07,2.27E-07,3.57E-07,5.25E-07,6.36E-07,5.23E-07,9.65E-07,2.80E-06,5.81E-06,7.64E-06,9.77E-06,7.64E-06,1.56E-05,3.75E-05,4.19E-05,5.10E-05,3.80E-05,3.74E-05,5.53E-05,0.000113703,0.000171594,0.000550073,0.001210196,0.003412433,0.008411523,0.017476166,0.03364338,0.088283703,0.102140732,0.100580953,0.087716736,0.073008873,0.096930981,0.114220321,0.148107618,0.123702705
Head 1,604,2.07E-07,1.27E-07,7.12E-08,1.02E-07,5.94E-08,6.40E-08,1.28E-07,1.31E-07,9.39E-08,3.50E-08,4.08E-08,6.83E-08,8.13E-08,7.43E-08,5.52E-08,5.50E-08,1.31E-07,1.74E-07,2.22E-07,1.75E-07,5.21E-08,3.16E-08,2.74E-08,3.28E-08,3.57E-08,4.23E-08,3.26E-08,1.76E-08,2.13E-09,1.17E-09,1.30E-09,1.42E-09,2.72E-09,1.81E-09,1.60E-09,1.26E-09,2.27E-09,3.23E-09,3.48E-09,3.88E-09,4.85E-09,9.89E-09,3.48E-08,4.44E-08,5.31E-08,1.88E-08,2.39E-08,2.07E-08,2.00E-08,2.10E-08,5.18E-09,2.24E-09,3.02E-09,1.67E-09,1.75E-09,2.69E-09,4.33E-09,5.60E-09,5.29E-09,4.20E-09,3.88E-09,4.12E-09,4.86E-09,5.51E-09,5.61E-09,5.83E-09,6.72E-09,1.03E-08,1.23E-08,1.08E-08,9.70E-09,7.45E-09,6.93E-09,8.11E-09,2.34E-09,2.60E-09,1.98E-09,1.34E-09,9.35E-10,1.03E-09,1.56E-09,2.80E-09,4.60E-09,5.52E-09,5.48E-09,6.83E-09,9.83E-09,2.24E-08,5.48E-08,9.34E-08,1.01E-07,9.62E-08,1.17E-07,1.90E-07,3.13E-07,3.89E-07,2.75E-07,3.79E-07,9.18E-07,2.10E-06,3.87E-06,6.89E-06,6.00E-06,1.03E-05,1.91E-05,2.01E-05,2.92E-05,2.93E-05,3.39E-05,4.30E-05,6.14E-05,6.43E-05,0.000174024,0.000396264,0.001292053,0.003523384,0.007580504,0.015428578,0.048544295,0.071169637,0.082543485,0.073919795,0.054509785,0.067033932,0.084762,0.139797628,0.240649551,0.108340017
Head 1,605,2.71E-07,1.74E-07,3.60E-07,1.26E-07,1.48E-07,4.77E-07,5.49E-07,4.71E-07,1.23E-07,1.35E-07,2.19E-07,2.74E-07,2.67E-07,2.06E-07,2.14E-07,6.97E-07,1.03E-06,1.75E-06,1.84E-06,4.33E-07,2.13E-07,1.25E-07,1.10E-07,1.14E-07,2.34E-07,1.61E-07,8.49E-08,1.26E-08,7.53E-09,6.65E-09,5.20E-09,1.35E-08,1.09E-08,9.09E-09,2.57E-09,4.37E-09,6.30E-09,6.30E-09,6.09E-09,6.42E-09,1.08E-08,4.73E-08,6.18E-08,8.43E-08,2.49E-08,6.75E-08,6.11E-08,6.94E-08,9.88E-08,2.67E-08,2.05E-08,4.48E-08,2.09E-08,1.42E-08,1.30E-08,1.39E-08,1.45E-08,1.36E-08,1.23E-08,1.29E-08,1.51E-08,1.93E-08,2.37E-08,2.65E-08,2.90E-08,3.30E-08,4.65E-08,5.19E-08,4.42E-08,3.57E-08,2.44E-08,2.01E-08,2.30E-08,6.01E-09,7.91E-09,8.48E-09,7.62E-09,6.14E-09,6.49E-09,8.75E-09,1.44E-08,2.43E-08,3.24E-08,3.43E-08,4.01E-08,4.95E-08,8.98E-08,1.83E-07,3.11E-07,3.94E-07,4.81E-07,7.56E-07,1.56E-06,2.94E-06,3.84E-06,2.54E-06,2.53E-06,3.88E-06,5.70E-06,7.78E-06,1.11E-05,8.55E-06,1.15E-05,1.64E-05,1.71E-05,2.64E-05,3.63E-05,5.95E-05,0.000101619,0.000151882,0.000147552,0.000275999,0.000394929,0.000831833,0.001653912,0.002958002,0.005811903,0.019764638,0.034548026,0.05240025,0.062549204,0.062720433,0.096677318,0.149516791,0.287243456,0.076578408,0.053618044,0.091823705
Head 1,606,1.02E-07,1.26E-07,4.15E-08,2.97E-08,5.30E-08,7.68E-08,7.98E-08,2.57E-08,1.65E-08,1.90E-08,2.63E-08,3.69E-08,3.77E-08,3.56E-08,6.29E-08,7.57E-08,1.10E-07,1.28E-07,5.89E-08,3.55E-08,1.82E-08,1.26E-08,1.41E-08,2.86E-08,4.42E-08,4.89E-08,8.63E-09,2.17E-09,9.02E-10,6.58E-10,1.69E-09,1.58E-09,1.33E-09,4.65E-10,6.32E-10,9.30E-10,1.19E-09,1.48E-09,1.46E-09,1.76E-09,6.23E-09,9.39E-09,1.76E-08,1.32E-08,2.35E-08,1.89E-08,1.39E-08,1.32E-08,4.88E-09,3.88E-09,6.18E-09,3.16E-09,1.54E-09,9.65E-10,9.82E-10,1.45E-09,2.27E-09,2.75E-09,2.64E-09,2.12E-09,1.88E-09,2.06E-09,2.50E-09,2.96E-09,3.11E-09,3.73E-09,4.06E-09,4.48E-09,6.10E-09,6.41E-09,5.70E-09,4.84E-09,8.77E-10,1.05E-09,1.36E-09,1.57E-09,1.24E-09,8.48E-10,6.22E-10,6.70E-10,1.12E-09,2.06E-09,3.08E-09,3.88E-09,3.70E-09,5.28E-09,1.06E-08,2.28E-08,3.57E-08,4.05E-08,4.42E-08,5.86E-08,9.23E-08,1.32E-07,1.10E-07,1.29E-07,2.00E-07,2.86E-07,4.87E-07,1.31E-06,2.21E-06,5.66E-06,9.58E-06,7.00E-06,7.31E-06,8.21E-06,1.53E-05,3.02E-05,4.22E-05,2.71E-05,3.55E-05,4.52E-05,0.000129242,0.000421043,0.001147956,0.002712973,0.009759217,0.017452924,0.028410111,0.037705246,0.033869404,0.038389698,0.040320888,0.06673947,0.314811409,0.279833168,0.065226711,0.062830582
Head 1,607,1.52E-07,5.76E-08,3.35E-08,4.49E-08,5.38E-08,6.24E-08,2.87E-08,1.85E-08,1.59E-08,1.74E-08,2.34E-08,2.83E-08,3.43E-08,5.56E-08,6.53E-08,8.46E-08,9.31E-08,4.56E-08,3.76E-08,2.28E-08,1.33E-08,1.05E-08,1.85E-08,2.78E-08,4.43E-08,1.68E-08,5.16E-09,1.51E-09,6.63E-10,1.38E-09,1.31E-09,1.28E-09,4.45E-10,5.03E-10,6.06E-10,6.97E-10,9.15E-10,1.03E-09,1.21E-09,3.32E-09,4.69E-09,8.41E-09,6.43E-09,1.77E-08,1.87E-08,1.51E-08,1.28E-08,4.01E-09,3.46E-09,6.79E-09,4.93E-09,2.65E-09,1.27E-09,7.93E-10,7.81E-10,1.13E-09,1.71E-09,2.22E-09,2.03E-09,1.63E-09,1.48E-09,1.63E-09,2.06E-09,2.43E-09,2.95E-09,2.87E-09,2.83E-09,3.93E-09,4.98E-09,5.54E-09,5.10E-09,7.71E-10,7.21E-10,8.36E-10,1.11E-09,1.20E-09,1.02E-09,6.81E-10,5.09E-10,5.79E-10,9.37E-10,1.66E-09,2.79E-09,3.08E-09,3.88E-09,5.95E-09,1.06E-08,1.72E-08,2.41E-08,3.09E-08,4.14E-08,5.79E-08,7.50E-08,6.46E-08,8.54E-08,1.38E-07,1.66E-07,2.10E-07,4.70E-07,8.62E-07,3.06E-06,7.12E-06,5.89E-06,5.21E-06,4.57E-06,7.81E-06,1.85E-05,3.44E-05,2.64E-05,3.06E-05,2.72E-05,5.45E-05,0.000150342,0.000430277,0.001189532,0.004850894,0.009038265,0.015261859,0.023131447,0.025894705,0.034851007,0.037450623,0.056399263,0.222297147,0.305523664,0.066250697,0.138546288,0.058505125
Head 1,608,2.55E-07,1.65E-07,3.87E-07,4.00E-07,4.52E-07,1.70E-07,1.38E-07,1.33E-07,1.43E-07,1.79E-07,2.00E-07,2.25E-07,4.86E-07,4.56E-07,5.84E-07,7.68E-07,4.09E-07,5.09E-07,4.22E-07,2.52E-07,1.55E-07,3.46E-07,3.52E-07,3.86E-07,1.01E-07,5.19E-08,2.64E-08,1.24E-08,2.16E-08,1.74E-08,1.70E-08,3.95E-09,3.25E-09,3.30E-09,3.39E-09,4.04E-09,4.37E-09,4.86E-09,1.40E-08,1.38E-08,2.06E-08,1.14E-08,5.74E-08,6.91E-08,6.74E-08,6.68E-08,1.61E-08,2.12E-08,9.19E-08,8.92E-08,6.92E-08,3.98E-08,2.20E-08,1.45E-08,1.26E-08,1.26E-08,1.31E-08,1.20E-08,1.07E-08,1.08E-08,1.29E-08,1.75E-08,2.23E-08,2.92E-08,2.96E-08,2.96E-08,3.90E-08,4.52E-08,4.61E-08,3.88E-08,6.73E-09,4.69E-09,4.38E-09,5.65E-09,7.38E-09,8.64E-09,7.94E-09,6.99E-09,7.85E-09,1.16E-08,1.87E-08,3.17E-08,3.97E-08,5.34E-08,7.67E-08,1.06E-07,1.37E-07,1.68E-07,2.17E-07,3.36E-07,5.77E-07,9.55E-07,1.06E-06,1.65E-06,2.68E-06,2.82E-06,2.65E-06,3.80E-06,4.61E-06,1.12E-05,2.00E-05,1.55E-05,1.24E-05,9.94E-06,1.46E-05,3.42E-05,7.43E-05,8.87E-05,0.000141133,0.000146576,0.00024818,0.000470792,0.000844928,0.001518993,0.00449102,0.006807628,0.011801962,0.01967415,0.02816416,0.050418865,0.070160396,0.133999556,0.046304416,0.074330859,0.267705888,0.084105544,0.06174323,0.136609584
Head 1,609,2.13E-07,4.42E-07,3.60E-07,3.33E-07,1.29E-07,1.24E-07,1.24E-07,1.18E-07,1.23E-07,1.30E-07,1.62E-07,3.97E-07,3.88E-07,4.59E-07,4.94E-07,2.03E-07,2.88E-07,3.66E-07,3.17E-07,2.13E-07,4.05E-07,3.35E-07,3.44E-07,1.04E-07,7.61E-08,4.69E-08,2.11E-08,3.05E-08,1.87E-08,1.62E-08,4.40E-09,3.52E-09,3.00E-09,2.45E-09,2.50E-09,2.79E-09,3.57E-09,9.84E-09,9.20E-09,1.17E-08,4.77E-09,2.83E-08,4.25E-08,5.50E-08,6.30E-08,1.45E-08,1.52E-08,6.29E-08,7.05E-08,7.75E-08,5.97E-08,3.48E-08,1.87E-08,1.21E-08,1.00E-08,1.03E-08,1.03E-08,9.28E-09,8.30E-09,8.35E-09,1.04E-08,1.38E-08,2.02E-08,2.17E-08,2.07E-08,2.56E-08,3.07E-08,3.77E-08,4.02E-08,8.43E-09,5.30E-09,3.68E-09,3.57E-09,4.38E-09,6.11E-09,7.04E-09,6.58E-09,6.21E-09,7.03E-09,9.56E-09,1.70E-08,2.60E-08,4.16E-08,6.14E-08,7.41E-08,8.09E-08,9.42E-08,1.27E-07,2.03E-07,3.26E-07,4.70E-07,4.71E-07,8.13E-07,1.65E-06,2.13E-06,2.04E-06,2.49E-06,2.49E-06,5.96E-06,1.29E-05,1.31E-05,1.19E-05,8.44E-06,9.26E-06,1.70E-05,3.56E-05,5.03E-05,9.66E-05,0.000108972,0.000169543,0.000279696,0.000460484,0.000830403,0.002546889,0.003813718,0.006048631,0.009368525,0.013798998,0.029285457,0.04768737,0.098145857,0.028597869,0.043525778,0.182959676,0.081852533,0.081029527,0.222135693,0.147071898
Head 1,610,1.05E-07,7.99E-08,4.90E-08,1.71E-08,1.36E-08,1.38E-08,1.41E-08,1.26E-08,9.60E-09,9.70E-09,1.99E-08,2.62E-08,4.89E-08,6.20E-08,2.18E-08,1.48E-08,1.32E-08,1.58E-08,1.78E-08,2.72E-08,2.08E-08,1.95E-08,8.96E-09,1.10E-08,1.14E-08,6.78E-09,7.20E-09,3.90E-09,2.06E-09,3.83E-10,3.64E-10,4.33E-10,3.86E-10,3.06E-10,2.56E-10,3.22E-10,5.76E-10,8.82E-10,1.73E-09,8.07E-10,2.63E-09,4.43E-09,7.47E-09,1.29E-08,6.71E-09,4.79E-09,7.45E-09,6.10E-09,6.10E-09,5.47E-09,3.86E-09,1.96E-09,9.04E-10,5.21E-10,4.99E-10,6.74E-10,9.98E-10,1.21E-09,1.13E-09,9.65E-10,8.97E-10,1.16E-09,1.34E-09,1.39E-09,1.62E-09,1.65E-09,1.95E-09,2.74E-09,5.42E-10,6.15E-10,5.73E-10,4.77E-10,4.22E-10,5.21E-10,7.05E-10,8.42E-10,7.83E-10,5.88E-10,4.36E-10,5.01E-10,7.48E-10,1.64E-09,3.36E-09,4.74E-09,4.31E-09,4.03E-09,5.30E-09,1.07E-08,2.11E-08,2.92E-08,1.97E-08,2.19E-08,3.66E-08,5.29E-08,6.56E-08,9.92E-08,9.69E-08,2.42E-07,6.99E-07,1.22E-06,2.34E-06,2.77E-06,3.47E-06,5.04E-06,7.75E-06,8.72E-06,1.87E-05,2.41E-05,3.50E-05,4.24E-05,4.90E-05,7.94E-05,0.000337798,0.00085669,0.001971641,0.003647304,0.005047344,0.010769764,0.020495756,0.050493281,0.056868166,0.083640456,0.044244245,0.196264878,0.271756411,0.087427206,0.091233298,0.074663572
Head 1,611,1.06E-07,7.40E-08,2.15E-08,1.27E-08,1.14E-08,1.27E-08,1.32E-08,1.04E-08,8.66E-09,1.66E-08,1.71E-08,3.10E-08,4.69E-08,2.28E-08,1.41E-08,9.61E-09,1.06E-08,1.46E-08,3.10E-08,2.79E-08,2.42E-08,7.23E-09,7.24E-09,9.85E-09,9.85E-09,1.35E-08,9.23E-09,4.50E-09,5.46E-10,3.42E-10,3.80E-10,3.91E-10,3.33E-10,2.46E-10,2.44E-10,3.87E-10,4.87E-10,1.00E-09,6.35E-10,1.62E-09,2.55E-09,4.06E-09,7.90E-09,5.66E-09,6.13E-09,9.58E-09,6.98E-09,6.09E-09,5.60E-09,5.05E-09,3.49E-09,1.79E-09,8.08E-10,4.86E-10,4.46E-10,6.00E-10,8.98E-10,1.11E-09,1.07E-09,8.97E-10,9.57E-10,9.86E-10,1.06E-09,1.39E-09,1.47E-09,1.58E-09,1.95E-09,3.72E-10,4.75E-10,5.52E-10,5.05E-10,3.98E-10,3.88E-10,4.73E-10,6.64E-10,8.52E-10,8.11E-10,5.65E-10,4.61E-10,4.78E-10,9.08E-10,2.15E-09,3.96E-09,4.12E-09,3.42E-09,3.45E-09,5.81E-09,1.18E-08,1.97E-08,1.58E-08,1.75E-08,2.58E-08,3.36E-08,4.30E-08,7.23E-08,7.32E-08,1.56E-07,3.44E-07,5.03E-07,1.05E-06,1.71E-06,2.95E-06,4.73E-06,6.22E-06,5.57E-06,1.10E-05,1.70E-05,3.29E-05,4.73E-05,4.90E-05,5.60E-05,0.000167127,0.00034676,0.000837752,0.001791029,0.002743431,0.006184172,0.01257557,0.036461782,0.041639049,0.061148621,0.047638182,0.122270145,0.206265405,0.080961935,0.107581601,0.176784888,0.094365187
Head 1,612,9.78E-08,3.23E-08,1.58E-08,1.08E-08,1.01E-08,1.11E-08,1.02E-08,8.55E-09,1.60E-08,1.31E-08,1.86E-08,2.74E-08,1.79E-08,1.35E-08,8.34E-09,7.45E-09,9.75E-09,2.87E-08,3.36E-08,3.48E-08,8.80E-09,6.26E-09,7.42E-09,9.26E-09,1.80E-08,1.79E-08,1.12E-08,1.26E-09,4.70E-10,3.65E-10,3.57E-10,3.44E-10,2.67E-10,2.29E-10,3.44E-10,3.06E-10,5.24E-10,4.37E-10,1.00E-09,1.57E-09,2.29E-09,4.26E-09,3.01E-09,5.18E-09,1.07E-08,8.47E-09,6.81E-09,5.55E-09,5.15E-09,4.57E-09,3.18E-09,1.58E-09,7.47E-10,4.33E-10,3.92E-10,5.32E-10,7.88E-10,9.99E-10,9.47E-10,9.24E-10,7.84E-10,7.43E-10,1.02E-09,1.19E-09,1.33E-09,1.49E-09,2.66E-10,3.13E-10,4.09E-10,4.60E-10,4.04E-10,3.50E-10,3.47E-10,4.51E-10,6.87E-10,9.16E-10,8.12E-10,6.26E-10,4.67E-10,6.19E-10,1.25E-09,2.59E-09,3.41E-09,3.17E-09,2.80E-09,3.64E-09,6.10E-09,1.04E-08,1.01E-08,1.31E-08,1.94E-08,2.27E-08,2.66E-08,4.59E-08,5.18E-08,1.12E-07,2.10E-07,2.37E-07,4.12E-07,7.39E-07,1.71E-06,3.71E-06,5.36E-06,4.22E-06,6.55E-06,9.36E-06,2.11E-05,4.00E-05,4.91E-05,5.01E-05,0.000105974,0.000148933,0.000297515,0.000643637,0.001119688,0.002829212,0.006186225,0.019541115,0.022367841,0.036582865,0.043106224,0.064481147,0.104388371,0.061401136,0.087506041,0.269316286,0.180176705,0.099607229
Head 1,613,1.58E-07,9.49E-08,8.32E-08,8.39E-08,9.30E-08,8.65E-08,7.86E-08,2.12E-07,1.79E-07,2.14E-07,2.48E-07,9.70E-08,8.09E-08,6.70E-08,6.60E-08,9.88E-08,4.28E-07,5.99E-07,7.56E-07,1.56E-07,8.97E-08,7.26E-08,6.97E-08,2.07E-07,1.78E-07,1.18E-07,1.67E-08,9.06E-09,6.53E-09,4.69E-09,3.46E-09,2.23E-09,1.67E-09,4.63E-09,3.62E-09,4.23E-09,1.49E-09,5.37E-09,5.67E-09,6.60E-09,1.08E-08,5.57E-09,1.20E-08,4.34E-08,3.79E-08,3.57E-08,3.63E-08,4.37E-08,5.42E-08,5.71E-08,4.25E-08,2.47E-08,1.31E-08,8.09E-09,6.70E-09,6.48E-09,6.54E-09,5.99E-09,6.29E-09,6.00E-09,6.16E-09,8.88E-09,1.11E-08,1.35E-08,1.58E-08,5.11E-09,5.73E-09,6.56E-09,6.28E-09,4.59E-09,3.15E-09,2.39E-09,2.44E-09,3.37E-09,5.18E-09,6.15E-09,6.45E-09,5.77E-09,7.82E-09,1.47E-08,2.83E-08,3.83E-08,3.82E-08,3.63E-08,4.26E-08,5.97E-08,8.01E-08,6.89E-08,9.05E-08,1.49E-07,2.13E-07,3.17E-07,6.41E-07,8.24E-07,1.71E-06,2.58E-06,2.18E-06,2.50E-06,3.07E-06,5.20E-06,9.20E-06,1.16E-05,8.96E-06,1.18E-05,1.47E-05,3.25E-05,7.30E-05,0.000126365,0.000181284,0.000411821,0.000515515,0.000733236,0.001037053,0.0012547,0.002398679,0.004199112,0.012176297,0.008582759,0.013544026,0.045217775,0.017158026,0.023032468,0.143143937,0.238512203,0.090596266,0.097019136,0.076525465,0.223446906
Head 1,614,1.08E-07,8.47E-08,6.87E-08,6.64E-08,6.38E-08,6.72E-08,1.86E-07,1.65E-07,1.73E-07,1.72E-07,6.40E-08,6.42E-08,5.80E-08,4.85E-08,5.39E-08,2.11E-07,2.96E-07,4.81E-07,1.49E-07,9.94E-08,6.88E-08,5.26E-08,1.56E-07,1.58E-07,1.43E-07,2.69E-08,1.35E-08,7.96E-09,4.84E-09,3.51E-09,2.47E-09,1.89E-09,4.61E-09,3.24E-09,3.18E-09,9.89E-10,3.72E-09,4.04E-09,4.42E-09,6.12E-09,2.34E-09,5.39E-09,2.46E-08,2.73E-08,2.96E-08,2.87E-08,2.94E-08,3.37E-08,4.13E-08,4.24E-08,3.31E-08,1.90E-08,1.00E-08,6.49E-09,5.33E-09,5.42E-09,5.43E-09,5.81E-09,4.97E-09,4.30E-09,5.53E-09,7.09E-09,9.51E-09,1.20E-08,4.00E-09,4.10E-09,4.67E-09,5.19E-09,4.83E-09,3.79E-09,2.63E-09,2.02E-09,2.12E-09,3.01E-09,4.10E-09,5.27E-09,5.07E-09,5.95E-09,8.68E-09,1.45E-08,2.09E-08,2.58E-08,2.91E-08,3.49E-08,4.31E-08,4.94E-08,3.99E-08,5.42E-08,9.11E-08,1.21E-07,1.54E-07,2.79E-07,3.79E-07,9.47E-07,1.71E-06,1.48E-06,1.45E-06,1.48E-06,2.40E-06,4.99E-06,7.96E-06,7.04E-06,8.43E-06,8.18E-06,1.44E-05,3.11E-05,6.24E-05,0.000108805,0.000265727,0.000314016,0.000390312,0.000506041,0.000619318,0.001213896,0.002104485,0.005662876,0.003683172,0.006938849,0.021354223,0.011878224,0.014834823,0.080841646,0.128815293,0.055113845,0.08100646,0.084717199,0.295177877,0.204293728
Head 1,615,8.25E-08,5.89E-08,4.55E-08,3.71E-08,3.95E-08,1.15E-07,1.15E-07,1.20E-07,1.04E-07,3.00E-08,3.20E-08,3.51E-08,3.14E-08,3.05E-08,1.03E-07,1.31E-07,2.34E-07,9.56E-08,9.26E-08,7.12E-08,4.60E-08,1.23E-07,1.16E-07,1.21E-07,2.95E-08,1.75E-08,9.84E-09,4.94E-09,2.99E-09,2.02E-09,1.60E-09,3.78E-09,2.64E-09,2.27E-09,5.00E-10,1.99E-09,2.15E-09,2.39E-09,3.09E-09,9.06E-10,1.77E-09,9.50E-09,1.26E-08,1.74E-08,1.94E-08,1.90E-08,1.87E-08,2.15E-08,2.57E-08,2.71E-08,2.03E-08,1.13E-08,6.18E-09,3.91E-09,3.37E-09,3.32E-09,3.77E-09,3.26E-09,2.57E-09,2.83E-09,3.28E-09,4.48E-09,6.16E-09,2.25E-09,2.26E-09,2.39E-09,2.67E-09,2.88E-09,2.84E-09,2.24E-09,1.58E-09,1.29E-09,1.46E-09,1.92E-09,2.91E-09,3.45E-09,4.33E-09,5.50E-09,7.29E-09,9.05E-09,1.17E-08,1.54E-08,2.12E-08,2.60E-08,2.61E-08,1.80E-08,2.33E-08,4.05E-08,5.52E-08,6.66E-08,1.09E-07,1.40E-07,3.87E-07,8.56E-07,8.76E-07,8.63E-07,7.58E-07,1.04E-06,2.10E-06,3.90E-06,4.32E-06,5.77E-06,5.07E-06,7.03E-06,1.23E-05,2.37E-05,4.73E-05,0.000136029,0.000175506,0.00020363,0.000232051,0.000261568,0.000506426,0.000898238,0.002411266,0.001247327,0.002525106,0.008416363,0.006454693,0.008926884,0.046901152,0.072935298,0.02614597,0.046222124,0.066018678,0.304146469,0.247096643,0.158019394
Head 1,616,9.98E-08,7.23E-08,4.88E-08,4.58E-08,1.27E-07,1.47E-07,1.82E-07,1.64E-07,3.98E-08,3.54E-08,4.00E-08,4.10E-08,4.15E-08,1.09E-07,1.11E-07,1.62E-07,6.32E-08,8.43E-08,9.46E-08,7.08E-08,1.57E-07,1.34E-07,1.37E-07,4.24E-08,3.40E-08,2.40E-08,1.26E-08,6.62E-09,3.94E-09,3.17E-09,6.92E-09,5.48E-09,4.83E-09,9.43E-10,2.95E-09,2.90E-09,3.23E-09,4.33E-09,1.32E-09,1.91E-09,8.63E-09,1.10E-08,1.74E-08,2.42E-08,2.76E-08,2.64E-08,2.61E-08,2.84E-08,3.38E-08,3.44E-08,2.61E-08,1.62E-08,9.25E-09,6.46E-09,5.58E-09,6.44E-09,6.21E-09,5.15E-09,5.08E-09,4.86E-09,5.72E-09,7.77E-09,3.32E-09,3.71E-09,3.90E-09,3.96E-09,4.07E-09,4.48E-09,4.35E-09,3.54E-09,2.71E-09,2.38E-09,2.37E-09,3.18E-09,4.22E-09,6.32E-09,8.58E-09,1.01E-08,1.02E-08,1.16E-08,1.63E-08,2.74E-08,4.02E-08,4.22E-08,2.61E-08,2.86E-08,4.42E-08,6.03E-08,7.27E-08,1.07E-07,1.14E-07,2.60E-07,5.56E-07,6.49E-07,7.46E-07,6.80E-07,8.05E-07,1.35E-06,2.35E-06,2.98E-06,4.96E-06,5.08E-06,6.49E-06,8.88E-06,1.37E-05,2.55E-05,7.93E-05,0.000122802,0.000155117,0.000167507,0.000168277,0.000295318,0.000519088,0.001420517,0.00075166,0.001335412,0.003989386,0.003798218,0.006392735,0.024753928,0.040894683,0.016696194,0.027523965,0.044358209,0.22084029,0.245107263,0.197314784,0.16323702
Head 1,617,9.42E-08,5.79E-08,4.42E-08,1.07E-07,1.18E-07,1.59E-07,1.61E-07,3.76E-08,2.81E-08,2.85E-08,3.06E-08,3.51E-08,8.99E-08,8.72E-08,1.14E-07,3.57E-08,5.27E-08,8.27E-08,8.36E-08,1.97E-07,1.61E-07,1.46E-07,3.98E-08,3.75E-08,3.48E-08,2.24E-08,1.17E-08,6.01E-09,4.17E-09,8.50E-09,6.88E-09,6.57E-09,1.25E-09,3.41E-09,2.93E-09,2.89E-09,3.74E-09,1.20E-09,1.54E-09,6.11E-09,7.02E-09,1.10E-08,1.74E-08,2.44E-08,2.63E-08,2.50E-08,2.40E-08,2.70E-08,3.12E-08,3.07E-08,2.43E-08,1.49E-08,9.12E-09,6.36E-09,6.35E-09,6.13E-09,5.52E-09,5.66E-09,5.04E-09,5.13E-09,6.23E-09,2.60E-09,3.21E-09,3.70E-09,3.75E-09,3.63E-09,3.98E-09,4.32E-09,4.20E-09,3.57E-09,2.94E-09,2.41E-09,2.68E-09,3.43E-09,5.84E-09,9.41E-09,1.18E-08,1.08E-08,1.03E-08,1.26E-08,2.17E-08,3.62E-08,4.35E-08,2.76E-08,2.68E-08,3.51E-08,4.43E-08,5.39E-08,8.01E-08,8.23E-08,1.70E-07,3.38E-07,4.11E-07,5.40E-07,5.60E-07,6.62E-07,9.68E-07,1.45E-06,1.79E-06,3.36E-06,4.17E-06,5.83E-06,7.31E-06,9.10E-06,1.39E-05,4.03E-05,7.01E-05,0.000103098,0.000120528,0.000115642,0.000178775,0.000282457,0.000745422,0.0003946,0.000647743,0.002077736,0.001776218,0.003454807,0.013464944,0.024937591,0.011000667,0.016396886,0.025952391,0.154402494,0.212230444,0.215354472,0.199671507,0.116527632
Head 1,618,5.31E-08,3.17E-08,6.72E-08,5.75E-08,7.21E-08,7.47E-08,1.57E-08,9.62E-09,8.53E-09,9.88E-09,1.42E-08,4.43E-08,4.43E-08,5.59E-08,1.50E-08,2.45E-08,5.49E-08,8.10E-08,2.59E-07,2.09E-07,1.51E-07,2.62E-08,2.49E-08,2.71E-08,2.07E-08,1.10E-08,4.90E-09,2.74E-09,4.88E-09,3.43E-09,3.28E-09,5.30E-10,1.43E-09,1.12E-09,9.80E-10,1.22E-09,3.68E-10,4.73E-10,1.75E-09,1.69E-09,2.49E-09,4.52E-09,8.36E-09,1.15E-08,1.15E-08,1.00E-08,9.92E-09,1.15E-08,1.40E-08,1.44E-08,1.05E-08,5.96E-09,3.18E-09,2.35E-09,1.87E-09,1.59E-09,1.64E-09,1.42E-09,1.34E-09,1.52E-09,5.31E-10,7.35E-10,9.65E-10,1.01E-09,9.22E-10,9.96E-10,1.20E-09,1.46E-09,1.53E-09,1.34E-09,9.51E-10,8.38E-10,9.40E-10,1.73E-09,3.51E-09,5.50E-09,5.14E-09,4.13E-09,3.92E-09,5.98E-09,9.71E-09,1.27E-08,8.24E-09,7.32E-09,8.63E-09,1.02E-08,1.29E-08,2.13E-08,2.32E-08,5.21E-08,1.12E-07,1.60E-07,2.75E-07,3.80E-07,5.20E-07,7.22E-07,8.80E-07,9.26E-07,1.78E-06,2.59E-06,4.28E-06,5.45E-06,5.71E-06,6.79E-06,1.65E-05,2.95E-05,4.93E-05,6.74E-05,6.76E-05,9.93E-05,0.000141742,0.000349356,0.000108866,0.00017136,0.000841385,0.000470708,0.001124174,0.007262096,0.017149178,0.005792573,0.007715351,0.010973838,0.119397201,0.183962166,0.229390785,0.240507081,0.135258123,0.03902192
Head 1,619,2.93E-08,5.20E-08,3.53E-08,3.84E-08,4.22E-08,1.22E-08,8.00E-09,5.77E-09,5.42E-09,7.42E-09,2.53E-08,2.70E-08,3.50E-08,9.05E-09,1.06E-08,2.04E-08,3.50E-08,1.40E-07,1.44E-07,1.14E-07,1.74E-08,1.29E-08,1.33E-08,1.27E-08,9.22E-09,4.62E-09,2.27E-09,3.16E-09,1.75E-09,1.57E-09,3.50E-10,8.01E-10,6.34E-10,4.81E-10,5.14E-10,1.52E-10,2.28E-10,8.11E-10,7.41E-10,8.89E-10,1.34E-09,2.52E-09,4.42E-09,5.96E-09,5.89E-09,5.27E-09,5.00E-09,5.72E-09,7.13E-09,7.38E-09,5.54E-09,3.01E-09,1.80E-09,1.08E-09,7.98E-10,8.55E-10,8.25E-10,7.86E-10,7.87E-10,2.27E-10,2.95E-10,4.40E-10,5.58E-10,5.72E-10,5.82E-10,6.29E-10,7.63E-10,9.52E-10,1.06E-09,8.23E-10,6.02E-10,4.64E-10,6.18E-10,1.15E-09,2.14E-09,2.47E-09,2.11E-09,1.68E-09,2.08E-09,3.03E-09,4.60E-09,3.88E-09,4.06E-09,4.82E-09,4.89E-09,5.48E-09,9.12E-09,1.10E-08,2.61E-08,5.27E-08,6.59E-08,1.08E-07,1.74E-07,3.14E-07,5.39E-07,6.47E-07,5.55E-07,8.68E-07,1.22E-06,2.43E-06,3.93E-06,4.50E-06,4.64E-06,8.47E-06,1.24E-05,2.08E-05,3.49E-05,4.34E-05,6.91E-05,9.33E-05,0.000207369,5.79E-05,9.95E-05,0.000529682,0.000239755,0.00052925,0.003616008,0.009085455,0.004877131,0.006966874,0.008724996,0.089886583,0.133329853,0.189070687,0.253634691,0.188306004,0.084231839,0.02630304
Head 1,620,1.13E-07,6.90E-08,5.94E-08,5.64E-08,2.25E-08,1.95E-08,1.49E-08,1.24E-08,1.38E-08,4.49E-08,4.81E-08,6.84E-08,2.74E-08,2.67E-08,3.46E-08,4.58E-08,1.67E-07,2.05E-07,2.09E-07,4.50E-08,2.63E-08,1.98E-08,1.73E-08,1.60E-08,1.13E-08,6.49E-09,7.06E-09,3.22E-09,2.26E-09,6.25E-10,1.17E-09,1.08E-09,8.38E-10,7.83E-10,2.17E-10,3.43E-10,1.16E-09,1.20E-09,1.36E-09,1.65E-09,2.44E-09,4.24E-09,7.13E-09,9.50E-09,9.81E-09,8.38E-09,7.81E-09,8.96E-09,1.13E-08,1.24E-08,9.29E-09,5.84E-09,2.85E-09,1.57E-09,1.43E-09,1.43E-09,1.53E-09,1.58E-09,4.40E-10,4.63E-10,6.29E-10,8.80E-10,1.11E-09,1.26E-09,1.30E-09,1.39E-09,1.73E-09,2.34E-09,2.43E-09,2.01E-09,1.29E-09,1.13E-09,1.42E-09,2.31E-09,2.99E-09,3.11E-09,2.50E-09,2.57E-09,2.77E-09,3.73E-09,3.64E-09,4.94E-09,7.48E-09,7.83E-09,7.87E-09,1.18E-08,1.44E-08,3.75E-08,7.89E-08,9.24E-08,1.30E-07,1.95E-07,3.95E-07,8.79E-07,1.28E-06,1.09E-06,1.34E-06,1.47E-06,2.69E-06,5.01E-06,7.18E-06,8.12E-06,1.21E-05,1.28E-05,1.66E-05,2.72E-05,4.11E-05,7.96E-05,0.000119141,0.000240994,4.66E-05,8.88E-05,0.000524649,0.000236303,0.000454363,0.003046508,0.006768349,0.004675924,0.008080482,0.01035279,0.081327125,0.10454233,0.137007326,0.189735934,0.190238982,0.166097939,0.07186576,0.02432863
Head 1,621,1.64E-07,1.25E-07,9.17E-08,3.27E-08,3.22E-08,2.98E-08,2.59E-08,2.41E-08,6.96E-08,6.79E-08,9.51E-08,5.16E-08,5.98E-08,6.83E-08,6.77E-08,2.00E-07,2.54E-07,3.40E-07,1.27E-07,8.07E-08,4.78E-08,3.09E-08,2.66E-08,2.33E-08,1.88E-08,2.20E-08,1.03E-08,5.82E-09,1.38E-09,2.10E-09,2.03E-09,1.75E-09,1.60E-09,3.63E-10,4.69E-10,1.58E-09,1.73E-09,2.17E-09,2.55E-09,3.10E-09,4.44E-09,7.34E-09,1.20E-08,1.65E-08,1.65E-08,1.43E-08,1.35E-08,1.55E-08,2.00E-08,2.15E-08,1.87E-08,1.00E-08,4.63E-09,3.11E-09,2.55E-09,2.70E-09,3.02E-09,9.26E-10,8.49E-10,9.28E-10,1.16E-09,1.58E-09,2.10E-09,2.40E-09,2.44E-09,2.71E-09,3.61E-09,4.49E-09,4.91E-09,3.76E-09,2.98E-09,2.73E-09,3.25E-09,3.81E-09,4.59E-09,4.56E-09,5.00E-09,4.52E-09,4.63E-09,3.80E-09,5.27E-09,9.67E-09,1.20E-08,1.21E-08,1.57E-08,1.65E-08,4.09E-08,9.05E-08,1.12E-07,1.47E-07,1.90E-07,3.53E-07,8.63E-07,1.60E-06,1.71E-06,2.11E-06,1.93E-06,2.79E-06,4.78E-06,7.89E-06,1.13E-05,1.82E-05,1.69E-05,1.61E-05,2.03E-05,2.91E-05,6.35E-05,0.000117532,0.000256635,3.63E-05,6.42E-05,0.000423183,0.000190328,0.000360931,0.002395797,0.004797179,0.003302664,0.007078145,0.011291865,0.075116403,0.099595428,0.119635105,0.148697734,0.158108905,0.177216992,0.115051679,0.050595988,0.025464522
Head 1,622,2.04E-07,1.33E-07,3.36E-08,2.89E-08,2.99E-08,2.98E-08,2.80E-08,7.51E-08,6.74E-08,8.33E-08,4.10E-08,6.05E-08,7.88E-08,6.90E-08,1.69E-07,1.87E-07,2.72E-07,1.48E-07,1.39E-07,8.93E-08,4.66E-08,3.09E-08,2.58E-08,2.59E-08,4.10E-08,2.40E-08,1.35E-08,2.49E-09,3.17E-09,2.69E-09,2.43E-09,2.35E-09,4.68E-10,4.21E-10,1.40E-09,1.40E-09,1.82E-09,2.31E-09,2.66E-09,3.17E-09,4.40E-09,7.24E-09,1.24E-08,1.65E-08,1.68E-08,1.49E-08,1.44E-08,1.72E-08,2.19E-08,2.69E-08,1.98E-08,9.97E-09,5.55E-09,3.39E-09,2.91E-09,3.18E-09,1.01E-09,9.32E-10,8.78E-10,8.94E-10,1.10E-09,1.57E-09,2.11E-09,2.34E-09,2.46E-09,2.93E-09,3.64E-09,4.75E-09,4.76E-09,4.46E-09,3.76E-09,3.45E-09,3.11E-09,3.53E-09,4.15E-09,5.72E-09,5.58E-09,5.00E-09,3.15E-09,3.64E-09,6.79E-09,9.91E-09,1.15E-08,1.48E-08,1.33E-08,2.85E-08,6.10E-08,8.07E-08,1.10E-07,1.34E-07,2.16E-07,4.99E-07,1.04E-06,1.42E-06,2.14E-06,2.01E-06,2.45E-06,3.45E-06,5.44E-06,9.20E-06,1.90E-05,1.99E-05,1.70E-05,1.63E-05,1.87E-05,3.87E-05,8.28E-05,0.000219441,2.75E-05,4.13E-05,0.000331628,0.00011347,0.000224187,0.001713495,0.003288114,0.001680479,0.003980124,0.008057632,0.059096914,0.095809013,0.121208087,0.145738333,0.146480381,0.148884207,0.117443085,0.070318818,0.045685742,0.029414713
Head 1,623,2.03E-07,4.24E-08,2.74E-08,2.55E-08,2.68E-08,2.85E-08,7.46E-08,6.84E-08,7.29E-08,2.55E-08,4.16E-08,7.10E-08,7.00E-08,1.49E-07,1.38E-07,1.80E-07,1.05E-07,1.54E-07,1.43E-07,7.92E-08,4.24E-08,2.72E-08,2.57E-08,5.15E-08,3.94E-08,2.72E-08,4.85E-09,5.20E-09,3.42E-09,2.77E-09,2.80E-09,6.35E-10,4.35E-10,1.32E-09,1.14E-09,1.35E-09,1.79E-09,2.23E-09,2.50E-09,2.86E-09,3.92E-09,6.71E-09,1.11E-08,1.49E-08,1.53E-08,1.38E-08,1.37E-08,1.61E-08,2.35E-08,2.47E-08,1.72E-08,1.04E-08,5.26E-09,3.37E-09,3.02E-09,9.01E-10,9.05E-10,8.55E-10,7.56E-10,7.60E-10,9.84E-10,1.43E-09,1.84E-09,2.11E-09,2.37E-09,2.65E-09,3.44E-09,4.12E-09,5.06E-09,5.01E-09,4.27E-09,2.97E-09,2.62E-09,2.94E-09,4.84E-09,5.94E-09,5.87E-09,3.25E-09,2.86E-09,4.41E-09,6.55E-09,8.91E-09,1.31E-08,1.12E-08,2.06E-08,3.78E-08,4.81E-08,6.96E-08,8.89E-08,1.36E-07,2.78E-07,5.49E-07,8.51E-07,1.67E-06,1.93E-06,2.41E-06,2.85E-06,3.68E-06,5.93E-06,1.44E-05,1.91E-05,1.84E-05,1.57E-05,1.38E-05,2.26E-05,4.58E-05,0.000140737,2.25E-05,2.98E-05,0.000282454,6.43E-05,0.000130942,0.001178617,0.002289864,0.000907736,0.002058593,0.004644525,0.039500367,0.079819962,0.118473254,0.156235114,0.147263452,0.123547189,0.095600232,0.071418852,0.065286979,0.055305082,0.035626817
Head 1,624,6.42E-08,3.44E-08,2.49E-08,2.30E-08,2.65E-08,7.13E-08,7.55E-08,7.95E-08,1.95E-08,2.67E-08,5.22E-08,6.59E-08,1.41E-07,1.21E-07,1.30E-07,6.08E-08,1.07E-07,1.51E-07,1.20E-07,6.83E-08,3.55E-08,2.58E-08,5.27E-08,4.56E-08,4.18E-08,9.90E-09,1.00E-08,5.30E-09,3.36E-09,3.06E-09,8.68E-10,5.65E-10,1.48E-09,1.14E-09,1.11E-09,1.35E-09,1.80E-09,2.17E-09,2.33E-09,2.61E-09,3.69E-09,6.03E-09,9.93E-09,1.36E-08,1.42E-08,1.31E-08,1.26E-08,1.71E-08,2.12E-08,2.11E-08,1.78E-08,9.91E-09,5.30E-09,3.57E-09,8.42E-10,8.60E-10,9.00E-10,8.10E-10,7.02E-10,7.41E-10,9.71E-10,1.36E-09,1.82E-09,2.22E-09,2.37E-09,2.75E-09,3.22E-09,4.69E-09,6.03E-09,6.02E-09,3.89E-09,2.62E-09,2.24E-09,3.42E-09,4.93E-09,6.18E-09,3.85E-09,2.93E-09,3.44E-09,4.29E-09,6.06E-09,1.06E-08,1.05E-08,1.87E-08,2.91E-08,3.15E-08,4.39E-08,6.00E-08,9.59E-08,1.83E-07,3.14E-07,4.56E-07,1.02E-06,1.49E-06,2.33E-06,2.83E-06,3.09E-06,4.04E-06,9.40E-06,1.45E-05,1.78E-05,1.72E-05,1.36E-05,1.69E-05,2.66E-05,7.80E-05,1.99E-05,2.62E-05,0.000263051,4.26E-05,8.02E-05,0.000852839,0.001659136,0.000593106,0.00121723,0.00260767,0.024934851,0.055489983,0.09656506,0.158215448,0.154025033,0.114894524,0.07643459,0.057663925,0.066563316,0.079506196,0.067964636,0.040168487
Head 1,625,4.98E-08,3.08E-08,2.20E-08,2.26E-08,6.11E-08,7.55E-08,9.45E-08,2.15E-08,2.12E-08,3.53E-08,5.03E-08,1.24E-07,1.13E-07,1.14E-07,4.09E-08,6.07E-08,9.90E-08,1.15E-07,9.24E-08,5.22E-08,3.11E-08,5.39E-08,4.21E-08,4.42E-08,1.54E-08,1.83E-08,9.85E-09,5.03E-09,3.56E-09,1.04E-09,7.55E-10,1.77E-09,1.43E-09,1.18E-09,1.15E-09,1.40E-09,1.80E-09,2.11E-09,2.26E-09,2.65E-09,3.54E-09,5.61E-09,9.23E-09,1.26E-08,1.36E-08,1.23E-08,1.38E-08,1.55E-08,1.80E-08,2.18E-08,1.71E-08,1.02E-08,5.85E-09,1.01E-09,8.77E-10,9.50E-10,9.80E-10,8.84E-10,8.20E-10,8.67E-10,1.08E-09,1.54E-09,2.23E-09,2.66E-09,2.99E-09,3.11E-09,4.35E-09,6.45E-09,8.17E-09,6.30E-09,3.99E-09,2.59E-09,2.94E-09,3.84E-09,5.55E-09,4.49E-09,3.78E-09,3.87E-09,3.74E-09,4.53E-09,8.20E-09,1.00E-08,2.10E-08,3.21E-08,2.94E-08,3.44E-08,4.48E-08,7.58E-08,1.51E-07,2.40E-07,2.99E-07,6.12E-07,9.63E-07,1.89E-06,2.84E-06,3.22E-06,3.60E-06,6.85E-06,9.94E-06,1.42E-05,1.74E-05,1.57E-05,1.76E-05,2.08E-05,4.77E-05,1.79E-05,2.65E-05,0.000236889,3.86E-05,6.04E-05,0.000714391,0.001283981,0.000458144,0.000925194,0.001806782,0.018014703,0.037640318,0.06762711,0.13687773,0.150906771,0.114136726,0.070667967,0.04726696,0.055974826,0.082550228,0.098421194,0.077453949,0.036726709
Head 1,626,3.88E-08,2.38E-08,1.90E-08,4.64E-08,5.42E-08,7.95E-08,2.18E-08,1.79E-08,2.22E-08,2.85E-08,8.35E-08,8.27E-08,9.20E-08,3.13E-08,3.60E-08,5.15E-08,7.02E-08,8.13E-08,6.51E-08,4.23E-08,6.61E-08,4.24E-08,4.01E-08,1.52E-08,2.56E-08,1.74E-08,8.88E-09,5.05E-09,1.11E-09,7.85E-10,1.76E-09,1.59E-09,1.31E-09,1.05E-09,1.02E-09,1.17E-09,1.43E-09,1.65E-09,1.86E-09,2.11E-09,2.82E-09,4.56E-09,7.49E-09,1.06E-08,1.12E-08,1.19E-08,1.13E-08,1.19E-08,1.67E-08,1.84E-08,1.51E-08,9.54E-09,1.26E-09,8.35E-10,7.56E-10,7.89E-10,8.01E-10,7.74E-10,7.23E-10,7.42E-10,9.30E-10,1.42E-09,1.97E-09,2.49E-09,2.52E-09,3.21E-09,4.69E-09,6.73E-09,6.59E-09,4.96E-09,3.07E-09,2.71E-09,2.74E-09,3.65E-09,3.48E-09,3.73E-09,4.21E-09,3.58E-09,3.38E-09,5.06E-09,6.35E-09,1.59E-08,2.84E-08,2.59E-08,2.60E-08,2.86E-08,4.56E-08,9.61E-08,1.60E-07,1.91E-07,3.48E-07,5.02E-07,1.07E-06,2.00E-06,2.76E-06,3.19E-06,5.27E-06,6.37E-06,8.64E-06,1.23E-05,1.40E-05,1.78E-05,1.91E-05,3.35E-05,1.28E-05,2.07E-05,0.000152499,3.51E-05,4.76E-05,0.000617747,0.000979271,0.000288738,0.000620564,0.00121343,0.013384555,0.026835913,0.046741728,0.111101151,0.13950339,0.103105292,0.068260215,0.041910566,0.046078559,0.07101503,0.104221925,0.113843463,0.068786763,0.041093994
Head 1,627,4.09E-08,2.99E-08,6.32E-08,5.93E-08,8.47E-08,2.88E-08,2.68E-08,2.86E-08,2.92E-08,8.58E-08,7.85E-08,9.16E-08,3.30E-08,3.27E-08,3.61E-08,4.25E-08,5.42E-08,6.19E-08,5.90E-08,1.07E-07,7.08E-08,6.04E-08,1.84E-08,4.25E-08,4.04E-08,2.76E-08,1.67E-08,2.76E-09,1.64E-09,3.42E-09,3.21E-09,3.01E-09,2.40E-09,1.90E-09,1.67E-09,1.75E-09,1.99E-09,2.36E-09,2.64E-09,3.04E-09,4.13E-09,6.31E-09,1.02E-08,1.39E-08,1.76E-08,1.64E-08,1.46E-08,1.84E-08,2.25E-08,2.55E-08,2.25E-08,3.15E-09,1.90E-09,1.36E-09,1.21E-09,1.26E-09,1.38E-09,1.36E-09,1.26E-09,1.27E-09,1.63E-09,2.21E-09,3.15E-09,3.61E-09,4.62E-09,6.18E-09,8.18E-09,8.69E-09,8.03E-09,6.09E-09,5.30E-09,4.47E-09,4.58E-09,3.91E-09,4.90E-09,6.93E-09,6.82E-09,6.01E-09,7.15E-09,7.62E-09,1.91E-08,4.07E-08,4.45E-08,4.51E-08,4.16E-08,5.31E-08,9.78E-08,1.63E-07,1.99E-07,3.33E-07,4.07E-07,7.39E-07,1.37E-06,2.15E-06,2.93E-06,5.09E-06,5.59E-06,6.48E-06,8.82E-06,1.15E-05,1.87E-05,2.37E-05,3.91E-05,1.51E-05,2.28E-05,0.000104604,4.92E-05,6.96E-05,0.000665285,0.001008039,0.000275863,0.000579518,0.001165911,0.011829055,0.024202505,0.04023749,0.098675214,0.126668945,0.075090013,0.056061462,0.036022019,0.038258873,0.05621691,0.083835341,0.110851541,0.093610682,0.074933164,0.069421798
Head 1,628,3.63E-08,7.39E-08,5.47E-08,6.05E-08,1.81E-08,1.84E-08,1.96E-08,1.77E-08,5.46E-08,4.46E-08,5.00E-08,1.82E-08,1.96E-08,2.00E-08,2.08E-08,2.61E-08,3.68E-08,5.08E-08,1.32E-07,1.02E-07,8.28E-08,1.72E-08,4.74E-08,5.05E-08,4.33E-08,3.09E-08,4.30E-09,2.17E-09,4.16E-09,3.34E-09,3.25E-09,2.78E-09,2.12E-09,1.60E-09,1.39E-09,1.39E-09,1.59E-09,1.75E-09,1.89E-09,2.25E-09,3.06E-09,5.02E-09,8.05E-09,1.26E-08,1.30E-08,1.09E-08,1.20E-08,1.39E-08,1.81E-08,2.13E-08,3.37E-09,2.19E-09,1.36E-09,9.36E-10,8.26E-10,8.95E-10,9.58E-10,9.15E-10,8.50E-10,9.54E-10,1.16E-09,1.69E-09,2.14E-09,2.99E-09,4.04E-09,5.12E-09,5.41E-09,5.55E-09,5.10E-09,4.97E-09,4.03E-09,3.46E-09,2.53E-09,3.24E-09,5.52E-09,6.92E-09,6.91E-09,7.46E-09,6.43E-09,1.34E-08,2.80E-08,3.44E-08,3.81E-08,3.38E-08,3.68E-08,5.68E-08,8.73E-08,1.09E-07,1.88E-07,2.29E-07,3.96E-07,7.34E-07,1.27E-06,2.03E-06,3.98E-06,4.35E-06,4.42E-06,5.24E-06,6.71E-06,1.26E-05,1.94E-05,3.43E-05,1.17E-05,1.44E-05,5.41E-05,3.07E-05,4.85E-05,0.000475506,0.000793098,0.000165281,0.000320937,0.000633058,0.007293999,0.015726533,0.0266566,0.074048564,0.099388622,0.043733038,0.035548355,0.026657635,0.030660411,0.046143834,0.069252908,0.101941511,0.109382249,0.115625285,0.12511231,0.070183054
Head 1,629,1.30E-07,8.10E-08,6.28E-08,1.49E-08,1.54E-08,1.66E-08,1.36E-08,4.07E-08,3.02E-08,3.08E-08,1.16E-08,1.64E-08,1.83E-08,1.70E-08,1.86E-08,2.72E-08,4.96E-08,1.89E-07,1.92E-07,1.65E-07,2.61E-08,6.64E-08,6.26E-08,5.92E-08,5.11E-08,7.92E-09,3.67E-09,5.92E-09,3.53E-09,3.04E-09,2.72E-09,2.16E-09,1.55E-09,1.17E-09,1.02E-09,1.09E-09,1.21E-09,1.29E-09,1.38E-09,1.61E-09,2.40E-09,4.14E-09,8.10E-09,1.06E-08,9.71E-09,9.70E-09,9.73E-09,1.24E-08,1.77E-08,3.42E-09,2.83E-09,1.77E-09,9.72E-10,6.42E-10,5.72E-10,5.94E-10,5.85E-10,5.35E-10,5.41E-10,5.82E-10,8.00E-10,1.08E-09,1.67E-09,2.39E-09,3.06E-09,3.10E-09,3.34E-09,3.65E-09,4.40E-09,3.82E-09,2.96E-09,1.76E-09,1.89E-09,3.32E-09,5.15E-09,6.59E-09,7.55E-09,5.56E-09,8.82E-09,1.51E-08,1.87E-08,2.28E-08,2.16E-08,2.23E-08,3.00E-08,4.10E-08,5.13E-08,9.36E-08,1.21E-07,2.11E-07,3.95E-07,7.50E-07,1.47E-06,3.61E-06,4.49E-06,4.28E-06,4.22E-06,4.58E-06,8.43E-06,1.50E-05,3.05E-05,9.03E-06,8.95E-06,3.08E-05,1.41E-05,2.34E-05,0.000265128,0.000528998,7.56E-05,0.000133782,0.000252104,0.004040223,0.008463696,0.013923921,0.040288229,0.055934738,0.021308022,0.018977044,0.018189266,0.025104294,0.041212734,0.062072378,0.093072861,0.112867765,0.151170522,0.189156428,0.110522591,0.032273505
Head 1,630,1.03E-07,7.33E-08,1.67E-08,1.62E-08,1.88E-08,1.71E-08,4.23E-08,3.30E-08,2.91E-08,1.01E-08,1.68E-08,2.35E-08,2.24E-08,1.98E-08,2.09E-08,3.06E-08,1.01E-07,1.25E-07,1.37E-07,3.25E-08,5.69E-08,4.18E-08,3.62E-08,3.65E-08,1.10E-08,6.04E-09,7.26E-09,3.62E-09,2.42E-09,1.94E-09,1.63E-09,1.27E-09,9.38E-10,7.20E-10,6.72E-10,7.11E-10,8.01E-10,9.05E-10,9.93E-10,1.22E-09,1.77E-09,3.40E-09,5.48E-09,6.65E-09,7.76E-09,7.44E-09,8.03E-09,1.06E-08,2.15E-09,2.49E-09,2.19E-09,1.35E-09,7.71E-10,5.31E-10,4.71E-10,4.70E-10,4.71E-10,4.83E-10,4.65E-10,5.30E-10,6.45E-10,1.03E-09,1.63E-09,2.33E-09,2.30E-09,2.27E-09,2.38E-09,3.26E-09,3.36E-09,2.88E-09,1.53E-09,1.13E-09,1.35E-09,1.76E-09,2.43E-09,3.25E-09,2.53E-09,3.35E-09,4.38E-09,4.80E-09,6.26E-09,7.49E-09,9.42E-09,1.34E-08,1.69E-08,1.91E-08,3.47E-08,4.70E-08,8.58E-08,1.53E-07,2.63E-07,4.98E-07,1.42E-06,2.20E-06,2.55E-06,2.56E-06,2.34E-06,3.53E-06,5.96E-06,1.41E-05,6.31E-06,6.60E-06,1.77E-05,7.70E-06,1.22E-05,9.60E-05,0.000227285,4.57E-05,7.46E-05,0.000129119,0.002228431,0.004344933,0.007036617,0.018996062,0.025842236,0.01202235,0.009976916,0.010574856,0.017925289,0.035535935,0.059042055,0.085535996,0.094590299,0.132699773,0.19841297,0.17133908,0.082716435,0.030519528
Head 1,631,1.58E-07,3.36E-08,2.68E-08,3.00E-08,2.96E-08,7.30E-08,6.78E-08,6.04E-08,1.63E-08,2.46E-08,4.02E-08,4.69E-08,4.36E-08,3.83E-08,4.18E-08,1.18E-07,1.50E-07,2.11E-07,7.88E-08,1.28E-07,8.11E-08,5.61E-08,5.21E-08,2.01E-08,1.54E-08,2.03E-08,1.02E-08,5.50E-09,3.56E-09,2.82E-09,2.37E-09,1.90E-09,1.42E-09,1.15E-09,1.06E-09,1.15E-09,1.39E-09,1.61E-09,1.83E-09,2.18E-09,3.51E-09,5.60E-09,8.26E-09,1.23E-08,1.33E-08,1.32E-08,1.47E-08,2.82E-09,3.76E-09,4.68E-09,3.98E-09,2.49E-09,1.47E-09,1.02E-09,8.83E-10,8.98E-10,9.93E-10,9.57E-10,9.50E-10,9.62E-10,1.40E-09,2.30E-09,3.84E-09,4.19E-09,4.07E-09,3.92E-09,5.49E-09,6.68E-09,7.34E-09,4.59E-09,3.02E-09,2.67E-09,2.62E-09,3.35E-09,5.12E-09,4.90E-09,6.76E-09,7.49E-09,6.60E-09,7.52E-09,9.69E-09,1.47E-08,2.42E-08,2.99E-08,3.03E-08,4.89E-08,6.44E-08,1.22E-07,2.17E-07,3.43E-07,5.70E-07,1.54E-06,2.60E-06,3.65E-06,4.24E-06,3.82E-06,4.70E-06,6.46E-06,1.44E-05,7.48E-06,9.38E-06,2.64E-05,9.17E-06,1.23E-05,7.39E-05,0.000169127,4.85E-05,7.76E-05,0.000121507,0.002403982,0.00415852,0.006125225,0.0154617,0.020465197,0.010659764,0.007698967,0.007302182,0.012748126,0.027602177,0.051007058,0.076211035,0.079161644,0.102082238,0.163199365,0.18260701,0.132736281,0.061019156,0.036750309
Head 1,632,5.94E-08,4.00E-08,3.67E-08,3.34E-08,8.55E-08,9.35E-08,9.87E-08,2.35E-08,2.67E-08,4.13E-08,5.73E-08,6.69E-08,6.39E-08,5.89E-08,1.36E-07,1.49E-07,2.26E-07,1.20E-07,2.48E-07,1.72E-07,1.02E-07,7.42E-08,2.31E-08,2.26E-08,4.07E-08,2.54E-08,1.32E-08,6.74E-09,4.28E-09,3.32E-09,2.86E-09,2.34E-09,1.85E-09,1.47E-09,1.37E-09,1.57E-09,1.96E-09,2.39E-09,2.69E-09,3.59E-09,4.79E-09,7.06E-09,1.28E-08,1.79E-08,2.00E-08,2.03E-08,3.32E-09,3.91E-09,5.61E-09,6.79E-09,5.89E-09,3.77E-09,2.21E-09,1.47E-09,1.28E-09,1.44E-09,1.53E-09,1.53E-09,1.35E-09,1.62E-09,2.42E-09,4.30E-09,5.53E-09,6.03E-09,5.58E-09,7.37E-09,9.12E-09,1.21E-08,1.00E-08,7.72E-09,6.32E-09,4.67E-09,4.62E-09,6.72E-09,7.72E-09,1.34E-08,1.60E-08,1.23E-08,1.09E-08,1.22E-08,1.94E-08,3.86E-08,5.42E-08,5.48E-08,7.80E-08,9.02E-08,1.65E-07,3.09E-07,4.98E-07,7.74E-07,1.83E-06,2.92E-06,4.47E-06,6.32E-06,6.71E-06,7.94E-06,8.93E-06,1.61E-05,6.96E-06,1.12E-05,3.96E-05,1.27E-05,1.42E-05,7.35E-05,0.000133263,4.59E-05,8.08E-05,0.000128332,0.002952934,0.004843963,0.006371187,0.014984394,0.019108813,0.010362262,0.007031976,0.005643426,0.00903146,0.019427206,0.039217904,0.066060066,0.072154954,0.085841566,0.130171031,0.155892313,0.141128689,0.096943825,0.065003321,0.047222592
Head 1,633,7.03E-08,5.56E-08,3.99E-08,8.90E-08,9.17E-08,1.13E-07,3.35E-08,3.04E-08,3.63E-08,4.66E-08,6.23E-08,7.62E-08,7.97E-08,1.53E-07,1.39E-07,1.80E-07,1.05E-07,2.97E-07,2.83E-07,1.93E-07,1.24E-07,2.74E-08,2.51E-08,5.47E-08,4.51E-08,2.96E-08,1.51E-08,7.76E-09,4.69E-09,3.61E-09,3.10E-09,2.65E-09,2.05E-09,1.65E-09,1.57E-09,1.82E-09,2.36E-09,2.87E-09,3.68E-09,4.12E-09,5.08E-09,9.02E-09,1.51E-08,2.19E-08,2.58E-08,4.14E-09,3.90E-09,4.80E-09,6.48E-09,7.89E-09,7.12E-09,4.72E-09,2.71E-09,1.81E-09,1.72E-09,1.82E-09,2.01E-09,1.84E-09,1.97E-09,2.42E-09,3.73E-09,4.98E-09,6.36E-09,6.48E-09,8.40E-09,9.34E-09,1.22E-08,1.17E-08,1.19E-08,1.15E-08,7.99E-09,6.05E-09,6.62E-09,7.07E-09,1.42E-08,2.11E-08,1.82E-08,1.41E-08,1.23E-08,1.59E-08,3.18E-08,5.18E-08,6.12E-08,8.74E-08,8.96E-08,1.43E-07,2.56E-07,4.34E-07,7.03E-07,1.58E-06,2.25E-06,3.24E-06,4.98E-06,6.52E-06,9.20E-06,1.04E-05,1.58E-05,4.61E-06,8.19E-06,3.46E-05,1.46E-05,1.63E-05,7.46E-05,0.000101859,3.43E-05,6.50E-05,0.00011589,0.002460441,0.004531701,0.005910529,0.012750249,0.014860383,0.007379932,0.005266186,0.004139886,0.006129363,0.012409155,0.025273306,0.04801596,0.061860614,0.079037778,0.11496377,0.127650991,0.116445653,0.120692596,0.098422214,0.085243948,0.046026718
Head 1,634,8.60E-08,5.37E-08,1.01E-07,8.11E-08,9.68E-08,3.84E-08,3.52E-08,3.44E-08,3.54E-08,4.32E-08,6.05E-08,8.12E-08,1.58E-07,1.35E-07,1.46E-07,7.04E-08,2.39E-07,3.01E-07,2.85E-07,2.13E-07,3.98E-08,2.73E-08,5.90E-08,5.35E-08,4.68E-08,3.01E-08,1.56E-08,7.65E-09,4.59E-09,3.50E-09,3.10E-09,2.58E-09,2.03E-09,1.65E-09,1.59E-09,1.91E-09,2.44E-09,3.38E-09,3.66E-09,3.83E-09,5.69E-09,9.26E-09,1.61E-08,2.47E-08,4.76E-09,4.23E-09,4.16E-09,4.81E-09,6.53E-09,8.20E-09,7.62E-09,4.94E-09,2.87E-09,2.10E-09,1.85E-09,2.03E-09,2.07E-09,2.29E-09,2.54E-09,3.19E-09,3.74E-09,4.98E-09,5.85E-09,8.45E-09,9.05E-09,1.08E-08,1.01E-08,1.19E-08,1.49E-08,1.23E-08,8.84E-09,7.39E-09,6.02E-09,1.10E-08,1.89E-08,2.11E-08,1.81E-08,1.40E-08,1.39E-08,2.25E-08,3.64E-08,5.04E-08,8.22E-08,8.57E-08,1.21E-07,1.90E-07,3.08E-07,5.23E-07,1.22E-06,1.68E-06,2.18E-06,3.16E-06,4.52E-06,7.86E-06,1.05E-05,1.62E-05,3.18E-06,4.99E-06,2.38E-05,1.24E-05,1.68E-05,7.79E-05,9.34E-05,2.48E-05,4.40E-05,8.43E-05,0.001502614,0.003454242,0.005232197,0.011255075,0.012200855,0.004934972,0.003448715,0.002854685,0.00416612,0.008005587,0.015333977,0.029810771,0.044117913,0.066398486,0.106845848,0.113500684,0.093208537,0.120075375,0.113339752,0.116344541,0.080829002,0.042702608
